Time_s,Speed_kmh,Speed_mph,RPM,TPS_pct,Gear,LeanAngle_deg,DTC_Fast_pct,DTC_Slow_pct,Distance_m,GPS_Lat,GPS_Lon,GPS_Alt_m,GPS_Alt_ft,Lap,Split1,Split2
0.00,0.0,0.0,0,0.0,0,0.0,0,0,0.0,,,,,0,0,0
0.10,0.0,0.0,0,0.0,0,0.0,0,0,0.0,,,,,0,0,0
0.20,0.0,0.0,0,0.0,0,0.0,0,0,0.0,,,,,0,0,0
0.30,0.0,0.0,0,0.0,0,0.0,0,0,0.0,,,,,0,0,0
0.40,0.0,0.0,0,0.0,0,0.0,0,0,0.0,,,,,0,0,0
0.50,0.0,0.0,0,0.0,0,0.0,0,0,0.0,,,,,0,0,0
0.60,0.0,0.0,0,0.0,0,0.0,0,0,0.0,,,,,0,0,0
0.70,0.0,0.0,0,0.0,0,0.0,0,0,0.0,,,,,0,0,0
0.80,0.0,0.0,0,0.0,0,0.0,0,0,0.0,,,,,0,0,0
0.90,0.0,0.0,0,0.0,0,0.0,0,0,0.0,,,,,0,0,0
1.00,0.0,0.0,0,0.0,0,0.0,0,0,0.0,,,,,0,0,0
1.10,0.0,0.0,0,0.0,0,0.0,0,0,0.0,,,,,0,0,0
1.20,0.0,0.0,0,0.0,0,0.0,0,0,0.0,,,,,0,0,0
1.30,0.0,0.0,0,0.0,0,0.0,0,0,0.0,,,,,0,0,0
1.40,0.0,0.0,0,0.0,0,0.0,0,0,0.0,,,,,0,0,0
1.50,0.0,0.0,0,0.0,0,0.0,0,0,0.0,,,,,0,0,0
1.60,0.0,0.0,0,0.0,0,0.0,0,0,0.0,,,,,0,0,0
1.70,0.0,0.0,0,0.0,0,0.0,0,0,0.0,,,,,0,0,0
1.80,0.0,0.0,0,0.0,0,0.0,0,0,0.0,,,,,0,0,0
1.90,0.0,0.0,0,0.0,0,0.0,0,0,0.0,,,,,0,0,0
2.00,0.0,0.0,0,0.0,0,0.0,0,0,0.0,,,,,0,0,0
2.10,0.0,0.0,0,0.0,0,0.0,0,0,0.0,,,,,0,0,0
2.20,0.0,0.0,0,0.0,0,0.0,0,0,0.0,,,,,0,0,0
2.30,0.0,0.0,0,0.0,0,0.0,0,0,0.0,,,,,0,0,0
2.40,0.0,0.0,0,0.0,0,0.0,0,0,0.0,,,,,0,0,0
2.50,0.0,0.0,0,0.0,0,0.0,0,0,0.0,,,,,0,0,0
2.60,0.0,0.0,0,0.0,0,0.0,0,0,0.0,,,,,0,0,0
2.70,0.0,0.0,0,0.0,0,0.0,0,0,0.0,,,,,0,0,0
2.80,0.0,0.0,0,0.0,0,0.0,0,0,0.0,,,,,0,0,0
2.90,0.0,0.0,0,0.0,0,0.0,0,0,0.0,,,,,0,0,0
3.00,0.0,0.0,0,0.0,0,0.0,0,0,0.0,,,,,0,0,0
3.10,0.0,0.0,0,0.0,0,0.0,0,0,0.0,,,,,0,0,0
3.20,0.0,0.0,0,0.0,0,0.0,0,0,0.0,,,,,0,0,0
3.30,0.0,0.0,0,0.0,0,0.0,0,0,0.0,,,,,0,0,0
3.40,0.0,0.0,0,0.0,0,0.0,0,0,0.0,,,,,0,0,0
3.50,0.0,0.0,0,0.0,0,0.0,0,0,0.0,,,,,0,0,0
3.60,0.0,0.0,194,0.0,0,0.0,0,0,0.0,,,,,0,0,0
3.70,0.0,0.0,214,0.0,0,0.0,0,0,0.0,,,,,0,0,0
3.80,0.0,0.0,323,0.0,0,0.0,0,0,0.0,,,,,0,0,0
3.90,0.0,0.0,971,0.0,0,0.0,0,0,0.0,,,,,0,0,0
4.00,0.0,0.0,1199,0.0,0,0.0,0,0,0.0,,,,,0,0,0
4.10,0.0,0.0,1416,0.0,0,0.0,0,0,0.0,,,,,0,0,0
4.20,0.0,0.0,2130,0.0,0,0.0,0,0,0.0,,,,,0,0,0
4.30,0.0,0.0,2540,0.0,0,0.0,0,0,0.0,,,,,0,0,0
4.40,0.0,0.0,2660,0.0,0,0.0,0,0,0.0,,,,,0,0,0
4.50,0.0,0.0,2594,0.0,0,0.0,0,0,0.0,,,,,0,0,0
4.60,0.0,0.0,2653,0.0,0,0.0,0,0,0.0,,,,,0,0,0
4.70,0.0,0.0,2617,0.0,0,0.0,0,0,0.0,,,,,0,0,0
4.80,0.0,0.0,2471,0.0,0,0.0,0,0,0.0,,,,,0,0,0
4.90,0.0,0.0,2353,0.0,0,0.0,0,0,0.0,,,,,0,0,0
5.00,0.0,0.0,2235,0.0,0,0.0,0,0,0.0,,,,,0,0,0
5.10,0.0,0.0,2135,0.0,0,0.0,0,0,0.0,,,,,0,0,0
5.20,0.0,0.0,2023,0.0,0,0.0,0,0,0.0,,,,,0,0,0
5.30,0.0,0.0,1882,0.0,0,0.0,0,0,0.0,,,,,0,0,0
5.40,0.0,0.0,1775,0.0,0,0.0,0,0,0.0,,,,,0,0,0
5.50,0.0,0.0,1734,0.0,0,0.0,0,0,0.0,,,,,0,0,0
5.60,0.0,0.0,1719,0.0,0,0.0,0,0,0.0,,,,,0,0,0
5.70,0.0,0.0,1688,0.0,0,0.0,0,0,0.0,,,,,0,0,0
5.80,0.0,0.0,1715,0.0,0,0.0,0,0,0.0,,,,,0,0,0
5.90,0.0,0.0,1666,0.0,0,0.0,0,0,0.0,,,,,0,0,0
6.00,0.0,0.0,1696,0.0,0,0.0,0,0,0.0,,,,,0,0,0
6.10,0.0,0.0,1657,0.0,0,0.0,0,0,0.0,,,,,0,0,0
6.20,0.0,0.0,1661,0.0,0,0.0,0,0,0.0,,,,,0,0,0
6.30,0.0,0.0,1666,0.0,0,0.0,0,0,0.0,,,,,0,0,0
6.40,0.0,0.0,1645,0.0,0,0.0,0,0,0.0,,,,,0,0,0
6.50,0.0,0.0,1648,0.0,0,0.0,0,0,0.0,,,,,0,0,0
6.60,0.0,0.0,1637,0.0,0,0.0,0,0,0.0,,,,,0,0,0
6.70,0.0,0.0,1608,0.0,0,0.0,0,0,0.0,,,,,0,0,0
6.80,0.0,0.0,1635,0.0,0,0.0,0,0,0.0,,,,,0,0,0
6.90,0.0,0.0,1645,0.0,0,0.0,0,0,0.0,,,,,0,0,0
7.00,0.0,0.0,1630,0.0,0,0.0,0,0,0.0,,,,,0,0,0
7.10,0.0,0.0,1629,0.0,0,0.0,0,0,0.0,,,,,0,0,0
7.20,0.0,0.0,1566,0.0,0,0.0,0,0,0.0,,,,,0,0,0
7.30,0.0,0.0,1629,0.0,0,0.0,0,0,0.0,,,,,0,0,0
7.40,0.0,0.0,1592,0.0,0,0.0,0,0,0.0,,,,,0,0,0
7.50,0.0,0.0,1588,0.0,0,0.0,0,0,0.0,,,,,0,0,0
7.60,0.0,0.0,1630,0.0,0,0.0,0,0,0.0,,,,,0,0,0
7.70,0.0,0.0,1544,0.0,0,0.0,0,0,0.0,,,,,0,0,0
7.80,0.0,0.0,1521,0.0,0,0.0,0,0,0.0,,,,,0,0,0
7.90,0.0,0.0,1516,0.0,0,0.0,0,0,0.0,,,,,0,0,0
8.00,0.0,0.0,1548,0.0,0,0.0,0,0,0.0,,,,,0,0,0
8.10,0.0,0.0,1557,0.0,0,0.0,0,0,0.0,,,,,0,0,0
8.20,0.0,0.0,1583,0.0,0,0.0,0,0,0.0,,,,,0,0,0
8.30,0.0,0.0,1523,0.0,0,0.0,0,0,0.0,,,,,0,0,0
8.40,0.0,0.0,1488,0.0,0,0.0,0,0,0.0,,,,,0,0,0
8.50,0.0,0.0,1521,0.0,0,0.0,0,0,0.0,,,,,0,0,0
8.60,0.0,0.0,1521,0.0,0,0.0,0,0,0.0,,,,,0,0,0
8.70,0.0,0.0,1513,0.0,0,0.0,0,0,0.0,,,,,0,0,0
8.80,0.0,0.0,1500,0.0,0,0.0,0,0,0.0,,,,,0,0,0
8.90,0.0,0.0,1509,0.0,0,0.0,0,0,0.0,,,,,0,0,0
9.00,0.0,0.0,1540,0.0,0,0.0,0,0,0.0,,,,,0,0,0
9.10,0.0,0.0,1522,0.0,0,0.0,0,0,0.0,,,,,0,0,0
9.20,0.0,0.0,1523,0.0,0,0.0,0,0,0.0,,,,,0,0,0
9.30,0.0,0.0,1552,0.0,0,0.0,0,0,0.0,,,,,0,0,0
9.40,0.0,0.0,1435,0.0,0,0.0,0,0,0.0,,,,,0,0,0
9.50,0.0,0.0,1461,0.0,0,0.0,0,0,0.0,,,,,0,0,0
9.60,0.0,0.0,1410,0.0,0,0.0,0,0,0.0,,,,,0,0,0
9.70,0.0,0.0,1498,0.0,0,0.0,0,0,0.0,,,,,0,0,0
9.80,0.0,0.0,1485,0.0,0,0.0,0,0,0.0,,,,,0,0,0
9.90,0.0,0.0,1516,0.0,0,0.0,0,0,0.0,,,,,0,0,0
10.00,0.0,0.0,1553,0.0,0,0.0,0,0,0.0,,,,,0,0,0
10.10,0.0,0.0,1477,0.0,0,0.0,0,0,0.0,,,,,0,0,0
10.20,0.0,0.0,1517,0.0,0,0.0,0,0,0.0,,,,,0,0,0
10.30,0.0,0.0,1493,0.0,0,0.0,0,0,0.0,,,,,0,0,0
10.40,0.0,0.0,1502,0.0,0,0.0,0,0,0.0,,,,,0,0,0
10.50,0.0,0.0,1523,0.0,0,0.0,0,0,0.0,,,,,0,0,0
10.60,0.0,0.0,1521,0.0,0,0.0,0,0,0.0,,,,,0,0,0
10.70,0.0,0.0,1487,0.0,0,0.0,0,0,0.0,,,,,0,0,0
10.80,0.0,0.0,1473,0.0,0,0.0,0,0,0.0,,,,,0,0,0
10.90,0.0,0.0,1554,0.0,0,0.0,0,0,0.0,,,,,0,0,0
11.00,0.0,0.0,1510,0.0,0,0.0,0,0,0.0,,,,,0,0,0
11.10,0.0,0.0,1531,0.0,0,0.0,0,0,0.0,,,,,0,0,0
11.20,0.0,0.0,1592,0.0,0,0.0,0,0,0.0,,,,,0,0,0
11.30,0.0,0.0,1446,0.0,0,0.0,0,0,0.0,,,,,0,0,0
11.40,0.0,0.0,1463,0.0,0,0.0,0,0,0.0,,,,,0,0,0
11.50,0.0,0.0,1595,0.0,0,0.0,0,0,0.0,,,,,0,0,0
11.60,0.0,0.0,1522,0.0,0,0.0,0,0,0.0,,,,,0,0,0
11.70,0.0,0.0,1604,0.0,0,0.0,0,0,0.0,,,,,0,0,0
11.80,0.0,0.0,1551,0.0,0,0.0,0,0,0.0,,,,,0,0,0
11.90,0.0,0.0,1478,0.0,0,0.0,0,0,0.0,,,,,0,0,0
12.00,0.0,0.0,1533,0.0,0,0.0,0,0,0.0,,,,,0,0,0
12.10,0.0,0.0,1604,0.0,0,0.0,0,0,0.0,,,,,0,0,0
12.20,0.0,0.0,1494,0.0,0,0.0,0,0,0.0,,,,,0,0,0
12.30,0.0,0.0,1575,0.0,0,0.0,0,0,0.0,,,,,0,0,0
12.40,0.0,0.0,1539,0.0,0,0.0,0,0,0.0,,,,,0,0,0
12.50,0.0,0.0,1480,0.0,0,0.0,0,0,0.0,,,,,0,0,0
12.60,0.0,0.0,1541,0.0,0,0.0,0,0,0.0,,,,,0,0,0
12.70,0.0,0.0,1537,0.0,0,0.0,0,0,0.0,,,,,0,0,0
12.80,0.0,0.0,1571,0.0,0,0.0,0,0,0.0,,,,,0,0,0
12.90,0.0,0.0,1550,0.0,0,0.0,0,0,0.0,,,,,0,0,0
13.00,0.0,0.0,1513,0.0,0,0.0,0,0,0.0,,,,,0,0,0
13.10,0.0,0.0,1465,0.0,0,0.0,0,0,0.0,,,,,0,0,0
13.20,0.0,0.0,1567,0.0,0,0.0,0,0,0.0,,,,,0,0,0
13.30,0.0,0.0,1521,0.0,0,0.0,0,0,0.0,,,,,0,0,0
13.40,0.0,0.0,1556,0.0,0,0.0,0,0,0.0,,,,,0,0,0
13.50,0.0,0.0,1587,0.0,0,0.0,0,0,0.0,,,,,0,0,0
13.60,0.0,0.0,1590,0.0,0,0.0,0,0,0.0,,,,,0,0,0
13.70,0.0,0.0,1549,0.0,0,0.0,0,0,0.0,,,,,0,0,0
13.80,0.0,0.0,1524,0.0,0,0.0,0,0,0.0,,,,,0,0,0
13.90,0.0,0.0,1599,0.0,0,0.0,0,0,0.0,,,,,0,0,0
14.00,0.0,0.0,1539,0.0,0,0.0,0,0,0.0,,,,,0,0,0
14.10,0.0,0.0,1540,0.0,0,0.0,0,0,0.0,,,,,0,0,0
14.20,0.0,0.0,1555,0.0,0,0.0,0,0,0.0,,,,,0,0,0
14.30,0.0,0.0,1528,0.0,0,0.0,0,0,0.0,,,,,0,0,0
14.40,0.0,0.0,1550,0.0,0,0.0,0,0,0.0,,,,,0,0,0
14.50,0.0,0.0,1551,0.0,0,0.0,0,0,0.0,,,,,0,0,0
14.60,0.0,0.0,1555,0.0,0,0.0,0,0,0.0,,,,,0,0,0
14.70,0.0,0.0,1508,0.0,0,0.0,0,0,0.0,,,,,0,0,0
14.80,0.0,0.0,1529,0.0,0,0.0,0,0,0.0,,,,,0,0,0
14.90,0.0,0.0,1599,0.0,0,0.0,0,0,0.0,,,,,0,0,0
15.00,0.0,0.0,1553,0.0,0,0.0,0,0,0.0,,,,,0,0,0
15.10,0.0,0.0,1533,0.0,0,0.0,0,0,0.0,,,,,0,0,0
15.20,0.0,0.0,1520,0.0,0,0.0,0,0,0.0,,,,,0,0,0
15.30,0.0,0.0,1573,0.0,0,0.0,0,0,0.0,,,,,0,0,0
15.40,0.0,0.0,1596,0.0,0,0.0,0,0,0.0,,,,,0,0,0
15.50,0.0,0.0,1619,0.0,0,0.0,0,0,0.0,,,,,0,0,0
15.60,0.0,0.0,1564,0.0,0,0.0,0,0,0.0,,,,,0,0,0
15.70,0.0,0.0,1525,0.0,0,0.0,0,0,0.0,,,,,0,0,0
15.80,0.0,0.0,1553,0.0,0,0.0,0,0,0.0,,,,,0,0,0
15.90,0.0,0.0,1569,0.0,0,0.0,0,0,0.0,,,,,0,0,0
16.00,0.0,0.0,1551,0.0,0,0.0,0,0,0.0,,,,,0,0,0
16.10,0.0,0.0,1564,0.0,0,0.0,0,0,0.0,,,,,0,0,0
16.20,0.0,0.0,1562,0.0,0,0.0,0,0,0.0,,,,,0,0,0
16.30,0.0,0.0,1553,0.0,0,0.0,0,0,0.0,,,,,0,0,0
16.40,0.0,0.0,1600,0.0,0,0.0,0,0,0.0,,,,,0,0,0
16.50,0.0,0.0,1549,0.0,0,0.0,0,0,0.0,,,,,0,0,0
16.60,0.0,0.0,1614,0.0,0,0.0,0,0,0.0,,,,,0,0,0
16.70,0.0,0.0,1547,0.0,0,0.0,0,0,0.0,,,,,0,0,0
16.80,0.0,0.0,1588,0.0,0,0.0,0,0,0.0,,,,,0,0,0
16.90,0.0,0.0,1538,0.0,0,0.0,0,0,0.0,,,,,0,0,0
17.00,0.0,0.0,1564,0.0,0,0.0,0,0,0.0,,,,,0,0,0
17.10,0.0,0.0,1610,0.0,0,0.0,0,0,0.0,,,,,0,0,0
17.20,0.0,0.0,1478,0.0,0,0.0,0,0,0.0,,,,,0,0,0
17.30,0.0,0.0,1552,0.0,0,0.0,0,0,0.0,,,,,0,0,0
17.40,0.0,0.0,1659,0.0,0,0.0,0,0,0.0,,,,,0,0,0
17.50,0.0,0.0,1517,0.0,0,0.0,0,0,0.0,,,,,0,0,0
17.60,0.0,0.0,1486,0.0,0,0.0,0,0,0.0,,,,,0,0,0
17.70,0.0,0.0,1633,0.0,0,0.0,0,0,0.0,,,,,0,0,0
17.80,0.0,0.0,1594,0.0,0,0.0,0,0,0.0,,,,,0,0,0
17.90,0.0,0.0,1590,0.0,0,0.0,0,0,0.0,,,,,0,0,0
18.00,0.0,0.0,1570,0.0,0,0.0,0,0,0.0,,,,,0,0,0
18.10,0.0,0.0,1567,0.0,0,0.0,0,0,0.0,,,,,0,0,0
18.20,0.0,0.0,1573,0.0,0,0.0,0,0,0.0,,,,,0,0,0
18.30,0.0,0.0,1533,0.0,0,0.0,0,0,0.0,,,,,0,0,0
18.40,0.0,0.0,1605,0.0,0,0.0,0,0,0.0,,,,,0,0,0
18.50,0.0,0.0,1578,0.0,0,0.0,0,0,0.0,,,,,0,0,0
18.60,0.0,0.0,1544,0.0,0,0.0,0,0,0.0,,,,,0,0,0
18.70,0.0,0.0,1525,0.0,0,0.0,0,0,0.0,,,,,0,0,0
18.80,0.0,0.0,1562,0.0,0,0.0,0,0,0.0,,,,,0,0,0
18.90,0.0,0.0,1586,0.0,0,0.0,0,0,0.0,,,,,0,0,0
19.00,0.0,0.0,1579,0.0,0,0.0,0,0,0.0,,,,,0,0,0
19.10,0.0,0.0,1579,0.0,0,0.0,0,0,0.0,,,,,0,0,0
19.20,0.0,0.0,1633,0.0,0,0.0,0,0,0.0,,,,,0,0,0
19.30,0.0,0.0,1594,0.0,0,0.0,0,0,0.0,,,,,0,0,0
19.40,0.0,0.0,1555,0.0,0,0.0,0,0,0.0,,,,,0,0,0
19.50,0.0,0.0,1618,0.0,0,0.0,0,0,0.0,,,,,0,0,0
19.60,0.0,0.0,1594,0.0,0,0.0,0,0,0.0,,,,,0,0,0
19.70,0.0,0.0,1617,0.0,0,0.0,0,0,0.0,,,,,0,0,0
19.80,0.0,0.0,1503,0.0,0,0.0,0,0,0.0,,,,,0,0,0
19.90,0.0,0.0,1516,0.0,0,0.0,0,0,0.0,,,,,0,0,0
20.00,0.0,0.0,1569,0.0,0,0.0,0,0,0.0,,,,,0,0,0
20.10,0.0,0.0,1539,0.0,0,0.0,0,0,0.0,,,,,0,0,0
20.20,0.0,0.0,1564,0.0,0,0.0,0,0,0.0,,,,,0,0,0
20.30,0.0,0.0,1502,0.0,0,0.0,0,0,0.0,,,,,0,0,0
20.40,0.0,0.0,1570,0.0,0,0.0,0,0,0.0,,,,,0,0,0
20.50,0.0,0.0,1598,0.0,0,0.0,0,0,0.0,,,,,0,0,0
20.60,0.0,0.0,1542,0.0,0,0.0,0,0,0.0,,,,,0,0,0
20.70,0.0,0.0,1492,0.0,0,0.0,0,0,0.0,,,,,0,0,0
20.80,0.0,0.0,1649,0.0,0,0.0,0,0,0.0,,,,,0,0,0
20.90,0.0,0.0,1597,0.0,0,0.0,0,0,0.0,,,,,0,0,0
21.00,0.0,0.0,1552,0.0,0,0.0,0,0,0.0,,,,,0,0,0
21.10,0.0,0.0,1493,0.0,0,0.0,0,0,0.0,,,,,0,0,0
21.20,0.0,0.0,1562,0.0,0,0.0,0,0,0.0,,,,,0,0,0
21.30,0.0,0.0,1568,0.0,0,0.0,0,0,0.0,,,,,0,0,0
21.40,0.0,0.0,1619,0.0,0,0.0,0,0,0.0,,,,,0,0,0
21.50,0.0,0.0,1584,0.0,0,0.0,0,0,0.0,,,,,0,0,0
21.60,0.0,0.0,1503,0.0,0,0.0,0,0,0.0,,,,,0,0,0
21.70,0.0,0.0,1507,0.0,0,0.0,0,0,0.0,,,,,0,0,0
21.80,0.0,0.0,1569,0.0,0,0.0,0,0,0.0,,,,,0,0,0
21.90,0.0,0.0,1568,0.0,0,0.0,0,0,0.0,,,,,0,0,0
22.00,0.0,0.0,1578,0.0,0,0.0,0,0,0.0,,,,,0,0,0
22.10,0.0,0.0,1551,0.0,0,0.0,0,0,0.0,,,,,0,0,0
22.20,0.0,0.0,1561,0.0,0,0.0,0,0,0.0,,,,,0,0,0
22.30,0.0,0.0,1539,0.0,0,0.0,0,0,0.0,,,,,0,0,0
22.40,0.0,0.0,1514,0.0,0,0.0,0,0,0.0,,,,,0,0,0
22.50,0.0,0.0,1490,0.0,0,0.0,0,0,0.0,,,,,0,0,0
22.60,0.0,0.0,1511,0.0,0,0.0,0,0,0.0,,,,,0,0,0
22.70,0.0,0.0,1647,0.0,0,0.0,0,0,0.0,,,,,0,0,0
22.80,0.0,0.0,1562,0.0,0,0.0,0,0,0.0,,,,,0,0,0
22.90,0.0,0.0,1571,0.0,0,0.0,0,0,0.0,,,,,0,0,0
23.00,0.0,0.0,1524,0.0,0,0.0,0,0,0.0,,,,,0,0,0
23.10,0.0,0.0,1519,0.0,0,0.0,0,0,0.0,,,,,0,0,0
23.20,0.0,0.0,1509,0.0,0,0.0,0,0,0.0,,,,,0,0,0
23.30,0.0,0.0,1522,0.0,0,0.0,0,0,0.0,,,,,0,0,0
23.40,0.0,0.0,1599,0.0,0,0.0,0,0,0.0,,,,,0,0,0
23.50,0.0,0.0,1585,0.0,0,0.0,0,0,0.0,,,,,0,0,0
23.60,0.0,0.0,1559,0.0,0,0.0,0,0,0.0,,,,,0,0,0
23.70,0.0,0.0,1545,0.0,0,0.0,0,0,0.0,,,,,0,0,0
23.80,0.0,0.0,1459,0.0,0,0.0,0,0,0.0,,,,,0,0,0
23.90,0.0,0.0,1515,0.0,0,0.0,0,0,0.0,,,,,0,0,0
24.00,0.0,0.0,1546,0.0,0,0.0,0,0,0.0,,,,,0,0,0
24.10,0.0,0.0,1541,0.0,0,0.0,0,0,0.0,,,,,0,0,0
24.20,0.0,0.0,1633,0.0,0,0.0,0,0,0.0,,,,,0,0,0
24.30,0.0,0.0,1556,0.0,0,0.0,0,0,0.0,,,,,0,0,0
24.40,0.0,0.0,1527,0.0,0,0.0,0,0,0.0,,,,,0,0,0
24.50,0.0,0.0,1513,0.0,0,0.0,0,0,0.0,,,,,0,0,0
24.60,0.0,0.0,1536,0.0,0,0.0,0,0,0.0,,,,,0,0,0
24.70,0.0,0.0,1551,0.0,0,0.0,0,0,0.0,,,,,0,0,0
24.80,0.0,0.0,1576,0.0,0,0.0,0,0,0.0,,,,,0,0,0
24.90,0.0,0.0,1479,0.0,0,0.0,0,0,0.0,,,,,0,0,0
25.00,0.0,0.0,1463,0.0,0,0.0,0,0,0.0,,,,,0,0,0
25.10,0.0,0.0,1446,0.0,0,0.0,0,0,0.0,,,,,0,0,0
25.20,0.0,0.0,1493,0.0,0,0.0,0,0,0.0,,,,,0,0,0
25.30,0.0,0.0,1521,0.0,0,0.0,0,0,0.0,,,,,0,0,0
25.40,0.0,0.0,1549,0.0,0,0.0,0,0,0.0,,,,,0,0,0
25.50,0.0,0.0,1568,0.0,0,0.0,0,0,0.0,,,,,0,0,0
25.60,0.0,0.0,1479,0.0,0,0.0,0,0,0.0,,,,,0,0,0
25.70,0.0,0.0,1438,0.0,0,0.0,0,0,0.0,,,,,0,0,0
25.80,0.0,0.0,1479,0.0,0,0.0,0,0,0.0,,,,,0,0,0
25.90,0.0,0.0,1490,0.0,0,0.0,0,0,0.0,,,,,0,0,0
26.00,0.0,0.0,1535,1.5,0,0.0,0,0,0.0,,,,,0,0,0
26.10,0.0,0.0,1546,6.0,0,0.0,0,0,0.0,,,,,0,0,0
26.20,0.0,0.0,1603,6.0,0,0.0,0,0,0.0,,,,,0,0,0
26.30,0.0,0.0,1651,6.0,0,0.0,0,0,0.0,,,,,0,0,0
26.40,0.0,0.0,1574,6.5,0,0.0,0,0,0.0,,,,,0,0,0
26.50,0.0,0.0,1564,9.0,0,0.0,0,0,0.0,,,,,0,0,0
26.60,0.0,0.0,1707,18.0,0,0.0,0,0,0.0,,,,,0,0,0
26.70,0.0,0.0,2361,31.5,0,0.0,0,0,0.0,,,,,0,0,0
26.80,0.0,0.0,3212,34.0,0,0.0,0,0,0.0,,,,,0,0,0
26.90,0.0,0.0,3719,33.0,0,0.0,0,0,0.0,,,,,0,0,0
27.00,0.0,0.0,3798,33.5,0,0.0,0,0,0.0,,,,,0,0,0
27.10,0.0,0.0,3658,34.0,0,0.0,0,0,0.0,,,,,0,0,0
27.20,0.0,0.0,3493,31.0,0,0.0,0,0,0.0,,,,,0,0,0
27.30,0.0,0.0,3194,32.5,0,0.0,0,0,0.0,,,,,0,0,0
27.40,0.0,0.0,3103,37.5,0,0.0,0,0,0.0,,,,,0,0,0
27.50,112.8,70.1,7145,64.0,3,-22.8,0,0,0.0,38.1619835,-122.4559956,0.0,0.0,0,0,0
27.60,113.3,70.4,7133,62.0,3,-21.9,0,0,1.2,38.1619848,-122.4560098,0.0,0.0,0,0,0
27.70,113.8,70.7,7202,59.0,3,-20.9,0,0,2.4,38.1619837,-122.4560229,0.0,0.0,0,0,0
27.80,114.2,71.0,7176,57.5,3,-19.6,0,0,3.0,38.1619787,-122.4560266,11.6,38.1,0,0,0
27.90,114.4,71.1,7162,56.0,3,-18.4,0,0,3.9,38.1619713,-122.4560226,11.6,38.1,0,0,0
28.00,114.0,70.8,7188,53.5,3,-16.9,0,0,4.7,38.1619642,-122.4560224,11.6,38.1,0,0,0
28.10,114.1,70.9,7182,52.5,3,-15.2,0,0,6.1,38.1619604,-122.4560375,11.6,38.1,0,0,0
28.20,114.3,71.0,7149,49.5,3,-13.1,0,0,9.4,38.1619629,-122.4560753,11.6,38.1,0,0,0
28.30,114.2,71.0,7174,45.0,3,-11.4,0,0,14.8,38.1619719,-122.4561359,11.6,38.1,0,0,0
28.40,114.3,71.0,7141,45.0,3,-9.7,0,0,21.2,38.1619838,-122.4562070,11.6,38.1,0,0,0
28.50,113.9,70.8,7172,44.5,3,-8.1,0,0,26.6,38.1619931,-122.4562685,11.6,38.1,0,0,0
28.60,114.1,70.9,7135,39.5,3,-7.0,0,0,30.3,38.1619969,-122.4563100,11.6,38.1,0,0,0
28.70,113.5,70.5,7126,37.0,3,-6.3,0,0,32.6,38.1619961,-122.4563358,11.6,38.1,0,0,0
28.80,113.0,70.2,7062,32.0,3,-5.3,0,0,34.5,38.1619940,-122.4563578,11.8,38.7,0,0,0
28.90,112.9,70.1,7084,29.0,3,-4.6,0,0,36.7,38.1619926,-122.4563827,11.8,38.7,0,0,0
29.00,112.7,70.0,7023,25.0,3,-4.0,0,0,38.9,38.1619913,-122.4564085,11.8,38.7,0,0,0
29.10,112.2,69.7,6944,19.5,3,-4.3,0,0,41.0,38.1619893,-122.4564322,11.8,38.7,0,0,0
29.20,110.7,68.8,6889,9.0,3,-6.3,0,0,42.9,38.1619862,-122.4564532,11.8,38.7,0,0,0
29.30,110.3,68.5,6798,14.5,3,-8.9,0,0,45.0,38.1619836,-122.4564767,11.8,38.7,0,0,0
29.40,110.0,68.3,6977,24.5,3,-10.2,0,0,47.5,38.1619827,-122.4565059,11.8,38.7,0,0,0
29.50,108.8,67.6,6748,24.5,3,-10.7,0,0,50.2,38.1619821,-122.4565365,11.8,38.7,0,0,0
29.60,108.7,67.5,6835,24.0,3,-11.9,0,0,53.1,38.1619817,-122.4565692,11.8,38.7,0,0,0
29.70,108.9,67.6,6800,24.5,3,-12.4,0,0,56.0,38.1619816,-122.4566030,11.8,38.7,0,0,0
29.80,108.2,67.2,6768,25.5,3,-12.7,0,0,58.6,38.1619800,-122.4566320,13.6,44.6,0,0,0
29.90,107.4,66.7,6739,26.5,3,-14.1,0,0,60.9,38.1619778,-122.4566588,13.6,44.6,0,0,0
30.00,107.3,66.7,6760,26.0,3,-15.9,0,0,63.5,38.1619763,-122.4566883,13.6,44.6,0,0,0
30.10,107.0,66.5,6720,25.5,3,-17.8,0,0,66.3,38.1619752,-122.4567204,13.6,44.6,0,0,0
30.20,106.8,66.3,6742,24.0,3,-20.3,0,0,69.2,38.1619738,-122.4567536,13.6,44.6,0,0,0
30.30,107.0,66.5,6696,23.5,3,-21.9,0,0,72.1,38.1619725,-122.4567871,13.6,44.6,0,0,0
30.40,106.3,66.1,6692,26.5,3,-22.7,0,0,74.9,38.1619708,-122.4568190,13.6,44.6,0,0,0
30.50,106.4,66.1,6677,28.5,3,-23.6,0,0,77.5,38.1619685,-122.4568486,13.6,44.6,0,0,0
30.60,106.1,65.9,6649,33.0,3,-24.8,0,0,80.0,38.1619652,-122.4568764,13.6,44.6,0,0,0
30.70,106.0,65.9,6679,43.5,3,-25.3,0,0,82.4,38.1619609,-122.4569030,13.6,44.6,0,0,0
30.80,106.1,65.9,6688,46.5,3,-25.5,0,0,84.8,38.1619563,-122.4569301,15.5,50.9,0,0,0
30.90,106.4,66.1,6701,45.0,3,-25.7,0,0,87.3,38.1619518,-122.4569586,15.5,50.9,0,0,0
31.00,106.7,66.3,6649,48.0,3,-25.8,0,0,89.9,38.1619474,-122.4569879,15.5,50.9,0,0,0
31.10,105.7,65.7,6688,51.0,3,-25.5,0,0,92.6,38.1619433,-122.4570178,15.5,50.9,0,0,0
31.20,106.8,66.3,6718,51.0,3,-25.0,0,0,95.3,38.1619395,-122.4570479,15.5,50.9,0,0,0
31.30,106.8,66.4,6725,50.0,3,-24.9,0,0,98.0,38.1619355,-122.4570788,15.5,50.9,0,0,0
31.40,107.2,66.6,6758,50.0,3,-25.5,0,0,100.9,38.1619315,-122.4571114,15.5,50.9,0,0,0
31.50,107.4,66.7,6783,51.0,3,-26.4,0,0,103.9,38.1619275,-122.4571454,15.5,50.9,0,0,0
31.60,107.7,66.9,6836,52.5,3,-27.1,0,0,107.1,38.1619237,-122.4571814,15.5,50.9,0,0,0
31.70,108.8,67.6,6815,47.0,3,-27.8,0,0,110.3,38.1619195,-122.4572176,15.5,50.9,0,0,0
31.80,107.8,67.0,6748,42.5,3,-28.2,0,0,113.3,38.1619142,-122.4572522,18.1,59.4,0,0,0
31.90,107.6,66.9,6691,37.0,3,-28.8,0,0,116.3,38.1619075,-122.4572847,18.1,59.4,0,0,0
32.00,106.6,66.3,6695,39.5,3,-29.1,0,0,119.2,38.1618996,-122.4573159,18.1,59.4,0,0,0
32.10,106.4,66.1,6683,40.0,3,-29.1,0,0,122.0,38.1618909,-122.4573465,18.1,59.4,0,0,0
32.20,106.2,66.0,6632,38.5,3,-29.2,0,0,124.8,38.1618817,-122.4573764,18.1,59.4,0,0,0
32.30,105.4,65.5,6607,35.5,3,-29.5,0,0,127.6,38.1618721,-122.4574057,18.1,59.4,0,0,0
32.40,105.1,65.3,6564,33.5,3,-29.7,0,0,130.3,38.1618620,-122.4574347,18.1,59.4,0,0,0
32.50,104.5,65.0,6528,38.5,3,-29.4,0,0,133.1,38.1618513,-122.4574628,18.1,59.4,0,0,0
32.60,103.8,64.5,6505,41.0,3,-29.2,0,0,135.7,38.1618413,-122.4574893,18.1,59.4,0,0,0
32.70,103.6,64.4,6484,39.0,3,-29.4,0,0,137.6,38.1618343,-122.4575100,18.1,59.4,0,0,0
32.80,103.2,64.1,6482,41.5,3,-29.8,0,0,138.5,38.1618315,-122.4575193,18.1,59.4,0,0,0
32.90,102.8,63.9,6427,40.5,3,-29.9,0,0,138.6,38.1618310,-122.4575210,18.1,59.4,0,0,0
33.00,102.4,63.6,6396,40.5,3,-29.7,0,0,138.6,38.1618310,-122.4575210,18.1,59.4,0,0,0
33.10,101.6,63.1,6371,44.5,3,-29.1,0,0,138.6,38.1618310,-122.4575210,18.1,59.4,0,0,0
33.20,101.3,63.0,6378,46.5,3,-28.7,0,0,138.6,38.1618310,-122.4575210,18.1,59.4,0,0,0
33.30,101.5,63.1,6391,46.5,3,-28.5,0,0,138.6,38.1618310,-122.4575210,18.1,59.4,0,0,0
33.40,101.4,63.0,6413,50.5,3,-28.7,0,0,140.0,38.1618255,-122.4575352,18.1,59.4,0,0,0
33.50,101.5,63.1,6371,52.5,3,-28.8,0,0,146.4,38.1617999,-122.4576002,18.1,59.4,0,0,0
33.60,101.4,63.0,6390,52.0,3,-28.9,0,0,157.5,38.1617541,-122.4577134,18.1,59.4,0,0,0
33.70,101.7,63.2,6421,49.0,3,-28.9,0,0,165.9,38.1617181,-122.4577973,18.1,59.4,0,0,0
33.80,101.9,63.3,6374,48.0,3,-28.8,0,0,170.1,38.1616984,-122.4578386,24.1,79.1,0,0,0
33.90,101.8,63.2,6304,47.5,3,-28.4,0,0,173.0,38.1616838,-122.4578661,24.1,79.1,0,0,0
34.00,100.5,62.4,6327,44.0,3,-28.0,0,0,175.8,38.1616695,-122.4578928,24.1,79.1,0,0,0
34.10,100.6,62.5,6267,39.5,3,-27.5,0,0,178.5,38.1616542,-122.4579159,24.1,79.1,0,0,0
34.20,99.8,62.0,6243,39.5,3,-27.2,0,0,180.9,38.1616373,-122.4579329,24.1,79.1,0,0,0
34.30,99.4,61.7,6231,39.0,3,-27.0,0,0,183.2,38.1616204,-122.4579490,24.1,79.1,0,0,0
34.40,98.9,61.5,6191,35.0,3,-26.6,0,0,185.7,38.1616045,-122.4579687,24.1,79.1,0,0,0
34.50,98.4,61.1,6162,34.0,3,-26.1,0,0,188.3,38.1615887,-122.4579904,24.1,79.1,0,0,0
34.60,98.0,60.9,6098,34.5,3,-25.3,0,0,190.9,38.1615728,-122.4580131,24.1,79.1,0,0,0
34.70,97.0,60.3,6053,34.5,3,-24.0,0,0,193.6,38.1615567,-122.4580359,24.1,79.1,0,0,0
34.80,96.3,59.9,5981,34.0,3,-22.5,0,0,196.1,38.1615395,-122.4580551,28.7,94.2,0,0,0
34.90,95.4,59.2,5936,34.0,3,-20.8,0,0,198.6,38.1615218,-122.4580714,28.7,94.2,0,0,0
35.00,94.8,58.9,5903,30.5,3,-19.4,0,0,201.1,38.1615048,-122.4580903,28.7,94.2,0,0,0
35.10,93.6,58.2,5819,30.0,3,-17.5,0,0,203.8,38.1614887,-122.4581129,28.7,94.2,0,0,0
35.20,92.7,57.6,5730,20.0,3,-14.7,0,0,206.5,38.1614726,-122.4581361,28.7,94.2,0,0,0
35.30,91.1,56.6,5641,17.5,3,-11.5,0,0,209.1,38.1614562,-122.4581577,28.7,94.2,0,0,0
35.40,90.2,56.0,5630,18.5,3,-8.6,0,0,211.6,38.1614396,-122.4581776,28.7,94.2,0,0,0
35.50,89.6,55.7,5585,18.0,3,-6.7,0,0,214.0,38.1614226,-122.4581951,28.7,94.2,0,0,0
35.60,88.9,55.2,5564,17.0,3,-4.7,0,0,216.4,38.1614054,-122.4582113,28.7,94.2,0,0,0
35.70,88.1,54.8,5452,14.0,3,-1.5,0,0,218.9,38.1613887,-122.4582291,28.7,94.2,0,0,0
35.80,86.9,54.0,5464,14.0,3,3.2,0,0,221.4,38.1613728,-122.4582492,32.8,107.6,0,0,0
35.90,86.4,53.7,5436,15.0,3,8.9,0,0,223.8,38.1613569,-122.4582690,32.8,107.6,0,0,0
36.00,86.2,53.5,5401,14.5,3,13.7,0,0,226.2,38.1613409,-122.4582870,32.8,107.6,0,0,0
36.10,85.6,53.2,5310,13.0,3,17.7,0,0,228.5,38.1613246,-122.4583028,32.8,107.6,0,0,0
36.20,85.3,53.0,5268,12.5,3,21.6,0,0,230.7,38.1613080,-122.4583167,32.8,107.6,0,0,0
36.30,84.9,52.7,5276,14.0,3,24.7,0,0,232.8,38.1612914,-122.4583295,32.8,107.6,0,0,0
36.40,84.7,52.6,5665,22.0,3,26.7,0,0,234.9,38.1612754,-122.4583422,32.8,107.6,0,0,0
36.50,85.2,52.9,5242,19.0,3,28.4,0,0,237.0,38.1612600,-122.4583559,32.8,107.6,0,0,0
36.60,83.9,52.2,5215,19.0,3,29.8,0,0,239.1,38.1612448,-122.4583701,32.8,107.6,0,0,0
36.70,83.3,51.8,5223,19.0,3,30.9,0,0,241.3,38.1612297,-122.4583850,32.8,107.6,0,0,0
36.80,83.1,51.6,5202,18.5,3,31.6,0,0,243.4,38.1612152,-122.4584009,36.2,118.8,0,0,0
36.90,83.0,51.5,5187,18.5,3,32.4,0,0,245.5,38.1612014,-122.4584176,36.2,118.8,0,0,0
37.00,82.4,51.2,5153,19.0,3,33.0,0,0,247.7,38.1611885,-122.4584362,36.2,118.8,0,0,0
37.10,81.5,50.6,5092,19.5,3,33.3,0,0,249.9,38.1611763,-122.4584569,36.2,118.8,0,0,0
37.20,80.6,50.1,5029,16.0,3,33.5,0,0,252.2,38.1611645,-122.4584781,36.2,118.8,0,0,0
37.30,79.8,49.6,5000,17.5,3,33.8,0,0,254.4,38.1611529,-122.4584987,36.2,118.8,0,0,0
37.40,79.3,49.3,4988,22.5,3,34.1,0,0,256.7,38.1611419,-122.4585200,36.2,118.8,0,0,0
37.50,78.9,49.0,4940,24.5,3,34.2,0,0,258.9,38.1611316,-122.4585415,36.2,118.8,0,0,0
37.60,78.4,48.7,4897,19.5,3,34.2,0,0,261.0,38.1611218,-122.4585632,36.2,118.8,0,0,0
37.70,77.8,48.3,4871,18.5,3,34.4,0,0,263.1,38.1611122,-122.4585841,36.2,118.8,0,0,0
37.80,77.1,47.9,4813,19.0,3,34.6,0,0,265.1,38.1611027,-122.4586033,39.0,128.0,0,0,0
37.90,76.3,47.4,4794,20.0,3,34.8,0,0,267.0,38.1610929,-122.4586205,39.0,128.0,0,0,0
38.00,75.9,47.1,4786,28.0,3,35.0,0,0,268.7,38.1610833,-122.4586363,39.0,128.0,0,0,0
38.10,75.7,47.1,4762,30.0,3,35.0,0,0,270.6,38.1610750,-122.4586544,39.0,128.0,0,0,0
38.20,75.3,46.8,4755,29.0,3,35.3,0,0,272.7,38.1610686,-122.4586769,39.0,128.0,0,0,0
38.30,75.3,46.8,4745,29.5,3,35.9,0,0,274.7,38.1610625,-122.4586994,39.0,128.0,0,0,0
38.40,75.2,46.7,4753,31.0,3,36.6,0,0,276.5,38.1610559,-122.4587182,39.0,128.0,0,0,0
38.50,75.1,46.7,4747,34.0,3,37.2,0,0,278.2,38.1610490,-122.4587351,39.0,128.0,0,0,0
38.60,75.2,46.7,4738,35.0,3,37.3,0,0,279.9,38.1610421,-122.4587521,39.0,128.0,0,0,0
38.70,75.0,46.6,4735,35.0,3,37.2,0,0,281.5,38.1610357,-122.4587692,39.0,128.0,0,0,0
38.80,75.0,46.6,4742,35.0,3,37.2,0,0,283.2,38.1610298,-122.4587866,41.2,135.2,0,0,0
38.90,75.1,46.7,4721,34.5,3,37.1,0,0,284.9,38.1610244,-122.4588042,41.2,135.2,0,0,0
39.00,74.9,46.6,4724,34.5,3,37.3,0,0,286.6,38.1610197,-122.4588228,41.2,135.2,0,0,0
39.10,75.2,46.7,4726,38.0,3,37.3,0,0,288.2,38.1610159,-122.4588414,41.2,135.2,0,0,0
39.20,75.2,46.7,4788,42.0,3,37.4,0,0,289.9,38.1610125,-122.4588596,41.2,135.2,0,0,0
39.30,76.3,47.4,4801,41.5,3,37.4,0,0,291.4,38.1610095,-122.4588771,41.2,135.2,0,0,0
39.40,76.7,47.6,4826,41.5,3,37.7,0,0,292.9,38.1610067,-122.4588931,41.2,135.2,0,0,0
39.50,76.7,47.7,4835,43.0,3,38.2,0,0,294.2,38.1610048,-122.4589087,41.2,135.2,0,0,0
39.60,77.1,47.9,4914,49.5,3,38.6,0,0,295.6,38.1610039,-122.4589245,41.2,135.2,0,0,0
39.70,78.0,48.5,4950,51.5,3,38.7,0,0,297.0,38.1610037,-122.4589404,41.2,135.2,0,0,0
39.80,78.4,48.7,4996,57.0,3,38.2,0,0,298.5,38.1610042,-122.4589569,42.5,139.4,0,0,0
39.90,79.1,49.1,5077,61.5,3,37.2,0,0,300.1,38.1610057,-122.4589749,42.5,139.4,0,0,0
40.00,80.7,50.1,5134,64.5,3,36.5,0,0,301.7,38.1610078,-122.4589934,42.5,139.4,0,0,0
40.10,81.8,50.8,5196,67.5,3,36.0,0,0,303.2,38.1610101,-122.4590109,42.5,139.4,0,0,0
40.20,81.9,50.9,5213,69.0,3,35.5,0,0,304.8,38.1610130,-122.4590281,42.5,139.4,0,0,0
40.30,82.6,51.3,5292,69.0,3,34.8,0,0,306.4,38.1610169,-122.4590462,42.5,139.4,0,0,0
40.40,84.4,52.4,5333,72.5,3,34.1,0,0,308.2,38.1610220,-122.4590654,42.5,139.4,0,0,0
40.50,84.6,52.6,5368,84.0,3,33.6,0,0,310.2,38.1610290,-122.4590861,42.5,139.4,0,0,0
40.60,85.2,53.0,5403,93.0,3,32.5,0,0,312.3,38.1610376,-122.4591083,42.5,139.4,0,0,0
40.70,85.3,53.0,5419,97.0,3,30.6,0,0,314.4,38.1610460,-122.4591301,42.5,139.4,0,0,0
40.80,86.0,53.5,5487,98.0,3,28.5,0,0,316.4,38.1610536,-122.4591507,44.3,145.3,0,0,0
40.90,86.8,53.9,5474,98.0,3,26.7,0,0,318.2,38.1610603,-122.4591688,44.3,145.3,0,0,0
41.00,87.3,54.3,5558,98.0,3,25.4,0,0,319.7,38.1610667,-122.4591838,44.3,145.3,0,0,0
41.10,87.9,54.6,5600,98.0,3,24.7,0,0,321.3,38.1610739,-122.4591997,44.3,145.3,0,0,0
41.20,89.1,55.3,5689,98.0,3,24.3,0,0,323.2,38.1610825,-122.4592190,44.3,145.3,0,0,0
41.30,90.2,56.1,5698,99.0,3,23.8,0,0,325.3,38.1610921,-122.4592399,44.3,145.3,0,0,0
41.40,90.6,56.3,5784,99.0,3,23.2,0,0,327.5,38.1611020,-122.4592608,44.3,145.3,0,0,0
41.50,91.5,56.9,5811,99.0,3,22.5,0,0,329.6,38.1611121,-122.4592810,44.3,145.3,0,0,0
41.60,92.1,57.3,5896,99.0,3,21.8,0,0,331.6,38.1611224,-122.4593008,44.3,145.3,0,0,0
41.70,93.6,58.2,5947,99.0,3,21.0,0,0,333.8,38.1611334,-122.4593213,44.3,145.3,0,0,0
41.80,94.7,58.8,6015,99.0,3,20.6,0,0,336.1,38.1611448,-122.4593427,44.7,146.7,0,0,0
41.90,95.8,59.5,6094,97.5,3,20.5,0,0,338.3,38.1611564,-122.4593634,44.7,146.7,0,0,0
42.00,97.1,60.4,6163,96.5,3,20.6,0,0,340.5,38.1611684,-122.4593839,44.7,146.7,0,0,0
42.10,97.8,60.8,6227,96.0,3,20.7,0,0,342.9,38.1611810,-122.4594056,44.7,146.7,0,0,0
42.20,98.8,61.4,6273,96.0,3,20.7,0,0,345.2,38.1611936,-122.4594273,44.7,146.7,0,0,0
42.30,99.8,62.0,6331,96.0,3,20.5,0,0,347.4,38.1612056,-122.4594471,44.7,146.7,0,0,0
42.40,100.9,62.7,6393,96.0,3,20.3,0,0,349.4,38.1612170,-122.4594641,44.7,146.7,0,0,0
42.50,101.8,63.2,6447,96.0,3,19.9,0,0,351.2,38.1612284,-122.4594793,44.7,146.7,0,0,0
42.60,102.2,63.5,6503,96.0,3,19.2,0,0,353.1,38.1612401,-122.4594945,44.7,146.7,0,0,0
42.70,103.8,64.5,6587,96.0,3,18.4,0,0,355.1,38.1612525,-122.4595109,44.7,146.7,0,0,0
42.80,104.1,64.7,6552,96.0,3,17.4,0,0,357.2,38.1612657,-122.4595287,45.7,149.9,0,0,0
42.90,104.6,65.0,6603,95.5,3,16.0,0,0,359.5,38.1612798,-122.4595473,45.7,149.9,0,0,0
43.00,104.9,65.2,6663,95.5,3,14.7,0,0,361.7,38.1612939,-122.4595655,45.7,149.9,0,0,0
43.10,106.1,65.9,6725,94.5,3,13.5,0,0,363.9,38.1613081,-122.4595827,45.7,149.9,0,0,0
43.20,107.0,66.5,6794,94.0,3,12.4,0,0,366.1,38.1613224,-122.4595997,45.7,149.9,0,0,0
43.30,107.8,67.0,6810,90.5,3,11.3,0,0,368.3,38.1613374,-122.4596171,45.7,149.9,0,0,0
43.40,108.5,67.4,6886,89.5,3,10.4,0,0,370.7,38.1613531,-122.4596350,45.7,149.9,0,0,0
43.50,108.9,67.7,6934,89.5,3,9.8,0,0,373.0,38.1613691,-122.4596531,45.7,149.9,0,0,0
43.60,110.4,68.6,6968,87.5,3,9.2,0,0,375.5,38.1613854,-122.4596714,45.7,149.9,0,0,0
43.70,111.3,69.2,7076,86.5,3,8.8,0,0,378.0,38.1614024,-122.4596904,45.7,149.9,0,0,0
43.80,112.5,69.9,7096,85.0,3,8.3,0,0,380.6,38.1614202,-122.4597102,47.1,154.5,0,0,0
43.90,113.4,70.5,7184,84.5,3,7.7,0,0,383.4,38.1614391,-122.4597311,47.1,154.5,0,0,0
44.00,114.3,71.0,7212,82.0,3,7.0,0,0,386.5,38.1614603,-122.4597546,47.1,154.5,0,0,0
44.10,115.2,71.6,7309,79.5,3,6.4,0,0,389.9,38.1614833,-122.4597802,47.1,154.5,0,0,0
44.20,116.6,72.4,7421,77.0,3,5.9,0,0,393.3,38.1615057,-122.4598059,47.1,154.5,0,0,0
44.30,117.3,72.9,7454,72.0,3,5.8,0,0,396.6,38.1615273,-122.4598316,47.1,154.5,0,0,0
44.40,118.4,73.6,7546,70.5,3,5.8,0,0,399.8,38.1615487,-122.4598571,47.1,154.5,0,0,0
44.50,119.4,74.2,7565,66.5,3,6.0,0,0,403.1,38.1615700,-122.4598825,47.1,154.5,0,0,0
44.60,120.3,74.7,7594,63.0,3,6.4,0,0,406.3,38.1615914,-122.4599075,47.1,154.5,0,0,0
44.70,120.8,75.0,7642,61.5,3,6.8,0,0,409.6,38.1616130,-122.4599328,47.1,154.5,0,0,0
44.80,121.9,75.8,7711,61.5,3,7.0,0,0,412.8,38.1616347,-122.4599582,47.3,155.2,0,0,0
44.90,122.6,76.2,7730,60.0,3,7.3,0,0,416.1,38.1616564,-122.4599835,47.3,155.2,0,0,0
45.00,123.2,76.5,7819,60.0,3,7.5,0,0,419.4,38.1616784,-122.4600086,47.3,155.2,0,0,0
45.10,124.2,77.2,7862,59.5,3,7.4,0,0,422.8,38.1617010,-122.4600341,47.3,155.2,0,0,0
45.20,125.0,77.6,7850,57.5,3,7.2,0,0,426.1,38.1617237,-122.4600596,47.3,155.2,0,0,0
45.30,125.0,77.7,7918,54.0,3,7.1,0,0,429.5,38.1617463,-122.4600849,47.3,155.2,0,0,0
45.40,125.9,78.3,7918,49.5,3,7.1,0,0,432.8,38.1617690,-122.4601099,47.3,155.2,0,0,0
45.50,125.7,78.1,7872,44.5,3,6.8,0,0,436.1,38.1617918,-122.4601348,47.3,155.2,0,0,0
45.60,125.5,78.0,7546,0.0,3,6.5,0,0,439.5,38.1618146,-122.4601596,47.3,155.2,0,0,0
45.70,124.5,77.4,7700,0.0,3,6.3,0,0,442.9,38.1618378,-122.4601848,47.3,155.2,0,0,0
45.80,122.1,75.9,7639,0.0,3,6.6,0,0,446.3,38.1618612,-122.4602102,46.3,151.9,0,0,0
45.90,121.5,75.5,7622,0.0,3,6.9,0,0,449.7,38.1618848,-122.4602358,46.3,151.9,0,0,0
46.00,120.7,75.0,7563,0.0,3,7.5,0,0,453.2,38.1619082,-122.4602611,46.3,151.9,0,0,0
46.10,119.4,74.2,7491,0.0,3,8.1,0,0,456.5,38.1619313,-122.4602856,46.3,151.9,0,0,0
46.20,118.7,73.8,7455,0.0,3,8.2,0,0,459.8,38.1619540,-122.4603089,46.3,151.9,0,0,0
46.30,117.7,73.2,7339,0.0,3,8.2,0,0,463.0,38.1619766,-122.4603315,46.3,151.9,0,0,0
46.40,116.6,72.5,7260,0.0,3,7.3,0,0,466.2,38.1619994,-122.4603540,46.3,151.9,0,0,0
46.50,115.3,71.6,7186,0.0,3,5.5,0,0,469.3,38.1620219,-122.4603761,46.3,151.9,0,0,0
46.60,114.1,70.9,7099,0.0,3,4.7,0,0,472.5,38.1620443,-122.4603984,46.3,151.9,0,0,0
46.70,112.9,70.1,7019,0.0,3,4.2,0,0,475.7,38.1620667,-122.4604219,46.3,151.9,0,0,0
46.80,111.5,69.3,6943,0.0,3,2.9,0,0,478.9,38.1620888,-122.4604457,45.8,150.3,0,0,0
46.90,110.2,68.5,6863,0.0,3,0.9,0,0,482.1,38.1621104,-122.4604686,45.8,150.3,0,0,0
47.00,109.0,67.7,6818,0.0,3,-1.4,0,0,485.1,38.1621315,-122.4604901,45.8,150.3,0,0,0
47.10,108.2,67.2,6745,0.0,3,-4.3,0,0,488.0,38.1621523,-122.4605111,45.8,150.3,0,0,0
47.20,107.2,66.6,6711,0.0,3,-7.4,0,0,490.9,38.1621726,-122.4605320,45.8,150.3,0,0,0
47.30,106.7,66.3,6669,0.0,3,-10.2,0,0,493.8,38.1621924,-122.4605531,45.8,150.3,0,0,0
47.40,106.1,65.9,6642,0.0,3,-12.4,0,0,496.7,38.1622123,-122.4605743,45.8,150.3,0,0,0
47.50,105.3,65.4,6616,0.0,3,-14.5,0,0,499.6,38.1622323,-122.4605956,45.8,150.3,0,0,0
47.60,104.6,65.0,6565,2.0,3,-16.8,0,0,502.4,38.1622516,-122.4606166,45.8,150.3,0,0,0
47.70,104.2,64.8,6519,1.5,3,-18.9,0,0,505.2,38.1622702,-122.4606374,45.8,150.3,0,0,0
47.80,103.8,64.5,6471,2.0,3,-20.5,0,0,507.9,38.1622887,-122.4606587,44.5,146.0,0,0,0
47.90,102.8,63.9,6444,3.5,3,-21.5,0,0,510.7,38.1623069,-122.4606806,44.5,146.0,0,0,0
48.00,102.0,63.4,6347,11.5,3,-22.3,0,0,513.5,38.1623246,-122.4607024,44.5,146.0,0,0,0
48.10,101.7,63.2,6303,6.5,3,-23.6,0,0,516.2,38.1623419,-122.4607239,44.5,146.0,0,0,0
48.20,101.1,62.8,6280,3.5,3,-24.7,0,0,518.8,38.1623589,-122.4607458,44.5,146.0,0,0,0
48.30,100.1,62.2,6228,4.5,3,-25.4,0,0,521.5,38.1623756,-122.4607679,44.5,146.0,0,0,0
48.40,99.4,61.8,6178,2.5,3,-26.2,0,0,524.2,38.1623916,-122.4607901,44.5,146.0,0,0,0
48.50,98.4,61.1,6143,0.0,3,-26.8,0,0,526.8,38.1624072,-122.4608123,44.5,146.0,0,0,0
48.60,97.5,60.6,6065,0.0,3,-26.9,0,0,529.3,38.1624223,-122.4608347,44.5,146.0,0,0,0
48.70,96.4,59.9,6000,7.5,3,-26.9,0,0,531.9,38.1624365,-122.4608570,44.5,146.0,0,0,0
48.80,95.3,59.2,6086,17.0,3,-27.3,0,0,534.3,38.1624499,-122.4608794,44.0,144.4,0,0,0
48.90,94.9,59.0,6156,19.0,3,-27.5,0,0,536.8,38.1624629,-122.4609021,44.0,144.4,0,0,0
49.00,95.7,59.5,5949,29.0,3,-27.4,0,0,539.2,38.1624756,-122.4609253,44.0,144.4,0,0,0
49.10,95.4,59.2,5948,32.0,3,-27.3,0,0,541.7,38.1624878,-122.4609488,44.0,144.4,0,0,0
49.20,94.7,58.8,5966,35.5,3,-27.4,0,0,544.1,38.1624993,-122.4609724,44.0,144.4,0,0,0
49.30,94.6,58.8,5986,43.5,3,-27.3,0,0,546.5,38.1625098,-122.4609963,44.0,144.4,0,0,0
49.40,95.2,59.1,6035,49.5,3,-27.6,0,0,548.9,38.1625193,-122.4610203,44.0,144.4,0,0,0
49.50,96.3,59.8,6004,51.5,3,-27.9,0,0,551.2,38.1625281,-122.4610441,44.0,144.4,0,0,0
49.60,96.5,59.9,6035,52.5,3,-28.0,0,0,553.5,38.1625369,-122.4610683,44.0,144.4,0,0,0
49.70,96.5,60.0,6092,52.5,3,-28.2,0,0,555.9,38.1625460,-122.4610936,44.0,144.4,0,0,0
49.80,97.2,60.4,6105,47.5,3,-28.4,0,0,558.4,38.1625545,-122.4611193,45.1,148.0,0,0,0
49.90,97.1,60.3,6066,45.5,3,-28.6,0,0,560.8,38.1625621,-122.4611454,45.1,148.0,0,0,0
50.00,96.3,59.9,6122,45.5,3,-28.7,0,0,563.2,38.1625690,-122.4611717,45.1,148.0,0,0,0
50.10,96.8,60.1,6098,43.5,3,-28.8,0,0,565.6,38.1625751,-122.4611978,45.1,148.0,0,0,0
50.20,96.9,60.2,6103,44.5,3,-29.1,0,0,567.9,38.1625804,-122.4612235,45.1,148.0,0,0,0
50.30,96.8,60.1,6096,50.0,3,-29.2,0,0,570.2,38.1625851,-122.4612488,45.1,148.0,0,0,0
50.40,96.5,60.0,6145,52.0,3,-29.2,0,0,572.5,38.1625893,-122.4612745,45.1,148.0,0,0,0
50.50,97.1,60.3,6109,52.0,3,-28.8,0,0,574.8,38.1625926,-122.4613000,45.1,148.0,0,0,0
50.60,97.4,60.5,6100,51.5,3,-27.8,0,0,577.0,38.1625953,-122.4613258,45.1,148.0,0,0,0
50.70,96.6,60.0,6083,50.5,3,-26.3,0,0,579.4,38.1625980,-122.4613526,45.1,148.0,0,0,0
50.80,96.7,60.1,6053,48.5,3,-24.2,0,0,581.9,38.1626006,-122.4613807,48.2,158.1,0,0,0
50.90,96.6,60.0,6022,46.5,3,-22.0,0,0,584.4,38.1626029,-122.4614098,48.2,158.1,0,0,0
51.00,96.3,59.8,5998,44.5,3,-19.8,0,0,587.0,38.1626049,-122.4614393,48.2,158.1,0,0,0
51.10,95.4,59.3,5946,39.5,3,-17.6,0,0,589.6,38.1626066,-122.4614689,48.2,158.1,0,0,0
51.20,94.5,58.7,5879,36.5,3,-14.8,0,0,592.2,38.1626079,-122.4614980,48.2,158.1,0,0,0
51.30,93.3,58.0,5816,36.5,3,-11.6,0,0,594.6,38.1626087,-122.4615263,48.2,158.1,0,0,0
51.40,92.8,57.7,5791,35.5,3,-8.7,0,0,597.1,38.1626092,-122.4615547,48.2,158.1,0,0,0
51.50,91.8,57.0,5788,30.5,3,-5.0,0,0,599.6,38.1626097,-122.4615835,48.2,158.1,0,0,0
51.60,91.8,57.0,5743,23.5,3,-0.2,0,0,602.2,38.1626100,-122.4616126,48.2,158.1,0,0,0
51.70,91.4,56.8,5704,15.5,3,6.9,0,0,604.7,38.1626103,-122.4616419,48.2,158.1,0,0,0
51.80,90.6,56.3,5696,15.0,3,13.6,0,0,607.3,38.1626108,-122.4616711,51.1,167.7,0,0,0
51.90,90.6,56.3,5649,15.5,3,19.2,0,0,609.8,38.1626113,-122.4616997,51.1,167.7,0,0,0
52.00,90.2,56.0,5672,16.0,3,24.4,0,0,612.3,38.1626121,-122.4617280,51.1,167.7,0,0,0
52.10,90.1,56.0,5685,19.0,3,28.3,0,0,614.7,38.1626133,-122.4617560,51.1,167.7,0,0,0
52.20,90.4,56.2,5692,23.5,3,31.1,0,0,617.1,38.1626147,-122.4617836,51.1,167.7,0,0,0
52.30,90.3,56.1,5693,30.5,3,32.7,0,0,619.4,38.1626159,-122.4618093,51.1,167.7,0,0,0
52.40,90.7,56.4,5676,33.0,3,33.5,0,0,621.4,38.1626170,-122.4618324,51.1,167.7,0,0,0
52.50,90.3,56.1,5640,36.5,3,33.5,0,0,623.3,38.1626181,-122.4618537,51.1,167.7,0,0,0
52.60,89.6,55.7,5677,41.5,3,33.3,0,0,625.1,38.1626197,-122.4618747,51.1,167.7,0,0,0
52.70,90.0,55.9,5655,44.0,3,33.1,0,0,627.0,38.1626222,-122.4618963,51.1,167.7,0,0,0
52.80,90.3,56.1,5724,51.5,3,33.0,0,0,629.1,38.1626258,-122.4619191,53.9,176.8,0,0,0
52.90,91.7,57.0,5734,51.0,3,33.0,0,0,631.3,38.1626305,-122.4619434,53.9,176.8,0,0,0
53.00,91.5,56.9,5780,51.0,3,33.5,0,0,633.5,38.1626361,-122.4619681,53.9,176.8,0,0,0
53.10,91.9,57.1,5868,50.0,3,34.7,0,0,635.7,38.1626421,-122.4619925,53.9,176.8,0,0,0
53.20,92.9,57.7,5899,50.5,3,35.6,0,0,638.0,38.1626484,-122.4620171,53.9,176.8,0,0,0
53.30,93.1,57.9,5899,54.5,3,36.0,0,0,640.3,38.1626554,-122.4620418,53.9,176.8,0,0,0
53.40,93.8,58.3,5950,58.0,3,35.9,0,0,642.6,38.1626630,-122.4620665,53.9,176.8,0,0,0
53.50,94.8,58.9,6004,58.0,3,35.8,0,0,645.0,38.1626716,-122.4620920,53.9,176.8,0,0,0
53.60,95.9,59.6,6037,59.0,3,36.0,0,0,647.7,38.1626816,-122.4621193,53.9,176.8,0,0,0
53.70,95.6,59.4,6062,61.0,3,36.4,0,0,650.3,38.1626919,-122.4621461,53.9,176.8,0,0,0
53.80,96.7,60.1,6159,61.0,3,36.5,0,0,652.8,38.1627024,-122.4621714,55.9,183.4,0,0,0
53.90,97.3,60.5,6180,61.0,3,36.6,0,0,655.2,38.1627131,-122.4621960,55.9,183.4,0,0,0
54.00,98.2,61.0,6242,61.0,3,36.9,0,0,657.7,38.1627244,-122.4622199,55.9,183.4,0,0,0
54.10,99.6,61.9,6295,61.0,3,36.9,0,0,660.2,38.1627364,-122.4622437,55.9,183.4,0,0,0
54.20,100.1,62.2,6323,62.0,3,36.5,0,0,662.7,38.1627491,-122.4622677,55.9,183.4,0,0,0
54.30,100.7,62.6,6385,67.5,3,35.7,0,0,665.2,38.1627621,-122.4622916,55.9,183.4,0,0,0
54.40,101.9,63.3,6400,68.0,3,34.8,0,0,667.7,38.1627754,-122.4623149,55.9,183.4,0,0,0
54.50,102.8,63.9,6476,72.5,3,34.1,0,0,670.3,38.1627894,-122.4623377,55.9,183.4,0,0,0
54.60,103.7,64.4,6501,73.0,3,33.2,0,0,672.8,38.1628041,-122.4623603,55.9,183.4,0,0,0
54.70,104.1,64.7,6574,75.0,3,32.0,0,0,675.4,38.1628193,-122.4623830,55.9,183.4,0,0,0
54.80,105.0,65.2,6620,75.0,3,31.4,0,0,678.1,38.1628348,-122.4624055,56.8,186.4,0,0,0
54.90,105.9,65.8,6706,75.0,3,31.3,0,0,680.6,38.1628506,-122.4624272,56.8,186.4,0,0,0
55.00,107.1,66.5,6771,77.0,3,31.3,0,0,683.2,38.1628668,-122.4624478,56.8,186.4,0,0,0
55.10,107.8,67.0,6812,79.5,3,30.7,0,0,685.7,38.1628829,-122.4624676,56.8,186.4,0,0,0
55.20,108.5,67.4,6894,79.5,3,29.4,0,0,688.1,38.1628991,-122.4624866,56.8,186.4,0,0,0
55.30,109.5,68.1,6908,79.5,3,28.0,0,0,690.6,38.1629154,-122.4625052,56.8,186.4,0,0,0
55.40,110.3,68.5,6977,79.5,3,26.1,0,0,693.0,38.1629325,-122.4625235,56.8,186.4,0,0,0
55.50,111.2,69.1,7007,79.5,3,24.0,0,0,695.6,38.1629504,-122.4625419,56.8,186.4,0,0,0
55.60,111.3,69.2,7043,79.0,3,21.6,0,0,698.3,38.1629692,-122.4625610,56.8,186.4,0,0,0
55.70,111.8,69.4,7115,76.5,3,19.7,0,0,701.1,38.1629888,-122.4625814,56.8,186.4,0,0,0
55.80,113.1,70.3,7133,72.5,3,18.1,0,0,704.1,38.1630095,-122.4626035,56.6,185.7,0,0,0
55.90,113.5,70.5,7216,70.0,3,16.5,0,0,707.2,38.1630309,-122.4626266,56.6,185.7,0,0,0
56.00,114.5,71.2,7249,65.0,3,14.5,0,0,710.3,38.1630524,-122.4626492,56.6,185.7,0,0,0
56.10,115.2,71.6,7264,61.5,3,12.1,0,0,713.3,38.1630735,-122.4626709,56.6,185.7,0,0,0
56.20,115.9,72.0,7261,51.0,3,10.1,0,0,716.3,38.1630948,-122.4626920,56.6,185.7,0,0,0
56.30,115.7,71.9,7266,35.5,3,9.1,0,0,719.3,38.1631161,-122.4627131,56.6,185.7,0,0,0
56.40,115.7,71.9,6748,0.0,3,8.6,0,0,722.4,38.1631377,-122.4627342,56.6,185.7,0,0,0
56.50,114.1,70.9,7104,0.0,3,7.5,0,0,725.5,38.1631598,-122.4627554,56.6,185.7,0,0,0
56.60,112.8,70.1,7081,0.0,3,6.9,0,0,728.5,38.1631822,-122.4627762,56.6,185.7,0,0,0
56.70,112.7,70.1,7063,0.0,3,6.4,0,0,731.6,38.1632045,-122.4627966,56.6,185.7,0,0,0
56.80,112.2,69.7,7003,0.0,3,6.7,0,0,734.6,38.1632260,-122.4628164,55.2,181.1,0,0,0
56.90,111.3,69.2,6990,0.0,3,6.6,0,0,737.4,38.1632470,-122.4628359,55.2,181.1,0,0,0
57.00,111.0,69.0,6873,0.0,3,6.8,0,0,740.4,38.1632683,-122.4628557,55.2,181.1,0,0,0
57.10,109.1,67.8,6778,0.0,3,6.4,0,0,743.3,38.1632897,-122.4628753,55.2,181.1,0,0,0
57.20,107.8,67.0,7097,0.0,3,4.7,0,0,746.1,38.1633101,-122.4628942,55.2,181.1,0,0,0
57.30,104.9,65.2,8097,0.0,2,4.3,0,0,748.9,38.1633301,-122.4629130,55.2,181.1,0,0,0
57.40,102.6,63.7,7964,0.0,2,4.4,0,0,751.6,38.1633501,-122.4629317,55.2,181.1,0,0,0
57.50,102.2,63.5,7752,0.0,2,4.1,0,0,754.4,38.1633703,-122.4629502,55.2,181.1,0,0,0
57.60,98.4,61.1,7473,0.0,2,4.0,0,0,757.2,38.1633908,-122.4629684,55.2,181.1,0,0,0
57.70,96.1,59.7,7446,0.0,2,4.0,0,0,759.9,38.1634112,-122.4629862,55.2,181.1,0,0,0
57.80,94.4,58.6,7400,0.0,2,4.0,0,0,762.7,38.1634316,-122.4630039,52.6,172.6,0,0,0
57.90,93.8,58.3,7296,0.0,2,3.8,0,0,765.4,38.1634516,-122.4630212,52.6,172.6,0,0,0
58.00,92.3,57.4,7147,0.0,2,3.8,0,0,768.0,38.1634709,-122.4630380,52.6,172.6,0,0,0
58.10,90.8,56.4,7016,0.0,2,4.0,0,0,770.5,38.1634897,-122.4630549,52.6,172.6,0,0,0
58.20,89.1,55.3,6924,0.0,2,4.2,0,0,773.1,38.1635082,-122.4630715,52.6,172.6,0,0,0
58.30,87.7,54.5,6790,0.0,2,4.8,0,0,775.6,38.1635267,-122.4630881,52.6,172.6,0,0,0
58.40,86.3,53.6,6711,0.0,2,5.7,0,0,778.1,38.1635449,-122.4631046,52.6,172.6,0,0,0
58.50,85.3,53.0,6449,0.0,2,6.3,0,0,780.5,38.1635626,-122.4631208,52.6,172.6,0,0,0
58.60,82.6,51.3,6448,0.0,2,6.9,0,0,782.8,38.1635799,-122.4631364,52.6,172.6,0,0,0
58.70,82.2,51.1,6382,0.0,2,7.1,0,0,785.1,38.1635968,-122.4631514,52.6,172.6,0,0,0
58.80,81.2,50.5,6341,0.0,2,7.8,0,0,787.3,38.1636131,-122.4631659,51.0,167.3,0,0,0
58.90,80.1,49.8,6253,0.0,2,8.7,0,0,789.5,38.1636288,-122.4631797,51.0,167.3,0,0,0
59.00,79.0,49.1,6177,0.0,2,9.1,0,0,791.6,38.1636448,-122.4631935,51.0,167.3,0,0,0
59.10,78.2,48.6,6089,0.0,2,8.7,0,0,793.8,38.1636610,-122.4632072,51.0,167.3,0,0,0
59.20,77.2,48.0,6028,0.0,2,10.8,0,0,795.9,38.1636773,-122.4632206,51.0,167.3,0,0,0
59.30,76.7,47.6,6056,0.0,2,13.6,0,0,798.1,38.1636936,-122.4632336,51.0,167.3,0,0,0
59.40,76.6,47.6,6017,0.0,2,15.6,0,0,800.2,38.1637096,-122.4632459,51.0,167.3,0,0,0
59.50,76.3,47.4,5973,0.0,2,17.6,0,0,802.2,38.1637253,-122.4632577,51.0,167.3,0,0,0
59.60,75.6,47.0,5912,0.0,2,19.4,0,0,804.2,38.1637411,-122.4632692,51.0,167.3,0,0,0
59.70,75.0,46.6,5899,0.0,2,21.0,0,0,806.2,38.1637570,-122.4632804,51.0,167.3,0,0,0
59.80,74.5,46.3,5884,0.0,2,22.5,0,0,808.2,38.1637730,-122.4632912,49.5,162.4,0,0,0
59.90,74.2,46.1,5807,0.0,2,23.5,0,0,810.2,38.1637890,-122.4633016,49.5,162.4,0,0,0
60.00,73.8,45.9,5772,0.0,2,24.4,0,0,812.2,38.1638050,-122.4633116,49.5,162.4,0,0,0
60.10,73.2,45.5,5735,0.0,2,25.2,0,0,814.2,38.1638209,-122.4633208,49.5,162.4,0,0,0
60.20,72.8,45.2,5680,0.0,2,25.9,0,0,816.1,38.1638368,-122.4633293,49.5,162.4,0,0,0
60.30,72.3,44.9,5648,0.0,2,26.8,0,0,818.0,38.1638525,-122.4633371,49.5,162.4,0,0,0
60.40,71.8,44.6,5618,0.0,2,27.9,0,0,819.8,38.1638685,-122.4633443,49.5,162.4,0,0,0
60.50,71.5,44.4,5595,0.0,2,28.8,0,0,821.7,38.1638842,-122.4633508,49.5,162.4,0,0,0
60.60,70.9,44.1,5524,0.0,2,29.8,0,0,823.5,38.1639001,-122.4633567,49.5,162.4,0,0,0
60.70,70.4,43.8,5517,0.0,2,30.8,0,0,825.3,38.1639159,-122.4633622,49.5,162.4,0,0,0
60.80,70.0,43.5,5490,3.0,2,30.7,0,0,827.2,38.1639317,-122.4633673,48.0,157.5,0,0,0
60.90,69.4,43.1,5417,4.0,2,31.5,0,0,828.9,38.1639473,-122.4633718,48.0,157.5,0,0,0
61.00,69.0,42.9,5420,4.0,2,32.8,0,0,830.7,38.1639631,-122.4633756,48.0,157.5,0,0,0
61.10,69.0,42.9,5426,4.5,2,33.1,0,0,832.5,38.1639789,-122.4633788,48.0,157.5,0,0,0
61.20,68.7,42.7,5369,4.5,2,33.0,0,0,834.3,38.1639947,-122.4633813,48.0,157.5,0,0,0
61.30,68.2,42.4,5306,4.0,2,33.4,0,0,836.0,38.1640102,-122.4633829,48.0,157.5,0,0,0
61.40,67.6,42.0,5288,4.0,2,33.7,0,0,837.7,38.1640258,-122.4633840,48.0,157.5,0,0,0
61.50,67.3,41.8,5240,5.0,2,33.5,0,0,839.4,38.1640412,-122.4633848,48.0,157.5,0,0,0
61.60,66.7,41.4,5159,9.5,2,33.5,0,0,841.1,38.1640564,-122.4633846,48.0,157.5,0,0,0
61.70,65.8,40.9,5242,10.0,2,34.1,0,0,842.8,38.1640712,-122.4633831,48.0,157.5,0,0,0
61.80,66.3,41.2,5252,11.5,2,34.6,0,0,844.4,38.1640860,-122.4633810,46.5,152.6,0,0,0
61.90,66.5,41.3,5270,16.0,2,34.9,0,0,846.1,38.1641007,-122.4633786,46.5,152.6,0,0,0
62.00,66.3,41.2,5396,18.0,2,35.2,0,0,847.7,38.1641152,-122.4633759,46.5,152.6,0,0,0
62.10,66.8,41.5,5257,19.0,2,34.8,0,0,849.3,38.1641295,-122.4633728,46.5,152.6,0,0,0
62.20,66.9,41.6,5319,19.5,2,35.0,0,0,850.9,38.1641435,-122.4633691,46.5,152.6,0,0,0
62.30,67.4,41.9,5341,22.0,2,35.5,0,0,852.6,38.1641577,-122.4633646,46.5,152.6,0,0,0
62.40,68.3,42.4,5455,27.0,2,35.9,0,0,854.2,38.1641716,-122.4633595,46.5,152.6,0,0,0
62.50,69.4,43.1,5524,28.5,2,36.1,0,0,855.8,38.1641852,-122.4633531,46.5,152.6,0,0,0
62.60,70.3,43.7,5560,34.0,2,36.4,0,0,857.4,38.1641987,-122.4633459,46.5,152.6,0,0,0
62.70,71.0,44.1,5654,34.5,2,36.6,0,0,859.0,38.1642119,-122.4633380,46.5,152.6,0,0,0
62.80,72.2,44.9,5722,35.5,2,36.9,0,0,860.9,38.1642231,-122.4633223,44.6,146.3,0,0,0
62.90,73.3,45.5,5814,36.0,2,37.2,0,0,864.5,38.1642277,-122.4632815,44.6,146.3,0,0,0
63.00,74.2,46.1,5922,38.5,2,37.6,0,0,870.0,38.1642263,-122.4632187,44.6,146.3,0,0,0
63.10,75.5,46.9,6045,44.5,2,37.7,0,0,873.9,38.1642301,-122.4631746,44.6,146.3,0,0,0
63.20,77.1,47.9,6224,48.0,2,37.7,0,0,875.9,38.1642412,-122.4631566,44.6,146.3,0,0,0
63.30,79.3,49.3,6253,49.0,2,37.2,0,0,877.5,38.1642546,-122.4631475,44.6,146.3,0,0,0
63.40,79.9,49.6,6323,51.5,2,36.2,0,0,879.2,38.1642676,-122.4631378,44.6,146.3,0,0,0
63.50,80.9,50.3,6473,54.0,2,35.1,0,0,880.9,38.1642799,-122.4631261,44.6,146.3,0,0,0
63.60,82.7,51.4,6639,58.0,2,34.2,0,0,882.7,38.1642917,-122.4631128,44.6,146.3,0,0,0
63.70,84.7,52.6,6757,59.5,2,33.4,0,0,884.5,38.1643032,-122.4630982,44.6,146.3,0,0,0
63.80,85.9,53.4,6878,60.5,2,32.8,0,0,886.3,38.1643144,-122.4630825,42.7,140.1,0,0,0
63.90,87.3,54.3,6987,61.0,2,32.2,0,0,888.2,38.1643252,-122.4630658,42.7,140.1,0,0,0
64.00,88.8,55.2,7150,62.5,2,31.7,0,0,890.2,38.1643357,-122.4630482,42.7,140.1,0,0,0
64.10,91.0,56.5,7316,64.0,2,31.1,0,0,892.2,38.1643459,-122.4630294,42.7,140.1,0,0,0
64.20,93.0,57.8,7397,67.5,2,30.4,0,0,894.2,38.1643556,-122.4630092,42.7,140.1,0,0,0
64.30,94.8,58.9,7628,70.5,2,29.6,0,0,896.4,38.1643649,-122.4629875,42.7,140.1,0,0,0
64.40,96.9,60.2,7809,70.5,2,28.7,0,0,898.6,38.1643739,-122.4629646,42.7,140.1,0,0,0
64.50,99.5,61.8,7956,70.5,2,27.7,0,0,900.9,38.1643826,-122.4629408,42.7,140.1,0,0,0
64.60,101.1,62.8,8073,70.5,2,25.9,0,0,903.3,38.1643909,-122.4629163,42.7,140.1,0,0,0
64.70,102.5,63.7,8195,70.5,2,23.8,0,0,905.7,38.1643990,-122.4628908,42.7,140.1,0,0,0
64.80,104.2,64.8,8138,70.5,2,22.2,0,0,908.1,38.1644069,-122.4628646,40.4,132.5,0,0,0
64.90,102.5,63.7,6422,70.5,2,20.1,0,0,910.6,38.1644146,-122.4628375,40.4,132.5,0,0,0
65.00,104.2,64.8,6771,72.0,3,17.9,0,0,913.2,38.1644219,-122.4628096,40.4,132.5,0,0,0
65.10,106.6,66.3,6790,72.0,3,16.1,0,0,915.8,38.1644290,-122.4627809,40.4,132.5,0,0,0
65.20,108.5,67.4,6923,72.0,3,14.9,0,0,918.5,38.1644361,-122.4627519,40.4,132.5,0,0,0
65.30,109.9,68.3,6981,72.0,3,13.6,0,0,921.2,38.1644433,-122.4627226,40.4,132.5,0,0,0
65.40,111.4,69.2,7130,72.0,3,12.6,0,0,923.9,38.1644507,-122.4626926,40.4,132.5,0,0,0
65.50,113.1,70.3,7229,72.5,3,12.4,0,0,926.7,38.1644579,-122.4626619,40.4,132.5,0,0,0
65.60,114.5,71.2,7319,72.5,3,12.3,0,0,929.6,38.1644649,-122.4626306,40.4,132.5,0,0,0
65.70,116.5,72.4,7463,72.5,3,12.4,0,0,932.5,38.1644716,-122.4625986,40.4,132.5,0,0,0
65.80,118.8,73.8,7521,64.5,3,12.4,0,0,935.4,38.1644779,-122.4625659,36.5,119.8,0,0,0
65.90,119.5,74.3,7571,58.5,3,12.7,0,0,938.4,38.1644840,-122.4625326,36.5,119.8,0,0,0
66.00,120.4,74.8,7669,58.0,3,13.5,0,0,941.4,38.1644900,-122.4624989,36.5,119.8,0,0,0
66.10,121.9,75.7,7718,58.0,3,14.3,0,0,944.5,38.1644959,-122.4624646,36.5,119.8,0,0,0
66.20,122.9,76.4,7772,58.0,3,15.2,0,0,947.6,38.1645016,-122.4624299,36.5,119.8,0,0,0
66.30,123.8,76.9,7668,58.0,3,16.0,0,0,950.7,38.1645069,-122.4623949,36.5,119.8,0,0,0
66.40,123.0,76.4,6475,58.0,3,16.8,0,0,953.8,38.1645116,-122.4623597,36.5,119.8,0,0,0
66.50,125.0,77.6,6620,55.0,4,17.9,0,0,957.0,38.1645156,-122.4623242,36.5,119.8,0,0,0
66.60,126.5,78.6,6644,45.0,4,19.8,0,0,960.1,38.1645192,-122.4622886,36.5,119.8,0,0,0
66.70,126.9,78.8,6620,34.0,4,21.4,0,0,963.3,38.1645227,-122.4622526,36.5,119.8,0,0,0
66.80,126.9,78.8,6661,32.5,4,22.6,0,0,966.5,38.1645259,-122.4622163,34.6,113.5,0,0,0
66.90,127.4,79.1,6680,23.0,4,24.1,0,0,969.7,38.1645287,-122.4621800,34.6,113.5,0,0,0
67.00,127.6,79.3,6663,16.0,4,25.6,0,0,972.8,38.1645312,-122.4621437,34.6,113.5,0,0,0
67.10,127.2,79.1,6680,16.0,4,27.1,0,0,976.0,38.1645336,-122.4621072,34.6,113.5,0,0,0
67.20,127.5,79.2,6686,13.5,4,28.3,0,0,979.2,38.1645356,-122.4620708,34.6,113.5,0,0,0
67.30,127.6,79.3,6608,10.5,4,29.4,0,0,982.4,38.1645369,-122.4620343,34.6,113.5,0,0,0
67.40,126.9,78.9,6496,9.0,4,30.2,0,0,985.6,38.1645376,-122.4619981,34.6,113.5,0,0,0
67.50,126.8,78.8,6622,8.5,4,31.0,0,0,988.7,38.1645376,-122.4619620,34.6,113.5,0,0,0
67.60,126.5,78.6,6613,8.5,4,31.6,0,0,991.9,38.1645372,-122.4619260,34.6,113.5,0,0,0
67.70,126.2,78.4,6607,12.5,4,32.1,0,0,995.0,38.1645366,-122.4618901,34.6,113.5,0,0,0
67.80,125.6,78.0,6648,17.0,4,31.9,0,0,998.2,38.1645355,-122.4618544,33.2,108.9,0,0,0
67.90,125.2,77.8,6733,16.5,4,31.8,0,0,1001.3,38.1645336,-122.4618191,33.2,108.9,0,0,0
68.00,125.7,78.1,6516,16.5,4,32.0,0,0,1004.3,38.1645312,-122.4617839,33.2,108.9,0,0,0
68.10,124.8,77.5,6551,16.5,4,32.1,0,0,1007.4,38.1645283,-122.4617488,33.2,108.9,0,0,0
68.20,124.8,77.5,6526,16.5,4,32.2,0,0,1010.5,38.1645249,-122.4617137,33.2,108.9,0,0,0
68.30,123.9,77.0,6455,17.5,4,32.2,0,0,1013.6,38.1645209,-122.4616791,33.2,108.9,0,0,0
68.40,123.9,77.0,6478,17.5,4,32.2,0,0,1016.6,38.1645166,-122.4616447,33.2,108.9,0,0,0
68.50,123.6,76.8,6505,17.5,4,32.5,0,0,1019.7,38.1645116,-122.4616103,33.2,108.9,0,0,0
68.60,123.6,76.8,6486,18.0,4,32.8,0,0,1022.7,38.1645059,-122.4615761,33.2,108.9,0,0,0
68.70,123.7,76.9,6507,24.0,4,32.8,0,0,1025.8,38.1644996,-122.4615420,33.2,108.9,0,0,0
68.80,124.0,77.0,6497,25.5,4,32.9,0,0,1028.8,38.1644930,-122.4615084,31.9,104.7,0,0,0
68.90,123.9,77.0,6490,25.5,4,33.2,0,0,1031.7,38.1644863,-122.4614764,31.9,104.7,0,0,0
69.00,124.1,77.1,6492,29.0,4,33.0,0,0,1034.4,38.1644796,-122.4614467,31.9,104.7,0,0,0
69.10,124.0,77.1,6524,35.0,4,33.1,0,0,1037.1,38.1644725,-122.4614178,31.9,104.7,0,0,0
69.20,124.5,77.4,6541,35.5,4,33.2,0,0,1039.8,38.1644646,-122.4613883,31.9,104.7,0,0,0
69.30,124.8,77.5,6578,44.0,4,32.9,0,0,1042.6,38.1644559,-122.4613579,31.9,104.7,0,0,0
69.40,125.2,77.8,6597,45.0,4,32.9,0,0,1045.5,38.1644466,-122.4613270,31.9,104.7,0,0,0
69.50,125.9,78.3,6618,45.0,4,33.0,0,0,1048.4,38.1644366,-122.4612960,31.9,104.7,0,0,0
69.60,126.2,78.4,6639,46.5,4,32.8,0,0,1051.4,38.1644259,-122.4612650,31.9,104.7,0,0,0
69.70,126.7,78.7,6679,49.5,4,33.0,0,0,1054.4,38.1644146,-122.4612340,31.9,104.7,0,0,0
69.80,127.6,79.3,6719,52.0,4,33.0,0,0,1057.4,38.1644029,-122.4612031,29.4,96.5,0,0,0
69.90,128.5,79.8,6733,53.0,4,32.8,0,0,1060.4,38.1643906,-122.4611723,29.4,96.5,0,0,0
70.00,128.2,79.7,6756,58.5,4,32.1,0,0,1063.5,38.1643775,-122.4611417,29.4,96.5,0,0,0
70.10,129.2,80.3,6789,58.5,4,31.5,0,0,1066.6,38.1643636,-122.4611109,29.4,96.5,0,0,0
70.20,129.9,80.7,6802,58.5,4,31.0,0,0,1069.7,38.1643489,-122.4610801,29.4,96.5,0,0,0
70.30,129.9,80.7,6831,62.0,4,30.5,0,0,1072.9,38.1643339,-122.4610494,29.4,96.5,0,0,0
70.40,130.1,80.9,6881,64.5,4,30.5,0,0,1076.0,38.1643183,-122.4610191,29.4,96.5,0,0,0
70.50,131.7,81.8,6929,66.5,4,30.4,0,0,1079.2,38.1643021,-122.4609891,29.4,96.5,0,0,0
70.60,132.2,82.2,6963,67.5,4,30.0,0,0,1082.4,38.1642853,-122.4609594,29.4,96.5,0,0,0
70.70,133.0,82.7,7016,68.5,4,29.7,0,0,1085.6,38.1642678,-122.4609301,29.4,96.5,0,0,0
70.80,133.8,83.1,7060,69.5,4,29.7,0,0,1088.9,38.1642496,-122.4609010,28.0,91.9,0,0,0
70.90,134.9,83.8,7103,69.5,4,29.9,0,0,1092.2,38.1642306,-122.4608721,28.0,91.9,0,0,0
71.00,135.7,84.3,7155,70.5,4,30.2,0,0,1095.5,38.1642109,-122.4608434,28.0,91.9,0,0,0
71.10,136.6,84.9,7181,72.5,4,30.0,0,0,1098.8,38.1641909,-122.4608151,28.0,91.9,0,0,0
71.20,137.2,85.3,7212,73.0,4,29.6,0,0,1102.2,38.1641706,-122.4607871,28.0,91.9,0,0,0
71.30,137.7,85.6,7223,76.5,4,28.9,0,0,1105.5,38.1641496,-122.4607594,28.0,91.9,0,0,0
71.40,138.4,86.0,7263,79.5,4,28.2,0,0,1108.9,38.1641279,-122.4607324,28.0,91.9,0,0,0
71.50,138.7,86.2,7291,80.0,4,27.4,0,0,1112.3,38.1641056,-122.4607058,28.0,91.9,0,0,0
71.60,138.9,86.3,7309,80.0,4,26.4,0,0,1115.7,38.1640829,-122.4606793,28.0,91.9,0,0,0
71.70,139.5,86.7,7341,82.0,4,25.4,0,0,1119.2,38.1640599,-122.4606532,28.0,91.9,0,0,0
71.80,139.9,86.9,7395,85.0,4,24.5,0,0,1122.6,38.1640366,-122.4606278,29.4,96.5,0,0,0
71.90,140.8,87.5,7377,89.5,4,23.2,0,0,1126.0,38.1640126,-122.4606034,29.4,96.5,0,0,0
72.00,141.0,87.6,7384,93.0,4,21.6,0,0,1129.4,38.1639879,-122.4605794,29.4,96.5,0,0,0
72.10,140.9,87.5,7382,93.0,4,19.8,0,0,1133.0,38.1639626,-122.4605552,29.4,96.5,0,0,0
72.20,141.4,87.9,7415,93.0,4,17.9,0,0,1136.6,38.1639366,-122.4605308,29.4,96.5,0,0,0
72.30,141.8,88.1,7461,93.0,4,16.4,0,0,1140.2,38.1639102,-122.4605063,29.4,96.5,0,0,0
72.40,141.7,88.0,7460,93.0,4,14.9,0,0,1143.8,38.1638837,-122.4604822,29.4,96.5,0,0,0
72.50,142.4,88.5,7465,93.0,4,13.3,0,0,1147.4,38.1638569,-122.4604585,29.4,96.5,0,0,0
72.60,142.7,88.7,7487,92.0,4,11.4,0,0,1151.1,38.1638299,-122.4604352,29.4,96.5,0,0,0
72.70,143.3,89.1,7538,88.5,4,9.6,0,0,1154.7,38.1638026,-122.4604115,29.4,96.5,0,0,0
72.80,143.7,89.3,7566,82.5,4,7.8,0,0,1158.4,38.1637749,-122.4603881,31.4,103.0,0,0,0
72.90,144.3,89.7,7584,78.0,4,6.4,0,0,1162.1,38.1637470,-122.4603650,31.4,103.0,0,0,0
73.00,144.6,89.8,7607,76.0,4,5.1,0,0,1165.9,38.1637190,-122.4603419,31.4,103.0,0,0,0
73.10,145.2,90.2,7636,73.5,4,3.5,0,0,1169.6,38.1636909,-122.4603186,31.4,103.0,0,0,0
73.20,145.6,90.5,7531,41.0,4,2.0,0,0,1173.3,38.1636626,-122.4602950,31.4,103.0,0,0,0
73.30,143.6,89.2,7291,0.0,4,0.6,0,0,1177.1,38.1636340,-122.4602713,31.4,103.0,0,0,0
73.40,140.1,87.1,7370,0.0,4,-0.0,0,0,1180.9,38.1636053,-122.4602478,31.4,103.0,0,0,0
73.50,140.3,87.2,7321,0.0,4,0.6,0,0,1184.7,38.1635768,-122.4602243,31.4,103.0,0,0,0
73.60,139.7,86.8,7264,0.0,4,0.6,0,0,1188.5,38.1635483,-122.4602011,31.4,103.0,0,0,0
73.70,138.9,86.3,7424,0.0,4,-0.3,0,0,1192.2,38.1635201,-122.4601783,31.4,103.0,0,0,0
73.80,138.5,86.1,8535,0.0,3,-0.4,0,0,1195.9,38.1634924,-122.4601558,33.8,110.9,0,0,0
73.90,136.0,84.5,8480,0.0,3,0.2,0,0,1199.5,38.1634651,-122.4601333,33.8,110.9,0,0,0
74.00,135.1,83.9,8283,0.0,3,0.8,0,0,1203.0,38.1634381,-122.4601111,33.8,110.9,0,0,0
74.10,131.4,81.6,8154,0.0,3,0.8,0,0,1206.6,38.1634114,-122.4600891,33.8,110.9,0,0,0
74.20,129.6,80.5,8007,0.0,3,0.2,0,0,1210.1,38.1633851,-122.4600674,33.8,110.9,0,0,0
74.30,127.9,79.5,7945,0.0,3,-0.5,0,0,1213.5,38.1633593,-122.4600461,33.8,110.9,0,0,0
74.40,125.9,78.3,7864,0.0,3,-1.2,0,0,1216.9,38.1633338,-122.4600251,33.8,110.9,0,0,0
74.50,124.8,77.6,7780,0.0,3,-1.9,0,0,1220.2,38.1633086,-122.4600043,33.8,110.9,0,0,0
74.60,123.7,76.9,7730,0.0,3,-3.2,0,0,1223.5,38.1632838,-122.4599838,33.8,110.9,0,0,0
74.70,122.7,76.2,7616,0.0,3,-4.4,0,0,1226.8,38.1632593,-122.4599633,33.8,110.9,0,0,0
74.80,120.9,75.1,7527,0.0,3,-5.3,0,0,1230.0,38.1632351,-122.4599431,34.0,111.5,0,0,0
74.90,119.8,74.4,7450,0.0,3,-6.1,0,0,1233.2,38.1632111,-122.4599231,34.0,111.5,0,0,0
75.00,118.1,73.4,7332,0.0,3,-7.5,0,0,1236.3,38.1631873,-122.4599033,34.0,111.5,0,0,0
75.10,116.4,72.3,7231,0.0,3,-8.9,0,0,1239.4,38.1631638,-122.4598838,34.0,111.5,0,0,0
75.20,114.8,71.3,7174,0.0,3,-10.9,0,0,1242.5,38.1631407,-122.4598642,34.0,111.5,0,0,0
75.30,113.8,70.7,7096,0.0,3,-12.9,0,0,1245.6,38.1631181,-122.4598448,34.0,111.5,0,0,0
75.40,112.8,70.1,7075,0.0,3,-14.6,0,0,1248.6,38.1630960,-122.4598252,34.0,111.5,0,0,0
75.50,112.2,69.7,7000,0.0,3,-16.3,0,0,1251.5,38.1630741,-122.4598058,34.0,111.5,0,0,0
75.60,111.2,69.1,6938,0.0,3,-18.5,0,0,1254.5,38.1630524,-122.4597862,34.0,111.5,0,0,0
75.70,110.3,68.5,6890,0.0,3,-20.2,0,0,1257.4,38.1630311,-122.4597668,34.0,111.5,0,0,0
75.80,109.3,67.9,6808,0.0,3,-21.8,0,0,1260.3,38.1630104,-122.4597472,32.8,107.6,0,0,0
75.90,108.2,67.2,6794,0.0,3,-23.3,0,0,1263.1,38.1629901,-122.4597277,32.8,107.6,0,0,0
76.00,107.8,67.0,6725,0.0,3,-25.2,0,0,1265.9,38.1629704,-122.4597079,32.8,107.6,0,0,0
76.10,107.0,66.5,6670,0.0,3,-26.7,0,0,1268.7,38.1629511,-122.4596880,32.8,107.6,0,0,0
76.20,105.9,65.8,6601,0.0,3,-27.7,0,0,1271.4,38.1629324,-122.4596679,32.8,107.6,0,0,0
76.30,104.7,65.1,6559,0.0,3,-28.7,0,0,1274.1,38.1629141,-122.4596477,32.8,107.6,0,0,0
76.40,104.1,64.7,6504,0.0,3,-29.2,0,0,1276.7,38.1628964,-122.4596272,32.8,107.6,0,0,0
76.50,103.4,64.3,6456,0.0,3,-29.6,0,0,1279.4,38.1628791,-122.4596067,32.8,107.6,0,0,0
76.60,102.5,63.7,6430,0.0,3,-29.8,0,0,1282.0,38.1628621,-122.4595859,32.8,107.6,0,0,0
76.70,101.8,63.2,6363,0.0,3,-30.0,0,0,1284.6,38.1628454,-122.4595647,32.8,107.6,0,0,0
76.80,100.9,62.7,6311,0.0,3,-30.3,0,0,1287.2,38.1628294,-122.4595432,30.5,100.1,0,0,0
76.90,100.4,62.4,6285,0.0,3,-30.5,0,0,1289.7,38.1628141,-122.4595216,30.5,100.1,0,0,0
77.00,99.7,61.9,6240,0.0,3,-31.0,0,0,1292.3,38.1627994,-122.4594996,30.5,100.1,0,0,0
77.10,99.1,61.6,6182,0.0,3,-31.3,0,0,1294.8,38.1627851,-122.4594772,30.5,100.1,0,0,0
77.20,98.4,61.1,6153,0.0,3,-31.6,0,0,1297.3,38.1627711,-122.4594547,30.5,100.1,0,0,0
77.30,97.8,60.8,6146,0.0,3,-32.4,0,0,1299.8,38.1627574,-122.4594319,30.5,100.1,0,0,0
77.40,97.3,60.5,6094,0.0,3,-32.8,0,0,1302.3,38.1627444,-122.4594086,30.5,100.1,0,0,0
77.50,96.7,60.1,6088,0.0,3,-33.0,0,0,1304.8,38.1627321,-122.4593850,30.5,100.1,0,0,0
77.60,96.7,60.1,6043,0.0,3,-33.6,0,0,1307.2,38.1627204,-122.4593612,30.5,100.1,0,0,0
77.70,96.0,59.7,6023,0.0,3,-34.1,0,0,1309.6,38.1627095,-122.4593374,30.5,100.1,0,0,0
77.80,95.9,59.6,5975,0.0,3,-34.6,0,0,1312.0,38.1626994,-122.4593132,28.3,92.8,0,0,0
77.90,95.4,59.2,5953,0.0,3,-34.8,0,0,1314.4,38.1626901,-122.4592887,28.3,92.8,0,0,0
78.00,94.8,58.9,5923,0.0,3,-34.6,0,0,1316.8,38.1626814,-122.4592639,28.3,92.8,0,0,0
78.10,94.1,58.5,5907,0.0,3,-34.8,0,0,1319.1,38.1626734,-122.4592390,28.3,92.8,0,0,0
78.20,93.8,58.3,5878,0.0,3,-35.2,0,0,1321.5,38.1626661,-122.4592140,28.3,92.8,0,0,0
78.30,93.6,58.1,5848,0.0,3,-35.2,0,0,1323.8,38.1626594,-122.4591889,28.3,92.8,0,0,0
78.40,92.9,57.7,5812,0.0,3,-35.4,0,0,1326.1,38.1626531,-122.4591636,28.3,92.8,0,0,0
78.50,92.4,57.4,5802,0.0,3,-35.5,0,0,1328.4,38.1626474,-122.4591380,28.3,92.8,0,0,0
78.60,92.1,57.2,5756,0.0,3,-35.0,0,0,1330.8,38.1626421,-122.4591123,28.3,92.8,0,0,0
78.70,91.7,57.0,5732,0.0,3,-34.9,0,0,1333.1,38.1626374,-122.4590867,28.3,92.8,0,0,0
78.80,91.2,56.7,5710,0.0,3,-35.2,0,0,1335.4,38.1626334,-122.4590609,26.2,86.0,0,0,0
78.90,90.9,56.5,5715,4.0,3,-35.0,0,0,1337.6,38.1626301,-122.4590350,26.2,86.0,0,0,0
79.00,90.5,56.2,5677,5.5,3,-35.0,0,0,1339.9,38.1626274,-122.4590091,26.2,86.0,0,0,0
79.10,90.3,56.1,5668,6.5,3,-35.2,0,0,1342.2,38.1626255,-122.4589833,26.2,86.0,0,0,0
79.20,90.1,56.0,5636,8.5,3,-35.2,0,0,1344.4,38.1626244,-122.4589578,26.2,86.0,0,0,0
79.30,89.9,55.9,5708,13.5,3,-35.2,0,0,1346.7,38.1626241,-122.4589322,26.2,86.0,0,0,0
79.40,90.6,56.3,5802,17.5,3,-35.2,0,0,1348.9,38.1626244,-122.4589068,26.2,86.0,0,0,0
79.50,90.2,56.0,5680,18.0,3,-35.0,0,0,1351.1,38.1626251,-122.4588812,26.2,86.0,0,0,0
79.60,90.5,56.2,5757,21.5,3,-34.9,0,0,1353.4,38.1626264,-122.4588558,26.2,86.0,0,0,0
79.70,91.4,56.8,5774,25.5,3,-35.0,0,0,1355.6,38.1626284,-122.4588302,26.2,86.0,0,0,0
79.80,92.1,57.3,5805,25.5,3,-35.1,0,0,1357.9,38.1626312,-122.4588048,24.3,79.7,0,0,0
79.90,92.6,57.5,5833,24.5,3,-35.3,0,0,1360.1,38.1626347,-122.4587792,24.3,79.7,0,0,0
80.00,93.0,57.8,5840,24.5,3,-35.4,0,0,1362.4,38.1626389,-122.4587538,24.3,79.7,0,0,0
80.10,93.1,57.8,5868,24.0,3,-35.4,0,0,1364.7,38.1626437,-122.4587283,24.3,79.7,0,0,0
80.20,93.4,58.0,5901,21.0,3,-35.5,0,0,1367.0,38.1626492,-122.4587031,24.3,79.7,0,0,0
80.30,94.2,58.5,5878,23.0,3,-35.6,0,0,1369.3,38.1626554,-122.4586780,24.3,79.7,0,0,0
80.40,93.8,58.3,5958,27.0,3,-35.6,0,0,1371.6,38.1626624,-122.4586531,24.3,79.7,0,0,0
80.50,94.6,58.8,5992,25.0,3,-35.5,0,0,1373.9,38.1626701,-122.4586284,24.3,79.7,0,0,0
80.60,95.2,59.1,5948,21.0,3,-35.5,0,0,1376.2,38.1626781,-122.4586041,24.3,79.7,0,0,0
80.70,95.2,59.2,5993,20.5,3,-35.4,0,0,1378.5,38.1626867,-122.4585800,24.3,79.7,0,0,0
80.80,95.1,59.1,6006,18.0,3,-35.2,0,0,1380.9,38.1626961,-122.4585560,22.1,72.5,0,0,0
80.90,95.2,59.2,5959,16.5,3,-35.4,0,0,1383.2,38.1627061,-122.4585321,22.1,72.5,0,0,0
81.00,95.3,59.2,6027,15.0,3,-35.4,0,0,1385.6,38.1627164,-122.4585084,22.1,72.5,0,0,0
81.10,95.6,59.4,5974,15.0,3,-35.7,0,0,1388.0,38.1627274,-122.4584854,22.1,72.5,0,0,0
81.20,95.4,59.2,6048,15.0,3,-35.9,0,0,1390.3,38.1627391,-122.4584631,22.1,72.5,0,0,0
81.30,95.7,59.5,6027,15.0,3,-36.0,0,0,1392.7,38.1627514,-122.4584411,22.1,72.5,0,0,0
81.40,95.9,59.6,6112,22.0,3,-36.0,0,0,1395.0,38.1627641,-122.4584194,22.1,72.5,0,0,0
81.50,97.0,60.3,6114,25.5,3,-36.0,0,0,1397.4,38.1627774,-122.4583981,22.1,72.5,0,0,0
81.60,97.3,60.4,6120,24.5,3,-36.0,0,0,1399.8,38.1627914,-122.4583774,22.1,72.5,0,0,0
81.70,97.3,60.4,6127,23.5,3,-36.0,0,0,1402.2,38.1628061,-122.4583571,22.1,72.5,0,0,0
81.80,97.5,60.6,6130,25.0,3,-35.9,0,0,1404.6,38.1628211,-122.4583374,19.7,64.6,0,0,0
81.90,97.9,60.8,6185,26.0,3,-36.3,0,0,1407.0,38.1628364,-122.4583184,19.7,64.6,0,0,0
82.00,98.4,61.2,6235,32.0,3,-36.4,0,0,1409.4,38.1628524,-122.4583001,19.7,64.6,0,0,0
82.10,99.3,61.7,6273,36.0,3,-36.1,0,0,1411.8,38.1628691,-122.4582821,19.7,64.6,0,0,0
82.20,99.9,62.1,6335,36.0,3,-36.3,0,0,1414.2,38.1628861,-122.4582647,19.7,64.6,0,0,0
82.30,100.6,62.5,6343,35.0,3,-36.1,0,0,1416.7,38.1629037,-122.4582481,19.7,64.6,0,0,0
82.40,101.0,62.8,6379,32.0,3,-36.0,0,0,1419.1,38.1629218,-122.4582321,19.7,64.6,0,0,0
82.50,101.6,63.1,6406,30.5,3,-35.8,0,0,1421.6,38.1629404,-122.4582164,19.7,64.6,0,0,0
82.60,102.0,63.4,6441,32.0,3,-35.6,0,0,1424.1,38.1629594,-122.4582014,19.7,64.6,0,0,0
82.70,102.3,63.6,6445,29.5,3,-35.4,0,0,1426.6,38.1629791,-122.4581871,19.7,64.6,0,0,0
82.80,103.0,64.0,6474,26.0,3,-35.1,0,0,1429.1,38.1629990,-122.4581734,17.1,56.1,0,0,0
82.90,103.0,64.0,6468,26.0,3,-34.7,0,0,1431.6,38.1630191,-122.4581604,17.1,56.1,0,0,0
83.00,103.0,64.0,6536,24.5,3,-34.6,0,0,1434.1,38.1630394,-122.4581482,17.1,56.1,0,0,0
83.10,103.3,64.2,6502,24.5,3,-34.5,0,0,1436.7,38.1630604,-122.4581367,17.1,56.1,0,0,0
83.20,103.0,64.0,6507,25.0,3,-34.4,0,0,1439.2,38.1630818,-122.4581262,17.1,56.1,0,0,0
83.30,103.6,64.3,6512,29.5,3,-34.3,0,0,1441.8,38.1631033,-122.4581164,17.1,56.1,0,0,0
83.40,103.2,64.1,6515,31.0,3,-34.2,0,0,1444.3,38.1631251,-122.4581072,17.1,56.1,0,0,0
83.50,104.0,64.6,6546,31.0,3,-34.1,0,0,1446.9,38.1631473,-122.4580988,17.1,56.1,0,0,0
83.60,104.3,64.8,6569,31.0,3,-33.8,0,0,1449.5,38.1631698,-122.4580915,17.1,56.1,0,0,0
83.70,104.3,64.8,6559,31.5,3,-33.5,0,0,1452.0,38.1631923,-122.4580851,17.1,56.1,0,0,0
83.80,104.0,64.6,6539,31.5,3,-33.1,0,0,1454.6,38.1632151,-122.4580794,14.6,47.9,0,0,0
83.90,104.5,64.9,6601,31.5,3,-32.9,0,0,1457.2,38.1632380,-122.4580745,14.6,47.9,0,0,0
84.00,104.3,64.8,6549,32.0,3,-32.5,0,0,1459.8,38.1632610,-122.4580708,14.6,47.9,0,0,0
84.10,104.1,64.7,6555,32.0,3,-32.1,0,0,1462.3,38.1632839,-122.4580682,14.6,47.9,0,0,0
84.20,104.0,64.6,6581,32.0,3,-31.7,0,0,1464.9,38.1633068,-122.4580665,14.6,47.9,0,0,0
84.30,104.3,64.8,6575,34.5,3,-31.4,0,0,1467.4,38.1633296,-122.4580657,14.6,47.9,0,0,0
84.40,104.2,64.8,6578,35.0,3,-31.3,0,0,1470.0,38.1633528,-122.4580659,14.6,47.9,0,0,0
84.50,104.1,64.7,6569,36.0,3,-31.5,0,0,1472.6,38.1633759,-122.4580667,14.6,47.9,0,0,0
84.60,104.3,64.8,6589,43.5,3,-31.8,0,0,1475.1,38.1633990,-122.4580682,14.6,47.9,0,0,0
84.70,105.0,65.2,6659,45.5,3,-32.2,0,0,1477.7,38.1634219,-122.4580707,14.6,47.9,0,0,0
84.80,105.7,65.7,6647,44.0,3,-32.8,0,0,1480.3,38.1634447,-122.4580742,14.5,47.6,0,0,0
84.90,106.1,65.9,6673,50.0,3,-33.0,0,0,1482.8,38.1634673,-122.4580787,14.5,47.6,0,0,0
85.00,106.1,65.9,6737,56.0,3,-33.0,0,0,1485.4,38.1634901,-122.4580842,14.5,47.6,0,0,0
85.10,107.5,66.8,6777,58.5,3,-33.1,0,0,1488.0,38.1635129,-122.4580904,14.5,47.6,0,0,0
85.20,108.1,67.2,6854,62.0,3,-33.0,0,0,1490.6,38.1635357,-122.4580972,14.5,47.6,0,0,0
85.30,109.1,67.8,6915,62.0,3,-32.8,0,0,1493.2,38.1635583,-122.4581047,14.5,47.6,0,0,0
85.40,110.2,68.5,6961,62.5,3,-32.7,0,0,1495.8,38.1635811,-122.4581132,14.5,47.6,0,0,0
85.50,110.3,68.5,7001,63.5,3,-32.6,0,0,1498.5,38.1636040,-122.4581224,14.5,47.6,0,0,0
85.60,111.8,69.5,7088,63.5,3,-32.6,0,0,1501.2,38.1636270,-122.4581324,14.5,47.6,0,0,0
85.70,112.4,69.9,7110,64.0,3,-32.4,0,0,1503.9,38.1636500,-122.4581432,14.5,47.6,0,0,0
85.80,113.4,70.5,7208,65.0,3,-32.1,0,0,1506.7,38.1636730,-122.4581547,15.5,50.9,0,0,0
85.90,114.1,70.9,7261,67.0,3,-31.8,0,0,1509.4,38.1636960,-122.4581671,15.5,50.9,0,0,0
86.00,115.3,71.6,7323,67.5,3,-31.6,0,0,1512.2,38.1637189,-122.4581801,15.5,50.9,0,0,0
86.10,116.2,72.2,7363,68.0,3,-31.3,0,0,1515.0,38.1637417,-122.4581937,15.5,50.9,0,0,0
86.20,117.2,72.8,7421,69.0,3,-30.8,0,0,1517.8,38.1637643,-122.4582082,15.5,50.9,0,0,0
86.30,117.8,73.2,7417,69.0,3,-30.5,0,0,1520.7,38.1637870,-122.4582234,15.5,50.9,0,0,0
86.40,118.2,73.4,7514,69.0,3,-30.2,0,0,1523.6,38.1638097,-122.4582394,15.5,50.9,0,0,0
86.50,119.4,74.2,7561,69.0,3,-30.0,0,0,1526.5,38.1638322,-122.4582561,15.5,50.9,0,0,0
86.60,119.9,74.5,7607,71.0,3,-29.9,0,0,1529.4,38.1638547,-122.4582735,15.5,50.9,0,0,0
86.70,121.2,75.3,7705,72.0,3,-29.8,0,0,1532.3,38.1638769,-122.4582917,15.5,50.9,0,0,0
86.80,122.3,76.0,7715,71.5,3,-29.3,0,0,1535.3,38.1638990,-122.4583109,16.4,53.8,0,0,0
86.90,123.0,76.5,7787,73.0,3,-28.7,0,0,1538.3,38.1639210,-122.4583307,16.4,53.8,0,0,0
87.00,123.8,76.9,7839,73.5,3,-28.0,0,0,1541.3,38.1639429,-122.4583512,16.4,53.8,0,0,0
87.10,124.4,77.3,7860,72.5,3,-27.4,0,0,1544.4,38.1639647,-122.4583724,16.4,53.8,0,0,0
87.20,125.5,78.0,7912,72.5,3,-26.6,0,0,1547.5,38.1639863,-122.4583944,16.4,53.8,0,0,0
87.30,125.9,78.3,7924,71.0,3,-25.5,0,0,1550.6,38.1640080,-122.4584171,16.4,53.8,0,0,0
87.40,126.0,78.3,7973,70.5,3,-24.7,0,0,1553.7,38.1640297,-122.4584404,16.4,53.8,0,0,0
87.50,126.9,78.8,8022,72.0,3,-24.1,0,0,1556.9,38.1640512,-122.4584641,16.4,53.8,0,0,0
87.60,127.7,79.4,8048,72.0,3,-23.2,0,0,1560.1,38.1640727,-122.4584884,16.4,53.8,0,0,0
87.70,127.4,79.2,8035,71.5,3,-21.9,0,0,1563.3,38.1640939,-122.4585134,16.4,53.8,0,0,0
87.80,127.9,79.5,8117,71.5,3,-21.7,0,0,1566.6,38.1641147,-122.4585391,17.3,56.8,0,0,0
87.90,129.6,80.5,8235,71.5,3,-22.5,0,0,1569.8,38.1641352,-122.4585654,17.3,56.8,0,0,0
88.00,131.3,81.6,8341,71.5,3,-23.6,0,0,1573.1,38.1641558,-122.4585921,17.3,56.8,0,0,0
88.10,132.7,82.5,8381,73.0,3,-24.2,0,0,1576.3,38.1641763,-122.4586191,17.3,56.8,0,0,0
88.20,133.0,82.6,8444,75.0,3,-24.3,0,0,1579.7,38.1641970,-122.4586464,17.3,56.8,0,0,0
88.30,133.9,83.2,8540,77.5,3,-25.0,0,0,1583.0,38.1642177,-122.4586744,17.3,56.8,0,0,0
88.40,135.3,84.1,8577,80.0,3,-24.7,0,0,1586.4,38.1642382,-122.4587028,17.3,56.8,0,0,0
88.50,136.2,84.6,8639,82.5,3,-22.9,0,0,1589.8,38.1642587,-122.4587317,17.3,56.8,0,0,0
88.60,137.0,85.1,8757,83.5,3,-22.5,0,0,1593.2,38.1642789,-122.4587611,17.3,56.8,0,0,0
88.70,139.1,86.4,8801,84.5,3,-22.8,0,0,1596.6,38.1642990,-122.4587911,17.3,56.8,0,0,0
88.80,139.2,86.5,8824,84.5,3,-22.2,0,0,1600.1,38.1643190,-122.4588214,18.2,59.7,0,0,0
88.90,139.6,86.7,8879,85.0,3,-20.8,0,0,1603.6,38.1643390,-122.4588521,18.2,59.7,0,0,0
89.00,140.8,87.5,8964,86.0,3,-19.2,0,0,1607.1,38.1643590,-122.4588834,18.2,59.7,0,0,0
89.10,142.1,88.3,9020,87.0,3,-18.1,0,0,1610.7,38.1643790,-122.4589154,18.2,59.7,0,0,0
89.20,143.0,88.9,9064,88.5,3,-17.1,0,0,1614.3,38.1643990,-122.4589481,18.2,59.7,0,0,0
89.30,143.7,89.3,9113,89.5,3,-16.4,0,0,1618.0,38.1644190,-122.4589811,18.2,59.7,0,0,0
89.40,144.6,89.9,9206,89.5,3,-16.4,0,0,1621.6,38.1644390,-122.4590144,18.2,59.7,0,0,0
89.50,145.4,90.4,9274,90.5,3,-16.5,0,0,1625.3,38.1644590,-122.4590481,18.2,59.7,0,0,0
89.60,146.7,91.2,9303,91.0,3,-16.0,0,0,1629.0,38.1644789,-122.4590824,18.2,59.7,0,0,0
89.70,147.4,91.6,9378,91.5,3,-14.7,0,0,1632.8,38.1644987,-122.4591171,18.2,59.7,0,0,0
89.80,148.8,92.4,9435,92.5,3,-13.8,0,0,1636.5,38.1645183,-122.4591521,19.4,63.6,0,0,0
89.90,149.6,93.0,9512,93.0,3,-13.7,0,0,1640.3,38.1645381,-122.4591874,19.4,63.6,0,0,0
90.00,150.5,93.5,9579,93.0,3,-13.7,0,0,1644.2,38.1645580,-122.4592234,19.4,63.6,0,0,0
90.10,151.5,94.2,9625,96.5,3,-13.4,0,0,1648.1,38.1645780,-122.4592598,19.4,63.6,0,0,0
90.20,152.7,94.9,9690,100.0,3,-13.0,0,0,1652.0,38.1645979,-122.4592964,19.4,63.6,0,0,0
90.30,153.6,95.5,9738,100.0,3,-12.8,0,0,1655.9,38.1646177,-122.4593334,19.4,63.6,0,0,0
90.40,155.0,96.3,9817,100.0,3,-12.8,0,0,1659.8,38.1646372,-122.4593708,19.4,63.6,0,0,0
90.50,156.4,97.2,9879,100.0,3,-12.7,0,0,1663.7,38.1646567,-122.4594084,19.4,63.6,0,0,0
90.60,157.0,97.6,9954,100.0,3,-12.7,0,0,1667.7,38.1646760,-122.4594464,19.4,63.6,0,0,0
90.70,158.4,98.4,10037,100.0,3,-13.1,0,0,1671.7,38.1646954,-122.4594851,19.4,63.6,0,0,0
90.80,159.3,99.0,10094,100.0,3,-13.8,0,0,1675.7,38.1647150,-122.4595241,21.5,70.5,0,0,0
90.90,160.7,99.9,9417,100.0,3,-14.7,0,0,1679.8,38.1647347,-122.4595634,21.5,70.5,0,0,0
91.00,158.0,98.2,8449,100.0,4,-14.8,0,0,1683.9,38.1647542,-122.4596031,21.5,70.5,0,0,0
91.10,161.7,100.5,8490,100.0,4,-14.8,0,0,1688.0,38.1647737,-122.4596431,21.5,70.5,0,0,0
91.20,161.5,100.4,8506,100.0,4,-14.9,0,0,1692.1,38.1647929,-122.4596833,21.5,70.5,0,0,0
91.30,161.3,100.2,8542,100.0,4,-14.0,0,0,1696.3,38.1648120,-122.4597238,21.5,70.5,0,0,0
91.40,162.5,101.0,8577,100.0,4,-13.2,0,0,1700.4,38.1648310,-122.4597644,21.5,70.5,0,0,0
91.50,163.3,101.5,8626,100.0,4,-12.6,0,0,1704.6,38.1648500,-122.4598054,21.5,70.5,0,0,0
91.60,164.3,102.1,8661,100.0,4,-12.0,0,0,1708.7,38.1648690,-122.4598468,21.5,70.5,0,0,0
91.70,164.5,102.2,8674,100.0,4,-11.5,0,0,1712.9,38.1648880,-122.4598883,21.5,70.5,0,0,0
91.80,165.2,102.7,8659,100.0,4,-11.2,0,0,1717.2,38.1649069,-122.4599301,23.6,77.4,0,0,0
91.90,165.0,102.6,8734,100.0,4,-11.1,0,0,1721.4,38.1649257,-122.4599724,23.6,77.4,0,0,0
92.00,166.6,103.5,8798,100.0,4,-11.2,0,0,1725.7,38.1649443,-122.4600151,23.6,77.4,0,0,0
92.10,166.8,103.6,8814,100.0,4,-10.7,0,0,1730.0,38.1649630,-122.4600580,23.6,77.4,0,0,0
92.20,167.2,103.9,8842,100.0,4,-9.7,0,0,1734.3,38.1649817,-122.4601010,23.6,77.4,0,0,0
92.30,168.3,104.6,8900,100.0,4,-9.2,0,0,1738.6,38.1650002,-122.4601441,23.6,77.4,0,0,0
92.40,168.3,104.6,8892,100.0,4,-9.0,0,0,1742.9,38.1650188,-122.4601874,23.6,77.4,0,0,0
92.50,168.8,104.9,8951,100.0,4,-8.3,0,0,1747.2,38.1650372,-122.4602311,23.6,77.4,0,0,0
92.60,170.1,105.7,8966,100.0,4,-7.5,0,0,1751.6,38.1650557,-122.4602751,23.6,77.4,0,0,0
92.70,170.0,105.6,8947,100.0,4,-6.8,0,0,1755.9,38.1650740,-122.4603193,23.6,77.4,0,0,0
92.80,171.3,106.5,9017,94.5,4,-5.9,0,0,1760.3,38.1650923,-122.4603638,25.6,84.0,0,0,0
92.90,171.5,106.6,8958,81.0,4,-5.3,0,0,1764.7,38.1651107,-122.4604083,25.6,84.0,0,0,0
93.00,171.3,106.5,8908,54.5,4,-4.6,0,0,1769.1,38.1651289,-122.4604531,25.6,84.0,0,0,0
93.10,170.4,105.9,8876,46.0,4,-4.1,0,0,1773.5,38.1651470,-122.4604980,25.6,84.0,0,0,0
93.20,169.8,105.5,8829,36.0,4,-3.8,0,0,1778.0,38.1651650,-122.4605430,25.6,84.0,0,0,0
93.30,169.4,105.2,8795,25.0,4,-3.7,0,0,1782.4,38.1651830,-122.4605879,25.6,84.0,0,0,0
93.40,167.5,104.1,8711,14.5,4,-4.0,0,0,1786.8,38.1652009,-122.4606326,25.6,84.0,0,0,0
93.50,166.4,103.4,8297,2.0,4,-4.3,0,0,1791.1,38.1652187,-122.4606769,25.6,84.0,0,0,0
93.60,165.0,102.5,8538,0.0,4,-4.6,0,0,1795.4,38.1652362,-122.4607210,25.6,84.0,0,0,0
93.70,162.8,101.1,8449,0.0,4,-3.7,0,0,1799.7,38.1652537,-122.4607649,25.6,84.0,0,0,0
93.80,161.0,100.1,8383,0.0,4,-2.3,0,0,1804.0,38.1652709,-122.4608086,27.6,90.6,0,0,0
93.90,159.8,99.3,8276,0.0,4,-2.0,0,0,1808.2,38.1652880,-122.4608516,27.6,90.6,0,0,0
94.00,157.8,98.0,8188,0.0,4,-2.1,0,0,1812.4,38.1653049,-122.4608939,27.6,90.6,0,0,0
94.10,156.1,97.0,8073,0.0,4,-1.6,0,0,1816.5,38.1653216,-122.4609359,27.6,90.6,0,0,0
94.20,153.4,95.3,7883,0.0,4,-1.3,0,0,1820.5,38.1653379,-122.4609776,27.6,90.6,0,0,0
94.30,150.1,93.3,7762,0.0,4,-0.5,0,0,1824.5,38.1653540,-122.4610186,27.6,90.6,0,0,0
94.40,148.0,92.0,7651,0.0,4,-0.5,0,0,1828.5,38.1653700,-122.4610589,27.6,90.6,0,0,0
94.50,145.5,90.4,7493,0.0,4,-1.0,0,0,1832.4,38.1653859,-122.4610986,27.6,90.6,0,0,0
94.60,142.3,88.4,7323,0.0,4,-1.2,0,0,1836.2,38.1654016,-122.4611378,27.6,90.6,0,0,0
94.70,139.6,86.7,7233,0.0,4,-1.6,0,0,1840.0,38.1654169,-122.4611763,27.6,90.6,0,0,0
94.80,137.7,85.6,7109,0.0,4,-2.2,0,0,1843.7,38.1654319,-122.4612138,29.5,96.8,0,0,0
94.90,135.3,84.1,7236,0.0,4,-2.9,0,0,1847.3,38.1654466,-122.4612506,29.5,96.8,0,0,0
95.00,133.6,83.0,8269,0.0,3,-3.2,0,0,1850.8,38.1654610,-122.4612869,29.5,96.8,0,0,0
95.10,131.0,81.4,8177,0.0,3,-2.5,0,0,1854.4,38.1654753,-122.4613229,29.5,96.8,0,0,0
95.20,129.3,80.4,7914,0.0,3,-1.6,0,0,1857.9,38.1654897,-122.4613583,29.5,96.8,0,0,0
95.30,126.0,78.3,7792,0.0,3,-1.0,0,0,1861.3,38.1655039,-122.4613931,29.5,96.8,0,0,0
95.40,123.7,76.9,7632,0.0,3,-0.5,0,0,1864.7,38.1655179,-122.4614273,29.5,96.8,0,0,0
95.50,121.5,75.5,7561,0.0,3,-0.3,0,0,1868.0,38.1655316,-122.4614608,29.5,96.8,0,0,0
95.60,120.2,74.7,7429,0.0,3,0.1,0,0,1871.2,38.1655449,-122.4614936,29.5,96.8,0,0,0
95.70,117.7,73.2,7268,0.0,3,0.3,0,0,1874.3,38.1655580,-122.4615256,29.5,96.8,0,0,0
95.80,115.5,71.8,7181,0.0,3,0.1,0,0,1877.4,38.1655709,-122.4615569,31.6,103.7,0,0,0
95.90,114.5,71.1,8499,0.0,3,-0.5,0,0,1880.5,38.1655836,-122.4615879,31.6,103.7,0,0,0
96.00,109.9,68.3,8813,0.0,2,-0.2,0,0,1883.5,38.1655959,-122.4616186,31.6,103.7,0,0,0
96.10,110.7,68.8,8465,0.0,2,0.3,0,0,1886.4,38.1656076,-122.4616486,31.6,103.7,0,0,0
96.20,107.9,67.0,8387,0.0,2,1.0,0,0,1889.3,38.1656186,-122.4616779,31.6,103.7,0,0,0
96.30,106.8,66.3,8276,0.0,2,1.3,0,0,1892.0,38.1656290,-122.4617067,31.6,103.7,0,0,0
96.40,105.2,65.4,8190,0.0,2,0.9,0,0,1894.8,38.1656394,-122.4617352,31.6,103.7,0,0,0
96.50,104.0,64.6,8050,0.0,2,0.2,0,0,1897.5,38.1656501,-122.4617636,31.6,103.7,0,0,0
96.60,102.4,63.7,7958,0.0,2,0.3,0,0,1900.3,38.1656609,-122.4617916,31.6,103.7,0,0,0
96.70,101.1,62.8,7851,0.0,2,0.1,0,0,1902.9,38.1656717,-122.4618189,31.6,103.7,0,0,0
96.80,99.9,62.1,7762,0.0,2,-0.4,0,0,1905.6,38.1656822,-122.4618459,32.8,107.6,0,0,0
96.90,98.4,61.1,7628,0.0,2,-0.4,0,0,1908.2,38.1656927,-122.4618727,32.8,107.6,0,0,0
97.00,97.1,60.3,7540,0.0,2,0.1,0,0,1910.8,38.1657029,-122.4618992,32.8,107.6,0,0,0
97.10,95.8,59.5,7430,0.0,2,0.1,0,0,1913.3,38.1657130,-122.4619254,32.8,107.6,0,0,0
97.20,94.4,58.7,7328,0.0,2,-0.7,0,0,1915.8,38.1657230,-122.4619511,32.8,107.6,0,0,0
97.30,92.8,57.7,7184,0.0,2,-0.6,0,0,1918.3,38.1657330,-122.4619764,32.8,107.6,0,0,0
97.40,91.4,56.8,7124,0.0,2,0.7,0,0,1920.7,38.1657429,-122.4620012,32.8,107.6,0,0,0
97.50,90.3,56.1,7014,0.0,2,1.2,0,0,1923.1,38.1657527,-122.4620257,32.8,107.6,0,0,0
97.60,89.1,55.3,6908,0.0,2,1.8,0,0,1925.5,38.1657623,-122.4620499,32.8,107.6,0,0,0
97.70,87.7,54.5,6780,0.0,2,3.5,0,0,1927.8,38.1657720,-122.4620736,32.8,107.6,0,0,0
97.80,86.3,53.6,6689,0.0,2,5.8,0,0,1930.1,38.1657817,-122.4620969,33.7,110.6,0,0,0
97.90,84.9,52.7,6624,0.0,2,8.4,0,0,1932.4,38.1657912,-122.4621196,33.7,110.6,0,0,0
98.00,84.0,52.2,6535,0.0,2,10.7,0,0,1934.6,38.1658008,-122.4621419,33.7,110.6,0,0,0
98.10,83.1,51.7,6438,0.0,2,12.2,0,0,1936.8,38.1658102,-122.4621639,33.7,110.6,0,0,0
98.20,81.9,50.9,6350,0.0,2,13.1,0,0,1939.0,38.1658198,-122.4621856,33.7,110.6,0,0,0
98.30,80.9,50.3,6278,0.0,2,14.0,0,0,1941.1,38.1658292,-122.4622066,33.7,110.6,0,0,0
98.40,79.8,49.6,6209,0.0,2,15.3,0,0,1943.2,38.1658388,-122.4622269,33.7,110.6,0,0,0
98.50,78.9,49.0,6145,0.0,2,17.1,0,0,1945.2,38.1658483,-122.4622469,33.7,110.6,0,0,0
98.60,78.0,48.4,6067,0.0,2,19.2,0,0,1947.2,38.1658580,-122.4622666,33.7,110.6,0,0,0
98.70,77.2,48.0,5994,0.0,2,20.9,0,0,1949.2,38.1658678,-122.4622859,33.7,110.6,0,0,0
98.80,76.1,47.3,5907,0.0,2,22.5,0,0,1951.2,38.1658776,-122.4623046,34.7,113.8,0,0,0
98.90,75.2,46.7,5802,0.0,2,23.2,0,0,1953.1,38.1658878,-122.4623226,34.7,113.8,0,0,0
99.00,74.1,46.0,5744,0.0,2,23.8,0,0,1955.0,38.1658980,-122.4623399,34.7,113.8,0,0,0
99.10,72.9,45.3,5694,0.0,2,24.9,0,0,1956.9,38.1659084,-122.4623569,34.7,113.8,0,0,0
99.20,72.4,45.0,5637,0.0,2,25.6,0,0,1958.8,38.1659191,-122.4623736,34.7,113.8,0,0,0
99.30,71.4,44.4,5551,0.0,2,26.3,0,0,1960.7,38.1659300,-122.4623896,34.7,113.8,0,0,0
99.40,70.5,43.8,5474,0.0,2,26.9,0,0,1962.5,38.1659410,-122.4624049,34.7,113.8,0,0,0
99.50,69.6,43.2,5441,0.0,2,27.5,0,0,1964.2,38.1659521,-122.4624196,34.7,113.8,0,0,0
99.60,68.8,42.7,5376,6.5,2,28.1,0,0,1966.0,38.1659633,-122.4624339,34.7,113.8,0,0,0
99.70,68.2,42.4,5331,10.5,2,28.6,0,0,1967.8,38.1659748,-122.4624476,34.7,113.8,0,0,0
99.80,67.4,41.9,5310,11.5,2,29.2,0,0,1969.5,38.1659863,-122.4624606,35.2,115.5,0,0,0
99.90,67.3,41.8,5379,16.0,2,29.4,0,0,1971.2,38.1659981,-122.4624729,35.2,115.5,0,0,0
100.00,66.6,41.4,5455,16.0,2,28.9,0,0,1972.9,38.1660101,-122.4624849,35.2,115.5,0,0,0
100.10,67.4,41.9,5192,16.0,2,29.3,0,0,1974.6,38.1660224,-122.4624963,35.2,115.5,0,0,0
100.20,66.0,41.0,5217,16.0,2,30.4,0,0,1976.2,38.1660350,-122.4625069,35.2,115.5,0,0,0
100.30,66.3,41.2,5164,16.0,2,31.4,0,0,1977.9,38.1660477,-122.4625169,35.2,115.5,0,0,0
100.40,66.2,41.1,5225,15.0,2,32.6,0,0,1979.5,38.1660604,-122.4625263,35.2,115.5,0,0,0
100.50,66.2,41.1,5226,16.0,2,33.9,0,0,1981.2,38.1660734,-122.4625349,35.2,115.5,0,0,0
100.60,66.2,41.1,5200,19.0,2,35.2,0,0,1982.8,38.1660871,-122.4625429,35.2,115.5,0,0,0
100.70,66.3,41.2,5258,19.5,2,36.8,0,0,1984.5,38.1661010,-122.4625506,35.2,115.5,0,0,0
100.80,67.0,41.6,5286,19.5,2,38.0,0,0,1986.2,38.1661149,-122.4625576,35.5,116.5,0,0,0
100.90,67.0,41.6,5290,19.5,2,39.1,0,0,1987.8,38.1661288,-122.4625639,35.5,116.5,0,0,0
101.00,67.2,41.8,5251,19.5,2,39.8,0,0,1989.4,38.1661426,-122.4625696,35.5,116.5,0,0,0
101.10,66.9,41.6,5290,19.5,2,40.2,0,0,1991.1,38.1661568,-122.4625745,35.5,116.5,0,0,0
101.20,67.3,41.8,5226,22.5,2,40.2,0,0,1992.7,38.1661709,-122.4625782,35.5,116.5,0,0,0
101.30,66.5,41.3,5245,23.0,2,40.3,0,0,1994.3,38.1661850,-122.4625808,35.5,116.5,0,0,0
101.40,66.5,41.3,5256,24.0,2,40.3,0,0,1995.8,38.1661991,-122.4625826,35.5,116.5,0,0,0
101.50,66.7,41.5,5356,28.0,2,40.4,0,0,1997.4,38.1662133,-122.4625835,35.5,116.5,0,0,0
101.60,67.7,42.1,5339,30.5,2,40.4,0,0,1999.0,38.1662278,-122.4625835,35.5,116.5,0,0,0
101.70,67.9,42.2,5375,31.0,2,40.5,0,0,2000.6,38.1662422,-122.4625825,35.5,116.5,0,0,0
101.80,68.3,42.4,5375,31.5,2,40.4,0,0,2002.3,38.1662568,-122.4625806,35.6,116.8,0,0,0
101.90,68.3,42.4,5406,29.0,2,40.6,0,0,2003.9,38.1662712,-122.4625778,35.6,116.8,0,0,0
102.00,69.0,42.9,5441,29.5,2,40.9,0,0,2005.5,38.1662857,-122.4625743,35.6,116.8,0,0,0
102.10,69.2,43.0,5477,31.0,2,41.3,0,0,2007.2,38.1662999,-122.4625698,35.6,116.8,0,0,0
102.20,69.7,43.3,5507,31.5,2,41.6,0,0,2008.8,38.1663140,-122.4625645,35.6,116.8,0,0,0
102.30,70.0,43.5,5536,33.5,2,41.6,0,0,2010.4,38.1663279,-122.4625582,35.6,116.8,0,0,0
102.40,70.2,43.6,5593,37.5,2,41.5,0,0,2012.1,38.1663417,-122.4625508,35.6,116.8,0,0,0
102.50,71.3,44.3,5635,38.5,2,41.1,0,0,2013.8,38.1663552,-122.4625426,35.6,116.8,0,0,0
102.60,71.7,44.6,5623,33.0,2,40.9,0,0,2015.5,38.1663687,-122.4625335,35.6,116.8,0,0,0
102.70,71.2,44.2,5657,23.5,2,41.2,0,0,2017.2,38.1663819,-122.4625235,35.6,116.8,0,0,0
102.80,71.8,44.6,5665,24.0,2,41.4,0,0,2018.9,38.1663949,-122.4625125,35.7,117.1,0,0,0
102.90,72.1,44.8,5673,24.0,2,41.7,0,0,2020.7,38.1664076,-122.4625006,35.7,117.1,0,0,0
103.00,72.1,44.8,5679,24.5,2,41.9,0,0,2022.4,38.1664196,-122.4624879,35.7,117.1,0,0,0
103.10,71.5,44.4,5714,25.0,2,41.6,0,0,2024.1,38.1664309,-122.4624746,35.7,117.1,0,0,0
103.20,72.8,45.2,5701,26.5,2,41.5,0,0,2025.8,38.1664416,-122.4624606,35.7,117.1,0,0,0
103.30,72.9,45.3,5757,32.0,2,40.9,0,0,2027.5,38.1664519,-122.4624459,35.7,117.1,0,0,0
103.40,73.0,45.4,5754,31.5,2,40.4,0,0,2029.3,38.1664619,-122.4624306,35.7,117.1,0,0,0
103.50,73.4,45.6,5783,31.5,2,40.3,0,0,2031.0,38.1664713,-122.4624149,35.7,117.1,0,0,0
103.60,73.7,45.8,5822,31.5,2,40.3,0,0,2032.7,38.1664799,-122.4623986,35.7,117.1,0,0,0
103.70,74.3,46.2,5886,32.0,2,40.6,0,0,2034.5,38.1664879,-122.4623816,35.7,117.1,0,0,0
103.80,75.0,46.6,5956,35.0,2,40.7,0,0,2036.2,38.1664956,-122.4623639,35.7,117.1,0,0,0
103.90,75.7,47.0,5948,35.5,2,40.7,0,0,2038.0,38.1665026,-122.4623456,35.7,117.1,0,0,0
104.00,75.9,47.1,6033,35.5,2,40.8,0,0,2039.8,38.1665089,-122.4623269,35.7,117.1,0,0,0
104.10,76.8,47.8,6040,35.5,2,40.6,0,0,2041.6,38.1665149,-122.4623076,35.7,117.1,0,0,0
104.20,76.8,47.8,6101,36.5,2,40.7,0,0,2043.4,38.1665203,-122.4622879,35.7,117.1,0,0,0
104.30,78.0,48.4,6171,36.5,2,41.0,0,0,2045.3,38.1665248,-122.4622676,35.7,117.1,0,0,0
104.40,78.8,48.9,6265,40.5,2,41.1,0,0,2047.1,38.1665286,-122.4622469,35.7,117.1,0,0,0
104.50,79.9,49.6,6254,41.5,2,40.9,0,0,2049.0,38.1665318,-122.4622259,35.7,117.1,0,0,0
104.60,80.2,49.8,6352,47.0,2,40.3,0,0,2050.9,38.1665343,-122.4622046,35.7,117.1,0,0,0
104.70,81.2,50.5,6441,47.5,2,39.3,0,0,2052.8,38.1665358,-122.4621829,35.7,117.1,0,0,0
104.80,82.5,51.3,6513,48.0,2,38.7,0,0,2054.7,38.1665366,-122.4621607,35.4,116.1,0,0,0
104.90,82.8,51.5,6636,49.5,2,38.6,0,0,2056.7,38.1665366,-122.4621382,35.4,116.1,0,0,0
105.00,84.5,52.5,6752,53.0,2,38.8,0,0,2058.7,38.1665359,-122.4621156,35.4,116.1,0,0,0
105.10,85.8,53.3,6889,56.0,2,38.9,0,0,2060.7,38.1665346,-122.4620926,35.4,116.1,0,0,0
105.20,87.5,54.4,6951,64.5,2,38.5,0,0,2062.7,38.1665328,-122.4620692,35.4,116.1,0,0,0
105.30,88.3,54.9,7150,65.0,2,38.2,0,0,2064.8,38.1665302,-122.4620457,35.4,116.1,0,0,0
105.40,91.3,56.7,7346,64.5,2,37.7,0,0,2066.9,38.1665265,-122.4620219,35.4,116.1,0,0,0
105.50,93.2,57.9,7377,64.5,2,37.2,0,0,2069.1,38.1665219,-122.4619979,35.4,116.1,0,0,0
105.60,93.8,58.3,7533,65.0,2,36.5,0,0,2071.3,38.1665166,-122.4619737,35.4,116.1,0,0,0
105.70,95.8,59.5,7663,65.0,2,35.8,0,0,2073.5,38.1665108,-122.4619492,35.4,116.1,0,0,0
105.80,97.8,60.8,7748,65.0,2,35.2,0,0,2075.8,38.1665043,-122.4619247,35.1,115.2,0,0,0
105.90,98.6,61.3,7889,65.0,2,34.4,0,0,2078.1,38.1664969,-122.4618999,35.1,115.2,0,0,0
106.00,100.7,62.6,8022,65.0,2,33.6,0,0,2080.5,38.1664889,-122.4618749,35.1,115.2,0,0,0
106.10,102.3,63.6,8192,67.5,2,32.7,0,0,2082.9,38.1664806,-122.4618497,35.1,115.2,0,0,0
106.20,104.1,64.7,8315,68.0,2,31.9,0,0,2085.3,38.1664715,-122.4618242,35.1,115.2,0,0,0
106.30,105.6,65.6,8439,68.0,2,30.9,0,0,2087.8,38.1664615,-122.4617987,35.1,115.2,0,0,0
106.40,107.4,66.8,8550,68.5,2,29.6,0,0,2090.3,38.1664506,-122.4617729,35.1,115.2,0,0,0
106.50,108.7,67.6,8689,68.5,2,28.3,0,0,2093.0,38.1664392,-122.4617469,35.1,115.2,0,0,0
106.60,111.0,69.0,8793,68.5,2,27.0,0,0,2095.6,38.1664273,-122.4617207,35.1,115.2,0,0,0
106.70,111.8,69.4,8900,70.0,2,25.7,0,0,2098.3,38.1664148,-122.4616942,35.1,115.2,0,0,0
106.80,113.5,70.5,9034,70.5,2,24.2,0,0,2101.0,38.1664016,-122.4616677,34.5,113.2,0,0,0
106.90,114.6,71.2,9102,72.0,2,22.4,0,0,2103.8,38.1663879,-122.4616409,34.5,113.2,0,0,0
107.00,116.2,72.2,9248,72.5,2,20.5,0,0,2106.7,38.1663739,-122.4616137,34.5,113.2,0,0,0
107.10,117.8,73.2,9337,73.0,2,18.5,0,0,2109.6,38.1663593,-122.4615862,34.5,113.2,0,0,0
107.20,119.2,74.1,7788,73.0,2,16.4,0,0,2112.5,38.1663439,-122.4615588,34.5,113.2,0,0,0
107.30,117.2,72.8,7548,72.5,3,14.3,0,0,2115.5,38.1663279,-122.4615312,34.5,113.2,0,0,0
107.40,120.0,74.6,7605,72.5,3,12.2,0,0,2118.5,38.1663116,-122.4615037,34.5,113.2,0,0,0
107.50,120.8,75.0,7671,72.5,3,10.7,0,0,2121.6,38.1662949,-122.4614759,34.5,113.2,0,0,0
107.60,121.8,75.7,7762,71.5,3,9.1,0,0,2124.7,38.1662779,-122.4614480,34.5,113.2,0,0,0
107.70,123.4,76.7,7803,70.0,3,6.9,0,0,2127.8,38.1662606,-122.4614199,34.5,113.2,0,0,0
107.80,124.2,77.2,7825,70.0,3,4.1,0,0,2131.0,38.1662429,-122.4613917,33.7,110.6,0,0,0
107.90,125.3,77.8,7935,69.5,3,1.5,0,0,2134.1,38.1662250,-122.4613632,33.7,110.6,0,0,0
108.00,126.1,78.4,8017,69.5,3,0.4,0,0,2137.3,38.1662070,-122.4613347,33.7,110.6,0,0,0
108.10,127.6,79.3,8126,68.0,3,-0.3,0,0,2140.6,38.1661889,-122.4613059,33.7,110.6,0,0,0
108.20,130.2,80.9,8304,67.5,3,-1.6,0,0,2143.8,38.1661706,-122.4612766,33.7,110.6,0,0,0
108.30,132.0,82.0,8320,67.5,3,-3.8,0,0,2147.2,38.1661519,-122.4612469,33.7,110.6,0,0,0
108.40,132.2,82.1,8376,67.5,3,-6.6,0,0,2150.5,38.1661326,-122.4612169,33.7,110.6,0,0,0
108.50,133.7,83.1,8542,68.0,3,-9.6,0,0,2154.0,38.1661130,-122.4611866,33.7,110.6,0,0,0
108.60,135.8,84.4,8679,68.5,3,-12.3,0,0,2157.5,38.1660933,-122.4611556,33.7,110.6,0,0,0
108.70,138.1,85.8,8777,68.5,3,-15.0,0,0,2161.0,38.1660738,-122.4611242,33.7,110.6,0,0,0
108.80,139.4,86.6,8863,68.5,3,-17.6,0,0,2164.5,38.1660542,-122.4610926,32.4,106.3,0,0,0
108.90,141.6,88.0,9001,69.0,3,-19.7,0,0,2168.0,38.1660348,-122.4610606,32.4,106.3,0,0,0
109.00,143.3,89.1,9135,69.0,3,-21.0,0,0,2171.6,38.1660152,-122.4610279,32.4,106.3,0,0,0
109.10,145.3,90.3,9211,69.0,3,-22.3,0,0,2175.2,38.1659958,-122.4609947,32.4,106.3,0,0,0
109.20,146.5,91.1,8757,69.5,3,-24.0,0,0,2178.9,38.1659763,-122.4609612,32.4,106.3,0,0,0
109.30,144.9,90.0,7737,67.5,4,-25.6,0,0,2182.5,38.1659571,-122.4609273,32.4,106.3,0,0,0
109.40,148.9,92.5,7860,66.5,4,-27.1,0,0,2186.2,38.1659380,-122.4608929,32.4,106.3,0,0,0
109.50,150.2,93.3,7910,62.0,4,-28.5,0,0,2189.9,38.1659190,-122.4608580,32.4,106.3,0,0,0
109.60,150.6,93.6,7885,53.5,4,-29.6,0,0,2193.6,38.1659001,-122.4608229,32.4,106.3,0,0,0
109.70,150.5,93.5,7928,53.5,4,-29.9,0,0,2197.4,38.1658814,-122.4607876,32.4,106.3,0,0,0
109.80,151.2,94.0,7866,53.0,4,-28.8,0,0,2201.1,38.1658631,-122.4607519,30.3,99.4,0,0,0
109.90,150.9,93.8,7821,50.0,4,-26.9,0,0,2204.8,38.1658451,-122.4607156,30.3,99.4,0,0,0
110.00,149.8,93.1,7764,47.0,4,-24.4,0,0,2208.6,38.1658274,-122.4606786,30.3,99.4,0,0,0
110.10,149.0,92.6,7768,44.5,4,-21.4,0,0,2212.4,38.1658101,-122.4606412,30.3,99.4,0,0,0
110.20,148.5,92.3,7718,44.5,4,-17.7,0,0,2216.2,38.1657931,-122.4606037,30.3,99.4,0,0,0
110.30,148.1,92.0,7722,44.5,4,-12.7,0,0,2220.0,38.1657763,-122.4605659,30.3,99.4,0,0,0
110.40,148.0,92.0,7722,41.0,4,-7.7,0,0,2223.8,38.1657598,-122.4605279,30.3,99.4,0,0,0
110.50,147.9,91.9,7732,40.5,4,-3.1,0,0,2227.6,38.1657432,-122.4604897,30.3,99.4,0,0,0
110.60,147.7,91.8,7734,36.5,4,1.9,0,0,2231.4,38.1657268,-122.4604512,30.3,99.4,0,0,0
110.70,148.2,92.1,7783,28.5,4,6.9,0,0,2235.3,38.1657102,-122.4604128,30.3,99.4,0,0,0
110.80,148.4,92.2,7758,21.5,4,11.3,0,0,2239.1,38.1656937,-122.4603743,28.7,94.2,0,0,0
110.90,148.5,92.3,7782,20.5,4,15.3,0,0,2242.9,38.1656769,-122.4603361,28.7,94.2,0,0,0
111.00,149.0,92.6,7742,22.5,4,19.2,0,0,2246.7,38.1656600,-122.4602984,28.7,94.2,0,0,0
111.10,149.4,92.8,7831,24.5,4,22.6,0,0,2250.5,38.1656429,-122.4602611,28.7,94.2,0,0,0
111.20,150.1,93.3,8095,24.5,4,26.0,0,0,2254.3,38.1656257,-122.4602240,28.7,94.2,0,0,0
111.30,150.9,93.8,7994,27.5,4,28.6,0,0,2258.0,38.1656082,-122.4601870,28.7,94.2,0,0,0
111.40,151.9,94.4,7990,28.5,4,29.6,0,0,2261.8,38.1655906,-122.4601501,28.7,94.2,0,0,0
111.50,152.2,94.6,7977,27.0,4,29.4,0,0,2265.6,38.1655726,-122.4601137,28.7,94.2,0,0,0
111.60,152.0,94.4,7948,23.5,4,29.4,0,0,2269.3,38.1655539,-122.4600781,28.7,94.2,0,0,0
111.70,150.9,93.8,7854,17.5,4,29.2,0,0,2273.0,38.1655350,-122.4600430,28.7,94.2,0,0,0
111.80,149.6,93.0,7829,15.5,4,28.1,0,0,2276.7,38.1655159,-122.4600081,26.7,87.6,0,0,0
111.90,149.2,92.7,7689,12.0,4,26.7,0,0,2280.5,38.1654966,-122.4599734,26.7,87.6,0,0,0
112.00,147.5,91.6,7421,10.0,4,25.4,0,0,2284.2,38.1654769,-122.4599391,26.7,87.6,0,0,0
112.10,144.6,89.8,7605,6.0,4,24.1,0,0,2287.9,38.1654567,-122.4599054,26.7,87.6,0,0,0
112.20,144.3,89.7,7456,0.0,4,22.2,0,0,2291.6,38.1654362,-122.4598722,26.7,87.6,0,0,0
112.30,142.4,88.5,7351,0.0,4,19.8,0,0,2295.2,38.1654156,-122.4598397,26.7,87.6,0,0,0
112.40,140.7,87.4,7301,0.0,4,15.9,0,0,2298.9,38.1653946,-122.4598078,26.7,87.6,0,0,0
112.50,139.7,86.8,7246,0.0,4,12.2,0,0,2302.5,38.1653733,-122.4597761,26.7,87.6,0,0,0
112.60,138.0,85.8,7162,0.0,4,7.6,0,0,2306.1,38.1653521,-122.4597446,26.7,87.6,0,0,0
112.70,136.4,84.7,7104,0.0,4,0.4,0,0,2309.7,38.1653311,-122.4597135,26.7,87.6,0,0,0
112.80,135.6,84.3,7108,0.0,4,-5.3,0,0,2313.3,38.1653103,-122.4596822,25.2,82.7,0,0,0
112.90,135.7,84.3,7108,0.0,4,-10.7,0,0,2316.9,38.1652898,-122.4596511,25.2,82.7,0,0,0
113.00,135.4,84.1,7079,0.0,4,-15.8,0,0,2320.4,38.1652693,-122.4596200,25.2,82.7,0,0,0
113.10,135.2,84.0,7092,0.0,4,-20.3,0,0,2323.9,38.1652491,-122.4595890,25.2,82.7,0,0,0
113.20,135.2,84.0,7082,0.0,4,-23.5,0,0,2327.4,38.1652294,-122.4595580,25.2,82.7,0,0,0
113.30,135.1,84.0,7102,0.0,4,-27.0,0,0,2330.9,38.1652101,-122.4595269,25.2,82.7,0,0,0
113.40,135.6,84.3,7077,0.0,4,-30.2,0,0,2334.3,38.1651913,-122.4594957,25.2,82.7,0,0,0
113.50,135.4,84.1,7067,0.0,4,-32.0,0,0,2337.7,38.1651728,-122.4594642,25.2,82.7,0,0,0
113.60,135.2,84.0,7066,0.0,4,-33.3,0,0,2341.2,38.1651547,-122.4594327,25.2,82.7,0,0,0
113.70,134.6,83.6,7016,0.0,4,-34.5,0,0,2344.5,38.1651372,-122.4594010,25.2,82.7,0,0,0
113.80,133.9,83.2,6987,0.0,4,-35.5,0,0,2347.9,38.1651204,-122.4593692,24.0,78.7,0,0,0
113.90,133.2,82.8,6940,0.0,4,-36.1,0,0,2351.2,38.1651041,-122.4593374,24.0,78.7,0,0,0
114.00,132.4,82.3,6927,0.0,4,-36.3,0,0,2354.5,38.1650884,-122.4593052,24.0,78.7,0,0,0
114.10,131.9,82.0,6864,0.0,4,-36.1,0,0,2357.8,38.1650734,-122.4592727,24.0,78.7,0,0,0
114.20,131.1,81.5,6800,0.0,4,-36.3,0,0,2361.1,38.1650591,-122.4592399,24.0,78.7,0,0,0
114.30,130.2,80.9,6814,3.0,4,-36.5,0,0,2364.3,38.1650454,-122.4592070,24.0,78.7,0,0,0
114.40,129.7,80.6,6748,6.5,4,-36.4,0,0,2367.6,38.1650321,-122.4591740,24.0,78.7,0,0,0
114.50,128.8,80.0,6687,13.5,4,-36.3,0,0,2370.8,38.1650194,-122.4591409,24.0,78.7,0,0,0
114.60,127.8,79.4,6783,15.0,4,-36.4,0,0,2374.0,38.1650074,-122.4591077,24.0,78.7,0,0,0
114.70,128.6,79.9,6979,24.5,4,-36.3,0,0,2377.2,38.1649961,-122.4590742,24.0,78.7,0,0,0
114.80,129.4,80.4,6771,38.5,4,-35.9,0,0,2380.3,38.1649854,-122.4590407,22.8,74.8,0,0,0
114.90,129.9,80.7,6845,44.0,4,-36.0,0,0,2383.5,38.1649751,-122.4590069,22.8,74.8,0,0,0
115.00,130.7,81.2,6886,46.0,4,-36.3,0,0,2386.7,38.1649654,-122.4589726,22.8,74.8,0,0,0
115.10,131.2,81.6,6899,50.0,4,-36.1,0,0,2389.9,38.1649564,-122.4589379,22.8,74.8,0,0,0
115.20,131.4,81.7,6865,50.5,4,-35.8,0,0,2393.1,38.1649481,-122.4589029,22.8,74.8,0,0,0
115.30,132.0,82.0,6969,53.0,4,-35.5,0,0,2396.3,38.1649404,-122.4588676,22.8,74.8,0,0,0
115.40,133.2,82.7,6956,54.5,4,-34.7,0,0,2399.5,38.1649331,-122.4588319,22.8,74.8,0,0,0
115.50,132.1,82.1,6902,58.5,4,-33.1,0,0,2402.8,38.1649264,-122.4587959,22.8,74.8,0,0,0
115.60,132.3,82.2,6900,57.5,4,-31.0,0,0,2406.0,38.1649204,-122.4587596,22.8,74.8,0,0,0
115.70,132.2,82.1,6916,52.5,4,-28.1,0,0,2409.3,38.1649151,-122.4587229,22.8,74.8,0,0,0
115.80,131.8,81.9,6864,50.0,4,-25.3,0,0,2412.5,38.1649104,-122.4586859,21.6,70.9,0,0,0
115.90,130.6,81.1,6833,49.0,4,-21.4,0,0,2415.8,38.1649061,-122.4586487,21.6,70.9,0,0,0
116.00,130.7,81.2,6857,48.0,4,-16.8,0,0,2419.1,38.1649023,-122.4586112,21.6,70.9,0,0,0
116.10,130.4,81.0,6791,42.5,4,-10.8,0,0,2422.4,38.1648988,-122.4585736,21.6,70.9,0,0,0
116.20,129.5,80.5,6782,38.0,4,-2.5,0,0,2425.8,38.1648952,-122.4585356,21.6,70.9,0,0,0
116.30,129.7,80.6,6884,35.5,4,6.6,0,0,2429.2,38.1648918,-122.4584972,21.6,70.9,0,0,0
116.40,131.4,81.6,6933,35.5,4,15.2,0,0,2432.5,38.1648882,-122.4584588,21.6,70.9,0,0,0
116.50,132.8,82.5,7030,37.5,4,21.1,0,0,2435.9,38.1648844,-122.4584206,21.6,70.9,0,0,0
116.60,134.1,83.3,7108,44.5,4,25.2,0,0,2439.3,38.1648802,-122.4583828,21.6,70.9,0,0,0
116.70,136.2,84.6,7219,45.0,4,28.2,0,0,2442.6,38.1648756,-122.4583449,21.6,70.9,0,0,0
116.80,138.3,85.9,7307,47.5,4,30.9,0,0,2446.0,38.1648706,-122.4583070,19.9,65.3,0,0,0
116.90,139.5,86.7,7353,51.5,4,32.7,0,0,2449.3,38.1648649,-122.4582691,19.9,65.3,0,0,0
117.00,140.2,87.1,7382,53.0,4,34.1,0,0,2452.7,38.1648586,-122.4582313,19.9,65.3,0,0,0
117.10,141.4,87.8,7444,55.0,4,34.8,0,0,2456.1,38.1648518,-122.4581937,19.9,65.3,0,0,0
117.20,141.9,88.2,7444,56.0,4,34.7,0,0,2459.5,38.1648443,-122.4581560,19.9,65.3,0,0,0
117.30,142.3,88.4,7484,56.5,4,34.4,0,0,2462.9,38.1648358,-122.4581183,19.9,65.3,0,0,0
117.40,143.8,89.3,7527,61.0,4,33.8,0,0,2466.3,38.1648266,-122.4580808,19.9,65.3,0,0,0
117.50,143.4,89.1,7561,65.5,4,32.9,0,0,2469.8,38.1648169,-122.4580436,19.9,65.3,0,0,0
117.60,144.6,89.8,7570,65.5,4,32.1,0,0,2473.2,38.1648066,-122.4580068,19.9,65.3,0,0,0
117.70,144.4,89.7,7590,66.0,4,31.1,0,0,2476.6,38.1647959,-122.4579699,19.9,65.3,0,0,0
117.80,144.8,90.0,7619,70.5,4,30.5,0,0,2480.1,38.1647846,-122.4579330,18.4,60.4,0,0,0
117.90,145.8,90.6,7723,70.5,4,30.4,0,0,2483.6,38.1647725,-122.4578960,18.4,60.4,0,0,0
118.00,146.7,91.1,7740,70.5,4,30.4,0,0,2487.1,38.1647596,-122.4578590,18.4,60.4,0,0,0
118.10,147.3,91.5,7762,72.0,4,30.0,0,0,2490.7,38.1647459,-122.4578220,18.4,60.4,0,0,0
118.20,147.4,91.6,7762,74.5,4,29.3,0,0,2494.3,38.1647316,-122.4577851,18.4,60.4,0,0,0
118.30,148.0,92.0,7807,76.0,4,28.5,0,0,2497.9,38.1647169,-122.4577484,18.4,60.4,0,0,0
118.40,149.0,92.6,7831,76.0,4,27.7,0,0,2501.5,38.1647019,-122.4577121,18.4,60.4,0,0,0
118.50,149.2,92.7,7856,80.0,4,26.4,0,0,2505.1,38.1646863,-122.4576759,18.4,60.4,0,0,0
118.60,149.3,92.8,7827,81.5,4,24.8,0,0,2508.8,38.1646699,-122.4576397,18.4,60.4,0,0,0
118.70,149.0,92.6,7858,84.5,4,22.9,0,0,2512.5,38.1646529,-122.4576032,18.4,60.4,0,0,0
118.80,149.8,93.1,7900,84.5,4,21.3,0,0,2516.2,38.1646356,-122.4575668,17.5,57.4,0,0,0
118.90,150.6,93.6,7947,83.5,4,20.0,0,0,2519.9,38.1646179,-122.4575302,17.5,57.4,0,0,0
119.00,152.0,94.4,7981,79.5,4,19.5,0,0,2523.7,38.1645996,-122.4574938,17.5,57.4,0,0,0
119.10,152.8,95.0,8005,77.0,4,19.9,0,0,2527.5,38.1645809,-122.4574572,17.5,57.4,0,0,0
119.20,153.0,95.1,8046,77.0,4,20.0,0,0,2531.3,38.1645620,-122.4574208,17.5,57.4,0,0,0
119.30,154.1,95.7,8104,79.0,4,19.3,0,0,2535.2,38.1645429,-122.4573843,17.5,57.4,0,0,0
119.40,153.8,95.6,8102,79.5,4,17.7,0,0,2539.0,38.1645236,-122.4573480,17.5,57.4,0,0,0
119.50,154.8,96.2,8179,81.0,4,15.3,0,0,2542.9,38.1645035,-122.4573116,17.5,57.4,0,0,0
119.60,155.2,96.4,8222,81.0,4,13.2,0,0,2546.9,38.1644826,-122.4572749,17.5,57.4,0,0,0
119.70,156.9,97.5,8215,81.0,4,11.6,0,0,2550.9,38.1644613,-122.4572381,17.5,57.4,0,0,0
119.80,156.6,97.3,8269,81.0,4,10.2,0,0,2554.8,38.1644401,-122.4572013,16.9,55.4,0,0,0
119.90,157.1,97.6,8297,81.5,4,9.2,0,0,2558.8,38.1644189,-122.4571647,16.9,55.4,0,0,0
120.00,157.9,98.1,8369,82.5,4,8.5,0,0,2562.8,38.1643976,-122.4571279,16.9,55.4,0,0,0
120.10,159.5,99.1,8413,82.5,4,8.0,0,0,2566.9,38.1643759,-122.4570907,16.9,55.4,0,0,0
120.20,161.2,100.1,8523,82.5,4,7.4,0,0,2570.9,38.1643539,-122.4570533,16.9,55.4,0,0,0
120.30,161.9,100.6,8545,82.5,4,6.8,0,0,2575.0,38.1643316,-122.4570160,16.9,55.4,0,0,0
120.40,162.8,101.2,8612,82.5,4,5.9,0,0,2579.2,38.1643089,-122.4569786,16.9,55.4,0,0,0
120.50,164.1,101.9,8644,76.0,4,5.1,0,0,2583.3,38.1642860,-122.4569409,16.9,55.4,0,0,0
120.60,164.9,102.5,8699,72.5,4,4.6,0,0,2587.5,38.1642630,-122.4569027,16.9,55.4,0,0,0
120.70,165.9,103.1,8727,70.5,4,4.3,0,0,2591.8,38.1642399,-122.4568643,16.9,55.4,0,0,0
120.80,166.5,103.5,8759,68.5,4,4.5,0,0,2596.0,38.1642165,-122.4568260,14.9,48.9,0,0,0
120.90,167.8,104.3,8434,20.5,4,4.1,0,0,2600.3,38.1641923,-122.4567876,14.9,48.9,0,0,0
121.00,166.2,103.2,8591,0.0,4,3.7,0,0,2604.7,38.1641675,-122.4567490,14.9,48.9,0,0,0
121.10,164.1,101.9,8560,0.0,4,4.4,0,0,2609.0,38.1641428,-122.4567104,14.9,48.9,0,0,0
121.20,163.5,101.6,8557,0.0,4,4.1,0,0,2613.3,38.1641183,-122.4566721,14.9,48.9,0,0,0
121.30,163.3,101.5,8533,0.0,4,2.7,0,0,2617.6,38.1640941,-122.4566340,14.9,48.9,0,0,0
121.40,162.6,101.0,8458,0.0,4,2.0,0,0,2621.9,38.1640700,-122.4565961,14.9,48.9,0,0,0
121.50,161.3,100.2,8383,0.0,4,0.2,0,0,2626.1,38.1640460,-122.4565584,14.9,48.9,0,0,0
121.60,159.8,99.3,8262,0.0,4,-0.5,0,0,2630.3,38.1640220,-122.4565211,14.9,48.9,0,0,0
121.70,157.7,98.0,8181,0.0,4,-0.3,0,0,2634.5,38.1639981,-122.4564841,14.9,48.9,0,0,0
121.80,156.2,97.1,8113,0.0,4,-0.8,0,0,2638.7,38.1639744,-122.4564474,11.8,38.7,0,0,0
121.90,154.7,96.1,7985,0.0,4,-1.3,0,0,2642.8,38.1639511,-122.4564111,11.8,38.7,0,0,0
122.00,152.1,94.5,7805,0.0,4,-0.9,0,0,2646.8,38.1639281,-122.4563754,11.8,38.7,0,0,0
122.10,149.0,92.6,7698,0.0,4,-1.0,0,0,2650.8,38.1639054,-122.4563401,11.8,38.7,0,0,0
122.20,146.7,91.1,7609,0.0,4,-1.0,0,0,2654.7,38.1638831,-122.4563054,11.8,38.7,0,0,0
122.30,144.9,90.0,7487,0.0,4,-1.2,0,0,2658.6,38.1638611,-122.4562711,11.8,38.7,0,0,0
122.40,142.9,88.8,7413,0.0,4,-1.2,0,0,2662.4,38.1638394,-122.4562374,11.8,38.7,0,0,0
122.50,141.3,87.8,7330,0.0,4,-1.2,0,0,2666.1,38.1638181,-122.4562041,11.8,38.7,0,0,0
122.60,139.7,86.8,8064,0.0,4,-1.0,0,0,2669.8,38.1637971,-122.4561714,11.8,38.7,0,0,0
122.70,133.5,83.0,8696,0.0,3,-0.9,0,0,2673.5,38.1637763,-122.4561391,11.8,38.7,0,0,0
122.80,137.0,85.1,8427,0.0,3,-0.9,0,0,2677.1,38.1637558,-122.4561073,10.0,32.8,0,0,0
122.90,133.9,83.2,8338,0.0,3,-0.8,0,0,2680.7,38.1637353,-122.4560758,10.0,32.8,0,0,0
123.00,131.9,82.0,8150,0.0,3,-0.9,0,0,2684.2,38.1637151,-122.4560447,10.0,32.8,0,0,0
123.10,129.6,80.5,8047,0.0,3,-1.0,0,0,2687.6,38.1636954,-122.4560141,10.0,32.8,0,0,0
123.20,128.0,79.5,7985,0.0,3,-1.2,0,0,2691.0,38.1636761,-122.4559841,10.0,32.8,0,0,0
123.30,126.6,78.7,7880,0.0,3,-1.5,0,0,2694.4,38.1636570,-122.4559544,10.0,32.8,0,0,0
123.40,125.0,77.7,7766,0.0,3,-1.6,0,0,2697.7,38.1636381,-122.4559251,10.0,32.8,0,0,0
123.50,123.0,76.5,7637,0.0,3,-1.6,0,0,2701.0,38.1636194,-122.4558961,10.0,32.8,0,0,0
123.60,121.1,75.2,7502,0.0,3,-1.5,0,0,2704.2,38.1636011,-122.4558674,10.0,32.8,0,0,0
123.70,119.3,74.1,7772,0.0,3,-1.4,0,0,2707.4,38.1635830,-122.4558394,10.0,32.8,0,0,0
123.80,117.5,73.0,8942,0.0,2,-1.0,0,0,2710.5,38.1635651,-122.4558121,8.6,28.2,0,0,0
123.90,113.7,70.6,8894,0.0,2,-0.8,0,0,2713.6,38.1635474,-122.4557851,8.6,28.2,0,0,0
124.00,113.0,70.2,8639,0.0,2,-0.3,0,0,2716.6,38.1635301,-122.4557584,8.6,28.2,0,0,0
124.10,109.7,68.1,8501,0.0,2,-0.0,0,0,2719.6,38.1635131,-122.4557321,8.6,28.2,0,0,0
124.20,108.0,67.1,8394,0.0,2,0.4,0,0,2722.5,38.1634964,-122.4557064,8.6,28.2,0,0,0
124.30,106.3,66.1,8238,0.0,2,0.8,0,0,2725.3,38.1634801,-122.4556811,8.6,28.2,0,0,0
124.40,104.5,65.0,8091,0.0,2,1.0,0,0,2728.2,38.1634640,-122.4556561,8.6,28.2,0,0,0
124.50,102.9,63.9,8000,0.0,2,1.2,0,0,2731.0,38.1634481,-122.4556314,8.6,28.2,0,0,0
124.60,101.4,63.0,7866,0.0,2,1.4,0,0,2733.7,38.1634324,-122.4556071,8.6,28.2,0,0,0
124.70,99.9,62.1,7718,0.0,2,1.8,0,0,2736.4,38.1634171,-122.4555834,8.6,28.2,0,0,0
124.80,98.0,60.9,7597,0.0,2,2.4,0,0,2739.0,38.1634021,-122.4555601,7.6,24.9,0,0,0
124.90,96.5,60.0,7467,0.0,2,2.6,0,0,2741.6,38.1633873,-122.4555374,7.6,24.9,0,0,0
125.00,94.8,58.9,7348,0.0,2,3.2,0,0,2744.1,38.1633728,-122.4555151,7.6,24.9,0,0,0
125.10,93.6,58.2,7220,0.0,2,4.1,0,0,2746.6,38.1633583,-122.4554931,7.6,24.9,0,0,0
125.20,91.7,57.0,7106,0.0,2,5.4,0,0,2749.1,38.1633441,-122.4554714,7.6,24.9,0,0,0
125.30,90.2,56.1,6998,0.0,2,7.1,0,0,2751.5,38.1633300,-122.4554501,7.6,24.9,0,0,0
125.40,88.9,55.3,6895,0.0,2,8.7,0,0,2753.9,38.1633161,-122.4554294,7.6,24.9,0,0,0
125.50,87.5,54.4,6783,0.0,2,10.3,0,0,2756.2,38.1633024,-122.4554094,7.6,24.9,0,0,0
125.60,86.0,53.5,6629,0.0,2,11.8,0,0,2758.5,38.1632890,-122.4553901,7.6,24.9,0,0,0
125.70,84.3,52.4,6514,0.0,2,13.7,0,0,2760.7,38.1632757,-122.4553713,7.6,24.9,0,0,0
125.80,83.0,51.5,6453,0.0,2,15.8,0,0,2762.9,38.1632623,-122.4553528,6.8,22.3,0,0,0
125.90,82.2,51.1,6355,0.0,2,18.2,0,0,2765.1,38.1632491,-122.4553347,6.8,22.3,0,0,0
126.00,80.8,50.2,6295,0.0,2,20.7,0,0,2767.2,38.1632359,-122.4553171,6.8,22.3,0,0,0
126.10,79.7,49.5,6180,0.0,2,22.3,0,0,2769.3,38.1632227,-122.4553001,6.8,22.3,0,0,0
126.20,78.2,48.6,6078,0.0,2,23.4,0,0,2771.3,38.1632093,-122.4552838,6.8,22.3,0,0,0
126.30,76.8,47.7,5961,0.0,2,24.6,0,0,2773.3,38.1631961,-122.4552684,6.8,22.3,0,0,0
126.40,75.4,46.9,5880,0.0,2,25.4,0,0,2775.3,38.1631830,-122.4552538,6.8,22.3,0,0,0
126.50,74.4,46.2,5761,0.0,2,26.3,0,0,2777.2,38.1631700,-122.4552397,6.8,22.3,0,0,0
126.60,73.0,45.4,5675,0.0,2,27.2,0,0,2779.0,38.1631570,-122.4552262,6.8,22.3,0,0,0
126.70,71.8,44.6,5595,0.0,2,28.1,0,0,2780.9,38.1631440,-122.4552134,6.8,22.3,0,0,0
126.80,70.7,44.0,5464,0.0,2,28.7,0,0,2782.7,38.1631310,-122.4552012,6.0,19.7,0,0,0
126.90,69.7,43.3,5365,0.0,2,29.5,0,0,2784.4,38.1631180,-122.4551897,6.0,19.7,0,0,0
127.00,68.2,42.4,5289,0.0,2,30.3,0,0,2786.1,38.1631050,-122.4551789,6.0,19.7,0,0,0
127.10,67.2,41.8,5169,0.0,2,30.6,0,0,2787.8,38.1630920,-122.4551687,6.0,19.7,0,0,0
127.20,65.8,40.9,5103,0.0,2,30.7,0,0,2789.5,38.1630790,-122.4551592,6.0,19.7,0,0,0
127.30,64.7,40.2,5065,0.0,2,31.0,0,0,2791.1,38.1630659,-122.4551504,6.0,19.7,0,0,0
127.40,63.9,39.7,4986,0.0,2,31.9,0,0,2792.8,38.1630527,-122.4551424,6.0,19.7,0,0,0
127.50,63.2,39.3,4984,0.0,2,32.8,0,0,2794.4,38.1630392,-122.4551351,6.0,19.7,0,0,0
127.60,63.1,39.2,4957,0.0,2,33.5,0,0,2796.0,38.1630258,-122.4551284,6.0,19.7,0,0,0
127.70,62.7,39.0,4820,0.0,2,34.2,0,0,2797.6,38.1630122,-122.4551222,6.0,19.7,0,0,0
127.80,61.6,38.2,4837,0.0,2,34.8,0,0,2799.2,38.1629988,-122.4551168,5.3,17.4,0,0,0
127.90,61.0,37.9,4805,0.0,2,35.0,0,0,2800.7,38.1629852,-122.4551125,5.3,17.4,0,0,0
128.00,60.8,37.8,4717,0.0,2,35.0,0,0,2802.3,38.1629718,-122.4551091,5.3,17.4,0,0,0
128.10,59.9,37.2,4606,0.0,2,34.7,0,0,2803.8,38.1629582,-122.4551064,5.3,17.4,0,0,0
128.20,58.6,36.4,4549,0.0,2,33.4,0,0,2805.3,38.1629447,-122.4551044,5.3,17.4,0,0,0
128.30,57.8,35.9,4436,0.0,2,31.0,0,0,2806.8,38.1629309,-122.4551031,5.3,17.4,0,0,0
128.40,56.0,34.8,4363,0.0,2,28.0,0,0,2808.4,38.1629171,-122.4551025,5.3,17.4,0,0,0
128.50,55.0,34.2,4239,0.0,2,25.3,0,0,2809.9,38.1629034,-122.4551027,5.3,17.4,0,0,0
128.60,53.8,33.4,4146,0.0,2,22.6,0,0,2811.4,38.1628901,-122.4551038,5.3,17.4,0,0,0
128.70,52.5,32.6,4053,0.5,2,17.6,0,0,2812.8,38.1628771,-122.4551052,5.3,17.4,0,0,0
128.80,51.1,31.8,4101,11.0,2,9.7,0,0,2814.3,38.1628644,-122.4551068,5.6,18.4,0,0,0
128.90,51.3,31.9,4355,13.5,2,2.6,0,0,2815.6,38.1628520,-122.4551083,5.6,18.4,0,0,0
129.00,52.5,32.6,3978,16.0,2,-4.0,0,0,2817.0,38.1628397,-122.4551100,5.6,18.4,0,0,0
129.10,51.7,32.1,4126,23.0,2,-11.8,0,0,2818.4,38.1628273,-122.4551117,5.6,18.4,0,0,0
129.20,52.3,32.5,4255,22.0,2,-19.2,0,0,2819.8,38.1628151,-122.4551132,5.6,18.4,0,0,0
129.30,54.3,33.8,4332,21.0,2,-24.7,0,0,2821.1,38.1628030,-122.4551147,5.6,18.4,0,0,0
129.40,54.6,33.9,4404,27.0,2,-28.2,0,0,2822.5,38.1627909,-122.4551159,5.6,18.4,0,0,0
129.50,56.3,35.0,4471,28.5,2,-30.3,0,0,2823.8,38.1627786,-122.4551166,5.6,18.4,0,0,0
129.60,57.2,35.6,4541,32.0,2,-31.4,0,0,2825.2,38.1627660,-122.4551165,5.6,18.4,0,0,0
129.70,57.6,35.8,4586,32.5,2,-31.6,0,0,2826.7,38.1627532,-122.4551156,5.6,18.4,0,0,0
129.80,58.0,36.0,4604,32.5,2,-31.6,0,0,2828.1,38.1627404,-122.4551138,5.7,18.7,0,0,0
129.90,58.7,36.5,4660,30.0,2,-31.9,0,0,2829.6,38.1627272,-122.4551112,5.7,18.7,0,0,0
130.00,60.0,37.3,4704,31.0,2,-32.4,0,0,2831.1,38.1627141,-122.4551075,5.7,18.7,0,0,0
130.10,60.5,37.6,4790,34.5,2,-33.0,0,0,2832.5,38.1627013,-122.4551029,5.7,18.7,0,0,0
130.20,61.4,38.1,4892,34.0,2,-33.6,0,0,2834.0,38.1626887,-122.4550976,5.7,18.7,0,0,0
130.30,62.3,38.7,4916,34.5,2,-34.1,0,0,2835.5,38.1626760,-122.4550918,5.7,18.7,0,0,0
130.40,62.9,39.1,4991,34.5,2,-34.8,0,0,2837.0,38.1626634,-122.4550853,5.7,18.7,0,0,0
130.50,63.6,39.5,5110,36.0,2,-35.3,0,0,2838.6,38.1626511,-122.4550778,5.7,18.7,0,0,0
130.60,64.6,40.1,5157,40.0,2,-35.1,0,0,2840.1,38.1626389,-122.4550696,5.7,18.7,0,0,0
130.70,65.1,40.5,5231,40.0,2,-35.3,0,0,2841.6,38.1626268,-122.4550606,5.7,18.7,0,0,0
130.80,67.3,41.8,5292,42.5,2,-34.9,0,0,2843.2,38.1626146,-122.4550508,6.0,19.7,0,0,0
130.90,67.1,41.7,5395,45.5,2,-34.4,0,0,2844.8,38.1626028,-122.4550403,6.0,19.7,0,0,0
131.00,68.9,42.8,5543,49.5,2,-34.1,0,0,2846.5,38.1625912,-122.4550288,6.0,19.7,0,0,0
131.10,70.2,43.6,5626,50.0,2,-34.1,0,0,2848.1,38.1625798,-122.4550166,6.0,19.7,0,0,0
131.20,72.3,44.9,5741,50.0,2,-33.8,0,0,2849.9,38.1625683,-122.4550035,6.0,19.7,0,0,0
131.30,73.0,45.4,5887,55.0,2,-33.5,0,0,2851.6,38.1625571,-122.4549896,6.0,19.7,0,0,0
131.40,74.5,46.3,6013,59.0,2,-33.1,0,0,2853.4,38.1625463,-122.4549748,6.0,19.7,0,0,0
131.50,76.0,47.2,6168,59.5,2,-33.0,0,0,2855.2,38.1625358,-122.4549593,6.0,19.7,0,0,0
131.60,78.1,48.5,6265,60.0,2,-32.9,0,0,2857.0,38.1625253,-122.4549428,6.0,19.7,0,0,0
131.70,79.8,49.6,6416,61.0,2,-32.7,0,0,2858.9,38.1625151,-122.4549256,6.0,19.7,0,0,0
131.80,81.6,50.7,6571,64.5,2,-32.5,0,0,2860.8,38.1625051,-122.4549075,5.9,19.4,0,0,0
131.90,83.3,51.8,6739,67.5,2,-32.4,0,0,2862.8,38.1624953,-122.4548885,5.9,19.4,0,0,0
132.00,85.9,53.4,6909,69.5,2,-32.2,0,0,2864.8,38.1624858,-122.4548686,5.9,19.4,0,0,0
132.10,87.7,54.5,6994,70.5,2,-31.8,0,0,2866.9,38.1624766,-122.4548479,5.9,19.4,0,0,0
132.20,89.1,55.4,7159,72.5,2,-31.1,0,0,2869.0,38.1624678,-122.4548266,5.9,19.4,0,0,0
132.30,91.0,56.5,7287,73.5,2,-30.4,0,0,2871.2,38.1624593,-122.4548045,5.9,19.4,0,0,0
132.40,92.3,57.3,7491,73.5,2,-30.0,0,0,2873.4,38.1624511,-122.4547815,5.9,19.4,0,0,0
132.50,95.0,59.0,7616,75.5,2,-29.7,0,0,2875.7,38.1624433,-122.4547576,5.9,19.4,0,0,0
132.60,96.8,60.1,7825,76.0,2,-29.4,0,0,2878.0,38.1624358,-122.4547328,5.9,19.4,0,0,0
132.70,99.3,61.7,7945,77.0,2,-28.9,0,0,2880.4,38.1624284,-122.4547073,5.9,19.4,0,0,0
132.80,100.3,62.3,8108,77.5,2,-28.2,0,0,2882.8,38.1624214,-122.4546809,5.6,18.4,0,0,0
132.90,103.0,64.0,8263,77.0,2,-27.4,0,0,2885.3,38.1624151,-122.4546539,5.6,18.4,0,0,0
133.00,104.6,65.0,8376,75.0,2,-26.4,0,0,2887.8,38.1624090,-122.4546263,5.6,18.4,0,0,0
133.10,106.0,65.9,8480,72.0,2,-25.0,0,0,2890.3,38.1624031,-122.4545978,5.6,18.4,0,0,0
133.20,107.5,66.8,8545,69.5,2,-23.3,0,0,2893.0,38.1623974,-122.4545686,5.6,18.4,0,0,0
133.30,108.7,67.5,8671,68.5,2,-21.5,0,0,2895.7,38.1623921,-122.4545386,5.6,18.4,0,0,0
133.40,110.6,68.7,8684,61.5,2,-19.8,0,0,2898.4,38.1623874,-122.4545079,5.6,18.4,0,0,0
133.50,110.3,68.5,8739,58.0,2,-17.6,0,0,2901.1,38.1623831,-122.4544769,5.6,18.4,0,0,0
133.60,111.4,69.2,8778,54.0,2,-15.2,0,0,2903.9,38.1623791,-122.4544456,5.6,18.4,0,0,0
133.70,111.8,69.4,8829,48.5,2,-12.4,0,0,2906.7,38.1623753,-122.4544136,5.6,18.4,0,0,0
133.80,112.7,70.0,8876,45.5,2,-11.3,0,0,2909.6,38.1623718,-122.4543809,5.4,17.7,0,0,0
133.90,113.2,70.3,8884,41.5,2,-8.0,0,0,2912.5,38.1623682,-122.4543479,5.4,17.7,0,0,0
134.00,113.3,70.4,8932,41.5,2,-2.3,0,0,2915.5,38.1623648,-122.4543147,5.4,17.7,0,0,0
134.10,113.7,70.7,9004,41.5,2,2.3,0,0,2918.4,38.1623612,-122.4542812,5.4,17.7,0,0,0
134.20,114.5,71.1,8732,43.5,2,6.3,0,0,2921.4,38.1623574,-122.4542478,5.4,17.7,0,0,0
134.30,114.5,71.1,7265,43.5,3,10.1,0,0,2924.3,38.1623532,-122.4542142,5.4,17.7,0,0,0
134.40,116.0,72.1,7348,43.0,3,14.1,0,0,2927.3,38.1623490,-122.4541807,5.4,17.7,0,0,0
134.50,117.2,72.8,7448,41.5,3,18.1,0,0,2930.3,38.1623446,-122.4541470,5.4,17.7,0,0,0
134.60,118.7,73.7,7517,41.5,3,21.0,0,0,2933.3,38.1623399,-122.4541133,5.4,17.7,0,0,0
134.70,119.5,74.3,7607,40.5,3,23.4,0,0,2936.3,38.1623349,-122.4540798,5.4,17.7,0,0,0
134.80,121.1,75.3,7681,40.5,3,26.0,0,0,2939.3,38.1623296,-122.4540462,4.8,15.7,0,0,0
134.90,122.3,76.0,7776,39.5,3,28.7,0,0,2942.3,38.1623239,-122.4540127,4.8,15.7,0,0,0
135.00,123.6,76.8,7815,40.5,3,31.1,0,0,2945.3,38.1623176,-122.4539790,4.8,15.7,0,0,0
135.10,124.4,77.3,7870,42.5,3,32.6,0,0,2948.3,38.1623109,-122.4539454,4.8,15.7,0,0,0
135.20,124.9,77.6,7935,44.0,3,33.6,0,0,2951.3,38.1623036,-122.4539121,4.8,15.7,0,0,0
135.30,126.3,78.5,7958,44.5,3,34.6,0,0,2954.4,38.1622956,-122.4538793,4.8,15.7,0,0,0
135.40,126.8,78.8,8018,47.0,3,35.4,0,0,2957.4,38.1622869,-122.4538467,4.8,15.7,0,0,0
135.50,127.1,79.0,8045,51.0,3,35.6,0,0,2960.4,38.1622776,-122.4538140,4.8,15.7,0,0,0
135.60,128.4,79.8,8067,50.5,3,35.4,0,0,2963.5,38.1622676,-122.4537814,4.8,15.7,0,0,0
135.70,128.2,79.7,8115,49.5,3,35.7,0,0,2966.5,38.1622569,-122.4537491,4.8,15.7,0,0,0
135.80,129.2,80.3,8197,49.0,3,36.5,0,0,2969.6,38.1622456,-122.4537170,4.1,13.5,0,0,0
135.90,130.3,81.0,8269,48.5,3,37.2,0,0,2972.7,38.1622339,-122.4536851,4.1,13.5,0,0,0
136.00,131.4,81.6,8226,48.5,3,38.0,0,0,2975.8,38.1622216,-122.4536534,4.1,13.5,0,0,0
136.10,131.4,81.6,8267,48.5,3,38.3,0,0,2978.8,38.1622089,-122.4536221,4.1,13.5,0,0,0
136.20,131.6,81.8,8334,48.0,3,38.6,0,0,2981.9,38.1621955,-122.4535914,4.1,13.5,0,0,0
136.30,132.6,82.4,8306,46.5,3,38.7,0,0,2985.0,38.1621812,-122.4535611,4.1,13.5,0,0,0
136.40,132.5,82.3,8366,47.0,3,38.7,0,0,2988.2,38.1621655,-122.4535310,4.1,13.5,0,0,0
136.50,132.6,82.4,8362,47.0,3,38.6,0,0,2991.4,38.1621489,-122.4535011,4.1,13.5,0,0,0
136.60,132.9,82.6,8376,47.0,3,38.2,0,0,2994.6,38.1621316,-122.4534714,4.1,13.5,0,0,0
136.70,133.5,82.9,8366,46.5,3,37.8,0,0,2997.8,38.1621139,-122.4534424,4.1,13.5,0,0,0
136.80,133.6,83.0,8439,48.0,3,37.6,0,0,3001.0,38.1620956,-122.4534141,3.6,11.8,0,0,0
136.90,133.8,83.1,8501,55.5,3,37.6,0,0,3004.2,38.1620769,-122.4533864,3.6,11.8,0,0,0
137.00,134.9,83.8,8480,56.5,3,37.8,0,0,3007.4,38.1620579,-122.4533591,3.6,11.8,0,0,0
137.10,135.3,84.0,8589,60.0,3,37.6,0,0,3010.6,38.1620382,-122.4533324,3.6,11.8,0,0,0
137.20,136.7,84.9,8671,60.5,3,37.3,0,0,3013.8,38.1620176,-122.4533061,3.6,11.8,0,0,0
137.30,137.9,85.7,8762,62.0,3,37.3,0,0,3017.1,38.1619962,-122.4532804,3.6,11.8,0,0,0
137.40,138.9,86.3,8772,62.5,3,37.4,0,0,3020.4,38.1619743,-122.4532551,3.6,11.8,0,0,0
137.50,139.4,86.6,8811,65.5,3,37.0,0,0,3023.7,38.1619519,-122.4532301,3.6,11.8,0,0,0
137.60,139.8,86.9,8873,70.5,3,36.3,0,0,3027.1,38.1619289,-122.4532054,3.6,11.8,0,0,0
137.70,141.4,87.9,8969,71.5,3,35.5,0,0,3030.4,38.1619056,-122.4531814,3.6,11.8,0,0,0
137.80,143.1,88.9,9077,72.0,3,34.7,0,0,3033.8,38.1618816,-122.4531581,3.7,12.1,0,0,0
137.90,144.8,90.0,9172,72.0,3,34.1,0,0,3037.2,38.1618569,-122.4531351,3.7,12.1,0,0,0
138.00,146.0,90.7,9225,72.0,3,33.8,0,0,3040.6,38.1618316,-122.4531124,3.7,12.1,0,0,0
138.10,147.3,91.5,9300,72.0,3,33.3,0,0,3044.1,38.1618059,-122.4530901,3.7,12.1,0,0,0
138.20,147.8,91.8,9361,72.0,3,32.7,0,0,3047.6,38.1617796,-122.4530681,3.7,12.1,0,0,0
138.30,148.8,92.4,9420,72.0,3,32.4,0,0,3051.1,38.1617528,-122.4530464,3.7,12.1,0,0,0
138.40,149.6,93.0,9461,74.5,3,31.8,0,0,3054.7,38.1617253,-122.4530251,3.7,12.1,0,0,0
138.50,150.5,93.5,9546,77.0,3,31.0,0,0,3058.3,38.1616972,-122.4530044,3.7,12.1,0,0,0
138.60,152.4,94.7,9634,77.0,3,29.8,0,0,3061.9,38.1616687,-122.4529841,3.7,12.1,0,0,0
138.70,153.6,95.5,9697,77.5,3,28.9,0,0,3065.6,38.1616399,-122.4529641,3.7,12.1,0,0,0
138.80,154.3,95.9,9734,78.0,3,28.1,0,0,3069.3,38.1616106,-122.4529444,3.4,11.2,0,0,0
138.90,155.1,96.4,9808,78.0,3,26.9,0,0,3073.0,38.1615806,-122.4529251,3.4,11.2,0,0,0
139.00,155.7,96.8,9846,77.0,3,25.7,0,0,3076.8,38.1615499,-122.4529063,3.4,11.2,0,0,0
139.10,156.8,97.5,9891,75.0,3,24.6,0,0,3080.6,38.1615189,-122.4528878,3.4,11.2,0,0,0
139.20,157.4,97.8,9928,72.5,3,23.9,0,0,3084.4,38.1614873,-122.4528693,3.4,11.2,0,0,0
139.30,158.4,98.4,9941,70.0,3,23.2,0,0,3088.4,38.1614552,-122.4528511,3.4,11.2,0,0,0
139.40,157.8,98.0,9950,68.0,3,22.1,0,0,3092.3,38.1614229,-122.4528334,3.4,11.2,0,0,0
139.50,158.3,98.4,9928,66.0,3,20.6,0,0,3096.2,38.1613903,-122.4528161,3.4,11.2,0,0,0
139.60,157.8,98.0,9898,64.5,3,18.6,0,0,3100.2,38.1613572,-122.4527991,3.4,11.2,0,0,0
139.70,157.7,98.0,9817,57.5,3,16.5,0,0,3104.2,38.1613237,-122.4527824,3.4,11.2,0,0,0
139.80,156.7,97.4,9656,44.0,3,15.0,0,0,3108.2,38.1612900,-122.4527661,3.3,10.8,0,0,0
139.90,155.0,96.3,9243,0.0,3,13.3,0,0,3112.2,38.1612563,-122.4527501,3.3,10.8,0,0,0
140.00,148.6,92.3,9476,0.0,3,10.9,0,0,3116.2,38.1612228,-122.4527343,3.3,10.8,0,0,0
140.10,150.9,93.7,9390,0.0,3,9.2,0,0,3120.1,38.1611892,-122.4527188,3.3,10.8,0,0,0
140.20,149.0,92.6,9282,0.0,3,8.7,0,0,3124.1,38.1611558,-122.4527033,3.3,10.8,0,0,0
140.30,147.9,91.9,8942,0.0,3,8.5,0,0,3128.0,38.1611223,-122.4526881,3.3,10.8,0,0,0
140.40,143.1,88.9,8757,0.0,3,7.6,0,0,3131.9,38.1610891,-122.4526734,3.3,10.8,0,0,0
140.50,138.3,86.0,8352,0.0,3,6.2,0,0,3135.8,38.1610561,-122.4526591,3.3,10.8,0,0,0
140.60,132.9,82.6,8119,0.0,3,5.5,0,0,3139.7,38.1610234,-122.4526451,3.3,10.8,0,0,0
140.70,126.1,78.4,7970,0.0,3,5.1,0,0,3143.4,38.1609912,-122.4526314,3.3,10.8,0,0,0
140.80,122.7,76.2,7377,0.0,3,4.8,0,0,3147.1,38.1609597,-122.4526181,3.1,10.2,0,0,0
140.90,120.0,74.5,7131,0.0,3,4.4,0,0,3150.7,38.1609291,-122.4526051,3.1,10.2,0,0,0
141.00,113.6,70.6,6982,0.0,3,4.2,0,0,3154.2,38.1608991,-122.4525924,3.1,10.2,0,0,0
141.10,106.2,66.0,6808,0.0,3,4.1,0,0,3157.7,38.1608697,-122.4525801,3.1,10.2,0,0,0
141.20,104.5,65.0,6861,0.0,3,3.7,0,0,3161.0,38.1608411,-122.4525684,3.1,10.2,0,0,0
141.30,108.9,67.7,7089,0.0,3,2.7,0,0,3164.3,38.1608131,-122.4525571,3.1,10.2,0,0,0
141.40,113.1,70.3,7959,0.0,3,2.6,0,0,3167.5,38.1607854,-122.4525460,3.1,10.2,0,0,0
141.50,105.7,65.7,8900,0.0,2,3.1,0,0,3170.7,38.1607584,-122.4525351,3.1,10.2,0,0,0
141.60,113.2,70.3,8736,0.0,2,2.7,0,0,3173.7,38.1607321,-122.4525244,3.1,10.2,0,0,0
141.70,111.2,69.1,8547,0.0,2,2.1,0,0,3176.7,38.1607061,-122.4525141,3.1,10.2,0,0,0
141.80,109.0,67.7,8373,0.0,2,2.0,0,0,3179.7,38.1606807,-122.4525043,2.5,8.2,0,0,0
141.90,106.2,66.0,8163,0.0,2,1.7,0,0,3182.6,38.1606558,-122.4524948,2.5,8.2,0,0,0
142.00,104.0,64.6,7912,0.0,2,1.4,0,0,3185.4,38.1606313,-122.4524853,2.5,8.2,0,0,0
142.10,100.7,62.6,7628,0.0,2,1.2,0,0,3188.2,38.1606072,-122.4524761,2.5,8.2,0,0,0
142.20,97.5,60.6,7408,0.0,2,1.5,0,0,3191.0,38.1605837,-122.4524671,2.5,8.2,0,0,0
142.30,94.1,58.5,7267,0.0,2,2.1,0,0,3193.6,38.1605608,-122.4524584,2.5,8.2,0,0,0
142.40,92.5,57.5,7442,0.0,2,2.5,0,0,3196.2,38.1605384,-122.4524501,2.5,8.2,0,0,0
142.50,93.6,58.2,8624,0.0,1,2.6,0,0,3198.8,38.1605164,-122.4524421,2.5,8.2,0,0,0
142.60,83.4,51.8,9020,0.0,1,3.1,0,0,3201.2,38.1604951,-122.4524343,2.5,8.2,0,0,0
142.70,87.1,54.1,8759,0.0,1,3.1,0,0,3203.6,38.1604744,-122.4524268,2.5,8.2,0,0,0
142.80,84.9,52.7,8484,0.0,1,3.7,0,0,3206.0,38.1604541,-122.4524194,2.2,7.2,0,0,0
142.90,82.0,50.9,8292,0.0,1,4.5,0,0,3208.3,38.1604344,-122.4524124,2.2,7.2,0,0,0
143.00,80.1,49.8,8022,0.0,1,5.5,0,0,3210.5,38.1604151,-122.4524058,2.2,7.2,0,0,0
143.10,77.5,48.2,7821,0.0,1,6.9,0,0,3212.7,38.1603961,-122.4523993,2.2,7.2,0,0,0
143.20,75.5,46.9,7630,0.0,1,8.0,0,0,3214.8,38.1603777,-122.4523931,2.2,7.2,0,0,0
143.30,73.6,45.8,7478,0.0,1,9.6,0,0,3216.8,38.1603598,-122.4523874,2.2,7.2,0,0,0
143.40,72.3,44.9,7333,0.0,1,11.8,0,0,3218.8,38.1603424,-122.4523821,2.2,7.2,0,0,0
143.50,70.8,44.0,7198,0.0,1,13.8,0,0,3220.7,38.1603255,-122.4523771,2.2,7.2,0,0,0
143.60,69.4,43.1,7092,0.0,1,15.4,0,0,3222.6,38.1603094,-122.4523724,2.2,7.2,0,0,0
143.70,68.2,42.4,6906,0.0,1,16.3,0,0,3224.4,38.1602937,-122.4523681,2.2,7.2,0,0,0
143.80,66.8,41.5,6720,0.0,1,17.2,0,0,3226.1,38.1602780,-122.4523643,2.5,8.2,0,0,0
143.90,65.0,40.4,6621,0.0,1,18.5,0,0,3227.9,38.1602623,-122.4523608,2.5,8.2,0,0,0
144.00,64.0,39.8,6526,0.0,1,19.9,0,0,3229.7,38.1602468,-122.4523577,2.5,8.2,0,0,0
144.10,63.2,39.3,6412,0.0,1,22.2,0,0,3231.4,38.1602317,-122.4523551,2.5,8.2,0,0,0
144.20,62.0,38.5,6284,0.0,1,24.4,0,0,3233.0,38.1602171,-122.4523531,2.5,8.2,0,0,0
144.30,60.8,37.8,6152,0.0,1,26.1,0,0,3234.6,38.1602031,-122.4523514,2.5,8.2,0,0,0
144.40,59.5,37.0,6026,0.0,1,27.7,0,0,3236.1,38.1601893,-122.4523501,2.5,8.2,0,0,0
144.50,58.1,36.1,5883,0.0,1,29.0,0,0,3237.6,38.1601758,-122.4523494,2.5,8.2,0,0,0
144.60,56.8,35.3,5723,0.0,1,30.5,0,0,3239.1,38.1601623,-122.4523494,2.5,8.2,0,0,0
144.70,55.5,34.5,5615,0.0,1,31.9,0,0,3240.6,38.1601491,-122.4523501,2.5,8.2,0,0,0
144.80,54.0,33.6,5471,0.0,1,33.0,0,0,3242.0,38.1601364,-122.4523511,2.4,7.9,0,0,0
144.90,53.0,32.9,5338,0.0,1,33.7,0,0,3243.3,38.1601241,-122.4523527,2.4,7.9,0,0,0
145.00,51.4,31.9,5251,0.0,1,33.9,0,0,3244.7,38.1601124,-122.4523549,2.4,7.9,0,0,0
145.10,50.7,31.5,5141,0.0,1,34.6,0,0,3245.9,38.1601011,-122.4523577,2.4,7.9,0,0,0
145.20,49.7,30.9,5064,0.0,1,35.6,0,0,3247.2,38.1600904,-122.4523615,2.4,7.9,0,0,0
145.30,48.8,30.3,4976,0.0,1,36.4,0,0,3248.4,38.1600805,-122.4523661,2.4,7.9,0,0,0
145.40,48.0,29.8,4904,0.0,1,37.1,0,0,3249.4,38.1600718,-122.4523714,2.4,7.9,0,0,0
145.50,47.2,29.4,4800,0.0,1,37.3,0,0,3250.4,38.1600641,-122.4523774,2.4,7.9,0,0,0
145.60,46.2,28.7,4705,0.0,1,37.0,0,0,3251.4,38.1600567,-122.4523841,2.4,7.9,0,0,0
145.70,45.3,28.2,4594,0.0,1,35.9,0,0,3252.5,38.1600492,-122.4523910,2.4,7.9,0,0,0
145.80,44.3,27.5,4479,0.0,1,35.3,0,0,3253.5,38.1600418,-122.4523981,2.8,9.2,0,0,0
145.90,43.3,26.9,4425,3.0,1,35.3,0,0,3254.5,38.1600344,-122.4524054,2.8,9.2,0,0,0
146.00,43.1,26.8,4439,9.0,1,35.9,0,0,3255.6,38.1600274,-122.4524134,2.8,9.2,0,0,0
146.10,42.4,26.3,4315,9.0,1,37.0,0,0,3256.6,38.1600211,-122.4524218,2.8,9.2,0,0,0
146.20,42.2,26.2,4371,10.0,1,37.9,0,0,3257.6,38.1600154,-122.4524306,2.8,9.2,0,0,0
146.30,41.9,26.1,4322,13.0,1,38.6,0,0,3258.6,38.1600101,-122.4524398,2.8,9.2,0,0,0
146.40,41.8,26.0,4699,16.5,1,39.4,0,0,3259.6,38.1600054,-122.4524490,2.8,9.2,0,0,0
146.50,41.8,26.0,4389,20.0,1,39.8,0,0,3260.5,38.1600011,-122.4524584,2.8,9.2,0,0,0
146.60,42.9,26.6,4595,28.0,1,39.8,0,0,3261.5,38.1599971,-122.4524681,2.8,9.2,0,0,0
146.70,44.1,27.4,4612,28.5,1,39.4,0,0,3262.5,38.1599934,-122.4524784,2.8,9.2,0,0,0
146.80,44.6,27.7,4708,34.0,1,38.9,0,0,3263.5,38.1599901,-122.4524894,2.5,8.2,0,0,0
146.90,45.5,28.3,4793,36.0,1,38.6,0,0,3264.5,38.1599872,-122.4525007,2.5,8.2,0,0,0
147.00,46.5,28.9,4902,38.5,1,38.6,0,0,3265.6,38.1599845,-122.4525121,2.5,8.2,0,0,0
147.10,47.5,29.5,5042,40.5,1,38.6,0,0,3266.6,38.1599820,-122.4525237,2.5,8.2,0,0,0
147.20,49.0,30.4,5198,42.5,1,38.3,0,0,3267.7,38.1599803,-122.4525361,2.5,8.2,0,0,0
147.30,49.9,31.0,5348,45.5,1,38.3,0,0,3268.9,38.1599798,-122.4525491,2.5,8.2,0,0,0
147.40,51.6,32.1,5559,51.0,1,38.0,0,0,3270.0,38.1599808,-122.4525624,2.5,8.2,0,0,0
147.50,53.6,33.3,5766,55.5,1,37.2,0,0,3271.2,38.1599832,-122.4525761,2.5,8.2,0,0,0
147.60,55.8,34.7,5942,55.5,1,36.3,0,0,3272.5,38.1599864,-122.4525900,2.5,8.2,0,0,0
147.70,57.5,35.7,6107,56.0,1,35.3,0,0,3273.8,38.1599901,-122.4526041,2.5,8.2,0,0,0
147.80,59.5,36.9,6265,56.5,1,34.1,0,0,3275.1,38.1599942,-122.4526183,1.4,4.6,0,0,0
147.90,61.0,37.9,6509,59.0,1,33.2,0,0,3276.5,38.1599994,-122.4526328,1.4,4.6,0,0,0
148.00,62.7,38.9,6686,60.5,1,32.5,0,0,3278.0,38.1600062,-122.4526474,1.4,4.6,0,0,0
148.10,64.5,40.1,6918,64.0,1,31.8,0,0,3279.6,38.1600136,-122.4526624,1.4,4.6,0,0,0
148.20,66.3,41.2,7083,65.0,1,31.2,0,0,3281.1,38.1600211,-122.4526778,1.4,4.6,0,0,0
148.30,68.4,42.5,7333,66.5,1,30.4,0,0,3282.7,38.1600287,-122.4526933,1.4,4.6,0,0,0
148.40,70.7,44.0,7533,69.0,1,29.1,0,0,3284.4,38.1600372,-122.4527091,1.4,4.6,0,0,0
148.50,72.3,44.9,7705,70.0,1,27.1,0,0,3286.1,38.1600464,-122.4527250,1.4,4.6,0,0,0
148.60,74.5,46.3,7939,70.0,1,25.0,0,0,3287.9,38.1600561,-122.4527410,1.4,4.6,0,0,0
148.70,76.9,47.8,8126,70.0,1,22.9,0,0,3289.7,38.1600664,-122.4527571,1.4,4.6,0,0,0
148.80,78.3,48.6,8278,70.0,1,20.7,0,0,3291.6,38.1600774,-122.4527732,3.0,9.8,0,0,0
148.90,80.0,49.7,8506,70.0,1,18.7,0,0,3293.5,38.1600888,-122.4527895,3.0,9.8,0,0,0
149.00,82.1,51.0,8616,70.0,1,16.8,0,0,3295.4,38.1601004,-122.4528056,3.0,9.8,0,0,0
149.10,83.4,51.8,8803,69.5,1,14.7,0,0,3297.4,38.1601125,-122.4528221,3.0,9.8,0,0,0
149.20,85.4,53.1,9034,69.5,1,12.7,0,0,3299.4,38.1601254,-122.4528391,3.0,9.8,0,0,0
149.30,87.3,54.2,9242,69.5,1,10.8,0,0,3301.6,38.1601391,-122.4528564,3.0,9.8,0,0,0
149.40,89.3,55.5,9399,69.5,1,9.0,0,0,3303.8,38.1601534,-122.4528741,3.0,9.8,0,0,0
149.50,91.0,56.6,9619,69.5,1,7.5,0,0,3306.1,38.1601681,-122.4528923,3.0,9.8,0,0,0
149.60,93.0,57.8,9804,68.5,1,6.1,0,0,3308.4,38.1601834,-122.4529108,3.0,9.8,0,0,0
149.70,94.8,58.9,9773,68.5,1,4.7,0,0,3310.8,38.1601994,-122.4529294,3.0,9.8,0,0,0
149.80,95.9,59.6,7713,92.5,1,3.0,0,18,3313.3,38.1602158,-122.4529484,3.7,12.1,0,0,0
149.90,98.6,61.2,7858,100.0,2,1.9,0,15,3315.8,38.1602323,-122.4529678,3.7,12.1,0,0,0
150.00,99.6,61.9,7994,100.0,2,0.9,0,0,3318.3,38.1602491,-122.4529872,3.7,12.1,0,0,0
150.10,101.2,62.9,8177,100.0,2,-0.4,0,0,3320.9,38.1602664,-122.4530068,3.7,12.1,0,0,0
150.20,103.0,64.0,8274,100.0,2,-1.6,0,0,3323.5,38.1602841,-122.4530266,3.7,12.1,0,0,0
150.30,105.0,65.2,8480,100.0,2,-2.3,0,0,3326.2,38.1603021,-122.4530468,3.7,12.1,0,0,0
150.40,107.0,66.5,8619,100.0,2,-3.1,0,0,3328.9,38.1603204,-122.4530673,3.7,12.1,0,0,0
150.50,109.2,67.9,8790,100.0,2,-4.2,0,0,3331.7,38.1603391,-122.4530881,3.7,12.1,0,0,0
150.60,111.2,69.1,8991,100.0,2,-5.7,0,0,3334.5,38.1603581,-122.4531094,3.7,12.1,0,0,0
150.70,113.8,70.7,9136,100.0,2,-6.7,0,0,3337.4,38.1603774,-122.4531311,3.7,12.1,0,0,0
150.80,115.7,71.9,9332,100.0,2,-7.3,0,0,3340.3,38.1603971,-122.4531534,3.9,12.8,0,0,0
150.90,118.1,73.4,9524,100.0,2,-8.1,0,0,3343.3,38.1604171,-122.4531761,3.9,12.8,0,0,0
151.00,120.5,74.9,9684,100.0,2,-9.1,0,0,3346.3,38.1604374,-122.4531991,3.9,12.8,0,0,0
151.10,123.2,76.5,9859,100.0,2,-10.2,0,0,3349.4,38.1604581,-122.4532224,3.9,12.8,0,0,0
151.20,125.2,77.8,10027,100.0,2,-11.2,0,0,3352.5,38.1604794,-122.4532464,3.9,12.8,0,0,0
151.30,127.2,79.0,10197,100.0,2,-12.2,0,0,3355.8,38.1605011,-122.4532711,3.9,12.8,0,0,0
151.40,129.6,80.5,10349,100.0,2,-13.0,0,0,3359.0,38.1605230,-122.4532961,3.9,12.8,0,0,0
151.50,131.8,81.9,10523,100.0,2,-13.6,0,0,3362.4,38.1605450,-122.4533217,3.9,12.8,0,0,0
151.60,133.6,83.0,10669,100.0,2,-14.1,0,0,3365.7,38.1605671,-122.4533478,3.9,12.8,0,0,0
151.70,135.7,84.3,9833,100.0,2,-15.0,0,0,3369.1,38.1605893,-122.4533744,3.9,12.8,0,0,0
151.80,133.3,82.9,8731,100.0,3,-15.9,0,0,3372.5,38.1606118,-122.4534014,4.2,13.8,0,0,0
151.90,138.5,86.0,8783,100.0,3,-16.1,0,0,3376.0,38.1606343,-122.4534288,4.2,13.8,0,0,0
152.00,138.8,86.2,8855,100.0,3,-15.7,0,0,3379.5,38.1606571,-122.4534567,4.2,13.8,0,0,0
152.10,140.4,87.2,8948,100.0,3,-14.7,0,0,3383.1,38.1606800,-122.4534851,4.2,13.8,0,0,0
152.20,141.6,88.0,9026,100.0,3,-14.0,0,0,3386.7,38.1607030,-122.4535140,4.2,13.8,0,0,0
152.30,142.7,88.7,9103,100.0,3,-13.2,0,0,3390.3,38.1607260,-122.4535431,4.2,13.8,0,0,0
152.40,144.1,89.5,9192,100.0,3,-12.4,0,0,3393.9,38.1607491,-122.4535724,4.2,13.8,0,0,0
152.50,145.1,90.2,9248,100.0,3,-12.0,0,0,3397.6,38.1607723,-122.4536024,4.2,13.8,0,0,0
152.60,147.0,91.3,9355,100.0,3,-11.8,0,0,3401.3,38.1607958,-122.4536331,4.2,13.8,0,0,0
152.70,148.6,92.3,9458,100.0,3,-12.0,0,0,3405.1,38.1608193,-122.4536641,4.2,13.8,0,0,0
152.80,150.0,93.2,9506,100.0,3,-12.4,0,0,3408.9,38.1608431,-122.4536954,4.5,14.8,0,0,0
152.90,151.0,93.8,9582,100.0,3,-12.1,0,0,3412.8,38.1608671,-122.4537271,4.5,14.8,0,0,0
153.00,152.3,94.6,9650,100.0,3,-11.8,0,0,3416.6,38.1608913,-122.4537591,4.5,14.8,0,0,0
153.10,153.6,95.4,9725,100.0,3,-11.6,0,0,3420.6,38.1609157,-122.4537914,4.5,14.8,0,0,0
153.20,154.8,96.2,9811,100.0,3,-11.3,0,0,3424.5,38.1609400,-122.4538241,4.5,14.8,0,0,0
153.30,156.4,97.2,9872,100.0,3,-10.8,0,0,3428.5,38.1609643,-122.4538574,4.5,14.8,0,0,0
153.40,157.0,97.5,9937,100.0,3,-10.1,0,0,3432.5,38.1609888,-122.4538911,4.5,14.8,0,0,0
153.50,158.3,98.4,10010,100.0,3,-9.6,0,0,3436.5,38.1610133,-122.4539251,4.5,14.8,0,0,0
153.60,159.3,99.0,10074,100.0,3,-9.3,0,0,3440.6,38.1610381,-122.4539594,4.5,14.8,0,0,0
153.70,160.3,99.6,10149,100.0,3,-9.4,0,0,3444.7,38.1610630,-122.4539941,4.5,14.8,0,0,0
153.80,161.6,100.4,10250,100.0,3,-9.4,0,0,3448.8,38.1610881,-122.4540291,4.9,16.1,0,0,0
153.90,162.9,101.3,10341,100.0,3,-9.4,0,0,3453.0,38.1611133,-122.4540644,4.9,16.1,0,0,0
154.00,164.3,102.1,10424,100.0,3,-9.6,0,0,3457.2,38.1611387,-122.4541001,4.9,16.1,0,0,0
154.10,166.0,103.2,10479,100.0,3,-9.6,0,0,3461.4,38.1611640,-122.4541361,4.9,16.1,0,0,0
154.20,167.1,103.9,10549,100.0,3,-9.5,0,0,3465.7,38.1611894,-122.4541724,4.9,16.1,0,0,0
154.30,167.7,104.2,10609,99.5,3,-9.7,0,0,3470.0,38.1612151,-122.4542091,4.9,16.1,0,0,0
154.40,168.8,104.9,10677,89.5,3,-10.2,0,0,3474.3,38.1612410,-122.4542461,4.9,16.1,0,0,0
154.50,170.0,105.7,10741,88.5,3,-9.9,0,0,3478.7,38.1612670,-122.4542834,4.9,16.1,0,0,0
154.60,171.4,106.5,10722,80.0,3,-9.7,0,0,3483.0,38.1612930,-122.4543211,4.9,16.1,0,0,0
154.70,171.0,106.2,10320,4.0,3,-9.3,0,0,3487.4,38.1613190,-122.4543590,4.9,16.1,0,0,0
154.80,169.0,105.0,10381,0.0,3,-8.6,0,0,3491.9,38.1613450,-122.4543970,5.4,17.7,0,0,0
154.90,165.2,102.7,10324,0.0,3,-6.2,0,0,3496.2,38.1613709,-122.4544349,5.4,17.7,0,0,0
155.00,164.8,102.4,10218,0.0,3,-4.3,0,0,3500.6,38.1613966,-122.4544727,5.4,17.7,0,0,0
155.10,162.9,101.3,10201,0.0,3,-5.2,0,0,3504.9,38.1614219,-122.4545102,5.4,17.7,0,0,0
155.20,161.8,100.6,10023,0.0,3,-4.7,0,0,3509.2,38.1614469,-122.4545473,5.4,17.7,0,0,0
155.30,159.0,98.8,9757,0.0,3,-4.0,0,0,3513.4,38.1614716,-122.4545839,5.4,17.7,0,0,0
155.40,154.6,96.1,9446,0.0,3,-3.3,0,0,3517.6,38.1614959,-122.4546199,5.4,17.7,0,0,0
155.50,150.5,93.5,9358,0.0,3,-3.1,0,0,3521.7,38.1615199,-122.4546556,5.4,17.7,0,0,0
155.60,148.8,92.5,9234,0.0,3,-2.9,0,0,3525.7,38.1615436,-122.4546906,5.4,17.7,0,0,0
155.70,146.5,91.1,9099,0.0,3,-3.5,0,0,3529.7,38.1615669,-122.4547249,5.4,17.7,0,0,0
155.80,144.2,89.6,8889,0.0,3,-4.2,0,0,3533.6,38.1615899,-122.4547586,6.0,19.7,0,0,0
155.90,141.0,87.6,8666,0.0,3,-4.9,0,0,3537.4,38.1616126,-122.4547916,6.0,19.7,0,0,0
156.00,137.9,85.7,8513,0.0,3,-5.1,0,0,3541.2,38.1616349,-122.4548239,6.0,19.7,0,0,0
156.10,135.3,84.1,8331,0.0,3,-4.6,0,0,3544.8,38.1616566,-122.4548556,6.0,19.7,0,0,0
156.20,132.2,82.1,8181,0.0,3,-4.2,0,0,3548.4,38.1616775,-122.4548866,6.0,19.7,0,0,0
156.30,130.1,80.9,8071,0.0,3,-4.2,0,0,3551.9,38.1616976,-122.4549169,6.0,19.7,0,0,0
156.40,128.4,79.8,7949,0.0,3,-3.7,0,0,3555.3,38.1617172,-122.4549469,6.0,19.7,0,0,0
156.50,126.1,78.3,7780,0.0,3,-2.8,0,0,3558.7,38.1617367,-122.4549763,6.0,19.7,0,0,0
156.60,123.6,76.8,7673,0.0,3,-2.0,0,0,3562.0,38.1617559,-122.4550052,6.0,19.7,0,0,0
156.70,122.0,75.8,7542,0.0,3,-2.1,0,0,3565.2,38.1617746,-122.4550336,6.0,19.7,0,0,0
156.80,119.5,74.3,7453,3.5,3,-2.7,0,0,3568.4,38.1617929,-122.4550615,6.4,21.0,0,0,0
156.90,117.2,72.8,7239,0.0,3,-2.8,0,0,3571.5,38.1618110,-122.4550886,6.4,21.0,0,0,0
157.00,115.0,71.4,7101,0.0,3,-2.7,0,0,3574.6,38.1618289,-122.4551152,6.4,21.0,0,0,0
157.10,112.5,69.9,6964,0.0,3,-3.1,0,0,3577.6,38.1618466,-122.4551416,6.4,21.0,0,0,0
157.20,110.9,68.9,6854,0.0,3,-4.0,0,0,3580.6,38.1618639,-122.4551676,6.4,21.0,0,0,0
157.30,108.8,67.6,6747,0.0,3,-5.2,0,0,3583.5,38.1618809,-122.4551929,6.4,21.0,0,0,0
157.40,107.0,66.5,6642,0.0,3,-5.9,0,0,3586.3,38.1618976,-122.4552176,6.4,21.0,0,0,0
157.50,105.5,65.6,6539,0.0,3,-6.4,0,0,3589.1,38.1619139,-122.4552419,6.4,21.0,0,0,0
157.60,104.0,64.6,6459,0.0,3,-6.3,0,0,3591.9,38.1619299,-122.4552659,6.4,21.0,0,0,0
157.70,102.4,63.6,6350,0.0,3,-5.6,0,0,3594.6,38.1619456,-122.4552897,6.4,21.0,0,0,0
157.80,100.6,62.5,6215,0.0,3,-5.5,0,0,3597.2,38.1619609,-122.4553132,6.6,21.7,0,0,0
157.90,98.8,61.4,6155,0.0,3,-6.7,0,0,3599.9,38.1619760,-122.4553366,6.6,21.7,0,0,0
158.00,97.3,60.5,6046,0.0,3,-8.0,0,0,3602.5,38.1619909,-122.4553596,6.6,21.7,0,0,0
158.10,96.0,59.7,5979,0.0,3,-9.8,0,0,3605.1,38.1620056,-122.4553822,6.6,21.7,0,0,0
158.20,95.0,59.0,5862,0.0,3,-11.4,0,0,3607.6,38.1620196,-122.4554047,6.6,21.7,0,0,0
158.30,93.5,58.1,5824,0.0,3,-11.9,0,0,3610.0,38.1620332,-122.4554269,6.6,21.7,0,0,0
158.40,92.1,57.3,5760,0.0,3,-12.9,0,0,3612.5,38.1620466,-122.4554490,6.6,21.7,0,0,0
158.50,91.5,56.9,5720,0.0,3,-14.4,0,0,3614.9,38.1620596,-122.4554710,6.6,21.7,0,0,0
158.60,91.0,56.6,5650,0.0,3,-16.1,0,0,3617.3,38.1620722,-122.4554930,6.6,21.7,0,0,0
158.70,90.1,56.0,5620,0.0,3,-17.9,0,0,3619.6,38.1620846,-122.4555150,6.6,21.7,0,0,0
158.80,89.1,55.3,5603,7.5,3,-19.6,0,0,3622.0,38.1620966,-122.4555370,6.6,21.7,0,0,0
158.90,88.9,55.2,5614,18.5,3,-21.8,0,0,3624.3,38.1621079,-122.4555589,6.6,21.7,0,0,0
159.00,88.6,55.0,5958,22.0,3,-24.0,0,0,3626.5,38.1621189,-122.4555808,6.6,21.7,0,0,0
159.10,91.4,56.8,5674,20.0,3,-26.6,0,0,3628.8,38.1621296,-122.4556026,6.6,21.7,0,0,0
159.20,89.8,55.8,5615,19.0,3,-29.8,0,0,3631.0,38.1621399,-122.4556248,6.6,21.7,0,0,0
159.30,91.0,56.6,5585,15.5,3,-32.5,0,0,3633.3,38.1621496,-122.4556472,6.6,21.7,0,0,0
159.40,89.3,55.5,5670,18.5,3,-33.5,0,0,3635.5,38.1621589,-122.4556698,6.6,21.7,0,0,0
159.50,88.4,54.9,5645,23.0,3,-34.1,0,0,3637.7,38.1621676,-122.4556926,6.6,21.7,0,0,0
159.60,89.2,55.4,5655,30.5,3,-33.9,0,0,3639.9,38.1621759,-122.4557158,6.6,21.7,0,0,0
159.70,90.2,56.1,5599,31.5,3,-32.7,0,0,3642.1,38.1621836,-122.4557390,6.6,21.7,0,0,0
159.80,89.0,55.3,5614,36.0,3,-31.3,0,0,3644.3,38.1621909,-122.4557624,6.9,22.6,0,0,0
159.90,89.1,55.3,5606,37.5,3,-30.4,0,0,3646.5,38.1621976,-122.4557861,6.9,22.6,0,0,0
160.00,89.5,55.6,5670,41.0,3,-29.8,0,0,3648.8,38.1622036,-122.4558103,6.9,22.6,0,0,0
160.10,90.1,56.0,5644,39.5,3,-29.3,0,0,3651.0,38.1622089,-122.4558348,6.9,22.6,0,0,0
160.20,90.1,56.0,5635,35.5,3,-28.2,0,0,3653.2,38.1622139,-122.4558593,6.9,22.6,0,0,0
160.30,89.9,55.9,5638,37.0,3,-27.2,0,0,3655.4,38.1622186,-122.4558841,6.9,22.6,0,0,0
160.40,89.7,55.7,5768,38.0,3,-27.5,0,0,3657.7,38.1622226,-122.4559091,6.9,22.6,0,0,0
160.50,90.4,56.2,5778,44.0,3,-28.5,0,0,3659.9,38.1622259,-122.4559343,6.9,22.6,0,0,0
160.60,91.2,56.6,5895,58.0,3,-29.3,0,0,3662.1,38.1622289,-122.4559598,6.9,22.6,0,0,0
160.70,94.0,58.4,5879,82.0,3,-30.5,0,0,3664.4,38.1622316,-122.4559853,6.9,22.6,0,0,0
160.80,94.9,59.0,5993,84.5,3,-30.9,0,0,3666.7,38.1622336,-122.4560111,7.2,23.6,0,0,0
160.90,95.7,59.5,5965,93.0,3,-30.0,0,0,3669.0,38.1622352,-122.4560374,7.2,23.6,0,0,0
161.00,95.7,59.5,6044,100.0,3,-28.4,0,0,3671.3,38.1622363,-122.4560640,7.2,23.6,0,0,0
161.10,97.2,60.4,6118,100.0,3,-26.2,0,0,3673.6,38.1622365,-122.4560908,7.2,23.6,0,0,0
161.20,98.0,60.9,6119,100.0,3,-23.4,0,0,3676.0,38.1622359,-122.4561177,7.2,23.6,0,0,0
161.30,96.9,60.2,6172,100.0,3,-20.8,0,0,3678.4,38.1622350,-122.4561451,7.2,23.6,0,0,0
161.40,97.8,60.8,6194,100.0,3,-17.7,0,0,3680.8,38.1622339,-122.4561730,7.2,23.6,0,0,0
161.50,98.1,61.0,6269,100.0,3,-14.3,0,0,3683.3,38.1622323,-122.4562011,7.2,23.6,0,0,0
161.60,99.3,61.7,6275,100.0,3,-11.2,0,0,3685.8,38.1622302,-122.4562294,7.2,23.6,0,0,0
161.70,99.9,62.1,6372,100.0,3,-9.6,0,0,3688.3,38.1622280,-122.4562581,7.2,23.6,0,0,0
161.80,101.2,62.9,6414,100.0,3,-8.7,0,0,3690.9,38.1622257,-122.4562874,7.9,25.9,0,0,0
161.90,101.9,63.3,6542,100.0,3,-7.5,0,0,3693.5,38.1622232,-122.4563171,7.9,25.9,0,0,0
162.00,103.5,64.3,6582,100.0,3,-6.1,0,0,3696.1,38.1622206,-122.4563471,7.9,25.9,0,0,0
162.10,104.9,65.2,6680,100.0,3,-4.1,0,0,3698.8,38.1622176,-122.4563773,7.9,25.9,0,0,0
162.20,106.4,66.1,6747,100.0,3,-2.3,0,0,3701.5,38.1622142,-122.4564078,7.9,25.9,0,0,0
162.30,106.7,66.3,6799,100.0,3,-1.0,0,0,3704.2,38.1622107,-122.4564384,7.9,25.9,0,0,0
162.40,109.3,67.9,7014,100.0,3,-0.2,0,0,3706.9,38.1622070,-122.4564694,7.9,25.9,0,0,0
162.50,110.1,68.4,6895,96.0,3,0.1,0,0,3709.7,38.1622033,-122.4565011,7.9,25.9,0,0,0
162.60,109.5,68.1,6953,95.0,3,0.4,0,0,3712.5,38.1621997,-122.4565330,7.9,25.9,0,0,0
162.70,110.4,68.6,7027,94.5,3,0.7,0,0,3715.4,38.1621959,-122.4565651,7.9,25.9,0,0,0
162.80,112.3,69.8,7104,94.5,3,0.5,0,0,3718.2,38.1621920,-122.4565973,8.8,28.9,0,0,0
162.90,113.1,70.3,7179,93.0,3,-0.2,0,0,3721.1,38.1621880,-122.4566298,8.8,28.9,0,0,0
163.00,114.0,70.8,7212,89.5,3,-0.8,0,0,3724.0,38.1621839,-122.4566626,8.8,28.9,0,0,0
163.10,115.0,71.5,7325,89.5,3,-1.7,0,0,3727.0,38.1621797,-122.4566958,8.8,28.9,0,0,0
163.20,116.6,72.4,7379,87.5,3,-2.6,0,0,3729.9,38.1621752,-122.4567293,8.8,28.9,0,0,0
163.30,117.3,72.9,7441,83.0,3,-3.4,0,0,3732.9,38.1621707,-122.4567631,8.8,28.9,0,0,0
163.40,118.5,73.6,7510,75.5,3,-4.0,0,0,3735.9,38.1621660,-122.4567971,8.8,28.9,0,0,0
163.50,119.0,73.9,7534,67.0,3,-5.4,0,0,3739.0,38.1621612,-122.4568314,8.8,28.9,0,0,0
163.60,120.4,74.8,7588,59.0,3,-7.4,0,0,3742.1,38.1621564,-122.4568660,8.8,28.9,0,0,0
163.70,120.8,75.0,7607,54.5,3,-9.6,0,0,3745.1,38.1621512,-122.4569008,8.8,28.9,0,0,0
163.80,121.0,75.2,7663,54.5,3,-11.6,0,0,3748.2,38.1621460,-122.4569356,10.8,35.4,0,0,0
163.90,122.4,76.0,7740,59.0,3,-14.2,0,0,3751.4,38.1621406,-122.4569708,10.8,35.4,0,0,0
164.00,123.4,76.7,7787,60.0,3,-17.1,0,0,3754.5,38.1621349,-122.4570059,10.8,35.4,0,0,0
164.10,124.4,77.3,7874,61.5,3,-19.5,0,0,3757.7,38.1621289,-122.4570410,10.8,35.4,0,0,0
164.20,125.7,78.1,7950,65.0,3,-21.2,0,0,3760.8,38.1621226,-122.4570760,10.8,35.4,0,0,0
164.30,126.5,78.6,8005,65.5,3,-22.0,0,0,3764.0,38.1621156,-122.4571111,10.8,35.4,0,0,0
164.40,126.9,78.9,8011,60.5,3,-22.5,0,0,3767.1,38.1621082,-122.4571463,10.8,35.4,0,0,0
164.50,128.2,79.6,8060,50.0,3,-23.5,0,0,3770.4,38.1621007,-122.4571818,10.8,35.4,0,0,0
164.60,127.9,79.5,8074,50.5,3,-24.7,0,0,3773.6,38.1620929,-122.4572172,10.8,35.4,0,0,0
164.70,128.2,79.7,8146,57.5,3,-25.7,0,0,3776.8,38.1620846,-122.4572527,10.8,35.4,0,0,0
164.80,129.6,80.5,8164,58.0,3,-26.5,0,0,3780.1,38.1620756,-122.4572879,12.9,42.3,0,0,0
164.90,130.7,81.2,8233,58.0,3,-27.1,0,0,3783.3,38.1620659,-122.4573230,12.9,42.3,0,0,0
165.00,130.6,81.1,8256,59.0,3,-27.5,0,0,3786.6,38.1620559,-122.4573579,12.9,42.3,0,0,0
165.10,131.4,81.7,8311,61.0,3,-27.9,0,0,3789.8,38.1620456,-122.4573927,12.9,42.3,0,0,0
165.20,132.1,82.1,8320,57.5,3,-28.3,0,0,3793.0,38.1620349,-122.4574272,12.9,42.3,0,0,0
165.30,132.4,82.2,8299,53.0,3,-28.9,0,0,3796.3,38.1620236,-122.4574616,12.9,42.3,0,0,0
165.40,131.6,81.8,8297,55.0,3,-29.2,0,0,3799.6,38.1620116,-122.4574956,12.9,42.3,0,0,0
165.50,132.1,82.1,8359,57.5,3,-29.4,0,0,3802.8,38.1619989,-122.4575292,12.9,42.3,0,0,0
165.60,132.2,82.1,8315,57.5,3,-29.4,0,0,3806.1,38.1619856,-122.4575624,12.9,42.3,0,0,0
165.70,131.8,81.9,8285,56.0,3,-29.7,0,0,3809.3,38.1619719,-122.4575952,12.9,42.3,0,0,0
165.80,132.0,82.0,8285,52.5,3,-30.5,0,0,3812.6,38.1619576,-122.4576276,16.1,52.8,0,0,0
165.90,132.4,82.3,8357,53.5,3,-31.6,0,0,3815.8,38.1619426,-122.4576596,16.1,52.8,0,0,0
166.00,133.0,82.7,8364,51.0,3,-32.5,0,0,3819.1,38.1619269,-122.4576909,16.1,52.8,0,0,0
166.10,131.9,82.0,8267,50.0,3,-33.3,0,0,3822.3,38.1619109,-122.4577220,16.1,52.8,0,0,0
166.20,131.5,81.7,8269,50.5,3,-33.4,0,0,3825.6,38.1618946,-122.4577529,16.1,52.8,0,0,0
166.30,131.8,81.9,8297,47.5,3,-33.3,0,0,3828.8,38.1618780,-122.4577836,16.1,52.8,0,0,0
166.40,132.0,82.0,8290,43.5,3,-33.8,0,0,3832.1,38.1618613,-122.4578139,16.1,52.8,0,0,0
166.50,131.2,81.5,8249,44.5,3,-34.2,0,0,3835.3,38.1618447,-122.4578440,16.1,52.8,0,0,0
166.60,130.3,80.9,8204,48.5,3,-33.8,0,0,3838.5,38.1618279,-122.4578740,16.1,52.8,0,0,0
166.70,130.4,81.0,8148,47.0,3,-32.8,0,0,3841.7,38.1618106,-122.4579038,16.1,52.8,0,0,0
166.80,129.7,80.6,8100,41.0,3,-32.6,0,0,3845.0,38.1617925,-122.4579329,20.1,65.9,0,0,0
166.90,129.2,80.3,8082,37.0,3,-32.6,0,0,3848.2,38.1617736,-122.4579608,20.1,65.9,0,0,0
167.00,128.6,79.9,8067,36.0,3,-32.3,0,0,3851.4,38.1617538,-122.4579877,20.1,65.9,0,0,0
167.10,127.2,79.0,8046,36.5,3,-31.9,0,0,3854.6,38.1617333,-122.4580130,20.1,65.9,0,0,0
167.20,126.5,78.6,7912,39.0,3,-30.9,0,0,3857.7,38.1617123,-122.4580364,20.1,65.9,0,0,0
167.30,125.6,78.0,7776,38.0,3,-29.1,0,0,3860.8,38.1616914,-122.4580591,20.1,65.9,0,0,0
167.40,123.4,76.7,7628,0.0,3,-27.7,0,0,3863.8,38.1616707,-122.4580816,20.1,65.9,0,0,0
167.50,121.5,75.5,7397,0.0,3,-26.4,0,0,3866.8,38.1616499,-122.4581039,20.1,65.9,0,0,0
167.60,117.7,73.1,7369,0.0,3,-24.3,0,0,3869.8,38.1616291,-122.4581256,20.1,65.9,0,0,0
167.70,116.9,72.6,7222,0.0,3,-20.7,0,0,3872.8,38.1616083,-122.4581465,20.1,65.9,0,0,0
167.80,114.8,71.3,7135,0.0,3,-16.9,0,0,3875.6,38.1615877,-122.4581666,24.4,80.1,0,0,0
167.90,112.9,70.2,6985,0.0,3,-14.3,0,0,3878.5,38.1615669,-122.4581859,24.4,80.1,0,0,0
168.00,111.0,69.0,6854,0.0,3,-12.0,0,0,3881.4,38.1615457,-122.4582050,24.4,80.1,0,0,0
168.10,108.9,67.6,6741,0.0,3,-9.8,0,0,3884.3,38.1615244,-122.4582239,24.4,80.1,0,0,0
168.20,107.0,66.5,7140,0.0,3,-7.6,0,0,3887.1,38.1615034,-122.4582427,24.4,80.1,0,0,0
168.30,100.8,62.6,8251,0.0,2,-4.9,0,0,3889.9,38.1614831,-122.4582612,24.4,80.1,0,0,0
168.40,103.8,64.5,8017,0.0,2,-3.6,0,0,3892.6,38.1614634,-122.4582794,24.4,80.1,0,0,0
168.50,102.7,63.8,7893,0.0,2,-2.4,0,0,3895.3,38.1614441,-122.4582972,24.4,80.1,0,0,0
168.60,100.2,62.3,7732,0.0,2,0.2,0,0,3897.9,38.1614250,-122.4583150,24.4,80.1,0,0,0
168.70,98.3,61.1,7607,0.0,2,3.5,0,0,3900.5,38.1614061,-122.4583326,24.4,80.1,0,0,0
168.80,96.7,60.1,7510,0.0,2,7.5,0,0,3903.1,38.1613874,-122.4583499,29.1,95.5,0,0,0
168.90,95.4,59.2,7410,0.0,2,11.5,0,0,3905.6,38.1613691,-122.4583670,29.1,95.5,0,0,0
169.00,94.1,58.5,7351,0.0,2,14.5,0,0,3908.1,38.1613514,-122.4583839,29.1,95.5,0,0,0
169.10,92.9,57.7,7234,0.0,2,17.4,0,0,3910.5,38.1613341,-122.4584007,29.1,95.5,0,0,0
169.20,91.9,57.1,7164,0.0,2,20.2,0,0,3912.9,38.1613171,-122.4584173,29.1,95.5,0,0,0
169.30,90.9,56.5,7069,0.0,2,22.3,0,0,3915.2,38.1613004,-122.4584341,29.1,95.5,0,0,0
169.40,89.9,55.9,6991,0.0,2,24.4,0,0,3917.6,38.1612844,-122.4584511,29.1,95.5,0,0,0
169.50,88.7,55.1,6913,0.0,2,26.2,0,0,3919.8,38.1612691,-122.4584683,29.1,95.5,0,0,0
169.60,87.7,54.5,6808,0.0,2,27.6,0,0,3922.1,38.1612544,-122.4584858,29.1,95.5,0,0,0
169.70,86.2,53.6,6707,0.0,2,28.6,0,0,3924.3,38.1612404,-122.4585032,29.1,95.5,0,0,0
169.80,85.2,52.9,6556,2.5,2,29.1,0,0,3926.4,38.1612271,-122.4585208,32.5,106.6,0,0,0
169.90,83.4,51.8,6549,9.0,2,29.7,0,0,3928.5,38.1612141,-122.4585383,32.5,106.6,0,0,0
170.00,83.2,51.7,6452,10.0,2,29.8,0,0,3930.6,38.1612014,-122.4585561,32.5,106.6,0,0,0
170.10,82.6,51.3,6403,11.0,2,30.5,0,0,3932.7,38.1611894,-122.4585741,32.5,106.6,0,0,0
170.20,80.8,50.2,6307,12.0,2,31.1,0,0,3934.7,38.1611781,-122.4585923,32.5,106.6,0,0,0
170.30,80.1,49.8,6321,12.0,2,30.9,0,0,3936.7,38.1611674,-122.4586108,32.5,106.6,0,0,0
170.40,78.7,48.9,6381,12.0,2,31.0,0,0,3938.7,38.1611574,-122.4586293,32.5,106.6,0,0,0
170.50,78.9,49.1,6029,10.0,2,31.4,0,0,3940.6,38.1611481,-122.4586481,32.5,106.6,0,0,0
170.60,77.2,48.0,5929,10.0,2,32.9,0,0,3942.5,38.1611391,-122.4586669,32.5,106.6,0,0,0
170.70,76.9,47.8,5919,12.0,2,33.7,0,0,3944.4,38.1611304,-122.4586857,32.5,106.6,0,0,0
170.80,75.9,47.1,6192,21.0,2,33.9,0,0,3946.3,38.1611221,-122.4587044,35.7,117.1,0,0,0
170.90,74.7,46.4,5912,22.0,2,34.5,0,0,3948.2,38.1611144,-122.4587234,35.7,117.1,0,0,0
171.00,75.6,47.0,6054,29.0,2,34.9,0,0,3950.0,38.1611071,-122.4587428,35.7,117.1,0,0,0
171.10,76.8,47.8,6054,31.5,2,35.4,0,0,3951.9,38.1611004,-122.4587622,35.7,117.1,0,0,0
171.20,76.7,47.7,6049,33.5,2,35.4,0,0,3953.7,38.1610944,-122.4587818,35.7,117.1,0,0,0
171.30,76.2,47.3,6040,33.5,2,35.2,0,0,3955.6,38.1610891,-122.4588016,35.7,117.1,0,0,0
171.40,76.3,47.4,6054,37.5,2,35.2,0,0,3957.4,38.1610844,-122.4588218,35.7,117.1,0,0,0
171.50,77.1,47.9,6087,37.5,2,35.4,0,0,3959.2,38.1610801,-122.4588420,35.7,117.1,0,0,0
171.60,77.4,48.1,6097,37.5,2,35.9,0,0,3961.1,38.1610761,-122.4588624,35.7,117.1,0,0,0
171.70,77.4,48.1,6133,37.5,2,36.5,0,0,3962.9,38.1610724,-122.4588831,35.7,117.1,0,0,0
171.80,77.7,48.3,6166,38.0,2,37.1,0,0,3964.8,38.1610694,-122.4589040,38.0,124.7,0,0,0
171.90,78.4,48.7,6200,39.0,2,37.6,0,0,3966.7,38.1610671,-122.4589251,38.0,124.7,0,0,0
172.00,78.7,48.9,6205,39.0,2,37.6,0,0,3968.5,38.1610654,-122.4589463,38.0,124.7,0,0,0
172.10,78.7,48.9,6210,45.0,2,37.0,0,0,3970.4,38.1610644,-122.4589678,38.0,124.7,0,0,0
172.20,79.1,49.2,6367,49.5,2,36.4,0,0,3972.3,38.1610641,-122.4589893,38.0,124.7,0,0,0
172.30,81.0,50.3,6455,50.0,2,36.0,0,0,3974.2,38.1610644,-122.4590111,38.0,124.7,0,0,0
172.40,81.9,50.9,6471,49.5,2,36.3,0,0,3976.1,38.1610654,-122.4590333,38.0,124.7,0,0,0
172.50,82.4,51.2,6512,49.5,2,36.3,0,0,3978.1,38.1610671,-122.4590558,38.0,124.7,0,0,0
172.60,82.9,51.5,6497,49.5,2,36.4,0,0,3980.1,38.1610694,-122.4590783,38.0,124.7,0,0,0
172.70,83.2,51.7,6699,51.0,2,36.4,0,0,3982.1,38.1610725,-122.4591011,38.0,124.7,0,0,0
172.80,84.7,52.6,6783,56.5,2,36.2,0,0,3984.2,38.1610764,-122.4591241,39.6,129.9,0,0,0
172.90,86.0,53.4,6932,70.0,2,35.9,0,0,3986.3,38.1610812,-122.4591473,39.6,129.9,0,0,0
173.00,88.1,54.7,7062,70.5,2,35.7,0,0,3988.4,38.1610870,-122.4591708,39.6,129.9,0,0,0
173.10,89.2,55.4,7155,72.5,2,34.9,0,0,3990.6,38.1610938,-122.4591943,39.6,129.9,0,0,0
173.20,90.4,56.2,7227,73.5,2,33.8,0,0,3992.8,38.1611006,-122.4592180,39.6,129.9,0,0,0
173.30,91.6,56.9,7330,75.0,2,32.7,0,0,3995.0,38.1611074,-122.4592417,39.6,129.9,0,0,0
173.40,93.0,57.8,7496,77.0,2,31.9,0,0,3997.2,38.1611144,-122.4592653,39.6,129.9,0,0,0
173.50,95.2,59.1,7642,79.5,2,31.6,0,0,3999.5,38.1611221,-122.4592891,39.6,129.9,0,0,0
173.60,96.5,60.0,7728,83.0,2,31.1,0,0,4001.8,38.1611304,-122.4593130,39.6,129.9,0,0,0
173.70,98.2,61.0,7860,84.5,2,30.3,0,0,4004.1,38.1611391,-122.4593370,39.6,129.9,0,0,0
173.80,99.6,61.9,8016,85.0,2,29.3,0,0,4006.4,38.1611484,-122.4593611,41.0,134.5,0,0,0
173.90,101.6,63.1,8184,85.0,2,28.8,0,0,4008.8,38.1611584,-122.4593854,41.0,134.5,0,0,0
174.00,103.8,64.5,8336,85.5,2,28.7,0,0,4011.3,38.1611691,-122.4594101,41.0,134.5,0,0,0
174.10,105.9,65.8,8533,86.0,2,28.6,0,0,4013.8,38.1611804,-122.4594350,41.0,134.5,0,0,0
174.20,108.4,67.4,8636,86.0,2,28.2,0,0,4016.4,38.1611924,-122.4594600,41.0,134.5,0,0,0
174.30,109.6,68.1,8863,84.5,2,27.5,0,0,4019.0,38.1612051,-122.4594850,41.0,134.5,0,0,0
174.40,112.3,69.8,8988,81.5,2,27.0,0,0,4021.6,38.1612184,-122.4595101,41.0,134.5,0,0,0
174.50,113.4,70.5,9015,77.5,2,26.4,0,0,4024.3,38.1612321,-122.4595354,41.0,134.5,0,0,0
174.60,114.5,71.1,9124,76.0,2,25.2,0,0,4027.0,38.1612464,-122.4595611,41.0,134.5,0,0,0
174.70,116.3,72.3,9265,76.0,2,23.8,0,0,4029.8,38.1612611,-122.4595870,41.0,134.5,0,0,0
174.80,117.9,73.3,9317,76.0,2,22.9,0,0,4032.7,38.1612764,-122.4596130,42.0,137.8,0,0,0
174.90,118.5,73.6,9467,76.0,2,22.2,0,0,4035.6,38.1612924,-122.4596390,42.0,137.8,0,0,0
175.00,120.6,74.9,8772,77.5,2,20.9,0,0,4038.5,38.1613091,-122.4596650,42.0,137.8,0,0,0
175.10,116.3,72.3,7271,86.0,3,19.5,0,0,4041.5,38.1613260,-122.4596910,42.0,137.8,0,0,0
175.20,118.3,73.5,7685,95.5,3,19.1,0,0,4044.4,38.1613431,-122.4597170,42.0,137.8,0,0,0
175.30,121.8,75.7,7787,100.0,3,19.7,0,0,4047.4,38.1613607,-122.4597431,42.0,137.8,0,0,0
175.40,123.2,76.6,7858,100.0,3,20.1,0,0,4050.5,38.1613789,-122.4597693,42.0,137.8,0,0,0
175.50,124.6,77.4,7968,100.0,3,20.1,0,0,4053.6,38.1613976,-122.4597957,42.0,137.8,0,0,0
175.60,126.1,78.4,8035,100.0,3,20.2,0,0,4056.7,38.1614168,-122.4598219,42.0,137.8,0,0,0
175.70,128.0,79.5,8139,100.0,3,20.7,0,0,4059.9,38.1614364,-122.4598480,42.0,137.8,0,0,0
175.80,128.9,80.1,8276,99.0,3,21.9,0,0,4063.1,38.1614564,-122.4598741,43.0,141.1,0,0,0
175.90,130.6,81.1,8352,95.5,3,23.0,0,0,4066.3,38.1614768,-122.4599003,43.0,141.1,0,0,0
176.00,132.4,82.3,8451,92.5,3,23.6,0,0,4069.5,38.1614973,-122.4599267,43.0,141.1,0,0,0
176.10,134.4,83.5,8547,91.5,3,23.7,0,0,4072.8,38.1615181,-122.4599529,43.0,141.1,0,0,0
176.20,135.5,84.2,8656,91.5,3,23.1,0,0,4076.1,38.1615394,-122.4599790,43.0,141.1,0,0,0
176.30,136.4,84.7,8709,86.0,3,22.2,0,0,4079.4,38.1615611,-122.4600050,43.0,141.1,0,0,0
176.40,138.1,85.8,8704,79.5,3,21.4,0,0,4082.7,38.1615834,-122.4600310,43.0,141.1,0,0,0
176.50,138.1,85.8,8808,78.5,3,20.7,0,0,4086.1,38.1616061,-122.4600570,43.0,141.1,0,0,0
176.60,139.9,86.9,8806,75.5,3,19.8,0,0,4089.6,38.1616291,-122.4600830,43.0,141.1,0,0,0
176.70,140.2,87.1,8793,69.0,3,19.0,0,0,4093.0,38.1616524,-122.4601089,43.0,141.1,0,0,0
176.80,139.7,86.8,8217,2.0,3,18.4,0,0,4096.5,38.1616761,-122.4601347,43.6,143.0,0,0,0
176.90,136.6,84.9,8418,0.0,3,17.5,0,0,4100.0,38.1617003,-122.4601602,43.6,143.0,0,0,0
177.00,133.8,83.1,8373,0.0,3,16.6,0,0,4103.5,38.1617247,-122.4601856,43.6,143.0,0,0,0
177.10,133.1,82.7,8276,0.0,3,16.1,0,0,4107.0,38.1617490,-122.4602105,43.6,143.0,0,0,0
177.20,131.3,81.6,8195,0.0,3,15.8,0,0,4110.4,38.1617733,-122.4602346,43.6,143.0,0,0,0
177.30,130.2,80.9,8124,0.0,3,14.4,0,0,4113.8,38.1617977,-122.4602582,43.6,143.0,0,0,0
177.40,129.1,80.2,8015,0.0,3,13.3,0,0,4117.2,38.1618219,-122.4602814,43.6,143.0,0,0,0
177.50,127.8,79.4,7943,0.0,3,13.7,0,0,4120.5,38.1618460,-122.4603042,43.6,143.0,0,0,0
177.60,126.9,78.8,7899,0.0,3,13.3,0,0,4123.8,38.1618700,-122.4603266,43.6,143.0,0,0,0
177.70,125.7,78.1,7821,0.0,3,13.2,0,0,4127.1,38.1618940,-122.4603486,43.6,143.0,0,0,0
177.80,124.4,77.3,7734,0.0,3,12.5,0,0,4130.4,38.1619180,-122.4603702,43.1,141.4,0,0,0
177.90,123.0,76.4,7651,0.0,3,10.9,0,0,4133.6,38.1619420,-122.4603916,43.1,141.4,0,0,0
178.00,121.7,75.6,7570,0.0,3,10.3,0,0,4136.9,38.1619659,-122.4604126,43.1,141.4,0,0,0
178.10,120.3,74.7,7478,0.0,3,9.1,0,0,4140.0,38.1619896,-122.4604332,43.1,141.4,0,0,0
178.20,118.9,73.9,7413,0.0,3,7.0,0,0,4143.2,38.1620129,-122.4604537,43.1,141.4,0,0,0
178.30,117.9,73.3,7296,0.0,3,4.4,0,0,4146.3,38.1620360,-122.4604739,43.1,141.4,0,0,0
178.40,116.0,72.1,7205,0.0,3,1.5,0,0,4149.4,38.1620589,-122.4604939,43.1,141.4,0,0,0
178.50,114.8,71.3,7167,0.0,3,-1.5,0,0,4152.5,38.1620816,-122.4605137,43.1,141.4,0,0,0
178.60,113.5,70.5,7065,0.0,3,-4.7,0,0,4155.5,38.1621039,-122.4605332,43.1,141.4,0,0,0
178.70,112.7,70.0,7064,0.0,3,-7.9,0,0,4158.5,38.1621259,-122.4605527,43.1,141.4,0,0,0
178.80,112.2,69.7,7019,0.0,3,-10.5,0,0,4161.4,38.1621476,-122.4605719,42.7,140.1,0,0,0
178.90,111.6,69.4,6977,0.0,3,-13.3,0,0,4164.3,38.1621689,-122.4605910,42.7,140.1,0,0,0
179.00,110.5,68.7,6948,0.0,3,-16.6,0,0,4167.2,38.1621899,-122.4606101,42.7,140.1,0,0,0
179.10,110.2,68.5,6916,0.0,3,-20.1,0,0,4170.0,38.1622106,-122.4606293,42.7,140.1,0,0,0
179.20,109.9,68.3,6910,0.0,3,-23.1,0,0,4172.8,38.1622309,-122.4606487,42.7,140.1,0,0,0
179.30,109.7,68.1,6879,0.0,3,-25.2,0,0,4175.6,38.1622506,-122.4606680,42.7,140.1,0,0,0
179.40,109.5,68.1,6847,0.0,3,-26.8,0,0,4178.3,38.1622699,-122.4606874,42.7,140.1,0,0,0
179.50,108.9,67.6,6803,0.0,3,-28.2,0,0,4181.1,38.1622889,-122.4607074,42.7,140.1,0,0,0
179.60,108.2,67.2,6729,0.0,3,-28.5,0,0,4183.8,38.1623076,-122.4607278,42.7,140.1,0,0,0
179.70,106.8,66.4,6714,2.5,3,-28.1,0,0,4186.5,38.1623256,-122.4607483,42.7,140.1,0,0,0
179.80,106.6,66.2,6668,16.0,3,-27.6,0,0,4189.1,38.1623428,-122.4607692,41.4,135.8,0,0,0
179.90,106.2,66.0,6886,13.0,3,-27.9,0,0,4191.8,38.1623594,-122.4607906,41.4,135.8,0,0,0
180.00,105.3,65.4,6506,7.0,3,-28.0,0,0,4194.4,38.1623755,-122.4608125,41.4,135.8,0,0,0
180.10,105.7,65.7,6585,18.5,3,-28.7,0,0,4197.0,38.1623917,-122.4608346,41.4,135.8,0,0,0
180.20,104.8,65.1,6638,25.5,3,-28.7,0,0,4199.7,38.1624076,-122.4608571,41.4,135.8,0,0,0
180.30,105.5,65.5,6562,23.0,3,-28.6,0,0,4202.3,38.1624229,-122.4608801,41.4,135.8,0,0,0
180.40,104.6,65.0,6555,19.0,3,-28.6,0,0,4204.9,38.1624376,-122.4609034,41.4,135.8,0,0,0
180.50,103.8,64.5,6521,23.5,3,-28.8,0,0,4207.5,38.1624519,-122.4609271,41.4,135.8,0,0,0
180.60,104.1,64.7,6514,26.0,3,-29.2,0,0,4210.2,38.1624656,-122.4609514,41.4,135.8,0,0,0
180.70,103.6,64.3,6546,30.0,3,-29.6,0,0,4212.8,38.1624789,-122.4609761,41.4,135.8,0,0,0
180.80,104.0,64.6,6527,31.0,3,-30.0,0,0,4215.4,38.1624916,-122.4610011,41.3,135.5,0,0,0
180.90,104.2,64.8,6526,33.0,3,-30.4,0,0,4218.0,38.1625036,-122.4610264,41.3,135.5,0,0,0
181.00,103.8,64.5,6502,31.5,3,-30.9,0,0,4220.5,38.1625149,-122.4610521,41.3,135.5,0,0,0
181.10,103.8,64.5,6498,33.0,3,-31.3,0,0,4223.1,38.1625256,-122.4610781,41.3,135.5,0,0,0
181.20,103.3,64.2,6481,38.5,3,-31.4,0,0,4225.6,38.1625356,-122.4611044,41.3,135.5,0,0,0
181.30,102.8,63.9,6543,45.0,3,-31.3,0,0,4228.2,38.1625449,-122.4611311,41.3,135.5,0,0,0
181.40,103.0,64.0,6557,50.5,3,-31.0,0,0,4230.8,38.1625536,-122.4611580,41.3,135.5,0,0,0
181.50,104.3,64.8,6641,55.0,3,-30.9,0,0,4233.3,38.1625618,-122.4611851,41.3,135.5,0,0,0
181.60,105.2,65.4,6623,60.5,3,-31.2,0,0,4235.8,38.1625693,-122.4612124,41.3,135.5,0,0,0
181.70,105.6,65.6,6668,61.0,3,-31.4,0,0,4238.3,38.1625759,-122.4612401,41.3,135.5,0,0,0
181.80,105.4,65.5,6646,59.5,3,-30.7,0,0,4240.9,38.1625819,-122.4612683,43.0,141.1,0,0,0
181.90,105.3,65.4,6642,58.0,3,-29.7,0,0,4243.5,38.1625873,-122.4612968,43.0,141.1,0,0,0
182.00,105.7,65.7,6632,58.0,3,-28.4,0,0,4246.0,38.1625921,-122.4613254,43.0,141.1,0,0,0
182.10,105.7,65.7,6677,60.5,3,-27.5,0,0,4248.6,38.1625964,-122.4613544,43.0,141.1,0,0,0
182.20,106.6,66.2,6680,51.5,3,-27.0,0,0,4251.2,38.1626002,-122.4613837,43.0,141.1,0,0,0
182.30,106.1,65.9,6620,47.5,3,-26.6,0,0,4253.8,38.1626036,-122.4614130,43.0,141.1,0,0,0
182.40,105.4,65.5,6587,45.5,3,-25.7,0,0,4256.4,38.1626066,-122.4614424,43.0,141.1,0,0,0
182.50,105.0,65.2,6594,46.0,3,-24.6,0,0,4259.0,38.1626089,-122.4614720,43.0,141.1,0,0,0
182.60,104.6,65.0,6523,44.0,3,-22.8,0,0,4261.6,38.1626109,-122.4615017,43.0,141.1,0,0,0
182.70,104.1,64.7,6452,38.5,3,-20.4,0,0,4264.2,38.1626126,-122.4615312,43.0,141.1,0,0,0
182.80,102.2,63.5,6416,35.5,3,-17.4,0,0,4266.8,38.1626139,-122.4615607,46.6,152.9,0,0,0
182.90,102.0,63.4,6378,35.0,3,-13.2,0,0,4269.3,38.1626146,-122.4615900,46.6,152.9,0,0,0
183.00,101.5,63.1,6333,33.0,3,-8.3,0,0,4271.9,38.1626150,-122.4616194,46.6,152.9,0,0,0
183.10,100.5,62.4,6318,31.5,3,-3.4,0,0,4274.5,38.1626153,-122.4616490,46.6,152.9,0,0,0
183.20,100.1,62.2,6261,28.5,3,3.5,0,0,4277.1,38.1626158,-122.4616787,46.6,152.9,0,0,0
183.30,99.8,62.0,6289,27.5,3,11.2,0,0,4279.7,38.1626163,-122.4617082,46.6,152.9,0,0,0
183.40,99.9,62.1,6299,27.5,3,17.7,0,0,4282.2,38.1626171,-122.4617377,46.6,152.9,0,0,0
183.50,99.6,61.9,6278,27.5,3,22.7,0,0,4284.8,38.1626180,-122.4617669,46.6,152.9,0,0,0
183.60,100.2,62.3,6352,27.5,3,27.9,0,0,4287.3,38.1626191,-122.4617957,46.6,152.9,0,0,0
183.70,101.4,63.0,6418,28.0,3,32.0,0,0,4289.8,38.1626204,-122.4618242,46.6,152.9,0,0,0
183.80,101.9,63.3,6389,31.0,3,34.2,0,0,4292.3,38.1626224,-122.4618526,49.8,163.4,0,0,0
183.90,101.3,63.0,6329,32.0,3,34.7,0,0,4294.8,38.1626251,-122.4618806,49.8,163.4,0,0,0
184.00,101.1,62.8,6371,32.0,3,34.7,0,0,4297.2,38.1626284,-122.4619083,49.8,163.4,0,0,0
184.10,101.1,62.8,6374,32.0,3,35.5,0,0,4299.7,38.1626324,-122.4619360,49.8,163.4,0,0,0
184.20,101.1,62.8,6369,37.0,3,36.5,0,0,4302.1,38.1626368,-122.4619636,49.8,163.4,0,0,0
184.30,101.1,62.8,6332,37.5,3,36.9,0,0,4304.6,38.1626417,-122.4619909,49.8,163.4,0,0,0
184.40,100.5,62.5,6335,37.5,3,37.4,0,0,4307.0,38.1626475,-122.4620179,49.8,163.4,0,0,0
184.50,101.3,62.9,6416,37.0,3,38.6,0,0,4309.5,38.1626541,-122.4620446,49.8,163.4,0,0,0
184.60,101.7,63.2,6392,35.0,3,39.7,0,0,4311.9,38.1626611,-122.4620709,49.8,163.4,0,0,0
184.70,100.7,62.6,6354,40.5,3,40.3,0,0,4314.3,38.1626684,-122.4620969,49.8,163.4,0,0,0
184.80,100.7,62.6,6383,44.5,3,40.6,0,0,4316.7,38.1626762,-122.4621226,52.4,171.9,0,0,0
184.90,101.9,63.3,6445,44.5,3,41.0,0,0,4319.1,38.1626847,-122.4621479,52.4,171.9,0,0,0
185.00,101.8,63.2,6427,58.5,3,41.1,0,0,4321.6,38.1626941,-122.4621729,52.4,171.9,0,0,0
185.10,102.7,63.8,6508,61.0,3,41.4,0,0,4324.0,38.1627041,-122.4621976,52.4,171.9,0,0,0
185.20,103.4,64.2,6547,66.0,3,41.1,0,0,4326.4,38.1627147,-122.4622219,52.4,171.9,0,0,0
185.30,104.7,65.0,6587,73.5,3,40.6,0,0,4328.9,38.1627259,-122.4622460,52.4,171.9,0,0,0
185.40,105.2,65.4,6627,74.5,3,39.7,0,0,4331.3,38.1627377,-122.4622699,52.4,171.9,0,0,0
185.50,105.6,65.6,6708,78.5,3,38.6,0,0,4333.8,38.1627501,-122.4622937,52.4,171.9,0,0,0
185.60,106.6,66.2,6751,83.0,3,37.8,0,0,4336.3,38.1627631,-122.4623172,52.4,171.9,0,0,0
185.70,107.5,66.8,6798,88.0,3,37.2,0,0,4338.9,38.1627764,-122.4623407,52.4,171.9,0,0,0
185.80,107.1,66.5,6842,95.0,3,36.5,0,0,4341.4,38.1627904,-122.4623639,54.0,177.2,0,0,0
185.90,109.3,67.9,6902,96.0,3,35.3,0,0,4344.0,38.1628051,-122.4623870,54.0,177.2,0,0,0
186.00,109.6,68.1,6910,98.0,3,33.8,0,0,4346.7,38.1628204,-122.4624099,54.0,177.2,0,0,0
186.10,110.8,68.8,7021,99.0,3,32.0,0,0,4349.3,38.1628364,-122.4624327,54.0,177.2,0,0,0
186.20,111.3,69.2,7028,99.0,3,30.4,0,0,4352.0,38.1628531,-122.4624552,54.0,177.2,0,0,0
186.30,112.4,69.9,7111,99.0,3,28.9,0,0,4354.8,38.1628704,-122.4624777,54.0,177.2,0,0,0
186.40,113.1,70.3,7154,98.0,3,27.9,0,0,4357.6,38.1628881,-122.4625000,54.0,177.2,0,0,0
186.50,113.7,70.7,7210,92.0,3,27.0,0,0,4360.4,38.1629064,-122.4625223,54.0,177.2,0,0,0
186.60,114.5,71.1,7289,88.5,3,26.1,0,0,4363.2,38.1629251,-122.4625447,54.0,177.2,0,0,0
186.70,116.0,72.1,7371,86.5,3,25.4,0,0,4366.1,38.1629444,-122.4625669,54.0,177.2,0,0,0
186.80,117.1,72.8,7447,85.0,3,24.6,0,0,4369.0,38.1629641,-122.4625890,54.2,177.8,0,0,0
186.90,118.4,73.6,7510,85.0,3,23.7,0,0,4372.0,38.1629841,-122.4626110,54.2,177.8,0,0,0
187.00,118.9,73.9,7563,82.0,3,22.2,0,0,4374.9,38.1630044,-122.4626330,54.2,177.8,0,0,0
187.10,120.3,74.7,7626,79.5,3,20.0,0,0,4377.9,38.1630251,-122.4626549,54.2,177.8,0,0,0
187.20,121.4,75.4,7584,72.0,3,17.2,0,0,4381.0,38.1630461,-122.4626767,54.2,177.8,0,0,0
187.30,120.7,75.0,7478,48.5,3,14.1,0,0,4384.0,38.1630674,-122.4626982,54.2,177.8,0,0,0
187.40,119.7,74.4,6914,0.0,3,10.4,0,0,4387.1,38.1630894,-122.4627197,54.2,177.8,0,0,0
187.50,113.8,70.7,7351,0.0,3,8.3,0,0,4390.2,38.1631117,-122.4627410,54.2,177.8,0,0,0
187.60,116.9,72.7,7294,0.0,3,8.7,0,0,4393.3,38.1631339,-122.4627623,54.2,177.8,0,0,0
187.70,116.0,72.1,7332,0.0,3,7.8,0,0,4396.3,38.1631560,-122.4627836,54.2,177.8,0,0,0
187.80,116.3,72.3,7271,0.0,3,6.6,0,0,4399.4,38.1631780,-122.4628046,52.6,172.6,0,0,0
187.90,115.5,71.8,7174,0.0,3,6.9,0,0,4402.4,38.1631999,-122.4628252,52.6,172.6,0,0,0
188.00,113.9,70.8,6941,0.0,3,7.5,0,0,4405.4,38.1632217,-122.4628457,52.6,172.6,0,0,0
188.10,110.4,68.6,6774,0.0,3,7.8,0,0,4408.4,38.1632432,-122.4628659,52.6,172.6,0,0,0
188.20,108.2,67.2,6882,0.0,3,7.3,0,0,4411.4,38.1632644,-122.4628859,52.6,172.6,0,0,0
188.30,109.2,67.9,6783,0.0,3,6.6,0,0,4414.2,38.1632852,-122.4629056,52.6,172.6,0,0,0
188.40,107.9,67.0,6698,0.0,3,7.0,0,0,4417.1,38.1633060,-122.4629246,52.6,172.6,0,0,0
188.50,106.8,66.3,7829,0.0,3,6.8,0,0,4419.9,38.1633266,-122.4629432,52.6,172.6,0,0,0
188.60,101.1,62.8,8164,0.0,2,6.2,0,0,4422.7,38.1633469,-122.4629614,52.6,172.6,0,0,0
188.70,102.6,63.7,7762,0.0,2,5.3,0,0,4425.4,38.1633669,-122.4629792,52.6,172.6,0,0,0
188.80,99.7,61.9,7786,0.0,2,4.9,0,0,4428.0,38.1633867,-122.4629967,49.8,163.4,0,0,0
188.90,98.6,61.3,7553,0.0,2,4.8,0,0,4430.7,38.1634062,-122.4630139,49.8,163.4,0,0,0
189.00,96.5,59.9,7496,0.0,2,4.3,0,0,4433.3,38.1634256,-122.4630306,49.8,163.4,0,0,0
189.10,95.5,59.3,7404,0.0,2,4.0,0,0,4435.8,38.1634446,-122.4630469,49.8,163.4,0,0,0
189.20,93.9,58.4,7236,0.0,2,3.6,0,0,4438.3,38.1634632,-122.4630629,49.8,163.4,0,0,0
189.30,92.2,57.3,7134,0.0,2,3.3,0,0,4440.8,38.1634816,-122.4630786,49.8,163.4,0,0,0
189.40,90.7,56.4,7013,0.0,2,3.4,0,0,4443.2,38.1634996,-122.4630939,49.8,163.4,0,0,0
189.50,89.2,55.4,6868,0.0,2,3.8,0,0,4445.6,38.1635172,-122.4631089,49.8,163.4,0,0,0
189.60,87.5,54.4,6736,0.0,2,4.8,0,0,4447.9,38.1635347,-122.4631237,49.8,163.4,0,0,0
189.70,86.4,53.7,6672,0.0,2,5.0,0,0,4450.2,38.1635519,-122.4631382,49.8,163.4,0,0,0
189.80,84.9,52.8,6664,0.0,2,4.8,0,0,4452.5,38.1635689,-122.4631524,47.9,157.2,0,0,0
189.90,84.3,52.4,6534,0.0,2,4.4,0,0,4454.7,38.1635857,-122.4631662,47.9,157.2,0,0,0
190.00,83.0,51.5,6444,0.0,2,3.7,0,0,4456.9,38.1636022,-122.4631800,47.9,157.2,0,0,0
190.10,82.1,51.0,6356,0.0,2,3.3,0,0,4459.1,38.1636187,-122.4631936,47.9,157.2,0,0,0
190.20,80.9,50.3,6332,0.0,2,3.6,0,0,4461.2,38.1636349,-122.4632069,47.9,157.2,0,0,0
190.30,80.2,49.8,6252,0.0,2,3.7,0,0,4463.3,38.1636509,-122.4632199,47.9,157.2,0,0,0
190.40,79.3,49.3,6134,0.0,2,4.2,0,0,4465.4,38.1636667,-122.4632326,47.9,157.2,0,0,0
190.50,78.0,48.4,6039,0.0,2,6.3,0,0,4467.4,38.1636823,-122.4632450,47.9,157.2,0,0,0
190.60,77.0,47.8,5998,0.0,2,8.6,0,0,4469.5,38.1636980,-122.4632572,47.9,157.2,0,0,0
190.70,76.3,47.4,5921,0.0,2,12.0,0,0,4471.5,38.1637137,-122.4632693,47.9,157.2,0,0,0
190.80,75.4,46.9,5862,0.0,2,16.5,0,0,4473.5,38.1637292,-122.4632809,46.5,152.6,0,0,0
190.90,74.7,46.4,5844,0.0,2,20.5,0,0,4475.5,38.1637447,-122.4632919,46.5,152.6,0,0,0
191.00,74.2,46.1,5824,0.0,2,22.6,0,0,4477.4,38.1637600,-122.4633026,46.5,152.6,0,0,0
191.10,73.8,45.8,5814,0.0,2,24.5,0,0,4479.4,38.1637753,-122.4633129,46.5,152.6,0,0,0
191.20,73.8,45.8,5767,0.0,2,26.3,0,0,4481.3,38.1637907,-122.4633226,46.5,152.6,0,0,0
191.30,73.4,45.6,5719,0.0,2,27.9,0,0,4483.2,38.1638060,-122.4633316,46.5,152.6,0,0,0
191.40,72.7,45.2,5663,0.0,2,29.2,0,0,4485.0,38.1638213,-122.4633399,46.5,152.6,0,0,0
191.50,71.9,44.7,5640,0.0,2,31.0,0,0,4486.9,38.1638368,-122.4633476,46.5,152.6,0,0,0
191.60,71.8,44.6,5609,0.0,2,32.4,0,0,4488.7,38.1638522,-122.4633545,46.5,152.6,0,0,0
191.70,71.4,44.4,5596,0.0,2,33.5,0,0,4490.5,38.1638677,-122.4633606,46.5,152.6,0,0,0
191.80,71.2,44.2,5520,0.0,2,34.2,0,0,4492.2,38.1638830,-122.4633659,45.2,148.3,0,0,0
191.90,70.2,43.6,5548,0.0,2,35.0,0,0,4494.0,38.1638983,-122.4633706,45.2,148.3,0,0,0
192.00,70.3,43.7,5526,0.0,2,35.6,0,0,4495.7,38.1639138,-122.4633746,45.2,148.3,0,0,0
192.10,69.9,43.4,5441,0.0,2,36.0,0,0,4497.5,38.1639292,-122.4633779,45.2,148.3,0,0,0
192.20,69.0,42.9,5389,1.0,2,36.7,0,0,4499.2,38.1639447,-122.4633806,45.2,148.3,0,0,0
192.30,68.5,42.6,5378,5.0,2,37.1,0,0,4500.9,38.1639599,-122.4633825,45.2,148.3,0,0,0
192.40,68.8,42.7,5448,13.5,2,37.2,0,0,4502.6,38.1639750,-122.4633835,45.2,148.3,0,0,0
192.50,69.0,42.9,5693,19.0,2,37.1,0,0,4504.3,38.1639900,-122.4633835,45.2,148.3,0,0,0
192.60,69.0,42.9,5428,19.5,2,37.2,0,0,4505.9,38.1640050,-122.4633826,45.2,148.3,0,0,0
192.70,69.6,43.2,5547,19.0,2,37.8,0,0,4507.6,38.1640200,-122.4633809,45.2,148.3,0,0,0
192.80,70.7,43.9,5595,23.0,2,38.5,0,0,4509.3,38.1640350,-122.4633786,43.9,144.0,0,0,0
192.90,70.9,44.1,5682,30.5,2,38.9,0,0,4511.0,38.1640500,-122.4633755,43.9,144.0,0,0,0
193.00,72.5,45.0,5742,30.5,2,39.1,0,0,4512.7,38.1640650,-122.4633715,43.9,144.0,0,0,0
193.10,73.0,45.3,5789,30.5,2,39.4,0,0,4514.4,38.1640799,-122.4633666,43.9,144.0,0,0,0
193.20,73.8,45.8,5884,31.0,2,39.4,0,0,4516.1,38.1640947,-122.4633608,43.9,144.0,0,0,0
193.30,74.9,46.6,5871,32.5,2,39.3,0,0,4517.8,38.1641093,-122.4633543,43.9,144.0,0,0,0
193.40,75.1,46.7,5991,35.0,2,39.6,0,0,4519.6,38.1641240,-122.4633468,43.9,144.0,0,0,0
193.50,76.6,47.6,6079,37.0,2,39.7,0,0,4521.4,38.1641387,-122.4633383,43.9,144.0,0,0,0
193.60,77.6,48.2,6209,42.0,2,39.7,0,0,4523.2,38.1641532,-122.4633288,43.9,144.0,0,0,0
193.70,79.3,49.3,6284,43.5,2,39.5,0,0,4525.1,38.1641677,-122.4633183,43.9,144.0,0,0,0
193.80,80.2,49.8,6474,51.5,2,39.4,0,0,4526.9,38.1641819,-122.4633068,42.3,138.8,0,0,0
193.90,82.6,51.3,6591,53.5,2,39.3,0,0,4528.8,38.1641959,-122.4632946,42.3,138.8,0,0,0
194.00,84.1,52.2,6760,53.5,2,39.5,0,0,4530.7,38.1642097,-122.4632815,42.3,138.8,0,0,0
194.10,86.4,53.7,6866,54.5,2,39.6,0,0,4532.7,38.1642232,-122.4632672,42.3,138.8,0,0,0
194.20,87.3,54.3,7012,59.0,2,39.6,0,0,4534.7,38.1642367,-122.4632518,42.3,138.8,0,0,0
194.30,89.2,55.4,7179,59.0,2,39.7,0,0,4536.8,38.1642499,-122.4632356,42.3,138.8,0,0,0
194.40,91.5,56.9,7312,60.5,2,39.8,0,0,4538.8,38.1642629,-122.4632185,42.3,138.8,0,0,0
194.50,93.3,57.9,7465,64.0,2,39.7,0,0,4541.0,38.1642757,-122.4632005,42.3,138.8,0,0,0
194.60,94.9,59.0,7626,67.5,2,39.1,0,0,4543.1,38.1642882,-122.4631812,42.3,138.8,0,0,0
194.70,97.1,60.4,7777,67.5,2,38.2,0,0,4545.4,38.1643004,-122.4631608,42.3,138.8,0,0,0
194.80,99.1,61.6,7967,68.5,2,37.4,0,0,4547.7,38.1643122,-122.4631393,40.1,131.6,0,0,0
194.90,101.5,63.0,8113,69.0,2,36.5,0,0,4550.0,38.1643237,-122.4631168,40.1,131.6,0,0,0
195.00,102.9,63.9,8274,70.0,2,35.4,0,0,4552.4,38.1643349,-122.4630933,40.1,131.6,0,0,0
195.10,105.2,65.4,8376,70.0,2,34.1,0,0,4554.9,38.1643460,-122.4630688,40.1,131.6,0,0,0
195.20,106.4,66.1,8526,71.0,2,32.7,0,0,4557.4,38.1643569,-122.4630433,40.1,131.6,0,0,0
195.30,108.7,67.6,8724,70.5,2,31.5,0,0,4560.0,38.1643676,-122.4630168,40.1,131.6,0,0,0
195.40,110.8,68.8,8829,70.5,2,30.7,0,0,4562.7,38.1643777,-122.4629896,40.1,131.6,0,0,0
195.50,112.5,69.9,8336,73.5,2,29.2,0,0,4565.3,38.1643875,-122.4629616,40.1,131.6,0,0,0
195.60,109.6,68.1,6985,84.0,3,27.2,0,0,4568.1,38.1643974,-122.4629329,40.1,131.6,0,0,0
195.70,112.3,69.8,7205,92.0,3,25.5,0,0,4570.9,38.1644069,-122.4629036,40.1,131.6,0,0,0
195.80,114.8,71.3,7325,96.5,3,24.6,0,0,4573.6,38.1644160,-122.4628738,37.2,122.0,0,0,0
195.90,116.1,72.1,7430,100.0,3,23.3,0,0,4576.5,38.1644249,-122.4628433,37.2,122.0,0,0,0
196.00,118.3,73.5,7508,100.0,3,21.8,0,0,4579.4,38.1644337,-122.4628119,37.2,122.0,0,0,0
196.10,119.4,74.2,7673,100.0,3,20.5,0,0,4582.4,38.1644422,-122.4627799,37.2,122.0,0,0,0
196.20,122.0,75.8,7734,100.0,3,19.6,0,0,4585.3,38.1644507,-122.4627476,37.2,122.0,0,0,0
196.30,122.7,76.3,7845,100.0,3,18.6,0,0,4588.4,38.1644589,-122.4627145,37.2,122.0,0,0,0
196.40,124.7,77.5,7966,98.0,3,17.4,0,0,4591.5,38.1644666,-122.4626806,37.2,122.0,0,0,0
196.50,126.5,78.6,8059,86.5,3,16.4,0,0,4594.6,38.1644739,-122.4626459,37.2,122.0,0,0,0
196.60,128.6,79.9,8098,70.5,3,16.3,0,0,4597.8,38.1644810,-122.4626106,37.2,122.0,0,0,0
196.70,129.2,80.3,8251,63.0,3,16.8,0,0,4601.0,38.1644879,-122.4625746,37.2,122.0,0,0,0
196.80,130.9,81.4,8315,63.0,3,17.5,0,0,4604.3,38.1644946,-122.4625379,33.6,110.2,0,0,0
196.90,132.4,82.3,8362,59.5,3,18.5,0,0,4607.6,38.1645009,-122.4625009,33.6,110.2,0,0,0
197.00,133.7,83.1,8477,56.5,3,19.8,0,0,4611.0,38.1645069,-122.4624636,33.6,110.2,0,0,0
197.10,135.2,84.0,8569,55.0,3,21.5,0,0,4614.3,38.1645126,-122.4624259,33.6,110.2,0,0,0
197.20,136.2,84.6,8552,49.5,3,23.3,0,0,4617.7,38.1645176,-122.4623876,33.6,110.2,0,0,0
197.30,136.6,84.9,8574,37.0,3,25.1,0,0,4621.1,38.1645222,-122.4623489,33.6,110.2,0,0,0
197.40,136.8,85.0,8664,33.5,3,26.3,0,0,4624.6,38.1645264,-122.4623100,33.6,110.2,0,0,0
197.50,137.5,85.4,8684,30.0,3,28.0,0,0,4628.0,38.1645301,-122.4622710,33.6,110.2,0,0,0
197.60,138.2,85.9,8714,28.0,3,29.8,0,0,4631.4,38.1645333,-122.4622320,33.6,110.2,0,0,0
197.70,138.9,86.3,8746,32.0,3,31.0,0,0,4634.8,38.1645359,-122.4621930,33.6,110.2,0,0,0
197.80,139.6,86.7,8795,32.5,3,31.6,0,0,4638.3,38.1645379,-122.4621539,31.8,104.3,0,0,0
197.90,139.8,86.9,8787,31.5,3,32.3,0,0,4641.7,38.1645396,-122.4621147,31.8,104.3,0,0,0
198.00,139.7,86.8,8795,31.5,3,33.2,0,0,4645.2,38.1645409,-122.4620753,31.8,104.3,0,0,0
198.10,139.7,86.8,8814,31.5,3,34.1,0,0,4648.6,38.1645419,-122.4620361,31.8,104.3,0,0,0
198.20,140.4,87.3,8857,31.5,3,35.1,0,0,4652.0,38.1645423,-122.4619970,31.8,104.3,0,0,0
198.30,141.1,87.7,8863,31.5,3,35.7,0,0,4655.4,38.1645419,-122.4619580,31.8,104.3,0,0,0
198.40,141.0,87.6,8824,31.5,3,35.6,0,0,4658.8,38.1645409,-122.4619190,31.8,104.3,0,0,0
198.50,140.4,87.3,8850,31.5,3,35.9,0,0,4662.2,38.1645393,-122.4618800,31.8,104.3,0,0,0
198.60,140.8,87.5,8863,31.5,3,36.5,0,0,4665.7,38.1645371,-122.4618411,31.8,104.3,0,0,0
198.70,141.0,87.6,8878,31.5,3,37.0,0,0,4669.1,38.1645343,-122.4618023,31.8,104.3,0,0,0
198.80,141.1,87.7,8847,31.5,3,37.5,0,0,4672.4,38.1645308,-122.4617638,30.1,98.8,0,0,0
198.90,140.8,87.5,8865,31.5,3,37.6,0,0,4675.8,38.1645266,-122.4617252,30.1,98.8,0,0,0
199.00,141.1,87.7,8874,31.5,3,38.3,0,0,4679.2,38.1645219,-122.4616868,30.1,98.8,0,0,0
199.10,141.4,87.8,8881,31.5,3,38.7,0,0,4682.7,38.1645166,-122.4616483,30.1,98.8,0,0,0
199.20,141.0,87.6,8837,31.5,3,38.8,0,0,4686.1,38.1645108,-122.4616101,30.1,98.8,0,0,0
199.30,140.8,87.5,8860,31.5,3,38.8,0,0,4689.4,38.1645043,-122.4615724,30.1,98.8,0,0,0
199.40,140.8,87.5,8892,35.0,3,39.3,0,0,4692.8,38.1644969,-122.4615350,30.1,98.8,0,0,0
199.50,141.2,87.7,8929,43.0,3,39.5,0,0,4696.2,38.1644889,-122.4614978,30.1,98.8,0,0,0
199.60,142.1,88.3,8972,48.0,3,39.3,0,0,4699.6,38.1644803,-122.4614606,30.1,98.8,0,0,0
199.70,143.1,88.9,9004,48.0,3,39.2,0,0,4703.0,38.1644708,-122.4614238,30.1,98.8,0,0,0
199.80,143.5,89.2,9077,52.5,3,38.9,0,0,4706.4,38.1644606,-122.4613870,27.9,91.5,0,0,0
199.90,144.8,90.0,9127,54.0,3,39.1,0,0,4709.8,38.1644496,-122.4613504,27.9,91.5,0,0,0
200.00,145.2,90.2,9147,54.0,3,39.1,0,0,4713.2,38.1644379,-122.4613141,27.9,91.5,0,0,0
200.10,144.9,90.0,9127,54.5,3,38.8,0,0,4716.7,38.1644256,-122.4612780,27.9,91.5,0,0,0
200.20,145.4,90.3,9166,55.0,3,38.5,0,0,4720.1,38.1644128,-122.4612421,27.9,91.5,0,0,0
200.30,145.8,90.6,9228,55.5,3,38.0,0,0,4723.6,38.1643993,-122.4612063,27.9,91.5,0,0,0
200.40,146.5,91.0,9245,55.5,3,37.4,0,0,4727.1,38.1643849,-122.4611708,27.9,91.5,0,0,0
200.50,146.8,91.2,9271,55.5,3,37.5,0,0,4730.6,38.1643699,-122.4611354,27.9,91.5,0,0,0
200.60,147.5,91.7,9305,55.5,3,37.4,0,0,4734.1,38.1643543,-122.4611004,27.9,91.5,0,0,0
200.70,147.7,91.7,9294,58.5,3,37.1,0,0,4737.6,38.1643378,-122.4610658,27.9,91.5,0,0,0
200.80,148.4,92.2,9384,59.0,3,36.9,0,0,4741.2,38.1643206,-122.4610314,26.1,85.6,0,0,0
200.90,149.4,92.8,9449,60.0,3,36.7,0,0,4744.8,38.1643029,-122.4609974,26.1,85.6,0,0,0
201.00,150.2,93.3,9509,61.5,3,36.6,0,0,4748.3,38.1642845,-122.4609641,26.1,85.6,0,0,0
201.10,151.2,94.0,9545,62.0,3,36.3,0,0,4752.0,38.1642649,-122.4609310,26.1,85.6,0,0,0
201.20,152.1,94.5,9567,62.5,3,35.7,0,0,4755.7,38.1642438,-122.4608981,26.1,85.6,0,0,0
201.30,152.7,94.9,9616,62.5,3,35.0,0,0,4759.4,38.1642219,-122.4608654,26.1,85.6,0,0,0
201.40,153.5,95.4,9665,65.0,3,34.3,0,0,4763.2,38.1641996,-122.4608334,26.1,85.6,0,0,0
201.50,153.8,95.6,9690,65.0,3,33.8,0,0,4766.9,38.1641769,-122.4608018,26.1,85.6,0,0,0
201.60,153.8,95.5,9722,66.5,3,33.2,0,0,4770.7,38.1641536,-122.4607706,26.1,85.6,0,0,0
201.70,154.2,95.8,9565,70.5,3,32.5,0,0,4774.5,38.1641296,-122.4607399,26.1,85.6,0,0,0
201.80,152.2,94.6,8009,77.0,3,31.6,0,0,4778.3,38.1641049,-122.4607097,26.9,88.3,0,0,0
201.90,153.2,95.2,8175,81.0,4,30.4,0,0,4782.1,38.1640796,-122.4606801,26.9,88.3,0,0,0
202.00,155.7,96.7,8233,81.5,4,29.6,0,0,4785.9,38.1640539,-122.4606510,26.9,88.3,0,0,0
202.10,156.9,97.5,8265,84.5,4,29.2,0,0,4789.8,38.1640276,-122.4606221,26.9,88.3,0,0,0
202.20,157.0,97.5,8260,87.5,4,28.6,0,0,4793.7,38.1640009,-122.4605934,26.9,88.3,0,0,0
202.30,156.7,97.4,8286,89.0,4,27.4,0,0,4797.5,38.1639739,-122.4605654,26.9,88.3,0,0,0
202.40,157.8,98.1,8281,90.5,4,26.1,0,0,4801.4,38.1639463,-122.4605381,26.9,88.3,0,0,0
202.50,158.6,98.5,8350,89.5,4,25.3,0,0,4805.4,38.1639179,-122.4605111,26.9,88.3,0,0,0
202.60,160.0,99.4,8292,79.5,4,24.4,0,0,4809.3,38.1638889,-122.4604844,26.9,88.3,0,0,0
202.70,158.7,98.6,8206,63.0,4,22.9,0,0,4813.3,38.1638596,-122.4604581,26.9,88.3,0,0,0
202.80,156.6,97.3,7553,0.0,4,20.9,0,0,4817.3,38.1638299,-122.4604321,29.4,96.5,0,0,0
202.90,150.0,93.2,7914,0.0,4,18.8,0,0,4821.4,38.1638000,-122.4604064,29.4,96.5,0,0,0
203.00,150.9,93.7,7837,0.0,4,17.1,0,0,4825.3,38.1637700,-122.4603815,29.4,96.5,0,0,0
203.10,149.7,93.0,7744,0.0,4,14.8,0,0,4829.3,38.1637401,-122.4603574,29.4,96.5,0,0,0
203.20,148.1,92.0,7710,0.0,4,13.3,0,0,4833.2,38.1637103,-122.4603340,29.4,96.5,0,0,0
203.30,147.1,91.4,7624,0.0,4,11.3,0,0,4837.0,38.1636808,-122.4603108,29.4,96.5,0,0,0
203.40,145.3,90.3,7523,0.0,4,8.6,0,0,4840.9,38.1636513,-122.4602876,29.4,96.5,0,0,0
203.50,143.6,89.2,7443,0.0,4,5.4,0,0,4844.7,38.1636220,-122.4602648,29.4,96.5,0,0,0
203.60,142.2,88.4,7372,0.0,4,3.7,0,0,4848.5,38.1635928,-122.4602423,29.4,96.5,0,0,0
203.70,140.6,87.3,7312,0.0,4,2.1,0,0,4852.2,38.1635640,-122.4602201,29.4,96.5,0,0,0
203.80,139.1,86.4,8557,0.0,4,1.5,0,0,4855.9,38.1635359,-122.4601983,31.8,104.3,0,0,0
203.90,135.3,84.1,8716,0.0,3,0.9,0,0,4859.5,38.1635082,-122.4601768,31.8,104.3,0,0,0
204.00,135.9,84.5,8308,0.0,3,-0.2,0,0,4863.1,38.1634808,-122.4601554,31.8,104.3,0,0,0
204.10,134.9,83.8,8099,0.0,3,-1.6,0,0,4866.7,38.1634533,-122.4601344,31.8,104.3,0,0,0
204.20,128.8,80.0,7950,0.0,3,-3.4,0,0,4870.2,38.1634261,-122.4601138,31.8,104.3,0,0,0
204.30,126.5,78.6,7862,0.0,3,-4.9,0,0,4873.7,38.1633993,-122.4600932,31.8,104.3,0,0,0
204.40,125.4,77.9,7928,0.0,3,-6.6,0,0,4877.1,38.1633728,-122.4600728,31.8,104.3,0,0,0
204.50,125.8,78.2,7874,0.0,3,-7.6,0,0,4880.5,38.1633467,-122.4600526,31.8,104.3,0,0,0
204.60,125.5,78.0,7843,0.0,3,-8.3,0,0,4883.8,38.1633211,-122.4600328,31.8,104.3,0,0,0
204.70,124.7,77.5,7788,0.0,3,-9.0,0,0,4887.1,38.1632960,-122.4600129,31.8,104.3,0,0,0
204.80,123.5,76.7,7698,0.0,3,-9.8,0,0,4890.4,38.1632710,-122.4599931,32.3,106.0,0,0,0
204.90,122.5,76.1,7645,0.0,3,-9.4,0,0,4893.7,38.1632460,-122.4599733,32.3,106.0,0,0,0
205.00,121.5,75.5,7591,0.0,3,-8.3,0,0,4896.9,38.1632211,-122.4599538,32.3,106.0,0,0,0
205.10,120.5,74.9,7454,0.0,3,-8.5,0,0,4900.2,38.1631964,-122.4599342,32.3,106.0,0,0,0
205.20,118.7,73.7,7409,0.0,3,-10.1,0,0,4903.3,38.1631724,-122.4599147,32.3,106.0,0,0,0
205.30,118.0,73.3,7366,0.0,3,-11.3,0,0,4906.4,38.1631491,-122.4598950,32.3,106.0,0,0,0
205.40,117.1,72.7,7301,0.0,3,-13.2,0,0,4909.5,38.1631260,-122.4598753,32.3,106.0,0,0,0
205.50,116.0,72.1,7261,0.0,3,-16.0,0,0,4912.6,38.1631031,-122.4598557,32.3,106.0,0,0,0
205.60,115.7,71.9,7243,0.0,3,-18.6,0,0,4915.7,38.1630804,-122.4598359,32.3,106.0,0,0,0
205.70,114.8,71.4,7207,0.0,3,-20.8,0,0,4918.7,38.1630581,-122.4598160,32.3,106.0,0,0,0
205.80,114.9,71.4,7212,0.0,3,-23.1,0,0,4921.7,38.1630361,-122.4597960,31.3,102.7,0,0,0
205.90,114.2,71.0,7131,0.0,3,-24.2,0,0,4924.7,38.1630144,-122.4597759,31.3,102.7,0,0,0
206.00,113.5,70.5,7119,0.0,3,-25.8,0,0,4927.6,38.1629931,-122.4597557,31.3,102.7,0,0,0
206.10,112.9,70.2,7087,0.0,3,-27.0,0,0,4930.6,38.1629721,-122.4597352,31.3,102.7,0,0,0
206.20,112.5,69.9,7033,0.0,3,-28.7,0,0,4933.5,38.1629514,-122.4597146,31.3,102.7,0,0,0
206.30,112.1,69.6,6983,0.0,3,-29.7,0,0,4936.4,38.1629314,-122.4596936,31.3,102.7,0,0,0
206.40,111.3,69.2,6908,0.0,3,-30.2,0,0,4939.2,38.1629121,-122.4596722,31.3,102.7,0,0,0
206.50,110.1,68.4,6890,0.0,3,-30.8,0,0,4942.1,38.1628931,-122.4596507,31.3,102.7,0,0,0
206.60,109.6,68.1,6854,0.0,3,-30.5,0,0,4944.9,38.1628744,-122.4596289,31.3,102.7,0,0,0
206.70,108.7,67.5,6788,0.0,3,-30.8,0,0,4947.7,38.1628564,-122.4596069,31.3,102.7,0,0,0
206.80,108.1,67.2,6777,0.0,3,-31.2,0,0,4950.4,38.1628391,-122.4595846,29.1,95.5,0,0,0
206.90,107.6,66.8,6711,0.0,3,-31.3,0,0,4953.1,38.1628220,-122.4595619,29.1,95.5,0,0,0
207.00,106.6,66.2,6692,0.0,3,-31.5,0,0,4955.9,38.1628051,-122.4595387,29.1,95.5,0,0,0
207.10,106.4,66.1,6681,0.0,3,-32.0,0,0,4958.7,38.1627884,-122.4595152,29.1,95.5,0,0,0
207.20,106.2,66.0,6663,0.0,3,-32.7,0,0,4961.4,38.1627725,-122.4594916,29.1,95.5,0,0,0
207.30,106.1,65.9,6651,0.0,3,-33.9,0,0,4964.1,38.1627575,-122.4594676,29.1,95.5,0,0,0
207.40,105.8,65.7,6639,0.0,3,-35.2,0,0,4966.7,38.1627434,-122.4594429,29.1,95.5,0,0,0
207.50,105.6,65.6,6605,0.0,3,-36.4,0,0,4969.4,38.1627301,-122.4594180,29.1,95.5,0,0,0
207.60,105.0,65.2,6544,0.0,3,-36.9,0,0,4972.0,38.1627171,-122.4593929,29.1,95.5,0,0,0
207.70,104.2,64.8,6532,0.0,3,-37.5,0,0,4974.6,38.1627044,-122.4593676,29.1,95.5,0,0,0
207.80,103.8,64.5,6494,0.0,3,-38.2,0,0,4977.3,38.1626922,-122.4593419,26.5,86.9,0,0,0
207.90,103.2,64.1,6472,0.0,3,-38.6,0,0,4979.9,38.1626807,-122.4593159,26.5,86.9,0,0,0
208.00,102.9,63.9,6428,0.0,3,-39.1,0,0,4982.4,38.1626701,-122.4592896,26.5,86.9,0,0,0
208.10,102.2,63.5,6404,0.0,3,-39.6,0,0,4985.0,38.1626601,-122.4592629,26.5,86.9,0,0,0
208.20,102.1,63.4,6401,0.0,3,-40.0,0,0,4987.6,38.1626508,-122.4592360,26.5,86.9,0,0,0
208.30,101.5,63.1,6348,0.0,3,-39.9,0,0,4990.1,38.1626425,-122.4592090,26.5,86.9,0,0,0
208.40,101.1,62.8,6359,5.0,3,-40.1,0,0,4992.6,38.1626351,-122.4591819,26.5,86.9,0,0,0
208.50,100.9,62.7,6339,6.5,3,-40.5,0,0,4995.1,38.1626284,-122.4591547,26.5,86.9,0,0,0
208.60,100.3,62.3,6320,9.5,3,-40.3,0,0,4997.6,38.1626225,-122.4591272,26.5,86.9,0,0,0
208.70,100.1,62.2,6370,12.5,3,-40.5,0,0,5000.1,38.1626176,-122.4590997,26.5,86.9,0,0,0
208.80,100.7,62.6,6597,19.0,3,-40.6,0,0,5002.6,38.1626141,-122.4590719,24.2,79.4,0,0,0
208.90,100.3,62.3,6395,22.5,3,-40.3,0,0,5005.0,38.1626118,-122.4590440,24.2,79.4,0,0,0
209.00,101.7,63.2,6426,28.5,3,-40.0,0,0,5007.5,38.1626100,-122.4590159,24.2,79.4,0,0,0
209.10,102.2,63.5,6446,29.0,3,-39.7,0,0,5009.9,38.1626084,-122.4589876,24.2,79.4,0,0,0
209.20,102.1,63.4,6433,26.0,3,-39.4,0,0,5012.5,38.1626074,-122.4589590,24.2,79.4,0,0,0
209.30,102.7,63.8,6466,25.0,3,-39.6,0,0,5015.0,38.1626071,-122.4589303,24.2,79.4,0,0,0
209.40,103.1,64.1,6521,24.0,3,-40.2,0,0,5017.5,38.1626071,-122.4589017,24.2,79.4,0,0,0
209.50,103.5,64.3,6553,24.0,3,-40.6,0,0,5020.0,38.1626077,-122.4588729,24.2,79.4,0,0,0
209.60,103.8,64.5,6502,23.5,3,-41.0,0,0,5022.5,38.1626092,-122.4588440,24.2,79.4,0,0,0
209.70,104.0,64.6,6582,21.0,3,-41.2,0,0,5025.1,38.1626114,-122.4588150,24.2,79.4,0,0,0
209.80,104.5,64.9,6572,21.0,3,-41.4,0,0,5027.6,38.1626142,-122.4587861,22.5,73.8,0,0,0
209.90,104.5,65.0,6589,21.0,3,-41.7,0,0,5030.2,38.1626177,-122.4587574,22.5,73.8,0,0,0
210.00,104.6,65.0,6613,23.0,3,-41.9,0,0,5032.7,38.1626222,-122.4587290,22.5,73.8,0,0,0
210.10,105.1,65.3,6605,24.0,3,-41.9,0,0,5035.2,38.1626277,-122.4587008,22.5,73.8,0,0,0
210.20,105.7,65.7,6661,27.0,3,-41.9,0,0,5037.8,38.1626342,-122.4586726,22.5,73.8,0,0,0
210.30,105.9,65.8,6670,25.0,3,-42.0,0,0,5040.3,38.1626414,-122.4586448,22.5,73.8,0,0,0
210.40,106.2,66.0,6688,25.0,3,-41.9,0,0,5042.9,38.1626495,-122.4586173,22.5,73.8,0,0,0
210.50,106.3,66.1,6699,25.0,3,-41.6,0,0,5045.5,38.1626584,-122.4585901,22.5,73.8,0,0,0
210.60,106.6,66.2,6661,23.0,3,-41.6,0,0,5048.1,38.1626681,-122.4585634,22.5,73.8,0,0,0
210.70,106.6,66.2,6725,21.5,3,-41.5,0,0,5050.6,38.1626784,-122.4585371,22.5,73.8,0,0,0
210.80,106.5,66.2,6694,20.5,3,-41.5,0,0,5053.2,38.1626894,-122.4585111,20.3,66.6,0,0,0
210.90,106.8,66.3,6757,22.5,3,-41.6,0,0,5055.8,38.1627011,-122.4584854,20.3,66.6,0,0,0
211.00,107.0,66.5,6746,25.5,3,-41.5,0,0,5058.4,38.1627134,-122.4584604,20.3,66.6,0,0,0
211.10,107.4,66.7,6769,26.5,3,-41.5,0,0,5061.0,38.1627265,-122.4584361,20.3,66.6,0,0,0
211.20,108.0,67.1,6779,28.0,3,-41.5,0,0,5063.6,38.1627404,-122.4584121,20.3,66.6,0,0,0
211.30,107.8,67.0,6777,28.0,3,-41.4,0,0,5066.2,38.1627551,-122.4583887,20.3,66.6,0,0,0
211.40,108.0,67.1,6825,30.0,3,-41.2,0,0,5068.8,38.1627704,-122.4583661,20.3,66.6,0,0,0
211.50,108.2,67.2,6818,29.0,3,-41.1,0,0,5071.4,38.1627864,-122.4583441,20.3,66.6,0,0,0
211.60,108.5,67.4,6860,28.5,3,-41.3,0,0,5074.1,38.1628031,-122.4583225,20.3,66.6,0,0,0
211.70,108.8,67.6,6867,30.5,3,-41.3,0,0,5076.7,38.1628204,-122.4583017,20.3,66.6,0,0,0
211.80,109.3,67.9,6861,33.5,3,-41.0,0,0,5079.3,38.1628381,-122.4582819,17.7,58.1,0,0,0
211.90,109.3,67.9,6924,35.5,3,-40.8,0,0,5082.0,38.1628564,-122.4582627,17.7,58.1,0,0,0
212.00,109.9,68.3,6889,34.5,3,-40.8,0,0,5084.6,38.1628751,-122.4582442,17.7,58.1,0,0,0
212.10,110.4,68.6,6977,35.0,3,-40.8,0,0,5087.3,38.1628944,-122.4582264,17.7,58.1,0,0,0
212.20,110.7,68.8,6975,34.5,3,-40.6,0,0,5089.9,38.1629144,-122.4582094,17.7,58.1,0,0,0
212.30,111.2,69.1,7016,35.0,3,-40.4,0,0,5092.6,38.1629351,-122.4581932,17.7,58.1,0,0,0
212.40,111.6,69.4,7044,39.5,3,-40.2,0,0,5095.3,38.1629560,-122.4581777,17.7,58.1,0,0,0
212.50,112.4,69.9,7094,43.0,3,-39.8,0,0,5098.0,38.1629771,-122.4581629,17.7,58.1,0,0,0
212.60,112.9,70.2,7163,47.0,3,-39.7,0,0,5100.7,38.1629987,-122.4581487,17.7,58.1,0,0,0
212.70,114.2,71.0,7221,48.5,3,-39.4,0,0,5103.4,38.1630209,-122.4581355,17.7,58.1,0,0,0
212.80,114.8,71.4,7240,48.5,3,-39.1,0,0,5106.2,38.1630437,-122.4581232,14.8,48.6,0,0,0
212.90,115.0,71.5,7280,45.5,3,-39.1,0,0,5109.0,38.1630671,-122.4581118,14.8,48.6,0,0,0
213.00,115.6,71.8,7273,46.0,3,-38.8,0,0,5111.8,38.1630911,-122.4581015,14.8,48.6,0,0,0
213.10,116.5,72.4,7377,46.5,3,-38.8,0,0,5114.6,38.1631153,-122.4580921,14.8,48.6,0,0,0
213.20,117.3,72.9,7415,49.5,3,-38.7,0,0,5117.4,38.1631398,-122.4580834,14.8,48.6,0,0,0
213.30,117.9,73.3,7442,49.5,3,-38.6,0,0,5120.2,38.1631644,-122.4580755,14.8,48.6,0,0,0
213.40,118.5,73.6,7487,50.5,3,-38.6,0,0,5123.1,38.1631894,-122.4580688,14.8,48.6,0,0,0
213.50,119.1,74.0,7497,51.0,3,-38.5,0,0,5126.0,38.1632151,-122.4580635,14.8,48.6,0,0,0
213.60,119.4,74.2,7504,49.0,3,-38.5,0,0,5128.9,38.1632410,-122.4580592,14.8,48.6,0,0,0
213.70,119.6,74.3,7552,48.5,3,-38.2,0,0,5131.8,38.1632670,-122.4580558,14.8,48.6,0,0,0
213.80,120.2,74.7,7553,48.5,3,-37.7,0,0,5134.7,38.1632931,-122.4580538,12.4,40.7,0,0,0
213.90,120.0,74.5,7582,51.0,3,-37.4,0,0,5137.6,38.1633193,-122.4580532,12.4,40.7,0,0,0
214.00,121.1,75.3,7651,51.5,3,-37.1,0,0,5140.6,38.1633458,-122.4580535,12.4,40.7,0,0,0
214.10,121.5,75.5,7663,52.0,3,-37.1,0,0,5143.5,38.1633722,-122.4580548,12.4,40.7,0,0,0
214.20,121.5,75.5,7689,57.0,3,-37.2,0,0,5146.5,38.1633988,-122.4580575,12.4,40.7,0,0,0
214.30,122.9,76.3,7785,59.0,3,-37.5,0,0,5149.4,38.1634253,-122.4580615,12.4,40.7,0,0,0
214.40,123.8,76.9,7809,59.5,3,-37.8,0,0,5152.4,38.1634521,-122.4580665,12.4,40.7,0,0,0
214.50,124.6,77.4,7874,61.0,3,-38.0,0,0,5155.5,38.1634790,-122.4580725,12.4,40.7,0,0,0
214.60,125.5,78.0,7956,61.0,3,-38.2,0,0,5158.5,38.1635059,-122.4580795,12.4,40.7,0,0,0
214.70,126.1,78.3,7973,63.0,3,-38.2,0,0,5161.6,38.1635327,-122.4580878,12.4,40.7,0,0,0
214.80,126.9,78.9,8052,64.5,3,-37.8,0,0,5164.7,38.1635592,-122.4580972,12.3,40.4,0,0,0
214.90,128.5,79.8,8128,65.0,3,-37.6,0,0,5167.7,38.1635856,-122.4581074,12.3,40.4,0,0,0
215.00,128.5,79.8,8122,67.5,3,-37.3,0,0,5170.8,38.1636116,-122.4581182,12.3,40.4,0,0,0
215.10,129.7,80.6,8224,68.0,3,-36.9,0,0,5173.8,38.1636373,-122.4581297,12.3,40.4,0,0,0
215.20,130.7,81.2,8283,68.0,3,-36.4,0,0,5176.9,38.1636631,-122.4581422,12.3,40.4,0,0,0
215.30,131.2,81.5,8299,68.0,3,-36.0,0,0,5180.0,38.1636889,-122.4581557,12.3,40.4,0,0,0
215.40,132.2,82.1,8362,68.5,3,-36.1,0,0,5183.1,38.1637147,-122.4581701,12.3,40.4,0,0,0
215.50,133.3,82.9,8383,71.0,3,-36.1,0,0,5186.3,38.1637403,-122.4581852,12.3,40.4,0,0,0
215.60,133.9,83.2,8550,73.5,3,-36.1,0,0,5189.4,38.1637660,-122.4582010,12.3,40.4,0,0,0
215.70,135.8,84.4,8599,75.0,3,-35.7,0,0,5192.6,38.1637917,-122.4582179,12.3,40.4,0,0,0
215.80,136.2,84.6,8681,77.5,3,-35.3,0,0,5195.9,38.1638172,-122.4582357,14.3,46.9,0,0,0
215.90,137.9,85.7,8752,77.5,3,-34.8,0,0,5199.2,38.1638428,-122.4582546,14.3,46.9,0,0,0
216.00,138.7,86.2,8749,75.0,3,-34.4,0,0,5202.5,38.1638682,-122.4582747,14.3,46.9,0,0,0
216.10,139.8,86.9,8790,75.0,3,-34.0,0,0,5205.9,38.1638937,-122.4582958,14.3,46.9,0,0,0
216.20,139.9,86.9,8900,76.5,3,-33.7,0,0,5209.3,38.1639189,-122.4583174,14.3,46.9,0,0,0
216.30,141.3,87.8,9012,76.5,3,-33.7,0,0,5212.6,38.1639437,-122.4583395,14.3,46.9,0,0,0
216.40,142.6,88.6,9075,79.0,3,-33.7,0,0,5216.0,38.1639682,-122.4583625,14.3,46.9,0,0,0
216.50,143.1,88.9,9119,82.0,3,-32.8,0,0,5219.4,38.1639927,-122.4583864,14.3,46.9,0,0,0
216.60,144.1,89.5,9163,81.5,3,-31.8,0,0,5222.9,38.1640169,-122.4584112,14.3,46.9,0,0,0
216.70,145.5,90.4,9169,77.0,3,-30.7,0,0,5226.4,38.1640410,-122.4584367,14.3,46.9,0,0,0
216.80,146.1,90.8,9175,73.5,3,-29.4,0,0,5229.9,38.1640650,-122.4584632,16.1,52.8,0,0,0
216.90,146.3,90.9,9206,75.5,3,-28.4,0,0,5233.5,38.1640890,-122.4584904,16.1,52.8,0,0,0
217.00,146.5,91.1,9237,75.5,3,-27.5,0,0,5237.1,38.1641130,-122.4585184,16.1,52.8,0,0,0
217.10,147.1,91.4,9237,76.0,3,-26.8,0,0,5240.8,38.1641369,-122.4585472,16.1,52.8,0,0,0
217.20,147.0,91.3,9364,78.0,3,-25.3,0,0,5244.5,38.1641606,-122.4585767,16.1,52.8,0,0,0
217.30,149.6,93.0,9609,82.5,3,-24.6,0,0,5248.2,38.1641840,-122.4586068,16.1,52.8,0,0,0
217.40,153.0,95.1,9609,83.5,3,-26.5,0,0,5251.9,38.1642073,-122.4586373,16.1,52.8,0,0,0
217.50,152.1,94.5,9576,83.5,3,-26.7,0,0,5255.6,38.1642307,-122.4586681,16.1,52.8,0,0,0
217.60,151.6,94.2,9540,92.0,3,-24.5,0,0,5259.4,38.1642539,-122.4586994,16.1,52.8,0,0,0
217.70,152.2,94.6,9725,100.0,3,-24.0,0,0,5263.2,38.1642767,-122.4587314,16.1,52.8,0,0,0
217.80,155.5,96.6,9795,100.0,3,-24.5,0,0,5267.0,38.1642993,-122.4587641,17.8,58.4,0,0,0
217.90,156.1,97.0,9820,100.0,3,-24.4,0,0,5270.8,38.1643220,-122.4587974,17.8,58.4,0,0,0
218.00,155.9,96.9,9866,100.0,3,-24.1,0,0,5274.7,38.1643447,-122.4588311,17.8,58.4,0,0,0
218.10,157.2,97.7,9004,100.0,3,-23.8,0,0,5278.6,38.1643672,-122.4588654,17.8,58.4,0,0,0
218.20,154.3,95.9,8269,100.0,4,-22.8,0,0,5282.5,38.1643897,-122.4589001,17.8,58.4,0,0,0
218.30,157.0,97.6,8258,100.0,4,-22.9,0,0,5286.5,38.1644119,-122.4589353,17.8,58.4,0,0,0
218.40,157.1,97.6,8245,100.0,4,-22.5,0,0,5290.4,38.1644340,-122.4589708,17.8,58.4,0,0,0
218.50,157.4,97.8,8304,100.0,4,-21.6,0,0,5294.4,38.1644559,-122.4590064,17.8,58.4,0,0,0
218.60,158.0,98.2,8316,100.0,4,-21.4,0,0,5298.4,38.1644777,-122.4590424,17.8,58.4,0,0,0
218.70,157.8,98.1,8345,100.0,4,-21.2,0,0,5302.4,38.1644992,-122.4590791,17.8,58.4,0,0,0
218.80,158.2,98.3,8369,100.0,4,-20.8,0,0,5306.4,38.1645207,-122.4591160,19.5,64.0,0,0,0
218.90,158.6,98.5,8392,100.0,4,-20.7,0,0,5310.4,38.1645419,-122.4591531,19.5,64.0,0,0,0
219.00,159.5,99.1,8425,100.0,4,-20.2,0,0,5314.4,38.1645630,-122.4591904,19.5,64.0,0,0,0
219.10,160.3,99.6,8485,100.0,4,-20.0,0,0,5318.5,38.1645839,-122.4592284,19.5,64.0,0,0,0
219.20,161.2,100.1,8565,100.0,4,-20.3,0,0,5322.5,38.1646047,-122.4592668,19.5,64.0,0,0,0
219.30,163.3,101.5,8572,100.0,4,-21.0,0,0,5326.6,38.1646252,-122.4593054,19.5,64.0,0,0,0
219.40,163.4,101.5,8616,100.0,4,-21.2,0,0,5330.7,38.1646457,-122.4593444,19.5,64.0,0,0,0
219.50,163.5,101.6,8624,100.0,4,-20.4,0,0,5334.9,38.1646659,-122.4593841,19.5,64.0,0,0,0
219.60,163.8,101.8,8646,100.0,4,-19.7,0,0,5339.0,38.1646860,-122.4594240,19.5,64.0,0,0,0
219.70,164.4,102.1,8634,100.0,4,-18.5,0,0,5343.1,38.1647060,-122.4594641,19.5,64.0,0,0,0
219.80,163.8,101.8,8654,100.0,4,-16.8,0,0,5347.3,38.1647260,-122.4595044,21.5,70.5,0,0,0
219.90,165.6,102.9,8684,100.0,4,-15.8,0,0,5351.5,38.1647459,-122.4595451,21.5,70.5,0,0,0
220.00,165.8,103.0,8739,100.0,4,-15.5,0,0,5355.7,38.1647657,-122.4595864,21.5,70.5,0,0,0
220.10,166.5,103.5,8785,100.0,4,-15.6,0,0,5360.0,38.1647852,-122.4596281,21.5,70.5,0,0,0
220.20,166.8,103.6,8829,100.0,4,-15.7,0,0,5364.2,38.1648047,-122.4596700,21.5,70.5,0,0,0
220.30,167.9,104.3,8895,100.0,4,-16.0,0,0,5368.5,38.1648240,-122.4597121,21.5,70.5,0,0,0
220.40,169.0,105.0,8895,100.0,4,-16.0,0,0,5372.8,38.1648433,-122.4597544,21.5,70.5,0,0,0
220.50,169.6,105.4,8942,100.0,4,-15.6,0,0,5377.1,38.1648626,-122.4597971,21.5,70.5,0,0,0
220.60,170.0,105.7,8977,100.0,4,-14.6,0,0,5381.4,38.1648816,-122.4598401,21.5,70.5,0,0,0
220.70,170.0,105.7,9004,100.0,4,-13.7,0,0,5385.7,38.1649003,-122.4598834,21.5,70.5,0,0,0
220.80,170.9,106.2,9026,100.0,4,-13.0,0,0,5390.1,38.1649190,-122.4599271,23.4,76.8,0,0,0
220.90,171.5,106.6,9047,100.0,4,-11.8,0,0,5394.4,38.1649377,-122.4599714,23.4,76.8,0,0,0
221.00,171.7,106.7,9007,100.0,4,-9.6,0,0,5398.9,38.1649563,-122.4600161,23.4,76.8,0,0,0
221.10,172.7,107.3,9086,100.0,4,-7.3,0,0,5403.3,38.1649750,-122.4600610,23.4,76.8,0,0,0
221.20,173.6,107.9,9149,100.0,4,-5.6,0,0,5407.8,38.1649936,-122.4601060,23.4,76.8,0,0,0
221.30,173.9,108.1,9197,100.0,4,-4.4,0,0,5412.2,38.1650120,-122.4601511,23.4,76.8,0,0,0
221.40,174.0,108.1,9228,100.0,4,-3.1,0,0,5416.6,38.1650303,-122.4601964,23.4,76.8,0,0,0
221.50,175.2,108.9,9262,100.0,4,-2.3,0,0,5421.1,38.1650487,-122.4602421,23.4,76.8,0,0,0
221.60,176.3,109.5,9297,100.0,4,-1.7,0,0,5425.6,38.1650670,-122.4602881,23.4,76.8,0,0,0
221.70,176.7,109.8,9369,100.0,4,-0.9,0,0,5430.2,38.1650853,-122.4603343,23.4,76.8,0,0,0
221.80,177.3,110.1,9349,100.0,4,-0.0,0,0,5434.7,38.1651037,-122.4603808,25.4,83.3,0,0,0
221.90,177.6,110.3,9334,88.0,4,0.7,0,0,5439.3,38.1651220,-122.4604273,25.4,83.3,0,0,0
222.00,177.8,110.5,9283,77.5,4,1.3,0,0,5443.8,38.1651403,-122.4604741,25.4,83.3,0,0,0
222.10,177.6,110.4,9186,43.5,4,1.4,0,0,5448.4,38.1651587,-122.4605210,25.4,83.3,0,0,0
222.20,175.3,109.0,9042,15.0,4,1.6,0,0,5453.0,38.1651769,-122.4605680,25.4,83.3,0,0,0
222.30,173.2,107.6,8744,4.5,4,0.1,0,0,5457.6,38.1651951,-122.4606149,25.4,83.3,0,0,0
222.40,170.1,105.7,8897,0.0,4,-0.1,0,0,5462.1,38.1652132,-122.4606616,25.4,83.3,0,0,0
222.50,170.2,105.7,8842,0.0,4,-0.0,0,0,5466.6,38.1652314,-122.4607076,25.4,83.3,0,0,0
222.60,168.8,104.9,8741,0.0,4,0.3,0,0,5471.1,38.1652492,-122.4607529,25.4,83.3,0,0,0
222.70,167.0,103.7,8654,0.0,4,1.0,0,0,5475.4,38.1652668,-122.4607979,25.4,83.3,0,0,0
222.80,165.4,102.8,8555,0.0,4,1.2,0,0,5479.8,38.1652842,-122.4608426,27.3,89.6,0,0,0
222.90,163.5,101.6,8470,0.0,4,0.6,0,0,5484.1,38.1653017,-122.4608869,27.3,89.6,0,0,0
223.00,161.8,100.5,8340,0.0,4,0.1,0,0,5488.4,38.1653189,-122.4609306,27.3,89.6,0,0,0
223.10,159.1,98.8,8226,0.0,4,-0.2,0,0,5492.6,38.1653360,-122.4609736,27.3,89.6,0,0,0
223.20,156.8,97.5,8132,0.0,4,-1.3,0,0,5496.8,38.1653529,-122.4610159,27.3,89.6,0,0,0
223.30,155.3,96.5,8022,0.0,4,-1.5,0,0,5500.9,38.1653696,-122.4610579,27.3,89.6,0,0,0
223.40,153.1,95.1,7895,0.0,4,-1.9,0,0,5505.0,38.1653859,-122.4610996,27.3,89.6,0,0,0
223.50,150.5,93.5,7760,0.0,4,-1.9,0,0,5509.0,38.1654020,-122.4611406,27.3,89.6,0,0,0
223.60,148.2,92.1,7632,0.0,4,-1.2,0,0,5512.9,38.1654180,-122.4611809,27.3,89.6,0,0,0
223.70,145.6,90.4,7512,0.0,4,-0.8,0,0,5516.8,38.1654339,-122.4612206,27.3,89.6,0,0,0
223.80,143.4,89.1,7384,0.0,4,-0.4,0,0,5520.7,38.1654496,-122.4612599,29.4,96.5,0,0,0
223.90,141.0,87.6,7344,0.0,4,0.1,0,0,5524.5,38.1654649,-122.4612986,29.4,96.5,0,0,0
224.00,139.4,86.6,8567,0.0,3,0.4,0,0,5528.2,38.1654800,-122.4613365,29.4,96.5,0,0,0
224.10,136.0,84.5,8547,0.0,3,1.1,0,0,5531.8,38.1654950,-122.4613736,29.4,96.5,0,0,0
224.20,134.1,83.3,8050,0.0,3,1.9,0,0,5535.4,38.1655099,-122.4614099,29.4,96.5,0,0,0
224.30,131.6,81.8,8126,0.0,3,2.7,0,0,5538.9,38.1655246,-122.4614459,29.4,96.5,0,0,0
224.40,128.9,80.1,8013,0.0,3,2.9,0,0,5542.4,38.1655389,-122.4614813,29.4,96.5,0,0,0
224.50,127.0,78.9,7895,0.0,3,2.4,0,0,5545.8,38.1655529,-122.4615158,29.4,96.5,0,0,0
224.60,125.1,77.7,7730,0.0,3,2.1,0,0,5549.1,38.1655666,-122.4615496,29.4,96.5,0,0,0
224.70,122.7,76.2,7589,0.0,3,1.7,0,0,5552.4,38.1655796,-122.4615826,29.4,96.5,0,0,0
224.80,120.5,74.9,8440,0.0,3,1.0,0,0,5555.5,38.1655923,-122.4616149,31.7,104.0,0,0,0
224.90,110.4,68.6,9302,0.0,2,0.7,0,0,5558.7,38.1656050,-122.4616469,31.7,104.0,0,0,0
225.00,116.3,72.3,8947,0.0,2,1.0,0,0,5561.8,38.1656176,-122.4616786,31.7,104.0,0,0,0
225.10,115.2,71.6,8772,0.0,2,0.9,0,0,5564.8,38.1656299,-122.4617096,31.7,104.0,0,0,0
225.20,112.0,69.6,8699,0.0,2,0.5,0,0,5567.8,38.1656420,-122.4617399,31.7,104.0,0,0,0
225.30,110.2,68.5,8550,0.0,2,0.5,0,0,5570.7,38.1656540,-122.4617699,31.7,104.0,0,0,0
225.40,108.8,67.6,8470,0.0,2,-0.1,0,0,5573.6,38.1656659,-122.4617996,31.7,104.0,0,0,0
225.50,107.2,66.6,8290,0.0,2,-0.8,0,0,5576.5,38.1656776,-122.4618289,31.7,104.0,0,0,0
225.60,105.5,65.6,8186,0.0,2,-0.8,0,0,5579.3,38.1656889,-122.4618579,31.7,104.0,0,0,0
225.70,104.0,64.6,8061,0.0,2,-1.2,0,0,5582.1,38.1657000,-122.4618863,31.7,104.0,0,0,0
225.80,102.6,63.7,7985,0.0,2,-0.8,0,0,5584.8,38.1657110,-122.4619142,33.0,108.3,0,0,0
225.90,101.7,63.2,7897,0.0,2,-0.3,0,0,5587.5,38.1657219,-122.4619417,33.0,108.3,0,0,0
226.00,100.0,62.1,7772,0.0,2,-0.5,0,0,5590.2,38.1657327,-122.4619689,33.0,108.3,0,0,0
226.10,98.8,61.4,7671,0.0,2,-0.6,0,0,5592.8,38.1657432,-122.4619956,33.0,108.3,0,0,0
226.20,97.5,60.6,7560,0.0,2,0.2,0,0,5595.4,38.1657538,-122.4620219,33.0,108.3,0,0,0
226.30,95.8,59.5,7467,0.0,2,1.2,0,0,5597.9,38.1657642,-122.4620479,33.0,108.3,0,0,0
226.40,94.6,58.8,7298,0.0,2,3.0,0,0,5600.5,38.1657747,-122.4620736,33.0,108.3,0,0,0
226.50,93.1,57.9,7196,0.0,2,6.1,0,0,5602.9,38.1657849,-122.4620989,33.0,108.3,0,0,0
226.60,91.5,56.8,7108,0.0,2,9.1,0,0,5605.4,38.1657951,-122.4621236,33.0,108.3,0,0,0
226.70,90.4,56.2,7039,0.0,2,11.5,0,0,5607.8,38.1658053,-122.4621479,33.0,108.3,0,0,0
226.80,89.4,55.5,6946,0.0,2,13.6,0,0,5610.2,38.1658157,-122.4621716,34.2,112.2,0,0,0
226.90,88.2,54.8,6870,0.0,2,15.3,0,0,5612.5,38.1658259,-122.4621946,34.2,112.2,0,0,0
227.00,87.1,54.1,6744,0.0,2,17.3,0,0,5614.8,38.1658360,-122.4622172,34.2,112.2,0,0,0
227.10,85.9,53.4,6702,0.0,2,19.6,0,0,5617.0,38.1658461,-122.4622396,34.2,112.2,0,0,0
227.20,85.0,52.8,6629,0.0,2,21.5,0,0,5619.2,38.1658563,-122.4622615,34.2,112.2,0,0,0
227.30,84.3,52.4,6528,0.0,2,23.4,0,0,5621.4,38.1658668,-122.4622826,34.2,112.2,0,0,0
227.40,83.0,51.5,6505,0.0,2,25.5,0,0,5623.6,38.1658772,-122.4623032,34.2,112.2,0,0,0
227.50,82.4,51.2,6375,0.0,2,26.4,0,0,5625.7,38.1658878,-122.4623233,34.2,112.2,0,0,0
227.60,81.2,50.5,6325,0.0,2,27.5,0,0,5627.8,38.1658986,-122.4623428,34.2,112.2,0,0,0
227.70,80.4,50.0,6284,0.0,2,28.5,0,0,5629.8,38.1659098,-122.4623616,34.2,112.2,0,0,0
227.80,80.0,49.7,6208,0.0,2,29.7,0,0,5631.9,38.1659213,-122.4623799,35.0,114.8,0,0,0
227.90,78.7,48.9,6139,0.0,2,30.9,0,0,5633.9,38.1659331,-122.4623976,35.0,114.8,0,0,0
228.00,78.0,48.4,6079,0.0,2,31.8,0,0,5635.9,38.1659451,-122.4624149,35.0,114.8,0,0,0
228.10,77.2,48.0,6025,0.0,2,33.2,0,0,5637.9,38.1659573,-122.4624316,35.0,114.8,0,0,0
228.20,76.7,47.6,5970,0.0,2,34.6,0,0,5639.9,38.1659698,-122.4624475,35.0,114.8,0,0,0
228.30,75.7,47.0,5948,0.0,2,35.7,0,0,5641.8,38.1659823,-122.4624626,35.0,114.8,0,0,0
228.40,75.2,46.7,5878,0.0,2,36.6,0,0,5643.7,38.1659951,-122.4624769,35.0,114.8,0,0,0
228.50,74.6,46.4,5792,0.0,2,37.7,0,0,5645.6,38.1660081,-122.4624906,35.0,114.8,0,0,0
228.60,74.0,46.0,5732,0.0,2,38.7,0,0,5647.4,38.1660214,-122.4625035,35.0,114.8,0,0,0
228.70,72.5,45.0,5633,0.0,2,38.9,0,0,5649.3,38.1660351,-122.4625155,35.0,114.8,0,0,0
228.80,71.4,44.4,5543,0.0,2,38.9,0,0,5651.1,38.1660490,-122.4625266,35.0,114.8,0,0,0
228.90,70.4,43.8,5501,2.0,2,39.3,0,0,5652.9,38.1660629,-122.4625368,35.0,114.8,0,0,0
229.00,69.9,43.4,5470,4.5,2,40.0,0,0,5654.6,38.1660767,-122.4625463,35.0,114.8,0,0,0
229.10,69.4,43.1,5456,11.5,2,41.0,0,0,5656.3,38.1660903,-122.4625548,35.0,114.8,0,0,0
229.20,69.3,43.1,5601,13.0,2,41.7,0,0,5658.0,38.1661041,-122.4625625,35.0,114.8,0,0,0
229.30,69.0,42.9,5616,23.0,2,41.9,0,0,5659.7,38.1661183,-122.4625692,35.0,114.8,0,0,0
229.40,70.2,43.6,5543,26.5,2,41.6,0,0,5661.4,38.1661328,-122.4625748,35.0,114.8,0,0,0
229.50,70.2,43.6,5498,26.5,2,41.5,0,0,5663.0,38.1661473,-122.4625796,35.0,114.8,0,0,0
229.60,70.0,43.5,5508,26.0,2,41.8,0,0,5664.7,38.1661621,-122.4625835,35.0,114.8,0,0,0
229.70,70.2,43.6,5544,26.0,2,42.4,0,0,5666.4,38.1661770,-122.4625865,35.0,114.8,0,0,0
229.80,70.5,43.8,5577,26.0,2,43.3,0,0,5668.1,38.1661920,-122.4625885,35.1,115.2,0,0,0
229.90,70.9,44.1,5650,26.0,2,44.2,0,0,5669.7,38.1662070,-122.4625895,35.1,115.2,0,0,0
230.00,72.0,44.7,5636,26.0,2,44.4,0,0,5671.4,38.1662220,-122.4625895,35.1,115.2,0,0,0
230.10,71.5,44.4,5670,26.0,2,44.5,0,0,5673.1,38.1662370,-122.4625885,35.1,115.2,0,0,0
230.20,71.8,44.6,5666,26.0,2,44.6,0,0,5674.7,38.1662520,-122.4625865,35.1,115.2,0,0,0
230.30,72.4,45.0,5700,25.5,2,45.0,0,0,5676.4,38.1662670,-122.4625835,35.1,115.2,0,0,0
230.40,72.6,45.1,5730,25.5,2,45.3,0,0,5678.1,38.1662820,-122.4625795,35.1,115.2,0,0,0
230.50,72.5,45.0,5737,25.5,2,45.0,0,0,5679.9,38.1662969,-122.4625745,35.1,115.2,0,0,0
230.60,72.8,45.2,5718,25.5,2,44.7,0,0,5681.6,38.1663116,-122.4625685,35.1,115.2,0,0,0
230.70,72.8,45.2,5743,25.5,2,44.3,0,0,5683.3,38.1663259,-122.4625615,35.1,115.2,0,0,0
230.80,72.9,45.3,5755,25.5,2,44.0,0,0,5685.0,38.1663399,-122.4625535,35.5,116.5,0,0,0
230.90,73.2,45.5,5792,25.5,2,43.7,0,0,5686.7,38.1663536,-122.4625446,35.5,116.5,0,0,0
231.00,73.5,45.7,5759,25.5,2,43.6,0,0,5688.4,38.1663669,-122.4625348,35.5,116.5,0,0,0
231.10,73.5,45.7,5806,25.5,2,43.5,0,0,5690.1,38.1663799,-122.4625242,35.5,116.5,0,0,0
231.20,74.0,46.0,5875,28.0,2,43.5,0,0,5691.9,38.1663926,-122.4625125,35.5,116.5,0,0,0
231.30,74.9,46.5,5865,28.5,2,43.1,0,0,5693.6,38.1664049,-122.4624999,35.5,116.5,0,0,0
231.40,74.9,46.6,5905,28.5,2,43.0,0,0,5695.4,38.1664166,-122.4624866,35.5,116.5,0,0,0
231.50,75.2,46.7,5886,29.5,2,42.4,0,0,5697.1,38.1664279,-122.4624725,35.5,116.5,0,0,0
231.60,75.1,46.6,5931,31.5,2,41.6,0,0,5698.9,38.1664386,-122.4624575,35.5,116.5,0,0,0
231.70,75.3,46.8,5961,32.0,2,40.9,0,0,5700.7,38.1664489,-122.4624416,35.5,116.5,0,0,0
231.80,75.8,47.1,5964,32.0,2,40.0,0,0,5702.5,38.1664586,-122.4624249,35.5,116.5,0,0,0
231.90,75.9,47.2,6010,33.5,2,38.9,0,0,5704.3,38.1664679,-122.4624079,35.5,116.5,0,0,0
232.00,76.3,47.4,6032,34.5,2,38.1,0,0,5706.1,38.1664766,-122.4623903,35.5,116.5,0,0,0
232.10,77.0,47.8,6119,37.0,2,38.0,0,0,5708.0,38.1664846,-122.4623719,35.5,116.5,0,0,0
232.20,77.9,48.4,6186,40.5,2,37.8,0,0,5709.8,38.1664919,-122.4623529,35.5,116.5,0,0,0
232.30,78.9,49.1,6266,43.0,2,37.5,0,0,5711.7,38.1664989,-122.4623336,35.5,116.5,0,0,0
232.40,79.9,49.6,6367,43.5,2,37.1,0,0,5713.6,38.1665056,-122.4623139,35.5,116.5,0,0,0
232.50,80.8,50.2,6394,43.5,2,37.2,0,0,5715.5,38.1665116,-122.4622936,35.5,116.5,0,0,0
232.60,81.3,50.5,6591,42.5,2,38.0,0,0,5717.4,38.1665169,-122.4622726,35.5,116.5,0,0,0
232.70,83.3,51.8,6603,41.5,2,38.5,0,0,5719.4,38.1665219,-122.4622509,35.5,116.5,0,0,0
232.80,84.1,52.3,6607,41.5,2,38.9,0,0,5721.3,38.1665263,-122.4622289,35.3,115.8,0,0,0
232.90,84.5,52.5,6688,42.0,2,39.0,0,0,5723.3,38.1665298,-122.4622066,35.3,115.8,0,0,0
233.00,85.4,53.1,6782,43.0,2,38.9,0,0,5725.3,38.1665323,-122.4621839,35.3,115.8,0,0,0
233.10,86.4,53.7,6817,43.0,2,39.1,0,0,5727.3,38.1665341,-122.4621610,35.3,115.8,0,0,0
233.20,87.2,54.2,6979,50.0,2,39.4,0,0,5729.4,38.1665353,-122.4621379,35.3,115.8,0,0,0
233.30,88.7,55.1,7052,51.5,2,39.1,0,0,5731.4,38.1665359,-122.4621146,35.3,115.8,0,0,0
233.40,89.4,55.6,7138,55.5,2,38.9,0,0,5733.5,38.1665359,-122.4620909,35.3,115.8,0,0,0
233.50,89.6,55.7,7234,60.5,2,38.2,0,0,5735.6,38.1665353,-122.4620669,35.3,115.8,0,0,0
233.60,92.7,57.6,7350,57.5,2,37.6,0,0,5737.7,38.1665338,-122.4620426,35.3,115.8,0,0,0
233.70,94.6,58.8,7448,56.0,2,37.4,0,0,5739.9,38.1665313,-122.4620179,35.3,115.8,0,0,0
233.80,94.8,58.9,7568,56.5,2,37.1,0,0,5742.1,38.1665278,-122.4619929,34.8,114.2,0,0,0
233.90,96.3,59.9,7655,56.5,2,37.1,0,0,5744.4,38.1665236,-122.4619677,34.8,114.2,0,0,0
234.00,97.3,60.4,7764,56.5,2,37.0,0,0,5746.7,38.1665186,-122.4619422,34.8,114.2,0,0,0
234.10,98.8,61.4,7881,56.5,2,36.6,0,0,5749.0,38.1665129,-122.4619167,34.8,114.2,0,0,0
234.20,100.1,62.2,8005,57.0,2,36.4,0,0,5751.3,38.1665069,-122.4618909,34.8,114.2,0,0,0
234.30,101.8,63.2,8091,57.0,2,36.0,0,0,5753.7,38.1665003,-122.4618650,34.8,114.2,0,0,0
234.40,103.4,64.2,8217,56.5,2,35.8,0,0,5756.1,38.1664928,-122.4618390,34.8,114.2,0,0,0
234.50,104.1,64.7,8281,56.5,2,35.3,0,0,5758.6,38.1664846,-122.4618130,34.8,114.2,0,0,0
234.60,105.3,65.4,8399,56.5,2,34.7,0,0,5761.1,38.1664758,-122.4617870,34.8,114.2,0,0,0
234.70,106.8,66.3,8475,56.5,2,34.2,0,0,5763.6,38.1664663,-122.4617610,34.8,114.2,0,0,0
234.80,107.6,66.8,8577,59.0,2,33.5,0,0,5766.1,38.1664559,-122.4617350,34.5,113.2,0,0,0
234.90,109.1,67.8,8711,61.5,2,32.6,0,0,5768.7,38.1664449,-122.4617089,34.5,113.2,0,0,0
235.00,111.0,69.0,8783,63.5,2,31.5,0,0,5771.3,38.1664333,-122.4616827,34.5,113.2,0,0,0
235.10,111.9,69.5,8980,66.5,2,30.2,0,0,5774.0,38.1664211,-122.4616563,34.5,113.2,0,0,0
235.20,113.7,70.7,8961,67.5,2,28.5,0,0,5776.7,38.1664083,-122.4616301,34.5,113.2,0,0,0
235.30,113.9,70.8,9102,71.0,2,26.5,0,0,5779.5,38.1663945,-122.4616039,34.5,113.2,0,0,0
235.40,115.8,71.9,9191,70.5,2,24.3,0,0,5782.3,38.1663799,-122.4615776,34.5,113.2,0,0,0
235.50,117.1,72.8,9231,70.5,2,21.8,0,0,5785.2,38.1663646,-122.4615509,34.5,113.2,0,0,0
235.60,117.8,73.2,8629,78.0,2,18.7,0,0,5788.1,38.1663489,-122.4615241,34.5,113.2,0,0,0
235.70,115.2,71.6,7244,96.0,3,15.3,0,0,5791.0,38.1663329,-122.4614973,34.5,113.2,0,0,0
235.80,117.9,73.3,7480,100.0,3,12.4,0,0,5794.0,38.1663163,-122.4614707,33.7,110.6,0,0,0
235.90,119.8,74.5,7596,100.0,3,9.7,0,0,5797.0,38.1662992,-122.4614439,33.7,110.6,0,0,0
236.00,120.6,74.9,7681,100.0,3,6.8,0,0,5800.1,38.1662817,-122.4614169,33.7,110.6,0,0,0
236.10,121.9,75.8,7789,100.0,3,3.6,0,0,5803.2,38.1662639,-122.4613896,33.7,110.6,0,0,0
236.20,124.0,77.0,7943,100.0,3,0.5,0,0,5806.3,38.1662456,-122.4613619,33.7,110.6,0,0,0
236.30,126.0,78.3,8026,100.0,3,-2.3,0,0,5809.5,38.1662269,-122.4613339,33.7,110.6,0,0,0
236.40,126.9,78.8,8135,100.0,3,-4.3,0,0,5812.8,38.1662079,-122.4613056,33.7,110.6,0,0,0
236.50,129.6,80.5,8279,100.0,3,-6.1,0,0,5816.1,38.1661887,-122.4612769,33.7,110.6,0,0,0
236.60,131.1,81.4,8378,100.0,3,-7.6,0,0,5819.4,38.1661692,-122.4612479,33.7,110.6,0,0,0
236.70,132.4,82.3,8542,100.0,3,-9.2,0,0,5822.8,38.1661494,-122.4612186,33.7,110.6,0,0,0
236.80,135.2,84.0,8681,100.0,3,-9.6,0,0,5826.2,38.1661292,-122.4611889,32.7,107.3,0,0,0
236.90,137.9,85.7,8826,100.0,3,-10.3,0,0,5829.7,38.1661091,-122.4611586,32.7,107.3,0,0,0
237.00,139.3,86.5,8945,100.0,3,-12.9,0,0,5833.2,38.1660889,-122.4611279,32.7,107.3,0,0,0
237.10,141.4,87.8,9083,100.0,3,-15.2,0,0,5836.7,38.1660686,-122.4610966,32.7,107.3,0,0,0
237.20,143.8,89.3,9277,93.0,3,-17.7,0,0,5840.4,38.1660479,-122.4610649,32.7,107.3,0,0,0
237.30,147.3,91.5,9479,100.0,3,-20.5,0,0,5844.0,38.1660270,-122.4610326,32.7,107.3,0,0,0
237.40,149.8,93.1,9622,100.0,3,-22.9,0,0,5847.7,38.1660060,-122.4609996,32.7,107.3,0,0,0
237.50,152.4,94.7,9656,76.5,3,-24.9,0,0,5851.5,38.1659850,-122.4609659,32.7,107.3,0,0,0
237.60,153.4,95.3,9824,73.5,3,-26.8,0,0,5855.3,38.1659641,-122.4609316,32.7,107.3,0,0,0
237.70,156.3,97.1,9967,75.5,3,-28.3,0,0,5859.1,38.1659433,-122.4608966,32.7,107.3,0,0,0
237.80,158.7,98.6,10105,75.0,3,-29.1,0,0,5863.0,38.1659228,-122.4608609,31.3,102.7,0,0,0
237.90,160.9,100.0,10044,66.5,3,-29.8,0,0,5866.9,38.1659022,-122.4608249,31.3,102.7,0,0,0
238.00,160.3,99.6,10146,64.5,3,-30.4,0,0,5870.8,38.1658818,-122.4607886,31.3,102.7,0,0,0
238.10,161.3,100.2,10050,55.0,3,-30.8,0,0,5874.7,38.1658613,-122.4607516,31.3,102.7,0,0,0
238.20,159.9,99.4,9967,45.5,3,-30.1,0,0,5878.7,38.1658411,-122.4607139,31.3,102.7,0,0,0
238.30,159.0,98.8,10037,50.5,3,-28.5,0,0,5882.7,38.1658211,-122.4606756,31.3,102.7,0,0,0
238.40,159.0,98.8,10010,50.0,3,-26.6,0,0,5886.7,38.1658017,-122.4606369,31.3,102.7,0,0,0
238.50,158.9,98.8,10098,66.5,3,-24.5,0,0,5890.8,38.1657828,-122.4605979,31.3,102.7,0,0,0
238.60,160.5,99.7,8146,24.5,3,-21.7,0,0,5894.8,38.1657640,-122.4605586,31.3,102.7,0,0,0
238.70,156.5,97.3,8080,0.0,4,-19.7,0,0,5898.8,38.1657454,-122.4605189,31.3,102.7,0,0,0
238.80,153.8,95.6,8052,0.0,4,-17.0,0,0,5902.9,38.1657271,-122.4604790,29.7,97.4,0,0,0
238.90,153.0,95.1,7970,0.0,4,-13.5,0,0,5906.9,38.1657091,-122.4604391,29.7,97.4,0,0,0
239.00,151.9,94.4,7895,0.0,4,-9.9,0,0,5910.9,38.1656914,-122.4603994,29.7,97.4,0,0,0
239.10,150.7,93.7,7845,0.0,4,-4.5,0,0,5914.8,38.1656740,-122.4603600,29.7,97.4,0,0,0
239.20,150.2,93.3,7831,0.0,4,1.5,0,0,5918.8,38.1656567,-122.4603207,29.7,97.4,0,0,0
239.30,149.7,93.0,7837,0.0,4,7.1,0,0,5922.7,38.1656392,-122.4602813,29.7,97.4,0,0,0
239.40,149.5,92.9,7876,0.0,4,13.1,0,0,5926.6,38.1656218,-122.4602421,29.7,97.4,0,0,0
239.50,149.9,93.1,7853,0.0,4,18.0,0,0,5930.6,38.1656042,-122.4602034,29.7,97.4,0,0,0
239.60,150.2,93.3,7895,0.0,4,22.6,0,0,5934.4,38.1655868,-122.4601651,29.7,97.4,0,0,0
239.70,150.9,93.8,7870,0.0,4,25.7,0,0,5938.3,38.1655692,-122.4601274,29.7,97.4,0,0,0
239.80,150.3,93.4,7870,0.0,4,26.5,0,0,5942.1,38.1655516,-122.4600901,28.0,91.9,0,0,0
239.90,148.7,92.4,7624,0.0,4,26.4,0,0,5945.8,38.1655336,-122.4600534,28.0,91.9,0,0,0
240.00,145.3,90.3,7595,0.0,4,25.8,0,0,5949.6,38.1655152,-122.4600172,28.0,91.9,0,0,0
240.10,145.1,90.2,7557,0.0,4,25.1,0,0,5953.3,38.1654966,-122.4599817,28.0,91.9,0,0,0
240.20,144.4,89.7,7452,0.0,4,22.9,0,0,5957.0,38.1654776,-122.4599471,28.0,91.9,0,0,0
240.30,142.4,88.5,7397,0.0,4,21.2,0,0,5960.7,38.1654583,-122.4599131,28.0,91.9,0,0,0
240.40,141.0,87.6,7333,0.0,4,20.4,0,0,5964.3,38.1654390,-122.4598794,28.0,91.9,0,0,0
240.50,139.3,86.6,7224,0.0,4,18.8,0,0,5968.0,38.1654196,-122.4598462,28.0,91.9,0,0,0
240.60,137.9,85.7,7165,0.0,4,16.7,0,0,5971.5,38.1654000,-122.4598137,28.0,91.9,0,0,0
240.70,136.7,84.9,7120,0.0,4,14.7,0,0,5975.1,38.1653803,-122.4597818,28.0,91.9,0,0,0
240.80,135.5,84.2,7008,0.0,4,12.2,0,0,5978.6,38.1653606,-122.4597503,26.5,86.9,0,0,0
240.90,134.1,83.3,6959,0.0,4,9.0,0,0,5982.1,38.1653406,-122.4597191,26.5,86.9,0,0,0
241.00,133.1,82.7,6912,0.0,4,5.2,0,0,5985.6,38.1653203,-122.4596884,26.5,86.9,0,0,0
241.10,131.7,81.8,6834,0.0,4,0.4,0,0,5989.1,38.1653001,-122.4596581,26.5,86.9,0,0,0
241.20,130.3,81.0,6777,0.0,4,-5.6,0,0,5992.6,38.1652801,-122.4596279,26.5,86.9,0,0,0
241.30,129.7,80.6,6818,0.0,4,-11.9,0,0,5996.0,38.1652604,-122.4595978,26.5,86.9,0,0,0
241.40,129.9,80.7,6820,0.0,4,-17.3,0,0,5999.4,38.1652411,-122.4595675,26.5,86.9,0,0,0
241.50,129.9,80.7,6802,0.0,4,-21.6,0,0,6002.8,38.1652220,-122.4595375,26.5,86.9,0,0,0
241.60,130.3,81.0,6817,0.0,4,-24.2,0,0,6006.1,38.1652031,-122.4595072,26.5,86.9,0,0,0
241.70,129.7,80.6,6809,0.0,4,-26.6,0,0,6009.5,38.1651847,-122.4594770,26.5,86.9,0,0,0
241.80,129.7,80.6,6802,0.0,4,-29.4,0,0,6012.8,38.1651668,-122.4594466,25.4,83.3,0,0,0
241.90,129.9,80.7,6789,0.0,4,-31.5,0,0,6016.1,38.1651494,-122.4594160,25.4,83.3,0,0,0
242.00,129.9,80.7,6812,7.0,4,-33.1,0,0,6019.4,38.1651324,-122.4593852,25.4,83.3,0,0,0
242.10,130.0,80.8,6820,8.0,4,-34.8,0,0,6022.6,38.1651161,-122.4593544,25.4,83.3,0,0,0
242.20,130.2,80.9,6863,10.5,4,-36.4,0,0,6025.9,38.1651004,-122.4593232,25.4,83.3,0,0,0
242.30,131.1,81.4,6887,14.5,4,-37.6,0,0,6029.1,38.1650851,-122.4592917,25.4,83.3,0,0,0
242.40,130.7,81.2,7013,16.0,4,-38.5,0,0,6032.3,38.1650704,-122.4592599,25.4,83.3,0,0,0
242.50,130.4,81.0,6794,25.0,4,-38.6,0,0,6035.6,38.1650562,-122.4592279,25.4,83.3,0,0,0
242.60,130.2,80.9,6834,31.0,4,-38.6,0,0,6038.7,38.1650427,-122.4591956,25.4,83.3,0,0,0
242.70,131.1,81.5,6898,35.5,4,-38.6,0,0,6041.9,38.1650301,-122.4591629,25.4,83.3,0,0,0
242.80,131.6,81.8,6925,39.5,4,-38.5,0,0,6045.1,38.1650181,-122.4591299,24.2,79.4,0,0,0
242.90,131.8,81.9,6907,40.5,4,-38.4,0,0,6048.3,38.1650064,-122.4590966,24.2,79.4,0,0,0
243.00,132.3,82.2,6930,45.0,4,-38.0,0,0,6051.5,38.1649954,-122.4590626,24.2,79.4,0,0,0
243.10,132.6,82.4,7018,59.0,4,-37.5,0,0,6054.7,38.1649851,-122.4590282,24.2,79.4,0,0,0
243.20,134.1,83.3,7123,67.0,4,-37.1,0,0,6057.9,38.1649754,-122.4589936,24.2,79.4,0,0,0
243.30,135.3,84.1,7094,70.5,4,-36.5,0,0,6061.2,38.1649661,-122.4589586,24.2,79.4,0,0,0
243.40,135.9,84.5,7111,71.5,4,-35.4,0,0,6064.4,38.1649574,-122.4589229,24.2,79.4,0,0,0
243.50,136.3,84.7,7176,77.0,4,-34.3,0,0,6067.7,38.1649494,-122.4588866,24.2,79.4,0,0,0
243.60,136.8,85.0,7177,80.0,4,-33.2,0,0,6071.0,38.1649421,-122.4588499,24.2,79.4,0,0,0
243.70,137.6,85.5,7217,77.5,4,-31.4,0,0,6074.4,38.1649354,-122.4588129,24.2,79.4,0,0,0
243.80,137.3,85.3,7224,80.5,4,-28.7,0,0,6077.7,38.1649291,-122.4587756,22.8,74.8,0,0,0
243.90,137.6,85.5,7177,76.5,4,-24.7,0,0,6081.1,38.1649231,-122.4587376,22.8,74.8,0,0,0
244.00,137.3,85.3,7166,71.5,4,-20.9,0,0,6084.5,38.1649177,-122.4586989,22.8,74.8,0,0,0
244.10,137.0,85.1,7205,70.5,4,-17.7,0,0,6088.0,38.1649131,-122.4586597,22.8,74.8,0,0,0
244.20,137.7,85.6,7236,66.0,4,-13.9,0,0,6091.5,38.1649090,-122.4586202,22.8,74.8,0,0,0
244.30,137.6,85.5,7207,60.5,4,-8.3,0,0,6095.0,38.1649050,-122.4585804,22.8,74.8,0,0,0
244.40,137.9,85.7,7261,60.0,4,-1.4,0,0,6098.5,38.1649009,-122.4585402,22.8,74.8,0,0,0
244.50,138.9,86.3,7390,59.0,4,7.4,0,0,6102.1,38.1648967,-122.4584997,22.8,74.8,0,0,0
244.60,141.4,87.8,7506,59.0,4,15.8,0,0,6105.7,38.1648922,-122.4584589,22.8,74.8,0,0,0
244.70,143.5,89.1,7646,58.5,4,22.5,0,0,6109.3,38.1648877,-122.4584179,22.8,74.8,0,0,0
244.80,146.2,90.9,7776,55.5,4,28.0,0,0,6113.0,38.1648829,-122.4583767,21.3,69.9,0,0,0
244.90,148.5,92.3,7903,60.5,4,31.9,0,0,6116.6,38.1648776,-122.4583354,21.3,69.9,0,0,0
245.00,151.5,94.1,8033,64.5,4,34.3,0,0,6120.3,38.1648719,-122.4582944,21.3,69.9,0,0,0
245.10,153.7,95.5,8098,65.0,4,35.7,0,0,6123.9,38.1648656,-122.4582537,21.3,69.9,0,0,0
245.20,154.3,95.9,8161,66.5,4,36.5,0,0,6127.5,38.1648585,-122.4582129,21.3,69.9,0,0,0
245.30,155.9,96.8,8199,67.5,4,37.1,0,0,6131.2,38.1648502,-122.4581720,21.3,69.9,0,0,0
245.40,156.5,97.3,8217,68.5,4,37.8,0,0,6135.0,38.1648409,-122.4581310,21.3,69.9,0,0,0
245.50,157.2,97.7,8274,75.5,4,37.7,0,0,6138.7,38.1648309,-122.4580900,21.3,69.9,0,0,0
245.60,158.8,98.7,8369,79.5,4,37.4,0,0,6142.5,38.1648205,-122.4580490,21.3,69.9,0,0,0
245.70,160.7,99.8,8449,81.5,4,37.0,0,0,6146.3,38.1648093,-122.4580080,21.3,69.9,0,0,0
245.80,161.6,100.4,8497,82.0,4,36.6,0,0,6150.1,38.1647971,-122.4579671,20.0,65.6,0,0,0
245.90,161.8,100.5,8552,83.5,4,36.6,0,0,6153.9,38.1647843,-122.4579264,20.0,65.6,0,0,0
246.00,162.5,101.0,8646,85.0,4,36.3,0,0,6157.8,38.1647705,-122.4578860,20.0,65.6,0,0,0
246.10,164.8,102.4,8722,86.0,4,35.9,0,0,6161.7,38.1647559,-122.4578457,20.0,65.6,0,0,0
246.20,165.4,102.8,8727,87.0,4,35.3,0,0,6165.6,38.1647406,-122.4578053,20.0,65.6,0,0,0
246.30,166.7,103.6,8831,87.5,4,34.7,0,0,6169.5,38.1647248,-122.4577651,20.0,65.6,0,0,0
246.40,168.5,104.7,8908,87.5,4,34.4,0,0,6173.5,38.1647083,-122.4577249,20.0,65.6,0,0,0
246.50,169.0,105.0,8916,89.0,4,34.1,0,0,6177.5,38.1646909,-122.4576847,20.0,65.6,0,0,0
246.60,170.1,105.7,8980,92.0,4,33.5,0,0,6181.6,38.1646729,-122.4576443,20.0,65.6,0,0,0
246.70,170.6,106.0,9012,93.5,4,32.4,0,0,6185.6,38.1646546,-122.4576040,20.0,65.6,0,0,0
246.80,171.5,106.6,9083,94.0,4,31.3,0,0,6189.7,38.1646355,-122.4575637,20.0,65.6,0,0,0
246.90,172.8,107.4,9152,94.0,4,30.2,0,0,6193.9,38.1646156,-122.4575233,20.0,65.6,0,0,0
247.00,173.4,107.7,9149,94.0,4,29.2,0,0,6198.1,38.1645949,-122.4574831,20.0,65.6,0,0,0
247.10,174.4,108.3,9205,94.0,4,27.8,0,0,6202.3,38.1645740,-122.4574430,20.0,65.6,0,0,0
247.20,175.0,108.7,9206,94.0,4,25.9,0,0,6206.5,38.1645529,-122.4574030,20.0,65.6,0,0,0
247.30,174.8,108.6,9231,94.0,4,23.7,0,0,6210.8,38.1645313,-122.4573629,20.0,65.6,0,0,0
247.40,175.9,109.3,9274,94.0,4,21.6,0,0,6215.1,38.1645091,-122.4573227,20.0,65.6,0,0,0
247.50,177.0,110.0,9211,93.5,4,19.2,0,0,6219.4,38.1644864,-122.4572823,20.0,65.6,0,0,0
247.60,175.3,108.9,9226,93.0,4,16.9,0,0,6223.8,38.1644632,-122.4572420,20.0,65.6,0,0,0
247.70,175.2,108.8,9245,91.0,4,14.6,0,0,6228.2,38.1644397,-122.4572016,20.0,65.6,0,0,0
247.80,176.2,109.5,9274,91.0,4,13.2,0,0,6232.6,38.1644159,-122.4571609,19.5,64.0,0,0,0
247.90,176.1,109.4,9323,96.0,4,12.1,0,0,6237.1,38.1643916,-122.4571200,19.5,64.0,0,0,0
248.00,177.8,110.5,9393,96.5,4,10.4,0,0,6241.6,38.1643669,-122.4570790,19.5,64.0,0,0,0
248.10,178.7,111.0,9470,97.0,4,8.6,0,0,6246.1,38.1643419,-122.4570379,19.5,64.0,0,0,0
248.20,180.0,111.9,9527,97.5,4,7.3,0,0,6250.7,38.1643167,-122.4569966,19.5,64.0,0,0,0
248.30,181.3,112.7,9549,98.0,4,5.9,0,0,6255.3,38.1642912,-122.4569549,19.5,64.0,0,0,0
248.40,182.4,113.3,9628,96.0,4,4.9,0,0,6260.0,38.1642657,-122.4569130,19.5,64.0,0,0,0
248.50,183.6,114.1,9254,18.5,4,3.8,0,0,6264.6,38.1642399,-122.4568709,19.5,64.0,0,0,0
248.60,180.1,111.9,9340,0.0,4,3.5,0,0,6269.3,38.1642139,-122.4568288,19.5,64.0,0,0,0
248.70,178.4,110.8,9320,0.0,4,3.6,0,0,6274.0,38.1641878,-122.4567866,19.5,64.0,0,0,0
248.80,177.8,110.5,9271,0.0,4,2.1,0,0,6278.7,38.1641615,-122.4567448,16.9,55.4,0,0,0
248.90,177.3,110.2,9285,0.0,4,1.1,0,0,6283.3,38.1641355,-122.4567030,16.9,55.4,0,0,0
249.00,176.7,109.8,9228,0.0,4,0.3,0,0,6288.0,38.1641095,-122.4566614,16.9,55.4,0,0,0
249.10,175.9,109.3,9194,0.0,4,-0.2,0,0,6292.6,38.1640838,-122.4566201,16.9,55.4,0,0,0
249.20,175.3,108.9,9094,0.0,4,-0.4,0,0,6297.2,38.1640580,-122.4565791,16.9,55.4,0,0,0
249.30,173.2,107.7,8972,0.0,4,0.2,0,0,6301.8,38.1640323,-122.4565384,16.9,55.4,0,0,0
249.40,171.0,106.2,8884,0.0,4,0.4,0,0,6306.3,38.1640068,-122.4564981,16.9,55.4,0,0,0
249.50,169.4,105.2,8806,0.0,4,0.6,0,0,6310.8,38.1639813,-122.4564581,16.9,55.4,0,0,0
249.60,168.3,104.6,8676,0.0,4,1.2,0,0,6315.2,38.1639561,-122.4564184,16.9,55.4,0,0,0
249.70,165.7,103.0,8555,0.0,4,1.2,0,0,6319.6,38.1639313,-122.4563791,16.9,55.4,0,0,0
249.80,163.1,101.4,8397,0.0,4,1.2,0,0,6324.0,38.1639068,-122.4563404,14.4,47.2,0,0,0
249.90,160.4,99.7,8283,0.0,4,1.2,0,0,6328.3,38.1638824,-122.4563021,14.4,47.2,0,0,0
250.00,158.0,98.2,8148,0.0,4,1.4,0,0,6332.5,38.1638584,-122.4562644,14.4,47.2,0,0,0
250.10,155.5,96.6,8056,0.0,4,1.4,0,0,6336.7,38.1638348,-122.4562274,14.4,47.2,0,0,0
250.20,153.5,95.4,7935,0.0,4,1.0,0,0,6340.8,38.1638113,-122.4561911,14.4,47.2,0,0,0
250.30,151.5,94.1,7790,0.0,4,0.9,0,0,6344.9,38.1637881,-122.4561554,14.4,47.2,0,0,0
250.40,148.8,92.5,7924,0.0,4,0.7,0,0,6348.9,38.1637654,-122.4561201,14.4,47.2,0,0,0
250.50,148.1,92.0,9047,0.0,3,0.4,0,0,6352.8,38.1637431,-122.4560854,14.4,47.2,0,0,0
250.60,144.3,89.7,9020,0.0,3,0.6,0,0,6356.6,38.1637210,-122.4560511,14.4,47.2,0,0,0
250.70,143.7,89.3,8777,0.0,3,0.7,0,0,6360.5,38.1636991,-122.4560174,14.4,47.2,0,0,0
250.80,139.7,86.8,8669,0.0,3,0.6,0,0,6364.3,38.1636774,-122.4559841,13.1,43.0,0,0,0
250.90,138.1,85.8,8569,0.0,3,0.7,0,0,6368.0,38.1636561,-122.4559514,13.1,43.0,0,0,0
251.00,136.4,84.7,8409,0.0,3,0.7,0,0,6371.6,38.1636351,-122.4559191,13.1,43.0,0,0,0
251.10,133.6,83.0,8276,0.0,3,0.5,0,0,6375.2,38.1636144,-122.4558874,13.1,43.0,0,0,0
251.20,131.4,81.6,8161,0.0,3,-0.0,0,0,6378.8,38.1635941,-122.4558564,13.1,43.0,0,0,0
251.30,129.8,80.7,7952,0.0,3,-0.2,0,0,6382.2,38.1635740,-122.4558261,13.1,43.0,0,0,0
251.40,126.0,78.3,7634,0.0,3,-0.2,0,0,6385.7,38.1635541,-122.4557961,13.1,43.0,0,0,0
251.50,121.1,75.3,7437,0.0,3,-0.4,0,0,6389.0,38.1635344,-122.4557667,13.1,43.0,0,0,0
251.60,118.0,73.3,7341,0.0,3,-0.4,0,0,6392.3,38.1635154,-122.4557379,13.1,43.0,0,0,0
251.70,116.5,72.4,7321,0.0,3,-0.4,0,0,6395.5,38.1634968,-122.4557097,13.1,43.0,0,0,0
251.80,116.8,72.6,7188,0.0,3,-0.1,0,0,6398.7,38.1634784,-122.4556822,12.1,39.7,0,0,0
251.90,114.5,71.1,7033,0.0,3,0.3,0,0,6401.8,38.1634604,-122.4556554,12.1,39.7,0,0,0
252.00,112.0,69.6,6873,0.0,3,0.9,0,0,6404.8,38.1634428,-122.4556291,12.1,39.7,0,0,0
252.10,109.2,67.9,7764,0.0,3,1.6,0,0,6407.7,38.1634256,-122.4556034,12.1,39.7,0,0,0
252.20,98.1,61.0,8269,0.0,2,2.4,0,0,6410.6,38.1634088,-122.4555781,12.1,39.7,0,0,0
252.30,106.1,65.9,8087,0.0,2,3.1,0,0,6413.5,38.1633920,-122.4555534,12.1,39.7,0,0,0
252.40,103.3,64.2,7851,0.0,2,3.8,0,0,6416.3,38.1633754,-122.4555292,12.1,39.7,0,0,0
252.50,100.1,62.2,7710,0.0,2,4.6,0,0,6419.0,38.1633594,-122.4555057,12.1,39.7,0,0,0
252.60,98.3,61.1,7508,0.0,2,5.3,0,0,6421.6,38.1633440,-122.4554829,12.1,39.7,0,0,0
252.70,95.4,59.2,7373,0.0,2,5.9,0,0,6424.2,38.1633288,-122.4554607,12.1,39.7,0,0,0
252.80,93.6,58.2,7184,0.0,2,6.5,0,0,6426.8,38.1633136,-122.4554391,11.5,37.7,0,0,0
252.90,91.5,56.8,7049,0.0,2,7.2,0,0,6429.2,38.1632988,-122.4554181,11.5,37.7,0,0,0
253.00,89.6,55.7,6893,0.0,2,8.0,0,0,6431.6,38.1632842,-122.4553974,11.5,37.7,0,0,0
253.10,87.7,54.5,6738,0.0,2,9.0,0,0,6434.0,38.1632698,-122.4553774,11.5,37.7,0,0,0
253.20,85.6,53.2,6568,0.0,2,10.2,0,0,6436.3,38.1632556,-122.4553581,11.5,37.7,0,0,0
253.30,83.8,52.1,6435,0.0,2,11.6,0,0,6438.6,38.1632418,-122.4553394,11.5,37.7,0,0,0
253.40,81.7,50.8,6276,0.0,2,13.5,0,0,6440.8,38.1632283,-122.4553214,11.5,37.7,0,0,0
253.50,80.0,49.7,6168,0.0,2,15.0,0,0,6442.9,38.1632151,-122.4553038,11.5,37.7,0,0,0
253.60,78.2,48.6,6041,0.0,2,16.3,0,0,6445.0,38.1632020,-122.4552867,11.5,37.7,0,0,0
253.70,76.7,47.6,5907,0.0,2,17.7,0,0,6447.0,38.1631890,-122.4552705,11.5,37.7,0,0,0
253.80,74.9,46.6,5784,0.0,2,19.1,0,0,6449.0,38.1631761,-122.4552551,11.0,36.1,0,0,0
253.90,73.5,45.7,5615,0.0,2,20.2,0,0,6450.9,38.1631633,-122.4552401,11.0,36.1,0,0,0
254.00,71.5,44.4,5482,0.0,2,21.5,0,0,6452.8,38.1631508,-122.4552257,11.0,36.1,0,0,0
254.10,69.6,43.3,5398,0.0,2,23.0,0,0,6454.6,38.1631383,-122.4552121,11.0,36.1,0,0,0
254.20,68.5,42.6,5291,0.0,2,24.4,0,0,6456.4,38.1631260,-122.4551991,11.0,36.1,0,0,0
254.30,67.3,41.8,5240,0.0,2,26.3,0,0,6458.1,38.1631137,-122.4551867,11.0,36.1,0,0,0
254.40,66.2,41.1,5129,0.0,2,28.5,0,0,6459.8,38.1631013,-122.4551751,11.0,36.1,0,0,0
254.50,65.2,40.5,5038,0.0,2,30.3,0,0,6461.5,38.1630890,-122.4551641,11.0,36.1,0,0,0
254.60,64.0,39.8,4972,0.0,2,31.8,0,0,6463.1,38.1630767,-122.4551537,11.0,36.1,0,0,0
254.70,63.1,39.2,4918,0.0,2,32.7,0,0,6464.8,38.1630643,-122.4551442,11.0,36.1,0,0,0
254.80,62.7,38.9,4885,0.0,2,33.7,0,0,6466.3,38.1630520,-122.4551354,10.5,34.4,0,0,0
254.90,61.8,38.4,4823,0.0,2,34.3,0,0,6467.9,38.1630397,-122.4551274,10.5,34.4,0,0,0
255.00,61.2,38.0,4780,0.0,2,34.4,0,0,6469.4,38.1630272,-122.4551201,10.5,34.4,0,0,0
255.10,60.3,37.5,4750,0.0,2,34.3,0,0,6470.9,38.1630148,-122.4551134,10.5,34.4,0,0,0
255.20,60.2,37.4,4749,9.5,2,34.2,0,0,6472.4,38.1630022,-122.4551075,10.5,34.4,0,0,0
255.30,60.1,37.4,4796,10.0,2,34.4,0,0,6473.8,38.1629897,-122.4551024,10.5,34.4,0,0,0
255.40,60.2,37.4,4551,6.5,2,34.6,0,0,6475.3,38.1629769,-122.4550978,10.5,34.4,0,0,0
255.50,59.0,36.7,4695,8.0,2,34.2,0,0,6476.8,38.1629639,-122.4550937,10.5,34.4,0,0,0
255.60,59.5,36.9,4604,8.5,2,33.8,0,0,6478.3,38.1629507,-122.4550905,10.5,34.4,0,0,0
255.70,58.7,36.5,4655,10.0,2,32.8,0,0,6479.8,38.1629374,-122.4550884,10.5,34.4,0,0,0
255.80,58.5,36.3,4550,10.0,2,31.6,0,0,6481.3,38.1629243,-122.4550871,10.1,33.1,0,0,0
255.90,57.6,35.8,4505,8.5,2,29.1,0,0,6482.7,38.1629113,-122.4550864,10.1,33.1,0,0,0
256.00,57.0,35.4,4327,7.0,2,24.8,0,0,6484.2,38.1628979,-122.4550862,10.1,33.1,0,0,0
256.10,55.7,34.6,4269,7.0,2,19.0,0,0,6485.7,38.1628844,-122.4550867,10.1,33.1,0,0,0
256.20,54.3,33.7,4187,8.5,2,13.1,0,0,6487.1,38.1628714,-122.4550881,10.1,33.1,0,0,0
256.30,53.2,33.1,4341,16.0,2,7.3,0,0,6488.6,38.1628588,-122.4550900,10.1,33.1,0,0,0
256.40,53.4,33.2,4387,15.0,2,2.6,0,0,6490.0,38.1628462,-122.4550920,10.1,33.1,0,0,0
256.50,54.5,33.8,4275,21.0,2,-2.3,0,0,6491.4,38.1628338,-122.4550940,10.1,33.1,0,0,0
256.60,54.0,33.6,4211,21.5,2,-7.4,0,0,6492.8,38.1628212,-122.4550959,10.1,33.1,0,0,0
256.70,54.2,33.7,4359,18.0,2,-14.3,0,0,6494.2,38.1628087,-122.4550977,10.1,33.1,0,0,0
256.80,55.4,34.4,4508,24.5,2,-20.7,0,0,6495.6,38.1627959,-122.4550992,10.8,35.4,0,0,0
256.90,57.7,35.8,4622,27.5,2,-25.8,0,0,6497.0,38.1627830,-122.4551006,10.8,35.4,0,0,0
257.00,58.9,36.6,4687,23.5,2,-29.6,0,0,6498.5,38.1627700,-122.4551015,10.8,35.4,0,0,0
257.10,59.4,36.9,4766,25.5,2,-32.0,0,0,6499.9,38.1627570,-122.4551016,10.8,35.4,0,0,0
257.20,60.4,37.6,4810,24.0,2,-33.5,0,0,6501.4,38.1627440,-122.4551009,10.8,35.4,0,0,0
257.30,60.8,37.8,4816,22.5,2,-34.7,0,0,6502.8,38.1627310,-122.4550996,10.8,35.4,0,0,0
257.40,61.2,38.0,4906,22.5,2,-36.1,0,0,6504.3,38.1627180,-122.4550975,10.8,35.4,0,0,0
257.50,62.0,38.5,4955,23.0,2,-37.4,0,0,6505.8,38.1627049,-122.4550946,10.8,35.4,0,0,0
257.60,62.4,38.8,4981,26.0,2,-38.2,0,0,6507.3,38.1626918,-122.4550909,10.8,35.4,0,0,0
257.70,63.7,39.6,5052,26.0,2,-38.9,0,0,6508.8,38.1626786,-122.4550865,10.8,35.4,0,0,0
257.80,64.7,40.2,5086,30.5,2,-39.3,0,0,6510.3,38.1626658,-122.4550812,10.5,34.4,0,0,0
257.90,64.7,40.2,5124,29.5,2,-39.6,0,0,6511.8,38.1626533,-122.4550748,10.5,34.4,0,0,0
258.00,65.2,40.5,5191,29.5,2,-39.7,0,0,6513.3,38.1626411,-122.4550676,10.5,34.4,0,0,0
258.10,66.4,41.3,5245,35.5,2,-39.4,0,0,6514.8,38.1626290,-122.4550598,10.5,34.4,0,0,0
258.20,66.6,41.4,5305,36.0,2,-39.5,0,0,6516.3,38.1626170,-122.4550510,10.5,34.4,0,0,0
258.30,67.1,41.7,5409,40.5,2,-39.1,0,0,6517.9,38.1626051,-122.4550411,10.5,34.4,0,0,0
258.40,69.2,43.0,5489,41.0,2,-38.8,0,0,6519.5,38.1625934,-122.4550303,10.5,34.4,0,0,0
258.50,69.4,43.1,5561,41.0,2,-38.7,0,0,6521.1,38.1625821,-122.4550185,10.5,34.4,0,0,0
258.60,70.9,44.0,5634,42.5,2,-38.5,0,0,6522.8,38.1625710,-122.4550059,10.5,34.4,0,0,0
258.70,71.9,44.7,5752,47.5,2,-38.3,0,0,6524.5,38.1625601,-122.4549925,10.5,34.4,0,0,0
258.80,72.9,45.3,5928,56.0,2,-38.3,0,0,6526.2,38.1625493,-122.4549782,10.2,33.5,0,0,0
258.90,75.4,46.9,6009,56.5,2,-38.3,0,0,6528.0,38.1625388,-122.4549628,10.2,33.5,0,0,0
259.00,76.7,47.6,6125,56.5,2,-38.0,0,0,6529.8,38.1625286,-122.4549466,10.2,33.5,0,0,0
259.10,77.9,48.4,6289,62.0,2,-37.1,0,0,6531.6,38.1625188,-122.4549295,10.2,33.5,0,0,0
259.20,79.6,49.5,6469,65.5,2,-36.0,0,0,6533.5,38.1625094,-122.4549115,10.2,33.5,0,0,0
259.30,82.4,51.2,6626,68.0,2,-35.4,0,0,6535.5,38.1625004,-122.4548926,10.2,33.5,0,0,0
259.40,83.9,52.1,6734,69.5,2,-34.8,0,0,6537.4,38.1624918,-122.4548728,10.2,33.5,0,0,0
259.50,85.6,53.2,6890,69.5,2,-34.2,0,0,6539.5,38.1624834,-122.4548523,10.2,33.5,0,0,0
259.60,87.2,54.2,7010,69.5,2,-33.5,0,0,6541.5,38.1624754,-122.4548308,10.2,33.5,0,0,0
259.70,89.0,55.3,7170,69.5,2,-32.6,0,0,6543.6,38.1624681,-122.4548086,10.2,33.5,0,0,0
259.80,91.1,56.6,7292,68.5,2,-31.8,0,0,6545.8,38.1624610,-122.4547858,10.0,32.8,0,0,0
259.90,92.8,57.7,7377,65.0,2,-30.8,0,0,6548.0,38.1624541,-122.4547623,10.0,32.8,0,0,0
260.00,93.7,58.2,7443,60.5,2,-29.7,0,0,6550.3,38.1624474,-122.4547378,10.0,32.8,0,0,0
260.10,94.6,58.8,7536,59.0,2,-28.4,0,0,6552.6,38.1624411,-122.4547126,10.0,32.8,0,0,0
260.20,96.1,59.7,7595,57.5,2,-27.4,0,0,6554.9,38.1624354,-122.4546869,10.0,32.8,0,0,0
260.30,97.1,60.4,7687,57.5,2,-25.8,0,0,6557.3,38.1624301,-122.4546606,10.0,32.8,0,0,0
260.40,97.4,60.5,7677,56.0,2,-23.0,0,0,6559.7,38.1624251,-122.4546339,10.0,32.8,0,0,0
260.50,97.8,60.8,7746,56.0,2,-20.8,0,0,6562.1,38.1624204,-122.4546066,10.0,32.8,0,0,0
260.60,98.6,61.3,7829,56.0,2,-18.2,0,0,6564.6,38.1624161,-122.4545786,10.0,32.8,0,0,0
260.70,100.4,62.4,8011,56.0,2,-16.3,0,0,6567.1,38.1624121,-122.4545502,10.0,32.8,0,0,0
260.80,101.7,63.2,8056,56.0,2,-14.3,0,0,6569.7,38.1624083,-122.4545214,9.8,32.2,0,0,0
260.90,102.3,63.6,8067,56.0,2,-9.8,0,0,6572.3,38.1624047,-122.4544922,9.8,32.2,0,0,0
261.00,103.0,64.0,8168,56.0,2,-4.1,0,0,6574.9,38.1624010,-122.4544626,9.8,32.2,0,0,0
261.10,103.5,64.3,8256,57.5,2,1.0,0,0,6577.5,38.1623973,-122.4544326,9.8,32.2,0,0,0
261.20,105.3,65.4,8444,61.5,2,3.9,0,0,6580.3,38.1623936,-122.4544019,9.8,32.2,0,0,0
261.30,107.3,66.7,8567,64.5,2,6.0,0,0,6583.0,38.1623896,-122.4543709,9.8,32.2,0,0,0
261.40,109.0,67.7,8729,64.5,2,7.6,0,0,6585.8,38.1623853,-122.4543396,9.8,32.2,0,0,0
261.50,110.8,68.8,8855,64.5,2,9.8,0,0,6588.6,38.1623810,-122.4543079,9.8,32.2,0,0,0
261.60,112.5,69.9,9020,64.5,2,11.6,0,0,6591.4,38.1623766,-122.4542759,9.8,32.2,0,0,0
261.70,114.9,71.4,9161,61.5,2,13.7,0,0,6594.3,38.1623719,-122.4542436,9.8,32.2,0,0,0
261.80,116.3,72.3,9280,60.5,2,16.2,0,0,6597.2,38.1623666,-122.4542109,9.3,30.5,0,0,0
261.90,118.5,73.6,8056,60.5,2,18.7,0,0,6600.2,38.1623610,-122.4541779,9.3,30.5,0,0,0
262.00,124.0,77.1,7630,59.0,3,21.2,0,0,6603.2,38.1623552,-122.4541447,9.3,30.5,0,0,0
262.10,121.1,75.2,7699,59.0,3,23.5,0,0,6606.2,38.1623493,-122.4541112,9.3,30.5,0,0,0
262.20,123.3,76.6,7829,56.0,3,25.7,0,0,6609.2,38.1623429,-122.4540777,9.3,30.5,0,0,0
262.30,124.2,77.2,7846,48.5,3,27.2,0,0,6612.2,38.1623359,-122.4540439,9.3,30.5,0,0,0
262.40,124.8,77.5,7912,46.5,3,28.5,0,0,6615.3,38.1623286,-122.4540101,9.3,30.5,0,0,0
262.50,126.2,78.4,8035,47.0,3,29.8,0,0,6618.4,38.1623209,-122.4539763,9.3,30.5,0,0,0
262.60,127.4,79.1,8124,54.5,3,31.5,0,0,6621.4,38.1623126,-122.4539428,9.3,30.5,0,0,0
262.70,129.0,80.1,8177,56.0,3,32.4,0,0,6624.5,38.1623039,-122.4539092,9.3,30.5,0,0,0
262.80,130.4,81.0,8265,58.5,3,32.6,0,0,6627.6,38.1622946,-122.4538758,8.7,28.5,0,0,0
262.90,132.0,82.0,8355,59.0,3,32.6,0,0,6630.8,38.1622846,-122.4538422,8.7,28.5,0,0,0
263.00,132.6,82.4,8401,59.0,3,32.7,0,0,6633.9,38.1622739,-122.4538088,8.7,28.5,0,0,0
263.10,133.7,83.1,8473,58.5,3,33.5,0,0,6637.1,38.1622626,-122.4537752,8.7,28.5,0,0,0
263.20,135.5,84.2,8559,58.5,3,34.1,0,0,6640.3,38.1622506,-122.4537418,8.7,28.5,0,0,0
263.30,136.2,84.7,8666,58.5,3,34.9,0,0,6643.6,38.1622379,-122.4537083,8.7,28.5,0,0,0
263.40,137.3,85.3,8744,58.5,3,35.8,0,0,6646.8,38.1622246,-122.4536751,8.7,28.5,0,0,0
263.50,138.8,86.2,8734,59.0,3,36.4,0,0,6650.1,38.1622106,-122.4536420,8.7,28.5,0,0,0
263.60,139.3,86.6,8866,60.0,3,36.5,0,0,6653.4,38.1621959,-122.4536091,8.7,28.5,0,0,0
263.70,141.4,87.9,8937,59.0,3,36.6,0,0,6656.8,38.1621806,-122.4535764,8.7,28.5,0,0,0
263.80,142.8,88.7,8929,51.0,3,37.2,0,0,6660.1,38.1621646,-122.4535441,8.1,26.6,0,0,0
263.90,141.9,88.2,8908,51.5,3,37.8,0,0,6663.5,38.1621479,-122.4535121,8.1,26.6,0,0,0
264.00,141.8,88.1,9012,55.0,3,38.2,0,0,6666.8,38.1621306,-122.4534804,8.1,26.6,0,0,0
264.10,142.9,88.8,9147,57.0,3,38.8,0,0,6670.2,38.1621125,-122.4534491,8.1,26.6,0,0,0
264.20,144.8,90.0,9108,56.5,3,39.5,0,0,6673.7,38.1620936,-122.4534181,8.1,26.6,0,0,0
264.30,145.3,90.3,9108,56.5,3,39.6,0,0,6677.1,38.1620742,-122.4533874,8.1,26.6,0,0,0
264.40,145.5,90.4,9149,57.0,3,39.3,0,0,6680.5,38.1620543,-122.4533574,8.1,26.6,0,0,0
264.50,145.8,90.6,9260,57.0,3,39.3,0,0,6684.0,38.1620335,-122.4533281,8.1,26.6,0,0,0
264.60,147.6,91.7,9297,56.0,3,39.3,0,0,6687.5,38.1620119,-122.4532994,8.1,26.6,0,0,0
264.70,148.4,92.2,9311,56.0,3,39.4,0,0,6691.0,38.1619896,-122.4532711,8.1,26.6,0,0,0
264.80,148.6,92.4,9355,55.5,3,39.3,0,0,6694.5,38.1619669,-122.4532434,7.9,25.9,0,0,0
264.90,149.2,92.7,9358,52.5,3,39.2,0,0,6698.0,38.1619436,-122.4532161,7.9,25.9,0,0,0
265.00,149.1,92.6,9358,52.0,3,39.2,0,0,6701.5,38.1619199,-122.4531894,7.9,25.9,0,0,0
265.10,148.6,92.3,9402,56.0,3,39.1,0,0,6705.0,38.1618956,-122.4531634,7.9,25.9,0,0,0
265.20,150.0,93.2,9500,61.5,3,38.6,0,0,6708.6,38.1618709,-122.4531381,7.9,25.9,0,0,0
265.30,151.3,94.0,9515,63.0,3,37.6,0,0,6712.1,38.1618456,-122.4531134,7.9,25.9,0,0,0
265.40,151.8,94.3,9588,63.0,3,37.0,0,0,6715.7,38.1618196,-122.4530891,7.9,25.9,0,0,0
265.50,152.8,94.9,9653,61.5,3,37.0,0,0,6719.3,38.1617929,-122.4530654,7.9,25.9,0,0,0
265.60,153.8,95.6,9604,57.5,3,36.9,0,0,6722.9,38.1617659,-122.4530424,7.9,25.9,0,0,0
265.70,152.5,94.8,9619,57.5,3,36.4,0,0,6726.5,38.1617386,-122.4530198,7.9,25.9,0,0,0
265.80,152.6,94.8,9576,56.5,3,35.5,0,0,6730.2,38.1617109,-122.4529977,7.8,25.6,0,0,0
265.90,153.1,95.1,9625,57.5,3,34.7,0,0,6733.8,38.1616826,-122.4529762,7.8,25.6,0,0,0
266.00,153.5,95.4,9681,58.0,3,34.1,0,0,6737.5,38.1616539,-122.4529554,7.8,25.6,0,0,0
266.10,153.7,95.5,9690,59.0,3,33.2,0,0,6741.2,38.1616246,-122.4529351,7.8,25.6,0,0,0
266.20,154.5,96.0,9668,58.0,3,32.2,0,0,6745.0,38.1615949,-122.4529154,7.8,25.6,0,0,0
266.30,154.0,95.7,9616,55.0,3,31.1,0,0,6748.7,38.1615650,-122.4528964,7.8,25.6,0,0,0
266.40,153.3,95.3,9506,48.0,3,29.6,0,0,6752.4,38.1615349,-122.4528781,7.8,25.6,0,0,0
266.50,151.9,94.4,8796,0.0,3,27.8,0,0,6756.1,38.1615043,-122.4528604,7.8,25.6,0,0,0
266.60,147.9,91.9,9080,0.0,3,25.3,0,0,6759.9,38.1614732,-122.4528434,7.8,25.6,0,0,0
266.70,144.6,89.9,8993,0.0,3,22.6,0,0,6763.6,38.1614421,-122.4528271,7.8,25.6,0,0,0
266.80,142.6,88.6,8900,0.0,3,20.4,0,0,6767.4,38.1614109,-122.4528111,7.7,25.3,0,0,0
266.90,141.4,87.9,8811,0.0,3,18.6,0,0,6771.1,38.1613797,-122.4527954,7.7,25.3,0,0,0
267.00,140.8,87.5,8787,0.0,3,17.3,0,0,6774.8,38.1613484,-122.4527801,7.7,25.3,0,0,0
267.10,139.6,86.7,8676,0.0,3,16.1,0,0,6778.5,38.1613174,-122.4527651,7.7,25.3,0,0,0
267.20,137.8,85.6,8562,0.0,3,15.0,0,0,6782.2,38.1612868,-122.4527504,7.7,25.3,0,0,0
267.30,136.2,84.6,8430,0.0,3,13.8,0,0,6785.8,38.1612563,-122.4527361,7.7,25.3,0,0,0
267.40,134.1,83.3,8301,0.0,3,12.4,0,0,6789.3,38.1612261,-122.4527221,7.7,25.3,0,0,0
267.50,131.8,81.9,8141,0.0,3,10.5,0,0,6792.9,38.1611961,-122.4527084,7.7,25.3,0,0,0
267.60,129.0,80.1,7935,0.0,3,8.8,0,0,6796.4,38.1611664,-122.4526954,7.7,25.3,0,0,0
267.70,126.3,78.5,7758,0.0,3,7.6,0,0,6799.8,38.1611371,-122.4526828,7.7,25.3,0,0,0
267.80,123.5,76.7,7591,0.0,3,6.2,0,0,6803.2,38.1611081,-122.4526704,7.7,25.3,0,0,0
267.90,120.8,75.1,7459,0.0,3,4.7,0,0,6806.5,38.1610797,-122.4526584,7.7,25.3,0,0,0
268.00,118.5,73.6,7319,0.0,3,3.7,0,0,6809.8,38.1610522,-122.4526468,7.7,25.3,0,0,0
268.10,116.4,72.3,7136,0.0,3,3.1,0,0,6812.9,38.1610254,-122.4526353,7.7,25.3,0,0,0
268.20,113.7,70.6,7099,0.0,3,2.7,0,0,6816.0,38.1609991,-122.4526241,7.7,25.3,0,0,0
268.30,113.1,70.3,6977,0.0,3,2.5,0,0,6819.0,38.1609731,-122.4526133,7.7,25.3,0,0,0
268.40,110.3,68.5,7298,0.0,3,2.1,0,0,6822.0,38.1609474,-122.4526028,7.7,25.3,0,0,0
268.50,106.3,66.1,8423,0.0,2,1.6,0,0,6825.0,38.1609221,-122.4525926,7.7,25.3,0,0,0
268.60,106.4,66.1,8246,0.0,2,1.8,0,0,6827.9,38.1608974,-122.4525828,7.7,25.3,0,0,0
268.70,105.2,65.4,8039,0.0,2,2.3,0,0,6830.7,38.1608731,-122.4525730,7.7,25.3,0,0,0
268.80,102.0,63.4,7903,0.0,2,2.4,0,0,6833.5,38.1608494,-122.4525634,7.6,24.9,0,0,0
268.90,100.1,62.2,7738,0.0,2,2.3,0,0,6836.2,38.1608261,-122.4525541,7.6,24.9,0,0,0
269.00,98.6,61.2,7618,0.0,2,2.3,0,0,6838.9,38.1608031,-122.4525450,7.6,24.9,0,0,0
269.10,96.7,60.1,7476,0.0,2,2.2,0,0,6841.5,38.1607804,-122.4525361,7.6,24.9,0,0,0
269.20,95.0,59.0,7368,0.0,2,2.3,0,0,6844.1,38.1607581,-122.4525273,7.6,24.9,0,0,0
269.30,93.5,58.1,7325,0.0,2,2.5,0,0,6846.6,38.1607364,-122.4525188,7.6,24.9,0,0,0
269.40,93.1,57.9,8842,0.0,0,2.5,0,0,6849.1,38.1607151,-122.4525102,7.6,24.9,0,0,0
269.50,85.8,53.3,9506,0.0,1,2.5,0,0,6851.5,38.1606943,-122.4525018,7.6,24.9,0,0,0
269.60,89.6,55.7,8754,0.0,1,2.6,0,0,6853.9,38.1606738,-122.4524934,7.6,24.9,0,0,0
269.70,86.7,53.9,8816,0.0,1,2.9,0,0,6856.3,38.1606534,-122.4524854,7.6,24.9,0,0,0
269.80,85.1,52.9,8586,0.0,1,2.9,0,0,6858.6,38.1606334,-122.4524778,7.4,24.3,0,0,0
269.90,82.9,51.5,8411,0.0,1,3.2,0,0,6860.9,38.1606141,-122.4524703,7.4,24.3,0,0,0
270.00,81.2,50.4,8213,0.0,1,3.1,0,0,6863.1,38.1605951,-122.4524631,7.4,24.3,0,0,0
270.10,79.3,49.3,8069,0.0,1,3.6,0,0,6865.3,38.1605764,-122.4524561,7.4,24.3,0,0,0
270.20,77.8,48.4,7880,0.0,1,4.1,0,0,6867.4,38.1605581,-122.4524493,7.4,24.3,0,0,0
270.30,76.4,47.5,7740,0.0,1,4.3,0,0,6869.4,38.1605403,-122.4524428,7.4,24.3,0,0,0
270.40,74.6,46.4,7589,0.0,1,4.3,0,0,6871.5,38.1605228,-122.4524363,7.4,24.3,0,0,0
270.50,73.4,45.6,7472,0.0,1,4.6,0,0,6873.5,38.1605054,-122.4524301,7.4,24.3,0,0,0
270.60,72.1,44.8,7368,0.0,1,4.6,0,0,6875.4,38.1604884,-122.4524241,7.4,24.3,0,0,0
270.70,71.3,44.3,7207,0.0,1,3.5,0,0,6877.3,38.1604718,-122.4524183,7.4,24.3,0,0,0
270.80,69.8,43.3,7046,0.0,1,1.8,0,0,6879.2,38.1604553,-122.4524128,7.6,24.9,0,0,0
270.90,68.0,42.2,6903,0.0,1,1.2,0,0,6881.1,38.1604391,-122.4524073,7.6,24.9,0,0,0
271.00,66.5,41.3,6781,0.0,1,2.6,0,0,6882.9,38.1604233,-122.4524021,7.6,24.9,0,0,0
271.10,65.3,40.6,6701,0.0,1,4.8,0,0,6884.7,38.1604078,-122.4523971,7.6,24.9,0,0,0
271.20,64.6,40.1,6558,0.0,1,6.9,0,0,6886.5,38.1603924,-122.4523923,7.6,24.9,0,0,0
271.30,63.3,39.4,6424,0.0,1,9.9,0,0,6888.2,38.1603774,-122.4523878,7.6,24.9,0,0,0
271.40,62.1,38.6,6356,0.0,1,13.0,0,0,6889.8,38.1603631,-122.4523834,7.6,24.9,0,0,0
271.50,61.2,38.0,6291,0.0,1,16.0,0,0,6891.4,38.1603490,-122.4523794,7.6,24.9,0,0,0
271.60,60.6,37.6,6236,0.0,1,18.8,0,0,6893.0,38.1603350,-122.4523758,7.6,24.9,0,0,0
271.70,60.2,37.4,6213,0.0,1,21.1,0,0,6894.6,38.1603211,-122.4523723,7.6,24.9,0,0,0
271.80,60.0,37.3,6156,0.0,1,22.8,0,0,6896.1,38.1603074,-122.4523691,7.6,24.9,0,0,0
271.90,59.5,36.9,6081,0.0,1,24.3,0,0,6897.6,38.1602940,-122.4523664,7.6,24.9,0,0,0
272.00,58.7,36.5,6057,0.0,1,25.6,0,0,6899.1,38.1602807,-122.4523641,7.6,24.9,0,0,0
272.10,58.2,36.2,5996,0.0,1,26.7,0,0,6900.6,38.1602673,-122.4523624,7.6,24.9,0,0,0
272.20,57.9,36.0,5914,0.0,1,27.7,0,0,6902.1,38.1602541,-122.4523614,7.6,24.9,0,0,0
272.30,57.5,35.7,5867,0.0,1,28.2,0,0,6903.5,38.1602410,-122.4523608,7.6,24.9,0,0,0
272.40,56.7,35.2,5812,0.0,1,28.8,0,0,6905.0,38.1602281,-122.4523607,7.6,24.9,0,0,0
272.50,55.8,34.7,5726,0.0,1,29.6,0,0,6906.4,38.1602153,-122.4523612,7.6,24.9,0,0,0
272.60,55.4,34.4,5670,0.0,1,30.5,0,0,6907.8,38.1602028,-122.4523624,7.6,24.9,0,0,0
272.70,54.6,33.9,5608,0.0,1,31.6,0,0,6909.2,38.1601903,-122.4523641,7.6,24.9,0,0,0
272.80,54.0,33.6,5548,0.0,1,32.6,0,0,6910.6,38.1601781,-122.4523664,7.5,24.6,0,0,0
272.90,53.5,33.2,5447,0.0,1,33.8,0,0,6911.9,38.1601664,-122.4523694,7.5,24.6,0,0,0
273.00,52.8,32.8,5399,0.0,1,35.0,0,0,6913.2,38.1601551,-122.4523731,7.5,24.6,0,0,0
273.10,52.0,32.3,5387,0.0,1,36.3,0,0,6914.5,38.1601442,-122.4523771,7.5,24.6,0,0,0
273.20,51.7,32.1,5286,0.0,1,37.3,0,0,6915.7,38.1601340,-122.4523817,7.5,24.6,0,0,0
273.30,51.0,31.7,5193,0.0,1,38.5,0,0,6916.8,38.1601248,-122.4523872,7.5,24.6,0,0,0
273.40,50.3,31.2,5175,0.0,1,39.6,0,0,6917.9,38.1601159,-122.4523934,7.5,24.6,0,0,0
273.50,49.5,30.8,5090,0.0,1,40.3,0,0,6919.1,38.1601071,-122.4524001,7.5,24.6,0,0,0
273.60,48.6,30.2,4942,0.0,1,40.6,0,0,6920.2,38.1600984,-122.4524074,7.5,24.6,0,0,0
273.70,47.8,29.7,4916,0.0,1,41.0,0,0,6921.4,38.1600901,-122.4524151,7.5,24.6,0,0,0
273.80,47.2,29.4,4756,0.0,1,41.0,0,0,6922.5,38.1600824,-122.4524234,8.1,26.6,0,0,0
273.90,45.8,28.5,4761,7.0,1,41.9,0,0,6923.6,38.1600751,-122.4524324,8.1,26.6,0,0,0
274.00,46.1,28.6,4689,7.5,1,42.5,0,0,6924.7,38.1600684,-122.4524418,8.1,26.6,0,0,0
274.10,45.6,28.3,4678,10.0,1,42.6,0,0,6925.8,38.1600625,-122.4524517,8.1,26.6,0,0,0
274.20,45.1,28.0,4883,14.0,1,42.6,0,0,6926.9,38.1600574,-122.4524621,8.1,26.6,0,0,0
274.30,45.1,28.1,5149,24.0,1,42.6,0,0,6927.9,38.1600531,-122.4524730,8.1,26.6,0,0,0
274.40,48.3,30.0,4947,29.5,1,42.6,0,0,6929.0,38.1600494,-122.4524841,8.1,26.6,0,0,0
274.50,47.8,29.7,4939,33.0,1,42.7,0,0,6930.1,38.1600461,-122.4524954,8.1,26.6,0,0,0
274.60,48.0,29.8,5079,36.0,1,42.7,0,0,6931.1,38.1600434,-122.4525071,8.1,26.6,0,0,0
274.70,48.9,30.4,5242,43.0,1,42.5,0,0,6932.2,38.1600414,-122.4525194,8.1,26.6,0,0,0
274.80,50.6,31.4,5439,48.5,1,42.3,0,0,6933.3,38.1600401,-122.4525321,8.6,28.2,0,0,0
274.90,53.2,33.1,5612,48.5,1,42.0,0,0,6934.5,38.1600395,-122.4525451,8.6,28.2,0,0,0
275.00,53.9,33.5,5742,48.5,1,41.3,0,0,6935.6,38.1600398,-122.4525584,8.6,28.2,0,0,0
275.10,55.5,34.5,5882,50.0,1,40.0,0,0,6936.9,38.1600412,-122.4525721,8.6,28.2,0,0,0
275.20,57.1,35.5,6060,51.5,1,38.6,0,0,6938.1,38.1600437,-122.4525864,8.6,28.2,0,0,0
275.30,58.9,36.6,6261,56.0,1,37.1,0,0,6939.5,38.1600472,-122.4526010,8.6,28.2,0,0,0
275.40,60.3,37.5,6450,60.0,1,35.8,0,0,6940.8,38.1600514,-122.4526158,8.6,28.2,0,0,0
275.50,62.9,39.1,6649,60.5,1,34.7,0,0,6942.2,38.1600561,-122.4526306,8.6,28.2,0,0,0
275.60,64.2,39.9,6843,60.5,1,33.8,0,0,6943.7,38.1600614,-122.4526458,8.6,28.2,0,0,0
275.70,66.0,41.0,7039,60.5,1,33.0,0,0,6945.2,38.1600674,-122.4526610,8.6,28.2,0,0,0
275.80,68.0,42.2,7184,61.0,1,32.0,0,0,6946.7,38.1600741,-122.4526764,8.5,27.9,0,0,0
275.90,69.3,43.1,7362,64.0,1,30.8,0,0,6948.3,38.1600814,-122.4526921,8.5,27.9,0,0,0
276.00,71.1,44.2,7555,64.5,1,29.4,0,0,6950.0,38.1600894,-122.4527080,8.5,27.9,0,0,0
276.10,73.4,45.6,7768,64.5,1,28.0,0,0,6951.7,38.1600981,-122.4527240,8.5,27.9,0,0,0
276.20,75.0,46.6,7893,65.5,1,26.1,0,0,6953.4,38.1601074,-122.4527400,8.5,27.9,0,0,0
276.30,76.8,47.7,8124,66.5,1,24.2,0,0,6955.2,38.1601174,-122.4527561,8.5,27.9,0,0,0
276.40,78.9,49.1,8258,67.0,1,22.0,0,0,6957.0,38.1601278,-122.4527724,8.5,27.9,0,0,0
276.50,79.9,49.7,8381,67.0,1,19.8,0,0,6958.9,38.1601387,-122.4527891,8.5,27.9,0,0,0
276.60,81.1,50.4,8602,67.0,1,17.6,0,0,6960.9,38.1601502,-122.4528061,8.5,27.9,0,0,0
276.70,83.3,51.7,8793,67.0,1,15.7,0,0,6962.9,38.1601624,-122.4528233,8.5,27.9,0,0,0
276.80,84.9,52.8,8983,67.0,1,14.1,0,0,6965.0,38.1601752,-122.4528408,8.6,28.2,0,0,0
276.90,86.6,53.8,9172,67.5,1,12.9,0,0,6967.2,38.1601888,-122.4528583,8.6,28.2,0,0,0
277.00,88.9,55.2,9417,67.5,1,11.8,0,0,6969.4,38.1602034,-122.4528761,8.6,28.2,0,0,0
277.10,90.8,56.4,9497,67.5,1,10.8,0,0,6971.7,38.1602187,-122.4528944,8.6,28.2,0,0,0
277.20,92.0,57.2,9779,68.0,1,9.7,0,0,6974.1,38.1602340,-122.4529131,8.6,28.2,0,0,0
277.30,94.0,58.4,8855,68.5,1,8.3,0,0,6976.5,38.1602494,-122.4529320,8.6,28.2,0,0,0
277.40,92.6,57.5,7387,69.5,2,6.8,0,0,6978.9,38.1602651,-122.4529510,8.6,28.2,0,0,0
277.50,94.9,59.0,7573,73.0,2,5.2,0,0,6981.3,38.1602813,-122.4529701,8.6,28.2,0,0,0
277.60,97.6,60.6,7799,75.5,2,3.7,0,0,6983.8,38.1602978,-122.4529893,8.6,28.2,0,0,0
277.70,99.4,61.8,7952,80.0,2,2.1,0,0,6986.3,38.1603144,-122.4530088,8.6,28.2,0,0,0
277.80,101.1,62.8,8111,82.0,2,0.5,0,0,6988.9,38.1603314,-122.4530284,9.4,30.8,0,0,0
277.90,102.9,63.9,8290,83.0,2,-0.9,0,0,6991.5,38.1603491,-122.4530484,9.4,30.8,0,0,0
278.00,104.5,64.9,8451,84.5,2,-2.2,0,0,6994.2,38.1603670,-122.4530688,9.4,30.8,0,0,0
278.10,107.0,66.5,8609,84.5,2,-3.5,0,0,6996.9,38.1603851,-122.4530894,9.4,30.8,0,0,0
278.20,108.7,67.5,8780,84.5,2,-4.2,0,0,6999.6,38.1604034,-122.4531104,9.4,30.8,0,0,0
278.30,111.4,69.2,8966,84.5,2,-4.8,0,0,7002.5,38.1604221,-122.4531321,9.4,30.8,0,0,0
278.40,113.8,70.7,9155,84.5,2,-5.4,0,0,7005.3,38.1604411,-122.4531541,9.4,30.8,0,0,0
278.50,115.9,72.0,9320,84.0,2,-5.8,0,0,7008.2,38.1604604,-122.4531764,9.4,30.8,0,0,0
278.60,117.9,73.3,9464,83.5,2,-6.4,0,0,7011.2,38.1604801,-122.4531991,9.4,30.8,0,0,0
278.70,120.3,74.7,9564,82.0,2,-7.0,0,0,7014.2,38.1605003,-122.4532224,9.4,30.8,0,0,0
278.80,121.5,75.5,9715,82.0,2,-7.7,0,0,7017.3,38.1605208,-122.4532461,9.7,31.8,0,0,0
278.90,124.2,77.2,9911,82.0,2,-8.3,0,0,7020.4,38.1605413,-122.4532701,9.7,31.8,0,0,0
279.00,125.9,78.3,10020,84.0,2,-9.2,0,0,7023.5,38.1605621,-122.4532944,9.7,31.8,0,0,0
279.10,127.6,79.3,10166,84.5,2,-9.8,0,0,7026.7,38.1605833,-122.4533194,9.7,31.8,0,0,0
279.20,129.9,80.7,10341,84.5,2,-10.3,0,0,7030.0,38.1606048,-122.4533451,9.7,31.8,0,0,0
279.30,131.6,81.8,10490,84.0,2,-10.8,0,0,7033.3,38.1606263,-122.4533711,9.7,31.8,0,0,0
279.40,133.5,82.9,9293,100.0,2,-11.4,0,0,7036.7,38.1606481,-122.4533974,9.7,31.8,0,0,0
279.50,138.1,85.8,8584,100.0,3,-11.9,0,0,7040.0,38.1606700,-122.4534241,9.7,31.8,0,0,0
279.60,136.0,84.5,8656,100.0,3,-12.2,0,0,7043.4,38.1606921,-122.4534511,9.7,31.8,0,0,0
279.70,136.3,84.7,8706,100.0,3,-12.4,0,0,7046.9,38.1607143,-122.4534784,9.7,31.8,0,0,0
279.80,137.7,85.6,8806,100.0,3,-12.2,0,0,7050.4,38.1607368,-122.4535061,10.2,33.5,0,0,0
279.90,139.5,86.7,8905,100.0,3,-12.4,0,0,7053.9,38.1607593,-122.4535344,10.2,33.5,0,0,0
280.00,140.8,87.5,8999,100.0,3,-12.6,0,0,7057.4,38.1607821,-122.4535631,10.2,33.5,0,0,0
280.10,142.9,88.8,9058,100.0,3,-12.2,0,0,7061.0,38.1608050,-122.4535921,10.2,33.5,0,0,0
280.20,143.7,89.3,9141,100.0,3,-11.8,0,0,7064.7,38.1608281,-122.4536214,10.2,33.5,0,0,0
280.30,145.3,90.3,9262,100.0,3,-11.6,0,0,7068.3,38.1608513,-122.4536514,10.2,33.5,0,0,0
280.40,146.3,90.9,9355,100.0,3,-12.2,0,0,7072.1,38.1608748,-122.4536821,10.2,33.5,0,0,0
280.50,148.1,92.0,9423,100.0,3,-12.6,0,0,7075.8,38.1608982,-122.4537130,10.2,33.5,0,0,0
280.60,149.3,92.8,9500,100.0,3,-12.9,0,0,7079.6,38.1609218,-122.4537441,10.2,33.5,0,0,0
280.70,150.5,93.5,9561,100.0,3,-13.5,0,0,7083.4,38.1609453,-122.4537754,10.2,33.5,0,0,0
280.80,152.1,94.5,9634,100.0,3,-14.0,0,0,7087.2,38.1609691,-122.4538074,10.4,34.1,0,0,0
280.90,153.1,95.1,9728,100.0,3,-14.2,0,0,7091.2,38.1609930,-122.4538401,10.4,34.1,0,0,0
281.00,154.5,96.0,9804,100.0,3,-14.3,0,0,7095.1,38.1610170,-122.4538731,10.4,34.1,0,0,0
281.10,155.9,96.8,9879,100.0,3,-14.5,0,0,7099.0,38.1610411,-122.4539064,10.4,34.1,0,0,0
281.20,157.1,97.6,9931,100.0,3,-14.1,0,0,7103.0,38.1610653,-122.4539401,10.4,34.1,0,0,0
281.30,158.2,98.3,9997,100.0,3,-13.2,0,0,7107.1,38.1610897,-122.4539741,10.4,34.1,0,0,0
281.40,159.5,99.1,10057,96.0,3,-12.6,0,0,7111.1,38.1611140,-122.4540084,10.4,34.1,0,0,0
281.50,160.5,99.7,10119,91.0,3,-12.0,0,0,7115.2,38.1611384,-122.4540431,10.4,34.1,0,0,0
281.60,161.6,100.4,10225,89.0,3,-11.5,0,0,7119.3,38.1611631,-122.4540781,10.4,34.1,0,0,0
281.70,162.4,100.9,10260,83.5,3,-11.1,0,0,7123.4,38.1611879,-122.4541134,10.4,34.1,0,0,0
281.80,163.3,101.5,10324,79.0,3,-10.7,0,0,7127.6,38.1612127,-122.4541491,10.7,35.1,0,0,0
281.90,164.1,101.9,10367,72.5,3,-10.4,0,0,7131.8,38.1612373,-122.4541854,10.7,35.1,0,0,0
282.00,164.7,102.4,10324,63.0,3,-10.3,0,0,7136.0,38.1612621,-122.4542220,10.7,35.1,0,0,0
282.10,164.7,102.3,10324,60.0,3,-10.1,0,0,7140.2,38.1612870,-122.4542587,10.7,35.1,0,0,0
282.20,164.7,102.4,10222,45.5,3,-9.8,0,0,7144.5,38.1613120,-122.4542953,10.7,35.1,0,0,0
282.30,162.9,101.3,9830,0.0,3,-9.6,0,0,7148.7,38.1613370,-122.4543321,10.7,35.1,0,0,0
282.40,156.4,97.2,9964,0.0,3,-9.1,0,0,7153.0,38.1613619,-122.4543689,10.7,35.1,0,0,0
282.50,158.1,98.2,9843,0.0,3,-7.9,0,0,7157.2,38.1613866,-122.4544056,10.7,35.1,0,0,0
282.60,156.6,97.3,9785,0.0,3,-8.1,0,0,7161.4,38.1614109,-122.4544419,10.7,35.1,0,0,0
282.70,155.4,96.6,9690,0.0,3,-8.1,0,0,7165.5,38.1614349,-122.4544779,10.7,35.1,0,0,0
282.80,154.1,95.7,9600,0.0,3,-7.1,0,0,7169.6,38.1614587,-122.4545136,11.0,36.1,0,0,0
282.90,153.0,95.1,9476,0.0,3,-6.3,0,0,7173.6,38.1614822,-122.4545489,11.0,36.1,0,0,0
283.00,150.7,93.7,9245,0.0,3,-5.0,0,0,7177.6,38.1615056,-122.4545839,11.0,36.1,0,0,0
283.10,146.6,91.1,9026,0.0,3,-4.9,0,0,7181.6,38.1615286,-122.4546186,11.0,36.1,0,0,0
283.20,143.7,89.3,8897,0.0,3,-4.8,0,0,7185.5,38.1615509,-122.4546529,11.0,36.1,0,0,0
283.30,141.8,88.1,8762,0.0,3,-4.0,0,0,7189.3,38.1615729,-122.4546866,11.0,36.1,0,0,0
283.40,139.4,86.6,8659,0.0,3,-3.4,0,0,7193.1,38.1615946,-122.4547196,11.0,36.1,0,0,0
283.50,137.4,85.4,8499,0.0,3,-3.0,0,0,7196.8,38.1616159,-122.4547519,11.0,36.1,0,0,0
283.60,134.8,83.8,8322,0.0,3,-2.7,0,0,7200.4,38.1616370,-122.4547839,11.0,36.1,0,0,0
283.70,132.4,82.2,8195,0.0,3,-2.7,0,0,7204.0,38.1616579,-122.4548156,11.0,36.1,0,0,0
283.80,130.4,81.0,8115,0.0,3,-2.6,0,0,7207.6,38.1616786,-122.4548466,11.1,36.4,0,0,0
283.90,128.8,80.0,7977,0.0,3,-2.7,0,0,7211.1,38.1616986,-122.4548769,11.1,36.4,0,0,0
284.00,126.9,78.8,7872,0.0,3,-2.6,0,0,7214.5,38.1617179,-122.4549069,11.1,36.4,0,0,0
284.10,125.0,77.7,7774,0.0,3,-2.9,0,0,7217.8,38.1617370,-122.4549366,11.1,36.4,0,0,0
284.20,123.4,76.7,7634,0.0,3,-2.9,0,0,7221.1,38.1617560,-122.4549656,11.1,36.4,0,0,0
284.30,121.3,75.4,7529,0.0,3,-2.3,0,0,7224.4,38.1617749,-122.4549942,11.1,36.4,0,0,0
284.40,119.6,74.3,7428,0.0,3,-1.9,0,0,7227.6,38.1617936,-122.4550226,11.1,36.4,0,0,0
284.50,117.8,73.2,7277,0.0,3,-1.4,0,0,7230.8,38.1618116,-122.4550506,11.1,36.4,0,0,0
284.60,115.7,71.9,7196,0.0,3,-1.3,0,0,7233.9,38.1618292,-122.4550779,11.1,36.4,0,0,0
284.70,114.6,71.2,7140,0.0,3,-1.2,0,0,7236.9,38.1618467,-122.4551047,11.1,36.4,0,0,0
284.80,113.0,70.2,7021,0.0,3,-1.5,0,0,7239.9,38.1618639,-122.4551312,11.1,36.4,0,0,0
284.90,112.0,69.6,6963,0.0,3,-1.8,0,0,7242.9,38.1618810,-122.4551576,11.1,36.4,0,0,0
285.00,110.2,68.5,6859,0.0,3,-1.4,0,0,7245.8,38.1618979,-122.4551836,11.1,36.4,0,0,0
285.10,108.8,67.6,6763,0.0,3,-0.8,0,0,7248.7,38.1619146,-122.4552089,11.1,36.4,0,0,0
285.20,107.6,66.8,6673,0.0,3,0.2,0,0,7251.6,38.1619309,-122.4552339,11.1,36.4,0,0,0
285.30,105.9,65.8,6554,0.0,3,0.5,0,0,7254.4,38.1619467,-122.4552587,11.1,36.4,0,0,0
285.40,104.2,64.8,6463,0.0,3,-0.8,0,0,7257.1,38.1619622,-122.4552832,11.1,36.4,0,0,0
285.50,102.5,63.7,6375,0.0,3,-2.5,0,0,7259.9,38.1619777,-122.4553076,11.1,36.4,0,0,0
285.60,101.3,63.0,6299,0.0,3,-4.8,0,0,7262.6,38.1619929,-122.4553316,11.1,36.4,0,0,0
285.70,99.8,62.0,6227,0.0,3,-7.5,0,0,7265.2,38.1620080,-122.4553552,11.1,36.4,0,0,0
285.80,98.7,61.3,6159,0.0,3,-9.0,0,0,7267.9,38.1620229,-122.4553787,11.3,37.1,0,0,0
285.90,97.7,60.7,6074,0.0,3,-11.0,0,0,7270.5,38.1620376,-122.4554019,11.3,37.1,0,0,0
286.00,96.7,60.1,6073,0.0,3,-14.2,0,0,7273.0,38.1620516,-122.4554247,11.3,37.1,0,0,0
286.10,96.3,59.8,6009,0.0,3,-18.3,0,0,7275.5,38.1620652,-122.4554473,11.3,37.1,0,0,0
286.20,95.5,59.3,5967,0.0,3,-22.2,0,0,7278.0,38.1620787,-122.4554701,11.3,37.1,0,0,0
286.30,95.3,59.2,5940,0.0,3,-24.9,0,0,7280.4,38.1620918,-122.4554930,11.3,37.1,0,0,0
286.40,94.6,58.8,5923,0.0,3,-26.9,0,0,7282.9,38.1621043,-122.4555160,11.3,37.1,0,0,0
286.50,94.2,58.5,5874,11.0,3,-28.0,0,0,7285.3,38.1621162,-122.4555390,11.3,37.1,0,0,0
286.60,93.2,57.9,5987,14.5,3,-29.0,0,0,7287.7,38.1621276,-122.4555621,11.3,37.1,0,0,0
286.70,93.1,57.8,5931,8.0,3,-30.5,0,0,7290.0,38.1621386,-122.4555853,11.3,37.1,0,0,0
286.80,93.4,58.0,5692,8.5,3,-32.3,0,0,7292.4,38.1621489,-122.4556088,11.4,37.4,0,0,0
286.90,93.8,58.3,5853,16.0,3,-33.4,0,0,7294.7,38.1621586,-122.4556322,11.4,37.4,0,0,0
287.00,92.6,57.5,6132,33.0,3,-33.7,0,0,7297.0,38.1621676,-122.4556558,11.4,37.4,0,0,0
287.10,95.8,59.5,5909,42.5,3,-34.2,0,0,7299.3,38.1621759,-122.4556796,11.4,37.4,0,0,0
287.20,94.2,58.6,6030,44.5,3,-34.7,0,0,7301.6,38.1621839,-122.4557038,11.4,37.4,0,0,0
287.30,95.9,59.6,6096,52.0,3,-34.9,0,0,7303.9,38.1621916,-122.4557283,11.4,37.4,0,0,0
287.40,96.1,59.7,6156,57.5,3,-35.4,0,0,7306.2,38.1621988,-122.4557531,11.4,37.4,0,0,0
287.50,97.5,60.6,6257,70.5,3,-35.7,0,0,7308.5,38.1622053,-122.4557784,11.4,37.4,0,0,0
287.60,99.9,62.1,6355,73.5,3,-35.8,0,0,7310.9,38.1622109,-122.4558044,11.4,37.4,0,0,0
287.70,101.1,62.8,6427,78.0,3,-35.4,0,0,7313.3,38.1622159,-122.4558308,11.4,37.4,0,0,0
287.80,101.9,63.3,6467,93.5,3,-34.3,0,0,7315.7,38.1622206,-122.4558577,11.5,37.7,0,0,0
287.90,103.6,64.3,6573,100.0,3,-33.5,0,0,7318.1,38.1622249,-122.4558851,11.5,37.7,0,0,0
288.00,104.9,65.2,6671,100.0,3,-32.6,0,0,7320.6,38.1622286,-122.4559131,11.5,37.7,0,0,0
288.10,106.1,65.9,6749,100.0,3,-31.9,0,0,7323.1,38.1622316,-122.4559414,11.5,37.7,0,0,0
288.20,107.0,66.5,6717,100.0,3,-31.4,0,0,7325.6,38.1622339,-122.4559701,11.5,37.7,0,0,0
288.30,107.0,66.5,6794,100.0,3,-30.3,0,0,7328.2,38.1622359,-122.4559994,11.5,37.7,0,0,0
288.40,108.0,67.1,6805,100.0,3,-29.1,0,0,7330.8,38.1622376,-122.4560291,11.5,37.7,0,0,0
288.50,108.3,67.3,6911,100.0,3,-28.4,0,0,7333.4,38.1622385,-122.4560593,11.5,37.7,0,0,0
288.60,110.1,68.4,6963,100.0,3,-27.4,0,0,7336.1,38.1622386,-122.4560898,11.5,37.7,0,0,0
288.70,110.0,68.3,7018,100.0,3,-26.0,0,0,7338.8,38.1622382,-122.4561206,11.5,37.7,0,0,0
288.80,111.4,69.2,7095,100.0,3,-24.6,0,0,7341.5,38.1622374,-122.4561518,11.7,38.4,0,0,0
288.90,112.5,69.9,7104,100.0,3,-22.5,0,0,7344.3,38.1622362,-122.4561834,11.7,38.4,0,0,0
289.00,113.2,70.3,7128,100.0,3,-20.0,0,0,7347.1,38.1622346,-122.4562154,11.7,38.4,0,0,0
289.10,113.1,70.3,7205,100.0,3,-17.9,0,0,7349.9,38.1622326,-122.4562478,11.7,38.4,0,0,0
289.20,114.0,70.8,7176,100.0,3,-15.9,0,0,7352.8,38.1622302,-122.4562804,11.7,38.4,0,0,0
289.30,114.3,71.0,7280,100.0,3,-14.0,0,0,7355.7,38.1622276,-122.4563134,11.7,38.4,0,0,0
289.40,114.7,71.3,7323,100.0,3,-11.8,0,0,7358.6,38.1622246,-122.4563468,11.7,38.4,0,0,0
289.50,116.0,72.1,7436,100.0,3,-9.6,0,0,7361.6,38.1622209,-122.4563802,11.7,38.4,0,0,0
289.60,119.3,74.1,7589,100.0,3,-8.1,0,0,7364.5,38.1622170,-122.4564138,11.7,38.4,0,0,0
289.70,119.2,74.1,7721,100.0,3,-6.9,0,0,7367.5,38.1622130,-122.4564474,11.7,38.4,0,0,0
289.80,123.6,76.8,7970,89.5,3,-5.3,0,0,7370.5,38.1622089,-122.4564814,12.2,40.0,0,0,0
289.90,122.3,76.0,7671,84.0,3,-5.5,0,5,7373.6,38.1622047,-122.4565161,12.2,40.0,0,0,0
290.00,121.4,75.4,7752,78.5,3,-4.8,0,0,7376.7,38.1622002,-122.4565510,12.2,40.0,0,0,0
290.10,122.1,75.9,7781,76.5,3,-4.0,0,0,7379.8,38.1621957,-122.4565861,12.2,40.0,0,0,0
290.20,123.2,76.6,7862,76.5,3,-4.2,0,0,7382.9,38.1621909,-122.4566214,12.2,40.0,0,0,0
290.30,125.0,77.7,7885,70.5,3,-3.8,0,0,7386.1,38.1621857,-122.4566571,12.2,40.0,0,0,0
290.40,125.2,77.8,7866,65.0,3,-3.5,0,0,7389.3,38.1621803,-122.4566933,12.2,40.0,0,0,0
290.50,125.6,78.0,7973,63.5,3,-4.5,0,0,7392.6,38.1621750,-122.4567298,12.2,40.0,0,0,0
290.60,127.2,79.1,8009,60.5,3,-6.1,0,0,7395.8,38.1621697,-122.4567662,12.2,40.0,0,0,0
290.70,127.2,79.0,7975,56.0,3,-7.1,0,0,7399.1,38.1621642,-122.4568028,12.2,40.0,0,0,0
290.80,126.9,78.8,8035,55.0,3,-8.4,0,0,7402.3,38.1621584,-122.4568393,13.6,44.6,0,0,0
290.90,128.4,79.8,8115,60.5,3,-9.7,0,0,7405.6,38.1621522,-122.4568761,13.6,44.6,0,0,0
291.00,128.6,79.9,8146,64.0,3,-10.5,0,0,7408.9,38.1621461,-122.4569130,13.6,44.6,0,0,0
291.10,129.7,80.6,8179,64.0,3,-11.5,0,0,7412.2,38.1621399,-122.4569500,13.6,44.6,0,0,0
291.20,130.1,80.8,8215,57.0,3,-13.2,0,0,7415.5,38.1621336,-122.4569870,13.6,44.6,0,0,0
291.30,130.7,81.2,8235,49.5,3,-15.5,0,0,7418.8,38.1621269,-122.4570240,13.6,44.6,0,0,0
291.40,130.9,81.3,8228,46.5,3,-18.0,0,0,7422.2,38.1621199,-122.4570610,13.6,44.6,0,0,0
291.50,131.1,81.5,8260,46.0,3,-20.3,0,0,7425.5,38.1621126,-122.4570980,13.6,44.6,0,0,0
291.60,131.5,81.7,8288,45.5,3,-21.8,0,0,7428.8,38.1621049,-122.4571349,13.6,44.6,0,0,0
291.70,131.9,82.0,8285,46.0,3,-23.0,0,0,7432.2,38.1620969,-122.4571717,13.6,44.6,0,0,0
291.80,132.0,82.0,8287,47.5,3,-24.4,0,0,7435.5,38.1620886,-122.4572082,15.9,52.2,0,0,0
291.90,132.6,82.4,8320,50.5,3,-24.6,0,0,7438.8,38.1620799,-122.4572447,15.9,52.2,0,0,0
292.00,132.6,82.4,8383,52.0,3,-25.3,0,0,7442.2,38.1620706,-122.4572809,15.9,52.2,0,0,0
292.10,133.5,82.9,8434,52.0,3,-26.7,0,0,7445.5,38.1620609,-122.4573170,15.9,52.2,0,0,0
292.20,134.2,83.4,8423,51.0,3,-28.4,0,0,7448.8,38.1620509,-122.4573529,15.9,52.2,0,0,0
292.30,134.2,83.4,8397,46.0,3,-28.9,0,0,7452.2,38.1620406,-122.4573886,15.9,52.2,0,0,0
292.40,133.9,83.2,8415,44.5,3,-29.3,0,0,7455.5,38.1620299,-122.4574239,15.9,52.2,0,0,0
292.50,133.3,82.9,8345,44.5,3,-29.7,0,0,7458.7,38.1620186,-122.4574586,15.9,52.2,0,0,0
292.60,132.7,82.5,8355,48.5,3,-29.7,0,0,7462.0,38.1620066,-122.4574929,15.9,52.2,0,0,0
292.70,132.3,82.2,8260,48.5,3,-29.2,0,0,7465.3,38.1619939,-122.4575269,15.9,52.2,0,0,0
292.80,131.3,81.6,8224,46.5,3,-29.1,0,0,7468.6,38.1619806,-122.4575606,19.0,62.3,0,0,0
292.90,130.9,81.4,8246,46.5,3,-29.2,0,0,7471.9,38.1619669,-122.4575936,19.0,62.3,0,0,0
293.00,131.1,81.4,8233,48.5,3,-29.6,0,0,7475.1,38.1619526,-122.4576262,19.0,62.3,0,0,0
293.10,131.2,81.5,8237,50.0,3,-30.5,0,0,7478.4,38.1619379,-122.4576583,19.0,62.3,0,0,0
293.20,131.2,81.6,8164,49.5,3,-31.4,0,0,7481.6,38.1619226,-122.4576899,19.0,62.3,0,0,0
293.30,130.8,81.3,8204,47.0,3,-32.0,0,0,7484.9,38.1619069,-122.4577209,19.0,62.3,0,0,0
293.40,130.9,81.4,8202,42.5,3,-32.6,0,0,7488.1,38.1618909,-122.4577517,19.0,62.3,0,0,0
293.50,130.9,81.4,8199,37.0,3,-33.4,0,0,7491.3,38.1618746,-122.4577822,19.0,62.3,0,0,0
293.60,130.7,81.2,8150,35.5,3,-34.3,0,0,7494.5,38.1618579,-122.4578126,19.0,62.3,0,0,0
293.70,129.7,80.6,8091,41.0,3,-34.9,0,0,7497.8,38.1618409,-122.4578422,19.0,62.3,0,0,0
293.80,128.9,80.1,8130,45.0,3,-35.4,0,0,7500.9,38.1618237,-122.4578705,23.3,76.4,0,0,0
293.90,129.9,80.7,8106,41.0,3,-35.5,0,0,7504.0,38.1618062,-122.4578979,23.3,76.4,0,0,0
294.00,129.2,80.3,8102,41.0,3,-35.2,0,0,7507.1,38.1617884,-122.4579249,23.3,76.4,0,0,0
294.10,128.3,79.7,7977,39.5,3,-34.7,0,0,7510.1,38.1617702,-122.4579513,23.3,76.4,0,0,0
294.20,127.2,79.0,7960,38.0,3,-33.9,0,0,7513.2,38.1617516,-122.4579769,23.3,76.4,0,0,0
294.30,125.7,78.1,7891,37.0,3,-33.5,0,0,7516.2,38.1617326,-122.4580019,23.3,76.4,0,0,0
294.40,123.4,76.7,7714,39.0,3,-32.3,0,0,7519.3,38.1617129,-122.4580262,23.3,76.4,0,0,0
294.50,123.2,76.5,7665,36.0,3,-30.4,0,0,7522.3,38.1616930,-122.4580495,23.3,76.4,0,0,0
294.60,121.7,75.6,7555,24.5,3,-28.6,0,0,7525.2,38.1616729,-122.4580719,23.3,76.4,0,0,0
294.70,120.4,74.8,7326,0.0,3,-26.4,0,0,7528.2,38.1616526,-122.4580939,23.3,76.4,0,0,0
294.80,118.0,73.3,7217,0.0,3,-23.6,0,0,7531.2,38.1616319,-122.4581156,27.6,90.6,0,0,0
294.90,114.3,71.0,7101,0.0,3,-20.7,0,0,7534.1,38.1616110,-122.4581365,27.6,90.6,0,0,0
295.00,112.9,70.2,6985,0.0,3,-17.8,0,0,7537.1,38.1615900,-122.4581566,27.6,90.6,0,0,0
295.10,111.0,69.0,6902,0.0,3,-15.8,0,0,7540.0,38.1615690,-122.4581759,27.6,90.6,0,0,0
295.20,109.7,68.1,6775,0.0,3,-15.1,0,0,7542.8,38.1615481,-122.4581950,27.6,90.6,0,0,0
295.30,108.2,67.2,7049,0.0,3,-14.2,0,0,7545.6,38.1615274,-122.4582139,27.6,90.6,0,0,0
295.40,107.4,66.8,8341,0.0,2,-12.8,0,0,7548.4,38.1615071,-122.4582326,27.6,90.6,0,0,0
295.50,105.3,65.4,8240,0.0,2,-10.5,0,0,7551.2,38.1614871,-122.4582509,27.6,90.6,0,0,0
295.60,104.1,64.7,7872,0.0,2,-7.6,0,0,7553.9,38.1614673,-122.4582686,27.6,90.6,0,0,0
295.70,100.5,62.5,7854,0.0,2,-3.6,0,0,7556.5,38.1614478,-122.4582859,27.6,90.6,0,0,0
295.80,100.1,62.2,7796,0.0,2,0.3,0,0,7559.1,38.1614283,-122.4583030,32.3,106.0,0,0,0
295.90,98.9,61.5,7661,0.0,2,4.5,0,0,7561.7,38.1614091,-122.4583200,32.3,106.0,0,0,0
296.00,97.6,60.6,7576,0.0,2,8.3,0,0,7564.3,38.1613901,-122.4583370,32.3,106.0,0,0,0
296.10,96.3,59.8,7463,0.0,2,11.0,0,0,7566.9,38.1613714,-122.4583540,32.3,106.0,0,0,0
296.20,95.2,59.1,7424,0.0,2,14.5,0,0,7569.4,38.1613534,-122.4583710,32.3,106.0,0,0,0
296.30,94.0,58.4,7355,0.0,2,18.7,0,0,7571.8,38.1613358,-122.4583880,32.3,106.0,0,0,0
296.40,93.4,58.0,7303,0.0,2,23.1,0,0,7574.3,38.1613184,-122.4584049,32.3,106.0,0,0,0
296.50,92.9,57.7,7198,0.0,2,26.3,0,0,7576.7,38.1613014,-122.4584218,32.3,106.0,0,0,0
296.60,91.7,57.0,7147,0.0,2,28.3,0,0,7579.0,38.1612851,-122.4584386,32.3,106.0,0,0,0
296.70,90.6,56.3,7026,0.0,2,29.6,0,0,7581.3,38.1612694,-122.4584558,32.3,106.0,0,0,0
296.80,89.3,55.5,6954,0.0,2,30.5,0,0,7583.6,38.1612544,-122.4584733,35.5,116.5,0,0,0
296.90,88.4,54.9,6834,0.0,2,31.4,0,0,7585.8,38.1612401,-122.4584911,35.5,116.5,0,0,0
297.00,87.1,54.1,6696,8.5,2,32.3,0,0,7588.0,38.1612264,-122.4585090,35.5,116.5,0,0,0
297.10,85.6,53.2,6746,9.0,2,33.1,0,0,7590.1,38.1612131,-122.4585270,35.5,116.5,0,0,0
297.20,85.8,53.3,6649,11.0,2,33.7,0,0,7592.3,38.1612001,-122.4585450,35.5,116.5,0,0,0
297.30,84.5,52.5,6672,16.5,2,34.6,0,0,7594.4,38.1611877,-122.4585631,35.5,116.5,0,0,0
297.40,83.0,51.6,6834,11.0,2,35.2,0,0,7596.4,38.1611762,-122.4585814,35.5,116.5,0,0,0
297.50,84.5,52.5,6363,12.0,2,35.7,0,0,7598.4,38.1611654,-122.4586001,35.5,116.5,0,0,0
297.60,82.5,51.3,6453,16.0,2,36.6,0,0,7600.4,38.1611554,-122.4586190,35.5,116.5,0,0,0
297.70,81.2,50.5,6468,16.5,2,36.8,0,0,7602.4,38.1611461,-122.4586381,35.5,116.5,0,0,0
297.80,82.2,51.1,6356,15.0,2,37.6,0,0,7604.3,38.1611374,-122.4586574,39.0,128.0,0,0,0
297.90,81.1,50.4,6395,16.0,2,38.5,0,0,7606.3,38.1611291,-122.4586771,39.0,128.0,0,0,0
298.00,81.2,50.4,6288,24.5,2,39.3,0,0,7608.2,38.1611214,-122.4586970,39.0,128.0,0,0,0
298.10,80.1,49.8,6313,25.0,2,39.7,0,0,7610.2,38.1611141,-122.4587170,39.0,128.0,0,0,0
298.20,80.8,50.2,6339,28.0,2,39.2,0,0,7612.1,38.1611074,-122.4587371,39.0,128.0,0,0,0
298.30,80.9,50.2,6317,35.0,2,38.5,0,0,7614.0,38.1611014,-122.4587573,39.0,128.0,0,0,0
298.40,80.4,50.0,6323,38.5,2,38.0,0,0,7615.9,38.1610961,-122.4587778,39.0,128.0,0,0,0
298.50,80.4,50.0,6327,38.5,2,37.8,0,0,7617.7,38.1610914,-122.4587986,39.0,128.0,0,0,0
298.60,81.1,50.4,6409,38.0,2,38.3,0,0,7619.6,38.1610874,-122.4588198,39.0,128.0,0,0,0
298.70,81.6,50.7,6435,38.5,2,39.1,0,0,7621.5,38.1610838,-122.4588410,39.0,128.0,0,0,0
298.80,81.5,50.6,6450,38.5,2,39.0,0,0,7623.4,38.1610807,-122.4588624,41.5,136.2,0,0,0
298.90,81.9,50.9,6437,39.0,2,38.5,0,0,7625.4,38.1610782,-122.4588841,41.5,136.2,0,0,0
299.00,81.6,50.7,6452,39.5,2,38.3,0,0,7627.3,38.1610764,-122.4589063,41.5,136.2,0,0,0
299.10,82.2,51.1,6515,39.5,2,38.3,0,0,7629.3,38.1610754,-122.4589287,41.5,136.2,0,0,0
299.20,82.9,51.5,6545,40.0,2,38.7,0,0,7631.2,38.1610748,-122.4589510,41.5,136.2,0,0,0
299.30,83.1,51.7,6633,42.0,2,39.3,0,0,7633.2,38.1610744,-122.4589733,41.5,136.2,0,0,0
299.40,84.5,52.5,6749,49.0,2,39.7,0,0,7635.1,38.1610744,-122.4589958,41.5,136.2,0,0,0
299.50,84.8,52.7,6748,49.0,2,39.7,0,0,7637.1,38.1610751,-122.4590183,41.5,136.2,0,0,0
299.60,85.6,53.2,6814,54.0,2,39.1,0,0,7639.1,38.1610764,-122.4590411,41.5,136.2,0,0,0
299.70,86.6,53.8,6831,57.5,2,38.5,0,0,7641.1,38.1610782,-122.4590640,41.5,136.2,0,0,0
299.80,87.0,54.0,7138,65.5,2,38.2,0,0,7643.2,38.1610807,-122.4590870,42.9,140.7,0,0,0
299.90,90.2,56.0,7168,66.0,2,38.0,0,0,7645.2,38.1610841,-122.4591101,42.9,140.7,0,0,0
300.00,91.0,56.5,7198,69.0,2,37.4,0,0,7647.3,38.1610881,-122.4591333,42.9,140.7,0,0,0
300.10,91.4,56.8,7343,69.0,2,36.5,0,0,7649.4,38.1610927,-122.4591568,42.9,140.7,0,0,0
300.20,93.6,58.1,7433,69.0,2,35.3,0,0,7651.5,38.1610982,-122.4591803,42.9,140.7,0,0,0
300.30,94.6,58.8,7555,69.0,2,34.2,0,0,7653.7,38.1611044,-122.4592041,42.9,140.7,0,0,0
300.40,95.4,59.2,7657,70.0,2,33.4,0,0,7656.0,38.1611114,-122.4592283,42.9,140.7,0,0,0
300.50,97.3,60.4,7805,70.5,2,33.0,0,0,7658.3,38.1611191,-122.4592528,42.9,140.7,0,0,0
300.60,99.4,61.7,7893,73.0,2,32.4,0,0,7660.6,38.1611274,-122.4592772,42.9,140.7,0,0,0
300.70,100.1,62.2,8048,75.0,2,31.6,0,0,7663.0,38.1611361,-122.4593018,42.9,140.7,0,0,0
300.80,101.7,63.2,8204,75.0,2,30.9,0,0,7665.4,38.1611454,-122.4593264,44.0,144.4,0,0,0
300.90,104.5,64.9,8361,75.0,2,30.6,0,0,7667.8,38.1611554,-122.4593514,44.0,144.4,0,0,0
301.00,106.0,65.9,8473,75.0,2,30.8,0,0,7670.3,38.1611661,-122.4593767,44.0,144.4,0,0,0
301.10,107.9,67.0,8631,73.5,2,31.1,0,0,7672.9,38.1611774,-122.4594020,44.0,144.4,0,0,0
301.20,109.9,68.3,8754,72.0,2,31.5,0,0,7675.5,38.1611892,-122.4594274,44.0,144.4,0,0,0
301.30,111.0,69.0,8853,72.0,2,31.6,0,0,7678.1,38.1612017,-122.4594530,44.0,144.4,0,0,0
301.40,112.9,70.1,9044,72.0,2,31.3,0,0,7680.8,38.1612148,-122.4594787,44.0,144.4,0,0,0
301.50,115.2,71.6,9099,72.0,2,30.7,0,0,7683.5,38.1612284,-122.4595043,44.0,144.4,0,0,0
301.60,115.2,71.6,9180,72.0,2,29.9,0,0,7686.2,38.1612425,-122.4595301,44.0,144.4,0,0,0
301.70,116.9,72.6,9309,72.0,2,29.1,0,0,7689.0,38.1612574,-122.4595560,44.0,144.4,0,0,0
301.80,118.7,73.8,8516,75.5,2,27.6,0,0,7691.9,38.1612731,-122.4595819,44.9,147.3,0,0,0
301.90,115.9,72.0,7444,84.5,3,25.7,0,0,7694.8,38.1612891,-122.4596077,44.9,147.3,0,0,0
302.00,118.2,73.4,7519,87.0,3,24.4,0,0,7697.6,38.1613054,-122.4596332,44.9,147.3,0,0,0
302.10,119.4,74.2,7590,93.0,3,23.9,0,0,7700.5,38.1613221,-122.4596587,44.9,147.3,0,0,0
302.20,120.6,74.9,7657,98.0,3,24.0,0,0,7703.5,38.1613394,-122.4596840,44.9,147.3,0,0,0
302.30,121.5,75.5,7774,100.0,3,24.3,0,0,7706.4,38.1613571,-122.4597093,44.9,147.3,0,0,0
302.40,123.2,76.5,7839,100.0,3,24.7,0,0,7709.4,38.1613751,-122.4597348,44.9,147.3,0,0,0
302.50,123.8,76.9,7900,100.0,3,24.7,0,0,7712.5,38.1613937,-122.4597602,44.9,147.3,0,0,0
302.60,125.1,77.7,8003,100.0,3,24.3,0,0,7715.5,38.1614128,-122.4597858,44.9,147.3,0,0,0
302.70,126.8,78.8,8043,100.0,3,23.7,0,0,7718.7,38.1614324,-122.4598112,44.9,147.3,0,0,0
302.80,127.8,79.4,8106,100.0,3,22.8,0,0,7721.8,38.1614524,-122.4598367,45.8,150.3,0,0,0
302.90,128.5,79.8,8157,100.0,3,21.8,0,0,7725.0,38.1614728,-122.4598620,45.8,150.3,0,0,0
303.00,129.4,80.4,8193,100.0,3,20.2,0,0,7728.2,38.1614934,-122.4598873,45.8,150.3,0,0,0
303.10,129.2,80.3,8258,100.0,3,18.5,0,0,7731.4,38.1615144,-122.4599127,45.8,150.3,0,0,0
303.20,130.6,81.1,8295,98.0,3,16.9,0,0,7734.6,38.1615361,-122.4599380,45.8,150.3,0,0,0
303.30,132.0,82.0,8341,95.5,3,15.7,0,0,7737.9,38.1615581,-122.4599633,45.8,150.3,0,0,0
303.40,132.6,82.4,8395,93.0,3,14.4,0,0,7741.3,38.1615804,-122.4599888,45.8,150.3,0,0,0
303.50,133.3,82.8,8509,87.0,3,13.3,0,0,7744.6,38.1616031,-122.4600142,45.8,150.3,0,0,0
303.60,134.7,83.7,8589,83.0,3,12.8,0,0,7748.0,38.1616261,-122.4600398,45.8,150.3,0,0,0
303.70,136.0,84.5,8644,81.0,3,12.5,0,0,7751.5,38.1616494,-122.4600653,45.8,150.3,0,0,0
303.80,136.8,85.0,8724,79.0,3,12.4,0,0,7754.9,38.1616734,-122.4600911,46.0,150.9,0,0,0
303.90,138.7,86.2,8777,77.0,3,11.6,0,0,7758.5,38.1616978,-122.4601169,46.0,150.9,0,0,0
304.00,139.5,86.7,8806,71.5,3,10.9,0,0,7762.0,38.1617223,-122.4601427,46.0,150.9,0,0,0
304.10,140.0,87.0,8752,59.5,3,10.3,0,0,7765.6,38.1617471,-122.4601683,46.0,150.9,0,0,0
304.20,139.8,86.9,8709,47.0,3,9.2,0,0,7769.2,38.1617723,-122.4601941,46.0,150.9,0,0,0
304.30,139.1,86.4,8631,22.5,3,8.0,0,0,7772.8,38.1617978,-122.4602199,46.0,150.9,0,0,0
304.40,137.9,85.7,8254,0.0,3,7.0,0,0,7776.4,38.1618232,-122.4602456,46.0,150.9,0,0,0
304.50,132.9,82.6,8468,0.0,3,6.3,0,0,7780.0,38.1618487,-122.4602709,46.0,150.9,0,0,0
304.60,134.8,83.8,8373,0.0,3,6.4,0,0,7783.5,38.1618739,-122.4602957,46.0,150.9,0,0,0
304.70,133.7,83.1,8331,0.0,3,6.6,0,0,7787.1,38.1618990,-122.4603202,46.0,150.9,0,0,0
304.80,132.8,82.5,8260,0.0,3,7.3,0,0,7790.6,38.1619240,-122.4603444,45.6,149.6,0,0,0
304.90,131.4,81.7,8170,0.0,3,8.0,0,0,7794.0,38.1619490,-122.4603682,45.6,149.6,0,0,0
305.00,130.5,81.1,8110,0.0,3,7.8,0,0,7797.5,38.1619739,-122.4603917,45.6,149.6,0,0,0
305.10,129.5,80.5,8028,0.0,3,6.4,0,0,7800.9,38.1619987,-122.4604149,45.6,149.6,0,0,0
305.20,127.6,79.3,7911,0.0,3,3.7,0,0,7804.3,38.1620232,-122.4604377,45.6,149.6,0,0,0
305.30,126.0,78.3,7868,0.0,3,1.6,0,0,7807.6,38.1620476,-122.4604602,45.6,149.6,0,0,0
305.40,125.5,78.0,7841,0.0,3,-0.8,0,0,7810.9,38.1620716,-122.4604827,45.6,149.6,0,0,0
305.50,124.4,77.3,7708,0.0,3,-3.8,0,0,7814.2,38.1620952,-122.4605049,45.6,149.6,0,0,0
305.60,122.7,76.2,7665,0.0,3,-6.8,0,0,7817.5,38.1621187,-122.4605270,45.6,149.6,0,0,0
305.70,122.3,76.0,7614,0.0,3,-9.6,0,0,7820.7,38.1621419,-122.4605490,45.6,149.6,0,0,0
305.80,121.1,75.2,7557,0.0,3,-12.9,0,0,7823.9,38.1621649,-122.4605710,44.9,147.3,0,0,0
305.90,120.3,74.7,7519,0.0,3,-15.3,0,0,7827.0,38.1621876,-122.4605930,44.9,147.3,0,0,0
306.00,119.5,74.3,7478,0.0,3,-17.7,0,0,7830.2,38.1622099,-122.4606150,44.9,147.3,0,0,0
306.10,118.5,73.6,7426,0.0,3,-20.1,0,0,7833.3,38.1622319,-122.4606370,44.9,147.3,0,0,0
306.20,118.4,73.6,7431,0.0,3,-21.9,0,0,7836.4,38.1622536,-122.4606591,44.9,147.3,0,0,0
306.30,117.9,73.3,7380,0.0,3,-23.8,0,0,7839.4,38.1622746,-122.4606813,44.9,147.3,0,0,0
306.40,117.5,73.0,7353,0.0,3,-25.8,0,0,7842.4,38.1622952,-122.4607038,44.9,147.3,0,0,0
306.50,116.9,72.6,7316,0.0,3,-27.4,0,0,7845.4,38.1623153,-122.4607264,44.9,147.3,0,0,0
306.60,116.4,72.3,7219,0.0,3,-28.1,0,0,7848.4,38.1623348,-122.4607494,44.9,147.3,0,0,0
306.70,114.6,71.2,7224,8.5,3,-28.8,0,0,7851.3,38.1623536,-122.4607728,44.9,147.3,0,0,0
306.80,114.5,71.1,7227,3.0,3,-29.2,0,0,7854.2,38.1623719,-122.4607963,43.7,143.4,0,0,0
306.90,114.1,70.9,7182,7.5,3,-30.2,0,0,7857.1,38.1623896,-122.4608201,43.7,143.4,0,0,0
307.00,114.0,70.8,7445,24.5,3,-31.0,0,0,7859.9,38.1624069,-122.4608444,43.7,143.4,0,0,0
307.10,112.9,70.1,7153,27.5,3,-31.5,0,0,7862.8,38.1624236,-122.4608691,43.7,143.4,0,0,0
307.20,114.1,70.9,7152,28.5,3,-31.6,0,0,7865.6,38.1624396,-122.4608941,43.7,143.4,0,0,0
307.30,113.7,70.6,7133,29.0,3,-32.1,0,0,7868.4,38.1624551,-122.4609194,43.7,143.4,0,0,0
307.40,113.5,70.5,7062,34.0,3,-32.7,0,0,7871.2,38.1624700,-122.4609451,43.7,143.4,0,0,0
307.50,112.4,69.9,7113,37.0,3,-33.3,0,0,7874.0,38.1624841,-122.4609714,43.7,143.4,0,0,0
307.60,112.5,69.9,7123,42.5,3,-33.9,0,0,7876.8,38.1624976,-122.4609984,43.7,143.4,0,0,0
307.70,112.9,70.2,7114,43.5,3,-34.4,0,0,7879.6,38.1625103,-122.4610261,43.7,143.4,0,0,0
307.80,113.3,70.4,7081,44.0,3,-34.3,0,0,7882.4,38.1625222,-122.4610544,43.9,144.0,0,0,0
307.90,112.4,69.9,7094,50.5,3,-33.9,0,0,7885.2,38.1625336,-122.4610831,43.9,144.0,0,0,0
308.00,112.9,70.2,7196,52.0,3,-33.6,0,0,7888.0,38.1625443,-122.4611124,43.9,144.0,0,0,0
308.10,113.7,70.7,7191,51.0,3,-33.8,0,0,7890.8,38.1625541,-122.4611421,43.9,144.0,0,0,0
308.20,114.5,71.1,7205,49.0,3,-34.1,0,0,7893.6,38.1625633,-122.4611720,43.9,144.0,0,0,0
308.30,114.3,71.0,7152,50.5,3,-33.9,0,0,7896.4,38.1625718,-122.4612020,43.9,144.0,0,0,0
308.40,113.7,70.7,7174,56.0,3,-33.1,0,0,7899.2,38.1625796,-122.4612321,43.9,144.0,0,0,0
308.50,114.0,70.8,7111,53.5,3,-32.4,0,0,7902.0,38.1625866,-122.4612623,43.9,144.0,0,0,0
308.60,114.3,71.0,7169,53.0,3,-32.1,0,0,7904.7,38.1625929,-122.4612928,43.9,144.0,0,0,0
308.70,114.1,70.9,7188,58.5,3,-31.7,0,0,7907.5,38.1625989,-122.4613233,43.9,144.0,0,0,0
308.80,114.6,71.2,7234,60.5,3,-31.1,0,0,7910.2,38.1626046,-122.4613541,46.4,152.2,0,0,0
308.90,114.9,71.4,7109,51.0,3,-30.6,0,0,7913.0,38.1626096,-122.4613851,46.4,152.2,0,0,0
309.00,113.4,70.5,7074,48.0,3,-29.9,0,0,7915.8,38.1626139,-122.4614163,46.4,152.2,0,0,0
309.10,112.5,69.9,7082,47.0,3,-29.2,0,0,7918.5,38.1626176,-122.4614478,46.4,152.2,0,0,0
309.20,112.1,69.6,7074,47.0,3,-28.5,0,0,7921.3,38.1626209,-122.4614793,46.4,152.2,0,0,0
309.30,112.4,69.9,7039,45.5,3,-27.5,0,0,7924.1,38.1626236,-122.4615111,46.4,152.2,0,0,0
309.40,112.2,69.7,6969,43.0,3,-25.8,0,0,7926.9,38.1626259,-122.4615429,46.4,152.2,0,0,0
309.50,110.3,68.5,6826,37.5,3,-22.5,0,0,7929.7,38.1626276,-122.4615747,46.4,152.2,0,0,0
309.60,108.9,67.6,6746,32.0,3,-17.5,0,0,7932.5,38.1626289,-122.4616063,46.4,152.2,0,0,0
309.70,107.2,66.6,6652,28.0,3,-11.5,0,0,7935.2,38.1626296,-122.4616380,46.4,152.2,0,0,0
309.80,106.1,65.9,6610,26.0,3,-4.4,0,0,7938.0,38.1626300,-122.4616696,50.2,164.7,0,0,0
309.90,105.3,65.4,6604,24.5,3,2.7,0,0,7940.7,38.1626303,-122.4617009,50.2,164.7,0,0,0
310.00,105.0,65.2,6630,22.0,3,10.9,0,0,7943.5,38.1626307,-122.4617320,50.2,164.7,0,0,0
310.10,105.3,65.4,6626,17.5,3,19.0,0,0,7946.2,38.1626310,-122.4617629,50.2,164.7,0,0,0
310.20,104.9,65.2,6664,16.0,3,25.7,0,0,7948.8,38.1626314,-122.4617936,50.2,164.7,0,0,0
310.30,105.5,65.5,6640,15.5,3,29.6,0,0,7951.5,38.1626325,-122.4618239,50.2,164.7,0,0,0
310.40,105.1,65.3,6562,14.0,3,32.7,0,0,7954.1,38.1626344,-122.4618539,50.2,164.7,0,0,0
310.50,104.9,65.2,6546,7.0,3,35.4,0,0,7956.7,38.1626368,-122.4618836,50.2,164.7,0,0,0
310.60,104.0,64.6,6148,3.5,3,36.9,0,0,7959.3,38.1626397,-122.4619129,50.2,164.7,0,0,0
310.70,100.2,62.3,6357,3.0,3,37.6,0,0,7961.9,38.1626432,-122.4619419,50.2,164.7,0,0,0
310.80,100.9,62.7,6258,2.5,3,37.6,0,0,7964.4,38.1626474,-122.4619706,53.0,173.9,0,0,0
310.90,99.8,62.0,6196,9.0,3,37.3,0,0,7966.9,38.1626521,-122.4619985,53.0,173.9,0,0,0
311.00,98.1,61.0,6261,19.0,3,37.4,0,0,7969.4,38.1626571,-122.4620256,53.0,173.9,0,0,0
311.10,97.7,60.7,6339,24.5,3,37.2,0,0,7971.7,38.1626627,-122.4620519,53.0,173.9,0,0,0
311.20,99.8,62.0,6242,39.0,3,37.0,0,0,7974.1,38.1626688,-122.4620780,53.0,173.9,0,0,0
311.30,99.4,61.7,6200,42.5,3,37.1,0,0,7976.5,38.1626754,-122.4621039,53.0,173.9,0,0,0
311.40,98.5,61.2,6267,44.0,3,37.3,0,0,7978.9,38.1626824,-122.4621296,53.0,173.9,0,0,0
311.50,99.5,61.8,6230,44.0,3,37.6,0,0,7981.3,38.1626901,-122.4621549,53.0,173.9,0,0,0
311.60,99.6,61.9,6338,52.0,3,38.2,0,0,7983.6,38.1626984,-122.4621799,53.0,173.9,0,0,0
311.70,100.5,62.4,6351,54.0,3,38.8,0,0,7986.0,38.1627072,-122.4622047,53.0,173.9,0,0,0
311.80,101.1,62.8,6463,63.0,3,38.9,0,0,7988.4,38.1627167,-122.4622292,55.4,181.8,0,0,0
311.90,102.1,63.4,6475,63.5,3,38.8,0,0,7990.8,38.1627269,-122.4622537,55.4,181.8,0,0,0
312.00,103.2,64.1,6535,63.5,3,38.6,0,0,7993.3,38.1627377,-122.4622780,55.4,181.8,0,0,0
312.10,104.2,64.8,6582,63.5,3,38.5,0,0,7995.7,38.1627491,-122.4623023,55.4,181.8,0,0,0
312.20,104.6,65.0,6629,65.5,3,38.5,0,0,7998.2,38.1627611,-122.4623266,55.4,181.8,0,0,0
312.30,106.5,66.2,6706,66.0,3,38.5,0,0,8000.8,38.1627734,-122.4623506,55.4,181.8,0,0,0
312.40,107.6,66.8,6740,67.0,3,38.1,0,0,8003.3,38.1627864,-122.4623742,55.4,181.8,0,0,0
312.50,108.2,67.2,6875,67.5,3,37.7,0,0,8005.8,38.1628002,-122.4623977,55.4,181.8,0,0,0
312.60,109.3,67.9,6918,67.0,3,37.5,0,0,8008.4,38.1628147,-122.4624209,55.4,181.8,0,0,0
312.70,110.6,68.7,6979,65.5,3,37.7,0,0,8011.0,38.1628298,-122.4624439,55.4,181.8,0,0,0
312.80,110.9,68.9,7066,63.5,3,38.1,0,0,8013.7,38.1628454,-122.4624667,56.6,185.7,0,0,0
312.90,112.3,69.8,7104,56.0,3,38.4,0,0,8016.3,38.1628614,-122.4624892,56.6,185.7,0,0,0
313.00,112.9,70.1,7119,53.5,3,38.5,0,0,8019.0,38.1628781,-122.4625117,56.6,185.7,0,0,0
313.10,113.5,70.5,7143,55.0,3,38.2,0,0,8021.8,38.1628954,-122.4625339,56.6,185.7,0,0,0
313.20,113.2,70.3,7300,72.5,3,37.4,0,0,8024.5,38.1629131,-122.4625556,56.6,185.7,0,0,0
313.30,115.7,71.9,7277,72.5,3,35.8,0,0,8027.2,38.1629311,-122.4625769,56.6,185.7,0,0,0
313.40,116.1,72.1,7296,71.5,3,33.5,0,0,8030.0,38.1629494,-122.4625980,56.6,185.7,0,0,0
313.50,116.4,72.3,7352,71.5,3,30.5,0,0,8032.8,38.1629684,-122.4626190,56.6,185.7,0,0,0
313.60,116.6,72.4,7353,70.5,3,27.8,0,0,8035.6,38.1629881,-122.4626399,56.6,185.7,0,0,0
313.70,116.3,72.3,7316,68.5,3,25.0,0,0,8038.5,38.1630084,-122.4626607,56.6,185.7,0,0,0
313.80,116.4,72.3,7287,61.0,3,21.7,0,0,8041.5,38.1630291,-122.4626812,56.1,184.1,0,0,0
313.90,115.6,71.8,7221,45.5,3,18.3,0,0,8044.4,38.1630503,-122.4627017,56.1,184.1,0,0,0
314.00,115.0,71.5,7033,26.5,3,16.0,0,0,8047.4,38.1630718,-122.4627220,56.1,184.1,0,0,0
314.10,113.7,70.7,6868,0.0,3,14.3,0,0,8050.4,38.1630933,-122.4627423,56.1,184.1,0,0,0
314.20,110.4,68.6,7069,0.0,3,12.6,0,0,8053.4,38.1631151,-122.4627627,56.1,184.1,0,0,0
314.30,112.0,69.6,7029,0.0,3,11.1,0,0,8056.4,38.1631370,-122.4627829,56.1,184.1,0,0,0
314.40,111.8,69.4,6979,0.0,3,10.3,0,0,8059.4,38.1631589,-122.4628026,56.1,184.1,0,0,0
314.50,111.0,69.0,6943,0.0,3,8.5,0,0,8062.3,38.1631806,-122.4628219,56.1,184.1,0,0,0
314.60,110.2,68.5,6879,0.0,3,7.3,0,0,8065.2,38.1632020,-122.4628409,56.1,184.1,0,0,0
314.70,109.4,68.0,6823,0.0,3,6.2,0,0,8068.1,38.1632234,-122.4628596,56.1,184.1,0,0,0
314.80,108.3,67.3,6789,0.0,3,5.1,0,0,8071.0,38.1632450,-122.4628779,53.2,174.5,0,0,0
314.90,107.3,66.7,7937,0.0,3,3.1,0,0,8073.9,38.1632666,-122.4628960,53.2,174.5,0,0,0
315.00,102.8,63.9,8269,0.0,2,1.5,0,0,8076.7,38.1632879,-122.4629139,53.2,174.5,0,0,0
315.10,103.7,64.4,7928,0.0,2,1.0,0,0,8079.5,38.1633086,-122.4629317,53.2,174.5,0,0,0
315.20,102.4,63.7,7661,0.0,2,0.4,0,0,8082.2,38.1633289,-122.4629492,53.2,174.5,0,0,0
315.30,97.7,60.7,7582,0.0,2,-0.2,0,0,8084.9,38.1633489,-122.4629664,53.2,174.5,0,0,0
315.40,96.5,60.0,7580,0.0,2,-0.3,0,0,8087.5,38.1633686,-122.4629832,53.2,174.5,0,0,0
315.50,95.8,59.5,7435,0.0,2,-0.3,0,0,8090.1,38.1633879,-122.4629997,53.2,174.5,0,0,0
315.60,93.8,58.3,7305,0.0,2,-0.2,0,0,8092.7,38.1634069,-122.4630159,53.2,174.5,0,0,0
315.70,93.2,57.9,7266,0.0,2,-0.3,0,0,8095.2,38.1634256,-122.4630317,53.2,174.5,0,0,0
315.80,92.5,57.5,7200,0.0,2,-0.1,0,0,8097.6,38.1634439,-122.4630472,50.2,164.7,0,0,0
315.90,91.6,56.9,7097,0.0,2,0.7,0,0,8100.0,38.1634620,-122.4630626,50.2,164.7,0,0,0
316.00,90.1,56.0,7029,0.0,2,1.4,0,0,8102.4,38.1634799,-122.4630776,50.2,164.7,0,0,0
316.10,89.2,55.5,6967,0.0,2,1.8,0,0,8104.8,38.1634977,-122.4630923,50.2,164.7,0,0,0
316.20,88.1,54.7,6890,0.0,2,1.8,0,0,8107.1,38.1635152,-122.4631070,50.2,164.7,0,0,0
316.30,87.6,54.4,6794,0.0,2,1.3,0,0,8109.4,38.1635327,-122.4631216,50.2,164.7,0,0,0
316.40,86.8,53.9,6751,0.0,2,1.4,0,0,8111.7,38.1635499,-122.4631360,50.2,164.7,0,0,0
316.50,85.6,53.2,6720,0.0,2,1.7,0,0,8114.0,38.1635670,-122.4631503,50.2,164.7,0,0,0
316.60,85.2,52.9,6685,0.0,2,2.1,0,0,8116.3,38.1635839,-122.4631647,50.2,164.7,0,0,0
316.70,84.9,52.7,6616,0.0,2,2.8,0,0,8118.5,38.1636007,-122.4631789,50.2,164.7,0,0,0
316.80,83.9,52.2,6545,0.0,2,3.5,0,0,8120.7,38.1636172,-122.4631929,48.6,159.4,0,0,0
316.90,83.1,51.6,6462,0.0,2,5.7,0,0,8122.9,38.1636337,-122.4632066,48.6,159.4,0,0,0
317.00,82.2,51.1,6445,0.0,2,9.3,0,0,8125.1,38.1636500,-122.4632200,48.6,159.4,0,0,0
317.10,81.7,50.8,6416,0.0,2,13.6,0,0,8127.2,38.1636663,-122.4632332,48.6,159.4,0,0,0
317.20,81.3,50.5,6385,0.0,2,18.0,0,0,8129.4,38.1636827,-122.4632464,48.6,159.4,0,0,0
317.30,81.2,50.4,6333,0.0,2,21.5,0,0,8131.5,38.1636990,-122.4632591,48.6,159.4,0,0,0
317.40,80.7,50.2,6276,0.0,2,24.6,0,0,8133.6,38.1637153,-122.4632713,48.6,159.4,0,0,0
317.50,79.9,49.6,6254,0.0,2,27.0,0,0,8135.7,38.1637317,-122.4632828,48.6,159.4,0,0,0
317.60,79.3,49.3,6200,0.0,2,28.3,0,0,8137.7,38.1637479,-122.4632936,48.6,159.4,0,0,0
317.70,79.0,49.1,6178,0.0,2,29.1,0,0,8139.7,38.1637640,-122.4633039,48.6,159.4,0,0,0
317.80,78.2,48.6,6079,0.0,2,30.0,0,0,8141.7,38.1637801,-122.4633136,47.3,155.2,0,0,0
317.90,77.4,48.1,6032,0.0,2,30.5,0,0,8143.7,38.1637963,-122.4633229,47.3,155.2,0,0,0
318.00,76.6,47.6,6005,0.0,2,30.9,0,0,8145.6,38.1638127,-122.4633316,47.3,155.2,0,0,0
318.10,76.3,47.4,5942,0.0,2,31.3,0,0,8147.6,38.1638290,-122.4633395,47.3,155.2,0,0,0
318.20,75.4,46.9,5928,0.0,2,31.9,0,0,8149.5,38.1638453,-122.4633466,47.3,155.2,0,0,0
318.30,75.1,46.7,5855,0.0,2,32.5,0,0,8151.4,38.1638618,-122.4633529,47.3,155.2,0,0,0
318.40,74.7,46.4,5826,0.0,2,33.1,0,0,8153.3,38.1638782,-122.4633586,47.3,155.2,0,0,0
318.50,74.0,46.0,5776,0.0,2,33.4,0,0,8155.2,38.1638947,-122.4633636,47.3,155.2,0,0,0
318.60,73.7,45.8,5741,0.0,2,33.7,0,0,8157.0,38.1639110,-122.4633679,47.3,155.2,0,0,0
318.70,73.0,45.3,5689,0.0,2,34.1,0,0,8158.9,38.1639273,-122.4633715,47.3,155.2,0,0,0
318.80,72.4,45.0,5655,0.0,2,35.2,0,0,8160.7,38.1639437,-122.4633743,45.9,150.6,0,0,0
318.90,72.2,44.9,5665,0.0,2,35.5,0,0,8162.5,38.1639599,-122.4633762,45.9,150.6,0,0,0
319.00,71.7,44.6,5628,0.0,2,35.2,0,0,8164.3,38.1639757,-122.4633776,45.9,150.6,0,0,0
319.10,71.2,44.2,5568,5.5,2,35.2,0,0,8166.0,38.1639913,-122.4633782,45.9,150.6,0,0,0
319.20,70.9,44.0,5566,5.5,2,36.4,0,0,8167.8,38.1640071,-122.4633778,45.9,150.6,0,0,0
319.30,70.7,43.9,5569,6.5,2,37.1,0,0,8169.6,38.1640229,-122.4633766,45.9,150.6,0,0,0
319.40,70.6,43.9,5553,12.0,2,38.1,0,0,8171.3,38.1640386,-122.4633748,45.9,150.6,0,0,0
319.50,70.9,44.1,5922,20.5,2,39.3,0,0,8173.0,38.1640539,-122.4633722,45.9,150.6,0,0,0
319.60,71.1,44.2,5683,18.5,2,40.4,0,0,8174.7,38.1640690,-122.4633686,45.9,150.6,0,0,0
319.70,72.9,45.3,5804,24.0,2,41.3,0,0,8176.4,38.1640840,-122.4633642,45.9,150.6,0,0,0
319.80,73.8,45.8,5895,27.5,2,41.9,0,0,8178.2,38.1640990,-122.4633593,44.5,146.0,0,0,0
319.90,74.8,46.5,5879,35.0,2,41.6,0,0,8179.9,38.1641140,-122.4633535,44.5,146.0,0,0,0
320.00,75.7,47.1,6018,36.0,2,41.9,0,0,8181.7,38.1641289,-122.4633468,44.5,146.0,0,0,0
320.10,76.8,47.8,6128,40.5,2,42.4,0,0,8183.4,38.1641437,-122.4633392,44.5,146.0,0,0,0
320.20,78.2,48.6,6240,44.0,2,42.4,0,0,8185.2,38.1641582,-122.4633305,44.5,146.0,0,0,0
320.30,79.4,49.3,6380,50.5,2,42.1,0,0,8187.0,38.1641727,-122.4633208,44.5,146.0,0,0,0
320.40,81.4,50.6,6519,52.5,2,41.7,0,0,8188.9,38.1641869,-122.4633103,44.5,146.0,0,0,0
320.50,83.0,51.5,6635,52.5,2,41.3,0,0,8190.7,38.1642010,-122.4632988,44.5,146.0,0,0,0
320.60,84.6,52.6,6776,52.5,2,41.3,0,0,8192.6,38.1642150,-122.4632862,44.5,146.0,0,0,0
320.70,86.4,53.7,6887,53.0,2,41.2,0,0,8194.6,38.1642290,-122.4632725,44.5,146.0,0,0,0
320.80,87.9,54.6,7012,54.0,2,41.5,0,0,8196.6,38.1642429,-122.4632576,42.4,139.1,0,0,0
320.90,89.6,55.7,7186,56.0,2,41.6,0,0,8198.7,38.1642566,-122.4632418,42.4,139.1,0,0,0
321.00,91.5,56.9,7321,56.5,2,41.6,0,0,8200.8,38.1642699,-122.4632249,42.4,139.1,0,0,0
321.10,93.1,57.8,7428,58.0,2,41.6,0,0,8202.9,38.1642826,-122.4632068,42.4,139.1,0,0,0
321.20,95.0,59.0,7553,58.5,2,41.4,0,0,8205.0,38.1642949,-122.4631879,42.4,139.1,0,0,0
321.30,96.4,59.9,7714,61.5,2,41.1,0,0,8207.2,38.1643070,-122.4631682,42.4,139.1,0,0,0
321.40,98.7,61.3,7916,66.0,2,40.9,0,0,8209.5,38.1643189,-122.4631475,42.4,139.1,0,0,0
321.50,101.1,62.8,8044,68.0,2,40.4,0,0,8211.8,38.1643306,-122.4631255,42.4,139.1,0,0,0
321.60,102.2,63.5,8159,69.5,2,39.0,0,0,8214.1,38.1643416,-122.4631025,42.4,139.1,0,0,0
321.70,104.3,64.8,8350,72.5,2,37.0,0,0,8216.5,38.1643519,-122.4630785,42.4,139.1,0,0,0
321.80,106.3,66.1,8540,76.5,2,34.6,0,0,8219.0,38.1643619,-122.4630532,40.1,131.6,0,0,0
321.90,109.1,67.8,8711,76.0,2,32.7,0,0,8221.6,38.1643716,-122.4630268,40.1,131.6,0,0,0
322.00,110.6,68.8,8821,76.0,2,30.8,0,0,8224.2,38.1643809,-122.4629993,40.1,131.6,0,0,0
322.10,112.6,70.0,8953,76.0,2,28.0,0,0,8226.8,38.1643900,-122.4629711,40.1,131.6,0,0,0
322.20,113.8,70.7,9069,76.5,2,25.4,0,0,8229.5,38.1643989,-122.4629423,40.1,131.6,0,0,0
322.30,115.9,72.0,9245,76.5,2,23.2,0,0,8232.3,38.1644077,-122.4629125,40.1,131.6,0,0,0
322.40,117.3,72.9,7685,78.0,2,21.4,0,0,8235.2,38.1644162,-122.4628816,40.1,131.6,0,0,0
322.50,114.3,71.0,7178,80.0,3,18.8,0,0,8238.1,38.1644246,-122.4628499,40.1,131.6,0,0,0
322.60,115.8,72.0,7506,80.5,3,16.6,0,0,8241.0,38.1644326,-122.4628179,40.1,131.6,0,0,0
322.70,119.5,74.3,7657,80.5,3,15.9,0,0,8244.0,38.1644403,-122.4627853,40.1,131.6,0,0,0
322.80,121.3,75.4,7772,80.0,3,15.7,0,0,8247.1,38.1644480,-122.4627519,36.8,120.7,0,0,0
322.90,122.9,76.4,7897,79.5,3,15.4,0,0,8250.2,38.1644556,-122.4627179,36.8,120.7,0,0,0
323.00,125.0,77.7,7914,73.5,3,15.8,0,0,8253.3,38.1644630,-122.4626836,36.8,120.7,0,0,0
323.10,126.5,78.6,8039,67.5,3,16.4,0,0,8256.4,38.1644703,-122.4626486,36.8,120.7,0,0,0
323.20,128.4,79.8,8157,59.5,3,16.8,0,0,8259.7,38.1644776,-122.4626129,36.8,120.7,0,0,0
323.30,129.9,80.7,8231,59.5,3,17.4,0,0,8262.9,38.1644846,-122.4625766,36.8,120.7,0,0,0
323.40,131.1,81.5,8288,59.5,3,18.3,0,0,8266.2,38.1644909,-122.4625399,36.8,120.7,0,0,0
323.50,132.2,82.2,8371,58.5,3,19.3,0,0,8269.5,38.1644969,-122.4625026,36.8,120.7,0,0,0
323.60,133.5,83.0,8425,51.0,3,20.5,0,0,8272.9,38.1645026,-122.4624649,36.8,120.7,0,0,0
323.70,134.5,83.6,8472,48.0,3,21.8,0,0,8276.3,38.1645079,-122.4624267,36.8,120.7,0,0,0
323.80,135.1,84.0,8518,44.0,3,23.6,0,0,8279.7,38.1645126,-122.4623882,33.9,111.2,0,0,0
323.90,136.3,84.7,8581,37.0,3,26.3,0,0,8283.1,38.1645169,-122.4623497,33.9,111.2,0,0,0
324.00,136.4,84.8,8646,38.0,3,28.5,0,0,8286.5,38.1645206,-122.4623109,33.9,111.2,0,0,0
324.10,137.5,85.4,8661,40.5,3,29.4,0,0,8289.9,38.1645239,-122.4622720,33.9,111.2,0,0,0
324.20,138.2,85.9,8736,40.5,3,30.4,0,0,8293.4,38.1645269,-122.4622329,33.9,111.2,0,0,0
324.30,139.1,86.4,8762,37.5,3,31.9,0,0,8296.8,38.1645296,-122.4621937,33.9,111.2,0,0,0
324.40,139.3,86.6,8795,35.0,3,33.3,0,0,8300.3,38.1645316,-122.4621543,33.9,111.2,0,0,0
324.50,139.9,86.9,8793,34.5,3,34.2,0,0,8303.7,38.1645329,-122.4621151,33.9,111.2,0,0,0
324.60,139.7,86.8,8826,34.5,3,34.8,0,0,8307.1,38.1645336,-122.4620760,33.9,111.2,0,0,0
324.70,140.4,87.3,8858,34.5,3,35.2,0,0,8310.5,38.1645339,-122.4620369,33.9,111.2,0,0,0
324.80,141.0,87.6,8850,34.5,3,35.6,0,0,8313.9,38.1645336,-122.4619977,32.9,107.9,0,0,0
324.90,141.0,87.6,8855,35.0,3,35.8,0,0,8317.4,38.1645329,-122.4619584,32.9,107.9,0,0,0
325.00,140.6,87.3,8879,37.0,3,35.8,0,0,8320.8,38.1645316,-122.4619193,32.9,107.9,0,0,0
325.10,141.0,87.6,8887,37.0,3,35.8,0,0,8324.2,38.1645296,-122.4618804,32.9,107.9,0,0,0
325.20,141.2,87.7,8876,38.5,3,35.8,0,0,8327.7,38.1645269,-122.4618412,32.9,107.9,0,0,0
325.30,141.2,87.7,8892,39.0,3,35.8,0,0,8331.1,38.1645236,-122.4618021,32.9,107.9,0,0,0
325.40,141.4,87.9,8921,39.0,3,35.7,0,0,8334.5,38.1645199,-122.4617633,32.9,107.9,0,0,0
325.50,142.0,88.2,8966,39.0,3,36.0,0,0,8337.9,38.1645156,-122.4617247,32.9,107.9,0,0,0
325.60,142.3,88.4,8966,39.0,3,36.7,0,0,8341.3,38.1645106,-122.4616860,32.9,107.9,0,0,0
325.70,142.8,88.7,8977,39.0,3,37.3,0,0,8344.8,38.1645048,-122.4616473,32.9,107.9,0,0,0
325.80,142.7,88.7,8910,37.5,3,37.3,0,0,8348.2,38.1644983,-122.4616088,31.0,101.7,0,0,0
325.90,141.3,87.8,8800,37.5,3,34.2,0,0,8351.7,38.1644911,-122.4615703,31.0,101.7,0,0,0
326.00,140.3,87.2,8757,37.0,3,30.7,0,0,8355.1,38.1644833,-122.4615321,31.0,101.7,0,0,0
326.10,139.2,86.5,8701,33.5,3,28.1,0,0,8358.6,38.1644749,-122.4614943,31.0,101.7,0,0,0
326.20,139.3,86.5,8699,33.5,3,25.9,0,0,8362.0,38.1644659,-122.4614567,31.0,101.7,0,0,0
326.30,138.3,86.0,8696,34.0,3,24.2,0,0,8365.5,38.1644563,-122.4614189,31.0,101.7,0,0,0
326.40,137.9,85.7,8681,34.0,3,23.2,0,0,8369.0,38.1644462,-122.4613811,31.0,101.7,0,0,0
326.50,138.0,85.8,8716,27.0,3,25.4,0,0,8372.5,38.1644357,-122.4613433,31.0,101.7,0,0,0
326.60,139.3,86.6,8719,21.5,3,27.9,0,0,8376.0,38.1644249,-122.4613058,31.0,101.7,0,0,0
326.70,138.5,86.0,8731,21.5,3,29.1,0,0,8379.5,38.1644139,-122.4612686,31.0,101.7,0,0,0
326.80,139.1,86.4,8739,21.5,3,31.1,0,0,8382.9,38.1644023,-122.4612318,29.2,95.8,0,0,0
326.90,139.3,86.6,8754,21.5,3,32.8,0,0,8386.4,38.1643902,-122.4611953,29.2,95.8,0,0,0
327.00,139.1,86.4,8731,21.5,3,32.9,0,0,8389.8,38.1643776,-122.4611591,29.2,95.8,0,0,0
327.10,138.9,86.3,8734,21.5,3,33.9,0,0,8393.3,38.1643646,-122.4611231,29.2,95.8,0,0,0
327.20,138.9,86.3,8736,21.5,3,34.8,0,0,8396.8,38.1643509,-122.4610877,29.2,95.8,0,0,0
327.30,139.3,86.5,8694,21.5,3,35.3,0,0,8400.2,38.1643366,-122.4610528,29.2,95.8,0,0,0
327.40,138.7,86.2,8706,21.5,3,35.7,0,0,8403.6,38.1643216,-122.4610184,29.2,95.8,0,0,0
327.50,138.5,86.1,8669,21.5,3,35.7,0,0,8407.1,38.1643058,-122.4609845,29.2,95.8,0,0,0
327.60,137.6,85.5,8636,21.5,3,35.5,0,0,8410.5,38.1642892,-122.4609514,29.2,95.8,0,0,0
327.70,137.4,85.4,8621,25.5,3,35.4,0,0,8413.9,38.1642716,-122.4609191,29.2,95.8,0,0,0
327.80,137.6,85.5,8609,27.0,3,35.1,0,0,8417.4,38.1642535,-122.4608871,28.7,94.2,0,0,0
327.90,137.4,85.3,8584,27.0,3,34.9,0,0,8420.8,38.1642355,-122.4608557,28.7,94.2,0,0,0
328.00,136.6,84.9,8577,34.0,3,34.6,0,0,8424.2,38.1642171,-122.4608251,28.7,94.2,0,0,0
328.10,136.3,84.7,8581,38.5,3,34.2,0,0,8427.5,38.1641983,-122.4607951,28.7,94.2,0,0,0
328.20,136.2,84.6,8584,40.5,3,34.2,0,0,8430.9,38.1641788,-122.4607654,28.7,94.2,0,0,0
328.30,136.6,84.9,8592,42.5,3,34.2,0,0,8434.3,38.1641586,-122.4607364,28.7,94.2,0,0,0
328.40,136.8,85.0,8639,50.0,3,34.1,0,0,8437.7,38.1641376,-122.4607081,28.7,94.2,0,0,0
328.50,137.4,85.4,8669,51.0,3,33.9,0,0,8441.1,38.1641162,-122.4606801,28.7,94.2,0,0,0
328.60,138.1,85.8,8709,54.0,3,33.7,0,0,8444.5,38.1640944,-122.4606527,28.7,94.2,0,0,0
328.70,138.1,85.8,8706,56.5,3,33.1,0,0,8447.9,38.1640722,-122.4606261,28.7,94.2,0,0,0
328.80,138.6,86.1,8724,58.5,3,32.3,0,0,8451.3,38.1640497,-122.4606001,29.9,98.1,0,0,0
328.90,138.8,86.2,8742,60.5,3,31.4,0,0,8454.7,38.1640269,-122.4605744,29.9,98.1,0,0,0
329.00,139.7,86.8,8780,61.0,3,30.4,0,0,8458.1,38.1640036,-122.4605494,29.9,98.1,0,0,0
329.10,139.3,86.6,8788,61.5,3,29.2,0,0,8461.4,38.1639799,-122.4605251,29.9,98.1,0,0,0
329.20,139.9,86.9,8782,63.5,3,28.0,0,0,8464.9,38.1639556,-122.4605011,29.9,98.1,0,0,0
329.30,139.7,86.8,8811,63.5,3,26.7,0,0,8468.3,38.1639306,-122.4604774,29.9,98.1,0,0,0
329.40,139.9,86.9,8839,62.0,3,25.5,0,0,8471.8,38.1639049,-122.4604544,29.9,98.1,0,0,0
329.50,140.7,87.4,8853,61.5,3,24.5,0,0,8475.3,38.1638789,-122.4604318,29.9,98.1,0,0,0
329.60,141.0,87.6,8847,59.0,3,23.4,0,0,8478.8,38.1638526,-122.4604094,29.9,98.1,0,0,0
329.70,140.8,87.5,8813,58.0,3,21.7,0,0,8482.4,38.1638259,-122.4603874,29.9,98.1,0,0,0
329.80,140.0,87.0,8788,57.0,3,19.3,0,0,8485.9,38.1637987,-122.4603658,32.2,105.6,0,0,0
329.90,139.7,86.8,8749,53.0,3,16.2,0,0,8489.5,38.1637713,-122.4603443,32.2,105.6,0,0,0
330.00,139.1,86.4,8699,48.0,3,12.7,0,0,8493.1,38.1637440,-122.4603231,32.2,105.6,0,0,0
330.10,138.7,86.2,8619,32.5,3,9.5,0,0,8496.6,38.1637166,-122.4603023,32.2,105.6,0,0,0
330.20,137.2,85.3,8050,0.0,3,7.6,0,0,8500.2,38.1636889,-122.4602818,32.2,105.6,0,0,0
330.30,130.3,81.0,8408,0.0,3,5.6,0,0,8503.8,38.1636610,-122.4602616,32.2,105.6,0,0,0
330.40,133.1,82.7,8288,0.0,3,4.5,0,0,8507.3,38.1636331,-122.4602418,32.2,105.6,0,0,0
330.50,131.9,82.0,8271,0.0,3,2.6,0,0,8510.9,38.1636054,-122.4602219,32.2,105.6,0,0,0
330.60,131.5,81.7,8244,0.0,3,0.7,0,0,8514.4,38.1635781,-122.4602021,32.2,105.6,0,0,0
330.70,130.8,81.3,8168,0.0,3,0.1,0,0,8517.8,38.1635510,-122.4601823,32.2,105.6,0,0,0
330.80,129.5,80.5,8119,0.0,3,-0.4,0,0,8521.3,38.1635241,-122.4601628,34.3,112.5,0,0,0
330.90,129.1,80.2,8067,0.0,3,-1.8,0,0,8524.7,38.1634973,-122.4601433,34.3,112.5,0,0,0
331.00,128.3,79.7,7985,0.0,3,-2.4,0,0,8528.1,38.1634708,-122.4601241,34.3,112.5,0,0,0
331.10,126.7,78.7,7866,0.0,3,-3.2,0,0,8531.5,38.1634444,-122.4601050,34.3,112.5,0,0,0
331.20,125.1,77.7,7784,0.0,3,-4.3,0,0,8534.8,38.1634184,-122.4600860,34.3,112.5,0,0,0
331.30,124.0,77.0,7716,0.0,3,-5.6,0,0,8538.1,38.1633928,-122.4600670,34.3,112.5,0,0,0
331.40,122.7,76.3,7675,0.0,3,-6.4,0,0,8541.4,38.1633673,-122.4600481,34.3,112.5,0,0,0
331.50,122.0,75.8,7616,0.0,3,-7.6,0,0,8544.6,38.1633421,-122.4600293,34.3,112.5,0,0,0
331.60,120.9,75.1,7528,0.0,3,-9.0,0,0,8547.9,38.1633171,-122.4600108,34.3,112.5,0,0,0
331.70,119.4,74.2,7467,0.0,3,-10.5,0,0,8551.0,38.1632923,-122.4599923,34.3,112.5,0,0,0
331.80,118.8,73.8,7439,0.0,3,-12.0,0,0,8554.2,38.1632678,-122.4599741,34.7,113.8,0,0,0
331.90,117.9,73.3,7367,0.0,3,-12.5,0,0,8557.3,38.1632434,-122.4599560,34.7,113.8,0,0,0
332.00,117.1,72.8,7289,0.0,3,-11.6,0,0,8560.4,38.1632194,-122.4599379,34.7,113.8,0,0,0
332.10,116.0,72.1,7227,0.0,3,-11.2,0,0,8563.5,38.1631958,-122.4599197,34.7,113.8,0,0,0
332.20,114.7,71.3,7131,0.0,3,-11.7,0,0,8566.6,38.1631724,-122.4599012,34.7,113.8,0,0,0
332.30,113.5,70.5,7131,0.0,3,-13.8,0,0,8569.6,38.1631494,-122.4598828,34.7,113.8,0,0,0
332.40,113.5,70.5,7123,0.0,3,-16.4,0,0,8572.6,38.1631271,-122.4598642,34.7,113.8,0,0,0
332.50,113.1,70.3,7077,0.0,3,-18.7,0,0,8575.5,38.1631050,-122.4598457,34.7,113.8,0,0,0
332.60,112.9,70.1,7074,0.0,3,-20.7,0,0,8578.4,38.1630831,-122.4598269,34.7,113.8,0,0,0
332.70,112.3,69.8,7024,0.0,3,-22.3,0,0,8581.4,38.1630614,-122.4598080,34.7,113.8,0,0,0
332.80,111.8,69.4,7033,0.0,3,-24.2,0,0,8584.3,38.1630401,-122.4597889,34.0,111.5,0,0,0
332.90,111.8,69.4,7022,0.0,3,-26.5,0,0,8587.2,38.1630190,-122.4597696,34.0,111.5,0,0,0
333.00,111.8,69.4,7006,0.0,3,-28.3,0,0,8590.1,38.1629981,-122.4597499,34.0,111.5,0,0,0
333.10,111.3,69.2,6997,0.0,3,-29.3,0,0,8593.0,38.1629774,-122.4597297,34.0,111.5,0,0,0
333.20,111.2,69.1,6980,0.0,3,-30.3,0,0,8595.8,38.1629571,-122.4597092,34.0,111.5,0,0,0
333.30,110.8,68.9,6967,0.0,3,-31.3,0,0,8598.7,38.1629374,-122.4596886,34.0,111.5,0,0,0
333.40,110.6,68.7,6908,0.0,3,-32.0,0,0,8601.5,38.1629181,-122.4596676,34.0,111.5,0,0,0
333.50,109.9,68.3,6870,0.0,3,-32.5,0,0,8604.3,38.1628994,-122.4596459,34.0,111.5,0,0,0
333.60,109.2,67.9,6872,0.0,3,-32.5,0,0,8607.1,38.1628811,-122.4596239,34.0,111.5,0,0,0
333.70,108.9,67.7,6798,0.0,3,-33.0,0,0,8609.9,38.1628631,-122.4596016,34.0,111.5,0,0,0
333.80,108.0,67.1,6784,0.0,3,-33.8,0,0,8612.7,38.1628457,-122.4595789,31.9,104.7,0,0,0
333.90,108.0,67.1,6780,0.0,3,-34.6,0,0,8615.4,38.1628291,-122.4595560,31.9,104.7,0,0,0
334.00,107.4,66.8,6748,0.0,3,-35.7,0,0,8618.1,38.1628130,-122.4595329,31.9,104.7,0,0,0
334.10,107.6,66.9,6748,0.0,3,-37.1,0,0,8620.8,38.1627971,-122.4595096,31.9,104.7,0,0,0
334.20,107.1,66.5,6719,0.0,3,-38.2,0,0,8623.5,38.1627817,-122.4594859,31.9,104.7,0,0,0
334.30,107.0,66.5,6686,0.0,3,-38.7,0,0,8626.1,38.1627672,-122.4594616,31.9,104.7,0,0,0
334.40,106.4,66.1,6663,0.0,3,-39.2,0,0,8628.8,38.1627534,-122.4594369,31.9,104.7,0,0,0
334.50,105.6,65.6,6630,0.0,3,-39.3,0,0,8631.5,38.1627401,-122.4594116,31.9,104.7,0,0,0
334.60,105.3,65.4,6581,0.0,3,-39.1,0,0,8634.1,38.1627274,-122.4593859,31.9,104.7,0,0,0
334.70,104.6,65.0,6543,0.0,3,-39.4,0,0,8636.7,38.1627154,-122.4593599,31.9,104.7,0,0,0
334.80,104.1,64.7,6528,0.0,3,-39.6,0,0,8639.4,38.1627041,-122.4593336,29.1,95.5,0,0,0
334.90,103.6,64.3,6473,0.0,3,-39.7,0,0,8642.0,38.1626935,-122.4593069,29.1,95.5,0,0,0
335.00,102.6,63.7,6442,1.0,3,-39.6,0,0,8644.6,38.1626838,-122.4592800,29.1,95.5,0,0,0
335.10,102.2,63.5,6394,0.0,3,-39.9,0,0,8647.1,38.1626752,-122.4592529,29.1,95.5,0,0,0
335.20,101.9,63.3,6387,0.0,3,-40.2,0,0,8649.7,38.1626674,-122.4592257,29.1,95.5,0,0,0
335.30,101.3,63.0,6362,6.5,3,-39.9,0,0,8652.2,38.1626604,-122.4591982,29.1,95.5,0,0,0
335.40,101.0,62.8,6466,13.0,3,-40.1,0,0,8654.7,38.1626543,-122.4591708,29.1,95.5,0,0,0
335.50,102.0,63.4,6727,21.5,3,-39.9,0,0,8657.1,38.1626493,-122.4591432,29.1,95.5,0,0,0
335.60,104.2,64.8,6529,26.0,3,-39.8,0,0,8659.6,38.1626455,-122.4591157,29.1,95.5,0,0,0
335.70,103.8,64.5,6511,25.5,3,-39.8,0,0,8662.1,38.1626420,-122.4590879,29.1,95.5,0,0,0
335.80,103.2,64.1,6426,16.5,3,-39.6,0,0,8664.5,38.1626387,-122.4590596,26.7,87.6,0,0,0
335.90,102.3,63.6,6508,17.0,3,-39.6,0,0,8667.1,38.1626359,-122.4590309,26.7,87.6,0,0,0
336.00,103.2,64.1,6504,17.5,3,-40.3,0,0,8669.6,38.1626337,-122.4590021,26.7,87.6,0,0,0
336.10,103.9,64.6,6524,17.5,3,-41.5,0,0,8672.1,38.1626322,-122.4589733,26.7,87.6,0,0,0
336.20,104.5,65.0,6556,22.0,3,-42.0,0,0,8674.6,38.1626317,-122.4589447,26.7,87.6,0,0,0
336.30,104.0,64.6,6607,24.5,3,-41.7,0,0,8677.2,38.1626322,-122.4589159,26.7,87.6,0,0,0
336.40,104.6,65.0,6595,24.0,3,-41.4,0,0,8679.7,38.1626334,-122.4588870,26.7,87.6,0,0,0
336.50,105.2,65.4,6615,23.5,3,-41.3,0,0,8682.2,38.1626355,-122.4588580,26.7,87.6,0,0,0
336.60,105.5,65.6,6655,22.5,3,-41.0,0,0,8684.8,38.1626384,-122.4588290,26.7,87.6,0,0,0
336.70,105.6,65.6,6658,22.5,3,-40.9,0,0,8687.4,38.1626421,-122.4588000,26.7,87.6,0,0,0
336.80,106.1,65.9,6696,21.5,3,-40.8,0,0,8689.9,38.1626464,-122.4587710,24.0,78.7,0,0,0
336.90,106.1,65.9,6692,21.5,3,-40.8,0,0,8692.5,38.1626515,-122.4587421,24.0,78.7,0,0,0
337.00,106.4,66.1,6691,20.5,3,-40.8,0,0,8695.1,38.1626575,-122.4587134,24.0,78.7,0,0,0
337.10,106.8,66.3,6730,21.0,3,-40.8,0,0,8697.7,38.1626645,-122.4586851,24.0,78.7,0,0,0
337.20,106.8,66.3,6733,22.0,3,-40.9,0,0,8700.3,38.1626724,-122.4586573,24.0,78.7,0,0,0
337.30,107.4,66.7,6763,23.5,3,-41.1,0,0,8702.9,38.1626811,-122.4586298,24.0,78.7,0,0,0
337.40,107.3,66.7,6806,27.0,3,-40.9,0,0,8705.5,38.1626904,-122.4586023,24.0,78.7,0,0,0
337.50,108.0,67.1,6814,26.5,3,-40.9,0,0,8708.1,38.1627002,-122.4585751,24.0,78.7,0,0,0
337.60,108.3,67.3,6811,25.0,3,-40.6,0,0,8710.7,38.1627107,-122.4585484,24.0,78.7,0,0,0
337.70,108.2,67.2,6778,25.0,3,-40.4,0,0,8713.4,38.1627222,-122.4585221,24.0,78.7,0,0,0
337.80,108.3,67.3,6837,24.5,3,-40.3,0,0,8716.0,38.1627344,-122.4584964,21.5,70.5,0,0,0
337.90,108.7,67.6,6859,24.5,3,-40.8,0,0,8718.6,38.1627474,-122.4584711,21.5,70.5,0,0,0
338.00,109.5,68.0,6897,25.0,3,-41.4,0,0,8721.3,38.1627611,-122.4584464,21.5,70.5,0,0,0
338.10,109.8,68.2,6927,25.5,3,-41.8,0,0,8723.9,38.1627754,-122.4584221,21.5,70.5,0,0,0
338.20,110.1,68.4,6919,26.5,3,-41.9,0,0,8726.6,38.1627904,-122.4583984,21.5,70.5,0,0,0
338.30,110.6,68.7,6953,26.0,3,-41.6,0,0,8729.3,38.1628061,-122.4583754,21.5,70.5,0,0,0
338.40,110.7,68.8,6911,26.0,3,-41.5,0,0,8731.9,38.1628224,-122.4583531,21.5,70.5,0,0,0
338.50,111.2,69.1,6964,20.5,3,-41.6,0,0,8734.6,38.1628394,-122.4583314,21.5,70.5,0,0,0
338.60,110.5,68.7,6911,16.5,3,-41.7,0,0,8737.3,38.1628571,-122.4583105,21.5,70.5,0,0,0
338.70,110.1,68.4,6862,13.0,3,-41.4,0,0,8740.0,38.1628754,-122.4582904,21.5,70.5,0,0,0
338.80,109.5,68.0,6895,16.5,3,-41.2,0,0,8742.7,38.1628944,-122.4582712,18.5,60.7,0,0,0
338.90,110.1,68.4,6889,22.5,3,-40.4,0,0,8745.4,38.1629138,-122.4582527,18.5,60.7,0,0,0
339.00,108.9,67.6,6956,24.5,3,-39.8,0,0,8748.0,38.1629334,-122.4582352,18.5,60.7,0,0,0
339.10,110.0,68.3,6927,25.5,3,-39.3,0,0,8750.7,38.1629534,-122.4582184,18.5,60.7,0,0,0
339.20,110.1,68.4,6971,33.5,3,-38.9,0,0,8753.4,38.1629741,-122.4582022,18.5,60.7,0,0,0
339.30,110.7,68.8,6910,31.5,3,-38.7,0,0,8756.1,38.1629950,-122.4581867,18.5,60.7,0,0,0
339.40,111.0,69.0,7005,34.0,3,-38.2,0,0,8758.7,38.1630160,-122.4581722,18.5,60.7,0,0,0
339.50,111.6,69.4,7081,35.0,3,-37.9,0,0,8761.4,38.1630371,-122.4581584,18.5,60.7,0,0,0
339.60,111.8,69.5,7056,34.5,3,-37.8,0,0,8764.0,38.1630584,-122.4581454,18.5,60.7,0,0,0
339.70,112.0,69.6,7064,34.5,3,-37.9,0,0,8766.6,38.1630801,-122.4581332,18.5,60.7,0,0,0
339.80,112.5,69.9,7101,35.0,3,-37.8,0,0,8769.3,38.1631024,-122.4581218,15.6,51.2,0,0,0
339.90,112.5,69.9,7097,36.0,3,-37.7,0,0,8772.0,38.1631251,-122.4581115,15.6,51.2,0,0,0
340.00,113.3,70.4,7113,36.0,3,-37.4,0,0,8774.7,38.1631484,-122.4581025,15.6,51.2,0,0,0
340.10,112.9,70.2,7091,36.0,3,-36.6,0,0,8777.4,38.1631721,-122.4580945,15.6,51.2,0,0,0
340.20,113.4,70.5,7128,37.0,3,-36.1,0,0,8780.2,38.1631961,-122.4580875,15.6,51.2,0,0,0
340.30,113.2,70.3,7128,37.0,3,-36.0,0,0,8782.9,38.1632204,-122.4580815,15.6,51.2,0,0,0
340.40,113.8,70.7,7153,37.0,3,-36.0,0,0,8785.7,38.1632451,-122.4580768,15.6,51.2,0,0,0
340.50,113.5,70.5,7172,38.5,3,-36.3,0,0,8788.5,38.1632700,-122.4580732,15.6,51.2,0,0,0
340.60,113.9,70.7,7210,42.5,3,-36.6,0,0,8791.3,38.1632950,-122.4580708,15.6,51.2,0,0,0
340.70,114.2,71.0,7259,48.0,3,-36.7,0,0,8794.1,38.1633201,-122.4580696,15.6,51.2,0,0,0
340.80,115.2,71.6,7275,46.0,3,-36.9,0,0,8796.9,38.1633453,-122.4580698,13.3,43.6,0,0,0
340.90,115.0,71.4,7255,48.0,3,-37.1,0,0,8799.7,38.1633710,-122.4580713,13.3,43.6,0,0,0
341.00,115.4,71.7,7325,52.0,3,-37.3,0,0,8802.7,38.1633975,-122.4580741,13.3,43.6,0,0,0
341.10,116.9,72.7,7361,53.5,3,-37.8,0,0,8805.7,38.1634249,-122.4580782,13.3,43.6,0,0,0
341.20,117.7,73.1,7388,53.5,3,-38.0,0,0,8808.8,38.1634518,-122.4580834,13.3,43.6,0,0,0
341.30,117.5,73.0,7472,56.0,3,-37.7,0,0,8811.7,38.1634779,-122.4580892,13.3,43.6,0,0,0
341.40,118.5,73.6,7495,54.0,3,-37.7,0,0,8814.7,38.1635037,-122.4580958,13.3,43.6,0,0,0
341.50,119.2,74.1,7480,54.0,3,-37.7,0,0,8817.6,38.1635292,-122.4581035,13.3,43.6,0,0,0
341.60,119.4,74.2,7544,54.0,3,-37.4,0,0,8820.5,38.1635547,-122.4581122,13.3,43.6,0,0,0
341.70,120.5,74.9,7593,54.0,3,-37.3,0,0,8823.4,38.1635798,-122.4581217,13.3,43.6,0,0,0
341.80,120.5,74.9,7622,55.0,3,-37.5,0,0,8826.3,38.1636045,-122.4581322,13.4,44.0,0,0,0
341.90,121.2,75.3,7701,63.0,3,-37.7,0,0,8829.2,38.1636288,-122.4581434,13.4,44.0,0,0,0
342.00,122.4,76.0,7734,63.5,3,-37.6,0,0,8832.1,38.1636535,-122.4581554,13.4,44.0,0,0,0
342.10,123.3,76.6,7787,64.5,3,-37.3,0,0,8835.1,38.1636779,-122.4581682,13.4,44.0,0,0,0
342.20,124.2,77.2,7852,67.5,3,-36.6,0,0,8838.0,38.1637019,-122.4581818,13.4,44.0,0,0,0
342.30,124.8,77.5,7858,70.0,3,-35.9,0,0,8840.9,38.1637257,-122.4581965,13.4,44.0,0,0,0
342.40,125.5,78.0,7918,71.0,3,-35.0,0,0,8843.9,38.1637493,-122.4582121,13.4,44.0,0,0,0
342.50,126.2,78.4,7981,73.5,3,-34.1,0,0,8846.9,38.1637730,-122.4582285,13.4,44.0,0,0,0
342.60,126.3,78.5,8015,72.5,3,-33.1,0,0,8849.9,38.1637966,-122.4582458,13.4,44.0,0,0,0
342.70,126.6,78.7,8035,74.5,3,-32.0,0,0,8853.0,38.1638199,-122.4582641,13.4,44.0,0,0,0
342.80,128.4,79.8,8113,71.5,3,-30.9,0,0,8856.0,38.1638430,-122.4582831,15.0,49.2,0,0,0
342.90,128.6,79.9,8113,70.0,3,-30.7,0,0,8859.1,38.1638660,-122.4583024,15.0,49.2,0,0,0
343.00,129.3,80.3,8200,76.0,3,-30.2,0,0,8862.2,38.1638890,-122.4583225,15.0,49.2,0,0,0
343.10,130.7,81.2,8290,76.0,3,-29.8,0,0,8865.3,38.1639119,-122.4583435,15.0,49.2,0,0,0
343.20,131.2,81.5,8385,75.5,3,-29.0,0,0,8868.5,38.1639347,-122.4583655,15.0,49.2,0,0,0
343.30,133.0,82.6,8525,75.5,3,-28.7,0,0,8871.7,38.1639572,-122.4583884,15.0,49.2,0,0,0
343.40,135.9,84.5,8621,75.0,3,-30.8,0,0,8875.0,38.1639798,-122.4584121,15.0,49.2,0,0,0
343.50,137.6,85.5,8624,75.0,3,-31.0,0,0,8878.2,38.1640023,-122.4584361,15.0,49.2,0,0,0
343.60,137.1,85.2,8696,77.5,3,-31.0,0,0,8881.5,38.1640250,-122.4584607,15.0,49.2,0,0,0
343.70,138.8,86.2,8824,91.0,3,-31.1,0,0,8884.9,38.1640476,-122.4584862,15.0,49.2,0,0,0
343.80,140.2,87.1,8974,100.0,3,-31.1,0,0,8888.3,38.1640699,-122.4585124,16.7,54.8,0,0,0
343.90,141.6,88.0,9045,100.0,3,-30.5,0,0,8891.7,38.1640920,-122.4585394,16.7,54.8,0,0,0
344.00,143.0,88.9,9092,100.0,3,-30.0,0,0,8895.1,38.1641141,-122.4585671,16.7,54.8,0,0,0
344.10,143.7,89.3,9152,100.0,3,-29.2,0,0,8898.6,38.1641363,-122.4585954,16.7,54.8,0,0,0
344.20,145.3,90.3,9217,100.0,3,-28.4,0,0,8902.2,38.1641587,-122.4586241,16.7,54.8,0,0,0
344.30,146.6,91.1,9323,100.0,3,-27.5,0,0,8905.7,38.1641809,-122.4586534,16.7,54.8,0,0,0
344.40,147.4,91.6,9408,100.0,3,-27.2,0,0,8909.3,38.1642027,-122.4586834,16.7,54.8,0,0,0
344.50,149.2,92.7,9476,100.0,3,-27.7,0,0,8912.9,38.1642243,-122.4587141,16.7,54.8,0,0,0
344.60,150.2,93.3,9506,100.0,3,-27.9,0,0,8916.6,38.1642461,-122.4587454,16.7,54.8,0,0,0
344.70,150.9,93.7,9536,100.0,3,-26.9,0,0,8920.3,38.1642679,-122.4587774,16.7,54.8,0,0,0
344.80,151.2,94.0,9613,100.0,3,-25.0,0,0,8924.0,38.1642897,-122.4588101,18.4,60.4,0,0,0
344.90,152.2,94.6,9637,100.0,3,-23.3,0,0,8927.8,38.1643112,-122.4588434,18.4,60.4,0,0,0
345.00,152.8,95.0,9659,100.0,3,-21.7,0,0,8931.6,38.1643328,-122.4588771,18.4,60.4,0,0,0
345.10,153.3,95.3,9684,100.0,3,-20.3,0,0,8935.4,38.1643542,-122.4589114,18.4,60.4,0,0,0
345.20,154.0,95.7,9703,100.0,3,-19.0,0,0,8939.3,38.1643758,-122.4589461,18.4,60.4,0,0,0
345.30,154.7,96.1,9769,100.0,3,-17.6,0,0,8943.2,38.1643973,-122.4589814,18.4,60.4,0,0,0
345.40,155.8,96.8,9830,100.0,3,-17.1,0,0,8947.1,38.1644190,-122.4590171,18.4,60.4,0,0,0
345.50,156.2,97.1,9895,100.0,3,-17.1,0,0,8951.1,38.1644407,-122.4590531,18.4,60.4,0,0,0
345.60,157.6,97.9,9957,100.0,3,-16.4,0,0,8955.1,38.1644622,-122.4590894,18.4,60.4,0,0,0
345.70,158.2,98.3,9997,100.0,3,-15.2,0,0,8959.1,38.1644838,-122.4591264,18.4,60.4,0,0,0
345.80,159.3,99.0,9024,100.0,3,-14.4,0,0,8963.1,38.1645052,-122.4591640,20.1,65.9,0,0,0
345.90,159.4,99.0,8521,100.0,4,-13.7,0,0,8967.2,38.1645267,-122.4592017,20.1,65.9,0,0,0
346.00,158.5,98.5,8399,100.0,4,-14.2,0,0,8971.3,38.1645479,-122.4592393,20.1,65.9,0,0,0
346.10,159.0,98.8,8409,100.0,4,-14.5,0,0,8975.3,38.1645690,-122.4592771,20.1,65.9,0,0,0
346.20,159.5,99.1,8466,100.0,4,-14.5,0,0,8979.4,38.1645900,-122.4593153,20.1,65.9,0,0,0
346.30,160.7,99.8,8516,100.0,4,-15.4,0,0,8983.5,38.1646110,-122.4593538,20.1,65.9,0,0,0
346.40,161.6,100.4,8562,100.0,4,-16.8,0,0,8987.6,38.1646320,-122.4593923,20.1,65.9,0,0,0
346.50,163.1,101.3,8574,100.0,4,-17.4,0,0,8991.7,38.1646530,-122.4594311,20.1,65.9,0,0,0
346.60,163.4,101.5,8594,100.0,4,-17.9,0,0,8995.9,38.1646740,-122.4594704,20.1,65.9,0,0,0
346.70,163.4,101.5,8651,100.0,4,-18.7,0,0,9000.0,38.1646950,-122.4595101,20.1,65.9,0,0,0
346.80,165.2,102.6,8717,100.0,4,-19.6,0,0,9004.2,38.1647159,-122.4595500,22.1,72.5,0,0,0
346.90,166.0,103.1,8782,100.0,4,-20.6,0,0,9008.4,38.1647367,-122.4595901,22.1,72.5,0,0,0
347.00,167.5,104.1,8860,100.0,4,-21.9,0,0,9012.6,38.1647572,-122.4596304,22.1,72.5,0,0,0
347.10,168.5,104.7,8903,100.0,4,-23.1,0,0,9016.8,38.1647777,-122.4596711,22.1,72.5,0,0,0
347.20,168.8,104.9,8942,100.0,4,-23.6,0,0,9021.1,38.1647979,-122.4597121,22.1,72.5,0,0,0
347.30,168.9,104.9,8935,100.0,4,-22.9,0,0,9025.3,38.1648180,-122.4597534,22.1,72.5,0,0,0
347.40,169.8,105.5,8948,100.0,4,-21.8,0,0,9029.6,38.1648380,-122.4597951,22.1,72.5,0,0,0
347.50,170.6,106.0,8953,100.0,4,-20.5,0,0,9033.9,38.1648580,-122.4598374,22.1,72.5,0,0,0
347.60,171.2,106.4,8974,100.0,4,-19.1,0,0,9038.3,38.1648779,-122.4598801,22.1,72.5,0,0,0
347.70,171.0,106.2,8977,100.0,4,-17.8,0,0,9042.6,38.1648976,-122.4599230,22.1,72.5,0,0,0
347.80,170.8,106.1,9015,100.0,4,-16.3,0,0,9046.9,38.1649170,-122.4599661,24.1,79.1,0,0,0
347.90,171.4,106.5,9039,100.0,4,-14.6,0,0,9051.3,38.1649363,-122.4600094,24.1,79.1,0,0,0
348.00,172.2,107.0,9097,100.0,4,-13.2,0,0,9055.7,38.1649557,-122.4600531,24.1,79.1,0,0,0
348.10,172.0,106.9,9066,100.0,4,-11.3,0,0,9060.1,38.1649749,-122.4600974,24.1,79.1,0,0,0
348.20,173.0,107.5,9124,100.0,4,-9.8,0,0,9064.5,38.1649939,-122.4601421,24.1,79.1,0,0,0
348.30,173.4,107.8,9110,86.5,4,-8.8,0,0,9069.0,38.1650127,-122.4601870,24.1,79.1,0,0,0
348.40,173.7,107.9,9122,81.5,4,-7.6,0,0,9073.4,38.1650313,-122.4602320,24.1,79.1,0,0,0
348.50,174.7,108.5,9135,72.0,4,-6.9,0,0,9077.9,38.1650500,-122.4602771,24.1,79.1,0,0,0
348.60,174.2,108.3,9053,65.5,4,-6.7,0,0,9082.4,38.1650687,-122.4603223,24.1,79.1,0,0,0
348.70,173.8,108.0,8689,15.5,4,-6.5,0,0,9086.8,38.1650872,-122.4603678,24.1,79.1,0,0,0
348.80,171.6,106.6,8826,0.0,4,-6.6,0,0,9091.3,38.1651058,-122.4604132,26.2,86.0,0,0,0
348.90,168.4,104.6,8785,0.0,4,-7.2,0,0,9095.8,38.1651242,-122.4604587,26.2,86.0,0,0,0
349.00,167.3,103.9,8661,0.0,4,-7.5,0,0,9100.2,38.1651426,-122.4605039,26.2,86.0,0,0,0
349.10,165.6,102.9,8601,0.0,4,-7.9,0,0,9104.7,38.1651606,-122.4605489,26.2,86.0,0,0,0
349.20,164.2,102.0,8562,0.0,4,-7.0,0,0,9109.0,38.1651782,-122.4605936,26.2,86.0,0,0,0
349.30,163.1,101.4,8480,0.0,4,-6.4,0,0,9113.4,38.1651957,-122.4606379,26.2,86.0,0,0,0
349.40,161.4,100.3,8369,0.0,4,-5.2,0,0,9117.6,38.1652129,-122.4606816,26.2,86.0,0,0,0
349.50,159.3,99.0,8283,0.0,4,-4.7,0,0,9121.8,38.1652300,-122.4607246,26.2,86.0,0,0,0
349.60,157.6,97.9,8163,0.0,4,-4.7,0,0,9126.0,38.1652469,-122.4607672,26.2,86.0,0,0,0
349.70,155.5,96.6,8022,0.0,4,-3.4,0,0,9130.1,38.1652637,-122.4608094,26.2,86.0,0,0,0
349.80,153.6,95.4,7951,0.0,4,-2.5,0,0,9134.2,38.1652802,-122.4608511,27.9,91.5,0,0,0
349.90,152.0,94.4,7885,0.0,4,-2.6,0,0,9138.3,38.1652967,-122.4608923,27.9,91.5,0,0,0
350.00,150.5,93.5,7770,0.0,4,-1.6,0,0,9142.2,38.1653129,-122.4609329,27.9,91.5,0,0,0
350.10,148.3,92.2,7700,0.0,4,-0.7,0,0,9146.2,38.1653286,-122.4609730,27.9,91.5,0,0,0
350.20,146.5,91.1,7605,0.0,4,-0.4,0,0,9150.1,38.1653440,-122.4610129,27.9,91.5,0,0,0
350.30,144.9,90.0,7487,0.0,4,-0.3,0,0,9153.9,38.1653593,-122.4610523,27.9,91.5,0,0,0
350.40,143.1,88.9,7361,0.0,4,-0.2,0,0,9157.7,38.1653747,-122.4610912,27.9,91.5,0,0,0
350.50,140.9,87.5,7310,0.0,4,-0.4,0,0,9161.5,38.1653899,-122.4611296,27.9,91.5,0,0,0
350.60,139.0,86.4,7615,0.0,4,-1.1,0,0,9165.2,38.1654049,-122.4611675,27.9,91.5,0,0,0
350.70,133.8,83.1,8985,0.0,3,-1.8,0,0,9168.8,38.1654196,-122.4612046,27.9,91.5,0,0,0
350.80,136.7,84.9,8390,0.0,3,-2.1,0,0,9172.4,38.1654339,-122.4612412,29.8,97.8,0,0,0
350.90,135.5,84.2,8128,0.0,3,-2.4,0,0,9175.9,38.1654481,-122.4612776,29.8,97.8,0,0,0
351.00,131.3,81.6,8255,0.0,3,-2.4,0,0,9179.4,38.1654622,-122.4613136,29.8,97.8,0,0,0
351.10,131.1,81.4,8174,0.0,3,-1.8,0,0,9182.9,38.1654764,-122.4613492,29.8,97.8,0,0,0
351.20,129.7,80.6,8054,0.0,3,-1.2,0,0,9186.4,38.1654902,-122.4613843,29.8,97.8,0,0,0
351.30,127.6,79.3,7899,0.0,3,-0.5,0,0,9189.8,38.1655040,-122.4614189,29.8,97.8,0,0,0
351.40,125.7,78.1,7848,0.0,3,0.1,0,0,9193.1,38.1655176,-122.4614530,29.8,97.8,0,0,0
351.50,125.1,77.8,7825,0.0,3,0.5,0,0,9196.4,38.1655309,-122.4614869,29.8,97.8,0,0,0
351.60,124.1,77.1,7686,0.0,3,0.9,0,0,9199.7,38.1655440,-122.4615206,29.8,97.8,0,0,0
351.70,121.9,75.7,7568,0.0,3,1.3,0,0,9202.9,38.1655569,-122.4615539,29.8,97.8,0,0,0
351.80,120.6,74.9,7517,0.0,3,2.1,0,0,9206.1,38.1655697,-122.4615866,31.9,104.7,0,0,0
351.90,119.4,74.2,7433,0.0,3,3.0,0,0,9209.3,38.1655823,-122.4616189,31.9,104.7,0,0,0
352.00,118.0,73.3,7368,0.0,3,3.7,0,0,9212.4,38.1655950,-122.4616507,31.9,104.7,0,0,0
352.10,116.5,72.4,7277,0.0,3,4.0,0,0,9215.5,38.1656076,-122.4616822,31.9,104.7,0,0,0
352.20,115.5,71.8,8214,0.0,3,4.1,0,0,9218.6,38.1656200,-122.4617136,31.9,104.7,0,0,0
352.30,108.8,67.6,9034,0.0,2,4.3,0,0,9221.6,38.1656323,-122.4617446,31.9,104.7,0,0,0
352.40,113.6,70.6,8691,0.0,2,4.2,0,0,9224.6,38.1656447,-122.4617749,31.9,104.7,0,0,0
352.50,112.0,69.6,8661,0.0,2,3.7,0,0,9227.5,38.1656569,-122.4618049,31.9,104.7,0,0,0
352.60,110.1,68.4,8574,0.0,2,2.6,0,0,9230.5,38.1656690,-122.4618347,31.9,104.7,0,0,0
352.70,108.5,67.4,8448,0.0,2,1.5,0,0,9233.4,38.1656810,-122.4618642,31.9,104.7,0,0,0
352.80,107.2,66.6,8327,0.0,2,1.0,0,0,9236.3,38.1656929,-122.4618934,33.5,109.9,0,0,0
352.90,106.0,65.9,8260,0.0,2,1.2,0,0,9239.1,38.1657047,-122.4619222,33.5,109.9,0,0,0
353.00,104.8,65.1,8181,0.0,2,1.4,0,0,9241.9,38.1657162,-122.4619506,33.5,109.9,0,0,0
353.10,104.0,64.6,8074,0.0,2,1.7,0,0,9244.7,38.1657278,-122.4619786,33.5,109.9,0,0,0
353.20,102.0,63.4,7929,0.0,2,1.8,0,0,9247.4,38.1657392,-122.4620059,33.5,109.9,0,0,0
353.30,100.5,62.5,7778,0.0,2,1.8,0,0,9250.0,38.1657507,-122.4620330,33.5,109.9,0,0,0
353.40,98.7,61.3,7673,0.0,2,3.7,0,0,9252.7,38.1657619,-122.4620599,33.5,109.9,0,0,0
353.50,97.4,60.5,7582,0.0,2,6.9,0,0,9255.3,38.1657727,-122.4620863,33.5,109.9,0,0,0
353.60,96.3,59.8,7493,0.0,2,10.5,0,0,9257.8,38.1657833,-122.4621119,33.5,109.9,0,0,0
353.70,95.3,59.2,7419,0.0,2,13.3,0,0,9260.3,38.1657941,-122.4621369,33.5,109.9,0,0,0
353.80,94.4,58.7,7373,0.0,2,15.9,0,0,9262.8,38.1658050,-122.4621616,34.9,114.5,0,0,0
353.90,93.5,58.1,7289,0.0,2,18.3,0,0,9265.3,38.1658160,-122.4621859,34.9,114.5,0,0,0
354.00,92.2,57.3,7187,0.0,2,20.9,0,0,9267.7,38.1658270,-122.4622096,34.9,114.5,0,0,0
354.10,91.8,57.0,7133,0.0,2,23.1,0,0,9270.0,38.1658380,-122.4622326,34.9,114.5,0,0,0
354.20,90.8,56.4,7065,0.0,2,25.3,0,0,9272.3,38.1658490,-122.4622549,34.9,114.5,0,0,0
354.30,90.0,55.9,6990,0.0,2,27.5,0,0,9274.6,38.1658601,-122.4622766,34.9,114.5,0,0,0
354.40,88.5,55.0,6883,0.0,2,29.1,0,0,9276.8,38.1658714,-122.4622979,34.9,114.5,0,0,0
354.50,87.7,54.5,6774,0.0,2,29.7,0,0,9279.1,38.1658831,-122.4623186,34.9,114.5,0,0,0
354.60,86.0,53.4,6695,0.0,2,29.7,0,0,9281.3,38.1658951,-122.4623389,34.9,114.5,0,0,0
354.70,84.9,52.7,6604,0.0,2,29.6,0,0,9283.5,38.1659073,-122.4623586,34.9,114.5,0,0,0
354.80,83.6,52.0,6484,0.0,2,29.6,0,0,9285.6,38.1659198,-122.4623775,35.9,117.8,0,0,0
354.90,82.2,51.1,6325,0.0,2,29.3,0,0,9287.7,38.1659323,-122.4623955,35.9,117.8,0,0,0
355.00,80.3,49.9,6239,0.0,2,28.9,0,0,9289.8,38.1659451,-122.4624125,35.9,117.8,0,0,0
355.10,79.1,49.2,6149,0.0,2,28.6,0,0,9291.8,38.1659581,-122.4624286,35.9,117.8,0,0,0
355.20,78.2,48.6,6089,0.0,2,29.3,0,0,9293.8,38.1659714,-122.4624439,35.9,117.8,0,0,0
355.30,77.2,48.0,6002,0.0,2,30.8,0,0,9295.8,38.1659851,-122.4624589,35.9,117.8,0,0,0
355.40,76.4,47.5,5954,0.0,2,32.4,0,0,9297.8,38.1659990,-122.4624736,35.9,117.8,0,0,0
355.50,75.6,47.0,5903,0.0,2,33.9,0,0,9299.8,38.1660130,-122.4624875,35.9,117.8,0,0,0
355.60,74.9,46.6,5800,0.0,2,34.9,0,0,9301.7,38.1660269,-122.4625005,35.9,117.8,0,0,0
355.70,73.6,45.7,5736,0.0,2,35.4,0,0,9303.6,38.1660408,-122.4625125,35.9,117.8,0,0,0
355.80,72.6,45.1,5597,0.0,2,35.9,0,0,9305.4,38.1660546,-122.4625236,36.1,118.4,0,0,0
355.90,71.2,44.2,5559,0.0,2,36.5,0,0,9307.2,38.1660688,-122.4625339,36.1,118.4,0,0,0
356.00,70.5,43.8,5491,0.0,2,37.0,0,0,9309.0,38.1660829,-122.4625436,36.1,118.4,0,0,0
356.10,69.4,43.1,5427,0.0,2,37.7,0,0,9310.8,38.1660970,-122.4625526,36.1,118.4,0,0,0
356.20,68.9,42.8,5344,0.0,2,38.0,0,0,9312.5,38.1661110,-122.4625608,36.1,118.4,0,0,0
356.30,67.7,42.1,5275,0.0,2,38.1,0,0,9314.2,38.1661250,-122.4625683,36.1,118.4,0,0,0
356.40,66.9,41.6,5193,0.0,2,38.2,0,0,9315.8,38.1661391,-122.4625748,36.1,118.4,0,0,0
356.50,66.0,41.0,5117,0.0,2,38.0,0,0,9317.5,38.1661533,-122.4625806,36.1,118.4,0,0,0
356.60,64.7,40.2,5045,0.0,2,37.8,0,0,9319.1,38.1661677,-122.4625855,36.1,118.4,0,0,0
356.70,63.7,39.6,4976,0.0,2,38.5,0,0,9320.8,38.1661819,-122.4625895,36.1,118.4,0,0,0
356.80,63.1,39.2,4892,0.0,2,39.4,0,0,9322.4,38.1661960,-122.4625926,36.1,118.4,0,0,0
356.90,62.2,38.7,4877,6.0,2,40.3,0,0,9323.9,38.1662100,-122.4625948,36.1,118.4,0,0,0
357.00,62.0,38.5,4863,6.0,2,40.8,0,0,9325.5,38.1662239,-122.4625963,36.1,118.4,0,0,0
357.10,61.8,38.4,4880,13.0,2,41.2,0,0,9327.0,38.1662376,-122.4625968,36.1,118.4,0,0,0
357.20,61.6,38.2,5130,15.5,2,41.9,0,0,9328.5,38.1662509,-122.4625962,36.1,118.4,0,0,0
357.30,61.7,38.3,4898,25.5,2,42.2,0,0,9329.9,38.1662641,-122.4625945,36.1,118.4,0,0,0
357.40,63.2,39.3,5021,38.0,2,42.4,0,0,9331.4,38.1662773,-122.4625919,36.1,118.4,0,0,0
357.50,64.5,40.1,5064,39.0,2,41.9,0,0,9333.0,38.1662907,-122.4625886,36.1,118.4,0,0,0
357.60,64.2,39.9,5105,39.5,2,41.3,0,0,9334.5,38.1663039,-122.4625845,36.1,118.4,0,0,0
357.70,64.8,40.3,5185,39.5,2,41.3,0,0,9336.0,38.1663170,-122.4625795,36.1,118.4,0,0,0
357.80,66.5,41.3,5285,42.5,2,41.5,0,0,9337.5,38.1663299,-122.4625735,36.5,119.8,0,0,0
357.90,67.3,41.8,5394,45.0,2,41.7,0,0,9339.1,38.1663427,-122.4625665,36.5,119.8,0,0,0
358.00,68.9,42.8,5478,45.5,2,41.4,0,0,9340.6,38.1663552,-122.4625585,36.5,119.8,0,0,0
358.10,69.5,43.2,5543,45.5,2,40.8,0,0,9342.2,38.1663678,-122.4625495,36.5,119.8,0,0,0
358.20,71.3,44.3,5594,39.5,2,40.3,0,0,9343.9,38.1663802,-122.4625395,36.5,119.8,0,0,0
358.30,71.2,44.2,5650,31.0,2,40.5,0,0,9345.6,38.1663927,-122.4625283,36.5,119.8,0,0,0
358.40,71.5,44.4,5697,31.0,2,41.1,0,0,9347.3,38.1664049,-122.4625161,36.5,119.8,0,0,0
358.50,72.8,45.2,5757,31.0,2,41.9,0,0,9349.0,38.1664166,-122.4625033,36.5,119.8,0,0,0
358.60,73.2,45.5,5804,31.0,2,42.4,0,0,9350.7,38.1664279,-122.4624898,36.5,119.8,0,0,0
358.70,73.6,45.8,5848,31.0,2,42.5,0,0,9352.4,38.1664386,-122.4624756,36.5,119.8,0,0,0
358.80,74.0,46.0,5877,31.5,2,42.4,0,0,9354.2,38.1664489,-122.4624608,36.4,119.4,0,0,0
358.90,74.8,46.5,5903,33.5,2,41.8,0,0,9355.9,38.1664586,-122.4624453,36.4,119.4,0,0,0
359.00,75.4,46.9,5956,33.5,2,41.1,0,0,9357.7,38.1664679,-122.4624288,36.4,119.4,0,0,0
359.10,76.0,47.2,5991,33.0,2,40.8,0,0,9359.5,38.1664766,-122.4624116,36.4,119.4,0,0,0
359.20,76.7,47.6,6056,33.0,2,41.0,0,0,9361.3,38.1664849,-122.4623939,36.4,119.4,0,0,0
359.30,77.4,48.1,6089,33.0,2,41.3,0,0,9363.1,38.1664926,-122.4623756,36.4,119.4,0,0,0
359.40,77.8,48.4,6144,33.0,2,41.6,0,0,9364.9,38.1664996,-122.4623569,36.4,119.4,0,0,0
359.50,78.2,48.6,6201,33.0,2,41.7,0,0,9366.7,38.1665059,-122.4623376,36.4,119.4,0,0,0
359.60,79.0,49.1,6238,33.0,2,41.6,0,0,9368.6,38.1665116,-122.4623176,36.4,119.4,0,0,0
359.70,79.3,49.3,6271,33.5,2,41.4,0,0,9370.5,38.1665169,-122.4622972,36.4,119.4,0,0,0
359.80,80.1,49.8,6389,33.5,2,41.4,0,0,9372.4,38.1665216,-122.4622764,36.2,118.8,0,0,0
359.90,81.4,50.6,6393,33.5,2,41.2,0,0,9374.3,38.1665255,-122.4622552,36.2,118.8,0,0,0
360.00,81.7,50.8,6437,33.5,2,41.1,0,0,9376.2,38.1665286,-122.4622336,36.2,118.8,0,0,0
360.10,81.6,50.7,6498,34.0,2,40.9,0,0,9378.1,38.1665309,-122.4622116,36.2,118.8,0,0,0
360.20,82.9,51.5,6554,40.5,2,40.6,0,0,9380.1,38.1665326,-122.4621893,36.2,118.8,0,0,0
360.30,83.7,52.0,6673,45.5,2,40.7,0,0,9382.0,38.1665338,-122.4621669,36.2,118.8,0,0,0
360.40,84.9,52.8,6765,45.0,2,40.9,0,0,9384.0,38.1665343,-122.4621443,36.2,118.8,0,0,0
360.50,86.3,53.6,6825,45.0,2,41.2,0,0,9386.0,38.1665341,-122.4621212,36.2,118.8,0,0,0
360.60,87.3,54.3,6933,49.0,2,41.3,0,0,9388.1,38.1665333,-122.4620981,36.2,118.8,0,0,0
360.70,88.7,55.1,6987,57.0,2,40.9,0,0,9390.1,38.1665315,-122.4620749,36.2,118.8,0,0,0
360.80,89.1,55.3,7189,60.5,2,40.8,0,0,9392.2,38.1665285,-122.4620516,35.7,117.1,0,0,0
360.90,92.3,57.3,7332,59.5,2,40.3,0,0,9394.3,38.1665246,-122.4620279,35.7,117.1,0,0,0
361.00,93.3,57.9,7432,60.0,2,39.5,0,0,9396.4,38.1665199,-122.4620040,35.7,117.1,0,0,0
361.10,94.4,58.6,7498,61.5,2,38.3,0,0,9398.6,38.1665146,-122.4619799,35.7,117.1,0,0,0
361.20,95.9,59.6,7663,63.0,2,37.3,0,0,9400.8,38.1665085,-122.4619557,35.7,117.1,0,0,0
361.30,97.8,60.8,7799,65.5,2,36.5,0,0,9403.1,38.1665016,-122.4619312,35.7,117.1,0,0,0
361.40,99.5,61.8,7889,67.5,2,35.7,0,0,9405.4,38.1664939,-122.4619067,35.7,117.1,0,0,0
361.50,101.0,62.8,8074,70.5,2,34.9,0,0,9407.8,38.1664856,-122.4618819,35.7,117.1,0,0,0
361.60,103.1,64.1,8278,73.5,2,33.8,0,0,9410.2,38.1664765,-122.4618570,35.7,117.1,0,0,0
361.70,105.5,65.5,8385,74.5,2,32.4,0,0,9412.6,38.1664666,-122.4618320,35.7,117.1,0,0,0
361.80,107.0,66.5,8569,75.5,2,30.8,0,0,9415.1,38.1664558,-122.4618069,35.4,116.1,0,0,0
361.90,109.5,68.0,8747,76.5,2,29.2,0,0,9417.7,38.1664443,-122.4617816,35.4,116.1,0,0,0
362.00,110.9,68.9,8902,78.0,2,27.5,0,0,9420.3,38.1664319,-122.4617559,35.4,116.1,0,0,0
362.10,113.0,70.2,9056,78.5,2,25.5,0,0,9423.0,38.1664189,-122.4617299,35.4,116.1,0,0,0
362.20,115.1,71.5,9164,78.5,2,23.2,0,0,9425.7,38.1664056,-122.4617036,35.4,116.1,0,0,0
362.30,115.8,71.9,9260,78.5,2,20.6,0,0,9428.5,38.1663919,-122.4616766,35.4,116.1,0,0,0
362.40,117.8,73.2,9393,78.5,2,18.3,0,0,9431.4,38.1663776,-122.4616492,35.4,116.1,0,0,0
362.50,119.4,74.2,9506,78.5,2,16.4,0,0,9434.4,38.1663626,-122.4616218,35.4,116.1,0,0,0
362.60,121.7,75.6,9604,78.5,2,14.4,0,0,9437.3,38.1663469,-122.4615942,35.4,116.1,0,0,0
362.70,122.5,76.1,9773,79.0,2,12.3,0,0,9440.4,38.1663306,-122.4615664,35.4,116.1,0,0,0
362.80,124.6,77.4,9679,79.0,2,9.7,0,0,9443.4,38.1663139,-122.4615382,34.7,113.8,0,0,0
362.90,122.4,76.0,7849,79.5,2,6.8,0,0,9446.6,38.1662969,-122.4615098,34.7,113.8,0,0,0
363.00,126.2,78.4,7994,80.0,3,3.6,0,0,9449.7,38.1662796,-122.4614812,34.7,113.8,0,0,0
363.10,128.1,79.6,8161,81.5,3,0.5,0,0,9452.9,38.1662619,-122.4614524,34.7,113.8,0,0,0
363.20,129.3,80.4,8244,82.5,3,-2.4,0,0,9456.2,38.1662439,-122.4614232,34.7,113.8,0,0,0
363.30,131.4,81.6,8409,84.5,3,-5.3,0,0,9459.4,38.1662256,-122.4613937,34.7,113.8,0,0,0
363.40,133.3,82.9,8496,77.0,3,-8.3,0,0,9462.8,38.1662069,-122.4613639,34.7,113.8,0,0,0
363.50,135.5,84.2,8644,77.0,3,-11.4,0,0,9466.2,38.1661879,-122.4613336,34.7,113.8,0,0,0
363.60,137.4,85.4,8808,78.5,3,-14.9,0,0,9469.6,38.1661686,-122.4613026,34.7,113.8,0,0,0
363.70,140.2,87.1,9009,84.5,3,-18.3,0,0,9473.2,38.1661489,-122.4612709,34.7,113.8,0,0,0
363.80,142.9,88.8,9153,87.0,3,-20.2,0,0,9476.7,38.1661290,-122.4612386,33.7,110.6,0,0,0
363.90,144.8,90.0,9280,87.0,3,-21.4,0,0,9480.4,38.1661089,-122.4612059,33.7,110.6,0,0,0
364.00,147.0,91.3,9435,86.5,3,-22.5,0,0,9484.0,38.1660887,-122.4611726,33.7,110.6,0,0,0
364.10,150.4,93.5,9616,85.5,3,-24.0,0,0,9487.8,38.1660684,-122.4611386,33.7,110.6,0,0,0
364.20,153.3,95.3,9728,82.5,3,-25.5,0,0,9491.5,38.1660484,-122.4611039,33.7,110.6,0,0,0
364.30,155.1,96.4,9872,82.0,3,-26.8,0,0,9495.3,38.1660288,-122.4610689,33.7,110.6,0,0,0
364.40,156.7,97.4,8235,83.5,3,-27.4,0,0,9499.1,38.1660092,-122.4610336,33.7,110.6,0,0,0
364.50,157.0,97.5,8334,81.0,4,-28.3,0,0,9502.9,38.1659898,-122.4609979,33.7,110.6,0,0,0
364.60,158.4,98.4,8392,78.0,4,-29.5,0,0,9506.7,38.1659702,-122.4609616,33.7,110.6,0,0,0
364.70,160.1,99.5,8444,77.0,4,-30.1,0,0,9510.6,38.1659508,-122.4609246,33.7,110.6,0,0,0
364.80,161.4,100.3,8528,74.0,4,-30.0,0,0,9514.6,38.1659313,-122.4608869,32.4,106.3,0,0,0
364.90,162.9,101.3,8557,65.5,4,-30.1,0,0,9518.5,38.1659121,-122.4608486,32.4,106.3,0,0,0
365.00,163.8,101.8,8451,56.0,4,-29.7,0,0,9522.5,38.1658930,-122.4608099,32.4,106.3,0,0,0
365.10,160.9,100.0,8408,55.0,4,-27.7,0,0,9526.5,38.1658741,-122.4607709,32.4,106.3,0,0,0
365.20,160.0,99.4,8334,52.0,4,-24.4,0,0,9530.5,38.1658554,-122.4607316,32.4,106.3,0,0,0
365.30,158.7,98.6,8251,40.0,4,-20.6,0,0,9534.6,38.1658371,-122.4606916,32.4,106.3,0,0,0
365.40,157.4,97.8,8186,27.0,4,-16.4,0,0,9538.6,38.1658190,-122.4606512,32.4,106.3,0,0,0
365.50,156.2,97.1,8166,31.5,4,-12.0,0,0,9542.7,38.1658010,-122.4606108,32.4,106.3,0,0,0
365.60,156.5,97.2,8217,35.0,4,-7.7,0,0,9546.8,38.1657831,-122.4605702,32.4,106.3,0,0,0
365.70,156.8,97.5,8208,29.0,4,-3.9,0,0,9550.8,38.1657653,-122.4605297,32.4,106.3,0,0,0
365.80,156.5,97.2,8175,25.0,4,-0.0,0,0,9554.9,38.1657477,-122.4604890,30.8,101.0,0,0,0
365.90,156.5,97.2,8183,22.5,4,1.8,0,0,9559.0,38.1657299,-122.4604483,30.8,101.0,0,0,0
366.00,155.4,96.6,8110,11.0,4,5.4,0,0,9563.0,38.1657121,-122.4604078,30.8,101.0,0,0,0
366.10,156.1,97.0,8009,0.0,4,11.1,0,0,9567.1,38.1656943,-122.4603673,30.8,101.0,0,0,0
366.20,154.1,95.7,8137,0.0,4,16.5,0,0,9571.1,38.1656767,-122.4603271,30.8,101.0,0,0,0
366.30,155.8,96.8,8179,0.0,4,20.3,0,0,9575.1,38.1656589,-122.4602871,30.8,101.0,0,0,0
366.40,156.3,97.1,8206,0.0,4,24.5,0,0,9579.1,38.1656407,-122.4602474,30.8,101.0,0,0,0
366.50,156.6,97.3,8215,0.0,4,26.9,0,0,9583.1,38.1656222,-122.4602081,30.8,101.0,0,0,0
366.60,156.5,97.2,8117,0.0,4,27.1,0,0,9587.1,38.1656037,-122.4601694,30.8,101.0,0,0,0
366.70,154.7,96.2,8067,0.0,4,26.4,0,0,9591.0,38.1655849,-122.4601314,30.8,101.0,0,0,0
366.80,154.3,95.9,8017,0.0,4,26.6,0,0,9594.9,38.1655657,-122.4600938,29.0,95.1,0,0,0
366.90,153.4,95.3,8013,0.0,4,26.6,0,0,9598.9,38.1655462,-122.4600567,29.0,95.1,0,0,0
367.00,153.0,95.1,7962,0.0,4,26.1,0,0,9602.7,38.1655264,-122.4600201,29.0,95.1,0,0,0
367.10,151.9,94.4,7887,0.0,4,25.8,0,0,9606.6,38.1655062,-122.4599841,29.0,95.1,0,0,0
367.20,150.3,93.4,7748,0.0,4,23.7,0,0,9610.4,38.1654860,-122.4599484,29.0,95.1,0,0,0
367.30,148.1,92.0,7730,0.0,4,21.5,0,0,9614.3,38.1654656,-122.4599134,29.0,95.1,0,0,0
367.40,147.5,91.7,7691,0.0,4,19.1,0,0,9618.0,38.1654449,-122.4598791,29.0,95.1,0,0,0
367.50,145.6,90.5,7553,0.0,4,14.3,0,0,9621.8,38.1654239,-122.4598451,29.0,95.1,0,0,0
367.60,144.2,89.6,7465,0.0,4,10.8,0,0,9625.6,38.1654027,-122.4598114,29.0,95.1,0,0,0
367.70,142.8,88.7,7408,0.0,4,7.9,0,0,9629.3,38.1653813,-122.4597781,29.0,95.1,0,0,0
367.80,141.6,88.0,7386,0.0,4,4.9,0,0,9633.1,38.1653600,-122.4597454,27.4,89.9,0,0,0
367.90,140.6,87.4,7346,0.0,4,2.0,0,0,9636.8,38.1653387,-122.4597130,27.4,89.9,0,0,0
368.00,139.7,86.8,7308,0.0,4,-2.5,0,0,9640.4,38.1653173,-122.4596807,27.4,89.9,0,0,0
368.10,139.5,86.7,7275,0.0,4,-8.3,0,0,9644.1,38.1652961,-122.4596483,27.4,89.9,0,0,0
368.20,139.3,86.6,7291,0.0,4,-14.1,0,0,9647.8,38.1652753,-122.4596161,27.4,89.9,0,0,0
368.30,139.4,86.6,7344,0.0,4,-19.9,0,0,9651.4,38.1652548,-122.4595839,27.4,89.9,0,0,0
368.40,139.6,86.7,7346,0.0,4,-25.0,0,0,9655.0,38.1652346,-122.4595517,27.4,89.9,0,0,0
368.50,139.9,86.9,7339,2.0,4,-29.2,0,0,9658.6,38.1652149,-122.4595193,27.4,89.9,0,0,0
368.60,140.3,87.2,7417,9.0,4,-31.8,0,0,9662.1,38.1651956,-122.4594870,27.4,89.9,0,0,0
368.70,141.0,87.6,7441,16.5,4,-33.6,0,0,9665.6,38.1651769,-122.4594546,27.4,89.9,0,0,0
368.80,141.6,88.0,7788,25.5,4,-35.0,0,0,9669.2,38.1651586,-122.4594216,26.2,86.0,0,0,0
368.90,142.9,88.8,7461,25.5,4,-35.1,0,0,9672.7,38.1651409,-122.4593882,26.2,86.0,0,0,0
369.00,142.8,88.7,7450,19.0,4,-35.8,0,0,9676.2,38.1651237,-122.4593544,26.2,86.0,0,0,0
369.10,142.4,88.5,7437,15.5,4,-37.2,0,0,9679.7,38.1651071,-122.4593202,26.2,86.0,0,0,0
369.20,141.9,88.2,7437,16.5,4,-38.3,0,0,9683.2,38.1650911,-122.4592859,26.2,86.0,0,0,0
369.30,142.1,88.3,7461,21.0,4,-39.2,0,0,9686.7,38.1650754,-122.4592513,26.2,86.0,0,0,0
369.40,142.1,88.3,7432,24.0,4,-39.4,0,0,9690.2,38.1650605,-122.4592162,26.2,86.0,0,0,0
369.50,142.5,88.5,7415,24.0,4,-38.8,0,0,9693.7,38.1650464,-122.4591807,26.2,86.0,0,0,0
369.60,141.2,87.7,7395,30.0,4,-37.2,0,0,9697.1,38.1650331,-122.4591449,26.2,86.0,0,0,0
369.70,141.1,87.7,7393,34.0,4,-37.0,0,0,9700.6,38.1650204,-122.4591087,26.2,86.0,0,0,0
369.80,141.4,87.9,7452,36.0,4,-37.1,0,0,9704.1,38.1650081,-122.4590722,25.1,82.3,0,0,0
369.90,141.9,88.2,7446,44.5,4,-37.0,0,0,9707.5,38.1649964,-122.4590356,25.1,82.3,0,0,0
370.00,142.1,88.3,7582,52.0,4,-37.2,0,0,9711.0,38.1649852,-122.4589986,25.1,82.3,0,0,0
370.10,144.5,89.8,7652,60.5,4,-37.8,0,0,9714.5,38.1649747,-122.4589612,25.1,82.3,0,0,0
370.20,145.6,90.4,7588,61.0,4,-37.5,0,0,9717.9,38.1649648,-122.4589236,25.1,82.3,0,0,0
370.30,144.5,89.8,7595,64.5,4,-36.4,0,0,9721.4,38.1649554,-122.4588855,25.1,82.3,0,0,0
370.40,145.4,90.3,7605,65.5,4,-35.2,0,0,9725.0,38.1649467,-122.4588466,25.1,82.3,0,0,0
370.50,146.7,91.1,7654,64.5,4,-34.0,0,0,9728.5,38.1649388,-122.4588072,25.1,82.3,0,0,0
370.60,145.7,90.5,7620,69.0,4,-32.4,0,0,9732.1,38.1649314,-122.4587676,25.1,82.3,0,0,0
370.70,145.4,90.3,7557,65.0,4,-29.0,0,0,9735.7,38.1649244,-122.4587276,25.1,82.3,0,0,0
370.80,144.9,90.0,7544,61.5,4,-24.1,0,0,9739.3,38.1649181,-122.4586869,23.8,78.1,0,0,0
370.90,143.3,89.1,7538,61.5,4,-19.6,0,0,9742.9,38.1649124,-122.4586460,23.8,78.1,0,0,0
371.00,143.9,89.4,7542,61.5,4,-15.2,0,0,9746.5,38.1649071,-122.4586049,23.8,78.1,0,0,0
371.10,143.5,89.2,7519,56.5,4,-9.2,0,0,9750.2,38.1649021,-122.4585636,23.8,78.1,0,0,0
371.20,143.8,89.3,7540,52.0,4,-2.4,0,0,9753.9,38.1648972,-122.4585219,23.8,78.1,0,0,0
371.30,143.8,89.3,7607,45.0,4,6.2,0,0,9757.6,38.1648924,-122.4584800,23.8,78.1,0,0,0
371.40,145.1,90.2,7665,46.5,4,13.9,0,0,9761.3,38.1648872,-122.4584380,23.8,78.1,0,0,0
371.50,146.7,91.1,7736,48.5,4,18.6,0,0,9765.0,38.1648819,-122.4583959,23.8,78.1,0,0,0
371.60,148.2,92.1,7829,50.0,4,21.5,0,0,9768.8,38.1648763,-122.4583537,23.8,78.1,0,0,0
371.70,150.3,93.4,7935,48.0,4,24.3,0,0,9772.5,38.1648702,-122.4583113,23.8,78.1,0,0,0
371.80,152.1,94.5,8011,45.0,4,27.9,0,0,9776.3,38.1648637,-122.4582691,22.2,72.8,0,0,0
371.90,152.8,94.9,8046,46.5,4,30.3,0,0,9780.1,38.1648569,-122.4582270,22.2,72.8,0,0,0
372.00,153.9,95.6,8124,53.0,4,32.2,0,0,9783.8,38.1648496,-122.4581850,22.2,72.8,0,0,0
372.10,155.9,96.8,8279,54.0,4,34.7,0,0,9787.6,38.1648418,-122.4581430,22.2,72.8,0,0,0
372.20,158.3,98.4,8260,54.5,4,36.5,0,0,9791.4,38.1648333,-122.4581011,22.2,72.8,0,0,0
372.30,157.6,97.9,8297,57.0,4,37.4,0,0,9795.2,38.1648239,-122.4580593,22.2,72.8,0,0,0
372.40,158.4,98.4,8415,59.5,4,37.6,0,0,9799.0,38.1648139,-122.4580178,22.2,72.8,0,0,0
372.50,159.9,99.3,8446,69.0,4,37.8,0,0,9802.8,38.1648033,-122.4579763,22.2,72.8,0,0,0
372.60,161.2,100.1,8572,72.0,4,38.2,0,0,9806.6,38.1647918,-122.4579351,22.2,72.8,0,0,0
372.70,163.1,101.3,8621,73.5,4,38.3,0,0,9810.5,38.1647796,-122.4578940,22.2,72.8,0,0,0
372.80,164.9,102.5,8624,74.5,4,38.3,0,0,9814.3,38.1647669,-122.4578530,20.9,68.6,0,0,0
372.90,164.9,102.5,8699,74.5,4,38.0,0,0,9818.2,38.1647535,-122.4578121,20.9,68.6,0,0,0
373.00,166.3,103.3,8754,79.5,4,37.9,0,0,9822.1,38.1647393,-122.4577713,20.9,68.6,0,0,0
373.10,167.2,103.9,8831,86.0,4,37.4,0,0,9826.0,38.1647241,-122.4577307,20.9,68.6,0,0,0
373.20,168.7,104.8,8948,90.0,4,36.8,0,0,9830.0,38.1647083,-122.4576900,20.9,68.6,0,0,0
373.30,170.8,106.1,8961,89.0,4,35.8,0,0,9834.0,38.1646918,-122.4576493,20.9,68.6,0,0,0
373.40,171.3,106.5,8980,75.0,4,34.9,0,0,9838.0,38.1646746,-122.4576088,20.9,68.6,0,0,0
373.50,171.0,106.2,9007,67.0,4,35.0,0,0,9842.1,38.1646566,-122.4575682,20.9,68.6,0,0,0
373.60,171.4,106.5,9023,66.5,4,35.4,0,0,9846.2,38.1646382,-122.4575278,20.9,68.6,0,0,0
373.70,172.2,107.0,9133,66.0,4,35.1,0,0,9850.3,38.1646193,-122.4574873,20.9,68.6,0,0,0
373.80,174.0,108.1,9039,65.0,4,35.2,0,0,9854.4,38.1645998,-122.4574471,20.5,67.3,0,0,0
373.90,172.7,107.3,9099,65.0,4,34.8,0,0,9858.6,38.1645796,-122.4574073,20.5,67.3,0,0,0
374.00,173.7,107.9,9086,65.5,4,33.8,0,0,9862.7,38.1645589,-122.4573678,20.5,67.3,0,0,0
374.10,173.2,107.6,9144,70.0,4,32.3,0,0,9866.9,38.1645379,-122.4573283,20.5,67.3,0,0,0
374.20,174.4,108.3,9108,69.0,4,30.4,0,0,9871.1,38.1645163,-122.4572890,20.5,67.3,0,0,0
374.30,173.7,107.9,8956,69.0,4,26.9,0,0,9875.3,38.1644942,-122.4572498,20.5,67.3,0,0,0
374.40,171.6,106.6,8932,67.0,4,23.1,0,0,9879.5,38.1644717,-122.4572105,20.5,67.3,0,0,0
374.50,170.9,106.2,8900,63.5,4,20.8,0,0,9883.8,38.1644489,-122.4571715,20.5,67.3,0,0,0
374.60,169.4,105.3,8879,62.0,4,18.3,0,0,9888.1,38.1644259,-122.4571323,20.5,67.3,0,0,0
374.70,169.2,105.2,8863,61.0,4,14.8,0,0,9892.3,38.1644026,-122.4570934,20.5,67.3,0,0,0
374.80,169.2,105.1,8821,56.5,4,11.4,0,0,9896.6,38.1643786,-122.4570547,19.4,63.6,0,0,0
374.90,168.9,105.0,8762,40.0,4,8.5,0,0,9901.0,38.1643540,-122.4570159,19.4,63.6,0,0,0
375.00,167.2,103.9,8311,0.0,4,5.9,0,0,9905.4,38.1643293,-122.4569770,19.4,63.6,0,0,0
375.10,165.7,103.0,8509,0.0,4,4.0,0,0,9909.7,38.1643048,-122.4569381,19.4,63.6,0,0,0
375.20,162.8,101.2,8521,0.0,4,2.8,0,0,9914.1,38.1642802,-122.4568994,19.4,63.6,0,0,0
375.30,163.1,101.3,8508,0.0,4,1.3,0,0,9918.4,38.1642558,-122.4568611,19.4,63.6,0,0,0
375.40,163.0,101.3,8497,0.0,4,-0.3,0,0,9922.7,38.1642312,-122.4568230,19.4,63.6,0,0,0
375.50,162.4,100.9,8523,0.0,4,-1.2,0,0,9927.0,38.1642068,-122.4567850,19.4,63.6,0,0,0
375.60,162.4,100.9,8499,0.0,4,-1.5,0,0,9931.3,38.1641823,-122.4567470,19.4,63.6,0,0,0
375.70,161.8,100.5,8468,0.0,4,-2.1,0,0,9935.6,38.1641581,-122.4567090,19.4,63.6,0,0,0
375.80,161.0,100.0,8423,0.0,4,-2.0,0,0,9939.8,38.1641340,-122.4566710,17.0,55.8,0,0,0
375.90,160.5,99.7,8355,0.0,4,-2.0,0,0,9944.1,38.1641100,-122.4566331,17.0,55.8,0,0,0
376.00,159.5,99.1,8341,0.0,4,-2.1,0,0,9948.3,38.1640861,-122.4565954,17.0,55.8,0,0,0
376.10,159.0,98.8,8283,0.0,4,-1.8,0,0,9952.5,38.1640623,-122.4565581,17.0,55.8,0,0,0
376.20,158.3,98.4,8253,0.0,4,-1.1,0,0,9956.7,38.1640388,-122.4565213,17.0,55.8,0,0,0
376.30,157.6,97.9,8195,0.0,4,-0.9,0,0,9960.8,38.1640152,-122.4564848,17.0,55.8,0,0,0
376.40,156.7,97.4,8181,0.0,4,-1.5,0,0,9964.9,38.1639918,-122.4564483,17.0,55.8,0,0,0
376.50,155.8,96.8,8087,0.0,4,-1.7,0,0,9969.0,38.1639683,-122.4564121,17.0,55.8,0,0,0
376.60,154.5,96.0,7985,0.0,4,-1.4,0,0,9973.1,38.1639451,-122.4563761,17.0,55.8,0,0,0
376.70,152.4,94.7,7866,0.0,4,-1.2,0,0,9977.1,38.1639220,-122.4563404,17.0,55.8,0,0,0
376.80,150.5,93.5,7770,0.0,4,-1.3,0,0,9981.1,38.1638991,-122.4563051,15.0,49.2,0,0,0
376.90,148.2,92.1,7632,0.0,4,-1.3,0,0,9985.1,38.1638764,-122.4562704,15.0,49.2,0,0,0
377.00,145.4,90.4,7487,0.0,4,-1.2,0,0,9989.0,38.1638541,-122.4562361,15.0,49.2,0,0,0
377.10,142.7,88.7,7357,0.0,4,-1.2,0,0,9992.8,38.1638320,-122.4562021,15.0,49.2,0,0,0
377.20,140.5,87.3,7248,0.0,4,-1.1,0,0,9996.6,38.1638101,-122.4561684,15.0,49.2,0,0,0
377.30,138.8,86.2,8352,0.0,4,-1.0,0,0,10000.4,38.1637884,-122.4561354,15.0,49.2,0,0,0
377.40,131.1,81.5,8746,0.0,3,-0.9,0,0,10004.1,38.1637671,-122.4561031,15.0,49.2,0,0,0
377.50,136.4,84.8,8567,0.0,3,-0.7,0,0,10007.7,38.1637464,-122.4560714,15.0,49.2,0,0,0
377.60,135.1,83.9,7979,0.0,3,-0.5,0,0,10011.2,38.1637261,-122.4560401,15.0,49.2,0,0,0
377.70,127.9,79.5,8141,0.0,3,-0.3,0,0,10014.8,38.1637060,-122.4560091,15.0,49.2,0,0,0
377.80,129.2,80.3,8032,0.0,3,-0.0,0,0,10018.2,38.1636860,-122.4559784,14.1,46.3,0,0,0
377.90,127.7,79.4,7939,0.0,3,0.3,0,0,10021.7,38.1636661,-122.4559481,14.1,46.3,0,0,0
378.00,126.2,78.4,7746,0.0,3,0.7,0,0,10025.1,38.1636464,-122.4559184,14.1,46.3,0,0,0
378.10,123.4,76.7,7601,0.0,3,0.9,0,0,10028.4,38.1636271,-122.4558891,14.1,46.3,0,0,0
378.20,120.9,75.1,7480,0.0,3,1.2,0,0,10031.7,38.1636081,-122.4558604,14.1,46.3,0,0,0
378.30,119.2,74.1,7389,0.0,3,1.3,0,0,10034.9,38.1635894,-122.4558321,14.1,46.3,0,0,0
378.40,117.1,72.8,7170,0.0,3,1.4,0,0,10038.1,38.1635711,-122.4558044,14.1,46.3,0,0,0
378.50,114.1,70.9,7037,0.0,3,1.5,0,0,10041.2,38.1635531,-122.4557771,14.1,46.3,0,0,0
378.60,112.2,69.7,8026,0.0,3,1.5,0,0,10044.3,38.1635354,-122.4557504,14.1,46.3,0,0,0
378.70,103.5,64.3,8489,0.0,2,1.7,0,0,10047.3,38.1635181,-122.4557241,14.1,46.3,0,0,0
378.80,108.5,67.4,8434,0.0,2,1.8,0,0,10050.2,38.1635010,-122.4556984,13.1,43.0,0,0,0
378.90,107.0,66.5,8251,0.0,2,1.5,0,0,10053.1,38.1634841,-122.4556731,13.1,43.0,0,0,0
379.00,105.3,65.4,8148,0.0,2,1.2,0,0,10056.0,38.1634674,-122.4556484,13.1,43.0,0,0,0
379.10,103.5,64.3,7985,0.0,2,0.9,0,0,10058.7,38.1634511,-122.4556244,13.1,43.0,0,0,0
379.20,101.5,63.0,7815,0.0,2,0.5,0,0,10061.5,38.1634351,-122.4556008,13.1,43.0,0,0,0
379.30,99.2,61.7,7663,0.0,2,0.4,0,0,10064.1,38.1634194,-122.4555776,13.1,43.0,0,0,0
379.40,97.5,60.6,7510,0.0,2,0.6,0,0,10066.8,38.1634041,-122.4555548,13.1,43.0,0,0,0
379.50,95.5,59.4,7370,0.0,2,1.2,0,0,10069.3,38.1633890,-122.4555324,13.1,43.0,0,0,0
379.60,93.6,58.2,7264,0.0,2,2.1,0,0,10071.9,38.1633741,-122.4555104,13.1,43.0,0,0,0
379.70,92.5,57.5,7163,0.0,2,3.1,0,0,10074.4,38.1633594,-122.4554891,13.1,43.0,0,0,0
379.80,91.0,56.6,7089,0.0,2,4.2,0,0,10076.8,38.1633450,-122.4554681,12.5,41.0,0,0,0
379.90,90.0,55.9,7029,0.0,2,4.9,0,0,10079.2,38.1633308,-122.4554474,12.5,41.0,0,0,0
380.00,89.2,55.4,6966,0.0,2,5.9,0,0,10081.6,38.1633166,-122.4554271,12.5,41.0,0,0,0
380.10,88.4,54.9,6869,0.0,2,6.6,0,0,10083.9,38.1633028,-122.4554071,12.5,41.0,0,0,0
380.20,87.2,54.2,6800,0.0,2,7.8,0,0,10086.2,38.1632889,-122.4553874,12.5,41.0,0,0,0
380.30,86.4,53.7,6708,0.0,2,10.7,0,0,10088.5,38.1632751,-122.4553681,12.5,41.0,0,0,0
380.40,85.4,53.1,6670,0.0,2,13.6,0,0,10090.7,38.1632613,-122.4553493,12.5,41.0,0,0,0
380.50,84.7,52.6,6595,0.0,2,15.3,0,0,10093.0,38.1632477,-122.4553308,12.5,41.0,0,0,0
380.60,83.7,52.0,6531,0.0,2,17.6,0,0,10095.2,38.1632339,-122.4553127,12.5,41.0,0,0,0
380.70,82.8,51.5,6466,0.0,2,20.5,0,0,10097.3,38.1632200,-122.4552951,12.5,41.0,0,0,0
380.80,82.0,50.9,6405,0.0,2,22.7,0,0,10099.5,38.1632061,-122.4552781,11.9,39.0,0,0,0
380.90,81.2,50.5,6316,0.0,2,24.2,0,0,10101.6,38.1631923,-122.4552614,11.9,39.0,0,0,0
381.00,80.2,49.8,6209,0.0,2,25.7,0,0,10103.7,38.1631787,-122.4552454,11.9,39.0,0,0,0
381.10,78.8,48.9,6153,0.0,2,27.7,0,0,10105.7,38.1631649,-122.4552302,11.9,39.0,0,0,0
381.20,77.9,48.4,6079,0.0,2,29.2,0,0,10107.7,38.1631510,-122.4552157,11.9,39.0,0,0,0
381.30,77.2,48.0,6015,0.0,2,30.3,0,0,10109.6,38.1631370,-122.4552021,11.9,39.0,0,0,0
381.40,76.3,47.4,5928,0.0,2,31.6,0,0,10111.6,38.1631230,-122.4551891,11.9,39.0,0,0,0
381.50,75.1,46.7,5853,0.0,2,32.7,0,0,10113.5,38.1631090,-122.4551764,11.9,39.0,0,0,0
381.60,74.3,46.2,5783,0.0,2,33.6,0,0,10115.4,38.1630950,-122.4551645,11.9,39.0,0,0,0
381.70,73.4,45.6,5680,0.0,2,33.5,0,0,10117.2,38.1630810,-122.4551535,11.9,39.0,0,0,0
381.80,72.3,44.9,5612,0.0,2,33.4,0,0,10119.0,38.1630670,-122.4551434,11.1,36.4,0,0,0
381.90,71.0,44.1,5531,0.0,2,33.7,0,0,10120.7,38.1630530,-122.4551341,11.1,36.4,0,0,0
382.00,70.0,43.5,5500,0.0,2,34.4,0,0,10122.5,38.1630389,-122.4551254,11.1,36.4,0,0,0
382.10,69.6,43.2,5464,0.0,2,35.3,0,0,10124.2,38.1630246,-122.4551174,11.1,36.4,0,0,0
382.20,69.2,43.0,5432,0.0,2,36.2,0,0,10126.0,38.1630099,-122.4551102,11.1,36.4,0,0,0
382.30,68.6,42.7,5382,0.0,2,37.5,0,0,10127.7,38.1629951,-122.4551037,11.1,36.4,0,0,0
382.40,68.2,42.4,5328,0.0,2,38.2,0,0,10129.4,38.1629803,-122.4550982,11.1,36.4,0,0,0
382.50,68.1,42.3,5261,0.0,2,38.0,0,0,10131.1,38.1629657,-122.4550935,11.1,36.4,0,0,0
382.60,67.1,41.7,5161,0.0,2,37.4,0,0,10132.8,38.1629509,-122.4550898,11.1,36.4,0,0,0
382.70,65.4,40.7,5101,0.0,2,36.1,0,0,10134.4,38.1629361,-122.4550872,11.1,36.4,0,0,0
382.80,64.8,40.2,5047,0.0,2,34.4,0,0,10136.1,38.1629213,-122.4550854,10.7,35.1,0,0,0
382.90,64.0,39.8,4932,0.0,2,31.6,0,0,10137.7,38.1629068,-122.4550842,10.7,35.1,0,0,0
383.00,62.2,38.7,4821,0.0,2,28.0,0,0,10139.3,38.1628923,-122.4550837,10.7,35.1,0,0,0
383.10,61.0,37.9,4640,0.0,2,23.7,0,0,10140.9,38.1628781,-122.4550842,10.7,35.1,0,0,0
383.20,59.3,36.8,4561,0.0,2,17.6,0,0,10142.5,38.1628641,-122.4550854,10.7,35.1,0,0,0
383.30,57.9,36.0,4476,0.0,2,9.6,0,0,10144.0,38.1628504,-122.4550871,10.7,35.1,0,0,0
383.40,56.7,35.2,4427,0.0,2,0.9,0,0,10145.5,38.1628370,-122.4550890,10.7,35.1,0,0,0
383.50,56.2,34.9,4440,0.0,2,-7.5,0,0,10147.0,38.1628237,-122.4550910,10.7,35.1,0,0,0
383.60,56.3,35.0,4425,0.0,2,-15.1,0,0,10148.5,38.1628103,-122.4550929,10.7,35.1,0,0,0
383.70,56.3,35.0,4462,0.0,2,-21.8,0,0,10150.0,38.1627971,-122.4550946,10.7,35.1,0,0,0
383.80,56.6,35.2,4468,0.0,2,-26.1,0,0,10151.4,38.1627843,-122.4550959,10.7,35.1,0,0,0
383.90,56.5,35.1,4449,4.0,2,-28.5,0,0,10152.8,38.1627717,-122.4550966,10.7,35.1,0,0,0
384.00,56.7,35.2,4600,13.0,2,-29.7,0,0,10154.2,38.1627589,-122.4550965,10.7,35.1,0,0,0
384.10,56.4,35.1,4713,26.0,2,-30.9,0,0,10155.6,38.1627461,-122.4550956,10.7,35.1,0,0,0
384.20,57.6,35.8,4660,30.0,2,-32.1,0,0,10157.1,38.1627333,-122.4550939,10.7,35.1,0,0,0
384.30,58.3,36.3,4742,36.0,2,-33.5,0,0,10158.5,38.1627208,-122.4550916,10.7,35.1,0,0,0
384.40,59.9,37.2,4777,36.0,2,-34.4,0,0,10159.9,38.1627082,-122.4550885,10.7,35.1,0,0,0
384.50,60.6,37.6,4822,33.0,2,-35.2,0,0,10161.3,38.1626957,-122.4550846,10.7,35.1,0,0,0
384.60,61.4,38.2,4921,33.0,2,-35.9,0,0,10162.8,38.1626830,-122.4550798,10.7,35.1,0,0,0
384.70,62.3,38.7,4948,34.5,2,-36.5,0,0,10164.3,38.1626703,-122.4550743,10.7,35.1,0,0,0
384.80,62.9,39.1,5050,34.5,2,-37.0,0,0,10165.8,38.1626578,-122.4550678,10.2,33.5,0,0,0
384.90,64.6,40.1,5138,35.5,2,-36.9,0,0,10167.3,38.1626453,-122.4550606,10.2,33.5,0,0,0
385.00,65.6,40.7,5126,40.0,2,-36.6,0,0,10168.9,38.1626331,-122.4550525,10.2,33.5,0,0,0
385.10,65.7,40.8,5308,43.0,2,-36.8,0,0,10170.4,38.1626211,-122.4550435,10.2,33.5,0,0,0
385.20,66.9,41.6,5423,50.0,2,-37.3,0,0,10172.0,38.1626093,-122.4550335,10.2,33.5,0,0,0
385.30,70.0,43.5,5584,56.0,2,-37.5,0,0,10173.6,38.1625978,-122.4550226,10.2,33.5,0,0,0
385.40,71.3,44.3,5719,56.0,2,-37.7,0,0,10175.2,38.1625862,-122.4550108,10.2,33.5,0,0,0
385.50,72.5,45.0,5817,56.0,2,-37.6,0,0,10176.9,38.1625748,-122.4549982,10.2,33.5,0,0,0
385.60,74.0,46.0,5986,62.5,2,-37.2,0,0,10178.6,38.1625636,-122.4549845,10.2,33.5,0,0,0
385.70,76.4,47.5,6143,62.5,2,-36.9,0,0,10180.4,38.1625528,-122.4549698,10.2,33.5,0,0,0
385.80,78.4,48.7,6279,62.5,2,-36.7,0,0,10182.2,38.1625420,-122.4549543,9.6,31.5,0,0,0
385.90,80.1,49.7,6413,62.5,2,-36.6,0,0,10184.1,38.1625314,-122.4549378,9.6,31.5,0,0,0
386.00,82.1,51.0,6560,66.0,2,-36.3,0,0,10186.0,38.1625211,-122.4549205,9.6,31.5,0,0,0
386.10,84.5,52.5,6727,68.0,2,-35.8,0,0,10187.9,38.1625110,-122.4549022,9.6,31.5,0,0,0
386.20,86.1,53.5,6859,69.0,2,-35.5,0,0,10189.9,38.1625011,-122.4548828,9.6,31.5,0,0,0
386.30,87.8,54.6,7039,69.5,2,-35.0,0,0,10192.0,38.1624914,-122.4548626,9.6,31.5,0,0,0
386.40,90.2,56.1,7182,70.0,2,-34.6,0,0,10194.1,38.1624821,-122.4548415,9.6,31.5,0,0,0
386.50,91.7,57.0,7346,70.0,2,-34.1,0,0,10196.3,38.1624734,-122.4548196,9.6,31.5,0,0,0
386.60,93.5,58.1,7459,70.0,2,-33.5,0,0,10198.5,38.1624651,-122.4547968,9.6,31.5,0,0,0
386.70,94.9,59.0,7648,70.0,2,-33.0,0,0,10200.7,38.1624571,-122.4547733,9.6,31.5,0,0,0
386.80,97.6,60.6,7770,71.5,2,-32.6,0,0,10203.0,38.1624494,-122.4547488,9.2,30.2,0,0,0
386.90,99.2,61.7,7939,72.0,2,-31.8,0,0,10205.4,38.1624421,-122.4547236,9.2,30.2,0,0,0
387.00,101.0,62.8,8048,72.0,2,-30.7,0,0,10207.7,38.1624351,-122.4546978,9.2,30.2,0,0,0
387.10,102.2,63.5,8195,71.5,2,-29.3,0,0,10210.2,38.1624284,-122.4546713,9.2,30.2,0,0,0
387.20,104.5,65.0,8292,70.5,2,-27.8,0,0,10212.7,38.1624221,-122.4546438,9.2,30.2,0,0,0
387.30,105.4,65.5,8350,68.5,2,-25.7,0,0,10215.2,38.1624161,-122.4546156,9.2,30.2,0,0,0
387.40,106.1,65.9,8390,65.0,2,-23.1,0,0,10217.8,38.1624104,-122.4545866,9.2,30.2,0,0,0
387.50,106.4,66.1,8385,63.0,2,-20.0,0,0,10220.5,38.1624054,-122.4545569,9.2,30.2,0,0,0
387.60,107.1,66.5,8538,62.5,2,-17.2,0,0,10223.2,38.1624008,-122.4545266,9.2,30.2,0,0,0
387.70,108.5,67.4,8624,58.5,2,-14.6,0,0,10225.9,38.1623963,-122.4544959,9.2,30.2,0,0,0
387.80,110.5,68.7,8734,56.5,2,-13.3,0,0,10228.7,38.1623921,-122.4544646,8.9,29.2,0,0,0
387.90,110.7,68.8,8780,56.5,2,-9.9,0,0,10231.5,38.1623880,-122.4544329,8.9,29.2,0,0,0
388.00,111.6,69.4,8798,55.5,2,-4.9,0,0,10234.4,38.1623840,-122.4544006,8.9,29.2,0,0,0
388.10,112.0,69.6,8945,55.0,2,-0.8,0,0,10237.3,38.1623799,-122.4543679,8.9,29.2,0,0,0
388.20,113.5,70.5,8504,55.0,2,2.9,0,0,10240.2,38.1623757,-122.4543350,8.9,29.2,0,0,0
388.30,112.5,69.9,7039,55.5,3,5.2,0,0,10243.1,38.1623712,-122.4543019,8.9,29.2,0,0,0
388.40,114.9,71.4,7334,56.0,3,7.8,0,0,10246.1,38.1623667,-122.4542687,8.9,29.2,0,0,0
388.50,116.9,72.7,7402,56.0,3,10.8,0,0,10249.0,38.1623619,-122.4542352,8.9,29.2,0,0,0
388.60,118.2,73.4,7517,54.5,3,14.0,0,0,10252.0,38.1623570,-122.4542014,8.9,29.2,0,0,0
388.70,119.2,74.1,7595,52.5,3,17.8,0,0,10255.1,38.1623519,-122.4541672,8.9,29.2,0,0,0
388.80,121.3,75.4,7699,52.5,3,21.4,0,0,10258.1,38.1623466,-122.4541330,8.2,26.9,0,0,0
388.90,123.1,76.5,7797,52.5,3,23.3,0,0,10261.2,38.1623409,-122.4540987,8.2,26.9,0,0,0
389.00,124.6,77.4,7901,50.5,3,25.6,0,0,10264.3,38.1623347,-122.4540643,8.2,26.9,0,0,0
389.10,126.1,78.4,8000,49.5,3,27.9,0,0,10267.4,38.1623282,-122.4540301,8.2,26.9,0,0,0
389.20,127.1,79.0,8074,49.0,3,29.9,0,0,10270.4,38.1623216,-122.4539959,8.2,26.9,0,0,0
389.30,128.4,79.8,8141,49.0,3,31.4,0,0,10273.5,38.1623145,-122.4539617,8.2,26.9,0,0,0
389.40,129.7,80.6,8183,47.5,3,32.1,0,0,10276.7,38.1623066,-122.4539273,8.2,26.9,0,0,0
389.50,130.3,81.0,8229,42.5,3,33.2,0,0,10279.8,38.1622979,-122.4538931,8.2,26.9,0,0,0
389.60,130.4,81.0,8233,35.0,3,34.2,0,0,10283.0,38.1622886,-122.4538590,8.2,26.9,0,0,0
389.70,130.9,81.4,8253,41.5,3,35.0,0,0,10286.1,38.1622789,-122.4538250,8.2,26.9,0,0,0
389.80,131.4,81.6,8315,47.5,3,34.8,0,0,10289.3,38.1622686,-122.4537911,7.5,24.6,0,0,0
389.90,132.5,82.3,8380,51.0,3,34.9,0,0,10292.5,38.1622579,-122.4537574,7.5,24.6,0,0,0
390.00,133.5,83.0,8422,50.5,3,35.8,0,0,10295.7,38.1622466,-122.4537241,7.5,24.6,0,0,0
390.10,134.5,83.6,8477,50.5,3,36.8,0,0,10298.8,38.1622345,-122.4536910,7.5,24.6,0,0,0
390.20,135.2,84.0,8511,46.0,3,37.9,0,0,10302.1,38.1622216,-122.4536580,7.5,24.6,0,0,0
390.30,135.5,84.2,8572,44.0,3,38.7,0,0,10305.3,38.1622079,-122.4536251,7.5,24.6,0,0,0
390.40,135.3,84.1,8557,44.5,3,39.2,0,0,10308.6,38.1621936,-122.4535924,7.5,24.6,0,0,0
390.50,136.6,84.9,8631,44.5,3,39.4,0,0,10311.9,38.1621786,-122.4535604,7.5,24.6,0,0,0
390.60,137.7,85.6,8654,44.5,3,39.4,0,0,10315.1,38.1621629,-122.4535288,7.5,24.6,0,0,0
390.70,137.4,85.3,8669,44.5,3,39.9,0,0,10318.4,38.1621469,-122.4534974,7.5,24.6,0,0,0
390.80,137.8,85.6,8649,44.5,3,40.3,0,0,10321.7,38.1621303,-122.4534664,6.9,22.6,0,0,0
390.90,137.7,85.6,8696,44.5,3,40.6,0,0,10325.0,38.1621129,-122.4534361,6.9,22.6,0,0,0
391.00,138.3,86.0,8726,46.0,3,40.6,0,0,10328.2,38.1620949,-122.4534064,6.9,22.6,0,0,0
391.10,139.3,86.5,8752,48.0,3,40.5,0,0,10331.5,38.1620763,-122.4533771,6.9,22.6,0,0,0
391.20,139.7,86.8,8772,48.5,3,40.6,0,0,10334.8,38.1620569,-122.4533484,6.9,22.6,0,0,0
391.30,139.3,86.6,8821,48.5,3,40.6,0,0,10338.2,38.1620369,-122.4533201,6.9,22.6,0,0,0
391.40,140.6,87.4,8871,49.5,3,40.6,0,0,10341.5,38.1620166,-122.4532924,6.9,22.6,0,0,0
391.50,141.2,87.7,8902,53.0,3,40.5,0,0,10344.8,38.1619956,-122.4532654,6.9,22.6,0,0,0
391.60,141.6,88.0,8916,55.0,3,40.2,0,0,10348.1,38.1619739,-122.4532391,6.9,22.6,0,0,0
391.70,141.9,88.2,8974,54.0,3,39.9,0,0,10351.5,38.1619516,-122.4532131,6.9,22.6,0,0,0
391.80,142.7,88.7,8988,54.0,3,39.8,0,0,10354.9,38.1619286,-122.4531874,6.9,22.6,0,0,0
391.90,143.1,88.9,9061,57.0,3,39.8,0,0,10358.3,38.1619052,-122.4531624,6.9,22.6,0,0,0
392.00,144.0,89.5,9147,60.5,3,39.4,0,0,10361.7,38.1618813,-122.4531381,6.9,22.6,0,0,0
392.10,145.5,90.4,9203,63.0,3,38.8,0,0,10365.1,38.1618569,-122.4531144,6.9,22.6,0,0,0
392.20,146.6,91.1,9226,63.0,3,38.1,0,0,10368.5,38.1618319,-122.4530914,6.9,22.6,0,0,0
392.30,146.6,91.1,9384,63.0,3,37.4,0,0,10372.0,38.1618063,-122.4530688,6.9,22.6,0,0,0
392.40,149.0,92.6,9329,65.5,3,36.9,0,0,10375.5,38.1617802,-122.4530467,6.9,22.6,0,0,0
392.50,148.6,92.4,9372,65.0,3,36.0,0,0,10379.0,38.1617536,-122.4530251,6.9,22.6,0,0,0
392.60,149.5,92.9,9402,64.5,3,35.3,0,0,10382.5,38.1617266,-122.4530041,6.9,22.6,0,0,0
392.70,149.0,92.6,9405,64.5,3,34.5,0,0,10386.1,38.1616989,-122.4529834,6.9,22.6,0,0,0
392.80,149.4,92.8,9491,65.0,3,33.6,0,0,10389.7,38.1616706,-122.4529631,6.6,21.7,0,0,0
392.90,150.8,93.7,9464,65.5,3,32.4,0,0,10393.3,38.1616419,-122.4529431,6.6,21.7,0,0,0
393.00,151.1,93.9,9518,65.5,3,31.0,0,0,10397.0,38.1616129,-122.4529237,6.6,21.7,0,0,0
393.10,151.1,93.9,9521,64.5,3,29.6,0,0,10400.6,38.1615836,-122.4529048,6.6,21.7,0,0,0
393.20,151.3,94.0,9503,62.0,3,28.2,0,0,10404.3,38.1615536,-122.4528864,6.6,21.7,0,0,0
393.30,151.2,94.0,9503,61.5,3,26.6,0,0,10408.1,38.1615232,-122.4528684,6.6,21.7,0,0,0
393.40,151.6,94.2,9473,57.5,3,24.6,0,0,10411.8,38.1614924,-122.4528511,6.6,21.7,0,0,0
393.50,150.9,93.7,9408,54.5,3,22.0,0,0,10415.6,38.1614612,-122.4528341,6.6,21.7,0,0,0
393.60,149.1,92.6,9279,42.0,3,19.7,0,0,10419.4,38.1614298,-122.4528174,6.6,21.7,0,0,0
393.70,147.9,91.9,8626,0.0,3,17.3,0,0,10423.2,38.1613982,-122.4528011,6.6,21.7,0,0,0
393.80,142.5,88.6,9036,0.0,3,14.4,0,0,10426.9,38.1613668,-122.4527854,6.4,21.0,0,0,0
393.90,143.7,89.3,8950,0.0,3,12.7,0,0,10430.7,38.1613353,-122.4527701,6.4,21.0,0,0,0
394.00,142.9,88.8,8892,0.0,3,12.5,0,0,10434.4,38.1613040,-122.4527550,6.4,21.0,0,0,0
394.10,142.0,88.2,8829,0.0,3,12.1,0,0,10438.1,38.1612728,-122.4527400,6.4,21.0,0,0,0
394.20,140.1,87.1,8780,0.0,3,11.6,0,0,10441.8,38.1612415,-122.4527251,6.4,21.0,0,0,0
394.30,139.7,86.8,8706,0.0,3,11.4,0,0,10445.5,38.1612105,-122.4527104,6.4,21.0,0,0,0
394.40,138.4,86.0,8508,0.0,3,11.3,0,0,10449.2,38.1611795,-122.4526961,6.4,21.0,0,0,0
394.50,135.6,84.2,8399,0.0,3,10.0,0,0,10452.8,38.1611489,-122.4526823,6.4,21.0,0,0,0
394.60,133.9,83.2,8274,0.0,3,8.6,0,0,10456.3,38.1611186,-122.4526688,6.4,21.0,0,0,0
394.70,131.7,81.8,8179,0.0,3,7.9,0,0,10459.8,38.1610888,-122.4526556,6.4,21.0,0,0,0
394.80,129.5,80.5,8007,0.0,3,6.6,0,0,10463.3,38.1610593,-122.4526428,6.1,20.0,0,0,0
394.90,126.9,78.9,7794,0.0,3,5.5,0,0,10466.7,38.1610301,-122.4526303,6.1,20.0,0,0,0
395.00,124.0,77.0,7700,0.0,3,5.0,0,0,10470.1,38.1610014,-122.4526181,6.1,20.0,0,0,0
395.10,122.2,75.9,7461,0.0,3,4.3,0,0,10473.4,38.1609731,-122.4526061,6.1,20.0,0,0,0
395.20,118.7,73.7,7382,0.0,3,4.1,0,0,10476.7,38.1609454,-122.4525944,6.1,20.0,0,0,0
395.30,117.9,73.3,8467,0.0,3,3.4,0,0,10479.9,38.1609181,-122.4525831,6.1,20.0,0,0,0
395.40,111.0,69.0,8940,0.0,2,2.8,0,0,10483.0,38.1608914,-122.4525721,6.1,20.0,0,0,0
395.50,114.0,70.8,8719,0.0,2,2.7,0,0,10486.1,38.1608651,-122.4525613,6.1,20.0,0,0,0
395.60,111.3,69.2,8545,0.0,2,2.4,0,0,10489.1,38.1608394,-122.4525508,6.1,20.0,0,0,0
395.70,108.5,67.4,8387,0.0,2,2.0,0,0,10492.0,38.1608141,-122.4525406,6.1,20.0,0,0,0
395.80,106.5,66.2,8213,0.0,2,1.9,0,0,10494.9,38.1607891,-122.4525308,5.7,18.7,0,0,0
395.90,104.3,64.8,8045,0.0,2,2.0,0,0,10497.8,38.1607644,-122.4525210,5.7,18.7,0,0,0
396.00,102.2,63.5,7906,0.0,2,2.0,0,0,10500.6,38.1607404,-122.4525114,5.7,18.7,0,0,0
396.10,100.3,62.3,7714,0.0,2,2.0,0,0,10503.3,38.1607171,-122.4525021,5.7,18.7,0,0,0
396.20,98.1,61.0,7603,0.0,2,1.9,0,0,10506.0,38.1606944,-122.4524930,5.7,18.7,0,0,0
396.30,96.3,59.9,7431,0.0,2,1.9,0,0,10508.6,38.1606721,-122.4524841,5.7,18.7,0,0,0
396.40,94.2,58.5,7273,0.0,2,2.0,0,0,10511.1,38.1606500,-122.4524753,5.7,18.7,0,0,0
396.50,92.1,57.2,7069,0.0,2,2.4,0,0,10513.7,38.1606281,-122.4524668,5.7,18.7,0,0,0
396.60,89.6,55.7,7147,0.0,2,2.7,0,0,10516.2,38.1606064,-122.4524583,5.7,18.7,0,0,0
396.70,87.9,54.6,8265,0.0,1,3.0,0,0,10518.6,38.1605854,-122.4524501,5.7,18.7,0,0,0
396.80,80.7,50.1,8606,0.0,1,3.4,0,0,10521.0,38.1605648,-122.4524423,5.7,18.7,0,0,0
396.90,82.9,51.5,8352,0.0,1,3.4,0,0,10523.4,38.1605444,-122.4524348,5.7,18.7,0,0,0
397.00,80.4,50.0,8108,0.0,1,3.7,0,0,10525.7,38.1605244,-122.4524273,5.7,18.7,0,0,0
397.10,78.2,48.6,7939,0.0,1,4.4,0,0,10527.9,38.1605051,-122.4524201,5.7,18.7,0,0,0
397.20,76.5,47.5,7690,0.0,1,5.2,0,0,10530.1,38.1604864,-122.4524131,5.7,18.7,0,0,0
397.30,74.0,46.0,7532,0.0,1,6.3,0,0,10532.2,38.1604684,-122.4524064,5.7,18.7,0,0,0
397.40,72.6,45.1,7398,0.0,1,7.5,0,0,10534.2,38.1604508,-122.4524001,5.7,18.7,0,0,0
397.50,71.3,44.3,7317,0.0,1,9.1,0,0,10536.2,38.1604337,-122.4523941,5.7,18.7,0,0,0
397.60,70.2,43.6,7124,0.0,1,10.5,0,0,10538.1,38.1604171,-122.4523884,5.7,18.7,0,0,0
397.70,68.5,42.6,6932,0.0,1,11.9,0,0,10540.0,38.1604011,-122.4523831,5.7,18.7,0,0,0
397.80,66.7,41.5,6797,0.0,1,14.0,0,0,10541.8,38.1603854,-122.4523781,5.8,19.0,0,0,0
397.90,65.6,40.7,6713,0.0,1,16.8,0,0,10543.5,38.1603701,-122.4523734,5.8,19.0,0,0,0
398.00,64.8,40.3,6622,0.0,1,19.3,0,0,10545.2,38.1603549,-122.4523691,5.8,19.0,0,0,0
398.10,64.0,39.8,6595,0.0,1,22.1,0,0,10547.0,38.1603398,-122.4523654,5.8,19.0,0,0,0
398.20,63.7,39.6,6539,0.0,1,24.7,0,0,10548.7,38.1603247,-122.4523621,5.8,19.0,0,0,0
398.30,63.1,39.2,6501,0.0,1,26.5,0,0,10550.3,38.1603101,-122.4523591,5.8,19.0,0,0,0
398.40,62.5,38.9,6442,0.0,1,28.1,0,0,10551.9,38.1602960,-122.4523564,5.8,19.0,0,0,0
398.50,62.2,38.7,6377,0.0,1,29.3,0,0,10553.4,38.1602820,-122.4523544,5.8,19.0,0,0,0
398.60,61.5,38.2,6279,0.0,1,30.4,0,0,10555.0,38.1602680,-122.4523531,5.8,19.0,0,0,0
398.70,60.6,37.6,6232,0.0,1,31.3,0,0,10556.6,38.1602541,-122.4523521,5.8,19.0,0,0,0
398.80,60.1,37.4,6143,0.0,1,32.3,0,0,10558.1,38.1602403,-122.4523517,5.5,18.0,0,0,0
398.90,59.3,36.8,6062,0.0,1,32.8,0,0,10559.6,38.1602268,-122.4523519,5.5,18.0,0,0,0
399.00,58.5,36.3,5973,0.0,1,33.3,0,0,10561.1,38.1602133,-122.4523527,5.5,18.0,0,0,0
399.10,57.8,35.9,5878,0.0,1,34.0,0,0,10562.6,38.1602001,-122.4523545,5.5,18.0,0,0,0
399.20,56.8,35.3,5795,0.0,1,34.6,0,0,10564.0,38.1601874,-122.4523571,5.5,18.0,0,0,0
399.30,55.8,34.7,5703,0.0,1,35.2,0,0,10565.4,38.1601751,-122.4523601,5.5,18.0,0,0,0
399.40,54.8,34.0,5605,0.0,1,36.0,0,0,10566.7,38.1601634,-122.4523637,5.5,18.0,0,0,0
399.50,54.2,33.7,5499,0.0,1,36.7,0,0,10568.1,38.1601521,-122.4523681,5.5,18.0,0,0,0
399.60,53.1,33.0,5393,0.0,1,37.4,0,0,10569.3,38.1601412,-122.4523731,5.5,18.0,0,0,0
399.70,51.8,32.2,5280,0.0,1,37.5,0,0,10570.5,38.1601313,-122.4523787,5.5,18.0,0,0,0
399.80,50.7,31.5,5114,0.0,1,37.6,0,0,10571.7,38.1601226,-122.4523851,5.5,18.0,0,0,0
399.90,49.4,30.7,5082,0.0,1,37.9,0,0,10572.8,38.1601142,-122.4523921,5.5,18.0,0,0,0
400.00,48.8,30.3,4967,0.0,1,38.6,0,0,10573.9,38.1601058,-122.4523994,5.5,18.0,0,0,0
400.10,47.8,29.7,4866,0.0,1,39.8,0,0,10575.1,38.1600974,-122.4524071,5.5,18.0,0,0,0
400.20,46.9,29.2,4845,0.0,1,40.3,0,0,10576.2,38.1600894,-122.4524153,5.5,18.0,0,0,0
400.30,46.5,28.9,4689,0.0,1,39.4,0,0,10577.3,38.1600821,-122.4524238,5.5,18.0,0,0,0
400.40,45.2,28.1,4603,0.0,1,39.2,0,0,10578.4,38.1600751,-122.4524327,5.5,18.0,0,0,0
400.50,44.4,27.6,4546,2.0,1,39.3,0,0,10579.5,38.1600684,-122.4524421,5.5,18.0,0,0,0
400.60,44.1,27.4,4508,5.0,1,40.0,0,0,10580.6,38.1600624,-122.4524520,5.5,18.0,0,0,0
400.70,43.6,27.1,4518,6.5,1,40.5,0,0,10581.7,38.1600571,-122.4524620,5.5,18.0,0,0,0
400.80,43.6,27.1,4646,13.5,1,40.9,0,0,10582.7,38.1600524,-122.4524721,5.6,18.4,0,0,0
400.90,43.6,27.1,5004,19.5,1,41.4,0,0,10583.7,38.1600484,-122.4524824,5.6,18.4,0,0,0
401.00,45.9,28.5,4734,26.0,1,41.5,0,0,10584.7,38.1600451,-122.4524931,5.6,18.4,0,0,0
401.10,45.5,28.3,4776,30.0,1,41.2,0,0,10585.7,38.1600424,-122.4525044,5.6,18.4,0,0,0
401.20,45.9,28.5,4856,31.5,1,40.6,0,0,10586.8,38.1600405,-122.4525161,5.6,18.4,0,0,0
401.30,46.9,29.1,4953,35.5,1,40.2,0,0,10587.8,38.1600394,-122.4525281,5.6,18.4,0,0,0
401.40,47.7,29.6,5134,41.5,1,40.0,0,0,10588.9,38.1600391,-122.4525404,5.6,18.4,0,0,0
401.50,49.8,31.0,5255,44.0,1,39.7,0,0,10590.0,38.1600394,-122.4525531,5.6,18.4,0,0,0
401.60,51.4,31.9,5410,46.0,1,38.9,0,0,10591.2,38.1600402,-122.4525661,5.6,18.4,0,0,0
401.70,52.1,32.4,5577,48.5,1,37.8,0,0,10592.3,38.1600418,-122.4525793,5.6,18.4,0,0,0
401.80,54.0,33.6,5788,53.0,1,36.6,0,0,10593.5,38.1600445,-122.4525928,5.8,19.0,0,0,0
401.90,56.5,35.1,5987,59.0,1,35.5,0,0,10594.8,38.1600481,-122.4526063,5.8,19.0,0,0,0
402.00,58.5,36.4,6260,62.0,1,34.4,0,0,10596.1,38.1600521,-122.4526201,5.8,19.0,0,0,0
402.10,60.6,37.7,6375,61.0,1,33.1,0,0,10597.4,38.1600565,-122.4526344,5.8,19.0,0,0,0
402.20,61.9,38.5,6542,61.0,1,31.6,0,0,10598.8,38.1600618,-122.4526491,5.8,19.0,0,0,0
402.30,63.7,39.6,6820,60.5,1,30.3,0,0,10600.3,38.1600681,-122.4526640,5.8,19.0,0,0,0
402.40,65.9,40.9,6922,60.5,1,28.7,0,0,10601.8,38.1600751,-122.4526791,5.8,19.0,0,0,0
402.50,67.1,41.7,7076,61.5,1,27.1,0,0,10603.4,38.1600824,-122.4526943,5.8,19.0,0,0,0
402.60,68.9,42.8,7215,61.5,1,25.6,0,0,10605.0,38.1600904,-122.4527098,5.8,19.0,0,0,0
402.70,70.0,43.5,7419,63.0,1,24.2,0,0,10606.7,38.1600991,-122.4527253,5.8,19.0,0,0,0
402.80,71.9,44.7,7567,63.0,1,22.5,0,0,10608.4,38.1601084,-122.4527411,5.2,17.1,0,0,0
402.90,73.6,45.8,7781,64.5,1,20.9,0,0,10610.2,38.1601181,-122.4527571,5.2,17.1,0,0,0
403.00,75.5,46.9,7916,64.5,1,19.0,0,0,10612.0,38.1601284,-122.4527733,5.2,17.1,0,0,0
403.10,76.7,47.7,8076,64.5,1,16.8,0,0,10613.9,38.1601391,-122.4527898,5.2,17.1,0,0,0
403.20,78.4,48.7,8251,64.5,1,14.6,0,0,10615.8,38.1601504,-122.4528063,5.2,17.1,0,0,0
403.30,79.7,49.5,8468,64.5,1,12.6,0,0,10617.8,38.1601624,-122.4528231,5.2,17.1,0,0,0
403.40,81.8,50.8,8584,64.5,1,11.0,0,0,10619.8,38.1601750,-122.4528401,5.2,17.1,0,0,0
403.50,83.7,52.0,8808,64.5,1,9.7,0,0,10621.9,38.1601878,-122.4528573,5.2,17.1,0,0,0
403.60,85.3,53.0,8945,64.5,1,8.5,0,0,10624.0,38.1602010,-122.4528748,5.2,17.1,0,0,0
403.70,86.8,53.9,9237,66.5,1,7.7,0,0,10626.2,38.1602148,-122.4528923,5.2,17.1,0,0,0
403.80,88.9,55.3,9399,66.5,1,6.7,0,0,10628.4,38.1602290,-122.4529101,5.1,16.7,0,0,0
403.90,90.9,56.5,9558,66.0,1,5.6,0,0,10630.6,38.1602434,-122.4529283,5.1,16.7,0,0,0
404.00,92.7,57.6,9756,66.0,1,4.6,0,0,10633.0,38.1602585,-122.4529468,5.1,16.7,0,0,0
404.10,94.4,58.7,9944,66.0,1,3.4,0,0,10635.4,38.1602744,-122.4529654,5.1,16.7,0,0,0
404.20,95.9,59.6,10122,66.0,1,2.3,0,0,10637.8,38.1602908,-122.4529844,5.1,16.7,0,0,0
404.30,97.9,60.8,10324,66.0,1,1.3,0,0,10640.3,38.1603073,-122.4530038,5.1,16.7,0,0,0
404.40,99.2,61.6,7965,67.0,1,0.3,0,0,10642.9,38.1603241,-122.4530233,5.1,16.7,0,0,0
404.50,98.3,61.1,7689,68.0,2,-0.8,0,0,10645.4,38.1603410,-122.4530431,5.1,16.7,0,0,0
404.60,99.4,61.7,8067,69.0,2,-1.6,0,0,10648.0,38.1603581,-122.4530631,5.1,16.7,0,0,0
404.70,102.6,63.7,8206,69.0,2,-2.5,0,0,10650.6,38.1603754,-122.4530834,5.1,16.7,0,0,0
404.80,104.6,65.0,8343,70.5,2,-3.9,0,0,10653.3,38.1603931,-122.4531041,5.4,17.7,0,0,0
404.90,106.3,66.1,8487,71.5,2,-5.1,0,0,10656.0,38.1604110,-122.4531250,5.4,17.7,0,0,0
405.00,108.3,67.3,8604,71.5,2,-5.9,0,0,10658.7,38.1604290,-122.4531461,5.4,17.7,0,0,0
405.10,109.2,67.9,8719,73.5,2,-6.8,0,0,10661.5,38.1604471,-122.4531674,5.4,17.7,0,0,0
405.20,111.4,69.2,8887,74.5,2,-7.9,0,0,10664.2,38.1604654,-122.4531891,5.4,17.7,0,0,0
405.30,112.8,70.1,9031,75.5,2,-8.7,0,0,10667.1,38.1604841,-122.4532114,5.4,17.7,0,0,0
405.40,114.6,71.2,9177,76.0,2,-9.4,0,0,10670.0,38.1605031,-122.4532341,5.4,17.7,0,0,0
405.50,116.7,72.5,9326,77.5,2,-9.8,0,0,10672.9,38.1605224,-122.4532571,5.4,17.7,0,0,0
405.60,119.2,74.1,9449,77.5,2,-10.1,0,0,10675.9,38.1605421,-122.4532804,5.4,17.7,0,0,0
405.70,120.4,74.8,9576,77.5,2,-10.3,0,0,10679.0,38.1605620,-122.4533044,5.4,17.7,0,0,0
405.80,122.1,75.9,9693,77.5,2,-10.2,0,0,10682.1,38.1605820,-122.4533288,5.4,17.7,0,0,0
405.90,123.8,76.9,9830,77.5,2,-10.2,0,0,10685.2,38.1606021,-122.4533536,5.4,17.7,0,0,0
406.00,125.4,77.9,9984,77.5,2,-10.2,0,0,10688.3,38.1606224,-122.4533788,5.4,17.7,0,0,0
406.10,127.4,79.2,10101,77.5,2,-10.2,0,0,10691.5,38.1606431,-122.4534044,5.4,17.7,0,0,0
406.20,128.3,79.7,10215,77.5,2,-10.3,0,0,10694.8,38.1606640,-122.4534304,5.4,17.7,0,0,0
406.30,129.1,80.2,8466,81.5,2,-10.5,0,0,10698.1,38.1606850,-122.4534568,5.4,17.7,0,0,0
406.40,130.4,81.0,8329,85.0,3,-10.5,0,0,10701.4,38.1607061,-122.4534836,5.4,17.7,0,0,0
406.50,130.7,81.2,8366,88.0,3,-10.4,0,0,10704.7,38.1607273,-122.4535108,5.4,17.7,0,0,0
406.60,132.6,82.4,8475,88.0,3,-10.4,0,0,10708.1,38.1607488,-122.4535383,5.4,17.7,0,0,0
406.70,134.1,83.3,8616,88.5,3,-10.2,0,0,10711.5,38.1607703,-122.4535661,5.4,17.7,0,0,0
406.80,136.0,84.5,8674,88.5,3,-10.3,0,0,10715.0,38.1607921,-122.4535944,5.6,18.4,0,0,0
406.90,137.9,85.7,8734,88.5,3,-10.4,0,0,10718.5,38.1608140,-122.4536231,5.6,18.4,0,0,0
407.00,138.3,86.0,8845,89.0,3,-10.4,0,0,10722.0,38.1608360,-122.4536521,5.6,18.4,0,0,0
407.10,139.9,86.9,8937,92.5,3,-10.3,0,0,10725.6,38.1608580,-122.4536814,5.6,18.4,0,0,0
407.20,141.8,88.1,9010,96.0,3,-10.2,0,0,10729.1,38.1608801,-122.4537111,5.6,18.4,0,0,0
407.30,142.9,88.8,9086,97.0,3,-10.5,0,0,10732.8,38.1609024,-122.4537414,5.6,18.4,0,0,0
407.40,144.4,89.7,9172,100.0,3,-11.0,0,0,10736.4,38.1609251,-122.4537721,5.6,18.4,0,0,0
407.50,145.3,90.3,9274,100.0,3,-11.1,0,0,10740.2,38.1609479,-122.4538031,5.6,18.4,0,0,0
407.60,147.4,91.6,9375,100.0,3,-10.9,0,0,10743.9,38.1609707,-122.4538344,5.6,18.4,0,0,0
407.70,148.8,92.4,9440,100.0,3,-10.7,0,0,10747.6,38.1609934,-122.4538661,5.6,18.4,0,0,0
407.80,150.1,93.3,9500,100.0,3,-10.4,0,0,10751.4,38.1610164,-122.4538981,5.9,19.4,0,0,0
407.90,150.8,93.7,9576,100.0,3,-10.2,0,0,10755.3,38.1610398,-122.4539304,5.9,19.4,0,0,0
408.00,152.2,94.6,9650,100.0,3,-9.8,0,0,10759.1,38.1610632,-122.4539631,5.9,19.4,0,0,0
408.10,153.6,95.4,9725,100.0,3,-9.4,0,0,10763.1,38.1610868,-122.4539964,5.9,19.4,0,0,0
408.20,155.1,96.4,9805,100.0,3,-9.3,0,0,10767.0,38.1611103,-122.4540301,5.9,19.4,0,0,0
408.30,156.5,97.2,9862,100.0,3,-9.2,0,0,10771.0,38.1611341,-122.4540641,5.9,19.4,0,0,0
408.40,157.2,97.7,9914,100.0,3,-8.7,0,0,10775.0,38.1611581,-122.4540984,5.9,19.4,0,0,0
408.50,158.2,98.3,9991,98.0,3,-8.3,0,0,10779.0,38.1611823,-122.4541331,5.9,19.4,0,0,0
408.60,158.8,98.7,10085,93.5,3,-8.0,0,0,10783.1,38.1612067,-122.4541681,5.9,19.4,0,0,0
408.70,160.4,99.7,10159,88.0,3,-7.5,0,0,10787.2,38.1612310,-122.4542034,5.9,19.4,0,0,0
408.80,161.4,100.3,10225,83.5,3,-7.2,0,0,10791.4,38.1612554,-122.4542391,6.1,20.0,0,0,0
408.90,162.6,101.0,10208,75.5,3,-6.7,0,0,10795.5,38.1612800,-122.4542750,6.1,20.0,0,0,0
409.00,162.0,100.7,10201,62.5,3,-6.4,0,0,10799.7,38.1613047,-122.4543111,6.1,20.0,0,0,0
409.10,162.6,101.0,10064,43.0,3,-6.3,0,0,10803.9,38.1613292,-122.4543473,6.1,20.0,0,0,0
409.20,160.7,99.8,9728,0.0,3,-5.6,0,0,10808.1,38.1613538,-122.4543838,6.1,20.0,0,0,0
409.30,155.5,96.6,9823,0.0,3,-4.7,0,0,10812.3,38.1613782,-122.4544202,6.1,20.0,0,0,0
409.40,156.5,97.2,9722,0.0,3,-4.3,0,0,10816.5,38.1614026,-122.4544563,6.1,20.0,0,0,0
409.50,155.0,96.3,9696,0.0,3,-4.0,0,0,10820.5,38.1614266,-122.4544919,6.1,20.0,0,0,0
409.60,153.8,95.5,9588,0.0,3,-4.0,0,0,10824.6,38.1614502,-122.4545270,6.1,20.0,0,0,0
409.70,152.1,94.5,9461,0.0,3,-3.9,0,0,10828.6,38.1614737,-122.4545619,6.1,20.0,0,0,0
409.80,150.0,93.2,9343,0.0,3,-3.6,0,0,10832.6,38.1614969,-122.4545966,6.4,21.0,0,0,0
409.90,148.1,92.0,9127,0.0,3,-3.2,0,0,10836.5,38.1615199,-122.4546309,6.4,21.0,0,0,0
410.00,145.0,90.1,8979,0.0,3,-3.0,0,0,10840.4,38.1615426,-122.4546649,6.4,21.0,0,0,0
410.10,142.5,88.6,8860,0.0,3,-3.8,0,0,10844.3,38.1615649,-122.4546986,6.4,21.0,0,0,0
410.20,140.4,87.2,8684,0.0,3,-4.1,0,0,10848.1,38.1615869,-122.4547316,6.4,21.0,0,0,0
410.30,137.7,85.6,8520,0.0,3,-4.1,0,0,10851.8,38.1616086,-122.4547639,6.4,21.0,0,0,0
410.40,135.3,84.0,8350,0.0,3,-4.2,0,0,10855.4,38.1616299,-122.4547956,6.4,21.0,0,0,0
410.50,132.4,82.2,8157,0.0,3,-4.2,0,0,10859.0,38.1616506,-122.4548269,6.4,21.0,0,0,0
410.60,129.7,80.6,8093,0.0,3,-4.0,0,0,10862.5,38.1616709,-122.4548576,6.4,21.0,0,0,0
410.70,128.6,79.9,7989,0.0,3,-3.7,0,0,10865.9,38.1616909,-122.4548876,6.4,21.0,0,0,0
410.80,126.7,78.7,7841,0.0,3,-3.2,0,0,10869.3,38.1617106,-122.4549172,6.6,21.7,0,0,0
410.90,124.2,77.2,7716,0.0,3,-2.7,0,0,10872.7,38.1617299,-122.4549464,6.6,21.7,0,0,0
411.00,122.5,76.1,7632,0.0,3,-1.8,0,0,10875.9,38.1617487,-122.4549752,6.6,21.7,0,0,0
411.10,120.9,75.1,7525,0.0,3,-0.9,0,0,10879.2,38.1617672,-122.4550036,6.6,21.7,0,0,0
411.20,119.4,74.2,7408,0.0,3,-0.4,0,0,10882.4,38.1617856,-122.4550316,6.6,21.7,0,0,0
411.30,117.7,73.2,7289,0.0,3,-0.4,0,0,10885.5,38.1618036,-122.4550589,6.6,21.7,0,0,0
411.40,116.0,72.1,7201,0.0,3,-0.8,0,0,10888.5,38.1618212,-122.4550857,6.6,21.7,0,0,0
411.50,114.3,71.0,7106,0.0,3,-1.4,0,0,10891.5,38.1618387,-122.4551122,6.6,21.7,0,0,0
411.60,112.9,70.1,7031,0.0,3,-1.8,0,0,10894.5,38.1618559,-122.4551386,6.6,21.7,0,0,0
411.70,111.4,69.2,6932,0.0,3,-2.0,0,0,10897.5,38.1618730,-122.4551646,6.6,21.7,0,0,0
411.80,110.2,68.5,6872,0.0,3,-1.7,0,0,10900.4,38.1618899,-122.4551902,6.8,22.3,0,0,0
411.90,108.7,67.5,6768,0.0,3,-1.8,0,0,10903.3,38.1619067,-122.4552154,6.8,22.3,0,0,0
412.00,107.8,67.0,6688,0.0,3,-1.1,0,0,10906.2,38.1619232,-122.4552402,6.8,22.3,0,0,0
412.10,106.1,65.9,6617,0.0,3,-0.4,0,0,10909.0,38.1619397,-122.4552647,6.8,22.3,0,0,0
412.20,104.7,65.0,6508,0.0,3,-1.7,0,0,10911.8,38.1619559,-122.4552889,6.8,22.3,0,0,0
412.30,103.4,64.2,6439,0.0,3,-4.1,0,0,10914.5,38.1619719,-122.4553130,6.8,22.3,0,0,0
412.40,101.7,63.2,6323,0.0,3,-7.5,0,0,10917.2,38.1619876,-122.4553369,6.8,22.3,0,0,0
412.50,100.3,62.3,6266,0.0,3,-13.1,0,0,10919.9,38.1620029,-122.4553606,6.8,22.3,0,0,0
412.60,99.5,61.8,6211,0.0,3,-17.4,0,0,10922.5,38.1620177,-122.4553839,6.8,22.3,0,0,0
412.70,98.6,61.3,6182,0.0,3,-21.4,0,0,10925.1,38.1620322,-122.4554070,6.8,22.3,0,0,0
412.80,98.0,60.9,6139,0.0,3,-24.1,0,0,10927.7,38.1620463,-122.4554300,6.9,22.6,0,0,0
412.90,97.7,60.7,6121,0.0,3,-25.8,0,0,10930.2,38.1620599,-122.4554531,6.9,22.6,0,0,0
413.00,97.3,60.5,6072,0.0,3,-27.4,0,0,10932.7,38.1620729,-122.4554763,6.9,22.6,0,0,0
413.10,96.3,59.9,6027,0.0,3,-28.4,0,0,10935.2,38.1620853,-122.4554998,6.9,22.6,0,0,0
413.20,95.4,59.3,5969,5.0,3,-28.3,0,0,10937.6,38.1620972,-122.4555232,6.9,22.6,0,0,0
413.30,94.5,58.7,6049,15.0,3,-28.1,0,0,10940.0,38.1621086,-122.4555468,6.9,22.6,0,0,0
413.40,94.2,58.5,6003,20.0,3,-27.5,0,0,10942.4,38.1621196,-122.4555704,6.9,22.6,0,0,0
413.50,94.3,58.6,5950,29.5,3,-26.5,0,0,10944.8,38.1621299,-122.4555944,6.9,22.6,0,0,0
413.60,94.8,58.9,5976,27.5,3,-26.0,0,0,10947.2,38.1621399,-122.4556187,6.9,22.6,0,0,0
413.70,94.8,58.9,5946,23.5,3,-26.1,0,0,10949.6,38.1621496,-122.4556430,6.9,22.6,0,0,0
413.80,94.3,58.6,5944,26.5,3,-27.0,0,0,10952.0,38.1621589,-122.4556674,7.1,23.3,0,0,0
413.90,94.8,58.9,5979,27.5,3,-28.8,0,0,10954.3,38.1621676,-122.4556921,7.1,23.3,0,0,0
414.00,95.8,59.5,6055,23.5,3,-31.2,0,0,10956.7,38.1621759,-122.4557171,7.1,23.3,0,0,0
414.10,95.7,59.5,6061,25.5,3,-33.4,0,0,10959.1,38.1621836,-122.4557423,7.1,23.3,0,0,0
414.20,96.1,59.7,6093,33.5,3,-35.0,0,0,10961.4,38.1621909,-122.4557678,7.1,23.3,0,0,0
414.30,97.0,60.3,6095,35.0,3,-36.0,0,0,10963.8,38.1621976,-122.4557933,7.1,23.3,0,0,0
414.40,97.3,60.4,6167,39.5,3,-36.7,0,0,10966.1,38.1622039,-122.4558191,7.1,23.3,0,0,0
414.50,98.4,61.1,6221,51.0,3,-36.3,0,0,10968.5,38.1622096,-122.4558451,7.1,23.3,0,0,0
414.60,99.2,61.6,6302,60.5,3,-35.7,0,0,10970.9,38.1622145,-122.4558714,7.1,23.3,0,0,0
414.70,100.3,62.3,6418,66.0,3,-35.1,0,0,10973.2,38.1622186,-122.4558981,7.1,23.3,0,0,0
414.80,102.6,63.8,6396,68.5,3,-34.5,0,0,10975.6,38.1622219,-122.4559251,7.2,23.6,0,0,0
414.90,102.4,63.6,6514,70.0,3,-34.0,0,0,10978.0,38.1622249,-122.4559524,7.2,23.6,0,0,0
415.00,103.8,64.5,6578,72.5,3,-33.7,0,0,10980.5,38.1622276,-122.4559804,7.2,23.6,0,0,0
415.10,104.0,64.6,6639,74.0,3,-33.1,0,0,10983.0,38.1622296,-122.4560088,7.2,23.6,0,0,0
415.20,104.2,64.8,6639,84.5,3,-32.5,0,0,10985.5,38.1622309,-122.4560374,7.2,23.6,0,0,0
415.30,105.8,65.7,6757,88.5,3,-31.6,0,0,10988.0,38.1622316,-122.4560664,7.2,23.6,0,0,0
415.40,107.5,66.8,6802,89.5,3,-30.3,0,0,10990.6,38.1622316,-122.4560961,7.2,23.6,0,0,0
415.50,108.2,67.2,6891,92.0,3,-29.2,0,0,10993.3,38.1622309,-122.4561261,7.2,23.6,0,0,0
415.60,109.6,68.1,6918,100.0,3,-27.7,0,0,10995.9,38.1622296,-122.4561564,7.2,23.6,0,0,0
415.70,109.8,68.2,6937,100.0,3,-25.3,0,0,10998.6,38.1622279,-122.4561871,7.2,23.6,0,0,0
415.80,109.9,68.3,6972,100.0,3,-21.6,0,0,11001.3,38.1622259,-122.4562181,7.6,24.9,0,0,0
415.90,109.7,68.2,6934,100.0,3,-17.0,0,0,11004.1,38.1622236,-122.4562493,7.6,24.9,0,0,0
416.00,110.3,68.5,6966,100.0,3,-12.4,0,0,11006.8,38.1622209,-122.4562808,7.6,24.9,0,0,0
416.10,110.7,68.8,7046,100.0,3,-8.3,0,0,11009.6,38.1622179,-122.4563126,7.6,24.9,0,0,0
416.20,111.2,69.1,7150,100.0,3,-5.3,0,0,11012.5,38.1622146,-122.4563448,7.6,24.9,0,0,0
416.30,112.2,69.7,7226,93.5,3,-3.1,0,0,11015.3,38.1622110,-122.4563773,7.6,24.9,0,0,0
416.40,113.1,70.3,7301,91.0,3,-1.2,0,0,11018.2,38.1622073,-122.4564101,7.6,24.9,0,0,0
416.50,115.0,71.4,7497,90.5,3,-0.1,0,0,11021.2,38.1622037,-122.4564434,7.6,24.9,0,0,0
416.60,119.0,73.9,7332,84.5,3,0.1,0,0,11024.2,38.1621999,-122.4564771,7.6,24.9,0,0,0
416.70,117.1,72.7,7495,82.5,3,0.2,0,0,11027.2,38.1621957,-122.4565110,7.6,24.9,0,0,0
416.80,118.7,73.8,7544,82.0,3,0.4,0,0,11030.2,38.1621913,-122.4565451,8.0,26.2,0,0,0
416.90,119.6,74.3,7546,81.5,3,0.7,0,0,11033.2,38.1621870,-122.4565794,8.0,26.2,0,0,0
417.00,120.9,75.2,7699,78.5,3,0.2,0,0,11036.3,38.1621826,-122.4566141,8.0,26.2,0,0,0
417.10,122.0,75.8,7777,71.5,3,-0.1,0,0,11039.4,38.1621779,-122.4566493,8.0,26.2,0,0,0
417.20,122.9,76.3,7762,68.5,3,-0.7,0,0,11042.6,38.1621731,-122.4566848,8.0,26.2,0,0,0
417.30,124.1,77.1,7827,67.5,3,-1.6,0,0,11045.7,38.1621683,-122.4567204,8.0,26.2,0,0,0
417.40,124.7,77.5,7866,67.5,3,-2.9,0,0,11048.9,38.1621637,-122.4567564,8.0,26.2,0,0,0
417.50,125.4,77.9,7935,67.0,3,-4.3,0,0,11052.1,38.1621589,-122.4567928,8.0,26.2,0,0,0
417.60,126.2,78.4,7985,67.0,3,-5.9,0,0,11055.4,38.1621537,-122.4568292,8.0,26.2,0,0,0
417.70,127.2,79.1,8059,66.0,3,-7.7,0,0,11058.6,38.1621483,-122.4568658,8.0,26.2,0,0,0
417.80,128.0,79.5,8080,62.0,3,-9.9,0,0,11061.9,38.1621430,-122.4569024,9.6,31.5,0,0,0
417.90,128.4,79.8,8139,60.0,3,-11.7,0,0,11065.2,38.1621376,-122.4569394,9.6,31.5,0,0,0
418.00,129.9,80.7,8204,59.5,3,-13.3,0,0,11068.5,38.1621319,-122.4569767,9.6,31.5,0,0,0
418.10,130.2,80.9,8228,58.5,3,-15.2,0,0,11071.8,38.1621259,-122.4570140,9.6,31.5,0,0,0
418.20,131.0,81.4,8247,55.0,3,-17.1,0,0,11075.2,38.1621196,-122.4570513,9.6,31.5,0,0,0
418.30,131.4,81.6,8263,47.0,3,-18.8,0,0,11078.5,38.1621129,-122.4570887,9.6,31.5,0,0,0
418.40,131.2,81.5,8285,45.5,3,-20.6,0,0,11081.9,38.1621059,-122.4571259,9.6,31.5,0,0,0
418.50,131.2,81.5,8260,45.5,3,-22.3,0,0,11085.2,38.1620986,-122.4571630,9.6,31.5,0,0,0
418.60,131.9,82.0,8336,46.0,3,-23.6,0,0,11088.5,38.1620909,-122.4571999,9.6,31.5,0,0,0
418.70,132.3,82.2,8338,43.5,3,-25.2,0,0,11091.9,38.1620829,-122.4572366,9.6,31.5,0,0,0
418.80,132.2,82.2,8320,35.5,3,-27.0,0,0,11095.2,38.1620746,-122.4572729,11.5,37.7,0,0,0
418.90,132.2,82.1,8310,31.0,3,-28.7,0,0,11098.5,38.1620659,-122.4573089,11.5,37.7,0,0,0
419.00,132.9,82.6,8352,32.0,3,-30.1,0,0,11101.8,38.1620566,-122.4573446,11.5,37.7,0,0,0
419.10,132.9,82.6,8359,35.0,3,-31.3,0,0,11105.0,38.1620466,-122.4573799,11.5,37.7,0,0,0
419.20,132.6,82.4,8315,37.0,3,-31.9,0,0,11108.3,38.1620359,-122.4574149,11.5,37.7,0,0,0
419.30,131.9,82.0,8283,38.0,3,-32.0,0,0,11111.6,38.1620249,-122.4574496,11.5,37.7,0,0,0
419.40,131.4,81.6,8269,44.5,3,-31.8,0,0,11114.8,38.1620133,-122.4574836,11.5,37.7,0,0,0
419.50,131.6,81.8,8265,45.0,3,-31.6,0,0,11118.1,38.1620009,-122.4575169,11.5,37.7,0,0,0
419.60,130.8,81.3,8135,42.0,3,-32.0,0,0,11121.3,38.1619879,-122.4575499,11.5,37.7,0,0,0
419.70,129.9,80.7,8168,40.5,3,-32.6,0,0,11124.5,38.1619746,-122.4575826,11.5,37.7,0,0,0
419.80,129.9,80.7,8130,44.5,3,-33.8,0,0,11127.7,38.1619606,-122.4576146,14.7,48.2,0,0,0
419.90,129.5,80.5,8195,51.5,3,-34.6,0,0,11130.9,38.1619459,-122.4576459,14.7,48.2,0,0,0
420.00,130.5,81.1,8206,50.0,3,-34.8,0,0,11134.0,38.1619309,-122.4576766,14.7,48.2,0,0,0
420.10,130.7,81.2,8224,47.5,3,-35.0,0,0,11137.2,38.1619156,-122.4577069,14.7,48.2,0,0,0
420.20,130.0,80.8,8181,46.5,3,-35.3,0,0,11140.3,38.1618999,-122.4577366,14.7,48.2,0,0,0
420.30,129.4,80.4,8111,46.5,3,-35.3,0,0,11143.5,38.1618836,-122.4577659,14.7,48.2,0,0,0
420.40,129.1,80.2,8141,49.0,3,-35.3,0,0,11146.6,38.1618669,-122.4577947,14.7,48.2,0,0,0
420.50,129.0,80.2,8102,52.5,3,-35.2,0,0,11149.7,38.1618499,-122.4578232,14.7,48.2,0,0,0
420.60,128.4,79.8,8063,57.0,3,-35.3,0,0,11152.9,38.1618327,-122.4578517,14.7,48.2,0,0,0
420.70,129.0,80.1,8155,60.0,3,-35.4,0,0,11156.0,38.1618151,-122.4578797,14.7,48.2,0,0,0
420.80,129.9,80.7,8170,57.5,3,-34.8,0,0,11159.1,38.1617966,-122.4579063,18.9,62.0,0,0,0
420.90,129.3,80.4,8071,53.5,3,-34.1,0,0,11162.2,38.1617768,-122.4579314,18.9,62.0,0,0,0
421.00,127.8,79.4,8026,52.0,3,-33.2,0,0,11165.3,38.1617561,-122.4579558,18.9,62.0,0,0,0
421.10,127.9,79.5,7891,51.5,3,-31.7,0,0,11168.5,38.1617354,-122.4579802,18.9,62.0,0,0,0
421.20,125.9,78.3,7728,48.5,3,-30.3,0,0,11171.6,38.1617150,-122.4580043,18.9,62.0,0,0,0
421.30,124.0,77.1,7801,49.0,3,-27.9,0,0,11174.6,38.1616946,-122.4580278,18.9,62.0,0,0,0
421.40,124.1,77.1,7734,47.5,3,-24.9,0,0,11177.7,38.1616739,-122.4580506,18.9,62.0,0,0,0
421.50,123.1,76.5,7665,45.0,3,-22.6,0,0,11180.7,38.1616526,-122.4580729,18.9,62.0,0,0,0
421.60,122.5,76.1,7572,27.0,3,-19.9,0,0,11183.8,38.1616309,-122.4580946,18.9,62.0,0,0,0
421.70,120.4,74.8,6981,0.0,3,-16.6,0,0,11186.9,38.1616090,-122.4581159,18.9,62.0,0,0,0
421.80,115.8,71.9,7259,0.0,3,-13.6,0,0,11189.9,38.1615870,-122.4581366,24.1,79.1,0,0,0
421.90,115.7,71.9,7191,0.0,3,-10.7,0,0,11192.9,38.1615651,-122.4581566,24.1,79.1,0,0,0
422.00,114.0,70.8,7064,0.0,3,-10.3,0,0,11195.9,38.1615433,-122.4581762,24.1,79.1,0,0,0
422.10,112.5,69.9,6988,0.0,3,-8.8,0,0,11198.8,38.1615218,-122.4581957,24.1,79.1,0,0,0
422.20,110.7,68.8,7184,0.0,3,-6.7,0,0,11201.8,38.1615004,-122.4582149,24.1,79.1,0,0,0
422.30,110.3,68.5,8601,0.0,2,-3.6,0,0,11204.6,38.1614794,-122.4582340,24.1,79.1,0,0,0
422.40,108.9,67.7,8554,0.0,2,0.3,0,0,11207.4,38.1614588,-122.4582529,24.1,79.1,0,0,0
422.50,107.0,66.5,8076,0.0,2,4.3,0,0,11210.2,38.1614384,-122.4582717,24.1,79.1,0,0,0
422.60,105.8,65.7,8069,0.0,2,8.0,0,0,11213.0,38.1614184,-122.4582903,24.1,79.1,0,0,0
422.70,102.6,63.8,8011,0.0,2,11.4,0,0,11215.7,38.1613991,-122.4583090,24.1,79.1,0,0,0
422.80,101.5,63.1,7883,0.0,2,14.7,0,0,11218.4,38.1613800,-122.4583276,28.6,93.8,0,0,0
422.90,100.3,62.3,7784,0.0,2,18.6,0,0,11221.0,38.1613611,-122.4583459,28.6,93.8,0,0,0
423.00,98.8,61.4,7706,0.0,2,21.3,0,0,11223.6,38.1613425,-122.4583641,28.6,93.8,0,0,0
423.10,98.0,60.9,7640,0.0,2,22.7,0,0,11226.2,38.1613247,-122.4583823,28.6,93.8,0,0,0
423.20,96.7,60.1,7485,0.0,2,24.9,0,0,11228.6,38.1613078,-122.4584007,28.6,93.8,0,0,0
423.30,95.2,59.2,7402,0.0,2,27.4,0,0,11231.1,38.1612913,-122.4584189,28.6,93.8,0,0,0
423.40,93.8,58.3,7289,0.0,2,29.0,0,0,11233.5,38.1612751,-122.4584370,28.6,93.8,0,0,0
423.50,92.4,57.4,7182,0.0,2,29.9,0,0,11235.8,38.1612594,-122.4584551,28.6,93.8,0,0,0
423.60,91.3,56.7,7051,0.0,2,30.4,0,0,11238.1,38.1612444,-122.4584733,28.6,93.8,0,0,0
423.70,89.9,55.9,6959,0.0,2,31.0,0,0,11240.4,38.1612301,-122.4584918,28.6,93.8,0,0,0
423.80,88.1,54.8,6771,0.0,2,31.7,0,0,11242.6,38.1612164,-122.4585103,31.8,104.3,0,0,0
423.90,86.6,53.8,6739,0.0,2,32.1,0,0,11244.8,38.1612034,-122.4585291,31.8,104.3,0,0,0
424.00,85.4,53.1,6643,0.0,2,32.2,0,0,11246.9,38.1611911,-122.4585480,31.8,104.3,0,0,0
424.10,84.3,52.4,6525,2.0,2,32.6,0,0,11249.1,38.1611794,-122.4585670,31.8,104.3,0,0,0
424.20,82.6,51.3,6561,12.0,2,33.2,0,0,11251.1,38.1611681,-122.4585860,31.8,104.3,0,0,0
424.30,82.6,51.3,6629,9.5,2,33.9,0,0,11253.2,38.1611574,-122.4586051,31.8,104.3,0,0,0
424.40,82.1,51.0,6356,11.0,2,35.2,0,0,11255.2,38.1611474,-122.4586243,31.8,104.3,0,0,0
424.50,80.8,50.2,6393,15.0,2,35.4,0,0,11257.2,38.1611381,-122.4586438,31.8,104.3,0,0,0
424.60,81.4,50.6,6334,18.5,2,35.9,0,0,11259.2,38.1611291,-122.4586632,31.8,104.3,0,0,0
424.70,80.6,50.1,6319,20.5,2,35.7,0,0,11261.1,38.1611207,-122.4586828,31.8,104.3,0,0,0
424.80,80.1,49.7,6283,28.5,2,35.7,0,0,11263.0,38.1611129,-122.4587024,34.9,114.5,0,0,0
424.90,79.9,49.7,6311,28.0,2,36.4,0,0,11265.0,38.1611057,-122.4587224,34.9,114.5,0,0,0
425.00,80.3,49.9,6303,28.0,2,36.4,0,0,11266.9,38.1610991,-122.4587427,34.9,114.5,0,0,0
425.10,79.9,49.6,6267,28.0,2,36.4,0,0,11268.8,38.1610931,-122.4587630,34.9,114.5,0,0,0
425.20,79.9,49.6,6236,28.0,2,36.4,0,0,11270.7,38.1610874,-122.4587834,34.9,114.5,0,0,0
425.30,79.5,49.4,6268,28.0,2,36.7,0,0,11272.6,38.1610821,-122.4588041,34.9,114.5,0,0,0
425.40,79.7,49.5,6292,27.5,2,37.7,0,0,11274.5,38.1610774,-122.4588250,34.9,114.5,0,0,0
425.50,80.5,50.0,6323,27.5,2,38.8,0,0,11276.4,38.1610734,-122.4588461,34.9,114.5,0,0,0
425.60,80.0,49.7,6325,28.0,2,39.6,0,0,11278.3,38.1610701,-122.4588673,34.9,114.5,0,0,0
425.70,80.2,49.8,6301,30.5,2,39.9,0,0,11280.2,38.1610671,-122.4588888,34.9,114.5,0,0,0
425.80,80.2,49.8,6378,39.0,2,39.8,0,0,11282.1,38.1610647,-122.4589103,36.9,121.1,0,0,0
425.90,81.2,50.5,6431,42.5,2,39.5,0,0,11284.0,38.1610631,-122.4589321,36.9,121.1,0,0,0
426.00,81.8,50.8,6466,46.5,2,39.1,0,0,11285.9,38.1610621,-122.4589540,36.9,121.1,0,0,0
426.10,82.2,51.1,6584,49.0,2,39.1,0,0,11287.8,38.1610614,-122.4589760,36.9,121.1,0,0,0
426.20,84.1,52.3,6739,51.5,2,39.3,0,0,11289.8,38.1610614,-122.4589981,36.9,121.1,0,0,0
426.30,84.3,52.4,6742,53.0,2,39.5,0,0,11291.7,38.1610621,-122.4590204,36.9,121.1,0,0,0
426.40,85.2,52.9,6736,54.0,2,39.1,0,0,11293.7,38.1610631,-122.4590431,36.9,121.1,0,0,0
426.50,86.3,53.6,6785,57.5,2,38.6,0,0,11295.7,38.1610647,-122.4590660,36.9,121.1,0,0,0
426.60,86.6,53.8,7010,59.5,2,38.2,0,0,11297.7,38.1610672,-122.4590890,36.9,121.1,0,0,0
426.70,88.6,55.0,7060,60.5,2,37.6,0,0,11299.8,38.1610704,-122.4591121,36.9,121.1,0,0,0
426.80,89.7,55.7,7099,67.5,2,37.1,0,0,11301.9,38.1610741,-122.4591354,37.9,124.3,0,0,0
426.90,90.6,56.3,7332,69.0,2,36.4,0,0,11304.0,38.1610784,-122.4591591,37.9,124.3,0,0,0
427.00,92.1,57.2,7413,72.0,2,35.7,0,0,11306.2,38.1610834,-122.4591830,37.9,124.3,0,0,0
427.10,93.6,58.1,7508,72.0,2,35.1,0,0,11308.3,38.1610891,-122.4592070,37.9,124.3,0,0,0
427.20,95.8,59.5,7628,72.0,2,34.5,0,0,11310.6,38.1610954,-122.4592311,37.9,124.3,0,0,0
427.30,96.8,60.1,7750,72.0,2,34.1,0,0,11312.8,38.1611024,-122.4592554,37.9,124.3,0,0,0
427.40,98.4,61.2,7891,72.0,2,33.9,0,0,11315.2,38.1611101,-122.4592801,37.9,124.3,0,0,0
427.50,100.1,62.2,8015,71.5,2,34.1,0,0,11317.5,38.1611184,-122.4593050,37.9,124.3,0,0,0
427.60,102.1,63.4,8195,71.5,2,34.7,0,0,11319.9,38.1611274,-122.4593300,37.9,124.3,0,0,0
427.70,104.3,64.8,8343,71.5,2,35.2,0,0,11322.4,38.1611371,-122.4593550,37.9,124.3,0,0,0
427.80,106.7,66.3,8489,71.5,2,35.2,0,0,11324.8,38.1611474,-122.4593801,38.6,126.6,0,0,0
427.90,108.2,67.2,8569,71.5,2,34.8,0,0,11327.4,38.1611584,-122.4594053,38.6,126.6,0,0,0
428.00,109.4,68.0,8737,71.5,2,34.3,0,0,11329.9,38.1611701,-122.4594308,38.6,126.6,0,0,0
428.10,111.4,69.2,8863,71.0,2,34.1,0,0,11332.5,38.1611821,-122.4594563,38.6,126.6,0,0,0
428.20,112.8,70.1,8972,71.0,2,34.1,0,0,11335.2,38.1611947,-122.4594820,38.6,126.6,0,0,0
428.30,114.1,70.9,9094,71.0,2,33.5,0,0,11337.9,38.1612081,-122.4595077,38.6,126.6,0,0,0
428.40,115.3,71.6,9197,71.0,2,33.0,0,0,11340.6,38.1612221,-122.4595332,38.6,126.6,0,0,0
428.50,117.1,72.8,9265,71.0,2,32.0,0,0,11343.4,38.1612367,-122.4595588,38.6,126.6,0,0,0
428.60,118.5,73.6,9426,71.0,2,31.2,0,0,11346.2,38.1612522,-122.4595842,38.6,126.6,0,0,0
428.70,119.7,74.4,9542,71.0,2,30.5,0,0,11349.0,38.1612684,-122.4596098,38.6,126.6,0,0,0
428.80,121.3,75.4,9594,71.0,2,29.9,0,0,11351.9,38.1612851,-122.4596352,39.4,129.3,0,0,0
428.90,121.9,75.8,9653,71.0,2,28.7,0,0,11354.9,38.1613021,-122.4596607,39.4,129.3,0,0,0
429.00,122.9,76.3,9175,71.5,2,27.3,0,0,11357.8,38.1613197,-122.4596860,39.4,129.3,0,0,0
429.10,118.5,73.6,7615,73.5,2,25.5,0,0,11360.8,38.1613378,-122.4597112,39.4,129.3,0,0,0
429.20,123.0,76.4,7777,74.5,3,24.2,0,0,11363.8,38.1613564,-122.4597364,39.4,129.3,0,0,0
429.30,123.6,76.8,7805,78.0,3,23.2,0,0,11366.9,38.1613754,-122.4597612,39.4,129.3,0,0,0
429.40,124.2,77.2,7880,81.5,3,22.4,0,0,11369.9,38.1613948,-122.4597861,39.4,129.3,0,0,0
429.50,125.2,77.8,7920,84.0,3,21.5,0,0,11373.0,38.1614146,-122.4598110,39.4,129.3,0,0,0
429.60,125.9,78.2,7973,85.5,3,20.5,0,0,11376.1,38.1614348,-122.4598360,39.4,129.3,0,0,0
429.70,126.0,78.3,8015,86.5,3,19.6,0,0,11379.3,38.1614553,-122.4598609,39.4,129.3,0,0,0
429.80,127.1,78.9,8048,90.5,3,18.5,0,0,11382.5,38.1614761,-122.4598857,40.2,131.9,0,0,0
429.90,128.3,79.7,8104,94.0,3,17.0,0,0,11385.7,38.1614974,-122.4599103,40.2,131.9,0,0,0
430.00,128.2,79.7,8186,99.5,3,15.6,0,0,11388.9,38.1615191,-122.4599351,40.2,131.9,0,0,0
430.10,130.3,81.0,8292,100.0,3,14.2,0,0,11392.2,38.1615413,-122.4599600,40.2,131.9,0,0,0
430.20,131.4,81.6,8334,100.0,3,13.1,0,0,11395.5,38.1615638,-122.4599851,40.2,131.9,0,0,0
430.30,132.1,82.1,8380,100.0,3,12.2,0,0,11398.9,38.1615864,-122.4600103,40.2,131.9,0,0,0
430.40,133.0,82.6,8521,96.0,3,11.8,0,0,11402.3,38.1616094,-122.4600358,40.2,131.9,0,0,0
430.50,135.1,83.9,8631,90.0,3,12.0,0,0,11405.7,38.1616331,-122.4600612,40.2,131.9,0,0,0
430.60,136.6,84.9,8696,86.0,3,12.1,0,0,11409.2,38.1616570,-122.4600868,40.2,131.9,0,0,0
430.70,137.3,85.3,8780,80.0,3,12.2,0,0,11412.7,38.1616811,-122.4601123,40.2,131.9,0,0,0
430.80,139.6,86.7,8757,70.5,3,12.1,0,0,11416.2,38.1617054,-122.4601381,40.2,131.9,0,0,0
430.90,139.6,86.7,8764,57.0,3,11.8,0,0,11419.8,38.1617301,-122.4601640,40.2,131.9,0,0,0
431.00,139.1,86.4,8413,17.0,3,11.3,0,0,11423.4,38.1617553,-122.4601899,40.2,131.9,0,0,0
431.10,137.2,85.3,8439,0.0,3,10.4,0,0,11427.0,38.1617807,-122.4602156,40.2,131.9,0,0,0
431.20,134.4,83.5,8427,0.0,3,8.6,0,0,11430.5,38.1618059,-122.4602409,40.2,131.9,0,0,0
431.30,133.7,83.1,8355,0.0,3,6.6,0,0,11434.1,38.1618310,-122.4602656,40.2,131.9,0,0,0
431.40,132.4,82.3,8247,0.0,3,5.9,0,0,11437.6,38.1618559,-122.4602899,40.2,131.9,0,0,0
431.50,131.4,81.6,8190,0.0,3,5.8,0,0,11441.0,38.1618806,-122.4603139,40.2,131.9,0,0,0
431.60,130.4,81.0,8165,0.0,3,5.7,0,0,11444.4,38.1619050,-122.4603376,40.2,131.9,0,0,0
431.70,129.2,80.3,8065,0.0,3,5.5,0,0,11447.8,38.1619293,-122.4603609,40.2,131.9,0,0,0
431.80,127.8,79.4,7956,0.0,3,5.1,0,0,11451.2,38.1619537,-122.4603839,39.6,129.9,0,0,0
431.90,126.4,78.5,7895,0.0,3,4.1,0,0,11454.5,38.1619779,-122.4604066,39.6,129.9,0,0,0
432.00,125.2,77.8,7794,0.0,3,3.4,0,0,11457.8,38.1620020,-122.4604289,39.6,129.9,0,0,0
432.10,123.9,77.0,7688,0.0,3,2.1,0,0,11461.1,38.1620260,-122.4604509,39.6,129.9,0,0,0
432.20,122.8,76.3,7614,0.0,3,-0.0,0,0,11464.4,38.1620499,-122.4604726,39.6,129.9,0,0,0
432.30,120.8,75.1,7538,0.0,3,-2.3,0,0,11467.6,38.1620736,-122.4604940,39.6,129.9,0,0,0
432.40,119.8,74.4,7476,0.0,3,-5.3,0,0,11470.8,38.1620966,-122.4605153,39.6,129.9,0,0,0
432.50,119.0,73.9,7452,0.0,3,-8.3,0,0,11473.9,38.1621192,-122.4605367,39.6,129.9,0,0,0
432.60,118.5,73.6,7369,0.0,3,-11.0,0,0,11477.0,38.1621417,-122.4605579,39.6,129.9,0,0,0
432.70,117.3,72.9,7337,0.0,3,-14.4,0,0,11480.1,38.1621639,-122.4605791,39.6,129.9,0,0,0
432.80,116.5,72.4,7298,0.0,3,-17.2,0,0,11483.2,38.1621859,-122.4606002,38.8,127.3,0,0,0
432.90,115.7,71.9,7248,0.0,3,-19.3,0,0,11486.2,38.1622076,-122.4606215,38.8,127.3,0,0,0
433.00,115.2,71.6,7217,0.0,3,-20.9,0,0,11489.2,38.1622289,-122.4606425,38.8,127.3,0,0,0
433.10,114.6,71.2,7191,0.0,3,-22.3,0,0,11492.2,38.1622496,-122.4606638,38.8,127.3,0,0,0
433.20,114.0,70.8,7153,0.0,3,-23.7,0,0,11495.1,38.1622699,-122.4606853,38.8,127.3,0,0,0
433.30,113.4,70.5,7125,0.0,3,-25.1,0,0,11498.0,38.1622896,-122.4607071,38.8,127.3,0,0,0
433.40,112.9,70.1,7042,0.0,3,-26.1,0,0,11500.9,38.1623089,-122.4607293,38.8,127.3,0,0,0
433.50,112.1,69.6,7026,0.0,3,-26.9,0,0,11503.8,38.1623279,-122.4607518,38.8,127.3,0,0,0
433.60,111.2,69.1,6998,2.0,3,-27.5,0,0,11506.7,38.1623463,-122.4607743,38.8,127.3,0,0,0
433.70,110.6,68.8,6927,2.0,3,-27.9,0,0,11509.5,38.1623641,-122.4607971,38.8,127.3,0,0,0
433.80,109.7,68.2,6916,6.0,3,-28.6,0,0,11512.3,38.1623813,-122.4608203,37.6,123.4,0,0,0
433.90,109.2,67.9,6889,12.0,3,-29.6,0,0,11515.0,38.1623978,-122.4608438,37.6,123.4,0,0,0
434.00,109.3,67.9,6948,17.0,3,-30.7,0,0,11517.7,38.1624136,-122.4608676,37.6,123.4,0,0,0
434.10,108.5,67.4,6910,18.0,3,-31.4,0,0,11520.4,38.1624289,-122.4608918,37.6,123.4,0,0,0
434.20,109.2,67.9,6883,22.0,3,-31.4,0,0,11523.2,38.1624439,-122.4609163,37.6,123.4,0,0,0
434.30,108.3,67.3,6789,26.0,3,-31.4,0,0,11525.9,38.1624583,-122.4609411,37.6,123.4,0,0,0
434.40,108.3,67.3,6794,32.0,3,-31.5,0,0,11528.5,38.1624719,-122.4609664,37.6,123.4,0,0,0
434.50,108.5,67.4,6795,32.5,3,-31.5,0,0,11531.2,38.1624849,-122.4609921,37.6,123.4,0,0,0
434.60,108.5,67.4,6780,33.0,3,-31.8,0,0,11533.9,38.1624976,-122.4610181,37.6,123.4,0,0,0
434.70,108.7,67.6,6806,33.0,3,-32.5,0,0,11536.5,38.1625096,-122.4610444,37.6,123.4,0,0,0
434.80,108.5,67.4,6800,39.5,3,-33.2,0,0,11539.2,38.1625209,-122.4610714,38.0,124.7,0,0,0
434.90,108.7,67.6,6802,45.0,3,-33.6,0,0,11541.9,38.1625315,-122.4610991,38.0,124.7,0,0,0
435.00,108.3,67.3,6838,49.0,3,-34.0,0,0,11544.6,38.1625413,-122.4611274,38.0,124.7,0,0,0
435.10,108.5,67.4,6903,56.0,3,-34.1,0,0,11547.3,38.1625501,-122.4611561,38.0,124.7,0,0,0
435.20,109.9,68.3,6958,56.0,3,-33.6,0,0,11550.0,38.1625584,-122.4611850,38.0,124.7,0,0,0
435.30,109.8,68.2,6934,56.5,3,-33.5,0,0,11552.7,38.1625661,-122.4612141,38.0,124.7,0,0,0
435.40,110.5,68.7,6937,57.0,3,-33.1,0,0,11555.4,38.1625733,-122.4612434,38.0,124.7,0,0,0
435.50,110.1,68.4,6891,56.5,3,-32.7,0,0,11558.1,38.1625798,-122.4612730,38.0,124.7,0,0,0
435.60,110.8,68.8,6941,54.0,3,-32.1,0,0,11560.7,38.1625856,-122.4613027,38.0,124.7,0,0,0
435.70,110.1,68.4,6938,54.0,3,-31.2,0,0,11563.4,38.1625909,-122.4613324,38.0,124.7,0,0,0
435.80,110.4,68.6,6931,53.5,3,-30.2,0,0,11566.1,38.1625956,-122.4613624,40.2,131.9,0,0,0
435.90,109.9,68.3,6867,50.5,3,-28.8,0,0,11568.8,38.1625996,-122.4613931,40.2,131.9,0,0,0
436.00,109.3,67.9,6820,48.5,3,-26.9,0,0,11571.5,38.1626029,-122.4614240,40.2,131.9,0,0,0
436.10,108.2,67.2,6760,48.5,3,-24.3,0,0,11574.2,38.1626056,-122.4614550,40.2,131.9,0,0,0
436.20,107.7,66.9,6704,44.0,3,-21.2,0,0,11577.0,38.1626079,-122.4614859,40.2,131.9,0,0,0
436.30,106.4,66.1,6647,43.0,3,-17.9,0,0,11579.7,38.1626096,-122.4615167,40.2,131.9,0,0,0
436.40,105.5,65.6,6618,43.0,3,-14.8,0,0,11582.3,38.1626109,-122.4615473,40.2,131.9,0,0,0
436.50,105.3,65.4,6568,43.0,3,-11.8,0,0,11585.0,38.1626120,-122.4615780,40.2,131.9,0,0,0
436.60,104.7,65.1,6546,41.5,3,-7.0,0,0,11587.7,38.1626129,-122.4616087,40.2,131.9,0,0,0
436.70,104.5,65.0,6538,38.5,3,-1.5,0,0,11590.4,38.1626138,-122.4616393,40.2,131.9,0,0,0
436.80,104.3,64.8,6545,37.0,3,4.9,0,0,11593.1,38.1626145,-122.4616701,43.5,142.7,0,0,0
436.90,104.1,64.7,6578,33.0,3,11.6,0,0,11595.8,38.1626155,-122.4617009,43.5,142.7,0,0,0
437.00,104.6,65.0,6587,32.5,3,18.9,0,0,11598.5,38.1626165,-122.4617316,43.5,142.7,0,0,0
437.10,104.9,65.2,6626,32.5,3,24.1,0,0,11601.1,38.1626178,-122.4617619,43.5,142.7,0,0,0
437.20,105.0,65.2,6586,32.5,3,26.9,0,0,11603.7,38.1626194,-122.4617920,43.5,142.7,0,0,0
437.30,105.3,65.4,6617,32.0,3,28.5,0,0,11606.4,38.1626214,-122.4618220,43.5,142.7,0,0,0
437.40,105.1,65.3,6587,21.5,3,29.8,0,0,11609.0,38.1626241,-122.4618519,43.5,142.7,0,0,0
437.50,104.8,65.1,6547,18.5,3,31.8,0,0,11611.6,38.1626271,-122.4618816,43.5,142.7,0,0,0
437.60,104.7,65.1,6532,18.5,3,33.6,0,0,11614.2,38.1626307,-122.4619109,43.5,142.7,0,0,0
437.70,104.0,64.6,6506,18.0,3,34.9,0,0,11616.8,38.1626348,-122.4619399,43.5,142.7,0,0,0
437.80,102.8,63.9,6481,18.5,3,35.3,0,0,11619.4,38.1626394,-122.4619686,46.5,152.6,0,0,0
437.90,102.8,63.9,6397,19.0,3,35.4,0,0,11621.9,38.1626444,-122.4619966,46.5,152.6,0,0,0
438.00,101.7,63.2,6396,19.0,3,35.5,0,0,11624.4,38.1626501,-122.4620242,46.5,152.6,0,0,0
438.10,101.6,63.1,6374,19.0,3,35.8,0,0,11626.9,38.1626564,-122.4620517,46.5,152.6,0,0,0
438.20,101.2,62.9,6391,24.5,3,36.3,0,0,11629.4,38.1626631,-122.4620789,46.5,152.6,0,0,0
438.30,101.1,62.8,6333,32.5,3,37.1,0,0,11631.8,38.1626704,-122.4621056,46.5,152.6,0,0,0
438.40,100.8,62.6,6438,37.0,3,38.0,0,0,11634.3,38.1626781,-122.4621319,46.5,152.6,0,0,0
438.50,102.2,63.5,6408,36.5,3,38.8,0,0,11636.7,38.1626861,-122.4621577,46.5,152.6,0,0,0
438.60,101.5,63.1,6374,38.5,3,39.3,0,0,11639.1,38.1626947,-122.4621832,46.5,152.6,0,0,0
438.70,102.0,63.4,6459,43.5,3,39.9,0,0,11641.6,38.1627041,-122.4622086,46.5,152.6,0,0,0
438.80,102.9,63.9,6588,54.0,3,40.5,0,0,11644.0,38.1627141,-122.4622336,48.9,160.4,0,0,0
438.90,104.0,64.6,6568,56.0,3,41.0,0,0,11646.5,38.1627244,-122.4622582,48.9,160.4,0,0,0
439.00,105.1,65.3,6629,58.0,3,40.9,0,0,11648.9,38.1627355,-122.4622827,48.9,160.4,0,0,0
439.10,105.8,65.7,6694,60.5,3,40.5,0,0,11651.5,38.1627474,-122.4623069,48.9,160.4,0,0,0
439.20,106.3,66.1,6718,60.5,3,40.4,0,0,11654.0,38.1627601,-122.4623309,48.9,160.4,0,0,0
439.30,107.5,66.8,6745,60.5,3,40.9,0,0,11656.5,38.1627731,-122.4623546,48.9,160.4,0,0,0
439.40,108.5,67.4,6833,64.5,3,41.1,0,0,11659.0,38.1627864,-122.4623779,48.9,160.4,0,0,0
439.50,109.7,68.2,6953,67.0,3,40.9,0,0,11661.6,38.1628005,-122.4624010,48.9,160.4,0,0,0
439.60,109.7,68.2,7013,74.0,3,40.3,0,0,11664.2,38.1628154,-122.4624240,48.9,160.4,0,0,0
439.70,111.2,69.1,7086,76.5,3,39.3,0,0,11666.8,38.1628311,-122.4624469,48.9,160.4,0,0,0
439.80,112.7,70.0,7154,76.5,3,38.2,0,0,11669.5,38.1628471,-122.4624696,50.0,164.0,0,0,0
439.90,114.4,71.1,7243,77.0,3,37.7,0,0,11672.2,38.1628634,-122.4624919,50.0,164.0,0,0,0
440.00,115.4,71.7,7287,82.0,3,37.1,0,0,11674.9,38.1628804,-122.4625137,50.0,164.0,0,0,0
440.10,116.0,72.1,7323,82.0,3,35.8,0,0,11677.6,38.1628981,-122.4625352,50.0,164.0,0,0,0
440.20,116.2,72.2,7379,81.5,3,33.7,0,0,11680.3,38.1629164,-122.4625567,50.0,164.0,0,0,0
440.30,117.0,72.7,7410,81.0,3,31.5,0,0,11683.2,38.1629354,-122.4625780,50.0,164.0,0,0,0
440.40,117.2,72.8,7425,80.0,3,28.8,0,0,11686.0,38.1629551,-122.4625993,50.0,164.0,0,0,0
440.50,118.2,73.4,7514,76.0,3,25.7,0,0,11688.9,38.1629751,-122.4626207,50.0,164.0,0,0,0
440.60,118.3,73.5,7432,71.5,3,22.3,0,0,11691.9,38.1629954,-122.4626419,50.0,164.0,0,0,0
440.70,118.4,73.6,7460,69.5,3,18.7,0,0,11694.8,38.1630161,-122.4626631,50.0,164.0,0,0,0
440.80,118.7,73.8,7447,66.0,3,15.2,0,0,11697.8,38.1630371,-122.4626843,49.7,163.1,0,0,0
440.90,118.7,73.7,7476,59.5,3,12.5,0,0,11700.8,38.1630584,-122.4627058,49.7,163.1,0,0,0
441.00,119.0,73.9,7074,9.0,3,10.8,0,0,11703.9,38.1630801,-122.4627273,49.7,163.1,0,0,0
441.10,117.3,72.9,7219,0.0,3,10.1,0,0,11707.0,38.1631020,-122.4627489,49.7,163.1,0,0,0
441.20,115.4,71.7,7261,0.0,3,10.9,0,0,11710.0,38.1631240,-122.4627703,49.7,163.1,0,0,0
441.30,115.2,71.6,7248,0.0,3,9.6,0,0,11713.1,38.1631460,-122.4627912,49.7,163.1,0,0,0
441.40,115.0,71.5,7208,0.0,3,7.5,0,0,11716.1,38.1631680,-122.4628120,49.7,163.1,0,0,0
441.50,114.6,71.2,7183,0.0,3,6.6,0,0,11719.2,38.1631900,-122.4628327,49.7,163.1,0,0,0
441.60,113.8,70.7,7061,0.0,3,6.4,0,0,11722.2,38.1632119,-122.4628532,49.7,163.1,0,0,0
441.70,112.0,69.6,6988,0.0,3,6.1,0,0,11725.2,38.1632337,-122.4628736,49.7,163.1,0,0,0
441.80,111.2,69.1,6927,0.0,3,5.3,0,0,11728.2,38.1632552,-122.4628936,46.7,153.2,0,0,0
441.90,109.9,68.3,6938,0.0,3,4.7,0,0,11731.1,38.1632767,-122.4629129,46.7,153.2,0,0,0
442.00,109.1,67.8,8219,0.0,2,4.3,0,0,11734.0,38.1632979,-122.4629319,46.7,153.2,0,0,0
442.10,105.2,65.4,8272,0.0,2,4.4,0,0,11736.9,38.1633189,-122.4629507,46.7,153.2,0,0,0
442.20,105.4,65.5,8074,0.0,2,4.6,0,0,11739.7,38.1633396,-122.4629692,46.7,153.2,0,0,0
442.30,102.6,63.8,8041,0.0,2,4.5,0,0,11742.4,38.1633599,-122.4629874,46.7,153.2,0,0,0
442.40,101.4,63.0,7932,0.0,2,4.1,0,0,11745.1,38.1633800,-122.4630052,46.7,153.2,0,0,0
442.50,100.3,62.3,7744,0.0,2,4.2,0,0,11747.8,38.1633999,-122.4630226,46.7,153.2,0,0,0
442.60,98.6,61.2,7636,0.0,2,4.4,0,0,11750.5,38.1634197,-122.4630396,46.7,153.2,0,0,0
442.70,97.3,60.4,7551,0.0,2,4.2,0,0,11753.1,38.1634392,-122.4630562,46.7,153.2,0,0,0
442.80,95.7,59.5,7410,0.0,2,4.1,0,0,11755.7,38.1634586,-122.4630726,43.8,143.7,0,0,0
442.90,94.3,58.6,7271,0.0,2,4.3,0,0,11758.2,38.1634776,-122.4630886,43.8,143.7,0,0,0
443.00,92.5,57.5,7203,0.0,2,5.1,0,0,11760.7,38.1634962,-122.4631042,43.8,143.7,0,0,0
443.10,91.5,56.9,7089,0.0,2,6.3,0,0,11763.1,38.1635144,-122.4631196,43.8,143.7,0,0,0
443.20,90.2,56.0,7019,0.0,2,7.5,0,0,11765.5,38.1635322,-122.4631346,43.8,143.7,0,0,0
443.30,89.4,55.6,6930,0.0,2,8.5,0,0,11767.8,38.1635498,-122.4631492,43.8,143.7,0,0,0
443.40,88.4,54.9,6879,0.0,2,9.1,0,0,11770.2,38.1635672,-122.4631637,43.8,143.7,0,0,0
443.50,87.8,54.6,6820,0.0,2,9.1,0,0,11772.5,38.1635848,-122.4631779,43.8,143.7,0,0,0
443.60,86.9,54.0,6762,0.0,2,8.9,0,0,11774.8,38.1636022,-122.4631917,43.8,143.7,0,0,0
443.70,85.8,53.3,6698,0.0,2,9.7,0,0,11777.0,38.1636197,-122.4632052,43.8,143.7,0,0,0
443.80,84.9,52.8,6669,0.0,2,11.3,0,0,11779.3,38.1636369,-122.4632187,42.0,137.8,0,0,0
443.90,84.7,52.6,6565,0.0,2,12.7,0,0,11781.5,38.1636541,-122.4632319,42.0,137.8,0,0,0
444.00,83.7,52.0,6540,0.0,2,14.3,0,0,11783.7,38.1636713,-122.4632446,42.0,137.8,0,0,0
444.10,83.0,51.6,6480,0.0,2,16.3,0,0,11785.9,38.1636887,-122.4632569,42.0,137.8,0,0,0
444.20,82.5,51.3,6453,0.0,2,19.0,0,0,11788.1,38.1637059,-122.4632689,42.0,137.8,0,0,0
444.30,81.9,50.9,6383,0.0,2,21.5,0,0,11790.2,38.1637227,-122.4632806,42.0,137.8,0,0,0
444.40,81.2,50.5,6344,0.0,2,23.8,0,0,11792.3,38.1637393,-122.4632916,42.0,137.8,0,0,0
444.50,80.9,50.2,6292,0.0,2,25.5,0,0,11794.4,38.1637561,-122.4633019,42.0,137.8,0,0,0
444.60,80.2,49.8,6240,0.0,2,26.7,0,0,11796.5,38.1637730,-122.4633119,42.0,137.8,0,0,0
444.70,79.4,49.3,6226,0.0,2,28.3,0,0,11798.5,38.1637900,-122.4633213,42.0,137.8,0,0,0
444.80,79.2,49.2,6192,0.0,2,29.6,0,0,11800.6,38.1638069,-122.4633299,40.6,133.2,0,0,0
444.90,78.7,48.9,6164,0.0,2,30.4,0,0,11802.6,38.1638237,-122.4633379,40.6,133.2,0,0,0
445.00,78.4,48.7,6078,0.0,2,30.9,0,0,11804.5,38.1638403,-122.4633453,40.6,133.2,0,0,0
445.10,77.4,48.1,6035,0.0,2,31.8,0,0,11806.5,38.1638571,-122.4633521,40.6,133.2,0,0,0
445.20,76.8,47.7,6014,0.0,2,32.8,0,0,11808.4,38.1638740,-122.4633583,40.6,133.2,0,0,0
445.30,76.4,47.5,5961,0.0,2,33.8,0,0,11810.4,38.1638910,-122.4633638,40.6,133.2,0,0,0
445.40,75.9,47.1,5924,0.0,2,34.5,0,0,11812.3,38.1639079,-122.4633686,40.6,133.2,0,0,0
445.50,75.3,46.8,5828,0.0,2,34.4,0,0,11814.2,38.1639247,-122.4633726,40.6,133.2,0,0,0
445.60,74.2,46.1,5765,0.0,2,34.8,0,0,11816.1,38.1639412,-122.4633758,40.6,133.2,0,0,0
445.70,73.4,45.6,5760,0.0,2,35.7,0,0,11817.9,38.1639578,-122.4633783,40.6,133.2,0,0,0
445.80,73.2,45.5,5710,0.0,2,36.0,0,0,11819.7,38.1639742,-122.4633798,39.0,128.0,0,0,0
445.90,72.7,45.2,5661,0.0,2,36.7,0,0,11821.6,38.1639907,-122.4633806,39.0,128.0,0,0,0
446.00,72.2,44.9,5632,0.0,2,37.4,0,0,11823.4,38.1640069,-122.4633808,39.0,128.0,0,0,0
446.10,71.7,44.6,5635,0.0,2,37.7,0,0,11825.1,38.1640227,-122.4633803,39.0,128.0,0,0,0
446.20,71.5,44.4,5539,0.0,2,38.3,0,0,11826.9,38.1640383,-122.4633788,39.0,128.0,0,0,0
446.30,70.5,43.8,5504,0.0,2,39.1,0,0,11828.6,38.1640540,-122.4633763,39.0,128.0,0,0,0
446.40,70.1,43.6,5486,0.0,2,39.7,0,0,11830.4,38.1640696,-122.4633731,39.0,128.0,0,0,0
446.50,69.8,43.4,5462,0.0,2,40.1,0,0,11832.1,38.1640849,-122.4633693,39.0,128.0,0,0,0
446.60,69.4,43.1,5497,1.0,2,40.3,0,0,11833.8,38.1640996,-122.4633645,39.0,128.0,0,0,0
446.70,69.0,42.9,5483,14.0,2,39.4,0,0,11835.5,38.1641140,-122.4633589,39.0,128.0,0,0,0
446.80,69.6,43.2,5772,19.0,2,39.6,0,0,11837.2,38.1641282,-122.4633526,37.5,123.0,0,0,0
446.90,70.0,43.5,5577,24.5,2,40.2,0,0,11838.9,38.1641424,-122.4633456,37.5,123.0,0,0,0
447.00,71.8,44.6,5740,31.5,2,40.8,0,0,11840.5,38.1641562,-122.4633379,37.5,123.0,0,0,0
447.10,73.0,45.3,5802,34.0,2,41.0,0,0,11842.2,38.1641700,-122.4633295,37.5,123.0,0,0,0
447.20,73.8,45.8,5898,37.0,2,41.3,0,0,11844.0,38.1641836,-122.4633202,37.5,123.0,0,0,0
447.30,75.0,46.6,6013,41.5,2,41.6,0,0,11845.7,38.1641969,-122.4633098,37.5,123.0,0,0,0
447.40,76.7,47.6,6165,47.0,2,41.9,0,0,11847.5,38.1642099,-122.4632983,37.5,123.0,0,0,0
447.50,78.6,48.9,6303,51.5,2,41.9,0,0,11849.2,38.1642226,-122.4632859,37.5,123.0,0,0,0
447.60,80.3,49.9,6441,56.5,2,41.5,0,0,11851.0,38.1642349,-122.4632729,37.5,123.0,0,0,0
447.70,82.3,51.1,6638,61.5,2,40.8,0,0,11852.8,38.1642470,-122.4632592,37.5,123.0,0,0,0
447.80,84.6,52.6,6811,62.0,2,40.1,0,0,11854.7,38.1642590,-122.4632442,35.4,116.1,0,0,0
447.90,87.0,54.0,6889,62.0,2,39.8,0,0,11856.6,38.1642710,-122.4632278,35.4,116.1,0,0,0
448.00,87.3,54.3,7025,64.0,2,39.4,0,0,11858.6,38.1642829,-122.4632105,35.4,116.1,0,0,0
448.10,89.8,55.8,7201,64.5,2,38.9,0,0,11860.7,38.1642946,-122.4631922,35.4,116.1,0,0,0
448.20,92.1,57.2,7408,70.5,2,38.3,0,0,11862.8,38.1643060,-122.4631728,35.4,116.1,0,0,0
448.30,94.2,58.5,7567,72.5,2,37.4,0,0,11865.0,38.1643172,-122.4631523,35.4,116.1,0,0,0
448.40,95.9,59.6,7667,73.0,2,35.9,0,0,11867.3,38.1643284,-122.4631308,35.4,116.1,0,0,0
448.50,97.4,60.5,7787,73.5,2,33.9,0,0,11869.6,38.1643391,-122.4631082,35.4,116.1,0,0,0
448.60,99.1,61.6,7902,73.5,2,31.7,0,0,11871.9,38.1643490,-122.4630845,35.4,116.1,0,0,0
448.70,100.5,62.5,8102,74.5,2,30.0,0,0,11874.3,38.1643582,-122.4630596,35.4,116.1,0,0,0
448.80,103.3,64.2,8290,75.5,2,28.8,0,0,11876.8,38.1643671,-122.4630339,33.1,108.6,0,0,0
448.90,105.3,65.4,8465,75.5,2,27.7,0,0,11879.3,38.1643760,-122.4630076,33.1,108.6,0,0,0
449.00,107.2,66.6,8592,76.0,2,26.4,0,0,11881.8,38.1643849,-122.4629805,33.1,108.6,0,0,0
449.10,109.5,68.0,8734,76.5,2,24.3,0,0,11884.5,38.1643936,-122.4629525,33.1,108.6,0,0,0
449.20,111.1,69.0,8956,77.0,2,22.0,0,0,11887.2,38.1644020,-122.4629235,33.1,108.6,0,0,0
449.30,114.3,71.0,9092,77.0,2,20.4,0,0,11890.0,38.1644102,-122.4628936,33.1,108.6,0,0,0
449.40,115.5,71.8,8501,77.0,2,18.8,0,0,11892.8,38.1644184,-122.4628629,33.1,108.6,0,0,0
449.50,113.7,70.7,7268,76.5,2,16.9,0,0,11895.7,38.1644262,-122.4628316,33.1,108.6,0,0,0
449.60,116.9,72.7,7447,73.5,3,15.3,0,0,11898.6,38.1644340,-122.4627996,33.1,108.6,0,0,0
449.70,119.6,74.3,7605,73.5,3,14.4,0,0,11901.6,38.1644417,-122.4627669,33.1,108.6,0,0,0
449.80,120.5,74.9,7651,68.5,3,14.2,0,0,11904.6,38.1644492,-122.4627336,30.2,99.1,0,0,0
449.90,121.3,75.4,7722,65.0,3,14.2,0,0,11907.7,38.1644567,-122.4626999,30.2,99.1,0,0,0
450.00,123.5,76.7,7854,65.0,3,14.7,0,0,11910.8,38.1644639,-122.4626656,30.2,99.1,0,0,0
450.10,125.4,77.9,7928,59.5,3,15.8,0,0,11913.9,38.1644707,-122.4626306,30.2,99.1,0,0,0
450.20,126.1,78.4,8002,54.5,3,16.9,0,0,11917.1,38.1644772,-122.4625949,30.2,99.1,0,0,0
450.30,127.6,79.3,8054,51.5,3,18.2,0,0,11920.3,38.1644837,-122.4625590,30.2,99.1,0,0,0
450.40,128.5,79.8,8143,51.5,3,19.5,0,0,11923.6,38.1644899,-122.4625229,30.2,99.1,0,0,0
450.50,129.3,80.4,8183,47.5,3,20.4,0,0,11926.8,38.1644959,-122.4624866,30.2,99.1,0,0,0
450.60,130.6,81.1,8217,42.5,3,21.5,0,0,11930.1,38.1645016,-122.4624499,30.2,99.1,0,0,0
450.70,130.9,81.3,8271,42.5,3,23.0,0,0,11933.4,38.1645069,-122.4624127,30.2,99.1,0,0,0
450.80,131.6,81.8,8329,42.0,3,24.5,0,0,11936.7,38.1645116,-122.4623752,27.4,89.9,0,0,0
450.90,132.3,82.2,8343,39.0,3,25.8,0,0,11940.0,38.1645159,-122.4623377,27.4,89.9,0,0,0
451.00,133.2,82.7,8371,36.0,3,26.9,0,0,11943.4,38.1645199,-122.4622999,27.4,89.9,0,0,0
451.10,133.3,82.8,8439,36.0,3,28.6,0,0,11946.7,38.1645233,-122.4622620,27.4,89.9,0,0,0
451.20,133.9,83.2,8467,36.0,3,30.4,0,0,11950.0,38.1645261,-122.4622240,27.4,89.9,0,0,0
451.30,134.7,83.7,8494,36.0,3,31.6,0,0,11953.4,38.1645283,-122.4621859,27.4,89.9,0,0,0
451.40,135.6,84.2,8572,35.5,3,32.7,0,0,11956.7,38.1645299,-122.4621477,27.4,89.9,0,0,0
451.50,136.4,84.7,8589,35.5,3,33.7,0,0,11960.1,38.1645309,-122.4621093,27.4,89.9,0,0,0
451.60,136.6,84.9,8579,36.5,3,34.7,0,0,11963.4,38.1645316,-122.4620711,27.4,89.9,0,0,0
451.70,136.4,84.7,8606,37.0,3,35.2,0,0,11966.7,38.1645319,-122.4620330,27.4,89.9,0,0,0
451.80,137.3,85.3,8654,37.0,3,35.6,0,0,11970.1,38.1645316,-122.4619949,26.5,86.9,0,0,0
451.90,137.7,85.6,8649,37.0,3,35.5,0,0,11973.4,38.1645309,-122.4619567,26.5,86.9,0,0,0
452.00,137.2,85.3,8649,37.5,3,35.2,0,0,11976.8,38.1645299,-122.4619183,26.5,86.9,0,0,0
452.10,137.9,85.7,8679,37.5,3,35.2,0,0,11980.1,38.1645283,-122.4618801,26.5,86.9,0,0,0
452.20,137.4,85.3,8674,37.5,3,35.3,0,0,11983.5,38.1645259,-122.4618420,26.5,86.9,0,0,0
452.30,137.9,85.7,8691,37.5,3,35.7,0,0,11986.8,38.1645229,-122.4618039,26.5,86.9,0,0,0
452.40,138.5,86.0,8719,37.5,3,36.3,0,0,11990.2,38.1645196,-122.4617658,26.5,86.9,0,0,0
452.50,139.0,86.4,8726,37.5,3,36.5,0,0,11993.5,38.1645158,-122.4617276,26.5,86.9,0,0,0
452.60,138.5,86.0,8716,37.5,3,36.5,0,0,11996.9,38.1645113,-122.4616898,26.5,86.9,0,0,0
452.70,138.6,86.1,8721,37.5,3,36.6,0,0,12000.2,38.1645059,-122.4616519,26.5,86.9,0,0,0
452.80,138.5,86.0,8734,37.5,3,37.1,0,0,12003.6,38.1644999,-122.4616141,24.4,80.1,0,0,0
452.90,139.6,86.7,8814,37.5,3,37.9,0,0,12007.0,38.1644933,-122.4615764,24.4,80.1,0,0,0
453.00,140.2,87.1,8829,37.5,3,38.6,0,0,12010.4,38.1644858,-122.4615391,24.4,80.1,0,0,0
453.10,140.2,87.1,8811,37.5,3,39.0,0,0,12013.7,38.1644776,-122.4615020,24.4,80.1,0,0,0
453.20,140.4,87.2,8845,38.0,3,38.8,0,0,12017.1,38.1644689,-122.4614651,24.4,80.1,0,0,0
453.30,140.6,87.4,8887,37.5,3,39.0,0,0,12020.5,38.1644596,-122.4614283,24.4,80.1,0,0,0
453.40,141.0,87.6,8924,37.0,3,39.7,0,0,12023.8,38.1644496,-122.4613918,24.4,80.1,0,0,0
453.50,141.6,88.0,8908,37.0,3,40.6,0,0,12027.2,38.1644389,-122.4613554,24.4,80.1,0,0,0
453.60,141.8,88.1,8900,37.0,3,41.0,0,0,12030.6,38.1644276,-122.4613194,24.4,80.1,0,0,0
453.70,142.3,88.4,8881,37.0,3,41.1,0,0,12034.0,38.1644155,-122.4612841,24.4,80.1,0,0,0
453.80,141.2,87.8,8892,37.5,3,40.4,0,0,12037.4,38.1644026,-122.4612491,22.9,75.1,0,0,0
453.90,140.6,87.4,8926,39.0,3,39.6,0,0,12040.8,38.1643889,-122.4612143,22.9,75.1,0,0,0
454.00,141.7,88.0,8860,39.0,3,39.7,0,0,12044.2,38.1643746,-122.4611798,22.9,75.1,0,0,0
454.10,141.0,87.6,8934,43.5,3,39.4,0,0,12047.6,38.1643599,-122.4611457,22.9,75.1,0,0,0
454.20,142.2,88.4,8913,43.5,3,39.3,0,0,12051.0,38.1643446,-122.4611121,22.9,75.1,0,0,0
454.30,142.1,88.3,8921,48.0,3,38.7,0,0,12054.4,38.1643288,-122.4610791,22.9,75.1,0,0,0
454.40,141.8,88.1,8969,54.5,3,37.9,0,0,12057.8,38.1643123,-122.4610464,22.9,75.1,0,0,0
454.50,142.9,88.8,9001,56.0,3,37.7,0,0,12061.2,38.1642948,-122.4610141,22.9,75.1,0,0,0
454.60,143.3,89.1,9097,57.0,3,37.4,0,0,12064.6,38.1642766,-122.4609824,22.9,75.1,0,0,0
454.70,144.3,89.7,9111,58.0,3,37.2,0,0,12068.1,38.1642579,-122.4609511,22.9,75.1,0,0,0
454.80,144.9,90.0,9208,63.0,3,36.8,0,0,12071.5,38.1642389,-122.4609204,22.2,72.8,0,0,0
454.90,146.3,90.9,9243,64.5,3,36.7,0,0,12074.9,38.1642193,-122.4608901,22.2,72.8,0,0,0
455.00,146.6,91.1,9260,67.0,3,36.5,0,0,12078.4,38.1641988,-122.4608600,22.2,72.8,0,0,0
455.10,148.1,92.0,9343,68.5,3,36.0,0,0,12081.9,38.1641773,-122.4608301,22.2,72.8,0,0,0
455.20,148.1,92.0,9372,70.0,3,35.2,0,0,12085.5,38.1641548,-122.4608004,22.2,72.8,0,0,0
455.30,149.1,92.6,9387,70.5,3,34.2,0,0,12089.2,38.1641316,-122.4607711,22.2,72.8,0,0,0
455.40,149.4,92.8,9467,74.0,3,32.8,0,0,12092.8,38.1641079,-122.4607424,22.2,72.8,0,0,0
455.50,150.7,93.7,9503,74.5,3,31.5,0,0,12096.5,38.1640836,-122.4607141,22.2,72.8,0,0,0
455.60,151.6,94.2,9555,74.0,3,30.0,0,0,12100.2,38.1640586,-122.4606864,22.2,72.8,0,0,0
455.70,152.1,94.5,9567,73.5,3,28.5,0,0,12103.9,38.1640329,-122.4606591,22.2,72.8,0,0,0
455.80,152.1,94.5,9619,73.5,3,26.9,0,0,12107.6,38.1640066,-122.4606321,22.8,74.8,0,0,0
455.90,153.4,95.3,9625,73.5,3,25.8,0,0,12111.4,38.1639799,-122.4606054,22.8,74.8,0,0,0
456.00,153.5,95.4,9628,73.5,3,24.8,0,0,12115.2,38.1639529,-122.4605791,22.8,74.8,0,0,0
456.10,153.6,95.4,9659,73.0,3,23.5,0,0,12119.0,38.1639256,-122.4605530,22.8,74.8,0,0,0
456.20,154.1,95.7,9485,55.5,3,21.8,0,0,12122.8,38.1638976,-122.4605271,22.8,74.8,0,0,0
456.30,151.5,94.2,9381,38.5,3,19.7,0,0,12126.7,38.1638689,-122.4605014,22.8,74.8,0,0,0
456.40,149.6,93.0,9323,30.0,3,17.4,0,0,12130.6,38.1638400,-122.4604764,22.8,74.8,0,0,0
456.50,148.6,92.4,8798,0.0,3,14.4,0,0,12134.5,38.1638110,-122.4604518,22.8,74.8,0,0,0
456.60,143.0,88.9,9091,0.0,3,11.2,0,0,12138.4,38.1637820,-122.4604276,22.8,74.8,0,0,0
456.70,144.3,89.7,9048,0.0,3,8.1,0,0,12142.2,38.1637530,-122.4604038,22.8,74.8,0,0,0
456.80,143.5,89.2,8921,0.0,3,5.9,0,0,12146.0,38.1637240,-122.4603803,25.4,83.3,0,0,0
456.90,142.0,88.2,8845,0.0,3,4.2,0,0,12149.8,38.1636951,-122.4603571,25.4,83.3,0,0,0
457.00,140.4,87.3,8770,0.0,3,2.5,0,0,12153.6,38.1636664,-122.4603341,25.4,83.3,0,0,0
457.10,139.7,86.8,8716,0.0,3,1.9,0,0,12157.3,38.1636381,-122.4603113,25.4,83.3,0,0,0
457.20,138.4,86.0,8626,0.0,3,1.5,0,0,12161.0,38.1636100,-122.4602888,25.4,83.3,0,0,0
457.30,137.1,85.2,8521,0.0,3,0.8,0,0,12164.7,38.1635820,-122.4602666,25.4,83.3,0,0,0
457.40,135.5,84.2,8489,0.0,3,0.3,0,0,12168.3,38.1635541,-122.4602448,25.4,83.3,0,0,0
457.50,135.2,84.0,8423,0.0,3,0.5,0,0,12172.0,38.1635264,-122.4602230,25.4,83.3,0,0,0
457.60,133.9,83.2,8352,0.0,3,0.8,0,0,12175.5,38.1634991,-122.4602014,25.4,83.3,0,0,0
457.70,132.4,82.3,8240,0.0,3,1.2,0,0,12179.1,38.1634720,-122.4601801,25.4,83.3,0,0,0
457.80,130.9,81.4,8184,0.0,3,1.7,0,0,12182.6,38.1634451,-122.4601591,27.3,89.6,0,0,0
457.90,130.1,80.9,8099,0.0,3,0.7,0,0,12186.1,38.1634184,-122.4601383,27.3,89.6,0,0,0
458.00,128.4,79.8,7983,0.0,3,-0.9,0,0,12189.5,38.1633924,-122.4601178,27.3,89.6,0,0,0
458.10,126.7,78.7,7911,0.0,3,-2.0,0,0,12192.8,38.1633668,-122.4600973,27.3,89.6,0,0,0
458.20,126.1,78.3,7870,0.0,3,-3.1,0,0,12196.2,38.1633413,-122.4600771,27.3,89.6,0,0,0
458.30,124.9,77.6,7786,0.0,3,-4.3,0,0,12199.5,38.1633161,-122.4600570,27.3,89.6,0,0,0
458.40,124.2,77.2,7788,0.0,3,-5.9,0,0,12202.8,38.1632911,-122.4600370,27.3,89.6,0,0,0
458.50,123.6,76.8,7768,0.0,3,-7.3,0,0,12206.0,38.1632664,-122.4600170,27.3,89.6,0,0,0
458.60,123.0,76.4,7673,0.0,3,-8.5,0,0,12209.2,38.1632421,-122.4599970,27.3,89.6,0,0,0
458.70,122.1,75.8,7632,0.0,3,-9.9,0,0,12212.4,38.1632180,-122.4599769,27.3,89.6,0,0,0
458.80,121.3,75.4,7576,0.0,3,-10.7,0,0,12215.6,38.1631941,-122.4599567,27.4,89.9,0,0,0
458.90,120.2,74.7,7525,0.0,3,-12.2,0,0,12218.8,38.1631703,-122.4599362,27.4,89.9,0,0,0
459.00,119.6,74.3,7515,0.0,3,-13.6,0,0,12222.0,38.1631468,-122.4599158,27.4,89.9,0,0,0
459.10,119.2,74.1,7452,0.0,3,-14.7,0,0,12225.2,38.1631234,-122.4598952,27.4,89.9,0,0,0
459.20,118.7,73.7,7411,0.0,3,-16.0,0,0,12228.3,38.1631004,-122.4598747,27.4,89.9,0,0,0
459.30,117.9,73.3,7393,0.0,3,-17.3,0,0,12231.4,38.1630778,-122.4598539,27.4,89.9,0,0,0
459.40,117.7,73.1,7353,0.0,3,-18.8,0,0,12234.5,38.1630553,-122.4598327,27.4,89.9,0,0,0
459.50,116.7,72.5,7323,0.0,3,-20.8,0,0,12237.6,38.1630331,-122.4598113,27.4,89.9,0,0,0
459.60,116.7,72.5,7316,0.0,3,-22.9,0,0,12240.6,38.1630114,-122.4597900,27.4,89.9,0,0,0
459.70,116.2,72.2,7298,0.0,3,-25.0,0,0,12243.7,38.1629901,-122.4597686,27.4,89.9,0,0,0
459.80,116.0,72.1,7283,0.0,3,-26.8,0,0,12246.7,38.1629691,-122.4597469,26.1,85.6,0,0,0
459.90,115.3,71.6,7232,0.0,3,-28.2,0,0,12249.7,38.1629484,-122.4597250,26.1,85.6,0,0,0
460.00,115.0,71.4,7200,0.0,3,-29.7,0,0,12252.6,38.1629284,-122.4597029,26.1,85.6,0,0,0
460.10,114.6,71.2,7169,0.0,3,-31.2,0,0,12255.5,38.1629088,-122.4596806,26.1,85.6,0,0,0
460.20,114.2,71.0,7160,0.0,3,-32.5,0,0,12258.4,38.1628896,-122.4596579,26.1,85.6,0,0,0
460.30,113.9,70.8,7155,0.0,3,-33.7,0,0,12261.4,38.1628709,-122.4596346,26.1,85.6,0,0,0
460.40,113.6,70.6,7134,0.0,3,-34.3,0,0,12264.2,38.1628527,-122.4596109,26.1,85.6,0,0,0
460.50,113.1,70.3,7087,0.0,3,-35.4,0,0,12267.1,38.1628351,-122.4595869,26.1,85.6,0,0,0
460.60,112.6,70.0,7082,0.0,3,-36.4,0,0,12270.0,38.1628181,-122.4595626,26.1,85.6,0,0,0
460.70,112.5,69.9,7024,0.0,3,-36.1,0,0,12272.8,38.1628017,-122.4595379,26.1,85.6,0,0,0
460.80,111.6,69.3,7023,0.0,3,-37.1,0,0,12275.6,38.1627861,-122.4595130,23.4,76.8,0,0,0
460.90,111.6,69.4,6982,0.0,3,-36.4,0,0,12278.3,38.1627711,-122.4594879,23.4,76.8,0,0,0
461.00,110.9,68.9,6943,0.0,3,-36.7,0,0,12281.1,38.1627564,-122.4594626,23.4,76.8,0,0,0
461.10,110.4,68.6,6913,0.0,3,-37.4,0,0,12283.8,38.1627424,-122.4594366,23.4,76.8,0,0,0
461.20,110.1,68.4,6892,0.0,3,-37.3,0,0,12286.6,38.1627291,-122.4594102,23.4,76.8,0,0,0
461.30,109.4,68.0,6843,0.0,3,-37.7,0,0,12289.3,38.1627164,-122.4593834,23.4,76.8,0,0,0
461.40,109.2,67.9,6856,0.0,3,-38.2,0,0,12292.0,38.1627045,-122.4593562,23.4,76.8,0,0,0
461.50,108.5,67.4,6788,0.0,3,-38.7,0,0,12294.7,38.1626934,-122.4593287,23.4,76.8,0,0,0
461.60,108.1,67.2,6757,0.0,3,-38.9,0,0,12297.4,38.1626831,-122.4593009,23.4,76.8,0,0,0
461.70,107.4,66.7,6714,0.0,3,-39.1,0,0,12300.1,38.1626734,-122.4592726,23.4,76.8,0,0,0
461.80,106.8,66.4,6689,0.0,3,-39.4,0,0,12302.8,38.1626645,-122.4592440,20.7,67.9,0,0,0
461.90,106.6,66.2,6670,0.0,3,-39.5,0,0,12305.5,38.1626565,-122.4592153,20.7,67.9,0,0,0
462.00,106.1,65.9,6614,0.0,3,-39.4,0,0,12308.1,38.1626494,-122.4591867,20.7,67.9,0,0,0
462.10,105.6,65.6,6634,0.0,3,-39.5,0,0,12310.7,38.1626431,-122.4591579,20.7,67.9,0,0,0
462.20,105.1,65.3,6571,0.0,3,-39.7,0,0,12313.3,38.1626374,-122.4591290,20.7,67.9,0,0,0
462.30,104.5,65.0,6569,0.0,3,-40.2,0,0,12315.9,38.1626321,-122.4591000,20.7,67.9,0,0,0
462.40,104.3,64.8,6546,0.0,3,-40.5,0,0,12318.5,38.1626274,-122.4590710,20.7,67.9,0,0,0
462.50,103.8,64.5,6528,0.0,3,-41.0,0,0,12321.1,38.1626235,-122.4590419,20.7,67.9,0,0,0
462.60,103.7,64.4,6506,0.0,3,-41.4,0,0,12323.7,38.1626205,-122.4590127,20.7,67.9,0,0,0
462.70,103.5,64.3,6487,0.0,3,-41.8,0,0,12326.2,38.1626184,-122.4589833,20.7,67.9,0,0,0
462.80,103.1,64.1,6450,0.0,3,-42.0,0,0,12328.8,38.1626172,-122.4589541,18.1,59.4,0,0,0
462.90,102.6,63.7,6446,5.5,3,-42.0,0,0,12331.3,38.1626167,-122.4589253,18.1,59.4,0,0,0
463.00,102.6,63.7,6476,10.0,3,-42.0,0,0,12333.8,38.1626172,-122.4588967,18.1,59.4,0,0,0
463.10,102.4,63.6,6575,14.5,3,-41.9,0,0,12336.3,38.1626184,-122.4588680,18.1,59.4,0,0,0
463.20,102.6,63.8,6470,17.5,3,-41.7,0,0,12338.8,38.1626204,-122.4588393,18.1,59.4,0,0,0
463.30,102.8,63.9,6528,26.0,3,-41.5,0,0,12341.4,38.1626231,-122.4588108,18.1,59.4,0,0,0
463.40,103.6,64.3,6545,26.0,3,-41.1,0,0,12343.9,38.1626261,-122.4587822,18.1,59.4,0,0,0
463.50,104.3,64.8,6545,26.0,3,-40.9,0,0,12346.4,38.1626297,-122.4587538,18.1,59.4,0,0,0
463.60,104.3,64.8,6591,26.0,3,-41.0,0,0,12348.9,38.1626342,-122.4587253,18.1,59.4,0,0,0
463.70,105.2,65.4,6611,26.0,3,-41.1,0,0,12351.5,38.1626394,-122.4586971,18.1,59.4,0,0,0
463.80,105.3,65.4,6657,26.0,3,-41.6,0,0,12354.0,38.1626455,-122.4586691,15.6,51.2,0,0,0
463.90,105.7,65.7,6666,25.0,3,-42.0,0,0,12356.6,38.1626525,-122.4586414,15.6,51.2,0,0,0
464.00,106.3,66.1,6699,25.0,3,-42.6,0,0,12359.1,38.1626605,-122.4586141,15.6,51.2,0,0,0
464.10,106.6,66.2,6751,25.0,3,-43.0,0,0,12361.7,38.1626695,-122.4585871,15.6,51.2,0,0,0
464.20,107.6,66.8,6760,25.0,3,-43.0,0,0,12364.2,38.1626794,-122.4585604,15.6,51.2,0,0,0
464.30,107.5,66.8,6748,23.5,3,-43.0,0,0,12366.8,38.1626902,-122.4585344,15.6,51.2,0,0,0
464.40,107.8,67.0,6754,22.0,3,-43.0,0,0,12369.4,38.1627017,-122.4585091,15.6,51.2,0,0,0
464.50,108.0,67.1,6791,22.0,3,-43.0,0,0,12372.0,38.1627142,-122.4584841,15.6,51.2,0,0,0
464.60,108.0,67.1,6854,22.5,3,-42.9,0,0,12374.6,38.1627274,-122.4584594,15.6,51.2,0,0,0
464.70,108.5,67.4,6853,23.0,3,-42.9,0,0,12377.2,38.1627413,-122.4584352,15.6,51.2,0,0,0
464.80,108.5,67.4,6822,23.5,3,-42.8,0,0,12379.8,38.1627564,-122.4584120,13.0,42.7,0,0,0
464.90,108.7,67.6,6829,24.0,3,-42.8,0,0,12382.5,38.1627729,-122.4583898,13.0,42.7,0,0,0
465.00,108.7,67.6,6870,25.0,3,-42.6,0,0,12385.2,38.1627900,-122.4583681,13.0,42.7,0,0,0
465.10,109.2,67.9,6892,25.0,3,-42.2,0,0,12387.9,38.1628074,-122.4583467,13.0,42.7,0,0,0
465.20,109.6,68.1,6932,26.0,3,-42.5,0,0,12390.6,38.1628251,-122.4583259,13.0,42.7,0,0,0
465.30,109.8,68.2,6941,27.0,3,-42.5,0,0,12393.2,38.1628434,-122.4583057,13.0,42.7,0,0,0
465.40,110.4,68.6,6948,30.5,3,-41.9,0,0,12395.9,38.1628621,-122.4582865,13.0,42.7,0,0,0
465.50,110.2,68.5,6951,34.0,3,-41.2,0,0,12398.6,38.1628814,-122.4582682,13.0,42.7,0,0,0
465.60,111.0,69.0,6983,34.0,3,-40.5,0,0,12401.3,38.1629011,-122.4582507,13.0,42.7,0,0,0
465.70,110.8,68.9,7006,37.0,3,-39.4,0,0,12404.0,38.1629214,-122.4582339,13.0,42.7,0,0,0
465.80,111.3,69.2,7021,39.5,3,-38.1,0,0,12406.7,38.1629421,-122.4582177,10.2,33.5,0,0,0
465.90,111.6,69.4,7053,41.5,3,-37.2,0,0,12409.4,38.1629631,-122.4582022,10.2,33.5,0,0,0
466.00,112.2,69.7,7048,42.0,3,-36.8,0,0,12412.1,38.1629847,-122.4581874,10.2,33.5,0,0,0
466.10,112.4,69.9,7099,40.5,3,-36.3,0,0,12414.8,38.1630068,-122.4581734,10.2,33.5,0,0,0
466.20,113.3,70.4,7145,38.5,3,-36.1,0,0,12417.6,38.1630293,-122.4581601,10.2,33.5,0,0,0
466.30,113.9,70.8,7206,39.5,3,-36.0,0,0,12420.4,38.1630521,-122.4581475,10.2,33.5,0,0,0
466.40,114.1,70.9,7201,40.0,3,-36.3,0,0,12423.1,38.1630754,-122.4581358,10.2,33.5,0,0,0
466.50,114.8,71.3,7261,40.5,3,-36.7,0,0,12425.9,38.1630991,-122.4581252,10.2,33.5,0,0,0
466.60,115.8,71.9,7316,41.5,3,-37.2,0,0,12428.8,38.1631233,-122.4581154,10.2,33.5,0,0,0
466.70,116.6,72.4,7326,41.5,3,-37.5,0,0,12431.6,38.1631478,-122.4581065,10.2,33.5,0,0,0
466.80,116.6,72.4,7328,42.0,3,-37.2,0,0,12434.4,38.1631724,-122.4580985,7.5,24.6,0,0,0
466.90,116.7,72.5,7387,44.5,3,-36.9,0,0,12437.3,38.1631974,-122.4580915,7.5,24.6,0,0,0
467.00,117.5,73.0,7410,44.5,3,-36.8,0,0,12440.2,38.1632231,-122.4580855,7.5,24.6,0,0,0
467.10,118.2,73.4,7443,44.0,3,-37.0,0,0,12443.1,38.1632490,-122.4580808,7.5,24.6,0,0,0
467.20,118.3,73.5,7482,43.5,3,-37.5,0,0,12446.0,38.1632751,-122.4580775,7.5,24.6,0,0,0
467.30,118.8,73.8,7474,43.0,3,-38.1,0,0,12448.9,38.1633013,-122.4580755,7.5,24.6,0,0,0
467.40,118.9,73.9,7513,43.0,3,-38.2,0,0,12451.9,38.1633277,-122.4580745,7.5,24.6,0,0,0
467.50,119.4,74.2,7491,42.5,3,-38.2,0,0,12454.8,38.1633540,-122.4580748,7.5,24.6,0,0,0
467.60,119.2,74.1,7480,42.0,3,-38.0,0,0,12457.7,38.1633803,-122.4580762,7.5,24.6,0,0,0
467.70,118.8,73.8,7549,46.0,3,-38.2,0,0,12460.7,38.1634067,-122.4580788,7.5,24.6,0,0,0
467.80,119.8,74.4,7564,46.5,3,-38.7,0,0,12463.6,38.1634329,-122.4580825,5.9,19.4,0,0,0
467.90,120.6,74.9,7566,46.5,3,-38.9,0,0,12466.5,38.1634590,-122.4580875,5.9,19.4,0,0,0
468.00,120.2,74.7,7595,49.0,3,-39.1,0,0,12469.5,38.1634850,-122.4580935,5.9,19.4,0,0,0
468.10,121.3,75.4,7636,51.5,3,-39.1,0,0,12472.4,38.1635109,-122.4581005,5.9,19.4,0,0,0
468.20,121.7,75.6,7738,57.0,3,-39.1,0,0,12475.3,38.1635366,-122.4581085,5.9,19.4,0,0,0
468.30,122.5,76.1,7768,59.0,3,-39.0,0,0,12478.2,38.1635616,-122.4581175,5.9,19.4,0,0,0
468.40,123.5,76.7,7785,59.5,3,-38.7,0,0,12481.1,38.1635860,-122.4581274,5.9,19.4,0,0,0
468.50,123.8,76.9,7840,61.5,3,-38.2,0,0,12483.9,38.1636104,-122.4581382,5.9,19.4,0,0,0
468.60,124.7,77.5,7906,61.5,3,-37.7,0,0,12486.9,38.1636351,-122.4581497,5.9,19.4,0,0,0
468.70,125.7,78.1,7922,62.0,3,-37.3,0,0,12489.9,38.1636599,-122.4581622,5.9,19.4,0,0,0
468.80,126.3,78.5,7977,64.5,3,-37.2,0,0,12492.8,38.1636847,-122.4581754,7.1,23.3,0,0,0
468.90,127.4,79.1,8052,68.5,3,-37.1,0,0,12495.8,38.1637092,-122.4581895,7.1,23.3,0,0,0
469.00,128.0,79.6,8095,70.0,3,-36.9,0,0,12498.9,38.1637338,-122.4582045,7.1,23.3,0,0,0
469.10,129.0,80.2,8126,70.5,3,-36.3,0,0,12501.9,38.1637582,-122.4582205,7.1,23.3,0,0,0
469.20,129.2,80.3,8254,70.5,3,-35.5,0,0,12505.0,38.1637827,-122.4582375,7.1,23.3,0,0,0
469.30,130.5,81.1,8231,71.0,3,-35.0,0,0,12508.1,38.1638069,-122.4582554,7.1,23.3,0,0,0
469.40,131.6,81.8,8279,72.0,3,-34.6,0,0,12511.3,38.1638310,-122.4582741,7.1,23.3,0,0,0
469.50,132.0,82.0,8324,72.0,3,-33.9,0,0,12514.4,38.1638550,-122.4582934,7.1,23.3,0,0,0
469.60,131.8,81.9,8406,71.0,3,-32.9,0,0,12517.6,38.1638789,-122.4583135,7.1,23.3,0,0,0
469.70,133.7,83.1,8425,71.0,3,-31.7,0,0,12520.8,38.1639027,-122.4583345,7.1,23.3,0,0,0
469.80,133.6,83.0,8430,72.5,3,-30.5,0,0,12524.1,38.1639262,-122.4583565,8.6,28.2,0,0,0
469.90,133.7,83.1,8472,71.5,3,-29.7,0,0,12527.4,38.1639497,-122.4583794,8.6,28.2,0,0,0
470.00,134.1,83.3,8501,72.5,3,-29.1,0,0,12530.7,38.1639729,-122.4584031,8.6,28.2,0,0,0
470.10,135.6,84.2,8616,73.0,3,-28.4,0,0,12534.0,38.1639957,-122.4584274,8.6,28.2,0,0,0
470.20,138.0,85.8,8855,74.0,3,-29.2,0,0,12537.3,38.1640183,-122.4584524,8.6,28.2,0,0,0
470.30,140.8,87.5,8895,77.5,3,-31.0,0,0,12540.7,38.1640411,-122.4584781,8.6,28.2,0,0,0
470.40,140.2,87.1,8892,81.0,3,-30.3,0,0,12544.1,38.1640639,-122.4585041,8.6,28.2,0,0,0
470.50,140.8,87.5,8961,88.0,3,-29.9,0,0,12547.5,38.1640866,-122.4585304,8.6,28.2,0,0,0
470.60,142.7,88.7,9110,93.0,3,-29.9,0,0,12551.0,38.1641090,-122.4585575,8.6,28.2,0,0,0
470.70,144.6,89.9,9197,100.0,3,-29.7,0,0,12554.4,38.1641313,-122.4585854,8.6,28.2,0,0,0
470.80,146.1,90.8,9285,100.0,3,-29.7,0,0,12558.0,38.1641537,-122.4586141,10.3,33.8,0,0,0
470.90,147.1,91.4,9343,100.0,3,-29.3,0,0,12561.5,38.1641759,-122.4586434,10.3,33.8,0,0,0
471.00,148.0,92.0,9384,100.0,3,-28.8,0,0,12565.1,38.1641980,-122.4586731,10.3,33.8,0,0,0
471.10,149.1,92.6,9470,100.0,3,-28.5,0,0,12568.7,38.1642200,-122.4587034,10.3,33.8,0,0,0
471.20,150.6,93.6,9533,100.0,3,-28.6,0,0,12572.4,38.1642420,-122.4587344,10.3,33.8,0,0,0
471.30,151.5,94.2,9610,100.0,3,-28.3,0,0,12576.1,38.1642640,-122.4587661,10.3,33.8,0,0,0
471.40,152.7,94.9,9637,100.0,3,-27.7,0,0,12579.8,38.1642860,-122.4587984,10.3,33.8,0,0,0
471.50,153.3,95.3,9656,100.0,3,-26.5,0,0,12583.6,38.1643079,-122.4588314,10.3,33.8,0,0,0
471.60,153.6,95.4,9694,100.0,3,-25.5,0,0,12587.4,38.1643297,-122.4588651,10.3,33.8,0,0,0
471.70,154.5,96.0,9712,100.0,3,-24.2,0,0,12591.2,38.1643512,-122.4588991,10.3,33.8,0,0,0
471.80,154.9,96.3,9760,100.0,3,-23.0,0,0,12595.0,38.1643727,-122.4589334,12.1,39.7,0,0,0
471.90,155.3,96.5,9801,100.0,3,-21.8,0,0,12598.9,38.1643940,-122.4589684,12.1,39.7,0,0,0
472.00,156.1,97.0,9853,100.0,3,-20.4,0,0,12602.8,38.1644153,-122.4590041,12.1,39.7,0,0,0
472.10,156.8,97.5,9869,100.0,3,-19.4,0,0,12606.8,38.1644367,-122.4590404,12.1,39.7,0,0,0
472.20,157.2,97.7,9921,100.0,3,-18.5,0,0,12610.8,38.1644579,-122.4590771,12.1,39.7,0,0,0
472.30,158.2,98.3,9980,100.0,3,-17.5,0,0,12614.8,38.1644790,-122.4591141,12.1,39.7,0,0,0
472.40,158.7,98.6,10030,100.0,3,-16.4,0,0,12618.8,38.1645000,-122.4591514,12.1,39.7,0,0,0
472.50,159.8,99.3,10118,100.0,3,-15.6,0,0,12622.8,38.1645210,-122.4591891,12.1,39.7,0,0,0
472.60,160.9,100.0,10184,100.0,3,-15.3,0,0,12626.9,38.1645420,-122.4592274,12.1,39.7,0,0,0
472.70,162.3,100.8,10229,100.0,3,-14.7,0,0,12631.0,38.1645630,-122.4592661,12.1,39.7,0,0,0
472.80,162.8,101.1,10288,100.0,3,-14.1,0,0,12635.2,38.1645840,-122.4593053,14.0,45.9,0,0,0
472.90,163.9,101.9,10324,100.0,3,-13.7,0,0,12639.3,38.1646049,-122.4593448,14.0,45.9,0,0,0
473.00,164.3,102.1,10374,100.0,3,-13.7,0,0,12643.5,38.1646257,-122.4593846,14.0,45.9,0,0,0
473.10,165.5,102.8,10454,100.0,3,-13.6,0,0,12647.7,38.1646463,-122.4594248,14.0,45.9,0,0,0
473.20,166.5,103.5,10501,100.0,3,-13.3,0,0,12651.9,38.1646671,-122.4594653,14.0,45.9,0,0,0
473.30,167.3,103.9,10568,100.0,3,-13.1,0,0,12656.2,38.1646880,-122.4595061,14.0,45.9,0,0,0
473.40,168.5,104.7,10646,100.0,3,-12.6,0,0,12660.5,38.1647090,-122.4595474,14.0,45.9,0,0,0
473.50,169.6,105.4,10715,100.0,3,-12.0,0,0,12664.8,38.1647299,-122.4595891,14.0,45.9,0,0,0
473.60,170.4,105.9,10784,100.0,3,-11.9,0,0,12669.2,38.1647507,-122.4596313,14.0,45.9,0,0,0
473.70,171.3,106.5,10843,100.0,3,-12.2,0,0,12673.5,38.1647713,-122.4596738,14.0,45.9,0,0,0
473.80,172.4,107.1,10878,100.0,3,-12.6,0,0,12677.9,38.1647921,-122.4597164,16.1,52.8,0,0,0
473.90,173.2,107.7,10937,100.0,3,-12.7,0,0,12682.3,38.1648130,-122.4597594,16.1,52.8,0,0,0
474.00,174.0,108.1,9895,100.0,3,-12.8,0,0,12686.8,38.1648339,-122.4598028,16.1,52.8,0,0,0
474.10,176.9,109.9,9231,100.0,4,-12.5,0,0,12691.2,38.1648546,-122.4598463,16.1,52.8,0,0,0
474.20,175.1,108.8,9192,100.0,4,-13.3,0,0,12695.7,38.1648750,-122.4598901,16.1,52.8,0,0,0
474.30,174.4,108.3,9169,100.0,4,-13.1,0,0,12700.1,38.1648953,-122.4599341,16.1,52.8,0,0,0
474.40,175.0,108.7,9211,100.0,4,-12.6,0,0,12704.6,38.1649157,-122.4599783,16.1,52.8,0,0,0
474.50,175.4,109.0,9274,100.0,4,-13.1,0,0,12709.1,38.1649359,-122.4600228,16.1,52.8,0,0,0
474.60,176.4,109.6,9265,100.0,4,-13.2,0,0,12713.6,38.1649560,-122.4600673,16.1,52.8,0,0,0
474.70,177.2,110.1,9323,100.0,4,-13.3,0,0,12718.1,38.1649760,-122.4601121,16.1,52.8,0,0,0
474.80,177.5,110.3,9358,100.0,4,-13.1,0,0,12722.6,38.1649960,-122.4601574,18.1,59.4,0,0,0
474.90,177.8,110.5,9405,100.0,4,-12.3,0,0,12727.2,38.1650160,-122.4602031,18.1,59.4,0,0,0
475.00,178.7,111.0,9431,100.0,4,-12.1,0,0,12731.8,38.1650359,-122.4602490,18.1,59.4,0,0,0
475.10,179.4,111.4,9464,100.0,4,-12.0,0,0,12736.4,38.1650557,-122.4602951,18.1,59.4,0,0,0
475.20,180.0,111.9,9542,100.0,4,-11.6,0,0,12741.0,38.1650753,-122.4603414,18.1,59.4,0,0,0
475.30,180.7,112.3,9428,91.5,4,-11.0,0,0,12745.6,38.1650950,-122.4603881,18.1,59.4,0,0,0
475.40,180.6,112.2,9449,70.0,4,-10.7,0,0,12750.3,38.1651146,-122.4604350,18.1,59.4,0,0,0
475.50,179.9,111.8,8742,0.0,4,-10.4,0,0,12754.9,38.1651339,-122.4604820,18.1,59.4,0,0,0
475.60,173.0,107.5,9144,0.0,4,-9.8,0,0,12759.5,38.1651530,-122.4605290,18.1,59.4,0,0,0
475.70,173.9,108.1,9028,0.0,4,-9.3,0,0,12764.1,38.1651719,-122.4605759,18.1,59.4,0,0,0
475.80,172.4,107.1,8950,0.0,4,-10.0,0,0,12768.7,38.1651907,-122.4606226,20.1,65.9,0,0,0
475.90,170.9,106.2,8868,0.0,4,-9.1,0,0,12773.3,38.1652092,-122.4606689,20.1,65.9,0,0,0
476.00,169.2,105.2,8821,0.0,4,-6.6,0,0,12777.7,38.1652274,-122.4607146,20.1,65.9,0,0,0
476.10,168.1,104.5,8681,0.0,4,-5.4,0,0,12782.2,38.1652452,-122.4607599,20.1,65.9,0,0,0
476.20,165.4,102.8,8523,0.0,4,-5.3,0,0,12786.6,38.1652630,-122.4608049,20.1,65.9,0,0,0
476.30,162.8,101.2,8401,0.0,4,-4.5,0,0,12790.9,38.1652806,-122.4608493,20.1,65.9,0,0,0
476.40,160.7,99.8,8292,0.0,4,-4.4,0,0,12795.2,38.1652979,-122.4608931,20.1,65.9,0,0,0
476.50,158.4,98.4,8172,0.0,4,-4.3,0,0,12799.4,38.1653149,-122.4609363,20.1,65.9,0,0,0
476.60,155.9,96.9,8087,0.0,4,-3.8,0,0,12803.6,38.1653316,-122.4609788,20.1,65.9,0,0,0
476.70,153.8,95.5,7964,0.0,4,-3.6,0,0,12807.7,38.1653479,-122.4610206,20.1,65.9,0,0,0
476.80,151.8,94.3,7843,0.0,4,-2.9,0,0,12811.7,38.1653640,-122.4610619,22.1,72.5,0,0,0
476.90,149.6,92.9,7720,0.0,4,-2.7,0,0,12815.7,38.1653799,-122.4611029,22.1,72.5,0,0,0
477.00,147.1,91.4,8080,0.0,4,-2.7,0,0,12819.6,38.1653956,-122.4611433,22.1,72.5,0,0,0
477.10,139.2,86.5,9390,0.0,3,-2.5,0,0,12823.5,38.1654109,-122.4611828,22.1,72.5,0,0,0
477.20,143.8,89.4,8863,0.0,3,-2.4,0,0,12827.3,38.1654260,-122.4612217,22.1,72.5,0,0,0
477.30,142.6,88.6,8579,0.0,3,-2.4,0,0,12831.0,38.1654410,-122.4612602,22.1,72.5,0,0,0
477.40,139.4,86.6,8724,0.0,3,-2.4,0,0,12834.7,38.1654560,-122.4612983,22.1,72.5,0,0,0
477.50,138.3,86.0,8591,0.0,3,-2.6,0,0,12838.4,38.1654709,-122.4613359,22.1,72.5,0,0,0
477.60,136.7,84.9,8458,0.0,3,-2.7,0,0,12842.1,38.1654857,-122.4613729,22.1,72.5,0,0,0
477.70,134.5,83.6,8352,0.0,3,-2.5,0,0,12845.7,38.1655002,-122.4614096,22.1,72.5,0,0,0
477.80,132.7,82.5,8278,0.0,3,-2.4,0,0,12849.2,38.1655147,-122.4614459,24.2,79.4,0,0,0
477.90,131.8,81.9,8235,0.0,3,-2.3,0,0,12852.7,38.1655289,-122.4614816,24.2,79.4,0,0,0
478.00,130.1,80.9,8100,0.0,3,-2.1,0,0,12856.1,38.1655427,-122.4615166,24.2,79.4,0,0,0
478.10,128.4,79.8,7962,0.0,3,-1.8,0,0,12859.5,38.1655562,-122.4615512,24.2,79.4,0,0,0
478.20,126.3,78.5,7872,0.0,3,-1.8,0,0,12862.9,38.1655697,-122.4615856,24.2,79.4,0,0,0
478.30,124.8,77.6,9225,0.0,3,-1.7,0,0,12866.2,38.1655829,-122.4616196,24.2,79.4,0,0,0
478.40,120.0,74.5,9619,0.0,2,-1.8,0,0,12869.4,38.1655960,-122.4616529,24.2,79.4,0,0,0
478.50,121.7,75.6,9328,0.0,2,-1.5,0,0,12872.6,38.1656090,-122.4616856,24.2,79.4,0,0,0
478.60,118.4,73.6,9172,0.0,2,-1.0,0,0,12875.8,38.1656219,-122.4617176,24.2,79.4,0,0,0
478.70,116.7,72.5,9053,0.0,2,-0.9,0,0,12878.9,38.1656347,-122.4617492,24.2,79.4,0,0,0
478.80,115.0,71.5,8902,0.0,2,-0.7,0,0,12882.0,38.1656472,-122.4617807,26.2,86.0,0,0,0
478.90,112.9,70.1,8790,0.0,2,-0.4,0,0,12885.0,38.1656597,-122.4618119,26.2,86.0,0,0,0
479.00,111.7,69.4,8666,0.0,2,0.5,0,0,12888.0,38.1656719,-122.4618426,26.2,86.0,0,0,0
479.10,110.0,68.3,8530,0.0,2,1.4,0,0,12891.0,38.1656837,-122.4618729,26.2,86.0,0,0,0
479.20,108.2,67.2,8413,0.0,2,1.5,0,0,12893.9,38.1656952,-122.4619026,26.2,86.0,0,0,0
479.30,106.8,66.4,8329,0.0,2,1.5,0,0,12896.8,38.1657067,-122.4619319,26.2,86.0,0,0,0
479.40,105.6,65.6,8217,0.0,2,1.6,0,0,12899.6,38.1657179,-122.4619606,26.2,86.0,0,0,0
479.50,104.6,65.0,8095,0.0,2,2.5,0,0,12902.3,38.1657290,-122.4619889,26.2,86.0,0,0,0
479.60,103.0,64.0,7956,0.0,2,3.5,0,0,12905.0,38.1657401,-122.4620166,26.2,86.0,0,0,0
479.70,101.1,62.8,7804,0.0,2,5.1,0,0,12907.7,38.1657513,-122.4620439,26.2,86.0,0,0,0
479.80,99.4,61.7,7704,0.0,2,8.2,0,0,12910.4,38.1657627,-122.4620706,27.6,90.6,0,0,0
479.90,98.1,61.0,7643,0.0,2,11.2,0,0,12913.0,38.1657739,-122.4620969,27.6,90.6,0,0,0
480.00,97.1,60.3,7523,0.0,2,13.6,0,0,12915.6,38.1657849,-122.4621226,27.6,90.6,0,0,0
480.10,95.4,59.3,7411,0.0,2,15.5,0,0,12918.1,38.1657957,-122.4621479,27.6,90.6,0,0,0
480.20,94.3,58.6,7275,0.0,2,17.1,0,0,12920.5,38.1658064,-122.4621726,27.6,90.6,0,0,0
480.30,92.8,57.7,7226,0.0,2,18.3,0,0,12923.0,38.1658174,-122.4621966,27.6,90.6,0,0,0
480.40,91.4,56.8,7119,0.0,2,19.9,0,0,12925.4,38.1658287,-122.4622199,27.6,90.6,0,0,0
480.50,90.4,56.2,7039,0.0,2,21.3,0,0,12927.7,38.1658399,-122.4622426,27.6,90.6,0,0,0
480.60,89.3,55.5,6910,0.0,2,22.0,0,0,12930.0,38.1658511,-122.4622648,27.6,90.6,0,0,0
480.70,88.1,54.8,6795,0.0,2,22.8,0,0,12932.3,38.1658624,-122.4622863,27.6,90.6,0,0,0
480.80,86.4,53.7,6733,0.0,2,24.0,0,0,12934.5,38.1658741,-122.4623072,28.6,93.8,0,0,0
480.90,85.1,52.9,6591,0.0,2,25.2,0,0,12936.7,38.1658860,-122.4623277,28.6,93.8,0,0,0
481.00,83.5,51.9,6529,0.0,2,26.7,0,0,12939.0,38.1658980,-122.4623478,28.6,93.8,0,0,0
481.10,82.9,51.5,6439,0.0,2,27.4,0,0,12941.1,38.1659101,-122.4623673,28.6,93.8,0,0,0
481.20,81.8,50.8,6336,0.0,2,28.0,0,0,12943.2,38.1659223,-122.4623858,28.6,93.8,0,0,0
481.30,80.5,50.0,6209,0.0,2,28.9,0,0,12945.3,38.1659348,-122.4624036,28.6,93.8,0,0,0
481.40,78.9,49.0,6154,0.0,2,30.0,0,0,12947.4,38.1659473,-122.4624208,28.6,93.8,0,0,0
481.50,78.0,48.5,6054,0.0,2,30.9,0,0,12949.4,38.1659601,-122.4624373,28.6,93.8,0,0,0
481.60,77.0,47.9,5984,0.0,2,32.2,0,0,12951.4,38.1659730,-122.4624528,28.6,93.8,0,0,0
481.70,75.9,47.2,5898,0.0,2,33.2,0,0,12953.3,38.1659860,-122.4624676,28.6,93.8,0,0,0
481.80,75.0,46.6,5812,0.0,2,33.7,0,0,12955.2,38.1659990,-122.4624819,28.7,94.2,0,0,0
481.90,74.0,46.0,5759,0.0,2,34.0,0,0,12957.1,38.1660121,-122.4624955,28.7,94.2,0,0,0
482.00,73.2,45.5,5631,0.0,2,34.6,0,0,12958.9,38.1660253,-122.4625082,28.7,94.2,0,0,0
482.10,71.8,44.6,5555,0.0,2,35.4,0,0,12960.8,38.1660388,-122.4625198,28.7,94.2,0,0,0
482.20,70.7,43.9,5510,0.0,2,36.0,0,0,12962.5,38.1660523,-122.4625306,28.7,94.2,0,0,0
482.30,69.9,43.4,5427,0.0,2,36.5,0,0,12964.3,38.1660660,-122.4625409,28.7,94.2,0,0,0
482.40,68.8,42.7,5377,0.0,2,36.9,0,0,12966.0,38.1660797,-122.4625506,28.7,94.2,0,0,0
482.50,68.0,42.2,5297,0.0,2,37.5,0,0,12967.7,38.1660933,-122.4625595,28.7,94.2,0,0,0
482.60,67.4,41.9,5210,0.0,2,37.8,0,0,12969.4,38.1661071,-122.4625675,28.7,94.2,0,0,0
482.70,65.9,40.9,5135,0.0,2,38.3,0,0,12971.1,38.1661210,-122.4625745,28.7,94.2,0,0,0
482.80,65.0,40.4,5040,0.0,2,38.3,0,0,12972.7,38.1661349,-122.4625806,28.8,94.5,0,0,0
482.90,64.3,40.0,4940,0.5,2,38.6,0,0,12974.3,38.1661487,-122.4625859,28.8,94.5,0,0,0
483.00,62.9,39.1,4933,0.0,2,39.1,0,0,12975.9,38.1661622,-122.4625905,28.8,94.5,0,0,0
483.10,62.2,38.7,4856,0.0,2,39.5,0,0,12977.4,38.1661758,-122.4625942,28.8,94.5,0,0,0
483.20,61.7,38.3,4782,1.0,2,40.2,0,0,12978.9,38.1661892,-122.4625968,28.8,94.5,0,0,0
483.30,61.0,37.9,4867,13.5,2,40.8,0,0,12980.5,38.1662028,-122.4625986,28.8,94.5,0,0,0
483.40,61.4,38.2,5179,15.5,2,40.6,0,0,12982.0,38.1662162,-122.4625995,28.8,94.5,0,0,0
483.50,61.7,38.3,4889,22.5,2,40.9,0,0,12983.5,38.1662297,-122.4625996,28.8,94.5,0,0,0
483.60,62.0,38.5,4954,24.5,2,41.6,0,0,12984.9,38.1662429,-122.4625988,28.8,94.5,0,0,0
483.70,62.9,39.1,4927,24.5,2,42.1,0,0,12986.4,38.1662560,-122.4625973,28.8,94.5,0,0,0
483.80,62.9,39.1,5013,27.0,2,42.7,0,0,12987.9,38.1662691,-122.4625948,28.9,94.8,0,0,0
483.90,63.9,39.7,5063,32.0,2,42.6,0,0,12989.3,38.1662822,-122.4625915,28.9,94.8,0,0,0
484.00,64.6,40.2,5132,33.5,2,42.6,0,0,12990.9,38.1662954,-122.4625872,28.9,94.8,0,0,0
484.10,65.0,40.4,5180,36.0,2,42.3,0,0,12992.4,38.1663082,-122.4625815,28.9,94.8,0,0,0
484.20,65.5,40.7,5213,39.0,2,41.5,0,0,12993.9,38.1663210,-122.4625748,28.9,94.8,0,0,0
484.30,66.4,41.3,5243,39.0,2,40.6,0,0,12995.5,38.1663337,-122.4625673,28.9,94.8,0,0,0
484.40,66.5,41.3,5289,39.0,2,39.7,0,0,12997.0,38.1663462,-122.4625588,28.9,94.8,0,0,0
484.50,67.1,41.7,5356,39.0,2,39.1,0,0,12998.6,38.1663584,-122.4625496,28.9,94.8,0,0,0
484.60,68.5,42.6,5413,39.0,2,38.7,0,0,13000.2,38.1663702,-122.4625395,28.9,94.8,0,0,0
484.70,69.0,42.9,5532,39.0,2,38.9,0,0,13001.8,38.1663820,-122.4625286,28.9,94.8,0,0,0
484.80,70.6,43.9,5564,38.5,2,39.3,0,0,13003.5,38.1663937,-122.4625169,29.0,95.1,0,0,0
484.90,71.0,44.1,5609,32.5,2,39.8,0,0,13005.1,38.1664052,-122.4625046,29.0,95.1,0,0,0
485.00,71.3,44.3,5648,31.5,2,40.4,0,0,13006.8,38.1664164,-122.4624916,29.0,95.1,0,0,0
485.10,71.9,44.7,5710,31.5,2,40.8,0,0,13008.5,38.1664272,-122.4624778,29.0,95.1,0,0,0
485.20,73.2,45.5,5750,31.5,2,40.7,0,0,13010.3,38.1664376,-122.4624633,29.0,95.1,0,0,0
485.30,72.9,45.3,5768,31.5,2,40.0,0,0,13012.0,38.1664476,-122.4624478,29.0,95.1,0,0,0
485.40,73.2,45.5,5817,31.5,2,39.4,0,0,13013.8,38.1664569,-122.4624316,29.0,95.1,0,0,0
485.50,74.0,46.0,5867,31.5,2,39.1,0,0,13015.5,38.1664656,-122.4624149,29.0,95.1,0,0,0
485.60,74.7,46.4,5899,31.5,2,39.0,0,0,13017.3,38.1664739,-122.4623976,29.0,95.1,0,0,0
485.70,75.1,46.7,5971,31.5,2,38.9,0,0,13019.1,38.1664816,-122.4623799,29.0,95.1,0,0,0
485.80,76.0,47.2,6028,31.5,2,39.4,0,0,13020.8,38.1664889,-122.4623616,28.9,94.8,0,0,0
485.90,76.7,47.7,6085,31.5,2,40.4,0,0,13022.7,38.1664956,-122.4623426,28.9,94.8,0,0,0
486.00,77.4,48.1,6171,31.5,2,41.3,0,0,13024.5,38.1665019,-122.4623232,28.9,94.8,0,0,0
486.10,78.2,48.6,6150,32.0,2,41.9,0,0,13026.3,38.1665076,-122.4623036,28.9,94.8,0,0,0
486.20,78.4,48.7,6236,32.5,2,42.0,0,0,13028.2,38.1665126,-122.4622836,28.9,94.8,0,0,0
486.30,79.5,49.4,6241,32.5,2,41.4,0,0,13030.0,38.1665168,-122.4622629,28.9,94.8,0,0,0
486.40,79.7,49.5,6364,32.5,2,41.1,0,0,13031.9,38.1665203,-122.4622416,28.9,94.8,0,0,0
486.50,80.7,50.2,6393,33.0,2,41.0,0,0,13033.8,38.1665229,-122.4622200,28.9,94.8,0,0,0
486.60,81.5,50.6,6437,38.5,2,40.8,0,0,13035.8,38.1665249,-122.4621982,28.9,94.8,0,0,0
486.70,81.8,50.8,6556,45.5,2,40.9,0,0,13037.7,38.1665263,-122.4621764,28.9,94.8,0,0,0
486.80,83.6,52.0,6642,49.5,2,40.9,0,0,13039.6,38.1665268,-122.4621542,28.4,93.2,0,0,0
486.90,84.6,52.6,6842,56.5,2,40.9,0,0,13041.6,38.1665266,-122.4621317,28.4,93.2,0,0,0
487.00,86.6,53.8,6892,59.5,2,40.2,0,0,13043.6,38.1665258,-122.4621089,28.4,93.2,0,0,0
487.10,87.9,54.6,6938,60.5,2,39.5,0,0,13045.6,38.1665243,-122.4620857,28.4,93.2,0,0,0
487.20,87.6,54.4,7064,61.0,2,38.6,0,0,13047.7,38.1665218,-122.4620622,28.4,93.2,0,0,0
487.30,90.2,56.1,7314,60.5,2,38.5,0,0,13049.8,38.1665186,-122.4620386,28.4,93.2,0,0,0
487.40,93.2,57.9,7437,60.5,2,38.9,0,0,13051.9,38.1665146,-122.4620146,28.4,93.2,0,0,0
487.50,94.8,58.9,7538,62.5,2,38.8,0,0,13054.1,38.1665098,-122.4619903,28.4,93.2,0,0,0
487.60,95.6,59.4,7613,64.5,2,38.5,0,0,13056.3,38.1665043,-122.4619660,28.4,93.2,0,0,0
487.70,97.0,60.3,7846,68.0,2,37.9,0,0,13058.6,38.1664978,-122.4619416,28.4,93.2,0,0,0
487.80,99.7,61.9,7948,68.5,2,37.1,0,0,13060.9,38.1664906,-122.4619169,28.1,92.2,0,0,0
487.90,100.7,62.6,8130,70.5,2,36.3,0,0,13063.2,38.1664829,-122.4618919,28.1,92.2,0,0,0
488.00,103.7,64.4,8290,71.5,2,35.1,0,0,13065.6,38.1664746,-122.4618667,28.1,92.2,0,0,0
488.10,105.0,65.2,8473,74.0,2,33.7,0,0,13068.1,38.1664655,-122.4618412,28.1,92.2,0,0,0
488.20,107.2,66.6,8607,75.5,2,32.3,0,0,13070.6,38.1664555,-122.4618157,28.1,92.2,0,0,0
488.30,109.3,67.9,8752,76.0,2,30.8,0,0,13073.1,38.1664446,-122.4617899,28.1,92.2,0,0,0
488.40,110.8,68.8,8924,77.0,2,29.2,0,0,13075.8,38.1664329,-122.4617636,28.1,92.2,0,0,0
488.50,113.3,70.4,9064,77.0,2,27.8,0,0,13078.5,38.1664206,-122.4617369,28.1,92.2,0,0,0
488.60,115.0,71.4,9183,77.0,2,26.2,0,0,13081.2,38.1664076,-122.4617100,28.1,92.2,0,0,0
488.70,116.6,72.4,9320,77.0,2,24.4,0,0,13084.0,38.1663939,-122.4616829,28.1,92.2,0,0,0
488.80,118.2,73.4,9378,77.5,2,22.2,0,0,13086.9,38.1663799,-122.4616556,27.4,89.9,0,0,0
488.90,119.2,74.1,9530,77.5,2,20.1,0,0,13089.8,38.1663653,-122.4616279,27.4,89.9,0,0,0
489.00,121.4,75.4,9591,78.0,2,17.9,0,0,13092.8,38.1663499,-122.4616000,27.4,89.9,0,0,0
489.10,122.1,75.8,9722,78.5,2,15.8,0,0,13095.8,38.1663339,-122.4615719,27.4,89.9,0,0,0
489.20,124.1,77.1,9901,78.0,2,13.5,0,0,13098.9,38.1663173,-122.4615436,27.4,89.9,0,0,0
489.30,125.7,78.1,8527,78.0,2,11.0,0,0,13102.1,38.1663002,-122.4615149,27.4,89.9,0,0,0
489.40,131.7,81.8,8083,78.0,3,8.1,0,0,13105.2,38.1662828,-122.4614860,27.4,89.9,0,0,0
489.50,127.8,79.4,8106,78.0,3,5.1,0,0,13108.4,38.1662652,-122.4614569,27.4,89.9,0,0,0
489.60,128.4,79.8,8220,78.0,3,2.4,0,0,13111.7,38.1662476,-122.4614276,27.4,89.9,0,0,0
489.70,130.3,80.9,8318,78.0,3,-0.6,0,0,13114.9,38.1662296,-122.4613979,27.4,89.9,0,0,0
489.80,132.2,82.1,8451,78.0,3,-4.3,0,0,13118.3,38.1662112,-122.4613679,26.3,86.3,0,0,0
489.90,134.5,83.6,8607,78.0,3,-7.9,0,0,13121.6,38.1661927,-122.4613376,26.3,86.3,0,0,0
490.00,136.1,84.6,8716,78.0,3,-10.9,0,0,13125.0,38.1661739,-122.4613069,26.3,86.3,0,0,0
490.10,138.1,85.8,8887,78.5,3,-13.6,0,0,13128.5,38.1661547,-122.4612756,26.3,86.3,0,0,0
490.20,141.0,87.6,9031,78.5,3,-16.0,0,0,13132.0,38.1661352,-122.4612439,26.3,86.3,0,0,0
490.30,143.7,89.3,9155,78.5,3,-18.2,0,0,13135.6,38.1661157,-122.4612116,26.3,86.3,0,0,0
490.40,145.1,90.2,9263,79.5,3,-19.3,0,0,13139.2,38.1660959,-122.4611788,26.3,86.3,0,0,0
490.50,147.1,91.4,9405,79.5,3,-19.5,0,0,13142.9,38.1660760,-122.4611453,26.3,86.3,0,0,0
490.60,149.4,92.8,9500,79.5,3,-20.1,0,0,13146.6,38.1660560,-122.4611112,26.3,86.3,0,0,0
490.70,151.3,94.0,9625,79.5,3,-20.6,0,0,13150.3,38.1660360,-122.4610766,26.3,86.3,0,0,0
490.80,153.4,95.3,9340,79.5,3,-21.3,0,0,13154.1,38.1660160,-122.4610416,25.2,82.7,0,0,0
490.90,150.6,93.6,7903,78.0,3,-21.2,0,0,13158.0,38.1659960,-122.4610059,25.2,82.7,0,0,0
491.00,152.0,94.4,8144,76.5,4,-22.0,0,0,13161.8,38.1659760,-122.4609696,25.2,82.7,0,0,0
491.10,156.0,96.9,8244,76.0,4,-23.5,0,0,13165.7,38.1659560,-122.4609329,25.2,82.7,0,0,0
491.20,157.4,97.8,8334,75.0,4,-24.3,0,0,13169.7,38.1659361,-122.4608959,25.2,82.7,0,0,0
491.30,159.1,98.8,8336,66.0,4,-25.5,0,0,13173.6,38.1659163,-122.4608586,25.2,82.7,0,0,0
491.40,160.0,99.4,8331,53.5,4,-26.8,0,0,13177.5,38.1658968,-122.4608209,25.2,82.7,0,0,0
491.50,159.0,98.8,8327,50.5,4,-26.8,0,0,13181.5,38.1658773,-122.4607826,25.2,82.7,0,0,0
491.60,159.3,99.0,8343,47.5,4,-25.8,0,0,13185.5,38.1658581,-122.4607439,25.2,82.7,0,0,0
491.70,158.7,98.6,8334,44.5,4,-24.9,0,0,13189.5,38.1658390,-122.4607049,25.2,82.7,0,0,0
491.80,158.6,98.5,8269,39.0,4,-23.5,0,0,13193.6,38.1658201,-122.4606657,23.4,76.8,0,0,0
491.90,157.6,97.9,8222,34.5,4,-20.7,0,0,13197.6,38.1658014,-122.4606262,23.4,76.8,0,0,0
492.00,156.3,97.1,8163,33.5,4,-16.4,0,0,13201.6,38.1657831,-122.4605866,23.4,76.8,0,0,0
492.10,155.9,96.9,8117,26.0,4,-11.4,0,0,13205.6,38.1657650,-122.4605466,23.4,76.8,0,0,0
492.20,155.1,96.4,8121,25.5,4,-6.1,0,0,13209.7,38.1657470,-122.4605063,23.4,76.8,0,0,0
492.30,154.7,96.2,8082,23.5,4,-3.6,0,0,13213.7,38.1657290,-122.4604661,23.4,76.8,0,0,0
492.40,154.5,96.0,8011,11.0,4,1.2,0,0,13217.8,38.1657111,-122.4604260,23.4,76.8,0,0,0
492.50,154.6,96.1,7939,0.0,4,7.4,0,0,13221.8,38.1656933,-122.4603860,23.4,76.8,0,0,0
492.60,151.5,94.2,8015,0.0,4,12.7,0,0,13225.8,38.1656757,-122.4603461,23.4,76.8,0,0,0
492.70,153.3,95.3,8071,0.0,4,16.9,0,0,13229.8,38.1656579,-122.4603064,23.4,76.8,0,0,0
492.80,154.0,95.7,8073,0.0,4,20.1,0,0,13233.8,38.1656400,-122.4602671,21.8,71.5,0,0,0
492.90,154.0,95.7,8043,0.0,4,22.2,0,0,13237.7,38.1656219,-122.4602283,21.8,71.5,0,0,0
493.00,153.6,95.4,8024,0.0,4,23.5,0,0,13241.6,38.1656037,-122.4601898,21.8,71.5,0,0,0
493.10,153.3,95.3,7983,0.0,4,24.6,0,0,13245.5,38.1655852,-122.4601517,21.8,71.5,0,0,0
493.20,152.8,95.0,7964,0.0,4,25.5,0,0,13249.4,38.1655664,-122.4601141,21.8,71.5,0,0,0
493.30,152.3,94.6,7960,0.0,4,26.4,0,0,13253.3,38.1655472,-122.4600771,21.8,71.5,0,0,0
493.40,151.9,94.4,7878,0.0,4,26.6,0,0,13257.2,38.1655277,-122.4600404,21.8,71.5,0,0,0
493.50,150.6,93.6,7891,0.0,4,26.5,0,0,13261.0,38.1655079,-122.4600044,21.8,71.5,0,0,0
493.60,150.1,93.3,7778,0.0,4,25.9,0,0,13264.8,38.1654880,-122.4599691,21.8,71.5,0,0,0
493.70,148.6,92.3,7708,0.0,4,24.0,0,0,13268.6,38.1654679,-122.4599341,21.8,71.5,0,0,0
493.80,147.1,91.4,7634,0.0,4,21.8,0,0,13272.4,38.1654476,-122.4598997,20.0,65.6,0,0,0
493.90,146.0,90.7,7576,0.0,4,19.6,0,0,13276.1,38.1654269,-122.4598658,20.0,65.6,0,0,0
494.00,144.4,89.8,7482,0.0,4,16.0,0,0,13279.9,38.1654059,-122.4598324,20.0,65.6,0,0,0
494.10,142.6,88.6,7377,0.0,4,11.6,0,0,13283.6,38.1653847,-122.4597994,20.0,65.6,0,0,0
494.20,141.0,87.6,7314,0.0,4,8.5,0,0,13287.3,38.1653633,-122.4597671,20.0,65.6,0,0,0
494.30,139.8,86.9,7250,0.0,4,3.8,0,0,13290.9,38.1653420,-122.4597351,20.0,65.6,0,0,0
494.40,138.4,86.0,7209,0.0,4,-1.5,0,0,13294.6,38.1653207,-122.4597033,20.0,65.6,0,0,0
494.50,137.6,85.5,7195,0.0,4,-7.9,0,0,13298.2,38.1652994,-122.4596718,20.0,65.6,0,0,0
494.60,137.6,85.5,7212,0.0,4,-13.5,0,0,13301.8,38.1652784,-122.4596402,20.0,65.6,0,0,0
494.70,137.4,85.4,7205,0.0,4,-17.9,0,0,13305.4,38.1652578,-122.4596087,20.0,65.6,0,0,0
494.80,137.4,85.3,7179,0.0,4,-21.2,0,0,13309.0,38.1652376,-122.4595769,18.9,62.0,0,0,0
494.90,137.3,85.3,7167,0.0,4,-24.4,0,0,13312.6,38.1652178,-122.4595450,18.9,62.0,0,0,0
495.00,137.4,85.4,7187,0.0,4,-27.0,0,0,13316.1,38.1651984,-122.4595130,18.9,62.0,0,0,0
495.10,137.6,85.5,7262,2.0,4,-30.0,0,0,13319.6,38.1651794,-122.4594809,18.9,62.0,0,0,0
495.20,137.4,85.3,7208,4.0,4,-32.4,0,0,13323.1,38.1651611,-122.4594487,18.9,62.0,0,0,0
495.30,137.5,85.4,7269,12.0,4,-34.0,0,0,13326.5,38.1651434,-122.4594162,18.9,62.0,0,0,0
495.40,138.2,85.9,7332,10.5,4,-35.3,0,0,13330.0,38.1651261,-122.4593836,18.9,62.0,0,0,0
495.50,138.7,86.2,7386,18.0,4,-36.5,0,0,13333.4,38.1651091,-122.4593506,18.9,62.0,0,0,0
495.60,138.4,86.0,7269,25.0,4,-37.1,0,0,13336.9,38.1650927,-122.4593172,18.9,62.0,0,0,0
495.70,138.7,86.2,7317,28.0,4,-37.1,0,0,13340.3,38.1650768,-122.4592834,18.9,62.0,0,0,0
495.80,139.5,86.7,7301,24.5,4,-37.5,0,0,13343.8,38.1650614,-122.4592492,17.6,57.7,0,0,0
495.90,138.5,86.0,7307,29.0,4,-37.6,0,0,13347.2,38.1650465,-122.4592147,17.6,57.7,0,0,0
496.00,139.6,86.7,7278,30.5,4,-37.7,0,0,13350.6,38.1650325,-122.4591799,17.6,57.7,0,0,0
496.10,139.1,86.4,7238,33.0,4,-37.7,0,0,13354.0,38.1650194,-122.4591447,17.6,57.7,0,0,0
496.20,138.7,86.2,7317,37.0,4,-38.1,0,0,13357.4,38.1650071,-122.4591092,17.6,57.7,0,0,0
496.30,139.6,86.7,7337,40.0,4,-38.0,0,0,13360.8,38.1649951,-122.4590736,17.6,57.7,0,0,0
496.40,139.3,86.6,7250,41.5,4,-38.1,0,0,13364.2,38.1649835,-122.4590376,17.6,57.7,0,0,0
496.50,138.9,86.3,7310,44.5,4,-38.2,0,0,13367.6,38.1649727,-122.4590009,17.6,57.7,0,0,0
496.60,140.8,87.5,7398,42.5,4,-38.1,0,0,13371.0,38.1649628,-122.4589640,17.6,57.7,0,0,0
496.70,141.0,87.6,7363,44.5,4,-37.5,0,0,13374.4,38.1649534,-122.4589269,17.6,57.7,0,0,0
496.80,140.6,87.3,7370,50.5,4,-36.3,0,0,13377.8,38.1649448,-122.4588897,16.2,53.1,0,0,0
496.90,140.4,87.3,7384,52.0,4,-35.0,0,0,13381.2,38.1649374,-122.4588522,16.2,53.1,0,0,0
497.00,140.3,87.2,7319,51.0,4,-33.6,0,0,13384.6,38.1649308,-122.4588144,16.2,53.1,0,0,0
497.10,140.1,87.1,7399,56.5,4,-31.7,0,0,13388.0,38.1649243,-122.4587762,16.2,53.1,0,0,0
497.20,140.6,87.3,7302,57.0,4,-29.0,0,0,13391.4,38.1649181,-122.4587376,16.2,53.1,0,0,0
497.30,139.4,86.6,7228,51.5,4,-25.8,0,0,13394.9,38.1649124,-122.4586986,16.2,53.1,0,0,0
497.40,138.5,86.0,7224,51.0,4,-21.3,0,0,13398.4,38.1649072,-122.4586592,16.2,53.1,0,0,0
497.50,138.2,85.9,7217,50.5,4,-16.4,0,0,13401.9,38.1649027,-122.4586197,16.2,53.1,0,0,0
497.60,137.6,85.5,7172,48.0,4,-12.0,0,0,13405.4,38.1648987,-122.4585799,16.2,53.1,0,0,0
497.70,137.2,85.2,7170,44.0,4,-7.4,0,0,13408.9,38.1648946,-122.4585399,16.2,53.1,0,0,0
497.80,137.1,85.2,7228,41.5,4,0.2,0,0,13412.5,38.1648903,-122.4584997,15.1,49.5,0,0,0
497.90,138.1,85.8,7292,39.5,4,9.3,0,0,13416.1,38.1648860,-122.4584592,15.1,49.5,0,0,0
498.00,139.6,86.7,7384,38.5,4,17.6,0,0,13419.6,38.1648816,-122.4584188,15.1,49.5,0,0,0
498.10,141.0,87.6,7482,38.5,4,24.2,0,0,13423.2,38.1648769,-122.4583783,15.1,49.5,0,0,0
498.20,143.3,89.0,7615,47.5,4,28.3,0,0,13426.8,38.1648719,-122.4583380,15.1,49.5,0,0,0
498.30,144.9,90.0,7699,50.5,4,31.0,0,0,13430.3,38.1648666,-122.4582977,15.1,49.5,0,0,0
498.40,146.9,91.3,7746,50.5,4,32.7,0,0,13433.9,38.1648609,-122.4582573,15.1,49.5,0,0,0
498.50,148.0,92.0,7793,49.0,4,34.4,0,0,13437.5,38.1648546,-122.4582171,15.1,49.5,0,0,0
498.60,148.8,92.5,7813,49.0,4,35.8,0,0,13441.1,38.1648475,-122.4581770,15.1,49.5,0,0,0
498.70,149.5,92.9,7910,49.0,4,37.1,0,0,13444.7,38.1648396,-122.4581370,15.1,49.5,0,0,0
498.80,150.4,93.5,7906,49.0,4,37.8,0,0,13448.3,38.1648309,-122.4580971,13.5,44.3,0,0,0
498.90,150.3,93.4,7950,60.0,4,38.1,0,0,13452.0,38.1648216,-122.4580574,13.5,44.3,0,0,0
499.00,152.2,94.6,7977,64.0,4,38.2,0,0,13455.6,38.1648118,-122.4580181,13.5,44.3,0,0,0
499.10,153.1,95.1,8030,67.0,4,38.0,0,0,13459.2,38.1648013,-122.4579790,13.5,44.3,0,0,0
499.20,152.8,95.0,8104,72.5,4,37.6,0,0,13462.8,38.1647898,-122.4579400,13.5,44.3,0,0,0
499.30,155.3,96.5,8206,76.0,4,37.6,0,0,13466.5,38.1647776,-122.4579011,13.5,44.3,0,0,0
499.40,156.2,97.1,8197,79.0,4,37.5,0,0,13470.2,38.1647649,-122.4578623,13.5,44.3,0,0,0
499.50,156.8,97.4,8272,85.5,4,37.1,0,0,13473.8,38.1647516,-122.4578238,13.5,44.3,0,0,0
499.60,158.1,98.2,8350,86.5,4,36.6,0,0,13477.5,38.1647375,-122.4577852,13.5,44.3,0,0,0
499.70,159.2,98.9,8418,86.5,4,36.3,0,0,13481.3,38.1647226,-122.4577468,13.5,44.3,0,0,0
499.80,160.7,99.9,8497,87.0,4,36.0,0,0,13485.1,38.1647069,-122.4577082,12.8,42.0,0,0,0
499.90,162.6,101.0,8550,89.0,4,35.8,0,0,13488.9,38.1646906,-122.4576698,12.8,42.0,0,0,0
500.00,163.5,101.6,8589,89.5,4,34.9,0,0,13492.8,38.1646736,-122.4576313,12.8,42.0,0,0,0
500.10,163.3,101.5,8589,90.0,4,33.2,0,0,13496.6,38.1646559,-122.4575931,12.8,42.0,0,0,0
500.20,163.8,101.8,8666,90.0,4,31.6,0,0,13500.5,38.1646376,-122.4575550,12.8,42.0,0,0,0
500.30,164.9,102.5,8681,90.0,4,30.3,0,0,13504.5,38.1646186,-122.4575169,12.8,42.0,0,0,0
500.40,164.5,102.2,8674,90.0,4,28.7,0,0,13508.5,38.1645989,-122.4574787,12.8,42.0,0,0,0
500.50,166.0,103.1,8651,90.0,4,26.2,0,0,13512.5,38.1645789,-122.4574403,12.8,42.0,0,0,0
500.60,165.2,102.6,8679,90.0,4,23.3,0,0,13516.5,38.1645586,-122.4574020,12.8,42.0,0,0,0
500.70,165.7,103.0,8622,89.5,4,20.5,0,0,13520.6,38.1645376,-122.4573637,12.8,42.0,0,0,0
500.80,165.4,102.8,8729,89.0,4,18.2,0,0,13524.8,38.1645159,-122.4573253,12.6,41.3,0,0,0
500.90,166.8,103.6,8791,87.5,4,16.3,0,0,13528.9,38.1644940,-122.4572870,12.6,41.3,0,0,0
501.00,167.0,103.7,8777,86.5,4,14.0,0,0,13533.1,38.1644719,-122.4572486,12.6,41.3,0,0,0
501.10,166.9,103.7,8767,82.5,4,12.4,0,0,13537.3,38.1644496,-122.4572099,12.6,41.3,0,0,0
501.20,167.2,103.9,8777,76.0,4,11.6,0,0,13541.5,38.1644269,-122.4571709,12.6,41.3,0,0,0
501.30,168.0,104.4,8858,76.0,4,10.9,0,0,13545.8,38.1644036,-122.4571317,12.6,41.3,0,0,0
501.40,168.9,105.0,8873,76.0,4,9.8,0,0,13550.1,38.1643799,-122.4570923,12.6,41.3,0,0,0
501.50,169.4,105.2,8871,69.0,4,8.3,0,0,13554.5,38.1643560,-122.4570530,12.6,41.3,0,0,0
501.60,170.1,105.7,8482,17.0,4,7.5,0,0,13558.8,38.1643319,-122.4570137,12.6,41.3,0,0,0
501.70,167.5,104.1,8571,0.0,4,6.4,0,0,13563.2,38.1643077,-122.4569743,12.6,41.3,0,0,0
501.80,164.1,102.0,8586,0.0,4,5.7,0,0,13567.6,38.1642833,-122.4569351,11.1,36.4,0,0,0
501.90,163.8,101.8,8535,0.0,4,4.6,0,0,13571.9,38.1642591,-122.4568960,11.1,36.4,0,0,0
502.00,162.8,101.2,8530,0.0,4,4.4,0,0,13576.3,38.1642350,-122.4568571,11.1,36.4,0,0,0
502.10,162.7,101.1,8562,0.0,4,3.8,0,0,13580.6,38.1642110,-122.4568184,11.1,36.4,0,0,0
502.20,163.2,101.4,8528,0.0,4,3.4,0,0,13584.9,38.1641870,-122.4567801,11.1,36.4,0,0,0
502.30,162.8,101.2,8460,0.0,4,3.1,0,0,13589.1,38.1641630,-122.4567420,11.1,36.4,0,0,0
502.40,161.6,100.4,8425,0.0,4,2.0,0,0,13593.4,38.1641391,-122.4567041,11.1,36.4,0,0,0
502.50,160.8,99.9,8369,0.0,4,1.6,0,0,13597.6,38.1641153,-122.4566663,11.1,36.4,0,0,0
502.60,159.9,99.4,8315,0.0,4,1.8,0,0,13601.8,38.1640917,-122.4566288,11.1,36.4,0,0,0
502.70,158.4,98.4,8244,0.0,4,1.0,0,0,13606.0,38.1640680,-122.4565914,11.1,36.4,0,0,0
502.80,157.0,97.5,8134,0.0,4,0.2,0,0,13610.2,38.1640444,-122.4565544,8.3,27.2,0,0,0
502.90,155.1,96.4,8026,0.0,4,0.2,0,0,13614.3,38.1640211,-122.4565181,8.3,27.2,0,0,0
503.00,153.1,95.1,7947,0.0,4,-0.3,0,0,13618.3,38.1639980,-122.4564821,8.3,27.2,0,0,0
503.10,151.9,94.4,7930,0.0,4,-0.2,0,0,13622.4,38.1639751,-122.4564463,8.3,27.2,0,0,0
503.20,151.5,94.2,7885,0.0,4,0.1,0,0,13626.4,38.1639523,-122.4564108,8.3,27.2,0,0,0
503.30,150.2,93.3,8598,0.0,4,0.3,0,0,13630.3,38.1639298,-122.4563756,8.3,27.2,0,0,0
503.40,144.6,89.9,9323,0.0,3,0.7,0,0,13634.3,38.1639073,-122.4563408,8.3,27.2,0,0,0
503.50,147.0,91.3,8991,0.0,3,1.2,0,0,13638.2,38.1638851,-122.4563063,8.3,27.2,0,0,0
503.60,144.1,89.5,8961,0.0,3,1.1,0,0,13642.0,38.1638633,-122.4562721,8.3,27.2,0,0,0
503.70,142.1,88.3,8863,0.0,3,1.2,0,0,13645.8,38.1638418,-122.4562384,8.3,27.2,0,0,0
503.80,140.8,87.5,8775,0.0,3,1.3,0,0,13649.6,38.1638203,-122.4562051,6.6,21.7,0,0,0
503.90,139.4,86.6,8636,0.0,3,1.4,0,0,13653.3,38.1637991,-122.4561724,6.6,21.7,0,0,0
504.00,137.4,85.3,8508,0.0,3,1.2,0,0,13657.0,38.1637780,-122.4561401,6.6,21.7,0,0,0
504.10,135.3,84.1,8436,0.0,3,1.0,0,0,13660.6,38.1637571,-122.4561081,6.6,21.7,0,0,0
504.20,133.9,83.2,8296,0.0,3,0.9,0,0,13664.2,38.1637364,-122.4560764,6.6,21.7,0,0,0
504.30,131.7,81.8,8159,0.0,3,0.7,0,0,13667.7,38.1637161,-122.4560451,6.6,21.7,0,0,0
504.40,129.8,80.7,8082,0.0,3,0.3,0,0,13671.2,38.1636961,-122.4560144,6.6,21.7,0,0,0
504.50,128.3,79.7,7962,0.0,3,-0.2,0,0,13674.7,38.1636763,-122.4559841,6.6,21.7,0,0,0
504.60,126.3,78.5,7786,0.0,3,-0.3,0,0,13678.1,38.1636568,-122.4559541,6.6,21.7,0,0,0
504.70,123.8,76.9,7786,0.0,3,-0.4,0,0,13681.5,38.1636374,-122.4559244,6.6,21.7,0,0,0
504.80,123.0,76.4,8932,0.0,2,-0.5,0,0,13684.8,38.1636184,-122.4558954,5.6,18.4,0,0,0
504.90,113.5,70.5,9352,0.0,2,-0.4,0,0,13688.0,38.1635998,-122.4558671,5.6,18.4,0,0,0
505.00,119.2,74.1,9231,0.0,2,-0.2,0,0,13691.2,38.1635814,-122.4558391,5.6,18.4,0,0,0
505.10,117.2,72.8,9055,0.0,2,-0.0,0,0,13694.3,38.1635634,-122.4558114,5.6,18.4,0,0,0
505.20,115.0,71.4,8873,0.0,2,0.3,0,0,13697.4,38.1635458,-122.4557841,5.6,18.4,0,0,0
505.30,112.9,70.2,8714,0.0,2,0.3,0,0,13700.4,38.1635283,-122.4557574,5.6,18.4,0,0,0
505.40,110.6,68.7,8584,0.0,2,0.4,0,0,13703.4,38.1635111,-122.4557311,5.6,18.4,0,0,0
505.50,109.3,67.9,8499,0.0,2,0.4,0,0,13706.4,38.1634941,-122.4557054,5.6,18.4,0,0,0
505.60,108.0,67.1,8383,0.0,2,0.7,0,0,13709.3,38.1634774,-122.4556801,5.6,18.4,0,0,0
505.70,106.6,66.2,8262,0.0,2,0.8,0,0,13712.1,38.1634611,-122.4556551,5.6,18.4,0,0,0
505.80,104.7,65.1,8130,0.0,2,1.2,0,0,13714.9,38.1634450,-122.4556304,4.7,15.4,0,0,0
505.90,103.0,64.0,7975,0.0,2,1.6,0,0,13717.7,38.1634290,-122.4556061,4.7,15.4,0,0,0
506.00,101.3,63.0,7858,0.0,2,2.4,0,0,13720.4,38.1634131,-122.4555824,4.7,15.4,0,0,0
506.10,99.3,61.7,7696,0.0,2,3.4,0,0,13723.1,38.1633974,-122.4555591,4.7,15.4,0,0,0
506.20,97.8,60.8,7587,0.0,2,3.8,0,0,13725.7,38.1633821,-122.4555361,4.7,15.4,0,0,0
506.30,96.3,59.8,7478,0.0,2,4.6,0,0,13728.3,38.1633670,-122.4555134,4.7,15.4,0,0,0
506.40,95.2,59.1,7395,0.0,2,5.7,0,0,13730.9,38.1633521,-122.4554911,4.7,15.4,0,0,0
506.50,93.9,58.4,7260,0.0,2,6.3,0,0,13733.4,38.1633374,-122.4554694,4.7,15.4,0,0,0
506.60,92.1,57.3,7169,0.0,2,7.3,0,0,13735.8,38.1633230,-122.4554481,4.7,15.4,0,0,0
506.70,90.8,56.4,7049,0.0,2,8.6,0,0,13738.2,38.1633087,-122.4554274,4.7,15.4,0,0,0
506.80,89.6,55.7,7013,0.0,2,10.2,0,0,13740.6,38.1632943,-122.4554071,4.2,13.8,0,0,0
506.90,88.9,55.2,6894,0.0,2,11.9,0,0,13743.0,38.1632801,-122.4553871,4.2,13.8,0,0,0
507.00,87.3,54.2,6786,0.0,2,13.6,0,0,13745.3,38.1632660,-122.4553674,4.2,13.8,0,0,0
507.10,86.2,53.5,6666,0.0,2,15.6,0,0,13747.6,38.1632520,-122.4553482,4.2,13.8,0,0,0
507.20,84.7,52.6,6541,0.0,2,17.6,0,0,13749.8,38.1632380,-122.4553297,4.2,13.8,0,0,0
507.30,83.0,51.5,6421,0.0,2,19.8,0,0,13752.1,38.1632240,-122.4553118,4.2,13.8,0,0,0
507.40,81.6,50.7,6319,0.0,2,21.7,0,0,13754.2,38.1632100,-122.4552944,4.2,13.8,0,0,0
507.50,80.3,49.9,6219,0.0,2,23.5,0,0,13756.4,38.1631960,-122.4552775,4.2,13.8,0,0,0
507.60,79.1,49.2,6102,0.0,2,25.2,0,0,13758.5,38.1631820,-122.4552614,4.2,13.8,0,0,0
507.70,77.7,48.3,6015,0.0,2,26.4,0,0,13760.5,38.1631680,-122.4552461,4.2,13.8,0,0,0
507.80,76.5,47.5,5908,0.0,2,27.3,0,0,13762.5,38.1631541,-122.4552315,4.4,14.4,0,0,0
507.90,75.2,46.7,5804,0.0,2,27.9,0,0,13764.5,38.1631403,-122.4552178,4.4,14.4,0,0,0
508.00,73.7,45.8,5698,0.0,2,28.3,0,0,13766.4,38.1631267,-122.4552051,4.4,14.4,0,0,0
508.10,72.5,45.0,5612,0.0,2,28.7,0,0,13768.2,38.1631129,-122.4551931,4.4,14.4,0,0,0
508.20,71.4,44.4,5550,0.0,2,29.0,0,0,13770.1,38.1630990,-122.4551814,4.4,14.4,0,0,0
508.30,70.5,43.8,5448,0.0,2,29.2,0,0,13771.9,38.1630850,-122.4551702,4.4,14.4,0,0,0
508.40,69.3,43.1,5384,0.0,2,29.5,0,0,13773.7,38.1630710,-122.4551597,4.4,14.4,0,0,0
508.50,68.5,42.6,5295,0.0,2,30.4,0,0,13775.5,38.1630570,-122.4551502,4.4,14.4,0,0,0
508.60,67.1,41.7,5206,0.0,2,31.6,0,0,13777.2,38.1630431,-122.4551414,4.4,14.4,0,0,0
508.70,66.3,41.2,5163,0.0,2,33.3,0,0,13778.9,38.1630293,-122.4551331,4.4,14.4,0,0,0
508.80,65.3,40.6,5083,0.0,2,34.1,0,0,13780.5,38.1630158,-122.4551254,4.1,13.5,0,0,0
508.90,64.4,40.0,5019,0.0,2,34.6,0,0,13782.2,38.1630022,-122.4551185,4.1,13.5,0,0,0
509.00,63.1,39.2,4922,0.0,2,35.2,0,0,13783.8,38.1629888,-122.4551124,4.1,13.5,0,0,0
509.10,62.8,39.0,4870,0.0,2,35.4,0,0,13785.3,38.1629752,-122.4551071,4.1,13.5,0,0,0
509.20,61.8,38.4,4877,0.0,2,35.4,0,0,13786.9,38.1629617,-122.4551025,4.1,13.5,0,0,0
509.30,61.5,38.2,4793,0.0,2,35.1,0,0,13788.4,38.1629480,-122.4550988,4.1,13.5,0,0,0
509.40,60.4,37.5,4711,0.0,2,35.0,0,0,13790.0,38.1629344,-122.4550961,4.1,13.5,0,0,0
509.50,60.2,37.4,4638,0.0,2,34.2,0,0,13791.5,38.1629210,-122.4550941,4.1,13.5,0,0,0
509.60,58.7,36.5,4604,0.0,2,32.5,0,0,13793.0,38.1629077,-122.4550924,4.1,13.5,0,0,0
509.70,57.9,36.0,4465,0.0,2,29.7,0,0,13794.5,38.1628943,-122.4550915,4.1,13.5,0,0,0
509.80,56.3,35.0,4386,0.0,2,26.4,0,0,13795.9,38.1628810,-122.4550915,3.9,12.8,0,0,0
509.90,55.4,34.4,4255,0.0,2,22.8,0,0,13797.4,38.1628678,-122.4550924,3.9,12.8,0,0,0
510.00,53.9,33.5,4167,0.0,2,18.0,0,0,13798.9,38.1628546,-122.4550941,3.9,12.8,0,0,0
510.10,53.0,32.9,4078,0.0,2,11.6,0,0,13800.3,38.1628419,-122.4550961,3.9,12.8,0,0,0
510.20,51.7,32.1,4032,0.0,2,3.9,0,0,13801.7,38.1628296,-122.4550983,3.9,12.8,0,0,0
510.30,51.4,31.9,4012,4.5,2,-4.2,0,0,13803.0,38.1628178,-122.4551007,3.9,12.8,0,0,0
510.40,51.0,31.7,4272,13.5,2,-12.3,0,0,13804.3,38.1628059,-122.4551029,3.9,12.8,0,0,0
510.50,51.9,32.3,4168,13.5,2,-18.7,0,0,13805.7,38.1627940,-122.4551050,3.9,12.8,0,0,0
510.60,52.8,32.8,4441,30.0,2,-23.9,0,0,13807.0,38.1627820,-122.4551069,3.9,12.8,0,0,0
510.70,55.7,34.6,4429,28.5,2,-27.9,0,0,13808.4,38.1627700,-122.4551083,3.9,12.8,0,0,0
510.80,55.7,34.6,4457,26.5,2,-31.1,0,0,13809.7,38.1627579,-122.4551088,4.0,13.1,0,0,0
510.90,57.0,35.4,4593,35.5,2,-33.1,0,0,13811.1,38.1627457,-122.4551086,4.0,13.1,0,0,0
511.00,59.2,36.8,4640,32.5,2,-34.6,0,0,13812.5,38.1627332,-122.4551078,4.0,13.1,0,0,0
511.10,59.5,37.0,4705,32.5,2,-36.0,0,0,13813.9,38.1627207,-122.4551062,4.0,13.1,0,0,0
511.20,60.2,37.4,4783,31.5,2,-37.2,0,0,13815.3,38.1627080,-122.4551035,4.0,13.1,0,0,0
511.30,60.6,37.7,4871,35.0,2,-37.7,0,0,13816.7,38.1626954,-122.4550999,4.0,13.1,0,0,0
511.40,62.1,38.6,4912,35.0,2,-37.8,0,0,13818.2,38.1626830,-122.4550955,4.0,13.1,0,0,0
511.50,63.0,39.1,4973,37.0,2,-37.8,0,0,13819.6,38.1626707,-122.4550902,4.0,13.1,0,0,0
511.60,63.7,39.6,5078,43.5,2,-37.8,0,0,13821.1,38.1626583,-122.4550838,4.0,13.1,0,0,0
511.70,65.1,40.5,5206,43.5,2,-38.0,0,0,13822.6,38.1626461,-122.4550766,4.0,13.1,0,0,0
511.80,66.0,41.0,5298,43.5,2,-37.8,0,0,13824.1,38.1626340,-122.4550685,3.9,12.8,0,0,0
511.90,67.5,42.0,5361,49.0,2,-37.7,0,0,13825.7,38.1626221,-122.4550595,3.9,12.8,0,0,0
512.00,68.2,42.4,5503,51.0,2,-37.2,0,0,13827.2,38.1626103,-122.4550495,3.9,12.8,0,0,0
512.10,70.7,43.9,5672,54.0,2,-37.2,0,0,13828.8,38.1625987,-122.4550383,3.9,12.8,0,0,0
512.20,71.9,44.7,5811,56.5,2,-37.0,0,0,13830.5,38.1625870,-122.4550261,3.9,12.8,0,0,0
512.30,74.0,46.0,5936,59.5,2,-37.0,0,0,13832.2,38.1625754,-122.4550133,3.9,12.8,0,0,0
512.40,75.9,47.2,6107,61.5,2,-36.9,0,0,13834.0,38.1625641,-122.4549995,3.9,12.8,0,0,0
512.50,77.9,48.4,6258,67.5,2,-36.7,0,0,13835.8,38.1625530,-122.4549845,3.9,12.8,0,0,0
512.60,79.9,49.7,6411,68.0,2,-36.7,0,0,13837.6,38.1625421,-122.4549686,3.9,12.8,0,0,0
512.70,81.9,50.9,6572,68.0,2,-36.6,0,0,13839.5,38.1625313,-122.4549518,3.9,12.8,0,0,0
512.80,84.1,52.2,6717,72.0,2,-36.1,0,0,13841.5,38.1625208,-122.4549342,3.6,11.8,0,0,0
512.90,85.4,53.1,6908,72.0,2,-35.5,0,0,13843.5,38.1625104,-122.4549155,3.6,11.8,0,0,0
513.00,87.7,54.5,7023,72.0,2,-34.9,0,0,13845.5,38.1625004,-122.4548958,3.6,11.8,0,0,0
513.10,90.0,55.9,7215,72.5,2,-34.6,0,0,13847.6,38.1624908,-122.4548753,3.6,11.8,0,0,0
513.20,92.1,57.2,7386,72.5,2,-34.3,0,0,13849.8,38.1624813,-122.4548538,3.6,11.8,0,0,0
513.30,94.0,58.4,7559,73.0,2,-33.9,0,0,13852.0,38.1624721,-122.4548313,3.6,11.8,0,0,0
513.40,95.6,59.4,7669,73.0,2,-33.3,0,0,13854.2,38.1624634,-122.4548078,3.6,11.8,0,0,0
513.50,97.8,60.8,7823,72.5,2,-32.4,0,0,13856.6,38.1624551,-122.4547836,3.6,11.8,0,0,0
513.60,100.1,62.2,7966,72.5,2,-31.5,0,0,13858.9,38.1624471,-122.4547586,3.6,11.8,0,0,0
513.70,101.5,63.0,8122,73.0,2,-30.7,0,0,13861.3,38.1624394,-122.4547328,3.6,11.8,0,0,0
513.80,102.9,63.9,8286,73.0,2,-29.9,0,0,13863.8,38.1624321,-122.4547063,3.3,10.8,0,0,0
513.90,105.7,65.7,8420,72.5,2,-29.2,0,0,13866.3,38.1624254,-122.4546789,3.3,10.8,0,0,0
514.00,107.0,66.5,8535,71.5,2,-28.2,0,0,13868.8,38.1624191,-122.4546509,3.3,10.8,0,0,0
514.10,108.5,67.4,8582,70.5,2,-26.6,0,0,13871.4,38.1624130,-122.4546223,3.3,10.8,0,0,0
514.20,109.2,67.9,8686,66.5,2,-24.7,0,0,13874.1,38.1624071,-122.4545928,3.3,10.8,0,0,0
514.30,110.9,68.9,8689,61.5,2,-22.5,0,0,13876.8,38.1624014,-122.4545626,3.3,10.8,0,0,0
514.40,110.5,68.7,8742,60.0,2,-20.5,0,0,13879.6,38.1623961,-122.4545316,3.3,10.8,0,0,0
514.50,111.7,69.4,8855,60.0,2,-17.6,0,0,13882.4,38.1623913,-122.4545002,3.3,10.8,0,0,0
514.60,112.8,70.1,8937,59.0,2,-15.3,0,0,13885.2,38.1623868,-122.4544683,3.3,10.8,0,0,0
514.70,113.9,70.8,9061,58.5,2,-13.2,0,0,13888.1,38.1623823,-122.4544358,3.3,10.8,0,0,0
514.80,115.3,71.6,9110,58.0,2,-8.1,0,0,13891.0,38.1623781,-122.4544027,3.0,9.8,0,0,0
514.90,115.2,71.6,9113,56.0,2,-2.5,0,0,13894.0,38.1623739,-122.4543692,3.0,9.8,0,0,0
515.00,116.2,72.2,9248,56.0,2,1.5,0,0,13897.0,38.1623697,-122.4543356,3.0,9.8,0,0,0
515.10,118.1,73.4,7712,55.0,2,5.4,0,0,13900.0,38.1623652,-122.4543016,3.0,9.8,0,0,0
515.20,118.1,73.4,7523,51.0,3,10.5,0,0,13903.0,38.1623607,-122.4542673,3.0,9.8,0,0,0
515.30,119.7,74.4,7603,46.0,3,14.8,0,0,13906.1,38.1623559,-122.4542330,3.0,9.8,0,0,0
515.40,120.8,75.0,7657,46.5,3,18.4,0,0,13909.1,38.1623509,-122.4541986,3.0,9.8,0,0,0
515.50,122.7,76.2,7774,46.5,3,21.1,0,0,13912.2,38.1623456,-122.4541640,3.0,9.8,0,0,0
515.60,123.9,77.0,7835,46.5,3,23.2,0,0,13915.3,38.1623400,-122.4541293,3.0,9.8,0,0,0
515.70,124.6,77.4,7874,47.0,3,24.0,0,0,13918.4,38.1623343,-122.4540948,3.0,9.8,0,0,0
515.80,125.5,78.0,7914,47.0,3,23.6,0,0,13921.5,38.1623286,-122.4540603,2.3,7.5,0,0,0
515.90,125.9,78.3,7924,46.5,3,23.0,0,0,13924.5,38.1623226,-122.4540260,2.3,7.5,0,0,0
516.00,126.0,78.3,7988,46.5,3,24.0,0,0,13927.6,38.1623159,-122.4539917,2.3,7.5,0,0,0
516.10,127.4,79.2,8054,43.0,3,25.9,0,0,13930.7,38.1623089,-122.4539573,2.3,7.5,0,0,0
516.20,128.4,79.8,8097,42.0,3,27.6,0,0,13933.8,38.1623016,-122.4539230,2.3,7.5,0,0,0
516.30,129.0,80.1,8168,42.0,3,29.6,0,0,13937.0,38.1622935,-122.4538887,2.3,7.5,0,0,0
516.40,130.3,81.0,8251,42.0,3,31.5,0,0,13940.1,38.1622846,-122.4538543,2.3,7.5,0,0,0
516.50,131.6,81.8,8327,42.0,3,33.2,0,0,13943.3,38.1622749,-122.4538201,2.3,7.5,0,0,0
516.60,132.2,82.1,8359,42.0,3,34.8,0,0,13946.5,38.1622645,-122.4537859,2.3,7.5,0,0,0
516.70,132.8,82.5,8394,41.5,3,36.1,0,0,13949.8,38.1622529,-122.4537517,2.3,7.5,0,0,0
516.80,133.7,83.1,8454,41.0,3,37.4,0,0,13953.1,38.1622399,-122.4537174,1.7,5.6,0,0,0
516.90,134.5,83.6,8470,40.5,3,38.3,0,0,13956.4,38.1622262,-122.4536834,1.7,5.6,0,0,0
517.00,134.9,83.8,8441,40.5,3,38.6,0,0,13959.7,38.1622124,-122.4536501,1.7,5.6,0,0,0
517.10,134.5,83.6,8446,40.5,3,38.4,0,0,13963.0,38.1621982,-122.4536174,1.7,5.6,0,0,0
517.20,135.1,84.0,8513,40.0,3,38.5,0,0,13966.3,38.1621837,-122.4535851,1.7,5.6,0,0,0
517.30,135.6,84.3,8496,38.5,3,38.3,0,0,13969.5,38.1621689,-122.4535531,1.7,5.6,0,0,0
517.40,135.1,83.9,8489,38.0,3,38.3,0,0,13972.8,38.1621536,-122.4535214,1.7,5.6,0,0,0
517.50,134.7,83.7,8489,36.5,3,38.4,0,0,13976.0,38.1621376,-122.4534904,1.7,5.6,0,0,0
517.60,135.1,83.9,8520,36.0,3,38.5,0,0,13979.2,38.1621209,-122.4534601,1.7,5.6,0,0,0
517.70,136.0,84.5,8506,34.5,3,38.7,0,0,13982.5,38.1621039,-122.4534301,1.7,5.6,0,0,0
517.80,135.4,84.1,8520,33.0,3,38.8,0,0,13985.7,38.1620863,-122.4534004,1.4,4.6,0,0,0
517.90,135.1,84.0,8499,33.5,3,38.8,0,0,13989.0,38.1620679,-122.4533714,1.4,4.6,0,0,0
518.00,135.4,84.1,8511,33.5,3,39.2,0,0,13992.2,38.1620489,-122.4533431,1.4,4.6,0,0,0
518.10,135.6,84.2,8554,37.5,3,39.6,0,0,13995.5,38.1620296,-122.4533154,1.4,4.6,0,0,0
518.20,135.8,84.4,8594,44.0,3,39.5,0,0,13998.7,38.1620099,-122.4532881,1.4,4.6,0,0,0
518.30,136.8,85.0,8631,47.5,3,39.6,0,0,14001.9,38.1619896,-122.4532614,1.4,4.6,0,0,0
518.40,137.2,85.2,8641,48.5,3,39.3,0,0,14005.2,38.1619686,-122.4532354,1.4,4.6,0,0,0
518.50,137.1,85.2,8669,50.0,3,38.9,0,0,14008.5,38.1619469,-122.4532101,1.4,4.6,0,0,0
518.60,138.1,85.8,8734,60.0,3,38.5,0,0,14011.8,38.1619249,-122.4531851,1.4,4.6,0,0,0
518.70,138.9,86.3,8824,61.5,3,38.0,0,0,14015.0,38.1619026,-122.4531604,1.4,4.6,0,0,0
518.80,140.4,87.3,8884,61.0,3,37.5,0,0,14018.4,38.1618795,-122.4531364,1.2,3.9,0,0,0
518.90,141.4,87.9,8918,60.5,3,37.2,0,0,14021.7,38.1618556,-122.4531131,1.2,3.9,0,0,0
519.00,141.8,88.1,8969,60.5,3,37.1,0,0,14025.1,38.1618309,-122.4530901,1.2,3.9,0,0,0
519.10,142.6,88.6,9018,60.5,3,37.0,0,0,14028.6,38.1618056,-122.4530674,1.2,3.9,0,0,0
519.20,144.0,89.5,9119,60.5,3,37.0,0,0,14032.0,38.1617799,-122.4530454,1.2,3.9,0,0,0
519.30,144.9,90.0,9044,55.5,3,37.0,0,0,14035.4,38.1617539,-122.4530241,1.2,3.9,0,0,0
519.40,144.6,89.8,9177,55.5,3,37.0,0,0,14038.9,38.1617276,-122.4530031,1.2,3.9,0,0,0
519.50,146.2,90.9,9200,59.0,3,36.8,0,0,14042.4,38.1617009,-122.4529824,1.2,3.9,0,0,0
519.60,146.3,90.9,9279,60.5,3,36.7,0,0,14045.9,38.1616736,-122.4529621,1.2,3.9,0,0,0
519.70,148.1,92.0,9334,61.5,3,36.3,0,0,14049.4,38.1616459,-122.4529424,1.2,3.9,0,0,0
519.80,147.9,91.9,9337,61.5,3,35.6,0,0,14053.0,38.1616176,-122.4529234,1.2,3.9,0,0,0
519.90,148.8,92.5,9254,60.5,3,34.3,0,0,14056.5,38.1615889,-122.4529051,1.2,3.9,0,0,0
520.00,146.3,90.9,9288,59.5,3,32.3,0,0,14060.1,38.1615599,-122.4528874,1.2,3.9,0,0,0
520.10,148.0,92.0,9263,57.5,3,29.9,0,0,14063.7,38.1615306,-122.4528704,1.2,3.9,0,0,0
520.20,147.1,91.4,9245,56.5,3,27.5,0,0,14067.3,38.1615006,-122.4528538,1.2,3.9,0,0,0
520.30,146.5,91.0,9152,55.0,3,24.5,0,0,14071.0,38.1614702,-122.4528374,1.2,3.9,0,0,0
520.40,145.2,90.2,9108,51.0,3,21.7,0,0,14074.7,38.1614397,-122.4528214,1.2,3.9,0,0,0
520.50,144.9,90.0,8852,7.5,3,19.6,0,0,14078.4,38.1614089,-122.4528061,1.2,3.9,0,0,0
520.60,142.1,88.3,8679,0.0,3,17.8,0,0,14082.0,38.1613780,-122.4527911,1.2,3.9,0,0,0
520.70,138.8,86.2,8724,0.0,3,16.3,0,0,14085.7,38.1613470,-122.4527764,1.2,3.9,0,0,0
520.80,139.0,86.4,8664,0.0,3,14.6,0,0,14089.4,38.1613161,-122.4527621,1.3,4.3,0,0,0
520.90,137.4,85.3,8629,0.0,3,13.6,0,0,14093.0,38.1612853,-122.4527481,1.3,4.3,0,0,0
521.00,137.4,85.4,8574,0.0,3,12.2,0,0,14096.6,38.1612548,-122.4527344,1.3,4.3,0,0,0
521.10,136.2,84.6,8475,0.0,3,10.1,0,0,14100.2,38.1612243,-122.4527211,1.3,4.3,0,0,0
521.20,134.6,83.6,8375,0.0,3,8.8,0,0,14103.7,38.1611941,-122.4527080,1.3,4.3,0,0,0
521.30,133.1,82.7,8294,0.0,3,8.6,0,0,14107.3,38.1611640,-122.4526950,1.3,4.3,0,0,0
521.40,131.5,81.7,8177,0.0,3,7.7,0,0,14110.8,38.1611341,-122.4526821,1.3,4.3,0,0,0
521.50,129.7,80.6,8024,0.0,3,6.8,0,0,14114.3,38.1611044,-122.4526694,1.3,4.3,0,0,0
521.60,127.4,79.2,7878,0.0,3,5.4,0,0,14117.7,38.1610754,-122.4526571,1.3,4.3,0,0,0
521.70,125.0,77.7,7730,0.0,3,4.1,0,0,14121.0,38.1610468,-122.4526451,1.3,4.3,0,0,0
521.80,122.5,76.1,7551,0.0,3,3.4,0,0,14124.3,38.1610184,-122.4526333,1.1,3.6,0,0,0
521.90,120.0,74.5,7452,0.0,3,2.6,0,0,14127.6,38.1609904,-122.4526218,1.1,3.6,0,0,0
522.00,118.4,73.6,7250,0.0,3,2.1,0,0,14130.8,38.1609631,-122.4526103,1.1,3.6,0,0,0
522.10,116.2,72.2,8369,0.0,3,1.8,0,0,14134.0,38.1609361,-122.4525991,1.1,3.6,0,0,0
522.20,108.0,67.1,8844,0.0,2,1.8,0,0,14137.1,38.1609094,-122.4525884,1.1,3.6,0,0,0
522.30,112.7,70.1,8621,0.0,2,1.7,0,0,14140.1,38.1608834,-122.4525780,1.1,3.6,0,0,0
522.40,109.7,68.1,8336,0.0,2,1.6,0,0,14143.1,38.1608581,-122.4525678,1.1,3.6,0,0,0
522.50,106.0,65.9,8141,0.0,2,1.5,0,0,14146.0,38.1608334,-122.4525576,1.1,3.6,0,0,0
522.60,103.3,64.2,7910,0.0,2,1.8,0,0,14148.8,38.1608091,-122.4525478,1.1,3.6,0,0,0
522.70,100.6,62.5,7782,0.0,2,2.3,0,0,14151.6,38.1607854,-122.4525382,1.1,3.6,0,0,0
522.80,99.0,61.5,7659,0.0,2,2.4,0,0,14154.3,38.1607621,-122.4525288,0.9,3.0,0,0,0
522.90,97.5,60.6,7562,0.0,2,2.3,0,0,14156.9,38.1607391,-122.4525196,0.9,3.0,0,0,0
523.00,95.9,59.6,7705,0.0,2,2.2,0,0,14159.6,38.1607167,-122.4525108,0.9,3.0,0,0,0
523.10,89.1,55.3,9010,0.0,1,2.5,0,0,14162.1,38.1606948,-122.4525023,0.9,3.0,0,0,0
523.20,87.2,54.2,9300,0.0,1,2.6,0,0,14164.6,38.1606734,-122.4524941,0.9,3.0,0,0,0
523.30,90.1,56.0,9074,0.0,1,2.3,0,0,14167.0,38.1606524,-122.4524860,0.9,3.0,0,0,0
523.40,87.4,54.3,8879,0.0,1,2.3,0,0,14169.4,38.1606321,-122.4524781,0.9,3.0,0,0,0
523.50,85.6,53.2,8762,0.0,1,2.4,0,0,14171.7,38.1606121,-122.4524704,0.9,3.0,0,0,0
523.60,84.6,52.6,8601,0.0,1,2.7,0,0,14174.0,38.1605924,-122.4524630,0.9,3.0,0,0,0
523.70,82.8,51.5,8427,0.0,1,3.1,0,0,14176.2,38.1605731,-122.4524557,0.9,3.0,0,0,0
523.80,81.2,50.5,8303,0.0,1,3.5,0,0,14178.5,38.1605541,-122.4524483,0.7,2.3,0,0,0
523.90,79.9,49.7,8132,0.0,1,3.2,0,0,14180.6,38.1605354,-122.4524411,0.7,2.3,0,0,0
524.00,78.2,48.6,7960,0.0,1,3.0,0,0,14182.7,38.1605171,-122.4524343,0.7,2.3,0,0,0
524.10,76.5,47.5,7750,0.0,1,2.7,0,0,14184.8,38.1604991,-122.4524278,0.7,2.3,0,0,0
524.20,74.9,46.5,7653,0.0,1,3.2,0,0,14186.9,38.1604814,-122.4524213,0.7,2.3,0,0,0
524.30,73.7,45.8,7529,0.0,1,4.2,0,0,14188.9,38.1604641,-122.4524151,0.7,2.3,0,0,0
524.40,72.7,45.2,7395,0.0,1,5.3,0,0,14190.8,38.1604474,-122.4524090,0.7,2.3,0,0,0
524.50,71.2,44.2,7221,0.0,1,5.6,0,0,14192.7,38.1604310,-122.4524031,0.7,2.3,0,0,0
524.60,69.8,43.3,7069,0.0,1,6.2,0,0,14194.6,38.1604148,-122.4523974,0.7,2.3,0,0,0
524.70,68.2,42.4,6962,0.0,1,7.9,0,0,14196.4,38.1603986,-122.4523921,0.7,2.3,0,0,0
524.80,66.8,41.5,6831,0.0,1,10.1,0,0,14198.2,38.1603828,-122.4523873,0.5,1.6,0,0,0
524.90,65.9,40.9,6692,0.0,1,12.7,0,0,14200.0,38.1603674,-122.4523828,0.5,1.6,0,0,0
525.00,64.6,40.2,6597,0.0,1,15.3,0,0,14201.7,38.1603524,-122.4523783,0.5,1.6,0,0,0
525.10,63.5,39.4,6493,0.0,1,18.0,0,0,14203.4,38.1603378,-122.4523741,0.5,1.6,0,0,0
525.20,62.7,38.9,6383,0.0,1,20.7,0,0,14205.0,38.1603233,-122.4523701,0.5,1.6,0,0,0
525.30,61.6,38.2,6288,0.0,1,23.2,0,0,14206.6,38.1603091,-122.4523664,0.5,1.6,0,0,0
525.40,60.5,37.6,6171,0.0,1,25.2,0,0,14208.2,38.1602953,-122.4523631,0.5,1.6,0,0,0
525.50,59.5,37.0,6095,0.0,1,27.0,0,0,14209.7,38.1602818,-122.4523604,0.5,1.6,0,0,0
525.60,58.8,36.5,6011,0.0,1,28.8,0,0,14211.2,38.1602683,-122.4523582,0.5,1.6,0,0,0
525.70,57.9,36.0,5946,0.0,1,30.6,0,0,14212.7,38.1602551,-122.4523567,0.5,1.6,0,0,0
525.80,57.4,35.6,5904,0.0,1,31.9,0,0,14214.1,38.1602421,-122.4523559,6552.9,21499.0,0,0,0
525.90,56.8,35.3,5847,0.0,1,32.4,0,0,14215.6,38.1602293,-122.4523557,6552.9,21499.0,0,0,0
526.00,56.2,34.9,5717,0.0,1,32.9,0,0,14217.0,38.1602167,-122.4523562,6552.9,21499.0,0,0,0
526.10,55.3,34.4,5633,0.0,1,33.7,0,0,14218.4,38.1602040,-122.4523574,6552.9,21499.0,0,0,0
526.20,54.3,33.7,5534,0.0,1,33.9,0,0,14219.8,38.1601914,-122.4523592,6552.9,21499.0,0,0,0
526.30,53.2,33.1,5450,0.0,1,34.6,0,0,14221.1,38.1601794,-122.4523617,6552.9,21499.0,0,0,0
526.40,52.8,32.8,5398,0.0,1,35.5,0,0,14222.4,38.1601681,-122.4523652,6552.9,21499.0,0,0,0
526.50,52.1,32.4,5310,0.0,1,36.6,0,0,14223.7,38.1601571,-122.4523694,6552.9,21499.0,0,0,0
526.60,51.1,31.7,5268,0.0,1,37.5,0,0,14225.0,38.1601463,-122.4523741,6552.9,21499.0,0,0,0
526.70,51.0,31.7,5168,0.0,1,38.3,0,0,14226.2,38.1601358,-122.4523794,6552.9,21499.0,0,0,0
526.80,49.9,31.0,5098,0.0,1,38.9,0,0,14227.5,38.1601257,-122.4523851,6552.9,21499.0,0,0,0
526.90,49.2,30.5,5006,0.0,1,39.1,0,0,14228.7,38.1601161,-122.4523914,6552.9,21499.0,0,0,0
527.00,48.4,30.1,4904,0.0,1,39.1,0,0,14229.8,38.1601071,-122.4523984,6552.9,21499.0,0,0,0
527.10,47.2,29.4,4824,0.0,1,39.0,0,0,14231.0,38.1600984,-122.4524061,6552.9,21499.0,0,0,0
527.20,46.4,28.8,4715,0.0,1,39.3,0,0,14232.2,38.1600904,-122.4524143,6552.9,21499.0,0,0,0
527.30,45.7,28.4,4681,0.0,1,39.0,0,0,14233.3,38.1600831,-122.4524228,6552.9,21499.0,0,0,0
527.40,44.7,27.8,4567,0.0,1,39.4,0,0,14234.3,38.1600764,-122.4524317,6552.9,21499.0,0,0,0
527.50,44.0,27.3,4509,0.5,1,39.8,0,0,14235.4,38.1600701,-122.4524411,6552.9,21499.0,0,0,0
527.60,43.1,26.8,4466,4.0,1,40.2,0,0,14236.5,38.1600644,-122.4524508,6552.9,21499.0,0,0,0
527.70,43.1,26.8,4605,12.5,1,40.6,0,0,14237.5,38.1600594,-122.4524606,6552.9,21499.0,0,0,0
527.80,43.5,27.0,4985,19.0,1,40.8,0,0,14238.5,38.1600548,-122.4524708,6553.2,21500.0,0,0,0
527.90,46.1,28.7,4617,25.0,1,40.8,0,0,14239.6,38.1600507,-122.4524813,6553.2,21500.0,0,0,0
528.00,45.0,28.0,4720,30.5,1,40.5,0,0,14240.6,38.1600472,-122.4524921,6553.2,21500.0,0,0,0
528.10,45.8,28.5,4820,36.0,1,40.3,0,0,14241.6,38.1600444,-122.4525034,6553.2,21500.0,0,0,0
528.20,47.1,29.2,4956,39.0,1,40.2,0,0,14242.7,38.1600421,-122.4525154,6553.2,21500.0,0,0,0
528.30,48.5,30.1,5096,39.5,1,40.6,0,0,14243.8,38.1600404,-122.4525281,6553.2,21500.0,0,0,0
528.40,49.2,30.5,5192,39.5,1,40.8,0,0,14245.0,38.1600395,-122.4525410,6553.2,21500.0,0,0,0
528.50,50.3,31.2,5328,41.0,1,40.5,0,0,14246.1,38.1600394,-122.4525540,6553.2,21500.0,0,0,0
528.60,52.0,32.3,5554,45.0,1,39.9,0,0,14247.2,38.1600402,-122.4525671,6553.2,21500.0,0,0,0
528.70,53.2,33.1,5703,49.5,1,38.6,0,0,14248.4,38.1600418,-122.4525804,6553.2,21500.0,0,0,0
528.80,55.1,34.3,5873,53.5,1,37.1,0,0,14249.7,38.1600445,-122.4525941,6553.5,21501.0,0,0,0
528.90,57.4,35.6,6061,56.5,1,35.4,0,0,14251.0,38.1600481,-122.4526084,6553.5,21501.0,0,0,0
529.00,59.0,36.7,6294,57.5,1,33.9,0,0,14252.3,38.1600521,-122.4526231,6553.5,21501.0,0,0,0
529.10,60.8,37.8,6400,57.5,1,32.3,0,0,14253.7,38.1600564,-122.4526380,6553.5,21501.0,0,0,0
529.20,62.1,38.6,6607,60.0,1,30.9,0,0,14255.1,38.1600615,-122.4526530,6553.5,21501.0,0,0,0
529.30,64.0,39.8,6842,61.5,1,29.6,0,0,14256.6,38.1600674,-122.4526681,6553.5,21501.0,0,0,0
529.40,66.0,41.0,7005,64.5,1,28.4,0,0,14258.1,38.1600741,-122.4526834,6553.5,21501.0,0,0,0
529.50,67.9,42.2,7174,66.0,1,27.2,0,0,14259.7,38.1600814,-122.4526991,6553.5,21501.0,0,0,0
529.60,69.6,43.3,7393,66.5,1,25.8,0,0,14261.4,38.1600891,-122.4527151,6553.5,21501.0,0,0,0
529.70,71.6,44.5,7648,69.0,1,24.7,0,0,14263.1,38.1600974,-122.4527313,6553.5,21501.0,0,0,0
529.80,73.6,45.8,7854,69.5,1,23.7,0,0,14264.8,38.1601064,-122.4527478,6553.4,21500.7,0,0,0
529.90,75.4,46.9,8041,69.0,1,22.6,0,0,14266.6,38.1601161,-122.4527644,6553.4,21500.7,0,0,0
530.00,78.2,48.6,8222,68.0,1,21.1,0,0,14268.5,38.1601264,-122.4527814,6553.4,21500.7,0,0,0
530.10,79.5,49.4,8392,68.0,1,19.4,0,0,14270.4,38.1601371,-122.4527988,6553.4,21500.7,0,0,0
530.20,81.6,50.7,8597,68.0,1,17.5,0,0,14272.4,38.1601484,-122.4528162,6553.4,21500.7,0,0,0
530.30,83.1,51.7,8834,67.5,1,15.7,0,0,14274.5,38.1601604,-122.4528338,6553.4,21500.7,0,0,0
530.40,85.4,53.1,8988,67.5,1,13.6,0,0,14276.6,38.1601731,-122.4528516,6553.4,21500.7,0,0,0
530.50,87.5,54.4,9183,67.5,1,11.6,0,0,14278.7,38.1601864,-122.4528698,6553.4,21500.7,0,0,0
530.60,88.8,55.2,9366,67.5,1,9.9,0,0,14280.9,38.1602001,-122.4528883,6553.4,21500.7,0,0,0
530.70,90.6,56.3,9567,67.5,1,8.5,0,0,14283.2,38.1602144,-122.4529071,6553.4,21500.7,0,0,0
530.80,92.5,57.5,9769,67.5,1,7.3,0,0,14285.6,38.1602291,-122.4529260,0.1,0.3,0,0,0
530.90,94.4,58.7,9951,67.0,1,5.9,0,0,14287.9,38.1602441,-122.4529451,0.1,0.3,0,0,0
531.00,96.8,60.1,7876,67.5,1,4.5,0,0,14290.3,38.1602594,-122.4529644,0.1,0.3,0,0,0
531.10,97.3,60.4,7676,67.5,2,3.4,0,0,14292.8,38.1602754,-122.4529841,0.1,0.3,0,0,0
531.20,97.3,60.5,7811,67.0,2,2.0,0,0,14295.3,38.1602917,-122.4530040,0.1,0.3,0,0,0
531.30,98.6,61.3,7885,67.5,2,1.1,0,0,14297.8,38.1603081,-122.4530241,0.1,0.3,0,0,0
531.40,100.2,62.3,8058,69.5,2,0.7,0,0,14300.4,38.1603247,-122.4530444,0.1,0.3,0,0,0
531.50,102.3,63.6,8166,71.0,2,-0.0,0,0,14303.0,38.1603418,-122.4530651,0.1,0.3,0,0,0
531.60,103.3,64.2,8327,73.5,2,-1.0,0,0,14305.7,38.1603590,-122.4530860,0.1,0.3,0,0,0
531.70,105.7,65.7,8454,74.5,2,-1.7,0,0,14308.3,38.1603764,-122.4531071,0.1,0.3,0,0,0
531.80,107.2,66.6,8611,76.5,2,-2.4,0,0,14311.0,38.1603941,-122.4531284,0.4,1.3,0,0,0
531.90,109.2,67.9,8775,77.5,2,-2.9,0,0,14313.8,38.1604123,-122.4531501,0.4,1.3,0,0,0
532.00,111.3,69.2,8937,79.5,2,-3.2,0,0,14316.7,38.1604308,-122.4531724,0.4,1.3,0,0,0
532.10,113.3,70.4,9127,80.5,2,-3.4,0,0,14319.5,38.1604494,-122.4531951,0.4,1.3,0,0,0
532.20,115.4,71.7,9231,80.5,2,-3.8,0,0,14322.4,38.1604684,-122.4532181,0.4,1.3,0,0,0
532.30,117.7,73.1,9390,80.0,2,-4.2,0,0,14325.4,38.1604878,-122.4532414,0.4,1.3,0,0,0
532.40,119.2,74.1,9512,78.5,2,-4.8,0,0,14328.4,38.1605074,-122.4532651,0.4,1.3,0,0,0
532.50,121.0,75.2,9653,78.0,2,-5.5,0,0,14331.5,38.1605274,-122.4532894,0.4,1.3,0,0,0
532.60,123.0,76.5,9808,78.5,2,-6.3,0,0,14334.6,38.1605478,-122.4533141,0.4,1.3,0,0,0
532.70,124.8,77.6,9941,78.5,2,-7.0,0,0,14337.8,38.1605683,-122.4533391,0.4,1.3,0,0,0
532.80,126.9,78.8,10057,78.5,2,-7.5,0,0,14341.0,38.1605891,-122.4533644,0.5,1.6,0,0,0
532.90,128.2,79.7,10229,78.5,2,-7.7,0,0,14344.2,38.1606101,-122.4533901,0.5,1.6,0,0,0
533.00,130.2,80.9,9922,79.0,2,-8.2,0,0,14347.5,38.1606313,-122.4534161,0.5,1.6,0,0,0
533.10,128.2,79.6,8113,84.5,2,-8.9,0,0,14350.8,38.1606528,-122.4534424,0.5,1.6,0,0,0
533.20,130.6,81.1,8359,87.5,3,-9.3,0,0,14354.2,38.1606743,-122.4534691,0.5,1.6,0,0,0
533.30,133.0,82.6,8497,96.5,3,-10.0,0,0,14357.5,38.1606961,-122.4534961,0.5,1.6,0,0,0
533.40,134.7,83.7,8582,100.0,3,-10.1,0,0,14360.9,38.1607180,-122.4535234,0.5,1.6,0,0,0
533.50,135.9,84.5,8669,100.0,3,-10.0,0,0,14364.4,38.1607401,-122.4535511,0.5,1.6,0,0,0
533.60,137.8,85.6,8796,100.0,3,-10.1,0,0,14367.9,38.1607624,-122.4535794,0.5,1.6,0,0,0
533.70,138.4,86.0,8858,100.0,3,-10.3,0,0,14371.5,38.1607850,-122.4536081,0.5,1.6,0,0,0
533.80,140.6,87.4,8956,100.0,3,-10.4,0,0,14375.0,38.1608077,-122.4536371,0.7,2.3,0,0,0
533.90,141.8,88.1,9028,100.0,3,-10.3,0,0,14378.6,38.1608303,-122.4536664,0.7,2.3,0,0,0
534.00,143.1,88.9,9116,100.0,3,-10.1,0,0,14382.3,38.1608531,-122.4536964,0.7,2.3,0,0,0
534.10,144.2,89.6,9217,100.0,3,-9.5,0,0,14386.0,38.1608761,-122.4537268,0.7,2.3,0,0,0
534.20,146.1,90.8,9291,100.0,3,-9.3,0,0,14389.7,38.1608993,-122.4537574,0.7,2.3,0,0,0
534.30,147.3,91.5,9361,100.0,3,-9.2,0,0,14393.4,38.1609228,-122.4537884,0.7,2.3,0,0,0
534.40,148.4,92.2,9446,100.0,3,-9.2,0,0,14397.2,38.1609463,-122.4538201,0.7,2.3,0,0,0
534.50,149.9,93.1,9533,100.0,3,-9.4,0,0,14401.1,38.1609701,-122.4538520,0.7,2.3,0,0,0
534.60,151.7,94.2,9609,100.0,3,-9.2,0,0,14405.0,38.1609940,-122.4538841,0.7,2.3,0,0,0
534.70,153.0,95.1,9678,100.0,3,-9.1,0,0,14408.8,38.1610180,-122.4539164,0.7,2.3,0,0,0
534.80,154.0,95.7,9750,100.0,3,-9.4,0,0,14412.8,38.1610420,-122.4539491,1.1,3.6,0,0,0
534.90,155.1,96.4,9808,100.0,3,-9.8,0,0,14416.7,38.1610661,-122.4539824,1.1,3.6,0,0,0
535.00,156.5,97.3,9898,100.0,3,-9.9,0,0,14420.7,38.1610903,-122.4540161,1.1,3.6,0,0,0
535.10,158.0,98.2,9984,100.0,3,-10.1,0,0,14424.7,38.1611148,-122.4540501,1.1,3.6,0,0,0
535.20,158.8,98.7,10081,100.0,3,-10.2,0,0,14428.8,38.1611393,-122.4540844,1.1,3.6,0,0,0
535.30,160.1,99.5,10153,100.0,3,-10.1,0,0,14432.9,38.1611641,-122.4541191,1.1,3.6,0,0,0
535.40,161.2,100.2,10218,100.0,3,-9.8,0,0,14437.0,38.1611890,-122.4541541,1.1,3.6,0,0,0
535.50,162.6,101.0,10285,96.5,3,-9.4,0,0,14441.2,38.1612140,-122.4541894,1.1,3.6,0,0,0
535.60,163.5,101.6,10327,93.0,3,-9.0,0,0,14445.3,38.1612390,-122.4542251,1.1,3.6,0,0,0
535.70,164.7,102.4,10388,88.5,3,-8.7,0,0,14449.5,38.1612640,-122.4542611,1.1,3.6,0,0,0
535.80,165.6,102.9,10435,81.5,3,-8.6,0,0,14453.8,38.1612891,-122.4542974,1.5,4.9,0,0,0
535.90,166.7,103.6,10384,65.0,3,-8.4,0,0,14458.0,38.1613143,-122.4543341,1.5,4.9,0,0,0
536.00,165.2,102.7,9779,0.0,3,-8.1,0,0,14462.3,38.1613397,-122.4543710,1.5,4.9,0,0,0
536.10,158.4,98.4,10084,0.0,3,-7.6,0,0,14466.6,38.1613649,-122.4544079,1.5,4.9,0,0,0
536.20,160.2,99.5,9980,0.0,3,-6.2,0,0,14470.8,38.1613900,-122.4544446,1.5,4.9,0,0,0
536.30,158.4,98.4,9901,0.0,3,-5.7,0,0,14475.1,38.1614149,-122.4544809,1.5,4.9,0,0,0
536.40,157.5,97.9,9798,0.0,3,-6.3,0,0,14479.2,38.1614396,-122.4545169,1.5,4.9,0,0,0
536.50,155.9,96.9,9687,0.0,3,-5.2,0,0,14483.4,38.1614639,-122.4545526,1.5,4.9,0,0,0
536.60,154.5,96.0,9512,0.0,3,-4.9,0,0,14487.4,38.1614877,-122.4545879,1.5,4.9,0,0,0
536.70,151.5,94.1,9363,0.0,3,-4.5,0,0,14491.5,38.1615112,-122.4546229,1.5,4.9,0,0,0
536.80,148.6,92.4,9254,0.0,3,-4.7,0,0,14495.5,38.1615346,-122.4546576,1.8,5.9,0,0,0
536.90,147.0,91.3,9172,0.0,3,-4.3,0,0,14499.4,38.1615576,-122.4546916,1.8,5.9,0,0,0
537.00,145.8,90.6,9028,0.0,3,-2.9,0,0,14503.2,38.1615802,-122.4547252,1.8,5.9,0,0,0
537.10,143.8,89.4,8937,0.0,3,-2.4,0,0,14507.1,38.1616026,-122.4547584,1.8,5.9,0,0,0
537.20,142.1,88.3,8826,0.0,3,-2.1,0,0,14510.8,38.1616246,-122.4547912,1.8,5.9,0,0,0
537.30,139.9,86.9,8656,0.0,3,-1.7,0,0,14514.5,38.1616462,-122.4548236,1.8,5.9,0,0,0
537.40,137.5,85.4,8511,0.0,3,-1.4,0,0,14518.2,38.1616677,-122.4548556,1.8,5.9,0,0,0
537.50,135.3,84.1,8378,0.0,3,-1.6,0,0,14521.8,38.1616889,-122.4548869,1.8,5.9,0,0,0
537.60,133.1,82.7,8247,0.0,3,-2.1,0,0,14525.4,38.1617096,-122.4549176,1.8,5.9,0,0,0
537.70,130.7,81.2,8085,0.0,3,-2.4,0,0,14528.9,38.1617299,-122.4549479,1.8,5.9,0,0,0
537.80,128.4,79.8,7956,0.0,3,-2.5,0,0,14532.3,38.1617500,-122.4549779,2.1,6.9,0,0,0
537.90,126.5,78.6,7848,0.0,3,-2.7,0,0,14535.7,38.1617699,-122.4550076,2.1,6.9,0,0,0
538.00,124.4,77.3,7692,0.0,3,-3.2,0,0,14539.1,38.1617896,-122.4550366,2.1,6.9,0,0,0
538.10,122.2,75.9,7564,0.0,3,-3.6,0,0,14542.3,38.1618089,-122.4550649,2.1,6.9,0,0,0
538.20,120.4,74.8,7467,0.0,3,-4.6,0,0,14545.6,38.1618276,-122.4550929,2.1,6.9,0,0,0
538.30,118.4,73.6,7332,0.0,3,-5.3,0,0,14548.7,38.1618459,-122.4551206,2.1,6.9,0,0,0
538.40,116.5,72.4,7245,0.0,3,-5.2,0,0,14551.8,38.1618639,-122.4551479,2.1,6.9,0,0,0
538.50,114.8,71.4,7126,0.0,3,-4.9,0,0,14554.9,38.1618816,-122.4551746,2.1,6.9,0,0,0
538.60,112.8,70.1,6995,0.0,3,-4.4,0,0,14557.9,38.1618989,-122.4552009,2.1,6.9,0,0,0
538.70,111.0,69.0,6873,0.0,3,-4.2,0,0,14560.8,38.1619160,-122.4552269,2.1,6.9,0,0,0
538.80,109.3,67.9,6768,0.0,3,-4.1,0,0,14563.8,38.1619329,-122.4552526,2.3,7.5,0,0,0
538.90,107.5,66.8,6696,0.0,3,-3.5,0,0,14566.7,38.1619496,-122.4552779,2.3,7.5,0,0,0
539.00,106.3,66.1,6572,0.0,3,-2.9,0,0,14569.5,38.1619656,-122.4553027,2.3,7.5,0,0,0
539.10,104.3,64.8,6488,0.0,3,-4.4,0,0,14572.2,38.1619812,-122.4553272,2.3,7.5,0,0,0
539.20,103.1,64.1,6426,0.0,3,-6.4,0,0,14575.0,38.1619967,-122.4553517,2.3,7.5,0,0,0
539.30,102.1,63.4,6372,0.0,3,-9.7,0,0,14577.7,38.1620119,-122.4553759,2.3,7.5,0,0,0
539.40,101.3,62.9,6356,0.0,3,-13.6,0,0,14580.3,38.1620266,-122.4553997,2.3,7.5,0,0,0
539.50,101.0,62.8,6320,0.0,3,-17.7,0,0,14582.9,38.1620409,-122.4554233,2.3,7.5,0,0,0
539.60,100.7,62.6,6319,0.0,3,-21.6,0,0,14585.5,38.1620549,-122.4554471,2.3,7.5,0,0,0
539.70,100.1,62.2,6251,0.0,3,-24.9,0,0,14588.1,38.1620686,-122.4554710,2.3,7.5,0,0,0
539.80,99.3,61.7,6233,0.0,3,-27.5,0,0,14590.7,38.1620819,-122.4554950,2.5,8.2,0,0,0
539.90,99.1,61.6,6191,0.0,3,-29.5,0,0,14593.2,38.1620946,-122.4555190,2.5,8.2,0,0,0
540.00,98.6,61.3,6174,0.0,3,-31.2,0,0,14595.7,38.1621069,-122.4555430,2.5,8.2,0,0,0
540.10,98.0,60.9,6136,5.0,3,-32.0,0,0,14598.2,38.1621186,-122.4555671,2.5,8.2,0,0,0
540.20,97.1,60.4,6072,7.0,3,-32.6,0,0,14600.6,38.1621299,-122.4555913,2.5,8.2,0,0,0
540.30,96.8,60.1,6115,19.5,3,-33.4,0,0,14603.1,38.1621406,-122.4556158,2.5,8.2,0,0,0
540.40,96.9,60.2,6311,18.0,3,-33.7,0,0,14605.5,38.1621506,-122.4556403,2.5,8.2,0,0,0
540.50,98.8,61.4,6187,35.5,3,-34.2,0,0,14607.9,38.1621599,-122.4556651,2.5,8.2,0,0,0
540.60,98.6,61.3,6154,38.5,3,-34.2,0,0,14610.3,38.1621686,-122.4556901,2.5,8.2,0,0,0
540.70,98.1,61.0,6253,40.5,3,-33.7,0,0,14612.7,38.1621766,-122.4557154,2.5,8.2,0,0,0
540.80,98.9,61.5,6191,39.5,3,-32.8,0,0,14615.1,38.1621842,-122.4557411,2.8,9.2,0,0,0
540.90,98.7,61.3,6248,45.0,3,-32.2,0,0,14617.5,38.1621913,-122.4557671,2.8,9.2,0,0,0
541.00,99.4,61.7,6295,44.0,3,-32.0,0,0,14619.9,38.1621979,-122.4557934,2.8,9.2,0,0,0
541.10,100.1,62.2,6311,43.0,3,-32.3,0,0,14622.3,38.1622039,-122.4558201,2.8,9.2,0,0,0
541.20,100.4,62.4,6273,38.5,3,-32.6,0,0,14624.8,38.1622096,-122.4558471,2.8,9.2,0,0,0
541.30,100.1,62.2,6381,42.5,3,-33.1,0,0,14627.2,38.1622149,-122.4558743,2.8,9.2,0,0,0
541.40,101.0,62.8,6409,43.0,3,-33.9,0,0,14629.7,38.1622196,-122.4559018,2.8,9.2,0,0,0
541.50,102.0,63.4,6625,58.5,3,-34.6,0,0,14632.1,38.1622236,-122.4559293,2.8,9.2,0,0,0
541.60,103.8,64.5,6613,66.0,3,-34.3,0,0,14634.6,38.1622269,-122.4559571,2.8,9.2,0,0,0
541.70,105.0,65.2,6625,66.0,3,-33.7,0,0,14637.1,38.1622299,-122.4559854,2.8,9.2,0,0,0
541.80,105.5,65.6,6721,64.5,3,-32.9,0,0,14639.6,38.1622323,-122.4560141,3.0,9.8,0,0,0
541.90,106.2,66.0,6714,66.0,3,-32.2,0,0,14642.2,38.1622341,-122.4560431,3.0,9.8,0,0,0
542.00,106.6,66.3,6736,70.5,3,-30.9,0,0,14644.7,38.1622353,-122.4560724,3.0,9.8,0,0,0
542.10,107.9,67.0,6825,68.5,3,-29.0,0,0,14647.3,38.1622358,-122.4561021,3.0,9.8,0,0,0
542.20,108.6,67.5,6908,66.5,3,-28.0,0,0,14650.0,38.1622356,-122.4561324,3.0,9.8,0,0,0
542.30,109.7,68.1,6886,75.0,3,-26.7,0,0,14652.7,38.1622349,-122.4561631,3.0,9.8,0,0,0
542.40,108.9,67.7,6902,81.0,3,-24.0,0,0,14655.4,38.1622339,-122.4561940,3.0,9.8,0,0,0
542.50,109.8,68.2,6924,83.0,3,-20.2,0,0,14658.1,38.1622326,-122.4562251,3.0,9.8,0,0,0
542.60,109.7,68.2,6940,83.5,3,-16.5,0,0,14660.8,38.1622306,-122.4562564,3.0,9.8,0,0,0
542.70,110.1,68.4,7048,81.0,3,-14.3,0,0,14663.6,38.1622282,-122.4562881,3.0,9.8,0,0,0
542.80,111.8,69.5,7164,77.0,3,-13.5,0,0,14666.4,38.1622257,-122.4563201,3.6,11.8,0,0,0
542.90,113.0,70.2,7028,67.5,3,-13.7,0,0,14669.3,38.1622229,-122.4563523,3.6,11.8,0,0,0
543.00,113.0,70.2,7053,58.0,3,-13.7,0,0,14672.1,38.1622197,-122.4563848,3.6,11.8,0,0,0
543.10,113.5,70.5,7200,56.5,3,-12.0,0,0,14675.0,38.1622162,-122.4564176,3.6,11.8,0,0,0
543.20,116.2,72.2,7453,64.5,3,-11.1,0,0,14677.9,38.1622124,-122.4564508,3.6,11.8,0,0,0
543.30,118.7,73.7,7510,72.0,3,-10.9,0,0,14680.9,38.1622082,-122.4564839,3.6,11.8,0,0,0
543.40,117.4,73.0,7762,75.5,3,-10.3,0,0,14683.8,38.1622040,-122.4565171,3.6,11.8,0,0,0
543.50,118.9,73.9,7456,70.5,3,-9.5,0,0,14686.8,38.1621997,-122.4565504,3.6,11.8,0,0,0
543.60,117.2,72.8,7412,73.0,3,-9.2,0,0,14689.8,38.1621952,-122.4565841,3.6,11.8,0,0,0
543.70,118.1,73.4,7502,73.5,3,-9.1,0,0,14692.8,38.1621906,-122.4566183,3.6,11.8,0,0,0
543.80,120.2,74.7,7613,73.5,3,-9.3,0,0,14695.9,38.1621856,-122.4566528,4.4,14.4,0,0,0
543.90,120.8,75.1,7640,73.5,3,-9.2,0,0,14698.9,38.1621802,-122.4566873,4.4,14.4,0,0,0
544.00,121.4,75.4,7570,79.0,3,-8.8,0,0,14702.0,38.1621747,-122.4567221,4.4,14.4,0,0,0
544.10,121.5,75.5,7748,81.5,3,-9.1,0,0,14705.2,38.1621689,-122.4567571,4.4,14.4,0,0,0
544.20,124.0,77.1,7837,75.0,3,-9.4,0,0,14708.3,38.1621630,-122.4567923,4.4,14.4,0,0,0
544.30,124.9,77.6,7897,75.0,3,-9.5,0,0,14711.5,38.1621569,-122.4568278,4.4,14.4,0,0,0
544.40,125.9,78.2,8001,74.5,3,-9.6,0,0,14714.7,38.1621506,-122.4568633,4.4,14.4,0,0,0
544.50,127.0,78.9,8043,73.0,3,-9.5,0,0,14717.9,38.1621439,-122.4568991,4.4,14.4,0,0,0
544.60,127.4,79.1,8082,73.0,3,-9.3,0,0,14721.1,38.1621369,-122.4569353,4.4,14.4,0,0,0
544.70,128.7,80.0,8186,73.0,3,-9.7,0,0,14724.4,38.1621297,-122.4569718,4.4,14.4,0,0,0
544.80,129.9,80.7,8272,73.0,3,-10.7,0,0,14727.7,38.1621222,-122.4570083,6.2,20.3,0,0,0
544.90,131.1,81.5,8306,72.5,3,-11.8,0,0,14731.1,38.1621147,-122.4570451,6.2,20.3,0,0,0
545.00,132.7,82.5,8355,63.5,3,-12.6,0,0,14734.4,38.1621069,-122.4570823,6.2,20.3,0,0,0
545.10,133.1,82.7,8359,53.0,3,-13.3,0,0,14737.8,38.1620989,-122.4571197,6.2,20.3,0,0,0
545.20,132.0,82.0,8331,46.0,3,-14.3,0,0,14741.2,38.1620906,-122.4571570,6.2,20.3,0,0,0
545.30,131.8,81.9,8406,51.0,3,-16.0,0,0,14744.6,38.1620819,-122.4571942,6.2,20.3,0,0,0
545.40,132.8,82.5,8425,56.0,3,-18.3,0,0,14748.0,38.1620729,-122.4572314,6.2,20.3,0,0,0
545.50,133.9,83.2,8461,54.5,3,-20.7,0,0,14751.4,38.1620637,-122.4572682,6.2,20.3,0,0,0
545.60,134.5,83.6,8465,48.0,3,-22.9,0,0,14754.8,38.1620542,-122.4573050,6.2,20.3,0,0,0
545.70,134.7,83.7,8475,44.0,3,-25.2,0,0,14758.1,38.1620444,-122.4573416,6.2,20.3,0,0,0
545.80,134.5,83.6,8453,37.5,3,-26.8,0,0,14761.5,38.1620341,-122.4573779,8.5,27.9,0,0,0
545.90,134.0,83.3,8411,35.0,3,-27.4,0,0,14764.9,38.1620234,-122.4574139,8.5,27.9,0,0,0
546.00,134.2,83.4,8430,34.5,3,-28.2,0,0,14768.2,38.1620121,-122.4574496,8.5,27.9,0,0,0
546.10,134.3,83.5,8463,32.0,3,-29.7,0,0,14771.6,38.1620004,-122.4574849,8.5,27.9,0,0,0
546.20,134.1,83.3,8442,36.0,3,-31.0,0,0,14774.9,38.1619881,-122.4575196,8.5,27.9,0,0,0
546.30,133.5,82.9,8333,37.0,3,-31.6,0,0,14778.2,38.1619753,-122.4575539,8.5,27.9,0,0,0
546.40,132.8,82.5,8288,41.5,3,-31.9,0,0,14781.5,38.1619619,-122.4575876,8.5,27.9,0,0,0
546.50,132.3,82.2,8278,41.0,3,-32.0,0,0,14784.8,38.1619479,-122.4576208,8.5,27.9,0,0,0
546.60,131.4,81.7,8256,42.5,3,-32.1,0,0,14788.1,38.1619336,-122.4576533,8.5,27.9,0,0,0
546.70,131.2,81.5,8228,40.5,3,-31.9,0,0,14791.3,38.1619186,-122.4576852,8.5,27.9,0,0,0
546.80,130.7,81.2,8199,39.5,3,-31.8,0,0,14794.6,38.1619032,-122.4577166,12.5,41.0,0,0,0
546.90,130.3,81.0,8168,40.0,3,-31.7,0,0,14797.8,38.1618874,-122.4577476,12.5,41.0,0,0,0
547.00,129.6,80.5,8139,44.5,3,-31.6,0,0,14801.0,38.1618712,-122.4577782,12.5,41.0,0,0,0
547.10,130.1,80.8,8157,43.0,3,-31.9,0,0,14804.3,38.1618550,-122.4578087,12.5,41.0,0,0,0
547.20,129.2,80.3,8139,41.5,3,-32.1,0,0,14807.5,38.1618386,-122.4578389,12.5,41.0,0,0,0
547.30,128.7,80.0,8067,40.0,3,-32.7,0,0,14810.7,38.1618216,-122.4578690,12.5,41.0,0,0,0
547.40,128.2,79.7,8035,32.5,3,-33.5,0,0,14814.0,38.1618039,-122.4578988,12.5,41.0,0,0,0
547.50,128.2,79.6,7948,24.0,3,-33.7,0,0,14817.2,38.1617860,-122.4579275,12.5,41.0,0,0,0
547.60,126.3,78.5,7866,26.0,3,-33.5,0,0,14820.2,38.1617680,-122.4579541,12.5,41.0,0,0,0
547.70,125.2,77.8,7862,28.0,3,-32.8,0,0,14823.2,38.1617499,-122.4579792,12.5,41.0,0,0,0
547.80,125.1,77.7,7827,30.5,3,-32.6,0,0,14826.2,38.1617316,-122.4580039,16.4,53.8,0,0,0
547.90,124.1,77.1,7686,30.5,3,-32.2,0,0,14829.2,38.1617129,-122.4580283,16.4,53.8,0,0,0
548.00,121.8,75.7,7588,14.0,3,-31.2,0,0,14832.1,38.1616939,-122.4580518,16.4,53.8,0,0,0
548.10,120.5,74.9,7041,0.0,3,-30.4,0,0,14835.0,38.1616747,-122.4580746,16.4,53.8,0,0,0
548.20,115.0,71.5,7289,0.0,3,-28.8,0,0,14837.9,38.1616552,-122.4580966,16.4,53.8,0,0,0
548.30,115.7,71.9,7172,0.0,3,-26.9,0,0,14840.8,38.1616357,-122.4581179,16.4,53.8,0,0,0
548.40,113.8,70.7,7069,0.0,3,-24.4,0,0,14843.6,38.1616159,-122.4581386,16.4,53.8,0,0,0
548.50,112.2,69.7,6937,0.0,3,-22.2,0,0,14846.5,38.1615959,-122.4581588,16.4,53.8,0,0,0
548.60,110.1,68.4,6842,0.0,3,-20.7,0,0,14849.3,38.1615757,-122.4581783,16.4,53.8,0,0,0
548.70,108.5,67.4,6711,0.0,3,-20.4,0,0,14852.1,38.1615553,-122.4581969,16.4,53.8,0,0,0
548.80,106.8,66.3,6614,0.0,3,-19.7,0,0,14854.8,38.1615351,-122.4582150,21.2,69.6,0,0,0
548.90,105.0,65.2,6459,0.0,3,-18.5,0,0,14857.6,38.1615149,-122.4582329,21.2,69.6,0,0,0
549.00,102.6,63.8,6303,0.0,3,-15.2,0,0,14860.3,38.1614948,-122.4582506,21.2,69.6,0,0,0
549.10,100.0,62.1,6771,0.0,3,-11.1,0,0,14863.0,38.1614747,-122.4582679,21.2,69.6,0,0,0
549.20,98.8,61.4,7778,0.0,2,-6.3,0,0,14865.6,38.1614551,-122.4582846,21.2,69.6,0,0,0
549.30,96.6,60.0,7642,0.0,2,-0.9,0,0,14868.2,38.1614361,-122.4583009,21.2,69.6,0,0,0
549.40,95.7,59.5,7031,0.0,2,3.8,0,0,14870.7,38.1614174,-122.4583169,21.2,69.6,0,0,0
549.50,93.7,58.2,7241,0.0,2,7.9,0,0,14873.1,38.1613991,-122.4583327,21.2,69.6,0,0,0
549.60,91.7,57.0,7119,0.0,2,11.0,0,0,14875.6,38.1613811,-122.4583483,21.2,69.6,0,0,0
549.70,90.3,56.1,7044,0.0,2,13.3,0,0,14878.0,38.1613634,-122.4583641,21.2,69.6,0,0,0
549.80,89.4,55.6,6954,0.0,2,15.8,0,0,14880.3,38.1613461,-122.4583799,25.0,82.0,0,0,0
549.90,88.5,55.0,6893,0.0,2,18.0,0,0,14882.6,38.1613294,-122.4583957,25.0,82.0,0,0,0
550.00,87.2,54.2,6802,0.0,2,20.2,0,0,14884.9,38.1613131,-122.4584113,25.0,82.0,0,0,0
550.10,86.4,53.7,6723,0.0,2,22.2,0,0,14887.1,38.1612974,-122.4584271,25.0,82.0,0,0,0
550.20,85.3,53.0,6637,0.0,2,24.2,0,0,14889.3,38.1612821,-122.4584433,25.0,82.0,0,0,0
550.30,84.4,52.4,6546,0.0,2,25.8,0,0,14891.5,38.1612674,-122.4584597,25.0,82.0,0,0,0
550.40,83.3,51.8,6559,10.0,2,27.4,0,0,14893.6,38.1612534,-122.4584760,25.0,82.0,0,0,0
550.50,83.2,51.7,6454,10.5,2,28.7,0,0,14895.7,38.1612398,-122.4584924,25.0,82.0,0,0,0
550.60,82.6,51.3,6487,14.5,2,29.9,0,0,14897.8,38.1612267,-122.4585091,25.0,82.0,0,0,0
550.70,81.4,50.6,6724,22.5,2,31.2,0,0,14899.8,38.1612141,-122.4585260,25.0,82.0,0,0,0
550.80,83.9,52.2,6477,23.0,2,32.1,0,0,14901.8,38.1612021,-122.4585431,27.9,91.5,0,0,0
550.90,81.6,50.7,6406,23.0,2,32.7,0,0,14903.8,38.1611904,-122.4585604,27.9,91.5,0,0,0
551.00,81.1,50.4,6325,22.5,2,33.1,0,0,14905.8,38.1611791,-122.4585781,27.9,91.5,0,0,0
551.10,80.9,50.2,6349,19.0,2,34.3,0,0,14907.8,38.1611684,-122.4585961,27.9,91.5,0,0,0
551.20,80.7,50.1,6329,20.0,2,35.3,0,0,14909.7,38.1611581,-122.4586143,27.9,91.5,0,0,0
551.30,80.3,49.9,6323,22.0,2,36.0,0,0,14911.7,38.1611484,-122.4586328,27.9,91.5,0,0,0
551.40,79.5,49.4,6278,28.5,2,35.9,0,0,14913.6,38.1611394,-122.4586516,27.9,91.5,0,0,0
551.50,80.6,50.1,6336,32.0,2,35.9,0,0,14915.5,38.1611311,-122.4586708,27.9,91.5,0,0,0
551.60,80.5,50.0,6308,32.0,2,35.5,0,0,14917.4,38.1611231,-122.4586903,27.9,91.5,0,0,0
551.70,80.1,49.8,6248,34.5,2,35.4,0,0,14919.4,38.1611154,-122.4587101,27.9,91.5,0,0,0
551.80,79.7,49.5,6296,34.5,2,35.5,0,0,14921.3,38.1611084,-122.4587300,31.1,102.0,0,0,0
551.90,80.5,50.0,6258,26.0,2,35.6,0,0,14923.2,38.1611021,-122.4587501,31.1,102.0,0,0,0
552.00,79.7,49.5,6241,26.0,2,35.9,0,0,14925.1,38.1610964,-122.4587704,31.1,102.0,0,0,0
552.10,79.7,49.5,6246,26.5,2,36.6,0,0,14927.0,38.1610911,-122.4587911,31.1,102.0,0,0,0
552.20,79.9,49.6,6297,33.0,2,37.5,0,0,14928.9,38.1610861,-122.4588120,31.1,102.0,0,0,0
552.30,80.2,49.8,6324,34.0,2,38.1,0,0,14930.8,38.1610817,-122.4588331,31.1,102.0,0,0,0
552.40,81.0,50.3,6355,34.0,2,38.3,0,0,14932.7,38.1610781,-122.4588543,31.1,102.0,0,0,0
552.50,80.7,50.2,6379,35.0,2,38.4,0,0,14934.6,38.1610751,-122.4588758,31.1,102.0,0,0,0
552.60,80.9,50.2,6378,36.0,2,38.5,0,0,14936.5,38.1610724,-122.4588973,31.1,102.0,0,0,0
552.70,81.1,50.4,6420,38.0,2,38.9,0,0,14938.4,38.1610704,-122.4589191,31.1,102.0,0,0,0
552.80,81.8,50.8,6453,38.5,2,39.5,0,0,14940.3,38.1610691,-122.4589410,33.3,109.3,0,0,0
552.90,81.7,50.8,6479,39.0,2,39.7,0,0,14942.3,38.1610684,-122.4589630,33.3,109.3,0,0,0
553.00,82.0,50.9,6500,40.5,2,39.1,0,0,14944.2,38.1610681,-122.4589850,33.3,109.3,0,0,0
553.10,83.1,51.6,6607,47.0,2,38.0,0,0,14946.1,38.1610684,-122.4590071,33.3,109.3,0,0,0
553.20,83.7,52.0,6654,52.0,2,37.1,0,0,14948.1,38.1610694,-122.4590293,33.3,109.3,0,0,0
553.30,84.5,52.5,6751,55.0,2,36.7,0,0,14950.0,38.1610711,-122.4590518,33.3,109.3,0,0,0
553.40,85.8,53.3,6724,57.5,2,37.0,0,0,14952.0,38.1610734,-122.4590743,33.3,109.3,0,0,0
553.50,86.2,53.5,6974,63.0,2,37.3,0,0,14954.0,38.1610761,-122.4590971,33.3,109.3,0,0,0
553.60,88.0,54.7,7028,62.5,2,37.3,0,0,14956.1,38.1610794,-122.4591200,33.3,109.3,0,0,0
553.70,89.2,55.5,7081,63.5,2,37.3,0,0,14958.1,38.1610834,-122.4591431,33.3,109.3,0,0,0
553.80,90.1,56.0,7207,65.5,2,36.9,0,0,14960.2,38.1610881,-122.4591663,34.2,112.2,0,0,0
553.90,91.8,57.0,7309,68.0,2,35.8,0,0,14962.4,38.1610934,-122.4591898,34.2,112.2,0,0,0
554.00,93.5,58.1,7439,72.5,2,34.4,0,0,14964.5,38.1610995,-122.4592133,34.2,112.2,0,0,0
554.10,94.1,58.5,7548,74.0,2,33.0,0,0,14966.8,38.1611064,-122.4592371,34.2,112.2,0,0,0
554.20,96.0,59.7,7663,74.5,2,31.9,0,0,14969.0,38.1611141,-122.4592613,34.2,112.2,0,0,0
554.30,97.3,60.5,7789,74.5,2,31.3,0,0,14971.4,38.1611224,-122.4592857,34.2,112.2,0,0,0
554.40,98.9,61.5,7954,76.0,2,31.0,0,0,14973.7,38.1611311,-122.4593100,34.2,112.2,0,0,0
554.50,100.5,62.4,8080,76.5,2,30.9,0,0,14976.1,38.1611404,-122.4593344,34.2,112.2,0,0,0
554.60,103.0,64.0,8224,77.0,2,30.2,0,0,14978.5,38.1611504,-122.4593591,34.2,112.2,0,0,0
554.70,104.3,64.8,8388,78.5,2,29.2,0,0,14981.0,38.1611611,-122.4593840,34.2,112.2,0,0,0
554.80,105.8,65.7,8528,78.5,2,28.3,0,0,14983.5,38.1611724,-122.4594090,35.1,115.2,0,0,0
554.90,108.3,67.3,8699,77.0,2,28.0,0,0,14986.1,38.1611844,-122.4594341,35.1,115.2,0,0,0
555.00,110.3,68.5,8651,67.0,2,27.9,0,0,14988.7,38.1611971,-122.4594594,35.1,115.2,0,0,0
555.10,110.1,68.4,8744,66.0,2,27.6,0,0,14991.4,38.1612104,-122.4594850,35.1,115.2,0,0,0
555.20,112.0,69.6,8934,67.0,2,28.0,0,0,14994.1,38.1612241,-122.4595107,35.1,115.2,0,0,0
555.30,113.5,70.5,9053,67.5,2,28.7,0,0,14996.8,38.1612381,-122.4595363,35.1,115.2,0,0,0
555.40,115.0,71.5,9122,67.5,2,28.8,0,0,14999.6,38.1612524,-122.4595620,35.1,115.2,0,0,0
555.50,116.5,72.4,9277,69.0,2,28.4,0,0,15002.4,38.1612674,-122.4595877,35.1,115.2,0,0,0
555.60,116.4,72.3,7479,77.0,2,28.1,0,0,15005.2,38.1612831,-122.4596132,35.1,115.2,0,0,0
555.70,117.7,73.1,7459,83.5,3,27.0,0,0,15008.0,38.1612991,-122.4596387,35.1,115.2,0,0,0
555.80,117.6,73.1,7474,94.5,3,25.8,0,0,15010.9,38.1613154,-122.4596639,36.0,118.1,0,0,0
555.90,118.8,73.8,7555,99.0,3,25.5,0,0,15013.8,38.1613324,-122.4596890,36.0,118.1,0,0,0
556.00,120.0,74.6,7605,100.0,3,25.1,0,0,15016.7,38.1613501,-122.4597140,36.0,118.1,0,0,0
556.10,121.5,75.5,7657,100.0,3,24.5,0,0,15019.7,38.1613681,-122.4597390,36.0,118.1,0,0,0
556.20,121.3,75.4,7697,100.0,3,23.4,0,0,15022.7,38.1613864,-122.4597640,36.0,118.1,0,0,0
556.30,121.9,75.7,7750,100.0,3,21.9,0,0,15025.7,38.1614051,-122.4597890,36.0,118.1,0,0,0
556.40,123.2,76.6,7811,100.0,3,20.4,0,0,15028.8,38.1614244,-122.4598140,36.0,118.1,0,0,0
556.50,123.8,76.9,7866,100.0,3,19.4,0,0,15031.9,38.1614441,-122.4598390,36.0,118.1,0,0,0
556.60,124.9,77.6,7924,100.0,3,18.4,0,0,15035.0,38.1614641,-122.4598640,36.0,118.1,0,0,0
556.70,125.2,77.8,7951,100.0,3,17.1,0,0,15038.1,38.1614844,-122.4598890,36.0,118.1,0,0,0
556.80,125.8,78.2,8013,100.0,3,15.9,0,0,15041.3,38.1615051,-122.4599140,36.9,121.1,0,0,0
556.90,127.4,79.2,8135,100.0,3,14.8,0,0,15044.5,38.1615264,-122.4599390,36.9,121.1,0,0,0
557.00,128.5,79.8,8173,100.0,3,14.0,0,0,15047.8,38.1615481,-122.4599640,36.9,121.1,0,0,0
557.10,129.7,80.6,8242,97.5,3,13.3,0,0,15051.0,38.1615701,-122.4599890,36.9,121.1,0,0,0
557.20,131.0,81.4,8359,95.0,3,13.0,0,0,15054.4,38.1615923,-122.4600141,36.9,121.1,0,0,0
557.30,132.4,82.3,8465,91.5,3,12.7,0,0,15057.7,38.1616148,-122.4600393,36.9,121.1,0,0,0
557.40,133.7,83.1,8530,89.0,3,12.1,0,0,15061.1,38.1616376,-122.4600648,36.9,121.1,0,0,0
557.50,135.1,84.0,8602,84.0,3,11.6,0,0,15064.5,38.1616608,-122.4600903,36.9,121.1,0,0,0
557.60,136.4,84.7,8656,78.5,3,11.2,0,0,15067.9,38.1616844,-122.4601161,36.9,121.1,0,0,0
557.70,137.2,85.3,8535,59.0,3,10.5,0,0,15071.4,38.1617084,-122.4601420,36.9,121.1,0,0,0
557.80,136.3,84.7,7952,0.0,3,10.1,0,0,15075.0,38.1617328,-122.4601679,36.9,121.1,0,0,0
557.90,132.6,82.4,8352,0.0,3,9.2,0,0,15078.5,38.1617572,-122.4601936,36.9,121.1,0,0,0
558.00,132.4,82.2,8272,0.0,3,8.8,0,0,15082.0,38.1617817,-122.4602189,36.9,121.1,0,0,0
558.10,131.6,81.8,8206,0.0,3,8.8,0,0,15085.5,38.1618059,-122.4602436,36.9,121.1,0,0,0
558.20,130.9,81.4,8166,0.0,3,9.3,0,0,15088.9,38.1618300,-122.4602679,36.9,121.1,0,0,0
558.30,129.7,80.6,8108,0.0,3,9.6,0,0,15092.3,38.1618540,-122.4602920,36.9,121.1,0,0,0
558.40,128.7,80.0,8009,0.0,3,9.2,0,0,15095.7,38.1618780,-122.4603159,36.9,121.1,0,0,0
558.50,127.2,79.1,7924,0.0,3,8.1,0,0,15099.0,38.1619020,-122.4603393,36.9,121.1,0,0,0
558.60,126.3,78.5,7854,0.0,3,7.1,0,0,15102.4,38.1619260,-122.4603622,36.9,121.1,0,0,0
558.70,125.0,77.6,7784,0.0,3,6.4,0,0,15105.7,38.1619499,-122.4603846,36.9,121.1,0,0,0
558.80,123.9,77.0,7692,0.0,3,6.2,0,0,15108.9,38.1619736,-122.4604066,36.5,119.8,0,0,0
558.90,122.7,76.3,7642,0.0,3,4.7,0,0,15112.1,38.1619970,-122.4604282,36.5,119.8,0,0,0
559.00,121.4,75.4,7547,0.0,3,2.7,0,0,15115.3,38.1620203,-122.4604498,36.5,119.8,0,0,0
559.10,119.9,74.5,7476,0.0,3,0.7,0,0,15118.5,38.1620436,-122.4604712,36.5,119.8,0,0,0
559.20,119.0,74.0,7439,0.0,3,-1.9,0,0,15121.7,38.1620666,-122.4604927,36.5,119.8,0,0,0
559.30,118.5,73.6,7375,0.0,3,-4.2,0,0,15124.8,38.1620892,-122.4605139,36.5,119.8,0,0,0
559.40,117.1,72.7,7326,0.0,3,-6.5,0,0,15127.9,38.1621117,-122.4605350,36.5,119.8,0,0,0
559.50,116.7,72.5,7282,0.0,3,-9.3,0,0,15131.0,38.1621339,-122.4605560,36.5,119.8,0,0,0
559.60,115.7,71.9,7207,0.0,3,-11.5,0,0,15134.1,38.1621559,-122.4605771,36.5,119.8,0,0,0
559.70,115.2,71.6,7205,0.0,3,-13.4,0,0,15137.1,38.1621776,-122.4605983,36.5,119.8,0,0,0
559.80,114.6,71.2,7163,0.0,3,-15.1,0,0,15140.1,38.1621989,-122.4606197,35.7,117.1,0,0,0
559.90,114.0,70.8,7138,0.0,3,-16.0,0,0,15143.1,38.1622197,-122.4606410,35.7,117.1,0,0,0
560.00,113.7,70.6,7094,0.0,3,-16.6,0,0,15146.1,38.1622402,-122.4606624,35.7,117.1,0,0,0
560.10,113.0,70.2,7066,0.0,3,-18.8,0,0,15149.0,38.1622606,-122.4606841,35.7,117.1,0,0,0
560.20,112.5,69.9,7061,0.0,3,-21.6,0,0,15152.0,38.1622806,-122.4607060,35.7,117.1,0,0,0
560.30,112.4,69.9,7053,0.0,3,-23.7,0,0,15154.8,38.1622999,-122.4607281,35.7,117.1,0,0,0
560.40,111.7,69.4,6993,0.0,3,-25.4,0,0,15157.7,38.1623189,-122.4607503,35.7,117.1,0,0,0
560.50,111.6,69.3,6954,2.5,3,-26.7,0,0,15160.6,38.1623376,-122.4607728,35.7,117.1,0,0,0
560.60,110.5,68.7,7049,11.0,3,-27.5,0,0,15163.4,38.1623558,-122.4607954,35.7,117.1,0,0,0
560.70,111.2,69.1,6959,5.0,3,-27.9,0,0,15166.2,38.1623733,-122.4608184,35.7,117.1,0,0,0
560.80,110.5,68.7,7021,16.5,3,-28.4,0,0,15169.0,38.1623902,-122.4608421,34.5,113.2,0,0,0
560.90,110.3,68.5,6899,19.0,3,-28.8,0,0,15171.8,38.1624066,-122.4608660,34.5,113.2,0,0,0
561.00,109.8,68.2,6906,18.5,3,-29.1,0,0,15174.5,38.1624226,-122.4608901,34.5,113.2,0,0,0
561.10,109.5,68.0,6837,18.0,3,-29.3,0,0,15177.3,38.1624379,-122.4609144,34.5,113.2,0,0,0
561.20,108.9,67.7,6850,19.0,3,-29.6,0,0,15180.0,38.1624526,-122.4609391,34.5,113.2,0,0,0
561.30,108.7,67.6,6803,21.5,3,-29.9,0,0,15182.7,38.1624669,-122.4609644,34.5,113.2,0,0,0
561.40,108.2,67.2,6775,23.0,3,-30.4,0,0,15185.4,38.1624806,-122.4609901,34.5,113.2,0,0,0
561.50,107.7,66.9,6834,28.0,3,-31.1,0,0,15188.1,38.1624936,-122.4610164,34.5,113.2,0,0,0
561.60,108.2,67.2,6831,35.0,3,-32.4,0,0,15190.8,38.1625059,-122.4610431,34.5,113.2,0,0,0
561.70,108.7,67.6,6834,36.0,3,-33.9,0,0,15193.5,38.1625176,-122.4610701,34.5,113.2,0,0,0
561.80,108.5,67.4,6825,41.5,3,-34.2,0,0,15196.2,38.1625288,-122.4610974,34.9,114.5,0,0,0
561.90,108.6,67.5,6934,49.5,3,-34.0,0,0,15198.9,38.1625392,-122.4611254,34.9,114.5,0,0,0
562.00,109.7,68.2,6940,48.0,3,-33.9,0,0,15201.6,38.1625486,-122.4611538,34.9,114.5,0,0,0
562.10,110.4,68.6,6929,46.0,3,-34.2,0,0,15204.3,38.1625572,-122.4611823,34.9,114.5,0,0,0
562.20,109.9,68.3,6858,45.0,3,-33.9,0,0,15207.0,38.1625653,-122.4612111,34.9,114.5,0,0,0
562.30,109.1,67.8,6894,46.0,3,-33.7,0,0,15209.6,38.1625728,-122.4612400,34.9,114.5,0,0,0
562.40,109.3,67.9,6893,47.0,3,-33.7,0,0,15212.3,38.1625796,-122.4612690,34.9,114.5,0,0,0
562.50,108.8,67.6,6897,53.5,3,-33.8,0,0,15214.9,38.1625859,-122.4612980,34.9,114.5,0,0,0
562.60,110.0,68.3,6901,58.5,3,-33.7,0,0,15217.5,38.1625916,-122.4613271,34.9,114.5,0,0,0
562.70,110.4,68.6,6932,59.0,3,-33.7,0,0,15220.1,38.1625965,-122.4613564,34.9,114.5,0,0,0
562.80,110.6,68.8,6922,54.5,3,-33.1,0,0,15222.8,38.1626006,-122.4613861,37.7,123.7,0,0,0
562.90,109.9,68.3,6881,51.5,3,-31.6,0,0,15225.4,38.1626042,-122.4614161,37.7,123.7,0,0,0
563.00,109.5,68.0,6806,50.5,3,-29.2,0,0,15228.1,38.1626073,-122.4614464,37.7,123.7,0,0,0
563.10,107.8,67.0,6715,46.0,3,-25.7,0,0,15230.8,38.1626098,-122.4614771,37.7,123.7,0,0,0
563.20,107.1,66.5,6656,40.0,3,-21.9,0,0,15233.5,38.1626116,-122.4615079,37.7,123.7,0,0,0
563.30,105.6,65.6,6577,38.0,3,-18.2,0,0,15236.2,38.1626129,-122.4615387,37.7,123.7,0,0,0
563.40,104.8,65.1,6528,34.5,3,-14.4,0,0,15238.9,38.1626137,-122.4615693,37.7,123.7,0,0,0
563.50,104.1,64.7,6497,34.0,3,-9.7,0,0,15241.6,38.1626142,-122.4616000,37.7,123.7,0,0,0
563.60,103.1,64.1,6479,33.5,3,-6.0,0,0,15244.2,38.1626147,-122.4616307,37.7,123.7,0,0,0
563.70,102.8,63.9,6383,27.0,3,-1.2,0,0,15246.9,38.1626150,-122.4616612,37.7,123.7,0,0,0
563.80,102.0,63.4,6413,18.5,3,5.8,0,0,15249.6,38.1626154,-122.4616917,41.1,134.8,0,0,0
563.90,101.8,63.2,6391,17.0,3,13.5,0,0,15252.2,38.1626161,-122.4617219,41.1,134.8,0,0,0
564.00,101.7,63.2,6390,12.0,3,20.9,0,0,15254.8,38.1626170,-122.4617519,41.1,134.8,0,0,0
564.10,102.1,63.4,6398,16.0,3,27.1,0,0,15257.4,38.1626181,-122.4617816,41.1,134.8,0,0,0
564.20,102.0,63.4,6532,21.5,3,31.0,0,0,15260.0,38.1626194,-122.4618109,41.1,134.8,0,0,0
564.30,102.6,63.7,6455,24.0,3,33.0,0,0,15262.5,38.1626212,-122.4618399,41.1,134.8,0,0,0
564.40,102.5,63.7,6435,25.0,3,34.4,0,0,15265.1,38.1626237,-122.4618686,41.1,134.8,0,0,0
564.50,102.1,63.4,6441,29.0,3,35.3,0,0,15267.6,38.1626268,-122.4618969,41.1,134.8,0,0,0
564.60,102.0,63.4,6402,32.0,3,35.5,0,0,15270.1,38.1626304,-122.4619249,41.1,134.8,0,0,0
564.70,101.7,63.2,6361,32.5,3,35.6,0,0,15272.5,38.1626345,-122.4619527,41.1,134.8,0,0,0
564.80,101.3,63.0,6356,35.0,3,35.8,0,0,15275.0,38.1626394,-122.4619802,43.9,144.0,0,0,0
564.90,101.6,63.1,6381,37.5,3,36.3,0,0,15277.5,38.1626451,-122.4620076,43.9,144.0,0,0,0
565.00,101.4,63.0,6435,40.5,3,37.1,0,0,15279.9,38.1626511,-122.4620346,43.9,144.0,0,0,0
565.10,102.3,63.6,6393,38.0,3,37.9,0,0,15282.4,38.1626577,-122.4620612,43.9,144.0,0,0,0
565.20,102.4,63.6,6423,38.0,3,38.7,0,0,15284.8,38.1626648,-122.4620877,43.9,144.0,0,0,0
565.30,101.7,63.2,6362,38.0,3,39.4,0,0,15287.2,38.1626724,-122.4621139,43.9,144.0,0,0,0
565.40,101.7,63.2,6452,40.5,3,39.6,0,0,15289.7,38.1626805,-122.4621400,43.9,144.0,0,0,0
565.50,102.8,63.9,6430,41.5,3,39.7,0,0,15292.2,38.1626894,-122.4621659,43.9,144.0,0,0,0
565.60,101.9,63.3,6531,54.0,3,39.8,0,0,15294.6,38.1626991,-122.4621913,43.9,144.0,0,0,0
565.70,104.0,64.6,6566,54.5,3,40.2,0,0,15297.1,38.1627091,-122.4622162,43.9,144.0,0,0,0
565.80,104.1,64.7,6591,56.0,3,40.6,0,0,15299.5,38.1627194,-122.4622410,46.3,151.9,0,0,0
565.90,104.5,65.0,6630,57.5,3,40.5,0,0,15302.0,38.1627305,-122.4622656,46.3,151.9,0,0,0
566.00,105.3,65.4,6683,60.0,3,40.2,0,0,15304.5,38.1627424,-122.4622899,46.3,151.9,0,0,0
566.10,106.5,66.2,6725,61.5,3,39.9,0,0,15307.1,38.1627551,-122.4623140,46.3,151.9,0,0,0
566.20,107.0,66.5,6800,66.0,3,39.7,0,0,15309.6,38.1627681,-122.4623379,46.3,151.9,0,0,0
566.30,108.5,67.4,6964,73.5,3,39.3,0,0,15312.1,38.1627814,-122.4623616,46.3,151.9,0,0,0
566.40,109.6,68.1,6935,77.5,3,38.6,0,0,15314.7,38.1627955,-122.4623849,46.3,151.9,0,0,0
566.50,110.3,68.5,6942,79.5,3,37.0,0,0,15317.3,38.1628104,-122.4624080,46.3,151.9,0,0,0
566.60,110.4,68.6,7015,81.5,3,35.3,0,0,15320.0,38.1628261,-122.4624309,46.3,151.9,0,0,0
566.70,111.4,69.2,7064,81.5,3,34.1,0,0,15322.7,38.1628424,-122.4624536,46.3,151.9,0,0,0
566.80,112.5,69.9,7169,81.5,3,33.5,0,0,15325.4,38.1628591,-122.4624759,47.5,155.8,0,0,0
566.90,114.3,71.0,7231,82.5,3,33.0,0,0,15328.1,38.1628764,-122.4624980,47.5,155.8,0,0,0
567.00,114.9,71.4,7270,84.0,3,32.1,0,0,15330.8,38.1628941,-122.4625200,47.5,155.8,0,0,0
567.10,116.2,72.2,7352,83.5,3,30.9,0,0,15333.6,38.1629124,-122.4625420,47.5,155.8,0,0,0
567.20,116.8,72.6,7397,81.0,3,29.6,0,0,15336.5,38.1629311,-122.4625640,47.5,155.8,0,0,0
567.30,118.0,73.3,7448,76.5,3,28.2,0,0,15339.4,38.1629504,-122.4625860,47.5,155.8,0,0,0
567.40,118.4,73.6,7478,76.5,3,25.9,0,0,15342.3,38.1629701,-122.4626080,47.5,155.8,0,0,0
567.50,118.9,73.9,7465,70.5,3,23.0,0,0,15345.2,38.1629903,-122.4626301,47.5,155.8,0,0,0
567.60,118.8,73.8,7359,48.5,3,19.8,0,0,15348.2,38.1630108,-122.4626522,47.5,155.8,0,0,0
567.70,117.4,73.0,6862,0.0,3,16.4,0,0,15351.2,38.1630316,-122.4626743,47.5,155.8,0,0,0
567.80,115.2,71.6,7113,0.0,3,14.3,0,0,15354.3,38.1630528,-122.4626959,46.9,153.9,0,0,0
567.90,113.7,70.7,7140,0.0,3,13.8,0,0,15357.2,38.1630739,-122.4627170,46.9,153.9,0,0,0
568.00,113.2,70.3,7066,0.0,3,12.5,0,0,15360.2,38.1630951,-122.4627380,46.9,153.9,0,0,0
568.10,112.5,69.9,7074,0.0,3,10.6,0,0,15363.2,38.1631163,-122.4627590,46.9,153.9,0,0,0
568.20,112.4,69.9,7034,0.0,3,9.6,0,0,15366.2,38.1631377,-122.4627799,46.9,153.9,0,0,0
568.30,112.0,69.6,6958,0.0,3,8.3,0,0,15369.2,38.1631589,-122.4628006,46.9,153.9,0,0,0
568.40,110.7,68.8,6857,0.0,3,8.1,0,0,15372.1,38.1631800,-122.4628209,46.9,153.9,0,0,0
568.50,108.9,67.7,6772,0.0,3,7.9,0,0,15375.0,38.1632010,-122.4628409,46.9,153.9,0,0,0
568.60,107.6,66.9,7394,0.0,3,6.4,0,0,15378.0,38.1632220,-122.4628606,46.9,153.9,0,0,0
568.70,99.0,61.5,8427,0.0,2,5.7,0,0,15380.8,38.1632429,-122.4628799,46.9,153.9,0,0,0
568.80,106.2,66.0,8217,0.0,2,5.3,0,0,15383.7,38.1632636,-122.4628989,44.0,144.4,0,0,0
568.90,105.1,65.3,8113,0.0,2,4.2,0,0,15386.5,38.1632839,-122.4629176,44.0,144.4,0,0,0
569.00,103.0,64.0,7966,0.0,2,2.9,0,0,15389.2,38.1633040,-122.4629359,44.0,144.4,0,0,0
569.10,101.3,62.9,7893,0.0,2,2.2,0,0,15391.9,38.1633239,-122.4629539,44.0,144.4,0,0,0
569.20,100.3,62.3,7766,0.0,2,2.1,0,0,15394.6,38.1633436,-122.4629716,44.0,144.4,0,0,0
569.30,98.7,61.3,7762,0.0,2,2.5,0,0,15397.2,38.1633629,-122.4629889,44.0,144.4,0,0,0
569.40,98.0,60.9,7636,0.0,2,3.1,0,0,15399.8,38.1633820,-122.4630060,44.0,144.4,0,0,0
569.50,96.5,60.0,7498,0.0,2,3.8,0,0,15402.4,38.1634010,-122.4630229,44.0,144.4,0,0,0
569.60,95.3,59.2,7388,0.0,2,4.2,0,0,15405.0,38.1634199,-122.4630396,44.0,144.4,0,0,0
569.70,94.2,58.6,7339,0.0,2,4.1,0,0,15407.5,38.1634386,-122.4630559,44.0,144.4,0,0,0
569.80,93.2,57.9,7233,0.0,2,3.9,0,0,15409.9,38.1634569,-122.4630719,41.3,135.5,0,0,0
569.90,91.6,56.9,7143,0.0,2,3.7,0,0,15412.4,38.1634750,-122.4630876,41.3,135.5,0,0,0
570.00,90.6,56.3,7010,0.0,2,3.9,0,0,15414.8,38.1634929,-122.4631029,41.3,135.5,0,0,0
570.10,89.2,55.5,6932,0.0,2,4.0,0,0,15417.2,38.1635106,-122.4631180,41.3,135.5,0,0,0
570.20,87.9,54.6,6825,0.0,2,4.2,0,0,15419.5,38.1635279,-122.4631329,41.3,135.5,0,0,0
570.30,86.4,53.7,6731,0.0,2,4.3,0,0,15421.8,38.1635450,-122.4631476,41.3,135.5,0,0,0
570.40,84.9,52.8,6575,0.0,2,5.1,0,0,15424.0,38.1635619,-122.4631619,41.3,135.5,0,0,0
570.50,83.2,51.7,6491,0.0,2,5.8,0,0,15426.2,38.1635787,-122.4631756,41.3,135.5,0,0,0
570.60,81.9,50.9,6368,0.0,2,6.2,0,0,15428.4,38.1635952,-122.4631889,41.3,135.5,0,0,0
570.70,80.7,50.2,6253,0.0,2,6.8,0,0,15430.6,38.1636116,-122.4632020,41.3,135.5,0,0,0
570.80,79.3,49.3,6168,0.0,2,7.9,0,0,15432.7,38.1636276,-122.4632149,39.9,130.9,0,0,0
570.90,78.6,48.9,6109,0.0,2,8.4,0,0,15434.7,38.1636433,-122.4632277,39.9,130.9,0,0,0
571.00,77.6,48.2,6009,0.0,2,9.0,0,0,15436.8,38.1636590,-122.4632402,39.9,130.9,0,0,0
571.10,76.4,47.5,5930,0.0,2,10.4,0,0,15438.9,38.1636747,-122.4632526,39.9,130.9,0,0,0
571.20,75.4,46.9,5915,0.0,2,13.2,0,0,15440.9,38.1636902,-122.4632646,39.9,130.9,0,0,0
571.30,75.0,46.6,5856,0.0,2,17.2,0,0,15442.9,38.1637057,-122.4632759,39.9,130.9,0,0,0
571.40,74.4,46.2,5841,0.0,2,21.4,0,0,15444.8,38.1637209,-122.4632869,39.9,130.9,0,0,0
571.50,74.3,46.2,5816,0.0,2,24.0,0,0,15446.7,38.1637361,-122.4632976,39.9,130.9,0,0,0
571.60,74.1,46.0,5772,0.0,2,25.5,0,0,15448.7,38.1637513,-122.4633078,39.9,130.9,0,0,0
571.70,73.4,45.6,5695,0.0,2,26.3,0,0,15450.6,38.1637668,-122.4633173,39.9,130.9,0,0,0
571.80,72.6,45.1,5653,0.0,2,26.6,0,0,15452.4,38.1637822,-122.4633261,38.4,126.0,0,0,0
571.90,71.8,44.6,5636,0.0,2,26.8,0,0,15454.3,38.1637977,-122.4633343,38.4,126.0,0,0,0
572.00,71.5,44.4,5609,0.0,2,27.3,0,0,15456.1,38.1638130,-122.4633419,38.4,126.0,0,0,0
572.10,71.3,44.3,5586,0.0,2,28.6,0,0,15457.9,38.1638283,-122.4633489,38.4,126.0,0,0,0
572.20,71.0,44.1,5572,0.0,2,29.2,0,0,15459.8,38.1638438,-122.4633556,38.4,126.0,0,0,0
572.30,70.4,43.7,5504,0.0,2,29.1,0,0,15461.6,38.1638592,-122.4633615,38.4,126.0,0,0,0
572.40,69.8,43.4,5455,0.0,2,29.6,0,0,15463.3,38.1638747,-122.4633666,38.4,126.0,0,0,0
572.50,69.2,43.0,5394,0.0,2,29.4,0,0,15465.1,38.1638900,-122.4633709,38.4,126.0,0,0,0
572.60,68.7,42.7,5353,0.0,2,29.6,0,0,15466.8,38.1639053,-122.4633746,38.4,126.0,0,0,0
572.70,68.1,42.3,5333,0.0,2,29.5,0,0,15468.5,38.1639207,-122.4633776,38.4,126.0,0,0,0
572.80,67.7,42.1,5274,1.5,2,29.7,0,0,15470.3,38.1639360,-122.4633799,37.1,121.7,0,0,0
572.90,67.1,41.7,5251,5.5,2,29.8,0,0,15472.0,38.1639513,-122.4633816,37.1,121.7,0,0,0
573.00,67.2,41.8,5305,8.5,2,29.9,0,0,15473.7,38.1639667,-122.4633829,37.1,121.7,0,0,0
573.10,67.2,41.8,5274,8.5,2,30.7,0,0,15475.4,38.1639819,-122.4633836,37.1,121.7,0,0,0
573.20,67.2,41.8,5356,15.5,2,32.2,0,0,15477.0,38.1639970,-122.4633836,37.1,121.7,0,0,0
573.30,67.5,42.0,5755,17.0,2,33.9,0,0,15478.7,38.1640120,-122.4633828,37.1,121.7,0,0,0
573.40,70.0,43.5,5405,14.5,2,35.2,0,0,15480.4,38.1640270,-122.4633813,37.1,121.7,0,0,0
573.50,69.2,43.0,5417,20.0,2,36.4,0,0,15482.1,38.1640420,-122.4633791,37.1,121.7,0,0,0
573.60,69.5,43.2,5566,19.5,2,37.6,0,0,15483.7,38.1640569,-122.4633763,37.1,121.7,0,0,0
573.70,70.8,44.0,5595,19.0,2,38.8,0,0,15485.4,38.1640717,-122.4633725,37.1,121.7,0,0,0
573.80,71.7,44.5,5667,20.5,2,39.8,0,0,15487.1,38.1640863,-122.4633679,35.7,117.1,0,0,0
573.90,72.3,44.9,5766,21.5,2,40.0,0,0,15488.8,38.1641011,-122.4633626,35.7,117.1,0,0,0
574.00,72.8,45.3,5734,27.0,2,40.0,0,0,15490.5,38.1641159,-122.4633568,35.7,117.1,0,0,0
574.10,73.6,45.7,5846,27.0,2,40.6,0,0,15492.3,38.1641306,-122.4633502,35.7,117.1,0,0,0
574.20,74.4,46.2,5937,27.0,2,41.1,0,0,15494.0,38.1641449,-122.4633425,35.7,117.1,0,0,0
574.30,75.6,47.0,5984,27.0,2,41.3,0,0,15495.7,38.1641590,-122.4633336,35.7,117.1,0,0,0
574.40,76.5,47.5,6056,27.5,2,41.6,0,0,15497.5,38.1641730,-122.4633239,35.7,117.1,0,0,0
574.50,77.2,48.0,6109,30.5,2,41.6,0,0,15499.3,38.1641870,-122.4633136,35.7,117.1,0,0,0
574.60,78.2,48.6,6179,32.0,2,41.4,0,0,15501.1,38.1642009,-122.4633025,35.7,117.1,0,0,0
574.70,78.8,48.9,6303,37.0,2,41.0,0,0,15503.0,38.1642146,-122.4632905,35.7,117.1,0,0,0
574.80,80.5,50.0,6385,38.5,2,40.8,0,0,15504.9,38.1642279,-122.4632775,33.8,110.9,0,0,0
574.90,81.4,50.6,6506,47.5,2,40.9,0,0,15506.7,38.1642409,-122.4632635,33.8,110.9,0,0,0
575.00,83.3,51.8,6685,52.5,2,41.0,0,0,15508.7,38.1642536,-122.4632486,33.8,110.9,0,0,0
575.10,85.1,52.9,6820,56.5,2,41.0,0,0,15510.6,38.1642659,-122.4632328,33.8,110.9,0,0,0
575.20,86.8,53.9,6927,60.5,2,40.5,0,0,15512.6,38.1642779,-122.4632162,33.8,110.9,0,0,0
575.30,88.1,54.8,7099,62.5,2,39.8,0,0,15514.6,38.1642896,-122.4631985,33.8,110.9,0,0,0
575.40,90.6,56.3,7257,66.5,2,38.8,0,0,15516.7,38.1643009,-122.4631796,33.8,110.9,0,0,0
575.50,92.5,57.5,7443,69.5,2,37.7,0,0,15518.8,38.1643119,-122.4631598,33.8,110.9,0,0,0
575.60,95.0,59.0,7617,71.0,2,36.7,0,0,15521.0,38.1643226,-122.4631392,33.8,110.9,0,0,0
575.70,96.4,59.9,7742,72.5,2,35.5,0,0,15523.2,38.1643329,-122.4631175,33.8,110.9,0,0,0
575.80,98.1,61.0,7860,73.5,2,34.0,0,0,15525.5,38.1643430,-122.4630946,31.3,102.7,0,0,0
575.90,99.4,61.7,7977,74.0,2,31.9,0,0,15527.8,38.1643529,-122.4630708,31.3,102.7,0,0,0
576.00,101.2,62.9,8168,76.5,2,29.8,0,0,15530.2,38.1643627,-122.4630463,31.3,102.7,0,0,0
576.10,104.3,64.8,8380,76.5,2,28.2,0,0,15532.7,38.1643722,-122.4630208,31.3,102.7,0,0,0
576.20,107.0,66.5,8533,77.0,2,26.6,0,0,15535.2,38.1643817,-122.4629946,31.3,102.7,0,0,0
576.30,108.2,67.2,8646,77.5,2,24.6,0,0,15537.8,38.1643909,-122.4629675,31.3,102.7,0,0,0
576.40,109.9,68.3,8808,79.0,2,22.3,0,0,15540.4,38.1643999,-122.4629395,31.3,102.7,0,0,0
576.50,112.0,69.6,9026,80.5,2,20.4,0,0,15543.2,38.1644086,-122.4629105,31.3,102.7,0,0,0
576.60,114.3,71.0,7243,81.0,2,18.3,0,0,15545.9,38.1644170,-122.4628806,31.3,102.7,0,0,0
576.70,113.5,70.5,7295,83.5,3,16.6,0,0,15548.8,38.1644253,-122.4628499,31.3,102.7,0,0,0
576.80,115.4,71.7,7391,82.0,3,15.5,0,0,15551.7,38.1644337,-122.4628186,28.2,92.5,0,0,0
576.90,117.1,72.8,7527,85.5,3,15.4,0,0,15554.6,38.1644419,-122.4627866,28.2,92.5,0,0,0
577.00,120.0,74.6,7657,81.5,3,15.4,0,0,15557.6,38.1644499,-122.4627539,28.2,92.5,0,0,0
577.10,121.3,75.4,7764,81.5,3,16.0,0,0,15560.6,38.1644577,-122.4627206,28.2,92.5,0,0,0
577.20,123.2,76.6,7900,78.5,3,16.4,0,0,15563.7,38.1644652,-122.4626869,28.2,92.5,0,0,0
577.30,124.9,77.6,8011,69.0,3,17.2,0,0,15566.8,38.1644727,-122.4626526,28.2,92.5,0,0,0
577.40,127.0,78.9,8054,55.5,3,18.5,0,0,15570.0,38.1644799,-122.4626176,28.2,92.5,0,0,0
577.50,128.6,79.9,8119,49.5,3,19.9,0,0,15573.2,38.1644870,-122.4625819,28.2,92.5,0,0,0
577.60,128.6,79.9,8192,52.5,3,21.3,0,0,15576.4,38.1644939,-122.4625459,28.2,92.5,0,0,0
577.70,130.2,80.9,8184,51.0,3,22.1,0,0,15579.7,38.1645006,-122.4625096,28.2,92.5,0,0,0
577.80,130.6,81.1,8249,42.0,3,23.1,0,0,15583.0,38.1645066,-122.4624729,24.9,81.7,0,0,0
577.90,131.6,81.8,8303,35.0,3,24.6,0,0,15586.3,38.1645119,-122.4624359,24.9,81.7,0,0,0
578.00,132.0,82.0,8336,35.0,3,26.2,0,0,15589.6,38.1645169,-122.4623986,24.9,81.7,0,0,0
578.10,132.1,82.1,8327,37.0,3,27.6,0,0,15592.9,38.1645216,-122.4623609,24.9,81.7,0,0,0
578.20,133.2,82.8,8375,36.5,3,28.1,0,0,15596.3,38.1645256,-122.4623227,24.9,81.7,0,0,0
578.30,133.9,83.2,8432,36.0,3,28.6,0,0,15599.6,38.1645289,-122.4622843,24.9,81.7,0,0,0
578.40,133.9,83.2,8397,29.5,3,29.3,0,0,15603.0,38.1645319,-122.4622461,24.9,81.7,0,0,0
578.50,133.7,83.1,8397,26.0,3,29.8,0,0,15606.4,38.1645346,-122.4622079,24.9,81.7,0,0,0
578.60,133.7,83.1,8350,19.5,3,30.2,0,0,15609.7,38.1645366,-122.4621697,24.9,81.7,0,0,0
578.70,133.5,82.9,8331,12.5,3,31.1,0,0,15613.1,38.1645382,-122.4621313,24.9,81.7,0,0,0
578.80,132.8,82.5,8226,12.0,3,32.1,0,0,15616.4,38.1645394,-122.4620931,23.6,77.4,0,0,0
578.90,133.0,82.6,8318,15.5,3,33.7,0,0,15619.7,38.1645401,-122.4620553,23.6,77.4,0,0,0
579.00,132.5,82.3,8520,20.0,3,34.6,0,0,15623.0,38.1645403,-122.4620177,23.6,77.4,0,0,0
579.10,132.6,82.4,8341,23.5,3,34.5,0,0,15626.3,38.1645398,-122.4619800,23.6,77.4,0,0,0
579.20,132.6,82.4,8392,28.5,3,34.6,0,0,15629.6,38.1645386,-122.4619424,23.6,77.4,0,0,0
579.30,133.2,82.7,8385,32.0,3,34.1,0,0,15632.9,38.1645369,-122.4619050,23.6,77.4,0,0,0
579.40,133.4,82.9,8378,34.0,3,33.6,0,0,15636.1,38.1645346,-122.4618677,23.6,77.4,0,0,0
579.50,133.3,82.9,8409,34.5,3,33.5,0,0,15639.4,38.1645316,-122.4618303,23.6,77.4,0,0,0
579.60,133.6,83.0,8441,34.0,3,34.1,0,0,15642.7,38.1645282,-122.4617931,23.6,77.4,0,0,0
579.70,134.3,83.5,8477,31.5,3,35.1,0,0,15646.0,38.1645243,-122.4617560,23.6,77.4,0,0,0
579.80,134.3,83.5,8482,31.5,3,35.9,0,0,15649.2,38.1645199,-122.4617190,22.3,73.2,0,0,0
579.90,135.0,83.9,8485,33.0,3,36.6,0,0,15652.5,38.1645149,-122.4616820,22.3,73.2,0,0,0
580.00,135.3,84.0,8499,34.5,3,37.1,0,0,15655.8,38.1645095,-122.4616450,22.3,73.2,0,0,0
580.10,135.2,84.0,8523,37.0,3,37.0,0,0,15659.1,38.1645033,-122.4616081,22.3,73.2,0,0,0
580.20,135.3,84.1,8557,41.5,3,36.7,0,0,15662.4,38.1644962,-122.4615714,22.3,73.2,0,0,0
580.30,136.1,84.6,8579,43.0,3,36.6,0,0,15665.7,38.1644886,-122.4615350,22.3,73.2,0,0,0
580.40,137.0,85.1,8579,43.0,3,35.9,0,0,15669.0,38.1644803,-122.4614988,22.3,73.2,0,0,0
580.50,136.8,85.0,8641,43.0,3,35.3,0,0,15672.3,38.1644712,-122.4614626,22.3,73.2,0,0,0
580.60,137.1,85.2,8671,43.0,3,35.4,0,0,15675.6,38.1644616,-122.4614268,22.3,73.2,0,0,0
580.70,137.8,85.6,8704,41.0,3,35.8,0,0,15679.0,38.1644516,-122.4613910,22.3,73.2,0,0,0
580.80,138.3,85.9,8731,41.0,3,36.8,0,0,15682.3,38.1644409,-122.4613554,20.8,68.2,0,0,0
580.90,139.1,86.4,8742,41.5,3,37.4,0,0,15685.6,38.1644296,-122.4613201,20.8,68.2,0,0,0
581.00,138.9,86.3,8767,45.5,3,37.4,0,0,15689.0,38.1644179,-122.4612850,20.8,68.2,0,0,0
581.10,139.5,86.7,8842,51.5,3,37.4,0,0,15692.3,38.1644056,-122.4612501,20.8,68.2,0,0,0
581.20,140.3,87.2,8934,53.5,3,37.0,0,0,15695.7,38.1643925,-122.4612153,20.8,68.2,0,0,0
581.30,141.4,87.9,8886,53.5,3,36.8,0,0,15699.1,38.1643786,-122.4611808,20.8,68.2,0,0,0
581.40,141.1,87.7,8969,53.5,3,36.8,0,0,15702.5,38.1643639,-122.4611464,20.8,68.2,0,0,0
581.50,142.7,88.7,8969,53.5,3,36.7,0,0,15705.9,38.1643486,-122.4611124,20.8,68.2,0,0,0
581.60,143.2,89.0,9015,53.5,3,36.7,0,0,15709.3,38.1643329,-122.4610788,20.8,68.2,0,0,0
581.70,143.5,89.2,9042,53.5,3,36.8,0,0,15712.8,38.1643166,-122.4610454,20.8,68.2,0,0,0
581.80,144.0,89.5,9080,53.5,3,37.0,0,0,15716.2,38.1642995,-122.4610124,19.3,63.3,0,0,0
581.90,144.6,89.8,9136,54.0,3,36.7,0,0,15719.7,38.1642815,-122.4609798,19.3,63.3,0,0,0
582.00,145.2,90.2,9169,54.5,3,36.5,0,0,15723.2,38.1642626,-122.4609476,19.3,63.3,0,0,0
582.10,146.0,90.7,9220,54.5,3,36.2,0,0,15726.7,38.1642429,-122.4609158,19.3,63.3,0,0,0
582.20,146.7,91.2,9219,54.5,3,35.8,0,0,15730.3,38.1642229,-122.4608843,19.3,63.3,0,0,0
582.30,146.0,90.7,9228,55.5,3,35.7,0,0,15733.9,38.1642023,-122.4608531,19.3,63.3,0,0,0
582.40,146.7,91.2,9251,56.5,3,35.4,0,0,15737.4,38.1641811,-122.4608224,19.3,63.3,0,0,0
582.50,147.4,91.6,9260,58.5,3,34.9,0,0,15741.0,38.1641593,-122.4607924,19.3,63.3,0,0,0
582.60,147.3,91.5,9311,62.0,3,34.1,0,0,15744.6,38.1641368,-122.4607631,19.3,63.3,0,0,0
582.70,148.2,92.1,9334,63.5,3,32.7,0,0,15748.2,38.1641136,-122.4607344,19.3,63.3,0,0,0
582.80,148.5,92.3,9331,64.0,3,31.1,0,0,15751.8,38.1640899,-122.4607061,19.5,64.0,0,0,0
582.90,148.8,92.4,9364,64.5,3,29.6,0,0,15755.4,38.1640656,-122.4606781,19.5,64.0,0,0,0
583.00,149.1,92.6,9402,64.5,3,28.2,0,0,15759.1,38.1640406,-122.4606504,19.5,64.0,0,0,0
583.10,149.6,92.9,9414,64.0,3,27.2,0,0,15762.8,38.1640152,-122.4606234,19.5,64.0,0,0,0
583.20,149.9,93.1,9414,63.5,3,26.4,0,0,15766.5,38.1639894,-122.4605968,19.5,64.0,0,0,0
583.30,149.6,92.9,9411,63.5,3,25.7,0,0,15770.2,38.1639631,-122.4605704,19.5,64.0,0,0,0
583.40,149.8,93.1,9384,61.5,3,24.7,0,0,15774.0,38.1639363,-122.4605444,19.5,64.0,0,0,0
583.50,150.3,93.4,9384,57.0,3,23.0,0,0,15777.7,38.1639089,-122.4605191,19.5,64.0,0,0,0
583.60,149.8,93.1,9263,42.5,3,21.2,0,0,15781.5,38.1638810,-122.4604941,19.5,64.0,0,0,0
583.70,147.1,91.4,8727,0.0,3,19.2,0,0,15785.3,38.1638530,-122.4604694,19.5,64.0,0,0,0
583.80,141.2,87.7,8931,0.0,3,16.4,0,0,15789.1,38.1638250,-122.4604454,21.5,70.5,0,0,0
583.90,142.3,88.4,8842,0.0,3,13.7,0,0,15792.8,38.1637970,-122.4604221,21.5,70.5,0,0,0
584.00,140.9,87.5,8813,0.0,3,12.2,0,0,15796.5,38.1637691,-122.4603994,21.5,70.5,0,0,0
584.10,139.4,86.6,8701,0.0,3,10.3,0,0,15800.1,38.1637413,-122.4603771,21.5,70.5,0,0,0
584.20,138.1,85.8,8619,0.0,3,8.8,0,0,15803.8,38.1637138,-122.4603550,21.5,70.5,0,0,0
584.30,137.0,85.1,8557,0.0,3,8.0,0,0,15807.4,38.1636863,-122.4603331,21.5,70.5,0,0,0
584.40,136.0,84.5,8494,0.0,3,7.1,0,0,15810.9,38.1636591,-122.4603114,21.5,70.5,0,0,0
584.50,135.2,84.0,8385,0.0,3,6.1,0,0,15814.5,38.1636320,-122.4602901,21.5,70.5,0,0,0
584.60,132.9,82.6,8235,0.0,3,4.8,0,0,15818.0,38.1636050,-122.4602690,21.5,70.5,0,0,0
584.70,131.0,81.4,8122,0.0,3,3.1,0,0,15821.5,38.1635781,-122.4602481,21.5,70.5,0,0,0
584.80,129.4,80.4,8063,0.0,3,1.6,0,0,15825.0,38.1635514,-122.4602274,23.8,78.1,0,0,0
584.90,127.9,79.5,7994,0.0,3,0.4,0,0,15828.4,38.1635251,-122.4602071,23.8,78.1,0,0,0
585.00,127.2,79.0,7937,0.0,3,-0.6,0,0,15831.8,38.1634990,-122.4601870,23.8,78.1,0,0,0
585.10,126.0,78.3,7897,0.0,3,-1.2,0,0,15835.2,38.1634731,-122.4601671,23.8,78.1,0,0,0
585.20,125.0,77.6,7782,0.0,3,-1.5,0,0,15838.5,38.1634474,-122.4601474,23.8,78.1,0,0,0
585.30,123.8,76.9,7710,0.0,3,-2.0,0,0,15841.8,38.1634221,-122.4601281,23.8,78.1,0,0,0
585.40,122.9,76.4,7683,0.0,3,-2.3,0,0,15845.0,38.1633970,-122.4601090,23.8,78.1,0,0,0
585.50,121.9,75.7,7599,0.0,3,-2.3,0,0,15848.3,38.1633721,-122.4600900,23.8,78.1,0,0,0
585.60,120.8,75.1,7540,0.0,3,-2.7,0,0,15851.5,38.1633474,-122.4600710,23.8,78.1,0,0,0
585.70,119.7,74.4,7476,0.0,3,-3.2,0,0,15854.6,38.1633231,-122.4600520,23.8,78.1,0,0,0
585.80,119.0,73.9,7461,0.0,3,-4.6,0,0,15857.8,38.1632990,-122.4600330,24.5,80.4,0,0,0
585.90,118.7,73.7,7409,0.0,3,-6.1,0,0,15860.9,38.1632751,-122.4600140,24.5,80.4,0,0,0
586.00,118.0,73.3,7393,0.0,3,-8.0,0,0,15864.0,38.1632514,-122.4599950,24.5,80.4,0,0,0
586.10,117.3,72.9,7317,0.0,3,-10.2,0,0,15867.1,38.1632281,-122.4599760,24.5,80.4,0,0,0
586.20,116.4,72.3,7312,0.0,3,-12.6,0,0,15870.2,38.1632050,-122.4599570,24.5,80.4,0,0,0
586.30,116.4,72.3,7301,0.0,3,-14.9,0,0,15873.2,38.1631820,-122.4599379,24.5,80.4,0,0,0
586.40,115.8,71.9,7274,0.0,3,-17.5,0,0,15876.3,38.1631591,-122.4599187,24.5,80.4,0,0,0
586.50,115.9,72.0,7243,0.0,3,-19.4,0,0,15879.3,38.1631364,-122.4598992,24.5,80.4,0,0,0
586.60,115.0,71.4,7203,0.0,3,-20.5,0,0,15882.3,38.1631141,-122.4598796,24.5,80.4,0,0,0
586.70,114.7,71.3,7214,0.0,3,-21.5,0,0,15885.4,38.1630920,-122.4598596,24.5,80.4,0,0,0
586.80,114.3,71.0,7189,0.0,3,-22.5,0,0,15888.4,38.1630701,-122.4598392,23.8,78.1,0,0,0
586.90,114.2,71.0,7153,0.0,3,-23.2,0,0,15891.4,38.1630484,-122.4598188,23.8,78.1,0,0,0
587.00,113.7,70.6,7106,0.0,3,-23.8,0,0,15894.3,38.1630271,-122.4597982,23.8,78.1,0,0,0
587.10,113.3,70.4,7079,0.0,3,-24.9,0,0,15897.3,38.1630063,-122.4597777,23.8,78.1,0,0,0
587.20,112.7,70.1,7043,0.0,3,-25.9,0,0,15900.2,38.1629858,-122.4597569,23.8,78.1,0,0,0
587.30,112.5,69.9,7089,0.0,3,-26.9,0,0,15903.1,38.1629656,-122.4597356,23.8,78.1,0,0,0
587.40,112.1,69.6,7036,0.0,3,-27.9,0,0,15906.0,38.1629459,-122.4597139,23.8,78.1,0,0,0
587.50,112.1,69.6,7039,0.0,3,-29.1,0,0,15908.9,38.1629266,-122.4596919,23.8,78.1,0,0,0
587.60,111.6,69.3,7000,0.0,3,-30.4,0,0,15911.7,38.1629078,-122.4596697,23.8,78.1,0,0,0
587.70,111.2,69.1,6972,0.0,3,-31.8,0,0,15914.6,38.1628894,-122.4596472,23.8,78.1,0,0,0
587.80,110.8,68.9,6949,0.0,3,-32.7,0,0,15917.4,38.1628714,-122.4596244,21.8,71.5,0,0,0
587.90,110.5,68.7,6906,0.0,3,-34.2,0,0,15920.2,38.1628541,-122.4596012,21.8,71.5,0,0,0
588.00,110.1,68.4,6922,0.0,3,-35.8,0,0,15923.0,38.1628374,-122.4595777,21.8,71.5,0,0,0
588.10,110.2,68.5,6911,0.0,3,-36.6,0,0,15925.7,38.1628211,-122.4595539,21.8,71.5,0,0,0
588.20,109.9,68.3,6895,0.0,3,-37.2,0,0,15928.5,38.1628051,-122.4595297,21.8,71.5,0,0,0
588.30,109.5,68.0,6884,0.0,3,-37.7,0,0,15931.3,38.1627894,-122.4595052,21.8,71.5,0,0,0
588.40,109.3,67.9,6833,0.0,3,-38.1,0,0,15934.0,38.1627745,-122.4594804,21.8,71.5,0,0,0
588.50,108.5,67.4,6809,0.0,3,-38.4,0,0,15936.7,38.1627604,-122.4594551,21.8,71.5,0,0,0
588.60,108.3,67.3,6772,0.0,3,-38.5,0,0,15939.4,38.1627471,-122.4594294,21.8,71.5,0,0,0
588.70,107.8,67.0,6747,0.0,3,-38.5,0,0,15942.1,38.1627344,-122.4594032,21.8,71.5,0,0,0
588.80,107.3,66.7,6738,0.0,3,-38.6,0,0,15944.8,38.1627224,-122.4593767,18.9,62.0,0,0,0
588.90,106.9,66.4,6682,0.0,3,-38.9,0,0,15947.4,38.1627112,-122.4593499,18.9,62.0,0,0,0
589.00,106.6,66.2,6664,0.0,3,-39.1,0,0,15950.1,38.1627007,-122.4593226,18.9,62.0,0,0,0
589.10,106.0,65.9,6637,0.0,3,-39.3,0,0,15952.7,38.1626911,-122.4592949,18.9,62.0,0,0,0
589.20,105.3,65.4,6630,0.0,3,-39.7,0,0,15955.3,38.1626821,-122.4592670,18.9,62.0,0,0,0
589.30,105.1,65.3,6583,0.0,3,-39.9,0,0,15958.0,38.1626737,-122.4592390,18.9,62.0,0,0,0
589.40,104.8,65.1,6555,0.0,3,-40.0,0,0,15960.6,38.1626662,-122.4592109,18.9,62.0,0,0,0
589.50,104.2,64.8,6540,0.0,3,-40.5,0,0,15963.1,38.1626594,-122.4591827,18.9,62.0,0,0,0
589.60,103.8,64.5,6526,0.0,3,-40.8,0,0,15965.7,38.1626534,-122.4591542,18.9,62.0,0,0,0
589.70,103.8,64.5,6512,0.0,3,-41.0,0,0,15968.3,38.1626481,-122.4591257,18.9,62.0,0,0,0
589.80,103.1,64.1,6456,1.0,3,-41.0,0,0,15970.8,38.1626434,-122.4590970,16.6,54.5,0,0,0
589.90,102.8,63.9,6464,5.0,3,-40.9,0,0,15973.4,38.1626395,-122.4590683,16.6,54.5,0,0,0
590.00,102.6,63.8,6424,6.5,3,-40.6,0,0,15975.9,38.1626364,-122.4590397,16.6,54.5,0,0,0
590.10,102.2,63.5,6424,9.5,3,-40.4,0,0,15978.4,38.1626341,-122.4590109,16.6,54.5,0,0,0
590.20,102.3,63.6,6421,11.5,3,-40.2,0,0,15981.0,38.1626324,-122.4589820,16.6,54.5,0,0,0
590.30,102.0,63.4,6523,15.0,3,-40.2,0,0,15983.5,38.1626315,-122.4589531,16.6,54.5,0,0,0
590.40,102.1,63.4,6596,15.0,3,-40.1,0,0,15986.0,38.1626315,-122.4589243,16.6,54.5,0,0,0
590.50,103.5,64.3,6512,15.0,3,-40.2,0,0,15988.5,38.1626324,-122.4588957,16.6,54.5,0,0,0
590.60,103.0,64.0,6477,19.0,3,-40.3,0,0,15991.0,38.1626341,-122.4588670,16.6,54.5,0,0,0
590.70,103.0,64.0,6470,18.5,3,-40.3,0,0,15993.6,38.1626364,-122.4588383,16.6,54.5,0,0,0
590.80,103.5,64.3,6504,17.5,3,-40.3,0,0,15996.1,38.1626395,-122.4588098,13.9,45.6,0,0,0
590.90,103.4,64.2,6484,16.0,3,-40.4,0,0,15998.6,38.1626435,-122.4587813,13.9,45.6,0,0,0
591.00,103.6,64.4,6487,14.5,3,-40.4,0,0,16001.1,38.1626484,-122.4587530,13.9,45.6,0,0,0
591.10,103.8,64.5,6494,14.5,3,-40.5,0,0,16003.7,38.1626541,-122.4587248,13.9,45.6,0,0,0
591.20,103.3,64.2,6569,16.0,3,-40.6,0,0,16006.3,38.1626604,-122.4586967,13.9,45.6,0,0,0
591.30,104.5,64.9,6549,16.0,3,-40.6,0,0,16008.8,38.1626675,-122.4586691,13.9,45.6,0,0,0
591.40,104.3,64.8,6501,16.0,3,-40.7,0,0,16011.3,38.1626754,-122.4586421,13.9,45.6,0,0,0
591.50,104.1,64.7,6552,16.0,3,-40.6,0,0,16013.8,38.1626842,-122.4586154,13.9,45.6,0,0,0
591.60,104.5,64.9,6563,16.0,3,-40.5,0,0,16016.4,38.1626937,-122.4585891,13.9,45.6,0,0,0
591.70,104.3,64.8,6589,16.0,3,-40.3,0,0,16018.9,38.1627041,-122.4585630,13.9,45.6,0,0,0
591.80,104.5,65.0,6555,14.5,3,-40.0,0,0,16021.5,38.1627151,-122.4585371,11.3,37.1,0,0,0
591.90,104.7,65.1,6585,14.5,3,-39.8,0,0,16024.1,38.1627264,-122.4585114,11.3,37.1,0,0,0
592.00,104.7,65.1,6578,14.5,3,-39.9,0,0,16026.6,38.1627385,-122.4584865,11.3,37.1,0,0,0
592.10,104.9,65.2,6610,14.5,3,-39.8,0,0,16029.2,38.1627514,-122.4584624,11.3,37.1,0,0,0
592.20,105.3,65.4,6630,14.0,3,-39.8,0,0,16031.7,38.1627651,-122.4584388,11.3,37.1,0,0,0
592.30,105.1,65.3,6571,15.0,3,-40.0,0,0,16034.3,38.1627791,-122.4584154,11.3,37.1,0,0,0
592.40,105.2,65.4,6624,15.5,3,-40.1,0,0,16036.9,38.1627937,-122.4583925,11.3,37.1,0,0,0
592.50,105.5,65.5,6643,15.5,3,-40.0,0,0,16039.5,38.1628091,-122.4583704,11.3,37.1,0,0,0
592.60,105.5,65.6,6630,19.0,3,-39.8,0,0,16042.0,38.1628251,-122.4583491,11.3,37.1,0,0,0
592.70,105.5,65.5,6663,20.5,3,-40.1,0,0,16044.6,38.1628414,-122.4583284,11.3,37.1,0,0,0
592.80,106.2,66.0,6680,20.5,3,-40.3,0,0,16047.2,38.1628584,-122.4583081,8.6,28.2,0,0,0
592.90,106.6,66.2,6705,20.5,3,-40.0,0,0,16049.8,38.1628761,-122.4582884,8.6,28.2,0,0,0
593.00,106.5,66.2,6696,21.0,3,-39.7,0,0,16052.4,38.1628944,-122.4582694,8.6,28.2,0,0,0
593.10,106.8,66.4,6734,20.5,3,-39.4,0,0,16055.1,38.1629131,-122.4582511,8.6,28.2,0,0,0
593.20,106.8,66.3,6748,21.5,3,-39.3,0,0,16057.7,38.1629324,-122.4582334,8.6,28.2,0,0,0
593.30,107.2,66.6,6772,23.5,3,-39.2,0,0,16060.4,38.1629521,-122.4582165,8.6,28.2,0,0,0
593.40,107.9,67.0,6815,27.5,3,-39.4,0,0,16063.0,38.1629721,-122.4582004,8.6,28.2,0,0,0
593.50,108.3,67.3,6854,28.0,3,-39.6,0,0,16065.6,38.1629924,-122.4581852,8.6,28.2,0,0,0
593.60,109.0,67.7,6872,28.0,3,-39.6,0,0,16068.2,38.1630131,-122.4581707,8.6,28.2,0,0,0
593.70,109.1,67.8,6853,28.0,3,-39.3,0,0,16070.9,38.1630344,-122.4581572,8.6,28.2,0,0,0
593.80,109.8,68.2,6921,31.0,3,-39.2,0,0,16073.5,38.1630561,-122.4581444,5.9,19.4,0,0,0
593.90,109.8,68.2,6938,33.0,3,-38.9,0,0,16076.2,38.1630781,-122.4581324,5.9,19.4,0,0,0
594.00,110.4,68.6,6947,33.5,3,-38.9,0,0,16078.9,38.1631004,-122.4581212,5.9,19.4,0,0,0
594.10,110.5,68.7,6997,34.5,3,-38.8,0,0,16081.6,38.1631231,-122.4581108,5.9,19.4,0,0,0
594.20,111.3,69.2,7023,34.5,3,-38.9,0,0,16084.3,38.1631464,-122.4581015,5.9,19.4,0,0,0
594.30,111.9,69.5,7051,34.5,3,-38.6,0,0,16087.0,38.1631701,-122.4580935,5.9,19.4,0,0,0
594.40,111.8,69.4,7043,35.5,3,-38.2,0,0,16089.7,38.1631940,-122.4580865,5.9,19.4,0,0,0
594.50,112.2,69.7,7051,36.5,3,-37.7,0,0,16092.4,38.1632181,-122.4580808,5.9,19.4,0,0,0
594.60,112.2,69.7,7089,38.5,3,-37.6,0,0,16095.2,38.1632423,-122.4580762,5.9,19.4,0,0,0
594.70,112.6,70.0,7098,42.5,3,-37.6,0,0,16097.9,38.1632668,-122.4580727,5.9,19.4,0,0,0
594.80,112.9,70.2,7140,44.5,3,-37.8,0,0,16100.6,38.1632913,-122.4580703,3.8,12.5,0,0,0
594.90,113.8,70.7,7174,47.5,3,-38.0,0,0,16103.4,38.1633161,-122.4580691,3.8,12.5,0,0,0
595.00,114.0,70.8,7172,49.0,3,-38.0,0,0,16106.2,38.1633411,-122.4580692,3.8,12.5,0,0,0
595.10,114.8,71.3,7248,49.0,3,-37.8,0,0,16109.0,38.1633663,-122.4580704,3.8,12.5,0,0,0
595.20,115.2,71.6,7238,49.5,3,-37.4,0,0,16111.8,38.1633917,-122.4580725,3.8,12.5,0,0,0
595.30,115.3,71.6,7353,55.5,3,-37.2,0,0,16114.6,38.1634169,-122.4580758,3.8,12.5,0,0,0
595.40,116.4,72.3,7380,54.5,3,-37.4,0,0,16117.5,38.1634420,-122.4580805,3.8,12.5,0,0,0
595.50,117.7,73.1,7401,55.0,3,-37.7,0,0,16120.3,38.1634670,-122.4580862,3.8,12.5,0,0,0
595.60,117.9,73.3,7443,57.0,3,-37.6,0,0,16123.1,38.1634920,-122.4580927,3.8,12.5,0,0,0
595.70,118.6,73.7,7497,57.5,3,-37.4,0,0,16126.0,38.1635169,-122.4581002,3.8,12.5,0,0,0
595.80,119.4,74.2,7521,57.0,3,-37.0,0,0,16128.8,38.1635417,-122.4581087,3.8,12.5,0,0,0
595.90,119.9,74.5,7572,58.5,3,-36.3,0,0,16131.7,38.1635663,-122.4581182,3.8,12.5,0,0,0
596.00,120.5,74.9,7601,60.5,3,-35.5,0,0,16134.6,38.1635910,-122.4581284,3.8,12.5,0,0,0
596.10,120.7,75.0,7624,61.5,3,-34.9,0,0,16137.5,38.1636157,-122.4581394,3.8,12.5,0,0,0
596.20,121.7,75.6,7679,57.5,3,-34.3,0,0,16140.4,38.1636403,-122.4581512,3.8,12.5,0,0,0
596.30,122.1,75.9,7685,56.5,3,-33.5,0,0,16143.4,38.1636650,-122.4581637,3.8,12.5,0,0,0
596.40,122.2,75.9,7697,55.5,3,-32.8,0,0,16146.3,38.1636896,-122.4581771,3.8,12.5,0,0,0
596.50,123.0,76.4,7805,62.0,3,-32.6,0,0,16149.3,38.1637140,-122.4581911,3.8,12.5,0,0,0
596.60,124.1,77.1,7850,65.5,3,-32.3,0,0,16152.3,38.1637383,-122.4582057,3.8,12.5,0,0,0
596.70,124.6,77.4,7839,64.5,3,-32.1,0,0,16155.3,38.1637627,-122.4582211,3.8,12.5,0,0,0
596.80,125.3,77.9,7874,62.5,3,-31.5,0,0,16158.4,38.1637869,-122.4582371,4.9,16.1,0,0,0
596.90,125.3,77.9,7760,54.0,3,-30.7,0,0,16161.4,38.1638110,-122.4582537,4.9,16.1,0,0,0
597.00,124.2,77.2,7858,57.5,3,-30.4,0,0,16164.5,38.1638349,-122.4582712,4.9,16.1,0,0,0
597.10,125.2,77.8,7971,61.0,3,-30.7,0,0,16167.6,38.1638586,-122.4582894,4.9,16.1,0,0,0
597.20,126.9,78.9,8179,67.0,3,-31.0,0,0,16170.6,38.1638819,-122.4583081,4.9,16.1,0,0,0
597.30,129.9,80.7,8233,67.0,3,-32.4,0,0,16173.7,38.1639051,-122.4583274,4.9,16.1,0,0,0
597.40,131.2,81.5,8224,67.0,3,-32.2,0,0,16176.8,38.1639283,-122.4583471,4.9,16.1,0,0,0
597.50,130.4,81.0,8233,68.5,3,-31.5,0,0,16179.9,38.1639517,-122.4583674,4.9,16.1,0,0,0
597.60,130.8,81.3,8357,72.0,3,-31.6,0,0,16183.1,38.1639749,-122.4583885,4.9,16.1,0,0,0
597.70,133.0,82.7,8496,75.5,3,-32.1,0,0,16186.3,38.1639980,-122.4584104,4.9,16.1,0,0,0
597.80,134.6,83.6,8606,80.0,3,-32.2,0,0,16189.6,38.1640210,-122.4584331,6.3,20.7,0,0,0
597.90,135.9,84.5,8712,86.5,3,-32.5,0,0,16192.8,38.1640440,-122.4584564,6.3,20.7,0,0,0
598.00,137.5,85.4,8780,89.0,3,-32.6,0,0,16196.1,38.1640670,-122.4584802,6.3,20.7,0,0,0
598.10,139.5,86.7,8890,89.0,3,-32.6,0,0,16199.5,38.1640899,-122.4585047,6.3,20.7,0,0,0
598.20,140.6,87.3,8980,90.5,3,-32.4,0,0,16202.8,38.1641127,-122.4585299,6.3,20.7,0,0,0
598.30,141.9,88.2,9053,93.0,3,-32.0,0,0,16206.2,38.1641352,-122.4585557,6.3,20.7,0,0,0
598.40,142.9,88.8,9086,93.0,3,-31.5,0,0,16209.6,38.1641578,-122.4585825,6.3,20.7,0,0,0
598.50,143.7,89.3,9172,93.5,3,-31.2,0,0,16213.1,38.1641802,-122.4586101,6.3,20.7,0,0,0
598.60,145.2,90.2,9262,95.5,3,-30.9,0,0,16216.6,38.1642027,-122.4586384,6.3,20.7,0,0,0
598.70,146.3,90.9,9300,96.0,3,-30.3,0,0,16220.1,38.1642249,-122.4586671,6.3,20.7,0,0,0
598.80,146.5,91.0,8242,99.5,3,-29.2,0,0,16223.7,38.1642470,-122.4586964,7.9,25.9,0,0,0
598.90,141.4,87.9,7667,100.0,4,-27.2,0,0,16227.3,38.1642689,-122.4587264,7.9,25.9,0,0,0
599.00,146.3,90.9,7679,100.0,4,-26.9,0,0,16230.9,38.1642907,-122.4587571,7.9,25.9,0,0,0
599.10,146.4,91.0,7628,100.0,4,-26.6,0,0,16234.5,38.1643122,-122.4587881,7.9,25.9,0,0,0
599.20,145.3,90.3,7638,100.0,4,-25.3,0,0,16238.1,38.1643338,-122.4588194,7.9,25.9,0,0,0
599.30,146.1,90.8,7683,100.0,4,-24.5,0,0,16241.8,38.1643552,-122.4588514,7.9,25.9,0,0,0
599.40,146.7,91.2,7679,100.0,4,-23.9,0,0,16245.5,38.1643767,-122.4588838,7.9,25.9,0,0,0
599.50,146.9,91.3,7711,100.0,4,-23.1,0,0,16249.2,38.1643979,-122.4589164,7.9,25.9,0,0,0
599.60,147.0,91.3,7721,100.0,4,-22.1,0,0,16252.9,38.1644187,-122.4589494,7.9,25.9,0,0,0
599.70,146.6,91.1,7722,100.0,4,-20.8,0,0,16256.6,38.1644392,-122.4589831,7.9,25.9,0,0,0
599.80,147.1,91.4,7752,100.0,4,-19.6,0,0,16260.4,38.1644597,-122.4590171,9.7,31.8,0,0,0
599.90,147.7,91.8,7783,100.0,4,-18.7,0,0,16264.1,38.1644799,-122.4590514,9.7,31.8,0,0,0
600.00,148.5,92.3,7827,100.0,4,-18.1,0,0,16267.9,38.1645000,-122.4590861,9.7,31.8,0,0,0
600.10,149.1,92.6,7854,100.0,4,-17.5,0,0,16271.7,38.1645200,-122.4591211,9.7,31.8,0,0,0
600.20,149.3,92.8,7854,100.0,4,-16.8,0,0,16275.5,38.1645399,-122.4591564,9.7,31.8,0,0,0
600.30,149.5,92.9,7871,100.0,4,-16.1,0,0,16279.3,38.1645597,-122.4591921,9.7,31.8,0,0,0
600.40,149.9,93.1,7881,100.0,4,-15.3,0,0,16283.1,38.1645792,-122.4592283,9.7,31.8,0,0,0
600.50,150.3,93.4,7920,100.0,4,-14.6,0,0,16287.0,38.1645987,-122.4592648,9.7,31.8,0,0,0
600.60,150.8,93.7,7962,100.0,4,-13.6,0,0,16290.8,38.1646179,-122.4593013,9.7,31.8,0,0,0
600.70,151.9,94.4,7990,100.0,4,-12.8,0,0,16294.7,38.1646370,-122.4593381,9.7,31.8,0,0,0
600.80,152.1,94.5,8007,100.0,4,-12.4,0,0,16298.6,38.1646560,-122.4593753,11.7,38.4,0,0,0
600.90,152.3,94.6,8033,100.0,4,-12.2,0,0,16302.5,38.1646750,-122.4594128,11.7,38.4,0,0,0
601.00,153.3,95.3,8076,100.0,4,-11.9,0,0,16306.4,38.1646940,-122.4594504,11.7,38.4,0,0,0
601.10,153.6,95.4,8109,100.0,4,-11.6,0,0,16310.3,38.1647130,-122.4594884,11.7,38.4,0,0,0
601.20,154.3,95.9,8146,100.0,4,-11.5,0,0,16314.3,38.1647319,-122.4595268,11.7,38.4,0,0,0
601.30,154.8,96.2,8173,100.0,4,-11.3,0,0,16318.2,38.1647507,-122.4595654,11.7,38.4,0,0,0
601.40,156.0,96.9,8213,100.0,4,-10.8,0,0,16322.2,38.1647693,-122.4596044,11.7,38.4,0,0,0
601.50,155.8,96.8,8229,100.0,4,-10.3,0,0,16326.2,38.1647880,-122.4596438,11.7,38.4,0,0,0
601.60,157.0,97.5,8276,100.0,4,-10.2,0,0,16330.3,38.1648066,-122.4596833,11.7,38.4,0,0,0
601.70,158.0,98.2,8313,100.0,4,-10.2,0,0,16334.3,38.1648250,-122.4597231,11.7,38.4,0,0,0
601.80,158.2,98.3,8357,100.0,4,-10.0,0,0,16338.3,38.1648433,-122.4597631,13.6,44.6,0,0,0
601.90,158.7,98.6,8394,100.0,4,-9.6,0,0,16342.4,38.1648617,-122.4598034,13.6,44.6,0,0,0
602.00,159.5,99.1,8418,100.0,4,-9.0,0,0,16346.5,38.1648799,-122.4598441,13.6,44.6,0,0,0
602.10,160.1,99.5,8442,100.0,4,-8.2,0,0,16350.6,38.1648980,-122.4598851,13.6,44.6,0,0,0
602.20,160.5,99.7,8454,98.5,4,-7.5,0,0,16354.7,38.1649160,-122.4599263,13.6,44.6,0,0,0
602.30,161.0,100.0,8501,100.0,4,-7.1,0,0,16358.9,38.1649340,-122.4599678,13.6,44.6,0,0,0
602.40,162.2,100.8,8575,100.0,4,-6.9,0,0,16363.0,38.1649520,-122.4600093,13.6,44.6,0,0,0
602.50,163.0,101.3,8629,95.5,4,-6.5,0,0,16367.2,38.1649700,-122.4600511,13.6,44.6,0,0,0
602.60,163.3,101.5,8545,85.0,4,-5.9,0,0,16371.4,38.1649879,-122.4600933,13.6,44.6,0,0,0
602.70,163.3,101.5,8594,78.5,4,-5.6,0,0,16375.6,38.1650057,-122.4601358,13.6,44.6,0,0,0
602.80,164.3,102.1,8626,76.0,4,-5.5,0,0,16379.8,38.1650233,-122.4601783,15.5,50.9,0,0,0
602.90,164.5,102.2,8562,68.0,4,-4.9,0,0,16384.0,38.1650411,-122.4602211,15.5,50.9,0,0,0
603.00,163.6,101.7,8577,61.5,4,-4.1,0,0,16388.3,38.1650589,-122.4602640,15.5,50.9,0,0,0
603.10,163.7,101.7,8530,52.0,4,-3.7,0,0,16392.5,38.1650766,-122.4603070,15.5,50.9,0,0,0
603.20,163.3,101.5,7954,0.0,4,-3.1,0,0,16396.7,38.1650940,-122.4603500,15.5,50.9,0,0,0
603.30,160.1,99.5,8294,0.0,4,-2.9,0,0,16401.0,38.1651113,-122.4603929,15.5,50.9,0,0,0
603.40,158.0,98.2,8193,0.0,4,-2.6,0,0,16405.2,38.1651286,-122.4604356,15.5,50.9,0,0,0
603.50,156.8,97.4,8146,0.0,4,-2.5,0,0,16409.3,38.1651456,-122.4604779,15.5,50.9,0,0,0
603.60,155.5,96.6,8056,0.0,4,-3.4,0,0,16413.4,38.1651623,-122.4605199,15.5,50.9,0,0,0
603.70,154.2,95.8,8013,0.0,4,-2.9,0,0,16417.5,38.1651790,-122.4605616,15.5,50.9,0,0,0
603.80,153.6,95.4,7953,0.0,4,-2.2,0,0,16421.6,38.1651956,-122.4606029,17.3,56.8,0,0,0
603.90,151.7,94.2,7852,0.0,4,-2.4,0,0,16425.6,38.1652119,-122.4606436,17.3,56.8,0,0,0
604.00,150.3,93.4,7800,0.0,4,-1.9,0,0,16429.5,38.1652280,-122.4606839,17.3,56.8,0,0,0
604.10,148.9,92.5,7718,0.0,4,-2.0,0,0,16433.4,38.1652439,-122.4607236,17.3,56.8,0,0,0
604.20,147.3,91.5,7636,0.0,4,-2.4,0,0,16437.3,38.1652597,-122.4607629,17.3,56.8,0,0,0
604.30,146.0,90.7,7542,0.0,4,-2.3,0,0,16441.1,38.1652752,-122.4608020,17.3,56.8,0,0,0
604.40,144.3,89.7,7456,0.0,4,-2.1,0,0,16444.9,38.1652907,-122.4608409,17.3,56.8,0,0,0
604.50,142.5,88.6,7382,0.0,4,-2.1,0,0,16448.7,38.1653059,-122.4608796,17.3,56.8,0,0,0
604.60,140.7,87.4,7269,0.0,4,-1.9,0,0,16452.4,38.1653210,-122.4609176,17.3,56.8,0,0,0
604.70,138.8,86.2,7172,0.0,4,-1.4,0,0,16456.1,38.1653359,-122.4609552,17.3,56.8,0,0,0
604.80,137.2,85.2,7089,0.0,4,-1.1,0,0,16459.7,38.1653506,-122.4609923,19.2,63.0,0,0,0
604.90,135.5,84.2,7001,0.0,4,-1.2,0,0,16463.3,38.1653649,-122.4610289,19.2,63.0,0,0,0
605.00,133.3,82.9,6882,0.0,4,-1.0,0,0,16466.8,38.1653790,-122.4610649,19.2,63.0,0,0,0
605.10,131.4,81.7,6777,0.0,4,-0.9,0,0,16470.3,38.1653930,-122.4611006,19.2,63.0,0,0,0
605.20,129.3,80.3,6660,0.0,4,-1.0,0,0,16473.8,38.1654069,-122.4611359,19.2,63.0,0,0,0
605.30,126.9,78.9,6584,0.0,4,-1.4,0,0,16477.2,38.1654206,-122.4611706,19.2,63.0,0,0,0
605.40,125.3,77.9,7507,0.0,4,-1.4,0,0,16480.5,38.1654339,-122.4612049,19.2,63.0,0,0,0
605.50,120.4,74.8,7852,0.0,3,-1.4,0,0,16483.8,38.1654470,-122.4612386,19.2,63.0,0,0,0
605.60,121.8,75.7,7457,0.0,3,-1.5,0,0,16487.0,38.1654600,-122.4612716,19.2,63.0,0,0,0
605.70,120.1,74.6,7410,0.0,3,-1.9,0,0,16490.2,38.1654729,-122.4613039,19.2,63.0,0,0,0
605.80,117.1,72.8,7308,0.0,3,-2.1,0,0,16493.3,38.1654856,-122.4613359,20.9,68.6,0,0,0
605.90,116.4,72.3,7239,0.0,3,-1.8,0,0,16496.4,38.1654979,-122.4613676,20.9,68.6,0,0,0
606.00,115.5,71.8,7167,0.0,3,-1.6,0,0,16499.5,38.1655100,-122.4613989,20.9,68.6,0,0,0
606.10,113.8,70.7,7064,0.0,3,-1.3,0,0,16502.5,38.1655220,-122.4614296,20.9,68.6,0,0,0
606.20,112.4,69.9,7018,0.0,3,-1.2,0,0,16505.4,38.1655340,-122.4614599,20.9,68.6,0,0,0
606.30,111.4,69.2,6942,0.0,3,-0.9,0,0,16508.4,38.1655459,-122.4614899,20.9,68.6,0,0,0
606.40,110.3,68.5,6847,0.0,3,-0.7,0,0,16511.3,38.1655576,-122.4615196,20.9,68.6,0,0,0
606.50,108.3,67.3,7967,0.0,3,-0.3,0,0,16514.1,38.1655689,-122.4615489,20.9,68.6,0,0,0
606.60,101.9,63.3,8387,0.0,2,0.2,0,0,16516.9,38.1655800,-122.4615779,20.9,68.6,0,0,0
606.70,105.5,65.6,8041,0.0,2,0.4,0,0,16519.7,38.1655910,-122.4616064,20.9,68.6,0,0,0
606.80,104.5,64.9,8086,0.0,2,0.6,0,0,16522.5,38.1656020,-122.4616345,22.9,75.1,0,0,0
606.90,102.9,63.9,7956,0.0,2,0.6,0,0,16525.2,38.1656130,-122.4616624,22.9,75.1,0,0,0
607.00,101.5,63.0,7884,0.0,2,0.3,0,0,16527.9,38.1656239,-122.4616899,22.9,75.1,0,0,0
607.10,100.0,62.1,7768,0.0,2,0.2,0,0,16530.5,38.1656347,-122.4617169,22.9,75.1,0,0,0
607.20,99.0,61.5,7708,0.0,2,-0.7,0,0,16533.1,38.1656452,-122.4617437,22.9,75.1,0,0,0
607.30,97.8,60.8,7597,0.0,2,-1.5,0,0,16535.7,38.1656557,-122.4617702,22.9,75.1,0,0,0
607.40,96.8,60.1,7540,0.0,2,-1.7,0,0,16538.3,38.1656659,-122.4617964,22.9,75.1,0,0,0
607.50,95.9,59.6,7428,0.0,2,-1.3,0,0,16540.8,38.1656760,-122.4618222,22.9,75.1,0,0,0
607.60,94.8,58.9,7355,0.0,2,-0.3,0,0,16543.3,38.1656859,-122.4618477,22.9,75.1,0,0,0
607.70,93.5,58.1,7234,0.0,2,0.5,0,0,16545.8,38.1656957,-122.4618729,22.9,75.1,0,0,0
607.80,92.3,57.4,7160,0.0,2,1.2,0,0,16548.2,38.1657052,-122.4618980,24.4,80.1,0,0,0
607.90,91.0,56.6,7069,0.0,2,1.5,0,0,16550.6,38.1657148,-122.4619229,24.4,80.1,0,0,0
608.00,90.2,56.0,7018,0.0,2,1.5,0,0,16553.0,38.1657242,-122.4619476,24.4,80.1,0,0,0
608.10,89.1,55.3,6945,0.0,2,1.5,0,0,16555.4,38.1657337,-122.4619716,24.4,80.1,0,0,0
608.20,88.1,54.8,6873,0.0,2,1.4,0,0,16557.7,38.1657429,-122.4619952,24.4,80.1,0,0,0
608.30,86.8,53.9,6722,0.0,2,0.4,0,0,16560.0,38.1657520,-122.4620187,24.4,80.1,0,0,0
608.40,85.8,53.3,6645,0.0,2,-1.0,0,0,16562.2,38.1657610,-122.4620419,24.4,80.1,0,0,0
608.50,84.7,52.6,6555,0.0,2,-1.3,0,0,16564.5,38.1657700,-122.4620649,24.4,80.1,0,0,0
608.60,83.5,51.9,6504,0.0,2,-0.5,0,0,16566.7,38.1657790,-122.4620876,24.4,80.1,0,0,0
608.70,82.5,51.3,6413,0.0,2,1.6,0,0,16568.9,38.1657880,-122.4621099,24.4,80.1,0,0,0
608.80,81.8,50.8,6308,0.0,2,3.8,0,0,16571.0,38.1657970,-122.4621319,25.6,84.0,0,0,0
608.90,80.5,50.0,6285,0.0,2,5.7,0,0,16573.2,38.1658060,-122.4621536,25.6,84.0,0,0,0
609.00,79.9,49.7,6231,0.0,2,7.6,0,0,16575.3,38.1658150,-122.4621749,25.6,84.0,0,0,0
609.10,79.4,49.3,6173,0.0,2,9.7,0,0,16577.4,38.1658240,-122.4621960,25.6,84.0,0,0,0
609.20,78.4,48.7,6094,0.0,2,12.2,0,0,16579.5,38.1658330,-122.4622169,25.6,84.0,0,0,0
609.30,77.6,48.2,6065,0.0,2,15.0,0,0,16581.6,38.1658420,-122.4622376,25.6,84.0,0,0,0
609.40,77.0,47.9,6022,0.0,2,17.2,0,0,16583.6,38.1658510,-122.4622576,25.6,84.0,0,0,0
609.50,76.4,47.5,5962,0.0,2,18.8,0,0,16585.5,38.1658601,-122.4622769,25.6,84.0,0,0,0
609.60,75.9,47.2,5915,2.0,2,20.3,0,0,16587.5,38.1658693,-122.4622959,25.6,84.0,0,0,0
609.70,74.9,46.6,5824,0.0,2,21.8,0,0,16589.4,38.1658788,-122.4623146,25.6,84.0,0,0,0
609.80,74.2,46.1,5771,1.5,2,23.4,0,0,16591.4,38.1658883,-122.4623329,26.4,86.6,0,0,0
609.90,73.4,45.6,5755,5.0,2,25.6,0,0,16593.2,38.1658981,-122.4623506,26.4,86.6,0,0,0
610.00,73.0,45.3,5735,7.0,2,27.5,0,0,16595.1,38.1659081,-122.4623679,26.4,86.6,0,0,0
610.10,73.1,45.4,5720,9.0,2,29.1,0,0,16597.0,38.1659183,-122.4623846,26.4,86.6,0,0,0
610.20,73.0,45.3,5877,14.5,2,30.3,0,0,16598.8,38.1659288,-122.4624009,26.4,86.6,0,0,0
610.30,72.6,45.1,5809,19.0,2,31.0,0,0,16600.6,38.1659394,-122.4624166,26.4,86.6,0,0,0
610.40,73.4,45.6,5768,19.0,2,31.6,0,0,16602.4,38.1659504,-122.4624316,26.4,86.6,0,0,0
610.50,72.8,45.3,5730,18.0,2,32.2,0,0,16604.2,38.1659621,-122.4624459,26.4,86.6,0,0,0
610.60,73.0,45.4,5681,15.5,2,33.2,0,0,16606.0,38.1659741,-122.4624599,26.4,86.6,0,0,0
610.70,72.7,45.2,5742,9.0,2,34.7,0,0,16607.8,38.1659863,-122.4624736,26.4,86.6,0,0,0
610.80,73.0,45.4,5639,9.0,2,36.3,0,0,16609.6,38.1659988,-122.4624865,26.9,88.3,0,0,0
610.90,72.3,44.9,5611,9.5,2,37.5,0,0,16611.4,38.1660113,-122.4624986,26.9,88.3,0,0,0
611.00,72.0,44.7,5595,9.5,2,37.7,0,0,16613.1,38.1660241,-122.4625099,26.9,88.3,0,0,0
611.10,71.2,44.2,5458,8.0,2,37.8,0,0,16614.9,38.1660374,-122.4625206,26.9,88.3,0,0,0
611.20,70.7,43.9,5413,8.0,2,38.3,0,0,16616.6,38.1660511,-122.4625305,26.9,88.3,0,0,0
611.30,69.7,43.3,5503,8.5,2,38.6,0,0,16618.3,38.1660650,-122.4625396,26.9,88.3,0,0,0
611.40,70.0,43.5,5504,9.0,2,38.9,0,0,16620.1,38.1660790,-122.4625479,26.9,88.3,0,0,0
611.50,69.5,43.2,5497,9.0,2,39.4,0,0,16621.8,38.1660930,-122.4625556,26.9,88.3,0,0,0
611.60,69.2,43.0,5421,8.5,2,40.1,0,0,16623.4,38.1661071,-122.4625626,26.9,88.3,0,0,0
611.70,69.0,42.9,5435,8.5,2,40.7,0,0,16625.1,38.1661213,-122.4625688,26.9,88.3,0,0,0
611.80,68.4,42.5,5565,11.0,2,41.1,0,0,16626.8,38.1661357,-122.4625742,27.2,89.2,0,0,0
611.90,68.1,42.3,5341,11.0,2,41.1,0,0,16628.4,38.1661500,-122.4625785,27.2,89.2,0,0,0
612.00,68.2,42.4,5409,11.0,2,41.2,0,0,16630.0,38.1661643,-122.4625818,27.2,89.2,0,0,0
612.10,68.2,42.4,5365,17.0,2,41.1,0,0,16631.7,38.1661788,-122.4625843,27.2,89.2,0,0,0
612.20,68.3,42.4,5356,19.0,2,40.9,0,0,16633.3,38.1661933,-122.4625858,27.2,89.2,0,0,0
612.30,68.0,42.2,5344,20.0,2,40.5,0,0,16634.9,38.1662080,-122.4625865,27.2,89.2,0,0,0
612.40,68.1,42.3,5377,20.0,2,40.3,0,0,16636.6,38.1662227,-122.4625862,27.2,89.2,0,0,0
612.50,68.3,42.4,5378,20.0,2,40.2,0,0,16638.2,38.1662373,-122.4625848,27.2,89.2,0,0,0
612.60,68.1,42.3,5393,20.5,2,40.3,0,0,16639.8,38.1662520,-122.4625826,27.2,89.2,0,0,0
612.70,68.8,42.7,5405,20.5,2,40.5,0,0,16641.5,38.1662666,-122.4625796,27.2,89.2,0,0,0
612.80,68.8,42.7,5429,20.5,2,40.5,0,0,16643.1,38.1662809,-122.4625758,27.6,90.6,0,0,0
612.90,69.2,43.0,5445,22.0,2,40.3,0,0,16644.7,38.1662950,-122.4625712,27.6,90.6,0,0,0
613.00,69.2,43.0,5452,22.0,2,40.1,0,0,16646.3,38.1663090,-122.4625655,27.6,90.6,0,0,0
613.10,69.3,43.1,5458,22.0,2,39.9,0,0,16648.0,38.1663230,-122.4625586,27.6,90.6,0,0,0
613.20,69.6,43.2,5457,22.0,2,39.9,0,0,16649.7,38.1663369,-122.4625508,27.6,90.6,0,0,0
613.30,69.4,43.1,5479,23.0,2,39.6,0,0,16651.4,38.1663506,-122.4625423,27.6,90.6,0,0,0
613.40,69.6,43.2,5464,23.0,2,39.1,0,0,16653.1,38.1663639,-122.4625328,27.6,90.6,0,0,0
613.50,69.4,43.1,5505,23.0,2,38.8,0,0,16654.8,38.1663766,-122.4625226,27.6,90.6,0,0,0
613.60,69.8,43.4,5537,23.0,2,38.8,0,0,16656.4,38.1663889,-122.4625118,27.6,90.6,0,0,0
613.70,70.3,43.7,5553,23.0,2,39.0,0,0,16658.1,38.1664010,-122.4625003,27.6,90.6,0,0,0
613.80,70.7,43.9,5604,23.0,2,39.1,0,0,16659.8,38.1664129,-122.4624879,27.8,91.2,0,0,0
613.90,71.2,44.2,5613,23.0,2,39.4,0,0,16661.5,38.1664246,-122.4624749,27.8,91.2,0,0,0
614.00,71.4,44.4,5645,23.5,2,39.8,0,0,16663.3,38.1664359,-122.4624616,27.8,91.2,0,0,0
614.10,71.8,44.6,5684,23.5,2,39.9,0,0,16665.0,38.1664466,-122.4624475,27.8,91.2,0,0,0
614.20,72.5,45.0,5680,24.0,2,40.2,0,0,16666.7,38.1664566,-122.4624326,27.8,91.2,0,0,0
614.30,72.3,44.9,5720,24.5,2,40.2,0,0,16668.4,38.1664662,-122.4624169,27.8,91.2,0,0,0
614.40,72.8,45.3,5755,25.0,2,39.9,0,0,16670.2,38.1664753,-122.4624009,27.8,91.2,0,0,0
614.50,73.3,45.5,5748,25.5,2,39.8,0,0,16671.9,38.1664839,-122.4623843,27.8,91.2,0,0,0
614.60,73.5,45.7,5780,26.0,2,39.3,0,0,16673.6,38.1664919,-122.4623671,27.8,91.2,0,0,0
614.70,73.6,45.8,5785,26.0,2,38.8,0,0,16675.4,38.1664996,-122.4623494,27.8,91.2,0,0,0
614.80,73.9,45.9,5847,26.0,2,39.1,0,0,16677.2,38.1665066,-122.4623311,27.7,90.9,0,0,0
614.90,74.6,46.4,5924,26.0,2,39.7,0,0,16679.0,38.1665129,-122.4623124,27.7,90.9,0,0,0
615.00,75.2,46.7,5927,27.5,2,40.5,0,0,16680.8,38.1665186,-122.4622932,27.7,90.9,0,0,0
615.10,75.7,47.1,6072,30.5,2,41.3,0,0,16682.6,38.1665236,-122.4622736,27.7,90.9,0,0,0
615.20,77.2,48.0,6079,30.5,2,41.4,0,0,16684.4,38.1665279,-122.4622536,27.7,90.9,0,0,0
615.30,77.5,48.2,6150,33.0,2,41.4,0,0,16686.2,38.1665316,-122.4622329,27.7,90.9,0,0,0
615.40,78.0,48.4,6237,36.0,2,41.2,0,0,16688.1,38.1665346,-122.4622120,27.7,90.9,0,0,0
615.50,79.1,49.1,6242,37.0,2,41.0,0,0,16689.9,38.1665368,-122.4621909,27.7,90.9,0,0,0
615.60,79.6,49.5,6321,37.5,2,40.9,0,0,16691.8,38.1665383,-122.4621693,27.7,90.9,0,0,0
615.70,80.7,50.2,6351,41.5,2,40.7,0,0,16693.8,38.1665388,-122.4621472,27.7,90.9,0,0,0
615.80,81.3,50.5,6512,45.5,2,40.4,0,0,16695.7,38.1665386,-122.4621248,27.4,89.9,0,0,0
615.90,83.1,51.6,6588,51.5,2,40.1,0,0,16697.7,38.1665378,-122.4621022,27.4,89.9,0,0,0
616.00,83.9,52.1,6731,54.5,2,39.6,0,0,16699.7,38.1665363,-122.4620797,27.4,89.9,0,0,0
616.10,84.7,52.6,6802,59.5,2,38.7,0,0,16701.7,38.1665338,-122.4620569,27.4,89.9,0,0,0
616.20,86.6,53.8,6935,58.5,2,38.2,0,0,16703.7,38.1665306,-122.4620340,27.4,89.9,0,0,0
616.30,88.1,54.8,7083,58.5,2,38.0,0,0,16705.8,38.1665268,-122.4620109,27.4,89.9,0,0,0
616.40,90.1,56.0,7149,59.5,2,37.6,0,0,16707.9,38.1665223,-122.4619877,27.4,89.9,0,0,0
616.50,91.4,56.8,7298,64.5,2,37.2,0,0,16710.0,38.1665171,-122.4619642,27.4,89.9,0,0,0
616.60,93.2,57.9,7489,65.5,2,36.5,0,0,16712.2,38.1665113,-122.4619407,27.4,89.9,0,0,0
616.70,94.8,58.9,7546,65.5,2,35.7,0,0,16714.4,38.1665045,-122.4619169,27.4,89.9,0,0,0
616.80,96.4,59.9,7726,66.5,2,34.8,0,0,16716.6,38.1664969,-122.4618930,27.3,89.6,0,0,0
616.90,98.8,61.4,7866,66.5,2,34.0,0,0,16718.9,38.1664886,-122.4618689,27.3,89.6,0,0,0
617.00,100.3,62.3,7992,67.5,2,32.9,0,0,16721.3,38.1664798,-122.4618447,27.3,89.6,0,0,0
617.10,101.9,63.3,8056,67.5,2,31.4,0,0,16723.7,38.1664703,-122.4618202,27.3,89.6,0,0,0
617.20,102.6,63.8,8208,67.5,2,29.6,0,0,16726.1,38.1664599,-122.4617957,27.3,89.6,0,0,0
617.30,104.6,65.0,8288,67.5,2,27.7,0,0,16728.6,38.1664489,-122.4617709,27.3,89.6,0,0,0
617.40,105.5,65.6,8397,67.5,2,25.7,0,0,16731.1,38.1664376,-122.4617459,27.3,89.6,0,0,0
617.50,106.8,66.4,8499,68.0,2,23.5,0,0,16733.7,38.1664256,-122.4617206,27.3,89.6,0,0,0
617.60,108.0,67.1,8504,68.0,2,21.2,0,0,16736.3,38.1664129,-122.4616949,27.3,89.6,0,0,0
617.70,107.4,66.8,6385,68.5,2,18.7,0,0,16739.0,38.1663996,-122.4616691,27.3,89.6,0,0,0
617.80,105.9,65.8,6730,66.0,3,16.9,0,0,16741.8,38.1663856,-122.4616433,26.5,86.9,0,0,0
617.90,108.3,67.3,6939,68.0,3,15.5,0,0,16744.5,38.1663712,-122.4616177,26.5,86.9,0,0,0
618.00,110.2,68.5,6999,72.0,3,14.3,0,0,16747.3,38.1663567,-122.4615919,26.5,86.9,0,0,0
618.10,111.4,69.2,7068,76.5,3,13.0,0,0,16750.1,38.1663419,-122.4615657,26.5,86.9,0,0,0
618.20,112.5,69.9,7195,77.5,3,11.2,0,0,16753.0,38.1663266,-122.4615393,26.5,86.9,0,0,0
618.30,114.1,70.9,7264,77.5,3,9.2,0,0,16755.9,38.1663109,-122.4615130,26.5,86.9,0,0,0
618.40,115.5,71.8,7366,77.5,3,7.1,0,0,16758.8,38.1662949,-122.4614866,26.5,86.9,0,0,0
618.50,117.0,72.7,7472,78.0,3,5.0,0,0,16761.8,38.1662786,-122.4614596,26.5,86.9,0,0,0
618.60,119.1,74.0,7568,78.0,3,2.7,0,0,16764.8,38.1662619,-122.4614322,26.5,86.9,0,0,0
618.70,120.3,74.7,7677,77.5,3,0.7,0,0,16767.9,38.1662449,-122.4614047,26.5,86.9,0,0,0
618.80,121.7,75.6,7789,77.5,3,-1.3,0,0,16771.0,38.1662276,-122.4613769,26.0,85.3,0,0,0
618.90,123.9,77.0,7904,77.5,3,-3.1,0,0,16774.1,38.1662099,-122.4613487,26.0,85.3,0,0,0
619.00,125.6,78.0,8059,77.5,3,-4.7,0,0,16777.3,38.1661920,-122.4613202,26.0,85.3,0,0,0
619.10,127.2,79.1,8142,77.5,3,-6.4,0,0,16780.5,38.1661739,-122.4612914,26.0,85.3,0,0,0
619.20,129.6,80.5,8290,77.5,3,-8.2,0,0,16783.8,38.1661556,-122.4612621,26.0,85.3,0,0,0
619.30,131.7,81.8,8444,77.0,3,-10.3,0,0,16787.1,38.1661369,-122.4612323,26.0,85.3,0,0,0
619.40,133.8,83.1,8504,72.5,3,-12.4,0,0,16790.5,38.1661180,-122.4612019,26.0,85.3,0,0,0
619.50,135.2,84.0,8564,67.5,3,-14.6,0,0,16793.9,38.1660990,-122.4611710,26.0,85.3,0,0,0
619.60,136.9,85.1,8684,65.0,3,-16.7,0,0,16797.4,38.1660800,-122.4611399,26.0,85.3,0,0,0
619.70,138.7,86.2,8832,63.5,3,-19.0,0,0,16800.8,38.1660609,-122.4611086,26.0,85.3,0,0,0
619.80,140.8,87.5,8940,62.0,3,-20.8,0,0,16804.4,38.1660417,-122.4610766,25.1,82.3,0,0,0
619.90,142.1,88.3,8985,57.5,3,-22.5,0,0,16807.9,38.1660223,-122.4610439,25.1,82.3,0,0,0
620.00,143.0,88.9,9031,55.0,3,-23.8,0,0,16811.5,38.1660031,-122.4610109,25.1,82.3,0,0,0
620.10,143.8,89.3,9111,54.5,3,-24.8,0,0,16815.1,38.1659840,-122.4609776,25.1,82.3,0,0,0
620.20,144.6,89.9,9161,54.5,3,-24.9,0,0,16818.8,38.1659650,-122.4609439,25.1,82.3,0,0,0
620.30,145.7,90.5,8520,54.5,3,-24.4,0,0,16822.4,38.1659461,-122.4609099,25.1,82.3,0,0,0
620.40,153.0,95.1,7651,52.5,4,-24.6,0,0,16826.1,38.1659273,-122.4608756,25.1,82.3,0,0,0
620.50,146.9,91.3,7622,45.0,4,-24.8,0,0,16829.7,38.1659088,-122.4608409,25.1,82.3,0,0,0
620.60,146.5,91.0,7648,36.0,4,-25.4,0,0,16833.4,38.1658903,-122.4608059,25.1,82.3,0,0,0
620.70,146.0,90.7,7653,28.0,4,-26.1,0,0,16837.1,38.1658721,-122.4607706,25.1,82.3,0,0,0
620.80,145.6,90.5,7125,0.0,4,-26.4,0,0,16840.8,38.1658543,-122.4607349,23.5,77.1,0,0,0
620.90,140.6,87.4,7404,0.0,4,-25.7,0,0,16844.5,38.1658368,-122.4606990,23.5,77.1,0,0,0
621.00,142.2,88.4,7388,0.0,4,-23.4,0,0,16848.2,38.1658196,-122.4606630,23.5,77.1,0,0,0
621.10,141.6,88.0,7346,0.0,4,-20.7,0,0,16851.8,38.1658028,-122.4606270,23.5,77.1,0,0,0
621.20,140.2,87.1,7264,0.0,4,-17.5,0,0,16855.5,38.1657863,-122.4605910,23.5,77.1,0,0,0
621.30,138.9,86.3,7186,0.0,4,-13.8,0,0,16859.1,38.1657701,-122.4605550,23.5,77.1,0,0,0
621.40,137.6,85.5,7164,0.0,4,-10.3,0,0,16862.7,38.1657543,-122.4605190,23.5,77.1,0,0,0
621.50,136.9,85.1,7162,0.0,4,-6.9,0,0,16866.3,38.1657388,-122.4604831,23.5,77.1,0,0,0
621.60,136.4,84.7,7080,0.0,4,-3.9,0,0,16869.9,38.1657233,-122.4604474,23.5,77.1,0,0,0
621.70,135.3,84.1,6990,0.0,4,0.7,0,0,16873.4,38.1657080,-122.4604120,23.5,77.1,0,0,0
621.80,134.5,83.6,7039,0.0,4,6.3,0,0,16876.9,38.1656927,-122.4603768,22.2,72.8,0,0,0
621.90,134.8,83.8,7072,0.0,4,10.9,0,0,16880.4,38.1656773,-122.4603416,22.2,72.8,0,0,0
622.00,134.9,83.8,7067,0.0,4,15.3,0,0,16883.9,38.1656620,-122.4603068,22.2,72.8,0,0,0
622.10,134.9,83.8,7062,0.0,4,19.9,0,0,16887.4,38.1656467,-122.4602720,22.2,72.8,0,0,0
622.20,135.3,84.0,7092,0.0,4,23.0,0,0,16890.9,38.1656312,-122.4602374,22.2,72.8,0,0,0
622.30,135.5,84.2,7087,0.0,4,24.7,0,0,16894.3,38.1656157,-122.4602031,22.2,72.8,0,0,0
622.40,135.4,84.1,7081,0.0,4,26.3,0,0,16897.8,38.1655999,-122.4601694,22.2,72.8,0,0,0
622.50,135.1,84.0,7051,0.0,4,27.3,0,0,16901.2,38.1655836,-122.4601361,22.2,72.8,0,0,0
622.60,134.5,83.6,7018,0.0,4,27.5,0,0,16904.6,38.1655669,-122.4601034,22.2,72.8,0,0,0
622.70,133.9,83.2,6988,0.0,4,27.6,0,0,16908.0,38.1655500,-122.4600711,22.2,72.8,0,0,0
622.80,133.0,82.7,6921,0.0,4,26.5,0,0,16911.4,38.1655329,-122.4600394,20.7,67.9,0,0,0
622.90,132.0,82.0,6864,0.0,4,25.2,0,0,16914.7,38.1655156,-122.4600081,20.7,67.9,0,0,0
623.00,130.9,81.4,6797,0.0,4,23.2,0,0,16918.1,38.1654976,-122.4599771,20.7,67.9,0,0,0
623.10,129.4,80.4,6695,0.0,4,19.9,0,0,16921.4,38.1654792,-122.4599467,20.7,67.9,0,0,0
623.20,127.8,79.4,6669,0.0,4,16.9,0,0,16924.8,38.1654607,-122.4599169,20.7,67.9,0,0,0
623.30,127.1,78.9,6585,0.0,4,14.8,0,0,16928.1,38.1654420,-122.4598876,20.7,67.9,0,0,0
623.40,125.9,78.3,6529,0.0,4,12.7,0,0,16931.3,38.1654233,-122.4598588,20.7,67.9,0,0,0
623.50,125.4,77.9,6536,0.0,4,11.8,0,0,16934.6,38.1654047,-122.4598303,20.7,67.9,0,0,0
623.60,124.7,77.5,6491,0.0,4,10.5,0,0,16937.8,38.1653859,-122.4598020,20.7,67.9,0,0,0
623.70,123.9,77.0,6419,0.0,4,7.7,0,0,16941.0,38.1653670,-122.4597737,20.7,67.9,0,0,0
623.80,122.7,76.3,6385,0.0,4,3.4,0,0,16944.3,38.1653480,-122.4597453,19.5,64.0,0,0,0
623.90,121.9,75.8,6394,0.0,4,-0.3,0,0,16947.5,38.1653291,-122.4597171,19.5,64.0,0,0,0
624.00,121.9,75.8,6331,0.0,4,-3.2,0,0,16950.7,38.1653104,-122.4596893,19.5,64.0,0,0,0
624.10,121.0,75.2,6368,10.0,4,-6.9,0,0,16953.9,38.1652921,-122.4596617,19.5,64.0,0,0,0
624.20,121.5,75.5,6412,12.0,4,-10.9,0,0,16957.0,38.1652740,-122.4596339,19.5,64.0,0,0,0
624.30,121.3,75.4,6507,11.5,4,-14.3,0,0,16960.2,38.1652560,-122.4596060,19.5,64.0,0,0,0
624.40,121.1,75.3,6398,20.0,4,-17.6,0,0,16963.4,38.1652381,-122.4595780,19.5,64.0,0,0,0
624.50,122.5,76.1,6444,16.0,4,-21.0,0,0,16966.5,38.1652204,-122.4595500,19.5,64.0,0,0,0
624.60,122.9,76.4,6500,17.5,4,-24.7,0,0,16969.6,38.1652031,-122.4595219,19.5,64.0,0,0,0
624.70,124.0,77.1,6545,19.5,4,-27.5,0,0,16972.7,38.1651861,-122.4594936,19.5,64.0,0,0,0
624.80,125.0,77.6,6556,23.0,4,-29.6,0,0,16975.9,38.1651694,-122.4594649,18.5,60.7,0,0,0
624.90,125.4,77.9,6626,27.0,4,-31.5,0,0,16979.0,38.1651531,-122.4594356,18.5,60.7,0,0,0
625.00,126.7,78.7,6659,27.5,4,-33.5,0,0,16982.1,38.1651374,-122.4594059,18.5,60.7,0,0,0
625.10,127.1,79.0,6674,30.5,4,-34.8,0,0,16985.2,38.1651221,-122.4593759,18.5,60.7,0,0,0
625.20,127.6,79.3,6705,34.0,4,-35.0,0,0,16988.4,38.1651071,-122.4593456,18.5,60.7,0,0,0
625.30,127.9,79.5,6665,36.0,4,-34.3,0,0,16991.5,38.1650924,-122.4593149,18.5,60.7,0,0,0
625.40,127.6,79.3,6670,35.5,4,-33.1,0,0,16994.6,38.1650784,-122.4592839,18.5,60.7,0,0,0
625.50,127.4,79.1,6689,37.0,4,-32.0,0,0,16997.8,38.1650651,-122.4592526,18.5,60.7,0,0,0
625.60,127.8,79.4,6722,40.5,4,-31.8,0,0,17000.9,38.1650524,-122.4592206,18.5,60.7,0,0,0
625.70,128.3,79.7,6739,41.0,4,-32.2,0,0,17004.1,38.1650401,-122.4591879,18.5,60.7,0,0,0
625.80,128.0,79.5,6731,39.0,4,-32.1,0,0,17007.2,38.1650281,-122.4591550,17.6,57.7,0,0,0
625.90,128.4,79.8,6771,43.5,4,-32.7,0,0,17010.4,38.1650164,-122.4591219,17.6,57.7,0,0,0
626.00,130.1,80.9,6837,45.0,4,-33.8,0,0,17013.6,38.1650054,-122.4590886,17.6,57.7,0,0,0
626.10,130.7,81.2,6840,43.0,4,-34.3,0,0,17016.7,38.1649951,-122.4590549,17.6,57.7,0,0,0
626.20,130.6,81.1,6834,45.0,4,-33.9,0,0,17019.9,38.1649851,-122.4590206,17.6,57.7,0,0,0
626.30,131.4,81.7,6938,49.5,4,-33.7,0,0,17023.1,38.1649754,-122.4589859,17.6,57.7,0,0,0
626.40,132.5,82.3,6977,49.5,4,-33.7,0,0,17026.4,38.1649664,-122.4589509,17.6,57.7,0,0,0
626.50,132.7,82.5,6939,48.0,4,-33.4,0,0,17029.6,38.1649581,-122.4589156,17.6,57.7,0,0,0
626.60,132.5,82.3,6929,51.0,4,-32.8,0,0,17032.8,38.1649501,-122.4588799,17.6,57.7,0,0,0
626.70,132.4,82.3,7016,52.5,4,-32.3,0,0,17036.1,38.1649427,-122.4588439,17.6,57.7,0,0,0
626.80,133.4,82.9,6916,50.5,4,-30.8,0,0,17039.3,38.1649358,-122.4588076,16.3,53.5,0,0,0
626.90,132.2,82.2,6916,50.5,4,-28.1,0,0,17042.6,38.1649294,-122.4587709,16.3,53.5,0,0,0
627.00,131.8,81.9,6856,51.0,4,-23.9,0,0,17045.9,38.1649235,-122.4587339,16.3,53.5,0,0,0
627.10,130.7,81.2,6856,48.5,4,-20.3,0,0,17049.2,38.1649184,-122.4586967,16.3,53.5,0,0,0
627.20,130.9,81.4,6828,48.0,4,-16.3,0,0,17052.5,38.1649140,-122.4586592,16.3,53.5,0,0,0
627.30,130.1,80.9,6798,48.0,4,-11.4,0,0,17055.9,38.1649098,-122.4586216,16.3,53.5,0,0,0
627.40,130.3,81.0,6842,48.0,4,-6.4,0,0,17059.2,38.1649055,-122.4585836,16.3,53.5,0,0,0
627.50,131.1,81.4,6902,46.0,4,1.1,0,0,17062.6,38.1649015,-122.4585453,16.3,53.5,0,0,0
627.60,131.8,81.9,6927,44.0,4,9.4,0,0,17066.0,38.1648972,-122.4585071,16.3,53.5,0,0,0
627.70,132.5,82.3,6992,44.0,4,14.8,0,0,17069.3,38.1648930,-122.4584689,16.3,53.5,0,0,0
627.80,133.8,83.1,7094,44.5,4,19.1,0,0,17072.7,38.1648886,-122.4584307,14.7,48.2,0,0,0
627.90,135.1,84.0,7171,43.5,4,23.3,0,0,17076.1,38.1648839,-122.4583922,14.7,48.2,0,0,0
628.00,137.2,85.2,7249,42.5,4,27.4,0,0,17079.5,38.1648786,-122.4583538,14.7,48.2,0,0,0
628.10,138.9,86.3,7337,43.0,4,30.0,0,0,17083.0,38.1648729,-122.4583153,14.7,48.2,0,0,0
628.20,139.8,86.9,7387,43.0,4,31.9,0,0,17086.4,38.1648666,-122.4582771,14.7,48.2,0,0,0
628.30,140.8,87.5,7415,43.0,4,33.5,0,0,17089.8,38.1648599,-122.4582390,14.7,48.2,0,0,0
628.40,141.9,88.2,7441,45.0,4,34.8,0,0,17093.2,38.1648526,-122.4582010,14.7,48.2,0,0,0
628.50,142.3,88.4,7506,54.5,4,35.4,0,0,17096.6,38.1648449,-122.4581630,14.7,48.2,0,0,0
628.60,143.4,89.1,7519,59.5,4,34.9,0,0,17100.1,38.1648366,-122.4581250,14.7,48.2,0,0,0
628.70,143.1,88.9,7500,60.5,4,33.8,0,0,17103.6,38.1648275,-122.4580871,14.7,48.2,0,0,0
628.80,143.8,89.4,7570,64.0,4,33.1,0,0,17107.0,38.1648176,-122.4580493,13.3,43.6,0,0,0
628.90,144.8,90.0,7597,65.5,4,32.6,0,0,17110.5,38.1648069,-122.4580118,13.3,43.6,0,0,0
629.00,144.8,90.0,7624,69.0,4,31.7,0,0,17114.0,38.1647959,-122.4579743,13.3,43.6,0,0,0
629.10,145.4,90.4,7647,72.0,4,30.5,0,0,17117.5,38.1647843,-122.4579371,13.3,43.6,0,0,0
629.20,146.0,90.7,7681,73.5,4,29.3,0,0,17121.1,38.1647719,-122.4578999,13.3,43.6,0,0,0
629.30,146.4,91.0,7675,73.5,4,28.3,0,0,17124.6,38.1647589,-122.4578627,13.3,43.6,0,0,0
629.40,146.5,91.1,7691,73.5,4,27.5,0,0,17128.2,38.1647456,-122.4578252,13.3,43.6,0,0,0
629.50,147.1,91.4,7736,73.5,4,26.6,0,0,17131.8,38.1647316,-122.4577878,13.3,43.6,0,0,0
629.60,148.1,92.0,7760,72.5,4,26.1,0,0,17135.5,38.1647172,-122.4577502,13.3,43.6,0,0,0
629.70,148.7,92.4,7785,67.0,4,26.0,0,0,17139.2,38.1647024,-122.4577128,13.3,43.6,0,0,0
629.80,149.0,92.6,7785,64.5,4,26.5,0,0,17142.8,38.1646872,-122.4576753,12.8,42.0,0,0,0
629.90,149.3,92.8,7854,64.5,4,27.0,0,0,17146.5,38.1646716,-122.4576381,12.8,42.0,0,0,0
630.00,150.6,93.6,7927,64.5,4,27.5,0,0,17150.2,38.1646556,-122.4576010,12.8,42.0,0,0,0
630.10,151.6,94.2,7968,64.5,4,27.7,0,0,17154.0,38.1646389,-122.4575640,12.8,42.0,0,0,0
630.20,151.8,94.3,7988,66.0,4,27.4,0,0,17157.7,38.1646216,-122.4575270,12.8,42.0,0,0,0
630.30,152.4,94.7,7985,65.5,4,26.4,0,0,17161.5,38.1646039,-122.4574900,12.8,42.0,0,0,0
630.40,152.8,94.9,8024,62.5,4,25.3,0,0,17165.3,38.1645859,-122.4574531,12.8,42.0,0,0,0
630.50,153.3,95.3,7975,56.5,4,24.4,0,0,17169.1,38.1645676,-122.4574163,12.8,42.0,0,0,0
630.60,152.2,94.6,7958,54.5,4,23.2,0,0,17172.9,38.1645489,-122.4573798,12.8,42.0,0,0,0
630.70,152.1,94.5,7964,51.5,4,21.8,0,0,17176.8,38.1645297,-122.4573433,12.8,42.0,0,0,0
630.80,153.0,95.1,7954,46.0,4,21.1,0,0,17180.6,38.1645102,-122.4573070,12.5,41.0,0,0,0
630.90,151.3,94.0,7912,44.5,4,19.9,0,0,17184.4,38.1644906,-122.4572708,12.5,41.0,0,0,0
631.00,150.9,93.8,7887,45.0,4,18.2,0,0,17188.3,38.1644706,-122.4572346,12.5,41.0,0,0,0
631.10,150.3,93.4,7897,45.5,4,16.4,0,0,17192.2,38.1644502,-122.4571988,12.5,41.0,0,0,0
631.20,150.5,93.5,7885,45.5,4,14.5,0,0,17196.0,38.1644297,-122.4571633,12.5,41.0,0,0,0
631.30,150.4,93.5,7856,46.0,4,12.7,0,0,17199.9,38.1644089,-122.4571280,12.5,41.0,0,0,0
631.40,149.9,93.1,7842,46.5,4,10.7,0,0,17203.7,38.1643880,-122.4570927,12.5,41.0,0,0,0
631.50,150.0,93.2,7850,46.5,4,8.9,0,0,17207.6,38.1643670,-122.4570573,12.5,41.0,0,0,0
631.60,149.9,93.1,7872,46.5,4,7.5,0,0,17211.5,38.1643459,-122.4570221,12.5,41.0,0,0,0
631.70,150.3,93.4,7876,46.5,4,5.9,0,0,17215.4,38.1643247,-122.4569870,12.5,41.0,0,0,0
631.80,150.2,93.3,7874,46.0,4,4.7,0,0,17219.2,38.1643032,-122.4569521,11.2,36.7,0,0,0
631.90,150.3,93.4,7877,46.0,4,3.7,0,0,17223.1,38.1642817,-122.4569173,11.2,36.7,0,0,0
632.00,150.4,93.5,7879,43.0,4,2.7,0,0,17227.0,38.1642599,-122.4568827,11.2,36.7,0,0,0
632.10,150.5,93.5,7910,41.5,4,2.0,0,0,17230.9,38.1642380,-122.4568480,11.2,36.7,0,0,0
632.20,150.9,93.7,7918,41.0,4,1.4,0,0,17234.8,38.1642160,-122.4568133,11.2,36.7,0,0,0
632.30,150.9,93.7,7899,36.0,4,0.8,0,0,17238.7,38.1641939,-122.4567787,11.2,36.7,0,0,0
632.40,150.8,93.7,7519,0.0,4,-0.2,0,0,17242.6,38.1641717,-122.4567439,11.2,36.7,0,0,0
632.50,150.6,93.6,7778,0.0,4,0.2,0,0,17246.5,38.1641493,-122.4567091,11.2,36.7,0,0,0
632.60,149.0,92.6,7784,0.0,4,0.2,0,0,17250.4,38.1641271,-122.4566744,11.2,36.7,0,0,0
632.70,148.4,92.2,7780,0.0,4,-0.3,0,0,17254.3,38.1641050,-122.4566400,11.2,36.7,0,0,0
632.80,148.1,92.0,7742,0.0,4,0.2,0,0,17258.2,38.1640830,-122.4566057,8.8,28.9,0,0,0
632.90,147.4,91.6,7669,0.0,4,1.3,0,0,17262.1,38.1640611,-122.4565713,8.8,28.9,0,0,0
633.00,146.4,91.0,7618,0.0,4,1.0,0,0,17265.9,38.1640393,-122.4565371,8.8,28.9,0,0,0
633.10,145.5,90.4,7601,0.0,4,1.0,0,0,17269.7,38.1640177,-122.4565031,8.8,28.9,0,0,0
633.20,145.1,90.2,7570,0.0,4,1.3,0,0,17273.5,38.1639960,-122.4564694,8.8,28.9,0,0,0
633.30,144.3,89.7,7483,0.0,4,2.0,0,0,17277.3,38.1639743,-122.4564360,8.8,28.9,0,0,0
633.40,142.8,88.7,7400,0.0,4,2.0,0,0,17281.1,38.1639528,-122.4564028,8.8,28.9,0,0,0
633.50,141.1,87.7,7282,0.0,4,1.7,0,0,17284.8,38.1639313,-122.4563696,8.8,28.9,0,0,0
633.60,138.7,86.2,7162,0.0,4,1.7,0,0,17288.5,38.1639101,-122.4563369,8.8,28.9,0,0,0
633.70,136.6,84.9,7312,0.0,4,1.8,0,0,17292.2,38.1638893,-122.4563046,8.8,28.9,0,0,0
633.80,136.0,84.5,8446,0.0,3,1.6,0,0,17295.8,38.1638688,-122.4562728,7.1,23.3,0,0,0
633.90,134.8,83.8,8422,0.0,3,1.1,0,0,17299.4,38.1638483,-122.4562414,7.1,23.3,0,0,0
634.00,133.5,83.0,8188,0.0,3,0.6,0,0,17302.9,38.1638281,-122.4562104,7.1,23.3,0,0,0
634.10,130.0,80.8,8095,0.0,3,0.3,0,0,17306.4,38.1638080,-122.4561798,7.1,23.3,0,0,0
634.20,128.7,80.0,8015,0.0,3,0.1,0,0,17309.8,38.1637881,-122.4561494,7.1,23.3,0,0,0
634.30,127.4,79.1,7901,0.0,3,-0.0,0,0,17313.2,38.1637684,-122.4561194,7.1,23.3,0,0,0
634.40,125.3,77.9,7770,0.0,3,-0.1,0,0,17316.6,38.1637491,-122.4560901,7.1,23.3,0,0,0
634.50,123.4,76.7,7651,0.0,3,-0.2,0,0,17319.9,38.1637300,-122.4560611,7.1,23.3,0,0,0
634.60,121.7,75.6,7513,0.0,3,-0.3,0,0,17323.2,38.1637111,-122.4560324,7.1,23.3,0,0,0
634.70,119.4,74.2,7452,0.0,3,-0.5,0,0,17326.4,38.1636924,-122.4560041,7.1,23.3,0,0,0
634.80,118.5,73.6,7397,0.0,3,-0.8,0,0,17329.6,38.1636741,-122.4559761,6.1,20.0,0,0,0
634.90,117.7,73.1,7619,0.0,3,-0.9,0,0,17332.7,38.1636561,-122.4559484,6.1,20.0,0,0,0
635.00,117.5,73.0,9006,0.0,2,-0.9,0,0,17335.8,38.1636383,-122.4559211,6.1,20.0,0,0,0
635.10,114.5,71.2,8921,0.0,2,-0.9,0,0,17338.9,38.1636208,-122.4558944,6.1,20.0,0,0,0
635.20,113.6,70.6,8729,0.0,2,-0.8,0,0,17341.9,38.1636033,-122.4558681,6.1,20.0,0,0,0
635.30,110.8,68.9,8577,0.0,2,-0.7,0,0,17344.8,38.1635861,-122.4558420,6.1,20.0,0,0,0
635.40,109.0,67.7,8392,0.0,2,-0.5,0,0,17347.8,38.1635693,-122.4558161,6.1,20.0,0,0,0
635.50,106.6,66.3,8251,0.0,2,-0.2,0,0,17350.7,38.1635528,-122.4557904,6.1,20.0,0,0,0
635.60,104.7,65.1,8091,0.0,2,0.1,0,0,17353.5,38.1635363,-122.4557654,6.1,20.0,0,0,0
635.70,102.8,63.9,7926,0.0,2,0.3,0,0,17356.3,38.1635201,-122.4557408,6.1,20.0,0,0,0
635.80,100.8,62.6,7864,0.0,2,0.5,0,0,17359.1,38.1635043,-122.4557167,5.3,17.4,0,0,0
635.90,99.9,62.1,7782,0.0,2,0.7,0,0,17361.8,38.1634888,-122.4556931,5.3,17.4,0,0,0
636.00,98.7,61.3,7679,0.0,2,0.8,0,0,17364.4,38.1634734,-122.4556701,5.3,17.4,0,0,0
636.10,97.5,60.6,7549,0.0,2,0.9,0,0,17367.0,38.1634584,-122.4556474,5.3,17.4,0,0,0
636.20,95.8,59.5,7469,0.0,2,0.8,0,0,17369.5,38.1634438,-122.4556251,5.3,17.4,0,0,0
636.30,94.8,58.9,7328,0.0,2,1.3,0,0,17372.0,38.1634293,-122.4556033,5.3,17.4,0,0,0
636.40,92.9,57.7,7232,0.0,2,1.8,0,0,17374.5,38.1634151,-122.4555818,5.3,17.4,0,0,0
636.50,91.7,57.0,7116,0.0,2,2.3,0,0,17376.9,38.1634010,-122.4555603,5.3,17.4,0,0,0
636.60,90.3,56.1,7023,0.0,2,2.6,0,0,17379.4,38.1633870,-122.4555391,5.3,17.4,0,0,0
636.70,89.3,55.5,6897,0.0,2,3.1,0,0,17381.8,38.1633731,-122.4555184,5.3,17.4,0,0,0
636.80,87.8,54.6,6834,0.0,2,3.6,0,0,17384.1,38.1633593,-122.4554981,4.7,15.4,0,0,0
636.90,86.6,53.8,6726,0.0,2,4.1,0,0,17386.4,38.1633458,-122.4554781,4.7,15.4,0,0,0
637.00,85.2,52.9,6637,0.0,2,4.9,0,0,17388.7,38.1633323,-122.4554583,4.7,15.4,0,0,0
637.10,84.2,52.3,6538,0.0,2,5.9,0,0,17390.9,38.1633191,-122.4554388,4.7,15.4,0,0,0
637.20,83.0,51.5,6470,0.0,2,6.9,0,0,17393.2,38.1633060,-122.4554196,4.7,15.4,0,0,0
637.30,81.9,50.9,6347,0.0,2,8.0,0,0,17395.3,38.1632931,-122.4554008,4.7,15.4,0,0,0
637.40,80.6,50.1,6253,0.0,2,9.3,0,0,17397.5,38.1632803,-122.4553824,4.7,15.4,0,0,0
637.50,79.1,49.2,6139,0.0,2,10.8,0,0,17399.6,38.1632678,-122.4553644,4.7,15.4,0,0,0
637.60,78.1,48.5,6076,0.0,2,12.6,0,0,17401.6,38.1632552,-122.4553471,4.7,15.4,0,0,0
637.70,77.4,48.1,6009,0.0,2,14.9,0,0,17403.7,38.1632428,-122.4553304,4.7,15.4,0,0,0
637.80,76.5,47.5,5923,0.0,2,16.9,0,0,17405.7,38.1632302,-122.4553141,4.2,13.8,0,0,0
637.90,75.6,47.0,5893,0.0,2,18.0,0,0,17407.6,38.1632177,-122.4552981,4.2,13.8,0,0,0
638.00,74.7,46.4,5802,0.0,2,18.6,0,0,17409.6,38.1632050,-122.4552824,4.2,13.8,0,0,0
638.10,73.6,45.8,5730,0.0,2,19.5,0,0,17411.5,38.1631923,-122.4552671,4.2,13.8,0,0,0
638.20,72.8,45.3,5653,0.0,2,20.2,0,0,17413.4,38.1631797,-122.4552524,4.2,13.8,0,0,0
638.30,72.0,44.7,5572,0.0,2,20.8,0,0,17415.3,38.1631669,-122.4552384,4.2,13.8,0,0,0
638.40,70.9,44.1,5508,0.0,2,21.6,0,0,17417.2,38.1631540,-122.4552251,4.2,13.8,0,0,0
638.50,69.8,43.3,5448,0.0,2,22.6,0,0,17419.0,38.1631410,-122.4552121,4.2,13.8,0,0,0
638.60,69.1,42.9,5391,0.0,2,23.7,0,0,17420.8,38.1631281,-122.4551994,4.2,13.8,0,0,0
638.70,68.3,42.4,5314,0.0,2,24.9,0,0,17422.6,38.1631153,-122.4551874,4.2,13.8,0,0,0
638.80,67.3,41.8,5246,0.0,2,25.9,0,0,17424.3,38.1631027,-122.4551761,3.9,12.8,0,0,0
638.90,66.5,41.3,5147,0.0,2,26.9,0,0,17426.0,38.1630899,-122.4551654,3.9,12.8,0,0,0
639.00,65.4,40.7,5077,0.0,2,27.9,0,0,17427.7,38.1630770,-122.4551554,3.9,12.8,0,0,0
639.10,64.6,40.1,4999,0.0,2,29.0,0,0,17429.3,38.1630640,-122.4551461,3.9,12.8,0,0,0
639.20,63.6,39.5,4931,0.0,2,30.3,0,0,17431.0,38.1630511,-122.4551374,3.9,12.8,0,0,0
639.30,62.5,38.8,4856,0.0,2,31.5,0,0,17432.6,38.1630383,-122.4551291,3.9,12.8,0,0,0
639.40,61.6,38.2,4848,0.0,2,32.6,0,0,17434.1,38.1630257,-122.4551214,3.9,12.8,0,0,0
639.50,61.2,38.0,4831,0.0,2,33.6,0,0,17435.7,38.1630129,-122.4551145,3.9,12.8,0,0,0
639.60,61.2,38.0,4736,0.0,2,34.0,0,0,17437.2,38.1630000,-122.4551084,3.9,12.8,0,0,0
639.70,59.9,37.2,4698,0.0,2,34.4,0,0,17438.7,38.1629871,-122.4551031,3.9,12.8,0,0,0
639.80,59.7,37.1,4637,0.0,2,33.9,0,0,17440.2,38.1629743,-122.4550984,3.1,10.2,0,0,0
639.90,59.0,36.7,4620,0.0,2,33.0,0,0,17441.6,38.1629617,-122.4550945,3.1,10.2,0,0,0
640.00,58.1,36.1,4493,0.0,2,32.1,0,0,17443.1,38.1629489,-122.4550915,3.1,10.2,0,0,0
640.10,57.0,35.4,4440,0.0,2,31.2,0,0,17444.5,38.1629361,-122.4550894,3.1,10.2,0,0,0
640.20,56.6,35.2,4377,0.0,2,29.9,0,0,17445.9,38.1629233,-122.4550881,3.1,10.2,0,0,0
640.30,55.4,34.4,4334,0.0,2,28.4,0,0,17447.3,38.1629108,-122.4550874,3.1,10.2,0,0,0
640.40,54.9,34.1,4238,0.0,2,26.3,0,0,17448.7,38.1628983,-122.4550871,3.1,10.2,0,0,0
640.50,53.7,33.4,4163,0.0,2,23.6,0,0,17450.1,38.1628861,-122.4550874,3.1,10.2,0,0,0
640.60,52.8,32.8,4047,0.0,2,19.5,0,0,17451.4,38.1628740,-122.4550884,3.1,10.2,0,0,0
640.70,51.2,31.8,3953,0.0,2,14.8,0,0,17452.8,38.1628620,-122.4550901,3.1,10.2,0,0,0
640.80,50.5,31.4,3903,0.0,2,9.8,0,0,17454.1,38.1628500,-122.4550920,3.5,11.5,0,0,0
640.90,49.4,30.7,3883,0.0,2,5.5,0,0,17455.5,38.1628381,-122.4550940,3.5,11.5,0,0,0
641.00,49.0,30.4,3825,0.0,2,1.4,0,0,17456.8,38.1628263,-122.4550961,3.5,11.5,0,0,0
641.10,48.6,30.2,3800,0.0,2,-2.6,0,0,17458.1,38.1628148,-122.4550983,3.5,11.5,0,0,0
641.20,48.2,30.0,3797,0.0,2,-7.4,0,0,17459.4,38.1628033,-122.4551007,3.5,11.5,0,0,0
641.30,48.1,29.9,3782,0.0,2,-12.9,0,0,17460.6,38.1627920,-122.4551029,3.5,11.5,0,0,0
641.40,48.0,29.8,3765,0.0,2,-18.0,0,0,17461.9,38.1627807,-122.4551046,3.5,11.5,0,0,0
641.50,47.8,29.7,3772,0.0,2,-23.0,0,0,17463.2,38.1627693,-122.4551059,3.5,11.5,0,0,0
641.60,48.0,29.8,3772,0.0,2,-26.8,0,0,17464.4,38.1627581,-122.4551069,3.5,11.5,0,0,0
641.70,47.8,29.7,3771,1.0,2,-28.8,0,0,17465.6,38.1627471,-122.4551076,3.5,11.5,0,0,0
641.80,47.6,29.6,3883,3.0,2,-30.3,0,0,17466.8,38.1627363,-122.4551076,3.3,10.8,0,0,0
641.90,47.8,29.7,3778,13.0,2,-31.4,0,0,17468.0,38.1627258,-122.4551069,3.3,10.8,0,0,0
642.00,47.7,29.6,4158,24.0,2,-32.2,0,0,17469.2,38.1627152,-122.4551056,3.3,10.8,0,0,0
642.10,49.9,31.0,3959,20.0,2,-33.1,0,0,17470.4,38.1627047,-122.4551036,3.3,10.8,0,0,0
642.20,49.8,31.0,3904,16.5,2,-33.6,0,0,17471.6,38.1626940,-122.4551008,3.3,10.8,0,0,0
642.30,49.2,30.6,3908,18.0,2,-34.1,0,0,17472.8,38.1626834,-122.4550973,3.3,10.8,0,0,0
642.40,49.9,31.0,3959,19.0,2,-34.7,0,0,17474.0,38.1626730,-122.4550929,3.3,10.8,0,0,0
642.50,50.9,31.6,3985,20.5,2,-35.3,0,0,17475.3,38.1626628,-122.4550879,3.3,10.8,0,0,0
642.60,50.6,31.4,4051,24.0,2,-36.3,0,0,17476.5,38.1626526,-122.4550823,3.3,10.8,0,0,0
642.70,51.6,32.1,4109,24.5,2,-36.9,0,0,17477.7,38.1626428,-122.4550758,3.3,10.8,0,0,0
642.80,52.9,32.9,4174,25.0,2,-37.1,0,0,17478.9,38.1626333,-122.4550686,3.5,11.5,0,0,0
642.90,52.6,32.7,4210,32.0,2,-36.9,0,0,17480.2,38.1626241,-122.4550608,3.5,11.5,0,0,0
643.00,53.4,33.2,4309,35.5,2,-36.5,0,0,17481.4,38.1626150,-122.4550523,3.5,11.5,0,0,0
643.10,55.1,34.2,4362,42.5,2,-35.7,0,0,17482.7,38.1626061,-122.4550428,3.5,11.5,0,0,0
643.20,55.4,34.4,4487,46.0,2,-35.0,0,0,17484.0,38.1625974,-122.4550326,3.5,11.5,0,0,0
643.30,57.4,35.6,4601,48.5,2,-34.7,0,0,17485.4,38.1625891,-122.4550215,3.5,11.5,0,0,0
643.40,58.5,36.4,4726,54.5,2,-34.3,0,0,17486.7,38.1625810,-122.4550096,3.5,11.5,0,0,0
643.50,59.9,37.2,4925,62.0,2,-34.0,0,0,17488.2,38.1625731,-122.4549969,3.5,11.5,0,0,0
643.60,62.0,38.5,5037,65.0,2,-33.5,0,0,17489.6,38.1625654,-122.4549836,3.5,11.5,0,0,0
643.70,64.5,40.1,5196,66.5,2,-32.6,0,0,17491.1,38.1625581,-122.4549695,3.5,11.5,0,0,0
643.80,66.3,41.2,5324,67.5,2,-31.2,0,0,17492.6,38.1625510,-122.4549545,3.5,11.5,0,0,0
643.90,67.2,41.8,5431,69.0,2,-29.5,0,0,17494.2,38.1625441,-122.4549385,3.5,11.5,0,0,0
644.00,69.2,43.0,5555,69.0,2,-27.8,0,0,17495.9,38.1625374,-122.4549216,3.5,11.5,0,0,0
644.10,70.3,43.7,5696,69.0,2,-26.2,0,0,17497.6,38.1625311,-122.4549039,3.5,11.5,0,0,0
644.20,72.1,44.8,5810,69.0,2,-24.6,0,0,17499.3,38.1625251,-122.4548856,3.5,11.5,0,0,0
644.30,74.2,46.1,5933,69.0,2,-22.9,0,0,17501.1,38.1625193,-122.4548665,3.5,11.5,0,0,0
644.40,75.9,47.2,6063,65.0,2,-21.3,0,0,17502.9,38.1625138,-122.4548466,3.5,11.5,0,0,0
644.50,77.6,48.2,6177,65.0,2,-19.2,0,0,17504.8,38.1625083,-122.4548259,3.5,11.5,0,0,0
644.60,79.1,49.2,6251,65.0,2,-16.8,0,0,17506.8,38.1625031,-122.4548046,3.5,11.5,0,0,0
644.70,79.7,49.5,6339,63.0,2,-14.5,0,0,17508.8,38.1624983,-122.4547829,3.5,11.5,0,0,0
644.80,80.6,50.1,6483,59.5,2,-12.8,0,0,17510.8,38.1624938,-122.4547606,3.5,11.5,0,0,0
644.90,82.8,51.4,6601,48.5,2,-11.4,0,0,17512.9,38.1624892,-122.4547376,3.5,11.5,0,0,0
645.00,84.1,52.3,6665,46.0,2,-10.4,0,0,17515.0,38.1624848,-122.4547139,3.5,11.5,0,0,0
645.10,84.7,52.6,6694,42.0,2,-10.3,0,0,17517.1,38.1624803,-122.4546899,3.5,11.5,0,0,0
645.20,85.2,52.9,6777,40.5,2,-11.2,0,0,17519.3,38.1624760,-122.4546656,3.5,11.5,0,0,0
645.30,86.2,53.6,6792,38.5,2,-10.7,0,0,17521.5,38.1624717,-122.4546409,3.5,11.5,0,0,0
645.40,86.8,53.9,6867,38.5,2,-9.4,0,0,17523.8,38.1624673,-122.4546160,3.5,11.5,0,0,0
645.50,87.5,54.4,6132,40.5,2,-8.3,0,0,17526.0,38.1624631,-122.4545909,3.5,11.5,0,0,0
645.60,88.6,55.0,5585,44.0,3,-7.8,0,0,17528.3,38.1624590,-122.4545657,3.5,11.5,0,0,0
645.70,86.9,54.0,5437,42.5,3,-7.4,0,0,17530.5,38.1624550,-122.4545402,3.5,11.5,0,0,0
645.80,88.9,55.3,5610,48.0,3,-7.0,0,0,17532.8,38.1624510,-122.4545147,3.3,10.8,0,0,0
645.90,90.0,55.9,5697,51.0,3,-7.1,0,0,17535.1,38.1624471,-122.4544889,3.3,10.8,0,0,0
646.00,90.9,56.5,5817,50.5,3,-7.4,0,0,17537.4,38.1624433,-122.4544626,3.3,10.8,0,0,0
646.10,92.8,57.7,5859,45.0,3,-6.9,0,0,17539.8,38.1624397,-122.4544359,3.3,10.8,0,0,0
646.20,93.1,57.8,5919,39.5,3,-6.1,0,0,17542.2,38.1624359,-122.4544090,3.3,10.8,0,0,0
646.30,94.0,58.4,5918,38.5,3,-5.9,0,0,17544.6,38.1624320,-122.4543820,3.3,10.8,0,0,0
646.40,94.5,58.7,5890,34.0,3,-4.4,0,0,17547.0,38.1624281,-122.4543549,3.3,10.8,0,0,0
646.50,94.9,59.0,5927,28.5,3,-1.8,0,0,17549.4,38.1624243,-122.4543276,3.3,10.8,0,0,0
646.60,94.9,59.0,5992,26.5,3,0.7,0,0,17551.9,38.1624207,-122.4542999,3.3,10.8,0,0,0
646.70,95.3,59.2,5932,21.5,3,3.1,0,0,17554.3,38.1624169,-122.4542721,3.3,10.8,0,0,0
646.80,95.1,59.1,5941,16.0,3,5.8,0,0,17556.8,38.1624130,-122.4542443,3.0,9.8,0,0,0
646.90,95.1,59.1,5987,20.5,3,8.5,0,0,17559.3,38.1624090,-122.4542167,3.0,9.8,0,0,0
647.00,95.4,59.3,6028,25.0,3,10.7,0,0,17561.7,38.1624050,-122.4541889,3.0,9.8,0,0,0
647.10,95.9,59.6,6046,25.0,3,12.4,0,0,17564.2,38.1624009,-122.4541610,3.0,9.8,0,0,0
647.20,96.6,60.0,6091,25.0,3,14.1,0,0,17566.7,38.1623967,-122.4541330,3.0,9.8,0,0,0
647.30,97.2,60.4,6121,26.5,3,15.6,0,0,17569.2,38.1623922,-122.4541051,3.0,9.8,0,0,0
647.40,97.5,60.6,6146,26.5,3,16.5,0,0,17571.7,38.1623877,-122.4540773,3.0,9.8,0,0,0
647.50,97.9,60.8,6155,26.0,3,17.3,0,0,17574.2,38.1623829,-122.4540497,3.0,9.8,0,0,0
647.60,98.3,61.1,6178,26.0,3,18.3,0,0,17576.7,38.1623776,-122.4540219,3.0,9.8,0,0,0
647.70,98.4,61.1,6150,27.0,3,18.8,0,0,17579.2,38.1623719,-122.4539940,3.0,9.8,0,0,0
647.80,98.6,61.2,6206,26.0,3,19.6,0,0,17581.7,38.1623660,-122.4539660,2.6,8.5,0,0,0
647.90,99.3,61.7,6240,26.0,3,21.1,0,0,17584.2,38.1623599,-122.4539381,2.6,8.5,0,0,0
648.00,99.8,62.0,6344,27.5,3,22.6,0,0,17586.8,38.1623536,-122.4539104,2.6,8.5,0,0,0
648.10,100.7,62.6,6367,31.5,3,23.8,0,0,17589.3,38.1623469,-122.4538830,2.6,8.5,0,0,0
648.20,101.3,62.9,6379,31.5,3,24.6,0,0,17591.8,38.1623399,-122.4538557,2.6,8.5,0,0,0
648.30,101.9,63.3,6465,31.5,3,25.2,0,0,17594.3,38.1623326,-122.4538283,2.6,8.5,0,0,0
648.40,102.6,63.7,6438,34.0,3,26.0,0,0,17596.9,38.1623246,-122.4538010,2.6,8.5,0,0,0
648.50,102.8,63.9,6502,34.0,3,26.7,0,0,17599.4,38.1623162,-122.4537737,2.6,8.5,0,0,0
648.60,103.3,64.2,6511,34.5,3,27.2,0,0,17602.0,38.1623076,-122.4537463,2.6,8.5,0,0,0
648.70,103.6,64.4,6559,34.5,3,27.7,0,0,17604.6,38.1622986,-122.4537191,2.6,8.5,0,0,0
648.80,104.6,65.0,6595,34.5,3,28.5,0,0,17607.2,38.1622889,-122.4536923,2.2,7.2,0,0,0
648.90,104.9,65.2,6659,37.5,3,29.1,0,0,17609.8,38.1622786,-122.4536657,2.2,7.2,0,0,0
649.00,106.0,65.9,6671,38.5,3,29.3,0,0,17612.4,38.1622679,-122.4536390,2.2,7.2,0,0,0
649.10,106.2,66.0,6713,39.0,3,29.4,0,0,17615.0,38.1622569,-122.4536124,2.2,7.2,0,0,0
649.20,106.6,66.2,6760,40.0,3,29.7,0,0,17617.6,38.1622456,-122.4535861,2.2,7.2,0,0,0
649.30,107.8,67.0,6780,40.0,3,30.0,0,0,17620.3,38.1622339,-122.4535600,2.2,7.2,0,0,0
649.40,108.0,67.1,6834,39.0,3,30.8,0,0,17622.9,38.1622216,-122.4535341,2.2,7.2,0,0,0
649.50,108.7,67.5,6856,39.0,3,31.4,0,0,17625.6,38.1622089,-122.4535083,2.2,7.2,0,0,0
649.60,109.1,67.8,6905,39.0,3,31.8,0,0,17628.2,38.1621956,-122.4534828,2.2,7.2,0,0,0
649.70,109.9,68.3,6919,37.0,3,32.1,0,0,17630.9,38.1621819,-122.4534574,2.2,7.2,0,0,0
649.80,110.3,68.5,6969,36.5,3,32.5,0,0,17633.6,38.1621679,-122.4534324,1.8,5.9,0,0,0
649.90,110.8,68.8,6987,35.5,3,33.0,0,0,17636.3,38.1621536,-122.4534078,1.8,5.9,0,0,0
650.00,111.3,69.2,7006,35.5,3,33.5,0,0,17639.0,38.1621386,-122.4533834,1.8,5.9,0,0,0
650.10,111.2,69.1,7025,35.5,3,33.7,0,0,17641.7,38.1621229,-122.4533594,1.8,5.9,0,0,0
650.20,112.0,69.6,7058,36.5,3,33.7,0,0,17644.4,38.1621069,-122.4533358,1.8,5.9,0,0,0
650.30,112.0,69.6,7026,37.5,3,33.4,0,0,17647.2,38.1620906,-122.4533126,1.8,5.9,0,0,0
650.40,112.3,69.8,7062,37.5,3,32.9,0,0,17649.9,38.1620739,-122.4532898,1.8,5.9,0,0,0
650.50,111.7,69.4,7044,38.5,3,32.3,0,0,17652.6,38.1620566,-122.4532674,1.8,5.9,0,0,0
650.60,112.3,69.8,7079,40.5,3,31.8,0,0,17655.4,38.1620389,-122.4532454,1.8,5.9,0,0,0
650.70,112.7,70.1,7109,41.0,3,31.5,0,0,17658.1,38.1620207,-122.4532241,1.8,5.9,0,0,0
650.80,113.4,70.5,7125,42.0,3,31.2,0,0,17660.9,38.1620022,-122.4532031,1.6,5.2,0,0,0
650.90,113.1,70.3,7136,41.5,3,30.9,0,0,17663.7,38.1619834,-122.4531824,1.6,5.2,0,0,0
651.00,113.7,70.6,7179,43.5,3,30.9,0,0,17666.4,38.1619642,-122.4531621,1.6,5.2,0,0,0
651.10,113.7,70.7,7207,44.5,3,30.7,0,0,17669.2,38.1619446,-122.4531421,1.6,5.2,0,0,0
651.20,114.3,71.0,7262,45.5,3,30.5,0,0,17672.0,38.1619246,-122.4531224,1.6,5.2,0,0,0
651.30,114.9,71.4,7231,46.5,3,29.8,0,0,17674.9,38.1619042,-122.4531031,1.6,5.2,0,0,0
651.40,115.3,71.6,7275,46.5,3,29.2,0,0,17677.7,38.1618836,-122.4530844,1.6,5.2,0,0,0
651.50,115.4,71.7,7330,46.5,3,28.8,0,0,17680.5,38.1618626,-122.4530661,1.6,5.2,0,0,0
651.60,116.7,72.5,7355,47.0,3,28.5,0,0,17683.4,38.1618412,-122.4530484,1.6,5.2,0,0,0
651.70,116.6,72.5,7357,47.0,3,28.2,0,0,17686.2,38.1618196,-122.4530311,1.6,5.2,0,0,0
651.80,116.8,72.6,7357,48.0,3,27.7,0,0,17689.1,38.1617976,-122.4530140,1.3,4.3,0,0,0
651.90,117.1,72.8,7352,47.5,3,27.0,0,0,17692.0,38.1617749,-122.4529971,1.3,4.3,0,0,0
652.00,117.5,73.0,7484,47.5,3,26.5,0,0,17694.9,38.1617520,-122.4529804,1.3,4.3,0,0,0
652.10,118.4,73.6,7439,49.0,3,26.2,0,0,17697.8,38.1617289,-122.4529644,1.3,4.3,0,0,0
652.20,118.0,73.3,7506,49.5,3,25.5,0,0,17700.8,38.1617056,-122.4529488,1.3,4.3,0,0,0
652.30,119.3,74.1,7493,49.5,3,24.7,0,0,17703.7,38.1616819,-122.4529334,1.3,4.3,0,0,0
652.40,118.8,73.8,7489,49.5,3,24.1,0,0,17706.7,38.1616580,-122.4529184,1.3,4.3,0,0,0
652.50,119.7,74.4,7489,49.0,3,23.2,0,0,17709.7,38.1616339,-122.4529038,1.3,4.3,0,0,0
652.60,119.4,74.2,7555,50.5,3,22.4,0,0,17712.6,38.1616096,-122.4528893,1.3,4.3,0,0,0
652.70,120.6,74.9,7568,50.5,3,21.4,0,0,17715.7,38.1615849,-122.4528751,1.3,4.3,0,0,0
652.80,120.3,74.7,7607,50.5,3,20.1,0,0,17718.7,38.1615596,-122.4528614,1.0,3.3,0,0,0
652.90,120.9,75.2,7632,50.5,3,18.6,0,0,17721.8,38.1615339,-122.4528484,1.0,3.3,0,0,0
653.00,121.1,75.3,7632,51.0,3,16.9,0,0,17724.9,38.1615080,-122.4528358,1.0,3.3,0,0,0
653.10,121.4,75.4,7638,51.0,3,15.1,0,0,17728.0,38.1614820,-122.4528233,1.0,3.3,0,0,0
653.20,121.9,75.8,7663,51.5,3,13.5,0,0,17731.1,38.1614559,-122.4528111,1.0,3.3,0,0,0
653.30,122.1,75.9,7661,52.0,3,11.6,0,0,17734.2,38.1614297,-122.4527990,1.0,3.3,0,0,0
653.40,122.3,76.0,7738,52.5,3,10.1,0,0,17737.3,38.1614032,-122.4527870,1.0,3.3,0,0,0
653.50,122.6,76.2,7768,52.5,3,8.7,0,0,17740.4,38.1613767,-122.4527750,1.0,3.3,0,0,0
653.60,122.9,76.4,7754,53.0,3,7.3,0,0,17743.6,38.1613499,-122.4527630,1.0,3.3,0,0,0
653.70,123.6,76.8,7835,52.5,3,6.2,0,0,17746.8,38.1613229,-122.4527511,1.0,3.3,0,0,0
653.80,124.1,77.1,7844,51.5,3,5.3,0,0,17749.9,38.1612957,-122.4527393,0.9,3.0,0,0,0
653.90,124.6,77.4,7866,51.0,3,4.6,0,0,17753.2,38.1612682,-122.4527277,0.9,3.0,0,0,0
654.00,125.1,77.8,7916,50.0,3,4.0,0,0,17756.4,38.1612407,-122.4527160,0.9,3.0,0,0,0
654.10,125.9,78.2,7954,50.0,3,3.4,0,0,17759.6,38.1612129,-122.4527043,0.9,3.0,0,0,0
654.20,126.3,78.5,7945,49.5,3,2.8,0,0,17762.9,38.1611850,-122.4526927,0.9,3.0,0,0,0
654.30,126.9,78.8,8024,50.5,3,2.3,0,0,17766.2,38.1611569,-122.4526810,0.9,3.0,0,0,0
654.40,127.4,79.1,8061,50.5,3,1.6,0,0,17769.5,38.1611287,-122.4526693,0.9,3.0,0,0,0
654.50,128.1,79.6,8058,50.5,3,0.8,0,0,17772.8,38.1611002,-122.4526578,0.9,3.0,0,0,0
654.60,128.5,79.8,8117,50.5,3,-0.2,0,0,17776.2,38.1610717,-122.4526462,0.9,3.0,0,0,0
654.70,129.5,80.5,8184,50.0,3,-1.2,0,0,17779.5,38.1610429,-122.4526348,0.9,3.0,0,0,0
654.80,129.5,80.5,8122,42.0,3,-1.9,0,0,17782.9,38.1610140,-122.4526232,0.6,2.0,0,0,0
654.90,129.7,80.6,8148,41.0,3,-2.6,0,0,17786.3,38.1609850,-122.4526117,0.6,2.0,0,0,0
655.00,129.6,80.5,8175,31.5,3,-2.4,0,0,17789.6,38.1609560,-122.4525999,0.6,2.0,0,0,0
655.10,129.7,80.6,7960,2.0,3,-2.4,0,0,17793.0,38.1609270,-122.4525881,0.6,2.0,0,0,0
655.20,128.7,80.0,8033,0.0,3,-2.6,0,0,17796.4,38.1608981,-122.4525763,0.6,2.0,0,0,0
655.30,127.4,79.2,7943,0.0,3,-2.4,0,0,17799.8,38.1608693,-122.4525648,0.6,2.0,0,0,0
655.40,126.4,78.5,7926,0.0,3,-1.7,0,0,17803.1,38.1608408,-122.4525532,0.6,2.0,0,0,0
655.50,125.9,78.2,7854,0.0,3,-1.2,0,0,17806.4,38.1608122,-122.4525418,0.6,2.0,0,0,0
655.60,125.1,77.7,7825,0.0,3,-0.5,0,0,17809.7,38.1607838,-122.4525303,0.6,2.0,0,0,0
655.70,124.4,77.3,7764,0.0,3,-0.0,0,0,17813.1,38.1607553,-122.4525190,0.6,2.0,0,0,0
655.80,123.4,76.7,7734,0.0,3,0.3,0,0,17816.3,38.1607271,-122.4525077,0.4,1.3,0,0,0
655.90,123.1,76.5,7704,0.0,3,0.7,0,0,17819.6,38.1606993,-122.4524963,0.4,1.3,0,0,0
656.00,122.1,75.9,7622,0.0,3,0.9,0,0,17822.8,38.1606718,-122.4524851,0.4,1.3,0,0,0
656.10,121.1,75.3,7547,0.0,3,1.0,0,0,17826.0,38.1606443,-122.4524741,0.4,1.3,0,0,0
656.20,120.2,74.7,7513,0.0,3,1.1,0,0,17829.2,38.1606171,-122.4524633,0.4,1.3,0,0,0
656.30,119.2,74.1,7472,0.0,3,0.9,0,0,17832.3,38.1605900,-122.4524527,0.4,1.3,0,0,0
656.40,118.5,73.6,7398,0.0,3,0.8,0,0,17835.5,38.1605630,-122.4524420,0.4,1.3,0,0,0
656.50,117.5,73.0,7362,0.0,3,0.4,0,0,17838.6,38.1605360,-122.4524314,0.4,1.3,0,0,0
656.60,117.2,72.8,7271,0.0,3,0.2,0,0,17841.7,38.1605091,-122.4524210,0.4,1.3,0,0,0
656.70,115.9,72.0,7231,0.0,3,0.2,0,0,17844.8,38.1604824,-122.4524107,0.4,1.3,0,0,0
656.80,115.4,71.7,7220,0.0,3,0.3,0,0,17847.9,38.1604561,-122.4524003,0.4,1.3,0,0,0
656.90,114.6,71.2,7155,0.0,3,0.3,0,0,17850.9,38.1604300,-122.4523901,0.4,1.3,0,0,0
657.00,114.1,70.9,7131,0.0,3,0.1,0,0,17854.0,38.1604040,-122.4523803,0.4,1.3,0,0,0
657.10,113.1,70.3,7053,0.0,3,-0.2,0,0,17857.0,38.1603781,-122.4523708,0.4,1.3,0,0,0
657.20,112.2,69.7,7010,0.0,3,-0.2,0,0,17859.9,38.1603524,-122.4523612,0.4,1.3,0,0,0
657.30,111.3,69.2,6983,0.0,3,-0.6,0,0,17862.9,38.1603271,-122.4523518,0.4,1.3,0,0,0
657.40,111.0,69.0,6954,0.0,3,-1.3,0,0,17865.8,38.1603019,-122.4523422,0.4,1.3,0,0,0
657.50,110.2,68.5,6886,0.0,3,-1.8,0,0,17868.7,38.1602767,-122.4523327,0.4,1.3,0,0,0
657.60,109.6,68.1,6798,0.0,3,-2.0,0,0,17871.7,38.1602513,-122.4523230,0.4,1.3,0,0,0
657.70,108.9,67.6,6806,0.0,3,-2.1,0,0,17874.6,38.1602261,-122.4523133,0.4,1.3,0,0,0
657.80,108.3,67.3,6766,0.0,3,-2.0,0,0,17877.5,38.1602013,-122.4523038,0.1,0.3,0,0,0
657.90,107.9,67.0,6707,0.0,3,-2.0,0,0,17880.3,38.1601768,-122.4522942,0.1,0.3,0,0,0
658.00,107.0,66.5,6675,0.0,3,-1.9,0,0,17883.2,38.1601523,-122.4522847,0.1,0.3,0,0,0
658.10,106.7,66.3,6630,0.0,3,-2.0,0,0,17886.0,38.1601281,-122.4522750,0.1,0.3,0,0,0
658.20,105.5,65.6,6594,0.0,3,-2.1,0,0,17888.8,38.1601041,-122.4522653,0.1,0.3,0,0,0
658.30,104.9,65.2,6540,0.0,3,-2.1,0,0,17891.6,38.1600803,-122.4522558,0.1,0.3,0,0,0
658.40,104.2,64.8,6523,0.0,3,-1.9,0,0,17894.3,38.1600568,-122.4522462,0.1,0.3,0,0,0
658.50,103.5,64.3,6480,0.0,3,-1.9,0,0,17897.0,38.1600335,-122.4522367,0.1,0.3,0,0,0
658.60,102.8,63.9,6398,0.0,3,-2.0,0,0,17899.7,38.1600105,-122.4522269,0.1,0.3,0,0,0
658.70,102.2,63.5,6384,0.0,3,-2.0,0,0,17902.4,38.1599873,-122.4522170,0.1,0.3,0,0,0
658.80,101.3,62.9,6321,0.0,3,-2.0,0,0,17905.1,38.1599644,-122.4522071,0.2,0.7,0,0,0
658.90,100.6,62.5,6288,0.0,3,-2.0,0,0,17907.8,38.1599418,-122.4521974,0.2,0.7,0,0,0
659.00,99.8,62.0,6211,0.0,3,-2.0,0,0,17910.4,38.1599193,-122.4521880,0.2,0.7,0,0,0
659.10,98.9,61.5,6186,0.0,3,-2.0,0,0,17913.0,38.1598971,-122.4521787,0.2,0.7,0,0,0
659.20,98.6,61.2,6140,0.0,3,-2.2,0,0,17915.6,38.1598749,-122.4521693,0.2,0.7,0,0,0
659.30,97.9,60.8,6136,0.0,3,-2.2,0,0,17918.2,38.1598527,-122.4521601,0.2,0.7,0,0,0
659.40,97.3,60.4,6076,0.0,3,-2.0,0,0,17920.8,38.1598303,-122.4521509,0.2,0.7,0,0,0
659.50,96.6,60.0,6043,0.0,3,-1.5,0,0,17923.4,38.1598081,-122.4521417,0.2,0.7,0,0,0
659.60,96.1,59.7,5975,0.0,3,-1.3,0,0,17926.0,38.1597863,-122.4521323,0.2,0.7,0,0,0
659.70,95.3,59.2,5967,0.0,3,-1.2,0,0,17928.5,38.1597648,-122.4521230,0.2,0.7,0,0,0
659.80,95.0,59.0,5921,0.0,3,-1.2,0,0,17931.0,38.1597433,-122.4521137,0.7,2.3,0,0,0
659.90,93.6,58.2,5877,0.0,3,-1.3,0,0,17933.5,38.1597221,-122.4521044,0.7,2.3,0,0,0
660.00,93.5,58.1,5788,0.0,3,-1.6,0,0,17936.0,38.1597011,-122.4520954,0.7,2.3,0,0,0
660.10,92.5,57.5,5797,0.0,3,-1.9,0,0,17938.4,38.1596803,-122.4520867,0.7,2.3,0,0,0
660.20,92.1,57.3,5755,0.0,3,-2.1,0,0,17940.8,38.1596597,-122.4520779,0.7,2.3,0,0,0
660.30,91.5,56.9,5727,0.0,3,-1.8,0,0,17943.3,38.1596390,-122.4520690,0.7,2.3,0,0,0
660.40,91.1,56.6,5681,0.0,3,-1.2,0,0,17945.7,38.1596184,-122.4520600,0.7,2.3,0,0,0
660.50,90.3,56.1,5649,0.0,3,-0.9,0,0,17948.1,38.1595981,-122.4520510,0.7,2.3,0,0,0
660.60,89.8,55.8,5585,0.0,3,-0.5,0,0,17950.5,38.1595780,-122.4520420,0.7,2.3,0,0,0
660.70,88.8,55.2,5546,0.0,3,-0.1,0,0,17952.8,38.1595581,-122.4520330,0.7,2.3,0,0,0
660.80,87.6,54.4,5394,0.0,3,0.2,0,0,17955.1,38.1595384,-122.4520241,0.9,3.0,0,0,0
660.90,85.6,53.2,5320,0.0,3,0.2,0,0,17957.4,38.1595191,-122.4520153,0.9,3.0,0,0,0
661.00,84.3,52.4,5225,0.0,3,0.2,0,0,17959.7,38.1595000,-122.4520068,0.9,3.0,0,0,0
661.10,83.1,51.6,5289,0.0,3,0.3,0,0,17961.9,38.1594811,-122.4519982,0.9,3.0,0,0,0
661.20,83.0,51.5,6382,0.0,2,0.5,0,0,17964.1,38.1594624,-122.4519898,0.9,3.0,0,0,0
661.30,81.4,50.6,6382,0.0,2,0.6,0,0,17966.3,38.1594441,-122.4519814,0.9,3.0,0,0,0
661.40,80.5,50.0,6005,0.0,2,0.5,0,0,17968.4,38.1594261,-122.4519734,0.9,3.0,0,0,0
661.50,77.4,48.1,6086,0.0,2,0.4,0,0,17970.5,38.1594083,-122.4519657,0.9,3.0,0,0,0
661.60,77.3,48.0,6029,0.0,2,0.5,0,0,17972.5,38.1593908,-122.4519580,0.9,3.0,0,0,0
661.70,76.7,47.6,5974,0.0,2,0.5,0,0,17974.6,38.1593733,-122.4519503,0.9,3.0,0,0,0
661.80,75.9,47.1,5863,0.0,2,0.8,0,0,17976.6,38.1593561,-122.4519428,1.0,3.3,0,0,0
661.90,74.7,46.4,5802,0.0,2,1.1,0,0,17978.6,38.1593393,-122.4519353,1.0,3.3,0,0,0
662.00,74.0,46.0,5718,0.0,2,1.2,0,0,17980.5,38.1593228,-122.4519281,1.0,3.3,0,0,0
662.10,72.8,45.2,5630,0.0,2,1.2,0,0,17982.5,38.1593063,-122.4519210,1.0,3.3,0,0,0
662.20,71.7,44.5,5589,0.0,2,1.1,0,0,17984.4,38.1592901,-122.4519140,1.0,3.3,0,0,0
662.30,71.1,44.2,5546,0.0,2,1.0,0,0,17986.3,38.1592740,-122.4519070,1.0,3.3,0,0,0
662.40,70.5,43.8,5485,0.0,2,1.1,0,0,17988.1,38.1592580,-122.4519001,1.0,3.3,0,0,0
662.50,69.8,43.3,5423,0.0,2,1.2,0,0,17990.0,38.1592421,-122.4518933,1.0,3.3,0,0,0
662.60,69.0,42.9,5418,0.0,2,1.5,0,0,17991.9,38.1592263,-122.4518868,1.0,3.3,0,0,0
662.70,68.7,42.7,5359,0.0,2,2.0,0,0,17993.7,38.1592108,-122.4518802,1.0,3.3,0,0,0
662.80,68.1,42.3,5330,0.0,2,2.4,0,0,17995.5,38.1591953,-122.4518738,1.0,3.3,0,0,0
662.90,67.5,41.9,5285,0.0,2,2.9,0,0,17997.3,38.1591801,-122.4518673,1.0,3.3,0,0,0
663.00,66.7,41.5,5183,0.0,2,3.3,0,0,17999.0,38.1591650,-122.4518611,1.0,3.3,0,0,0
663.10,66.0,41.0,5138,0.0,2,3.5,0,0,18000.8,38.1591501,-122.4518550,1.0,3.3,0,0,0
663.20,65.4,40.6,5077,0.0,2,3.5,0,0,18002.5,38.1591353,-122.4518490,1.0,3.3,0,0,0
663.30,64.5,40.1,5018,0.0,2,3.5,0,0,18004.2,38.1591208,-122.4518431,1.0,3.3,0,0,0
663.40,63.9,39.7,4961,0.0,2,3.4,0,0,18005.9,38.1591063,-122.4518373,1.0,3.3,0,0,0
663.50,62.9,39.1,4931,0.0,2,3.3,0,0,18007.5,38.1590921,-122.4518318,1.0,3.3,0,0,0
663.60,62.3,38.7,4859,0.0,2,3.4,0,0,18009.2,38.1590780,-122.4518263,1.0,3.3,0,0,0
663.70,61.8,38.4,4822,0.0,2,3.5,0,0,18010.8,38.1590640,-122.4518211,1.0,3.3,0,0,0
663.80,61.1,38.0,4761,0.0,2,3.8,0,0,18012.4,38.1590500,-122.4518160,1.2,3.9,0,0,0
663.90,60.6,37.6,4716,0.0,2,4.0,0,0,18014.0,38.1590360,-122.4518110,1.2,3.9,0,0,0
664.00,60.0,37.3,4691,0.0,2,4.2,0,0,18015.6,38.1590221,-122.4518060,1.2,3.9,0,0,0
664.10,59.3,36.8,4635,0.0,2,4.6,0,0,18017.2,38.1590084,-122.4518010,1.2,3.9,0,0,0
664.20,58.9,36.6,4591,0.0,2,5.4,0,0,18018.8,38.1589950,-122.4517961,1.2,3.9,0,0,0
664.30,58.3,36.3,4569,0.0,2,6.1,0,0,18020.3,38.1589817,-122.4517914,1.2,3.9,0,0,0
664.40,57.8,35.9,4507,0.0,2,6.8,0,0,18021.8,38.1589683,-122.4517870,1.2,3.9,0,0,0
664.50,57.1,35.5,4467,0.0,2,7.8,0,0,18023.4,38.1589551,-122.4517827,1.2,3.9,0,0,0
664.60,56.6,35.2,4414,0.0,2,9.1,0,0,18024.9,38.1589420,-122.4517784,1.2,3.9,0,0,0
664.70,56.2,34.9,4379,0.0,2,10.5,0,0,18026.4,38.1589290,-122.4517744,1.2,3.9,0,0,0
664.80,55.6,34.5,4339,0.0,2,12.1,0,0,18027.8,38.1589159,-122.4517707,1.3,4.3,0,0,0
664.90,55.0,34.2,4310,0.0,2,13.6,0,0,18029.3,38.1589028,-122.4517670,1.3,4.3,0,0,0
665.00,54.9,34.1,4263,0.0,2,14.6,0,0,18030.8,38.1588896,-122.4517634,1.3,4.3,0,0,0
665.10,54.1,33.6,4194,0.0,2,15.2,0,0,18032.3,38.1588768,-122.4517604,1.3,4.3,0,0,0
665.20,53.5,33.2,4187,0.0,2,16.4,0,0,18033.7,38.1588642,-122.4517578,1.3,4.3,0,0,0
665.30,53.2,33.1,4187,0.0,2,17.6,0,0,18035.1,38.1588518,-122.4517553,1.3,4.3,0,0,0
665.40,53.1,33.0,4141,0.0,2,18.4,0,0,18036.5,38.1588393,-122.4517531,1.3,4.3,0,0,0
665.50,52.6,32.7,4098,0.0,2,19.1,0,0,18037.9,38.1588271,-122.4517513,1.3,4.3,0,0,0
665.60,51.8,32.2,4034,0.0,2,20.2,0,0,18039.2,38.1588153,-122.4517498,1.3,4.3,0,0,0
665.70,51.4,31.9,4013,0.0,2,21.5,0,0,18040.5,38.1588037,-122.4517484,1.3,4.3,0,0,0
665.80,50.9,31.6,4016,0.0,2,22.9,0,0,18041.8,38.1587920,-122.4517474,1.9,6.2,0,0,0
665.90,50.7,31.5,3935,0.0,2,24.0,0,0,18043.1,38.1587803,-122.4517468,1.9,6.2,0,0,0
666.00,50.0,31.1,3905,0.0,2,24.9,0,0,18044.4,38.1587687,-122.4517466,1.9,6.2,0,0,0
666.10,49.5,30.7,3900,0.0,2,25.8,0,0,18045.7,38.1587569,-122.4517468,1.9,6.2,0,0,0
666.20,49.4,30.7,3837,0.0,2,26.5,0,0,18047.0,38.1587450,-122.4517473,1.9,6.2,0,0,0
666.30,48.9,30.4,3782,0.0,2,26.8,0,0,18048.3,38.1587331,-122.4517481,1.9,6.2,0,0,0
666.40,48.2,30.0,3774,1.5,2,26.9,0,0,18049.7,38.1587213,-122.4517491,1.9,6.2,0,0,0
666.50,47.6,29.6,3749,2.5,2,26.9,0,0,18051.0,38.1587097,-122.4517507,1.9,6.2,0,0,0
666.60,47.6,29.6,3777,2.5,2,26.6,0,0,18052.3,38.1586980,-122.4517531,1.9,6.2,0,0,0
666.70,47.4,29.5,3676,4.5,2,26.1,0,0,18053.6,38.1586864,-122.4517561,1.9,6.2,0,0,0
666.80,46.5,28.9,3671,5.5,2,25.4,0,0,18054.9,38.1586750,-122.4517594,1.8,5.9,0,0,0
666.90,46.5,28.9,3639,3.5,2,24.8,0,0,18056.2,38.1586637,-122.4517632,1.8,5.9,0,0,0
667.00,45.8,28.5,3585,4.5,2,24.5,0,0,18057.5,38.1586524,-122.4517677,1.8,5.9,0,0,0
667.10,45.7,28.4,3552,4.5,2,24.2,0,0,18058.8,38.1586414,-122.4517728,1.8,5.9,0,0,0
667.20,45.2,28.1,3496,4.5,2,24.0,0,0,18060.1,38.1586308,-122.4517782,1.8,5.9,0,0,0
667.30,44.6,27.7,3497,6.5,2,23.9,0,0,18061.4,38.1586202,-122.4517838,1.8,5.9,0,0,0
667.40,44.4,27.6,3533,8.0,2,23.6,0,0,18062.6,38.1586097,-122.4517896,1.8,5.9,0,0,0
667.50,44.4,27.6,3478,8.0,2,23.0,0,0,18063.9,38.1585990,-122.4517959,1.8,5.9,0,0,0
667.60,43.9,27.3,3391,8.5,2,22.4,0,0,18065.2,38.1585885,-122.4518026,1.8,5.9,0,0,0
667.70,43.8,27.2,3370,9.5,2,21.6,0,0,18066.5,38.1585788,-122.4518098,1.8,5.9,0,0,0
667.80,43.2,26.8,3510,9.5,2,20.9,0,0,18067.6,38.1585705,-122.4518173,2.6,8.5,0,0,0
667.90,43.0,26.7,3565,10.0,2,20.3,0,0,18068.7,38.1585634,-122.4518251,2.6,8.5,0,0,0
668.00,43.4,27.0,3294,11.5,2,19.9,0,0,18069.7,38.1585567,-122.4518333,2.6,8.5,0,0,0
668.10,42.9,26.7,3441,11.5,2,19.4,0,0,18070.8,38.1585499,-122.4518418,2.6,8.5,0,0,0
668.20,42.8,26.6,3403,12.5,2,19.1,0,0,18071.8,38.1585430,-122.4518502,2.6,8.5,0,0,0
668.30,43.1,26.8,3422,13.0,2,18.9,0,0,18072.9,38.1585360,-122.4518588,2.6,8.5,0,0,0
668.40,43.2,26.9,3405,14.5,2,18.6,0,0,18074.0,38.1585291,-122.4518676,2.6,8.5,0,0,0
668.50,43.4,27.0,3363,14.0,2,18.4,0,0,18075.1,38.1585223,-122.4518768,2.6,8.5,0,0,0
668.60,43.0,26.7,3393,14.5,2,18.3,0,0,18076.2,38.1585158,-122.4518863,2.6,8.5,0,0,0
668.70,43.2,26.8,3415,14.5,2,18.5,0,0,18077.3,38.1585094,-122.4518961,2.6,8.5,0,0,0
668.80,43.5,27.0,3446,14.5,2,18.4,0,0,18078.4,38.1585034,-122.4519061,2.7,8.9,0,0,0
668.90,43.6,27.1,3465,15.0,2,18.2,0,0,18079.5,38.1584977,-122.4519163,2.7,8.9,0,0,0
669.00,44.0,27.3,3480,15.5,2,18.0,0,0,18080.6,38.1584920,-122.4519268,2.7,8.9,0,0,0
669.10,44.0,27.4,3492,13.0,2,17.9,0,0,18081.7,38.1584864,-122.4519373,2.7,8.9,0,0,0
669.20,44.6,27.7,3501,12.5,2,17.9,0,0,18082.8,38.1584814,-122.4519481,2.7,8.9,0,0,0
669.30,45.1,28.0,3548,11.0,2,18.1,0,0,18083.9,38.1584767,-122.4519593,2.7,8.9,0,0,0
669.40,45.2,28.1,3556,11.5,2,18.3,0,0,18085.1,38.1584720,-122.4519708,2.7,8.9,0,0,0
669.50,45.1,28.0,3532,11.5,2,18.7,0,0,18086.2,38.1584674,-122.4519823,2.7,8.9,0,0,0
669.60,45.3,28.1,3578,11.0,2,19.2,0,0,18087.3,38.1584631,-122.4519941,2.7,8.9,0,0,0
669.70,45.9,28.5,3526,11.5,2,19.8,0,0,18088.5,38.1584590,-122.4520061,2.7,8.9,0,0,0
669.80,45.4,28.2,3574,11.5,2,20.4,0,0,18089.6,38.1584551,-122.4520183,2.7,8.9,0,0,0
669.90,45.7,28.4,3594,11.5,2,20.8,0,0,18090.8,38.1584514,-122.4520308,2.7,8.9,0,0,0
670.00,45.7,28.4,3598,11.5,2,20.9,0,0,18092.0,38.1584481,-122.4520432,2.7,8.9,0,0,0
670.10,46.0,28.6,3605,12.5,2,20.8,0,0,18093.1,38.1584451,-122.4520558,2.7,8.9,0,0,0
670.20,46.1,28.7,3651,13.0,2,20.2,0,0,18094.3,38.1584424,-122.4520686,2.7,8.9,0,0,0
670.30,46.5,28.9,3623,11.5,2,19.7,0,0,18095.4,38.1584401,-122.4520818,2.7,8.9,0,0,0
670.40,45.8,28.5,3610,11.5,2,19.2,0,0,18096.6,38.1584381,-122.4520949,2.7,8.9,0,0,0
670.50,46.3,28.8,3615,11.5,2,18.9,0,0,18097.8,38.1584364,-122.4521080,2.7,8.9,0,0,0
670.60,46.1,28.7,3616,12.0,2,18.4,0,0,18098.9,38.1584351,-122.4521211,2.7,8.9,0,0,0
670.70,46.0,28.6,3631,10.5,2,17.7,0,0,18100.1,38.1584340,-122.4521344,2.7,8.9,0,0,0
670.80,46.2,28.7,3660,11.5,2,17.0,0,0,18101.3,38.1584331,-122.4521480,2.5,8.2,0,0,0
670.90,46.3,28.7,3600,11.5,2,16.2,0,0,18102.5,38.1584323,-122.4521616,2.5,8.2,0,0,0
671.00,46.3,28.7,3605,10.5,2,15.1,0,0,18103.6,38.1584318,-122.4521750,2.5,8.2,0,0,0
671.10,45.9,28.5,3536,8.5,2,13.7,0,0,18104.8,38.1584314,-122.4521883,2.5,8.2,0,0,0
671.20,45.6,28.3,3603,6.0,2,12.2,0,0,18106.0,38.1584314,-122.4522018,2.5,8.2,0,0,0
671.30,45.5,28.3,3432,0.0,2,10.4,0,0,18107.2,38.1584318,-122.4522152,2.5,8.2,0,0,0
671.40,45.1,28.0,3457,0.0,2,8.3,0,0,18108.3,38.1584322,-122.4522287,2.5,8.2,0,0,0
671.50,44.6,27.7,3416,0.0,2,5.9,0,0,18109.5,38.1584328,-122.4522420,2.5,8.2,0,0,0
671.60,43.8,27.2,3404,0.0,2,3.5,0,0,18110.7,38.1584336,-122.4522553,2.5,8.2,0,0,0
671.70,43.2,26.9,3365,0.0,2,1.4,0,0,18111.9,38.1584348,-122.4522687,2.5,8.2,0,0,0
671.80,42.8,26.6,3360,0.0,2,0.5,0,0,18113.0,38.1584359,-122.4522819,2.3,7.5,0,0,0
671.90,42.6,26.5,3325,0.0,2,-0.3,0,0,18114.2,38.1584370,-122.4522949,2.3,7.5,0,0,0
672.00,42.1,26.1,3282,0.0,2,-1.1,0,0,18115.3,38.1584380,-122.4523077,2.3,7.5,0,0,0
672.10,41.6,25.9,3237,0.0,2,-1.8,0,0,18116.4,38.1584390,-122.4523202,2.3,7.5,0,0,0
672.20,41.0,25.5,3185,0.0,2,-2.0,0,0,18117.5,38.1584400,-122.4523328,2.3,7.5,0,0,0
672.30,40.4,25.1,3160,0.0,2,-2.3,0,0,18118.6,38.1584410,-122.4523452,2.3,7.5,0,0,0
672.40,40.2,25.0,3115,0.0,2,-2.5,0,0,18119.7,38.1584419,-122.4523577,2.3,7.5,0,0,0
672.50,39.4,24.5,3076,0.0,2,-2.9,0,0,18120.7,38.1584427,-122.4523699,2.3,7.5,0,0,0
672.60,39.0,24.3,3040,0.0,2,-3.3,0,0,18121.8,38.1584433,-122.4523817,2.3,7.5,0,0,0
672.70,38.4,23.9,3010,0.0,2,-3.5,0,0,18122.8,38.1584440,-122.4523933,2.3,7.5,0,0,0
672.80,37.9,23.6,2971,0.0,2,-3.7,0,0,18123.8,38.1584447,-122.4524050,2.0,6.6,0,0,0
672.90,37.5,23.3,2930,0.0,2,-4.0,0,0,18124.8,38.1584452,-122.4524166,2.0,6.6,0,0,0
673.00,36.9,23.0,2874,0.0,2,-4.0,0,0,18125.8,38.1584457,-122.4524279,2.0,6.6,0,0,0
673.10,36.4,22.6,2839,0.0,2,-4.0,0,0,18126.8,38.1584460,-122.4524390,2.0,6.6,0,0,0
673.20,36.2,22.5,2814,0.0,2,-3.9,0,0,18127.8,38.1584463,-122.4524500,2.0,6.6,0,0,0
673.30,35.7,22.2,2798,0.0,2,-3.8,0,0,18128.7,38.1584467,-122.4524609,2.0,6.6,0,0,0
673.40,35.4,22.0,2738,0.0,2,-3.6,0,0,18129.7,38.1584469,-122.4524717,2.0,6.6,0,0,0
673.50,35.0,21.7,2700,0.0,2,-3.0,0,0,18130.6,38.1584470,-122.4524823,2.0,6.6,0,0,0
673.60,34.3,21.3,2665,0.0,2,-2.1,0,0,18131.5,38.1584470,-122.4524930,2.0,6.6,0,0,0
673.70,33.9,21.1,2658,0.0,2,-1.0,0,0,18132.5,38.1584470,-122.4525036,2.0,6.6,0,0,0
673.80,33.2,20.6,2686,0.0,2,0.4,0,0,18133.4,38.1584471,-122.4525139,1.9,6.2,0,0,0
673.90,33.3,20.7,2527,0.0,2,1.6,0,0,18134.2,38.1584473,-122.4525240,1.9,6.2,0,0,0
674.00,32.7,20.3,2551,0.0,2,2.8,0,0,18135.1,38.1584476,-122.4525340,1.9,6.2,0,0,0
674.10,32.2,20.0,2504,0.0,2,3.7,0,0,18136.0,38.1584476,-122.4525439,1.9,6.2,0,0,0
674.20,32.0,19.9,2503,0.0,2,4.4,0,0,18136.8,38.1584473,-122.4525537,1.9,6.2,0,0,0
674.30,31.8,19.7,2487,0.0,2,4.8,0,0,18137.7,38.1584471,-122.4525632,1.9,6.2,0,0,0
674.40,31.4,19.5,2415,0.0,2,4.8,0,0,18138.5,38.1584471,-122.4525728,1.9,6.2,0,0,0
674.50,30.8,19.2,2428,0.0,2,4.3,0,0,18139.3,38.1584473,-122.4525822,1.9,6.2,0,0,0
674.60,30.9,19.2,2386,0.0,2,3.2,0,0,18140.2,38.1584477,-122.4525917,1.9,6.2,0,0,0
674.70,30.5,18.9,2364,0.0,2,1.7,0,0,18141.0,38.1584479,-122.4526009,1.9,6.2,0,0,0
674.80,30.0,18.6,2337,0.0,2,-0.1,0,0,18141.8,38.1584481,-122.4526100,2.2,7.2,0,0,0
674.90,29.5,18.3,2076,0.0,2,-2.0,0,0,18142.5,38.1584483,-122.4526189,2.2,7.2,0,0,0
675.00,29.7,18.5,1956,0.0,2,-3.6,0,0,18143.3,38.1584487,-122.4526277,2.2,7.2,0,0,0
675.10,29.5,18.3,1725,0.0,2,-4.6,0,0,18144.1,38.1584489,-122.4526363,2.2,7.2,0,0,0
675.20,29.3,18.2,1730,0.0,2,-5.4,0,0,18144.8,38.1584490,-122.4526450,2.2,7.2,0,0,0
675.30,29.2,18.1,1754,0.0,2,-6.0,0,0,18145.6,38.1584491,-122.4526537,2.2,7.2,0,0,0
675.40,28.7,17.9,1649,0.0,2,-6.3,0,0,18146.3,38.1584493,-122.4526622,2.2,7.2,0,0,0
675.50,28.9,17.9,1636,0.0,2,-6.0,0,0,18147.1,38.1584496,-122.4526708,2.2,7.2,0,0,0
675.60,28.7,17.9,1681,18.5,2,-5.5,0,0,18147.8,38.1584496,-122.4526792,2.2,7.2,0,0,0
675.70,28.4,17.7,2371,0.0,2,-5.1,0,0,18148.6,38.1584493,-122.4526878,2.2,7.2,0,0,0
675.80,28.1,17.5,2139,0.0,2,-4.7,0,0,18149.3,38.1584491,-122.4526962,2.2,7.2,0,0,0
675.90,27.7,17.2,1772,0.0,2,-4.1,0,0,18150.0,38.1584489,-122.4527047,2.2,7.2,0,0,0
676.00,27.9,17.3,1575,0.5,2,-3.1,0,0,18150.8,38.1584487,-122.4527129,2.2,7.2,0,0,0
676.10,28.0,17.4,1434,1.5,2,-2.0,0,0,18151.5,38.1584482,-122.4527210,2.2,7.2,0,0,0
676.20,27.5,17.1,1460,8.0,2,-1.0,0,0,18152.2,38.1584478,-122.4527291,2.2,7.2,0,0,0
676.30,27.3,17.0,1823,9.5,2,-0.0,0,0,18152.9,38.1584472,-122.4527373,2.2,7.2,0,0,0
676.40,26.6,16.6,2220,10.0,2,0.8,0,0,18153.6,38.1584468,-122.4527457,2.2,7.2,0,0,0
676.50,26.4,16.4,2737,10.5,2,1.3,0,0,18154.4,38.1584462,-122.4527539,2.2,7.2,0,0,0
676.60,26.9,16.7,3044,10.0,2,1.6,0,0,18155.1,38.1584458,-122.4527619,2.2,7.2,0,0,0
676.70,26.4,16.4,2946,10.0,2,1.9,0,0,18155.7,38.1584452,-122.4527697,2.2,7.2,0,0,0
676.80,26.9,16.7,2639,10.5,2,2.4,0,0,18156.4,38.1584448,-122.4527773,2.4,7.9,0,0,0
676.90,27.8,17.2,2172,10.0,2,3.1,0,0,18157.1,38.1584443,-122.4527851,2.4,7.9,0,0,0
677.00,27.1,16.8,2203,10.0,2,4.1,0,0,18157.8,38.1584440,-122.4527932,2.4,7.9,0,0,0
677.10,27.9,17.3,2125,10.5,2,5.4,0,0,18158.5,38.1584437,-122.4528015,2.4,7.9,0,0,0
677.20,27.6,17.1,2140,9.0,2,7.3,0,0,18159.2,38.1584433,-122.4528095,2.4,7.9,0,0,0
677.30,27.4,17.0,2165,7.5,2,9.3,0,0,18160.0,38.1584431,-122.4528178,2.4,7.9,0,0,0
677.40,27.4,17.0,2151,5.5,2,11.2,0,0,18160.7,38.1584430,-122.4528259,2.4,7.9,0,0,0
677.50,27.2,16.9,2181,3.5,2,13.1,0,0,18161.4,38.1584431,-122.4528340,2.4,7.9,0,0,0
677.60,28.0,17.4,2126,3.0,2,14.5,0,0,18162.1,38.1584433,-122.4528420,2.4,7.9,0,0,0
677.70,28.0,17.4,2175,3.0,2,15.8,0,0,18162.8,38.1584438,-122.4528501,2.4,7.9,0,0,0
677.80,27.5,17.1,2149,0.0,2,17.1,0,0,18163.5,38.1584443,-122.4528582,2.7,8.9,0,0,0
677.90,27.2,16.9,2029,0.0,2,18.2,0,0,18164.2,38.1584451,-122.4528664,2.7,8.9,0,0,0
678.00,27.6,17.2,2140,0.0,2,19.1,0,0,18164.9,38.1584460,-122.4528742,2.7,8.9,0,0,0
678.10,27.4,17.0,2144,1.0,2,19.6,0,0,18165.6,38.1584471,-122.4528818,2.7,8.9,0,0,0
678.20,27.2,16.9,2182,3.5,2,19.9,0,0,18166.2,38.1584484,-122.4528892,2.7,8.9,0,0,0
678.30,26.6,16.6,2277,5.0,2,19.9,0,0,18166.9,38.1584500,-122.4528966,2.7,8.9,0,0,0
678.40,27.0,16.8,2104,6.0,2,19.5,0,0,18167.6,38.1584517,-122.4529036,2.7,8.9,0,0,0
678.50,26.8,16.6,2118,6.0,2,18.7,0,0,18168.1,38.1584534,-122.4529100,2.7,8.9,0,0,0
678.60,27.0,16.8,2125,6.5,2,17.8,0,0,18168.7,38.1584554,-122.4529163,2.7,8.9,0,0,0
678.70,26.6,16.6,2080,6.5,2,17.3,0,0,18169.4,38.1584581,-122.4529228,2.7,8.9,0,0,0
678.80,26.0,16.1,2058,6.5,2,16.9,0,0,18170.0,38.1584610,-122.4529292,3.4,11.2,0,0,0
678.90,26.6,16.6,2089,6.5,2,16.4,0,0,18170.7,38.1584640,-122.4529357,3.4,11.2,0,0,0
679.00,26.5,16.5,2111,7.0,2,16.2,0,0,18171.3,38.1584671,-122.4529419,3.4,11.2,0,0,0
679.10,27.0,16.8,2127,7.5,2,16.3,0,0,18172.0,38.1584704,-122.4529480,3.4,11.2,0,0,0
679.20,26.5,16.5,2326,0.0,2,16.4,0,0,18172.6,38.1584741,-122.4529540,3.4,11.2,0,0,0
679.30,26.6,16.6,2224,0.0,2,16.8,0,0,18173.3,38.1584780,-122.4529599,3.4,11.2,0,0,0
679.40,26.6,16.6,1912,0.0,2,16.9,0,0,18174.0,38.1584821,-122.4529657,3.4,11.2,0,0,0
679.50,26.9,16.7,1727,0.0,2,17.0,0,0,18174.7,38.1584863,-122.4529712,3.4,11.2,0,0,0
679.60,26.4,16.4,1659,0.0,2,16.5,0,0,18175.4,38.1584908,-122.4529767,3.4,11.2,0,0,0
679.70,26.2,16.3,1691,0.0,2,15.0,0,0,18176.0,38.1584953,-122.4529819,3.4,11.2,0,0,0
679.80,25.5,15.9,1612,0.0,2,13.2,0,0,18176.7,38.1585001,-122.4529866,3.7,12.1,0,0,0
679.90,25.3,15.7,1604,0.0,2,11.4,0,0,18177.4,38.1585050,-122.4529910,3.7,12.1,0,0,0
680.00,25.1,15.6,1563,0.0,2,10.1,0,0,18178.1,38.1585100,-122.4529952,3.7,12.1,0,0,0
680.10,24.9,15.5,1596,0.0,2,8.7,0,0,18178.7,38.1585149,-122.4529994,3.7,12.1,0,0,0
680.20,24.4,15.2,1533,0.0,2,7.4,0,0,18179.3,38.1585197,-122.4530032,3.7,12.1,0,0,0
680.30,24.2,15.0,1542,0.0,2,6.0,0,0,18179.9,38.1585243,-122.4530070,3.7,12.1,0,0,0
680.40,24.2,15.0,1580,0.0,2,4.9,0,0,18180.6,38.1585290,-122.4530107,3.7,12.1,0,0,0
680.50,23.8,14.8,1565,0.0,2,4.3,0,0,18181.2,38.1585337,-122.4530142,3.7,12.1,0,0,0
680.60,23.9,14.8,1488,0.0,2,3.8,0,0,18181.8,38.1585383,-122.4530177,3.7,12.1,0,0,0
680.70,23.8,14.8,1478,0.0,2,3.5,0,0,18182.4,38.1585431,-122.4530209,3.7,12.1,0,0,0
680.80,23.7,14.7,1462,0.0,2,3.0,0,0,18183.0,38.1585480,-122.4530240,3.8,12.5,0,0,0
680.90,23.7,14.7,1435,0.0,2,2.4,0,0,18183.6,38.1585529,-122.4530270,3.8,12.5,0,0,0
681.00,23.3,14.5,1448,0.0,2,2.0,0,0,18184.2,38.1585578,-122.4530300,3.8,12.5,0,0,0
681.10,23.4,14.5,1411,0.0,2,1.7,0,0,18184.8,38.1585625,-122.4530330,3.8,12.5,0,0,0
681.20,23.2,14.4,1414,0.0,2,1.5,0,0,18185.4,38.1585675,-122.4530360,3.8,12.5,0,0,0
681.30,22.8,14.1,1455,0.0,2,1.7,0,0,18186.0,38.1585722,-122.4530390,3.8,12.5,0,0,0
681.40,22.9,14.2,1438,0.0,2,2.1,0,0,18186.6,38.1585771,-122.4530420,3.8,12.5,0,0,0
681.50,23.0,14.3,1414,0.0,2,2.4,0,0,18187.2,38.1585819,-122.4530450,3.8,12.5,0,0,0
681.60,23.0,14.3,1445,0.0,2,2.4,0,0,18187.8,38.1585867,-122.4530479,3.8,12.5,0,0,0
681.70,22.8,14.1,1493,0.0,2,2.2,0,0,18188.3,38.1585913,-122.4530507,3.8,12.5,0,0,0
681.80,22.6,14.0,1410,0.0,2,2.1,0,0,18188.9,38.1585961,-122.4530533,4.0,13.1,0,0,0
681.90,22.6,14.1,1376,0.0,2,2.0,0,0,18189.5,38.1586010,-122.4530561,4.0,13.1,0,0,0
682.00,22.5,14.0,1360,0.0,2,2.0,0,0,18190.1,38.1586060,-122.4530589,4.0,13.1,0,0,0
682.10,22.2,13.8,1305,0.0,2,1.9,0,0,18190.7,38.1586109,-122.4530617,4.0,13.1,0,0,0
682.20,22.2,13.8,1260,0.0,2,2.0,0,0,18191.3,38.1586157,-122.4530642,4.0,13.1,0,0,0
682.30,22.0,13.7,1491,0.0,2,2.0,0,0,18191.8,38.1586202,-122.4530667,4.0,13.1,0,0,0
682.40,21.9,13.6,1453,0.0,2,1.9,0,0,18192.4,38.1586248,-122.4530690,4.0,13.1,0,0,0
682.50,21.7,13.5,1404,0.0,2,1.8,0,0,18192.9,38.1586293,-122.4530713,4.0,13.1,0,0,0
682.60,21.7,13.5,1388,0.0,2,1.6,0,0,18193.5,38.1586341,-122.4530737,4.0,13.1,0,0,0
682.70,21.7,13.5,1381,0.0,2,1.4,0,0,18194.1,38.1586389,-122.4530760,4.0,13.1,0,0,0
682.80,21.5,13.4,1327,0.0,2,1.3,0,0,18194.6,38.1586437,-122.4530783,4.1,13.5,0,0,0
682.90,21.5,13.3,1359,0.0,2,1.2,0,0,18195.2,38.1586483,-122.4530807,4.1,13.5,0,0,0
683.00,21.5,13.3,1311,0.0,2,1.2,0,0,18195.8,38.1586531,-122.4530830,4.1,13.5,0,0,0
683.10,21.3,13.2,1287,0.0,2,1.2,0,0,18196.3,38.1586579,-122.4530853,4.1,13.5,0,0,0
683.20,21.0,13.0,1400,0.0,2,1.2,0,0,18196.9,38.1586627,-122.4530877,4.1,13.5,0,0,0
683.30,21.1,13.1,1343,0.0,2,1.1,0,0,18197.4,38.1586673,-122.4530899,4.1,13.5,0,0,0
683.40,21.0,13.0,1331,0.0,2,1.0,0,0,18198.0,38.1586720,-122.4530921,4.1,13.5,0,0,0
683.50,20.8,12.9,1299,0.0,2,0.8,0,0,18198.6,38.1586767,-122.4530943,4.1,13.5,0,0,0
683.60,20.7,12.9,1260,0.0,2,0.7,0,0,18199.1,38.1586813,-122.4530967,4.1,13.5,0,0,0
683.70,20.5,12.8,1396,0.0,2,0.8,0,0,18199.7,38.1586860,-122.4530989,4.1,13.5,0,0,0
683.80,20.6,12.8,1460,0.0,2,0.9,0,0,18200.2,38.1586907,-122.4531010,4.2,13.8,0,0,0
683.90,20.4,12.7,1398,0.0,2,1.2,0,0,18200.8,38.1586952,-122.4531030,4.2,13.8,0,0,0
684.00,20.4,12.7,1409,0.0,2,1.3,0,0,18201.3,38.1586998,-122.4531050,4.2,13.8,0,0,0
684.10,20.0,12.4,1419,0.0,2,1.5,0,0,18201.8,38.1587042,-122.4531070,4.2,13.8,0,0,0
684.20,19.9,12.4,1456,0.0,2,1.4,0,0,18202.4,38.1587088,-122.4531090,4.2,13.8,0,0,0
684.30,19.9,12.4,1381,0.0,2,1.3,0,0,18202.9,38.1587132,-122.4531110,4.2,13.8,0,0,0
684.40,20.3,12.6,1448,0.0,2,1.2,0,0,18203.4,38.1587178,-122.4531130,4.2,13.8,0,0,0
684.50,19.6,12.2,1385,0.0,2,1.2,0,0,18203.9,38.1587222,-122.4531150,4.2,13.8,0,0,0
684.60,19.8,12.3,1373,0.0,2,1.2,0,0,18204.5,38.1587268,-122.4531170,4.2,13.8,0,0,0
684.70,19.7,12.2,1331,0.0,2,1.0,0,0,18205.0,38.1587312,-122.4531189,4.2,13.8,0,0,0
684.80,19.7,12.2,1344,0.0,2,0.7,0,0,18205.5,38.1587358,-122.4531207,4.1,13.5,0,0,0
684.90,19.6,12.2,1278,0.0,2,0.4,0,0,18206.0,38.1587402,-122.4531223,4.1,13.5,0,0,0
685.00,19.4,12.1,1435,0.0,2,0.1,0,0,18206.6,38.1587447,-122.4531241,4.1,13.5,0,0,0
685.10,19.4,12.0,1397,0.0,2,-0.0,0,0,18207.1,38.1587489,-122.4531259,4.1,13.5,0,0,0
685.20,19.3,12.0,1358,0.0,2,-0.0,0,0,18207.5,38.1587531,-122.4531277,4.1,13.5,0,0,0
685.30,19.5,12.1,1367,0.0,2,-0.0,0,0,18208.0,38.1587573,-122.4531293,4.1,13.5,0,0,0
685.40,19.2,11.9,1304,0.0,2,-0.2,0,0,18208.5,38.1587617,-122.4531311,4.1,13.5,0,0,0
685.50,18.8,11.7,1317,0.0,2,-0.4,0,0,18209.0,38.1587659,-122.4531329,4.1,13.5,0,0,0
685.60,18.8,11.7,1357,0.0,2,-0.7,0,0,18209.5,38.1587700,-122.4531347,4.1,13.5,0,0,0
685.70,18.7,11.6,1301,0.0,2,-0.6,0,0,18210.0,38.1587741,-122.4531363,4.1,13.5,0,0,0
685.80,18.6,11.5,1290,0.0,2,-0.4,0,0,18210.5,38.1587783,-122.4531380,4.2,13.8,0,0,0
685.90,18.4,11.5,1337,0.0,2,-0.4,0,0,18211.0,38.1587827,-122.4531397,4.2,13.8,0,0,0
686.00,18.4,11.5,1357,0.0,2,-0.2,0,0,18211.5,38.1587869,-122.4531413,4.2,13.8,0,0,0
686.10,18.2,11.3,1320,0.0,2,-0.0,0,0,18212.0,38.1587910,-122.4531430,4.2,13.8,0,0,0
686.20,18.0,11.2,1315,0.0,2,0.2,0,0,18212.4,38.1587950,-122.4531447,4.2,13.8,0,0,0
686.30,18.0,11.2,1372,0.0,1,-0.0,0,0,18212.9,38.1587990,-122.4531463,4.2,13.8,0,0,0
686.40,17.9,11.1,1350,0.0,1,-0.4,0,0,18213.4,38.1588030,-122.4531480,4.2,13.8,0,0,0
686.50,17.9,11.1,1292,0.0,1,-1.0,0,0,18213.8,38.1588070,-122.4531497,4.2,13.8,0,0,0
686.60,17.7,11.0,1317,0.0,1,-1.8,0,0,18214.3,38.1588110,-122.4531512,4.2,13.8,0,0,0
686.70,17.4,10.8,1361,0.0,1,-2.5,0,0,18214.8,38.1588150,-122.4531528,4.2,13.8,0,0,0
686.80,17.3,10.8,1319,0.0,1,-3.1,0,0,18215.2,38.1588189,-122.4531542,4.3,14.1,0,0,0
686.90,17.3,10.8,1363,0.0,1,-3.2,0,0,18215.7,38.1588227,-122.4531558,4.3,14.1,0,0,0
687.00,17.2,10.7,1338,0.0,1,-3.2,0,0,18216.1,38.1588263,-122.4531572,4.3,14.1,0,0,0
687.10,17.1,10.6,1337,0.0,1,-3.1,0,0,18216.5,38.1588301,-122.4531588,4.3,14.1,0,0,0
687.20,16.8,10.4,1341,0.0,1,-2.7,0,0,18217.0,38.1588339,-122.4531603,4.3,14.1,0,0,0
687.30,16.5,10.3,1337,0.0,1,-2.3,0,0,18217.4,38.1588377,-122.4531620,4.3,14.1,0,0,0
687.40,16.5,10.3,1364,0.0,1,-1.8,0,0,18217.8,38.1588413,-122.4531637,4.3,14.1,0,0,0
687.50,16.3,10.1,1326,0.0,1,-1.1,0,0,18218.3,38.1588450,-122.4531653,4.3,14.1,0,0,0
687.60,16.2,10.1,1330,0.0,1,-0.5,0,0,18218.7,38.1588487,-122.4531671,4.3,14.1,0,0,0
687.70,16.0,9.9,1321,0.0,1,0.1,0,0,18219.1,38.1588522,-122.4531689,4.3,14.1,0,0,0
687.80,15.8,9.8,1370,0.0,1,0.4,0,0,18219.6,38.1588558,-122.4531707,4.4,14.4,0,0,0
687.90,15.6,9.7,1305,0.0,1,0.4,0,0,18220.0,38.1588592,-122.4531723,4.4,14.4,0,0,0
688.00,15.4,9.6,1321,0.0,1,0.4,0,0,18220.4,38.1588628,-122.4531740,4.4,14.4,0,0,0
688.10,15.3,9.5,1404,0.0,1,0.3,0,0,18220.8,38.1588662,-122.4531757,4.4,14.4,0,0,0
688.20,15.2,9.5,1428,0.0,1,0.3,0,0,18221.2,38.1588697,-122.4531772,4.4,14.4,0,0,0
688.30,15.2,9.5,1428,0.0,1,0.4,0,0,18221.6,38.1588730,-122.4531788,4.4,14.4,0,0,0
688.40,15.0,9.3,1462,0.0,1,0.5,0,0,18222.0,38.1588763,-122.4531802,4.4,14.4,0,0,0
688.50,14.7,9.1,1359,0.0,1,0.5,0,0,18222.4,38.1588798,-122.4531818,4.4,14.4,0,0,0
688.60,14.8,9.2,1420,0.0,1,0.4,0,0,18222.8,38.1588832,-122.4531832,4.4,14.4,0,0,0
688.70,14.6,9.1,1370,0.0,1,0.3,0,0,18223.2,38.1588867,-122.4531848,4.4,14.4,0,0,0
688.80,14.5,9.0,1378,0.0,1,-0.0,0,0,18223.6,38.1588899,-122.4531862,4.5,14.8,0,0,0
688.90,14.5,9.0,1335,0.0,1,-0.3,0,0,18224.0,38.1588930,-122.4531878,4.5,14.8,0,0,0
689.00,14.2,8.8,1353,0.0,1,-0.5,0,0,18224.3,38.1588960,-122.4531892,4.5,14.8,0,0,0
689.10,14.1,8.8,1290,0.0,1,-0.7,0,0,18224.7,38.1588991,-122.4531907,4.5,14.8,0,0,0
689.20,14.0,8.7,1363,0.0,1,-0.9,0,0,18225.1,38.1589023,-122.4531920,4.5,14.8,0,0,0
689.30,13.9,8.6,1340,0.0,1,-1.1,0,0,18225.5,38.1589057,-122.4531933,4.5,14.8,0,0,0
689.40,14.0,8.7,1325,0.0,1,-1.3,0,0,18225.8,38.1589089,-122.4531948,4.5,14.8,0,0,0
689.50,13.8,8.6,1410,0.0,1,-1.2,0,0,18226.2,38.1589120,-122.4531962,4.5,14.8,0,0,0
689.60,13.7,8.5,1360,0.0,1,-0.8,0,0,18226.6,38.1589150,-122.4531978,4.5,14.8,0,0,0
689.70,13.6,8.4,1338,0.0,1,-0.0,0,0,18226.9,38.1589180,-122.4531992,4.5,14.8,0,0,0
689.80,13.5,8.4,1352,0.0,1,0.8,0,0,18227.3,38.1589210,-122.4532004,4.6,15.1,0,0,0
689.90,13.3,8.2,1381,0.0,1,1.8,0,0,18227.6,38.1589240,-122.4532012,4.6,15.1,0,0,0
690.00,12.8,8.0,1344,0.0,1,3.0,0,0,18228.0,38.1589269,-122.4532021,4.6,15.1,0,0,0
690.10,12.5,7.7,1328,0.0,1,4.1,0,0,18228.3,38.1589297,-122.4532033,4.6,15.1,0,0,0
690.20,12.1,7.5,1353,0.0,1,4.9,0,0,18228.6,38.1589323,-122.4532047,4.6,15.1,0,0,0
690.30,11.7,7.3,1322,0.0,1,5.5,0,0,18228.9,38.1589350,-122.4532059,4.6,15.1,0,0,0
690.40,11.7,7.3,1360,0.0,1,5.7,0,0,18229.2,38.1589377,-122.4532070,4.6,15.1,0,0,0
690.50,11.3,7.0,1326,0.0,1,5.4,0,0,18229.5,38.1589402,-122.4532079,4.6,15.1,0,0,0
690.60,11.2,7.0,1330,0.0,1,5.2,0,0,18229.8,38.1589428,-122.4532087,4.6,15.1,0,0,0
690.70,11.0,6.8,1375,0.0,1,5.4,0,0,18230.1,38.1589452,-122.4532093,4.6,15.1,0,0,0
690.80,10.8,6.7,1323,0.0,1,5.8,0,0,18230.4,38.1589478,-122.4532100,4.5,14.8,0,0,0
690.90,10.6,6.6,1353,0.0,1,6.3,0,0,18230.7,38.1589502,-122.4532106,4.5,14.8,0,0,0
691.00,10.4,6.4,1321,0.0,1,6.6,0,0,18230.9,38.1589528,-122.4532109,4.5,14.8,0,0,0
691.10,10.2,6.4,1301,0.0,1,6.8,0,0,18231.2,38.1589552,-122.4532111,4.5,14.8,0,0,0
691.20,10.1,6.3,1316,0.0,1,6.8,0,0,18231.5,38.1589577,-122.4532113,4.5,14.8,0,0,0
691.30,10.0,6.2,1351,0.0,1,6.7,0,0,18231.7,38.1589599,-122.4532117,4.5,14.8,0,0,0
691.40,9.9,6.2,1385,0.0,1,6.6,0,0,18232.0,38.1589620,-122.4532119,4.5,14.8,0,0,0
691.50,9.7,6.0,1382,0.0,1,6.3,0,0,18232.2,38.1589640,-122.4532120,4.5,14.8,0,0,0
691.60,9.5,5.9,1389,0.0,1,5.8,0,0,18232.4,38.1589660,-122.4532120,4.5,14.8,0,0,0
691.70,9.4,5.8,1381,0.0,1,5.3,0,0,18232.6,38.1589680,-122.4532119,4.5,14.8,0,0,0
691.80,9.1,5.7,1343,0.0,1,4.9,0,0,18232.9,38.1589700,-122.4532117,4.8,15.7,0,0,0
691.90,9.1,5.6,1324,0.0,1,4.7,0,0,18233.1,38.1589720,-122.4532113,4.8,15.7,0,0,0
692.00,8.8,5.5,1313,0.0,1,4.8,0,0,18233.3,38.1589740,-122.4532110,4.8,15.7,0,0,0
692.10,8.6,5.3,1320,0.0,1,5.0,0,0,18233.5,38.1589760,-122.4532107,4.8,15.7,0,0,0
692.20,8.3,5.2,1319,0.0,1,5.3,0,0,18233.8,38.1589780,-122.4532102,4.8,15.7,0,0,0
692.30,8.1,5.1,1293,0.0,1,5.5,0,0,18234.0,38.1589799,-122.4532098,4.8,15.7,0,0,0
692.40,7.9,4.9,1394,0.0,1,5.7,0,0,18234.2,38.1589817,-122.4532092,4.8,15.7,0,0,0
692.50,7.6,4.7,1344,0.0,1,5.8,0,0,18234.4,38.1589832,-122.4532087,4.8,15.7,0,0,0
692.60,7.4,4.6,1402,0.0,1,5.9,0,0,18234.5,38.1589847,-122.4532079,4.8,15.7,0,0,0
692.70,7.1,4.4,1382,0.0,1,5.9,0,0,18234.7,38.1589859,-122.4532070,4.8,15.7,0,0,0
692.80,7.0,4.3,1367,0.0,1,5.8,0,0,18234.8,38.1589870,-122.4532059,5.1,16.7,0,0,0
692.90,6.9,4.3,1376,0.0,1,5.5,0,0,18235.0,38.1589880,-122.4532047,5.1,16.7,0,0,0
693.00,6.5,4.0,1357,0.0,1,4.9,0,0,18235.2,38.1589890,-122.4532033,5.1,16.7,0,0,0
693.10,6.4,4.0,1398,0.0,1,4.4,0,0,18235.3,38.1589900,-122.4532021,5.1,16.7,0,0,0
693.20,6.2,3.9,1376,0.0,1,4.2,0,0,18235.5,38.1589909,-122.4532010,5.1,16.7,0,0,0
693.30,5.8,3.6,1390,0.0,1,4.0,0,0,18235.6,38.1589917,-122.4532001,5.1,16.7,0,0,0
693.40,5.6,3.5,1411,0.0,1,3.9,0,0,18235.7,38.1589922,-122.4531993,5.1,16.7,0,0,0
693.50,5.6,3.5,1410,0.0,1,3.7,0,0,18235.7,38.1589927,-122.4531988,5.1,16.7,0,0,0
693.60,5.5,3.4,1423,0.0,1,3.5,0,0,18235.8,38.1589930,-122.4531982,5.1,16.7,0,0,0
693.70,5.4,3.4,1419,0.0,1,3.1,0,0,18235.9,38.1589934,-122.4531977,5.1,16.7,0,0,0
693.80,5.4,3.3,1425,0.0,1,2.6,0,0,18236.0,38.1589940,-122.4531969,5.1,16.7,0,0,0
693.90,4.8,3.0,1393,0.0,1,2.2,0,0,18236.1,38.1589946,-122.4531960,5.1,16.7,0,0,0
694.00,4.6,2.9,1382,0.0,1,1.8,0,0,18236.2,38.1589949,-122.4531950,5.1,16.7,0,0,0
694.10,4.3,2.7,1346,0.0,1,1.4,0,0,18236.2,38.1589950,-122.4531941,5.1,16.7,0,0,0
694.20,4.1,2.5,1327,0.0,1,1.0,0,0,18236.3,38.1589950,-122.4531934,5.1,16.7,0,0,0
694.30,3.9,2.4,1329,0.0,1,0.8,0,0,18236.3,38.1589950,-122.4531930,5.1,16.7,0,0,0
694.40,3.7,2.3,1386,0.0,1,0.7,0,0,18236.4,38.1589950,-122.4531927,5.1,16.7,0,0,0
694.50,3.5,2.2,1344,0.0,1,0.6,0,0,18236.4,38.1589950,-122.4531923,5.1,16.7,0,0,0
694.60,3.3,2.0,1376,0.0,1,0.5,0,0,18236.4,38.1589950,-122.4531920,5.1,16.7,0,0,0
694.70,3.1,1.9,1370,0.0,1,0.5,0,0,18236.4,38.1589950,-122.4531917,5.1,16.7,0,0,0
694.80,2.9,1.8,1364,0.0,1,0.5,0,0,18236.5,38.1589950,-122.4531910,5.4,17.7,0,0,0
694.90,2.8,1.8,1325,0.0,1,0.4,0,0,18236.5,38.1589950,-122.4531910,5.4,17.7,0,0,0
695.00,2.5,1.5,1354,0.0,1,0.3,0,0,18236.6,38.1589950,-122.4531920,5.4,17.7,0,0,0
695.10,2.2,1.3,1326,0.0,1,0.1,0,0,18236.7,38.1589950,-122.4531910,5.4,17.7,0,0,0
695.20,0.0,0.0,1360,0.0,1,-0.1,0,0,18236.8,38.1589940,-122.4531910,5.4,17.7,0,0,0
695.30,0.0,0.0,1307,0.0,1,-0.3,0,0,18237.1,38.1589920,-122.4531890,5.4,17.7,0,0,0
695.40,0.0,0.0,1308,0.0,1,-0.2,0,0,18237.2,38.1589910,-122.4531880,5.4,17.7,0,0,0
695.50,0.0,0.0,1451,0.0,1,0.1,0,0,18237.4,38.1589900,-122.4531870,5.4,17.7,0,0,0
695.60,0.0,0.0,1427,0.0,1,0.3,0,0,18237.5,38.1589890,-122.4531860,5.4,17.7,0,0,0
695.70,0.0,0.0,1424,0.0,1,0.4,0,0,18237.7,38.1589870,-122.4531850,5.4,17.7,0,0,0
695.80,0.0,0.0,1417,0.0,1,0.5,0,0,18238.0,38.1589850,-122.4531840,6.8,22.3,0,0,0
695.90,0.0,0.0,1270,0.0,1,0.8,0,0,18238.1,38.1589850,-122.4531830,6.8,22.3,0,0,0
696.00,0.0,0.0,1015,0.0,1,0.8,0,0,18238.2,38.1589840,-122.4531820,6.8,22.3,0,0,0
696.10,0.0,0.0,1015,0.0,1,0.9,0,0,18238.2,38.1589840,-122.4531820,6.8,22.3,0,0,0
696.20,0.0,0.0,1015,0.0,1,1.1,0,0,18238.3,38.1589830,-122.4531820,6.8,22.3,0,0,0
696.30,0.0,0.0,1015,0.0,1,1.3,0,0,18238.3,38.1589830,-122.4531820,6.8,22.3,0,0,0
696.40,0.0,0.0,1015,0.0,1,1.5,0,0,18238.4,38.1589820,-122.4531820,6.8,22.3,0,0,0
696.50,0.0,0.0,1015,0.0,1,1.6,0,0,18238.5,38.1589810,-122.4531820,6.8,22.3,0,0,0
696.60,0.0,0.0,1015,0.0,1,1.8,0,0,18238.7,38.1589800,-122.4531810,6.8,22.3,0,0,0
696.70,0.0,0.0,12243,0.0,1,2.1,0,0,18238.7,38.1589800,-122.4531810,6.8,22.3,0,0,0
696.80,0.0,0.0,12243,0.0,1,2.5,0,0,18238.7,38.1589800,-122.4531810,7.4,24.3,0,0,0
696.90,0.0,0.0,12243,0.0,1,2.8,0,0,18238.7,38.1589800,-122.4531810,7.4,24.3,0,0,0
697.00,0.0,0.0,12243,0.0,1,3.1,0,0,18238.8,38.1589800,-122.4531820,7.4,24.3,0,0,0
697.10,0.0,0.0,12243,0.0,1,3.4,0,0,18238.8,38.1589800,-122.4531820,7.4,24.3,0,0,0
697.20,0.0,0.0,12243,0.0,1,3.5,0,0,18238.9,38.1589800,-122.4531830,7.4,24.3,0,0,0
697.30,0.0,0.0,12243,0.0,1,3.3,0,0,18239.0,38.1589810,-122.4531840,7.4,24.3,0,0,0
697.40,0.0,0.0,12243,0.0,1,2.9,0,0,18239.2,38.1589810,-122.4531860,7.4,24.3,0,0,0
697.50,0.0,0.0,12243,0.0,1,2.6,0,0,18239.3,38.1589820,-122.4531870,7.4,24.3,0,0,0
697.60,0.0,0.0,12243,0.0,1,2.4,0,0,18239.4,38.1589820,-122.4531880,7.4,24.3,0,0,0
697.70,0.0,0.0,12243,0.0,1,2.1,0,0,18239.5,38.1589820,-122.4531890,7.4,24.3,0,0,0
697.80,0.0,0.0,12243,0.0,1,2.0,0,0,18239.6,38.1589820,-122.4531900,8.0,26.2,0,0,0
697.90,0.0,0.0,12243,0.0,1,1.7,0,0,18239.6,38.1589820,-122.4531900,8.0,26.2,0,0,0
698.00,0.0,0.0,12243,0.0,1,1.5,0,0,18239.6,38.1589820,-122.4531900,8.0,26.2,0,0,0
698.10,0.0,0.0,12243,0.0,1,1.3,0,0,18239.6,38.1589820,-122.4531900,8.0,26.2,0,0,0
698.20,0.0,0.0,12243,0.0,1,1.2,0,0,18239.7,38.1589820,-122.4531910,8.0,26.2,0,0,0
698.30,0.0,0.0,12243,0.0,1,1.1,0,0,18239.8,38.1589830,-122.4531920,8.0,26.2,0,0,0
698.40,0.0,0.0,12243,0.0,1,1.0,0,0,18239.9,38.1589830,-122.4531930,8.0,26.2,0,0,0
698.50,0.0,0.0,12243,0.0,1,0.9,0,0,18240.0,38.1589840,-122.4531940,8.0,26.2,0,0,0
698.60,0.0,0.0,12243,0.0,1,0.9,0,0,18240.0,38.1589840,-122.4531940,8.0,26.2,0,0,0
698.70,0.0,0.0,12243,0.0,1,0.9,0,0,18240.2,38.1589850,-122.4531950,8.0,26.2,0,0,0
698.80,0.0,0.0,12243,0.0,1,0.8,0,0,18240.3,38.1589850,-122.4531960,8.7,28.5,0,0,0
698.90,0.0,0.0,12243,0.0,1,0.9,0,0,18240.4,38.1589860,-122.4531970,8.7,28.5,0,0,0
699.00,0.0,0.0,12243,0.0,1,0.8,0,0,18240.4,38.1589860,-122.4531970,8.7,28.5,0,0,0
699.10,0.0,0.0,12243,0.0,1,0.7,0,0,18240.6,38.1589880,-122.4531980,8.7,28.5,0,0,0
699.20,0.0,0.0,12243,0.0,1,0.7,0,0,18240.6,38.1589880,-122.4531980,8.7,28.5,0,0,0
699.30,0.0,0.0,12243,0.0,1,0.9,0,0,18240.8,38.1589890,-122.4531990,8.7,28.5,0,0,0
699.40,0.0,0.0,12243,0.0,1,1.0,0,0,18241.0,38.1589900,-122.4532010,8.7,28.5,0,0,0
699.50,0.0,0.0,12243,0.0,1,1.2,0,0,18241.5,38.1589940,-122.4532030,8.7,28.5,0,0,0
699.60,0.0,0.0,12243,0.0,1,1.4,0,0,18242.1,38.1589990,-122.4532060,8.7,28.5,0,0,0
699.70,0.0,0.0,12243,0.0,1,1.6,0,0,18242.3,38.1590000,-122.4532080,8.7,28.5,0,0,0
699.80,0.0,0.0,12243,0.0,1,1.6,0,0,18242.4,38.1590010,-122.4532090,8.9,29.2,0,0,0
699.90,0.0,0.0,12243,0.0,1,1.5,0,0,18242.6,38.1590020,-122.4532100,8.9,29.2,0,0,0
700.00,0.0,0.0,12243,0.0,1,1.5,0,0,18242.7,38.1590030,-122.4532110,8.9,29.2,0,0,0
700.10,0.0,0.0,12243,0.0,1,1.5,0,0,18243.0,38.1590050,-122.4532120,8.9,29.2,0,0,0
700.20,0.0,0.0,12243,0.0,1,1.5,0,0,18243.1,38.1590060,-122.4532120,8.9,29.2,0,0,0
700.30,0.0,0.0,12243,0.0,1,1.5,0,0,18243.2,38.1590070,-122.4532130,8.9,29.2,0,0,0
700.40,0.0,0.0,12243,0.0,1,1.4,0,0,18243.3,38.1590080,-122.4532140,8.9,29.2,0,0,0
700.50,0.0,0.0,12243,0.0,1,1.3,0,0,18243.5,38.1590090,-122.4532150,8.9,29.2,0,0,0
700.60,0.0,0.0,12243,0.0,1,1.2,0,0,18243.6,38.1590090,-122.4532160,8.9,29.2,0,0,0
700.70,0.0,0.0,12243,0.0,1,0.9,0,0,18243.7,38.1590080,-122.4532170,8.9,29.2,0,0,0
700.80,0.0,0.0,12243,0.0,1,0.4,0,0,18243.8,38.1590070,-122.4532170,9.2,30.2,0,0,0
700.90,0.0,0.0,12243,0.0,1,-0.3,0,0,18244.0,38.1590080,-122.4532180,9.2,30.2,0,0,0
701.00,0.0,0.0,12243,0.0,1,-1.3,0,0,18244.0,38.1590080,-122.4532180,9.2,30.2,0,0,0
701.10,0.0,0.0,12243,0.0,1,-2.4,0,0,18244.2,38.1590060,-122.4532170,9.2,30.2,0,0,0
701.20,0.0,0.0,12243,0.0,1,-3.4,0,0,18244.4,38.1590050,-122.4532160,9.2,30.2,0,0,0
701.30,0.0,0.0,12243,0.0,1,-4.0,0,0,18244.6,38.1590030,-122.4532150,9.2,30.2,0,0,0
701.40,0.0,0.0,12243,0.0,1,-4.3,0,0,18244.7,38.1590020,-122.4532150,9.2,30.2,0,0,0
701.50,0.0,0.0,12243,0.0,1,-4.3,0,0,18244.8,38.1590030,-122.4532160,9.2,30.2,0,0,0
701.60,0.0,0.0,12243,0.0,1,-4.2,0,0,18244.9,38.1590030,-122.4532170,9.2,30.2,0,0,0
701.70,0.0,0.0,12243,0.0,1,-4.2,0,0,18244.9,38.1590030,-122.4532170,9.2,30.2,0,0,0
701.80,0.0,0.0,12243,0.0,1,-4.4,0,0,18245.0,38.1590030,-122.4532180,9.8,32.2,0,0,0
701.90,0.0,0.0,12243,0.0,1,-4.7,0,0,18245.3,38.1590050,-122.4532190,9.8,32.2,0,0,0
702.00,0.0,0.0,12243,0.0,1,-5.1,0,0,18245.4,38.1590040,-122.4532200,9.8,32.2,0,0,0
702.10,0.0,0.0,12243,0.0,1,-5.3,0,0,18245.5,38.1590040,-122.4532210,9.8,32.2,0,0,0
702.20,0.0,0.0,12243,0.0,1,-5.5,0,0,18245.6,38.1590050,-122.4532210,9.8,32.2,0,0,0
702.30,0.0,0.0,12243,0.0,1,-5.9,0,0,18245.7,38.1590060,-122.4532220,9.8,32.2,0,0,0
702.40,0.0,0.0,12243,0.0,1,-6.4,0,0,18246.0,38.1590080,-122.4532230,9.8,32.2,0,0,0
702.50,0.0,0.0,12243,0.0,1,-7.0,0,0,18246.1,38.1590090,-122.4532240,9.8,32.2,0,0,0
702.60,0.0,0.0,12243,0.0,1,-7.5,0,0,18246.3,38.1590080,-122.4532250,9.8,32.2,0,0,0
702.70,0.0,0.0,12243,0.0,1,-7.8,0,0,18246.3,38.1590080,-122.4532260,9.8,32.2,0,0,0
702.80,0.0,0.0,12243,0.0,1,-8.7,0,0,18246.4,38.1590080,-122.4532270,10.4,34.1,0,0,0
702.90,0.0,0.0,12243,0.0,1,-10.1,0,0,18246.5,38.1590070,-122.4532270,10.4,34.1,0,0,0
703.00,0.0,0.0,12243,0.0,1,-11.2,0,0,18246.7,38.1590070,-122.4532290,10.4,34.1,0,0,0
703.10,0.0,0.0,12243,0.0,1,-12.3,0,0,18246.8,38.1590070,-122.4532300,10.4,34.1,0,0,0
703.20,0.0,0.0,12243,0.0,1,-13.0,0,0,18247.0,38.1590080,-122.4532310,10.4,34.1,0,0,0
703.30,0.0,0.0,12243,0.0,1,-13.3,0,0,18247.2,38.1590100,-122.4532320,10.4,34.1,0,0,0
703.40,0.0,0.0,12243,0.0,1,-13.3,0,0,18247.9,38.1590160,-122.4532340,10.4,34.1,0,0,0
703.50,0.0,0.0,12243,0.0,1,-13.2,0,0,18248.2,38.1590190,-122.4532350,10.4,34.1,0,0,0
703.60,0.0,0.0,12243,0.0,1,-13.0,0,0,18248.5,38.1590210,-122.4532360,10.4,34.1,0,0,0
703.70,0.0,0.0,12243,0.0,1,-12.9,0,0,18248.7,38.1590220,-122.4532380,10.4,34.1,0,0,0
703.80,0.0,0.0,12243,0.0,1,-13.0,0,0,18248.9,38.1590240,-122.4532390,10.5,34.4,0,0,0
703.90,0.0,0.0,12243,0.0,1,-13.1,0,0,18249.1,38.1590250,-122.4532410,10.5,34.4,0,0,0
704.00,0.0,0.0,12243,0.0,1,-13.1,0,0,18249.3,38.1590260,-122.4532420,10.5,34.4,0,0,0
704.10,0.0,0.0,12243,0.0,1,-13.0,0,0,18249.4,38.1590270,-122.4532430,10.5,34.4,0,0,0
704.20,0.0,0.0,12243,0.0,1,-13.0,0,0,18249.5,38.1590280,-122.4532440,10.5,34.4,0,0,0
704.30,0.0,0.0,12243,0.0,1,-13.0,0,0,18249.6,38.1590280,-122.4532450,10.5,34.4,0,0,0
704.40,0.0,0.0,12243,0.0,1,-13.0,0,0,18249.7,38.1590280,-122.4532460,10.5,34.4,0,0,0
704.50,0.0,0.0,12243,0.0,1,-13.0,0,0,18249.8,38.1590280,-122.4532470,10.5,34.4,0,0,0
704.60,0.0,0.0,12243,0.0,1,-13.1,0,0,18249.9,38.1590280,-122.4532480,10.5,34.4,0,0,0
704.70,0.0,0.0,12243,0.0,1,-13.2,0,0,18250.0,38.1590280,-122.4532490,10.5,34.4,0,0,0
704.80,0.0,0.0,12243,0.0,1,-13.2,0,0,18250.0,38.1590280,-122.4532490,10.7,35.1,0,0,0
704.90,0.0,0.0,12243,0.0,1,-13.2,0,0,18250.0,38.1590280,-122.4532490,10.7,35.1,0,0,0
705.00,0.0,0.0,12243,0.0,1,-13.2,0,0,18250.1,38.1590280,-122.4532500,10.7,35.1,0,0,0
705.10,0.0,0.0,12243,0.0,1,-13.2,0,0,18250.1,38.1590280,-122.4532500,10.7,35.1,0,0,0
705.20,0.0,0.0,12243,0.0,1,-13.3,0,0,18250.2,38.1590280,-122.4532510,10.7,35.1,0,0,0
705.30,0.0,0.0,12243,0.0,1,-13.2,0,0,18250.3,38.1590290,-122.4532510,10.7,35.1,0,0,0
705.40,0.0,0.0,12243,0.0,1,-13.2,0,0,18250.4,38.1590300,-122.4532510,10.7,35.1,0,0,0
705.50,0.0,0.0,12243,0.0,1,-13.2,0,0,18250.5,38.1590310,-122.4532520,10.7,35.1,0,0,0
705.60,0.0,0.0,12243,0.0,1,-13.2,0,0,18250.6,38.1590310,-122.4532530,10.7,35.1,0,0,0
705.70,0.0,0.0,12243,0.0,1,-13.3,0,0,18250.7,38.1590320,-122.4532530,10.7,35.1,0,0,0
705.80,0.0,0.0,12243,0.0,1,-13.2,0,0,18250.8,38.1590320,-122.4532540,10.9,35.8,0,0,0
705.90,0.0,0.0,12243,0.0,1,-13.2,0,0,18251.0,38.1590310,-122.4532560,10.9,35.8,0,0,0
706.00,0.0,0.0,12243,0.0,1,-13.2,0,0,18251.2,38.1590320,-122.4532580,10.9,35.8,0,0,0
706.10,0.0,0.0,12243,0.0,1,-13.2,0,0,18251.3,38.1590320,-122.4532590,10.9,35.8,0,0,0
706.20,0.0,0.0,12243,0.0,1,-13.2,0,0,18251.4,38.1590320,-122.4532600,10.9,35.8,0,0,0
706.30,0.0,0.0,12243,0.0,1,-13.1,0,0,18251.5,38.1590320,-122.4532610,10.9,35.8,0,0,0
706.40,0.0,0.0,12243,0.0,1,-13.1,0,0,18251.6,38.1590310,-122.4532620,10.9,35.8,0,0,0
706.50,0.0,0.0,12243,0.0,1,-13.1,0,0,18251.6,38.1590310,-122.4532620,10.9,35.8,0,0,0
706.60,0.0,0.0,12243,0.0,1,-13.2,0,0,18251.7,38.1590300,-122.4532620,10.9,35.8,0,0,0
706.70,0.0,0.0,12243,0.0,1,-13.1,0,0,18251.9,38.1590310,-122.4532630,10.9,35.8,0,0,0
706.80,0.0,0.0,12243,0.0,1,-13.1,0,0,18251.9,38.1590310,-122.4532630,11.0,36.1,0,0,0
706.90,0.0,0.0,12243,0.0,1,-13.2,0,0,18252.0,38.1590310,-122.4532650,11.0,36.1,0,0,0
707.00,0.0,0.0,12243,0.0,1,-13.2,0,0,18252.0,38.1590310,-122.4532650,11.0,36.1,0,0,0
707.10,0.0,0.0,12243,0.0,1,-13.1,0,0,18252.2,38.1590320,-122.4532660,11.0,36.1,0,0,0
707.20,0.0,0.0,12243,0.0,1,-13.1,0,0,18252.4,38.1590340,-122.4532670,11.0,36.1,0,0,0
707.30,0.0,0.0,12243,0.0,1,-13.2,0,0,18252.5,38.1590350,-122.4532670,11.0,36.1,0,0,0
707.40,0.0,0.0,12243,0.0,1,-13.1,0,0,18252.6,38.1590350,-122.4532680,11.0,36.1,0,0,0
707.50,0.0,0.0,12243,0.0,1,-13.1,0,0,18252.8,38.1590360,-122.4532690,11.0,36.1,0,0,0
707.60,0.0,0.0,12243,0.0,1,-13.2,0,0,18252.8,38.1590360,-122.4532690,11.0,36.1,0,0,0
707.70,0.0,0.0,12243,0.0,1,-13.2,0,0,18252.9,38.1590370,-122.4532700,11.0,36.1,0,0,0
707.80,0.0,0.0,12243,0.0,1,-13.2,0,0,18253.0,38.1590370,-122.4532710,11.0,36.1,0,0,0
707.90,0.0,0.0,12243,0.0,1,-13.2,0,0,18253.1,38.1590370,-122.4532720,11.0,36.1,0,0,0
708.00,0.0,0.0,12243,0.0,1,-13.2,0,0,18253.1,38.1590370,-122.4532720,11.0,36.1,0,0,0
708.10,0.0,0.0,12243,0.0,1,-13.2,0,0,18253.2,38.1590370,-122.4532730,11.0,36.1,0,0,0
708.20,0.0,0.0,12243,0.0,1,-13.2,0,0,18253.3,38.1590360,-122.4532730,11.0,36.1,0,0,0
708.30,0.0,0.0,12243,0.0,1,-13.2,0,0,18253.3,38.1590360,-122.4532730,11.0,36.1,0,0,0
708.40,0.0,0.0,12243,0.0,1,-13.3,0,0,18253.6,38.1590330,-122.4532720,11.0,36.1,0,0,0
708.50,0.0,0.0,12243,0.0,1,-13.3,0,0,18253.9,38.1590310,-122.4532720,11.0,36.1,0,0,0
708.60,0.0,0.0,12243,0.0,1,-13.3,0,0,18254.0,38.1590320,-122.4532730,11.0,36.1,0,0,0
708.70,0.0,0.0,12243,0.0,1,-13.4,0,0,18254.1,38.1590320,-122.4532740,11.0,36.1,0,0,0
708.80,0.0,0.0,12243,0.0,1,-13.3,0,0,18254.1,38.1590320,-122.4532740,12.1,39.7,0,0,0
708.90,0.0,0.0,12243,0.0,1,-13.3,0,0,18254.2,38.1590320,-122.4532750,12.1,39.7,0,0,0
709.00,0.0,0.0,12243,0.0,1,-13.3,0,0,18254.3,38.1590320,-122.4532760,12.1,39.7,0,0,0
709.10,0.0,0.0,12243,0.0,1,-13.4,0,0,18254.4,38.1590330,-122.4532770,12.1,39.7,0,0,0
709.20,0.0,0.0,12243,0.0,1,-13.4,0,0,18254.5,38.1590340,-122.4532780,12.1,39.7,0,0,0
709.30,0.0,0.0,12243,0.0,1,-13.4,0,0,18254.5,38.1590340,-122.4532780,12.1,39.7,0,0,0
709.40,0.0,0.0,12243,0.0,1,-13.4,0,0,18254.6,38.1590340,-122.4532790,12.1,39.7,0,0,0
709.50,0.0,0.0,12243,0.0,1,-13.4,0,0,18254.7,38.1590330,-122.4532790,12.1,39.7,0,0,0
709.60,0.0,0.0,12243,0.0,1,-13.4,0,0,18254.9,38.1590320,-122.4532800,12.1,39.7,0,0,0
709.70,0.0,0.0,12243,0.0,1,-13.4,0,0,18254.9,38.1590320,-122.4532800,12.1,39.7,0,0,0
709.80,0.0,0.0,12243,0.0,1,-13.4,0,0,18255.0,38.1590320,-122.4532810,12.6,41.3,0,0,0
709.90,0.0,0.0,12243,0.0,1,-13.4,0,0,18255.1,38.1590310,-122.4532810,12.6,41.3,0,0,0
710.00,0.0,0.0,12243,0.0,1,-13.4,0,0,18255.2,38.1590310,-122.4532820,12.6,41.3,0,0,0
710.10,0.0,0.0,12243,0.0,1,-13.4,0,0,18255.3,38.1590300,-122.4532820,12.6,41.3,0,0,0
710.20,0.0,0.0,12243,0.0,1,-13.4,0,0,18255.4,38.1590290,-122.4532820,12.6,41.3,0,0,0
710.30,0.0,0.0,12243,0.0,1,-13.4,0,0,18255.5,38.1590280,-122.4532830,12.6,41.3,0,0,0
710.40,0.0,0.0,12243,0.0,1,-13.5,0,0,18255.5,38.1590280,-122.4532830,12.6,41.3,0,0,0
710.50,0.0,0.0,12243,0.0,1,-13.5,0,0,18255.6,38.1590280,-122.4532840,12.6,41.3,0,0,0
710.60,0.0,0.0,12243,0.0,1,-13.5,0,0,18255.6,38.1590280,-122.4532840,12.6,41.3,0,0,0
710.70,0.0,0.0,12243,0.0,1,-13.4,0,0,18255.6,38.1590280,-122.4532840,12.6,41.3,0,0,0
710.80,0.0,0.0,12243,0.0,1,-13.5,0,0,18255.7,38.1590280,-122.4532850,12.9,42.3,0,0,0
710.90,0.0,0.0,12243,0.0,1,-13.5,0,0,18255.7,38.1590280,-122.4532850,12.9,42.3,0,0,0
711.00,0.0,0.0,12243,0.0,1,-13.4,0,0,18255.8,38.1590290,-122.4532850,12.9,42.3,0,0,0
711.10,0.0,0.0,12243,0.0,1,-13.5,0,0,18255.9,38.1590290,-122.4532860,12.9,42.3,0,0,0
711.20,0.0,0.0,12243,0.0,1,-13.5,0,0,18255.9,38.1590290,-122.4532860,12.9,42.3,0,0,0
711.30,0.0,0.0,12243,0.0,1,-13.4,0,0,18255.9,38.1590290,-122.4532860,12.9,42.3,0,0,0
711.40,0.0,0.0,12243,0.0,1,-13.4,0,0,18255.9,38.1590290,-122.4532860,12.9,42.3,0,0,0
711.50,0.0,0.0,12243,0.0,1,-13.5,0,0,18256.0,38.1590290,-122.4532870,12.9,42.3,0,0,0
711.60,0.0,0.0,12243,0.0,1,-13.5,0,0,18256.0,38.1590290,-122.4532870,12.9,42.3,0,0,0
711.70,0.0,0.0,12243,0.0,1,-13.5,0,0,18256.1,38.1590290,-122.4532880,12.9,42.3,0,0,0
711.80,0.0,0.0,12243,0.0,1,-13.5,0,0,18256.2,38.1590300,-122.4532890,12.9,42.3,0,0,0
711.90,0.0,0.0,12243,0.0,1,-13.5,0,0,18256.2,38.1590300,-122.4532890,12.9,42.3,0,0,0
712.00,0.0,0.0,12243,0.0,1,-13.5,0,0,18256.4,38.1590310,-122.4532900,12.9,42.3,0,0,0
712.10,0.0,0.0,12243,0.0,1,-13.5,0,0,18256.4,38.1590310,-122.4532900,12.9,42.3,0,0,0
712.20,0.0,0.0,12243,0.0,1,-13.5,0,0,18256.4,38.1590310,-122.4532900,12.9,42.3,0,0,0
712.30,0.0,0.0,12243,0.0,1,-13.5,0,0,18256.5,38.1590300,-122.4532900,12.9,42.3,0,0,0
712.40,0.0,0.0,12243,0.0,1,-13.5,0,0,18256.6,38.1590290,-122.4532910,12.9,42.3,0,0,0
712.50,0.0,0.0,12243,0.0,1,-13.5,0,0,18256.7,38.1590300,-122.4532910,12.9,42.3,0,0,0
712.60,0.0,0.0,12243,0.0,1,-13.5,0,0,18257.0,38.1590320,-122.4532930,12.9,42.3,0,0,0
712.70,0.0,0.0,12243,0.0,1,-13.5,0,0,18257.1,38.1590330,-122.4532940,12.9,42.3,0,0,0
712.80,0.0,0.0,12243,0.0,1,-13.5,0,0,18257.3,38.1590340,-122.4532950,13.0,42.7,0,0,0
712.90,0.0,0.0,12243,0.0,1,-13.5,0,0,18257.3,38.1590340,-122.4532950,13.0,42.7,0,0,0
713.00,0.0,0.0,12243,0.0,1,-13.5,0,0,18257.4,38.1590340,-122.4532960,13.0,42.7,0,0,0
713.10,0.0,0.0,12243,0.0,1,-13.5,0,0,18257.4,38.1590340,-122.4532960,13.0,42.7,0,0,0
713.20,0.0,0.0,12243,0.0,1,-13.5,0,0,18257.5,38.1590340,-122.4532970,13.0,42.7,0,0,0
713.30,0.0,0.0,12243,0.0,1,-13.5,0,0,18257.6,38.1590330,-122.4532980,13.0,42.7,0,0,0
713.40,0.0,0.0,12243,0.0,1,-13.5,0,0,18257.7,38.1590320,-122.4532980,13.0,42.7,0,0,0
713.50,0.0,0.0,12243,0.0,1,-13.5,0,0,18257.7,38.1590320,-122.4532980,13.0,42.7,0,0,0
713.60,0.0,0.0,12243,0.0,1,-13.5,0,0,18257.8,38.1590310,-122.4532980,13.0,42.7,0,0,0
713.70,0.0,0.0,12243,0.0,1,-13.5,0,0,18257.9,38.1590310,-122.4532990,13.0,42.7,0,0,0
713.80,0.0,0.0,12243,0.0,1,-13.5,0,0,18257.9,38.1590310,-122.4532990,13.2,43.3,0,0,0
713.90,0.0,0.0,12243,0.0,1,-13.5,0,0,18258.0,38.1590300,-122.4532990,13.2,43.3,0,0,0
714.00,0.0,0.0,12243,0.0,1,-13.5,0,0,18258.1,38.1590290,-122.4532990,13.2,43.3,0,0,0
714.10,0.0,0.0,12243,0.0,1,-13.5,0,0,18258.1,38.1590290,-122.4532990,13.2,43.3,0,0,0
714.20,0.0,0.0,12243,0.0,1,-13.5,0,0,18258.2,38.1590300,-122.4532990,13.2,43.3,0,0,0
714.30,0.0,0.0,12243,0.0,1,-13.5,0,0,18258.3,38.1590300,-122.4533000,13.2,43.3,0,0,0
714.40,0.0,0.0,12243,0.0,1,-13.5,0,0,18258.3,38.1590300,-122.4533000,13.2,43.3,0,0,0
714.50,0.0,0.0,12243,0.0,1,-13.5,0,0,18258.4,38.1590300,-122.4533010,13.2,43.3,0,0,0
714.60,0.0,0.0,12243,0.0,1,-13.5,0,0,18258.4,38.1590300,-122.4533010,13.2,43.3,0,0,0
714.70,0.0,0.0,12243,0.0,1,-13.5,0,0,18258.6,38.1590310,-122.4533020,13.2,43.3,0,0,0
714.80,0.0,0.0,12243,0.0,1,-13.5,0,0,18258.7,38.1590300,-122.4533020,13.0,42.7,0,0,0
714.90,0.0,0.0,12243,0.0,1,-13.5,0,0,18258.7,38.1590300,-122.4533020,13.0,42.7,0,0,0
715.00,0.0,0.0,12243,0.0,1,-13.5,0,0,18258.7,38.1590300,-122.4533020,13.0,42.7,0,0,0
715.10,0.0,0.0,12243,0.0,1,-13.5,0,0,18258.8,38.1590310,-122.4533030,13.0,42.7,0,0,0
715.20,0.0,0.0,12243,0.0,1,-13.5,0,0,18258.9,38.1590310,-122.4533040,13.0,42.7,0,0,0
715.30,0.0,0.0,12243,0.0,1,-13.5,0,0,18259.0,38.1590320,-122.4533040,13.0,42.7,0,0,0
715.40,0.0,0.0,12243,0.0,1,-13.5,0,0,18259.1,38.1590320,-122.4533050,13.0,42.7,0,0,0
715.50,0.0,0.0,12243,0.0,1,-13.5,0,0,18259.1,38.1590320,-122.4533050,13.0,42.7,0,0,0
715.60,0.0,0.0,12243,0.0,1,-13.5,0,0,18259.2,38.1590310,-122.4533060,13.0,42.7,0,0,0
715.70,0.0,0.0,12243,0.0,1,-13.5,0,0,18259.2,38.1590310,-122.4533060,13.0,42.7,0,0,0
715.80,0.0,0.0,12243,0.0,1,-13.5,0,0,18259.4,38.1590300,-122.4533060,13.2,43.3,0,0,0
715.90,0.0,0.0,12243,0.0,1,-13.5,0,0,18259.4,38.1590300,-122.4533060,13.2,43.3,0,0,0
716.00,0.0,0.0,12243,0.0,1,-13.5,0,0,18259.4,38.1590300,-122.4533060,13.2,43.3,0,0,0
716.10,0.0,0.0,12243,0.0,1,-13.5,0,0,18259.4,38.1590300,-122.4533070,13.2,43.3,0,0,0
716.20,0.0,0.0,12243,0.0,1,-13.5,0,0,18259.6,38.1590310,-122.4533070,13.2,43.3,0,0,0
716.30,0.0,0.0,12243,0.0,1,-13.5,0,0,18259.6,38.1590310,-122.4533080,13.2,43.3,0,0,0
716.40,0.0,0.0,12243,0.0,1,-13.5,0,0,18259.8,38.1590320,-122.4533080,13.2,43.3,0,0,0
716.50,0.0,0.0,12243,0.0,1,-13.5,0,0,18259.8,38.1590320,-122.4533090,13.2,43.3,0,0,0
716.60,0.0,0.0,12243,0.0,1,-13.4,0,0,18259.8,38.1590320,-122.4533090,13.2,43.3,0,0,0
716.70,0.0,0.0,12243,0.0,1,-13.5,0,0,18260.0,38.1590330,-122.4533100,13.2,43.3,0,0,0
716.80,0.0,0.0,12243,0.0,1,-13.5,0,0,18260.0,38.1590330,-122.4533100,13.6,44.6,0,0,0
716.90,0.0,0.0,12243,0.0,1,-13.5,0,0,18260.0,38.1590330,-122.4533100,13.6,44.6,0,0,0
717.00,0.0,0.0,12243,0.0,1,-13.5,0,0,18260.1,38.1590330,-122.4533110,13.6,44.6,0,0,0
717.10,0.0,0.0,12243,0.0,1,-13.5,0,0,18260.1,38.1590330,-122.4533110,13.6,44.6,0,0,0
717.20,0.0,0.0,12243,0.0,1,-13.5,0,0,18260.1,38.1590330,-122.4533110,13.6,44.6,0,0,0
717.30,0.0,0.0,12243,0.0,1,-13.5,0,0,18260.2,38.1590340,-122.4533110,13.6,44.6,0,0,0
717.40,0.0,0.0,12243,0.0,1,-13.5,0,0,18260.2,38.1590340,-122.4533110,13.6,44.6,0,0,0
717.50,0.0,0.0,12243,0.0,1,-13.5,0,0,18260.3,38.1590340,-122.4533120,13.6,44.6,0,0,0
717.60,0.0,0.0,12243,0.0,1,-13.4,0,0,18260.3,38.1590340,-122.4533120,13.6,44.6,0,0,0
717.70,0.0,0.0,12243,0.0,1,-13.5,0,0,18260.3,38.1590340,-122.4533120,13.6,44.6,0,0,0
717.80,0.0,0.0,12243,0.0,1,-13.5,0,0,18260.4,38.1590340,-122.4533130,14.0,45.9,0,0,0
717.90,0.0,0.0,12243,0.0,1,-13.5,0,0,18260.5,38.1590330,-122.4533130,14.0,45.9,0,0,0
718.00,0.0,0.0,12243,0.0,1,-13.5,0,0,18260.5,38.1590330,-122.4533130,14.0,45.9,0,0,0
718.10,0.0,0.0,12243,0.0,1,-13.5,0,0,18260.6,38.1590320,-122.4533130,14.0,45.9,0,0,0
718.20,0.0,0.0,12243,0.0,1,-13.5,0,0,18260.6,38.1590320,-122.4533130,14.0,45.9,0,0,0
718.30,0.0,0.0,12243,0.0,1,-13.5,0,0,18260.7,38.1590320,-122.4533140,14.0,45.9,0,0,0
718.40,0.0,0.0,12243,0.0,1,-13.4,0,0,18260.7,38.1590320,-122.4533140,14.0,45.9,0,0,0
718.50,0.0,0.0,12243,0.0,1,-13.5,0,0,18260.7,38.1590320,-122.4533140,14.0,45.9,0,0,0
718.60,0.0,0.0,12243,0.0,1,-13.5,0,0,18260.7,38.1590320,-122.4533140,14.0,45.9,0,0,0
718.70,0.0,0.0,12243,0.0,1,-13.4,0,0,18260.8,38.1590320,-122.4533150,14.0,45.9,0,0,0
718.80,0.0,0.0,12243,0.0,1,-13.5,0,0,18260.8,38.1590320,-122.4533150,13.8,45.3,0,0,0
718.90,0.0,0.0,12243,0.0,1,-13.5,0,0,18260.9,38.1590310,-122.4533150,13.8,45.3,0,0,0
719.00,0.0,0.0,12243,0.0,1,-13.5,0,0,18260.9,38.1590310,-122.4533150,13.8,45.3,0,0,0
719.10,0.0,0.0,12243,0.0,1,-13.5,0,0,18260.9,38.1590310,-122.4533150,13.8,45.3,0,0,0
719.20,0.0,0.0,12243,0.0,1,-13.4,0,0,18260.9,38.1590310,-122.4533150,13.8,45.3,0,0,0
719.30,0.0,0.0,12243,0.0,1,-13.4,0,0,18260.9,38.1590310,-122.4533150,13.8,45.3,0,0,0
719.40,0.0,0.0,12243,0.0,1,-13.5,0,0,18260.9,38.1590310,-122.4533150,13.8,45.3,0,0,0
719.50,0.0,0.0,12243,0.0,1,-13.5,0,0,18261.0,38.1590320,-122.4533150,13.8,45.3,0,0,0
719.60,0.0,0.0,12243,0.0,1,-13.5,0,0,18261.1,38.1590330,-122.4533150,13.8,45.3,0,0,0
719.70,0.0,0.0,12243,0.0,1,-13.5,0,0,18261.2,38.1590320,-122.4533150,13.8,45.3,0,0,0
719.80,0.0,0.0,12243,0.0,1,-13.5,0,0,18261.4,38.1590340,-122.4533150,13.6,44.6,0,0,0
719.90,0.0,0.0,12243,0.0,1,-13.5,0,0,18261.5,38.1590350,-122.4533150,13.6,44.6,0,0,0
720.00,0.0,0.0,12243,0.0,1,-13.5,0,0,18261.6,38.1590360,-122.4533150,13.6,44.6,0,0,0
720.10,0.0,0.0,12243,0.0,1,-13.5,0,0,18261.8,38.1590370,-122.4533150,13.6,44.6,0,0,0
720.20,0.0,0.0,12243,0.0,1,-13.4,0,0,18261.9,38.1590380,-122.4533150,13.6,44.6,0,0,0
720.30,0.0,0.0,12243,0.0,1,-13.5,0,0,18262.0,38.1590380,-122.4533160,13.6,44.6,0,0,0
720.40,0.0,0.0,12243,0.0,1,-13.5,0,0,18262.1,38.1590390,-122.4533160,13.6,44.6,0,0,0
720.50,0.0,0.0,12243,0.0,1,-13.5,0,0,18262.2,38.1590400,-122.4533160,13.6,44.6,0,0,0
720.60,0.0,0.0,12243,0.0,1,-13.4,0,0,18262.3,38.1590410,-122.4533160,13.6,44.6,0,0,0
720.70,0.0,0.0,12243,0.0,1,-13.5,0,0,18262.4,38.1590420,-122.4533160,13.6,44.6,0,0,0
720.80,0.0,0.0,12243,0.0,1,-13.5,0,0,18262.5,38.1590420,-122.4533170,13.3,43.6,0,0,0
720.90,0.0,0.0,12243,0.0,1,-13.5,0,0,18262.6,38.1590430,-122.4533170,13.3,43.6,0,0,0
721.00,0.0,0.0,12243,0.0,1,-13.4,0,0,18262.6,38.1590430,-122.4533170,13.3,43.6,0,0,0
721.10,0.0,0.0,12243,0.0,1,-13.4,0,0,18262.7,38.1590440,-122.4533170,13.3,43.6,0,0,0
721.20,0.0,0.0,12243,0.0,1,-13.5,0,0,18262.8,38.1590440,-122.4533180,13.3,43.6,0,0,0
721.30,0.0,0.0,12243,0.0,1,-13.4,0,0,18262.9,38.1590450,-122.4533180,13.3,43.6,0,0,0
721.40,0.0,0.0,12243,0.0,1,-13.5,0,0,18263.0,38.1590460,-122.4533180,13.3,43.6,0,0,0
721.50,0.0,0.0,12243,0.0,1,-13.5,0,0,18263.2,38.1590470,-122.4533170,13.3,43.6,0,0,0
721.60,0.0,0.0,12243,0.0,1,-13.5,0,0,18263.3,38.1590460,-122.4533180,13.3,43.6,0,0,0
721.70,0.0,0.0,12243,0.0,1,-13.4,0,0,18263.4,38.1590450,-122.4533180,13.3,43.6,0,0,0
721.80,0.0,0.0,12243,0.0,1,-13.5,0,0,18263.5,38.1590450,-122.4533170,13.3,43.6,0,0,0
721.90,0.0,0.0,12243,0.0,1,-13.5,0,0,18263.6,38.1590460,-122.4533170,13.3,43.6,0,0,0
722.00,0.0,0.0,12243,0.0,1,-13.5,0,0,18263.6,38.1590460,-122.4533170,13.3,43.6,0,0,0
722.10,0.0,0.0,12243,0.0,1,-13.5,0,0,18263.6,38.1590460,-122.4533170,13.3,43.6,0,0,0
722.20,0.0,0.0,12243,0.0,1,-13.5,0,0,18263.8,38.1590440,-122.4533180,13.3,43.6,0,0,0
722.30,0.0,0.0,12243,0.0,1,-13.5,0,0,18264.1,38.1590420,-122.4533190,13.3,43.6,0,0,0
722.40,0.0,0.0,12243,0.0,1,-13.5,0,0,18264.1,38.1590420,-122.4533190,13.3,43.6,0,0,0
722.50,0.0,0.0,12243,0.0,1,-13.5,0,0,18264.1,38.1590420,-122.4533190,13.3,43.6,0,0,0
722.60,0.0,0.0,12243,0.0,1,-13.5,0,0,18264.2,38.1590410,-122.4533190,13.3,43.6,0,0,0
722.70,0.0,0.0,12243,0.0,1,-13.5,0,0,18264.3,38.1590410,-122.4533200,13.3,43.6,0,0,0
722.80,0.0,0.0,12243,0.0,1,-13.5,0,0,18264.3,38.1590410,-122.4533200,13.2,43.3,0,0,0
722.90,0.0,0.0,12243,0.0,1,-13.5,0,0,18264.4,38.1590400,-122.4533210,13.2,43.3,0,0,0
723.00,0.0,0.0,12243,0.0,1,-13.5,0,0,18264.5,38.1590390,-122.4533210,13.2,43.3,0,0,0
723.10,0.0,0.0,12243,0.0,1,-13.5,0,0,18264.8,38.1590410,-122.4533220,13.2,43.3,0,0,0
723.20,0.0,0.0,12243,0.0,1,-13.5,0,0,18264.9,38.1590420,-122.4533220,13.2,43.3,0,0,0
723.30,0.0,0.0,12243,0.0,1,-13.5,0,0,18265.0,38.1590420,-122.4533230,13.2,43.3,0,0,0
723.40,0.0,0.0,12243,0.0,1,-13.5,0,0,18265.1,38.1590430,-122.4533230,13.2,43.3,0,0,0
723.50,0.0,0.0,12243,0.0,1,-13.5,0,0,18265.1,38.1590430,-122.4533230,13.2,43.3,0,0,0
723.60,0.0,0.0,12243,0.0,1,-13.5,0,0,18265.2,38.1590430,-122.4533240,13.2,43.3,0,0,0
723.70,0.0,0.0,12243,0.0,1,-13.5,0,0,18265.3,38.1590440,-122.4533250,13.2,43.3,0,0,0
723.80,0.0,0.0,12243,0.0,1,-13.5,0,0,18265.4,38.1590450,-122.4533250,12.6,41.3,0,0,0
723.90,0.0,0.0,12243,0.0,1,-13.5,0,0,18265.6,38.1590460,-122.4533260,12.6,41.3,0,0,0
724.00,0.0,0.0,12243,0.0,1,-13.5,0,0,18265.7,38.1590470,-122.4533260,12.6,41.3,0,0,0
724.10,0.0,0.0,12243,0.0,1,-13.5,0,0,18265.8,38.1590480,-122.4533270,12.6,41.3,0,0,0
724.20,0.0,0.0,12243,0.0,1,-13.5,0,0,18265.8,38.1590480,-122.4533270,12.6,41.3,0,0,0
724.30,0.0,0.0,12243,0.0,1,-13.5,0,0,18265.9,38.1590480,-122.4533280,12.6,41.3,0,0,0
724.40,0.0,0.0,12243,0.0,1,-13.5,0,0,18266.0,38.1590490,-122.4533280,12.6,41.3,0,0,0
724.50,0.0,0.0,12243,0.0,1,-13.4,0,0,18266.0,38.1590490,-122.4533280,12.6,41.3,0,0,0
724.60,0.0,0.0,12243,0.0,1,-13.5,0,0,18266.1,38.1590490,-122.4533290,12.6,41.3,0,0,0
724.70,0.0,0.0,12243,0.0,1,-13.5,0,0,18266.2,38.1590480,-122.4533300,12.6,41.3,0,0,0
724.80,0.0,0.0,12243,0.0,1,-13.5,0,0,18266.4,38.1590470,-122.4533310,12.2,40.0,0,0,0
724.90,0.0,0.0,12243,0.0,1,-13.5,0,0,18266.5,38.1590470,-122.4533320,12.2,40.0,0,0,0
725.00,0.0,0.0,12243,0.0,1,-13.5,0,0,18266.6,38.1590470,-122.4533330,12.2,40.0,0,0,0
725.10,0.0,0.0,12243,0.0,1,-13.5,0,0,18266.7,38.1590480,-122.4533340,12.2,40.0,0,0,0
725.20,0.0,0.0,12243,0.0,1,-13.5,0,0,18266.7,38.1590480,-122.4533340,12.2,40.0,0,0,0
725.30,0.0,0.0,12243,0.0,1,-13.5,0,0,18266.8,38.1590480,-122.4533350,12.2,40.0,0,0,0
725.40,0.0,0.0,12243,0.0,1,-13.5,0,0,18266.9,38.1590480,-122.4533360,12.2,40.0,0,0,0
725.50,0.0,0.0,12243,0.0,1,-13.5,0,0,18267.0,38.1590490,-122.4533370,12.2,40.0,0,0,0
725.60,0.0,0.0,12243,0.0,1,-13.5,0,0,18267.0,38.1590490,-122.4533370,12.2,40.0,0,0,0
725.70,0.0,0.0,12243,0.0,1,-13.5,0,0,18267.1,38.1590490,-122.4533380,12.2,40.0,0,0,0
725.80,0.0,0.0,12243,0.0,1,-13.5,0,0,18267.3,38.1590500,-122.4533390,11.9,39.0,0,0,0
725.90,0.0,0.0,12243,0.0,1,-13.5,0,0,18267.3,38.1590500,-122.4533390,11.9,39.0,0,0,0
726.00,0.0,0.0,12243,0.0,1,-13.5,0,0,18267.3,38.1590500,-122.4533400,11.9,39.0,0,0,0
726.10,0.0,0.0,12243,0.0,1,-13.5,0,0,18267.4,38.1590500,-122.4533410,11.9,39.0,0,0,0
726.20,0.0,0.0,12243,0.0,1,-13.5,0,0,18267.5,38.1590500,-122.4533420,11.9,39.0,0,0,0
726.30,0.0,0.0,12243,0.0,1,-13.5,0,0,18267.7,38.1590490,-122.4533430,11.9,39.0,0,0,0
726.40,0.0,0.0,12243,0.0,1,-13.5,0,0,18267.8,38.1590500,-122.4533440,11.9,39.0,0,0,0
726.50,0.0,0.0,12243,0.0,1,-13.5,0,0,18267.8,38.1590500,-122.4533440,11.9,39.0,0,0,0
726.60,0.0,0.0,12243,0.0,1,-13.5,0,0,18267.9,38.1590500,-122.4533450,11.9,39.0,0,0,0
726.70,0.0,0.0,12243,0.0,1,-13.5,0,0,18268.0,38.1590500,-122.4533460,11.9,39.0,0,0,0
726.80,0.0,0.0,12243,0.0,1,-13.5,0,0,18268.0,38.1590500,-122.4533460,11.0,36.1,0,0,0
726.90,0.0,0.0,12243,0.0,1,-13.5,0,0,18268.1,38.1590500,-122.4533470,11.0,36.1,0,0,0
727.00,0.0,0.0,12243,0.0,1,-13.5,0,0,18268.2,38.1590490,-122.4533480,11.0,36.1,0,0,0
727.10,0.0,0.0,12243,0.0,1,-13.5,0,0,18268.3,38.1590490,-122.4533490,11.0,36.1,0,0,0
727.20,0.0,0.0,12243,0.0,1,-13.5,0,0,18268.4,38.1590490,-122.4533500,11.0,36.1,0,0,0
727.30,0.0,0.0,12243,0.0,1,-13.5,0,0,18268.5,38.1590480,-122.4533500,11.0,36.1,0,0,0
727.40,0.0,0.0,12243,0.0,1,-13.5,0,0,18268.6,38.1590480,-122.4533510,11.0,36.1,0,0,0
727.50,0.0,0.0,12243,0.0,1,-13.5,0,0,18268.7,38.1590480,-122.4533520,11.0,36.1,0,0,0
727.60,0.0,0.0,12243,0.0,1,-13.5,0,0,18268.7,38.1590480,-122.4533520,11.0,36.1,0,0,0
727.70,0.0,0.0,12243,0.0,1,-13.5,0,0,18268.8,38.1590490,-122.4533530,11.0,36.1,0,0,0
727.80,0.0,0.0,12243,0.0,1,-13.5,0,0,18268.9,38.1590480,-122.4533540,10.2,33.5,0,0,0
727.90,0.0,0.0,12243,0.0,1,-13.5,0,0,18269.0,38.1590480,-122.4533550,10.2,33.5,0,0,0
728.00,0.0,0.0,12243,0.0,1,-13.5,0,0,18269.0,38.1590480,-122.4533550,10.2,33.5,0,0,0
728.10,0.0,0.0,12243,0.0,1,-13.5,0,0,18269.1,38.1590480,-122.4533560,10.2,33.5,0,0,0
728.20,0.0,0.0,12243,0.0,1,-13.5,0,0,18269.2,38.1590480,-122.4533570,10.2,33.5,0,0,0
728.30,0.0,0.0,12243,0.0,1,-13.5,0,0,18269.3,38.1590490,-122.4533570,10.2,33.5,0,0,0
728.40,0.0,0.0,12243,0.0,1,-13.5,0,0,18269.3,38.1590490,-122.4533570,10.2,33.5,0,0,0
728.50,0.0,0.0,12243,0.0,1,-13.5,0,0,18269.4,38.1590490,-122.4533580,10.2,33.5,0,0,0
728.60,0.0,0.0,12243,0.0,1,-13.5,0,0,18269.4,38.1590490,-122.4533580,10.2,33.5,0,0,0
728.70,0.0,0.0,12243,0.0,1,-13.5,0,0,18269.5,38.1590500,-122.4533590,10.2,33.5,0,0,0
728.80,0.0,0.0,12243,0.0,1,-13.5,0,0,18269.5,38.1590500,-122.4533590,9.9,32.5,0,0,0
728.90,0.0,0.0,12243,0.0,1,-13.5,0,0,18269.7,38.1590510,-122.4533600,9.9,32.5,0,0,0
729.00,0.0,0.0,12243,0.0,1,-13.5,0,0,18269.7,38.1590510,-122.4533600,9.9,32.5,0,0,0
729.10,0.0,0.0,12243,0.0,1,-13.5,0,0,18269.8,38.1590510,-122.4533610,9.9,32.5,0,0,0
729.20,0.0,0.0,12243,0.0,1,-13.5,0,0,18269.8,38.1590510,-122.4533610,9.9,32.5,0,0,0
729.30,0.0,0.0,12243,0.0,1,-13.5,0,0,18269.9,38.1590510,-122.4533620,9.9,32.5,0,0,0
729.40,0.0,0.0,12243,0.0,1,-13.5,0,0,18270.0,38.1590520,-122.4533620,9.9,32.5,0,0,0
729.50,0.0,0.0,12243,0.0,1,-13.5,0,0,18270.1,38.1590510,-122.4533630,9.9,32.5,0,0,0
729.60,0.0,0.0,12243,0.0,1,-13.5,0,0,18270.2,38.1590520,-122.4533630,9.9,32.5,0,0,0
729.70,0.0,0.0,12243,0.0,1,-13.5,0,0,18270.3,38.1590520,-122.4533640,9.9,32.5,0,0,0
729.80,0.0,0.0,12243,0.0,1,-13.5,0,0,18270.3,38.1590520,-122.4533640,9.6,31.5,0,0,0
729.90,0.0,0.0,12243,0.0,1,-13.5,0,0,18270.5,38.1590530,-122.4533650,9.6,31.5,0,0,0
730.00,0.0,0.0,12243,0.0,1,-13.5,0,0,18270.5,38.1590530,-122.4533660,9.6,31.5,0,0,0
730.10,0.0,0.0,12243,0.0,1,-13.5,0,0,18270.5,38.1590530,-122.4533660,9.6,31.5,0,0,0
730.20,0.0,0.0,12243,0.0,1,-13.5,0,0,18270.6,38.1590530,-122.4533670,9.6,31.5,0,0,0
730.30,0.0,0.0,12243,0.0,1,-13.5,0,0,18270.6,38.1590530,-122.4533670,9.6,31.5,0,0,0
730.40,0.0,0.0,12243,0.0,1,-13.5,0,0,18270.7,38.1590530,-122.4533680,9.6,31.5,0,0,0
730.50,0.0,0.0,12243,0.0,1,-13.5,0,0,18270.8,38.1590530,-122.4533690,9.6,31.5,0,0,0
730.60,0.0,0.0,12243,0.0,1,-13.5,0,0,18270.9,38.1590530,-122.4533700,9.6,31.5,0,0,0
730.70,0.0,0.0,12243,0.0,1,-13.5,0,0,18270.9,38.1590530,-122.4533700,9.6,31.5,0,0,0
730.80,0.0,0.0,12243,0.0,1,-13.5,0,0,18271.0,38.1590530,-122.4533710,9.0,29.5,0,0,0
730.90,0.0,0.0,12243,0.0,1,-13.5,0,0,18271.1,38.1590530,-122.4533720,9.0,29.5,0,0,0
731.00,0.0,0.0,12243,0.0,1,-13.5,0,0,18271.1,38.1590530,-122.4533720,9.0,29.5,0,0,0
731.10,0.0,0.0,12243,0.0,1,-13.5,0,0,18271.2,38.1590540,-122.4533730,9.0,29.5,0,0,0
731.20,0.0,0.0,12243,0.0,1,-13.5,0,0,18271.2,38.1590540,-122.4533730,9.0,29.5,0,0,0
731.30,0.0,0.0,12243,0.0,1,-13.5,0,0,18271.3,38.1590540,-122.4533740,9.0,29.5,0,0,0
731.40,0.0,0.0,12243,0.0,1,-13.5,0,0,18271.3,38.1590540,-122.4533740,9.0,29.5,0,0,0
731.50,0.0,0.0,12243,0.0,1,-13.5,0,0,18271.4,38.1590540,-122.4533750,9.0,29.5,0,0,0
731.60,0.0,0.0,12243,0.0,1,-13.5,0,0,18271.5,38.1590540,-122.4533760,9.0,29.5,0,0,0
731.70,0.0,0.0,12243,0.0,1,-13.5,0,0,18271.5,38.1590540,-122.4533760,9.0,29.5,0,0,0
731.80,0.0,0.0,12243,0.0,1,-13.5,0,0,18271.5,38.1590540,-122.4533760,8.6,28.2,0,0,0
731.90,0.0,0.0,12243,0.0,1,-13.5,0,0,18271.6,38.1590540,-122.4533770,8.6,28.2,0,0,0
732.00,0.0,0.0,12243,0.0,1,-13.5,0,0,18271.6,38.1590540,-122.4533770,8.6,28.2,0,0,0
732.10,0.0,0.0,12243,0.0,1,-13.5,0,0,18271.6,38.1590540,-122.4533780,8.6,28.2,0,0,0
732.20,0.0,0.0,12243,0.0,1,-13.5,0,0,18271.8,38.1590550,-122.4533780,8.6,28.2,0,0,0
732.30,0.0,0.0,12243,0.0,1,-13.5,0,0,18271.8,38.1590550,-122.4533780,8.6,28.2,0,0,0
732.40,0.0,0.0,12243,0.0,1,-13.5,0,0,18271.9,38.1590540,-122.4533780,8.6,28.2,0,0,0
732.50,0.0,0.0,12243,0.0,1,-13.5,0,0,18272.0,38.1590540,-122.4533790,8.6,28.2,0,0,0
732.60,0.0,0.0,12243,0.0,1,-13.5,0,0,18272.1,38.1590550,-122.4533790,8.6,28.2,0,0,0
732.70,0.0,0.0,12243,0.0,1,-13.5,0,0,18272.1,38.1590550,-122.4533790,8.6,28.2,0,0,0
732.80,0.0,0.0,12243,0.0,1,-13.5,0,0,18272.2,38.1590550,-122.4533800,8.3,27.2,0,0,0
732.90,0.0,0.0,12243,0.0,1,-13.5,0,0,18272.2,38.1590550,-122.4533800,8.3,27.2,0,0,0
733.00,0.0,0.0,12243,0.0,1,-13.5,0,0,18272.2,38.1590550,-122.4533800,8.3,27.2,0,0,0
733.10,0.0,0.0,12243,0.0,1,-13.5,0,0,18272.2,38.1590550,-122.4533800,8.3,27.2,0,0,0
733.20,0.0,0.0,12243,0.0,1,-13.5,0,0,18272.2,38.1590550,-122.4533800,8.3,27.2,0,0,0
733.30,0.0,0.0,12243,0.0,1,-13.5,0,0,18272.2,38.1590550,-122.4533810,8.3,27.2,0,0,0
733.40,0.0,0.0,12243,0.0,1,-13.5,0,0,18272.2,38.1590550,-122.4533810,8.3,27.2,0,0,0
733.50,0.0,0.0,12243,0.0,1,-13.5,0,0,18272.2,38.1590550,-122.4533810,8.3,27.2,0,0,0
733.60,0.0,0.0,12243,0.0,1,-13.5,0,0,18272.3,38.1590550,-122.4533820,8.3,27.2,0,0,0
733.70,0.0,0.0,12243,0.0,1,-13.5,0,0,18272.3,38.1590550,-122.4533820,8.3,27.2,0,0,0
733.80,0.0,0.0,12243,0.0,1,-13.5,0,0,18272.3,38.1590550,-122.4533820,7.9,25.9,0,0,0
733.90,0.0,0.0,12243,0.0,1,-13.5,0,0,18272.4,38.1590550,-122.4533830,7.9,25.9,0,0,0
734.00,0.0,0.0,12243,0.0,1,-13.5,0,0,18272.5,38.1590560,-122.4533830,7.9,25.9,0,0,0
734.10,0.0,0.0,12243,0.0,1,-13.5,0,0,18272.5,38.1590560,-122.4533830,7.9,25.9,0,0,0
734.20,0.0,0.0,12243,0.0,1,-13.5,0,0,18272.7,38.1590550,-122.4533840,7.9,25.9,0,0,0
734.30,0.0,0.0,12243,0.0,1,-13.5,0,0,18272.8,38.1590550,-122.4533850,7.9,25.9,0,0,0
734.40,0.0,0.0,12243,0.0,1,-13.5,0,0,18272.8,38.1590550,-122.4533850,7.9,25.9,0,0,0
734.50,0.0,0.0,12243,0.0,1,-13.5,0,0,18272.8,38.1590550,-122.4533850,7.9,25.9,0,0,0
734.60,0.0,0.0,12243,0.0,1,-13.5,0,0,18272.8,38.1590550,-122.4533850,7.9,25.9,0,0,0
734.70,0.0,0.0,12243,0.0,1,-13.5,0,0,18272.8,38.1590550,-122.4533850,7.9,25.9,0,0,0
734.80,0.0,0.0,12243,0.0,1,-13.5,0,0,18272.8,38.1590550,-122.4533850,7.6,24.9,0,0,0
734.90,0.0,0.0,12243,0.0,1,-13.5,0,0,18272.8,38.1590550,-122.4533850,7.6,24.9,0,0,0
735.00,0.0,0.0,12243,0.0,1,-13.5,0,0,18272.9,38.1590560,-122.4533850,7.6,24.9,0,0,0
735.10,0.0,0.0,12243,0.0,1,-13.5,0,0,18272.9,38.1590560,-122.4533850,7.6,24.9,0,0,0
735.20,0.0,0.0,12243,0.0,1,-13.5,0,0,18272.9,38.1590560,-122.4533850,7.6,24.9,0,0,0
735.30,0.0,0.0,12243,0.0,1,-13.5,0,0,18272.9,38.1590560,-122.4533850,7.6,24.9,0,0,0
735.40,0.0,0.0,12243,0.0,1,-13.5,0,0,18272.9,38.1590560,-122.4533850,7.6,24.9,0,0,0
735.50,0.0,0.0,12243,0.0,1,-13.5,0,0,18273.0,38.1590560,-122.4533840,7.6,24.9,0,0,0
735.60,0.0,0.0,12243,0.0,1,-13.5,0,0,18273.0,38.1590560,-122.4533840,7.6,24.9,0,0,0
735.70,0.0,0.0,12243,0.0,1,-13.5,0,0,18273.0,38.1590560,-122.4533840,7.6,24.9,0,0,0
735.80,0.0,0.0,12243,0.0,1,-13.5,0,0,18273.0,38.1590560,-122.4533840,7.5,24.6,0,0,0
735.90,0.0,0.0,12243,0.0,1,-13.5,0,0,18273.0,38.1590560,-122.4533840,7.5,24.6,0,0,0
736.00,0.0,0.0,12243,0.0,1,-13.5,0,0,18273.0,38.1590560,-122.4533840,7.5,24.6,0,0,0
736.10,0.0,0.0,12243,0.0,1,-13.5,0,0,18273.0,38.1590560,-122.4533840,7.5,24.6,0,0,0
736.20,0.0,0.0,12243,0.0,1,-13.5,0,0,18273.0,38.1590560,-122.4533840,7.5,24.6,0,0,0
736.30,0.0,0.0,12243,0.0,1,-13.5,0,0,18273.0,38.1590560,-122.4533840,7.5,24.6,0,0,0
736.40,0.0,0.0,12243,0.0,1,-13.5,0,0,18273.0,38.1590560,-122.4533840,7.5,24.6,0,0,0
736.50,0.0,0.0,12243,0.0,1,-13.5,0,0,18273.0,38.1590560,-122.4533840,7.5,24.6,0,0,0
736.60,0.0,0.0,12243,0.0,1,-13.5,0,0,18273.0,38.1590560,-122.4533840,7.5,24.6,0,0,0
736.70,0.0,0.0,12243,0.0,1,-13.5,0,0,18273.1,38.1590570,-122.4533840,7.5,24.6,0,0,0
736.80,0.0,0.0,12243,0.0,1,-13.5,0,0,18273.1,38.1590570,-122.4533840,7.4,24.3,0,0,0
736.90,0.0,0.0,12243,0.0,1,-13.5,0,0,18273.1,38.1590570,-122.4533840,7.4,24.3,0,0,0
737.00,0.0,0.0,12243,0.0,1,-13.5,0,0,18273.1,38.1590570,-122.4533840,7.4,24.3,0,0,0
737.10,0.0,0.0,12243,0.0,1,-13.5,0,0,18273.2,38.1590570,-122.4533850,7.4,24.3,0,0,0
737.20,0.0,0.0,12243,0.0,1,-13.5,0,0,18273.2,38.1590570,-122.4533850,7.4,24.3,0,0,0
737.30,0.0,0.0,12243,0.0,1,-13.5,0,0,18273.2,38.1590570,-122.4533850,7.4,24.3,0,0,0
737.40,0.0,0.0,12243,0.0,1,-13.5,0,0,18273.2,38.1590570,-122.4533850,7.4,24.3,0,0,0
737.50,0.0,0.0,12243,0.0,1,-13.5,0,0,18273.2,38.1590570,-122.4533850,7.4,24.3,0,0,0
737.60,0.0,0.0,12243,0.0,1,-13.5,0,0,18273.3,38.1590560,-122.4533860,7.4,24.3,0,0,0
737.70,0.0,0.0,12243,0.0,1,-13.5,0,0,18273.3,38.1590560,-122.4533860,7.4,24.3,0,0,0
737.80,0.0,0.0,12243,0.0,1,-13.5,0,0,18273.3,38.1590560,-122.4533860,7.1,23.3,0,0,0
737.90,0.0,0.0,12243,0.0,1,-13.5,0,0,18273.3,38.1590560,-122.4533860,7.1,23.3,0,0,0
738.00,0.0,0.0,12243,0.0,1,-13.5,0,0,18273.3,38.1590560,-122.4533860,7.1,23.3,0,0,0
738.10,0.0,0.0,12243,0.0,1,-13.5,0,0,18273.4,38.1590560,-122.4533870,7.1,23.3,0,0,0
738.20,0.0,0.0,12243,0.0,1,-13.5,0,0,18273.5,38.1590550,-122.4533870,7.1,23.3,0,0,0
738.30,0.0,0.0,12243,0.0,1,-13.5,0,0,18273.5,38.1590550,-122.4533870,7.1,23.3,0,0,0
738.40,0.0,0.0,12243,0.0,1,-13.5,0,0,18273.6,38.1590550,-122.4533880,7.1,23.3,0,0,0
738.50,0.0,0.0,12243,0.0,1,-13.5,0,0,18273.6,38.1590550,-122.4533880,7.1,23.3,0,0,0
738.60,0.0,0.0,12243,0.0,1,-13.5,0,0,18273.7,38.1590540,-122.4533880,7.1,23.3,0,0,0
738.70,0.0,0.0,12243,0.0,1,-13.5,0,0,18273.7,38.1590540,-122.4533880,7.1,23.3,0,0,0
738.80,0.0,0.0,12243,0.0,1,-13.5,0,0,18273.7,38.1590540,-122.4533880,6.8,22.3,0,0,0
738.90,0.0,0.0,12243,0.0,1,-13.5,0,0,18273.7,38.1590540,-122.4533880,6.8,22.3,0,0,0
739.00,0.0,0.0,12243,0.0,1,-13.5,0,0,18273.7,38.1590540,-122.4533880,6.8,22.3,0,0,0
739.10,0.0,0.0,12243,0.0,1,-13.6,0,0,18273.7,38.1590540,-122.4533880,6.8,22.3,0,0,0
739.20,0.0,0.0,12243,0.0,1,-13.5,0,0,18273.8,38.1590530,-122.4533880,6.8,22.3,0,0,0
739.30,0.0,0.0,12243,0.0,1,-13.5,0,0,18273.9,38.1590530,-122.4533890,6.8,22.3,0,0,0
739.40,0.0,0.0,12243,0.0,1,-13.5,0,0,18273.9,38.1590530,-122.4533890,6.8,22.3,0,0,0
739.50,0.0,0.0,12243,0.0,1,-13.5,0,0,18274.0,38.1590520,-122.4533890,6.8,22.3,0,0,0
739.60,0.0,0.0,12243,0.0,1,-13.5,0,0,18274.0,38.1590520,-122.4533890,6.8,22.3,0,0,0
739.70,0.0,0.0,12243,0.0,1,-13.5,0,0,18274.1,38.1590510,-122.4533890,6.8,22.3,0,0,0
739.80,0.0,0.0,12243,0.0,1,-13.6,0,0,18274.2,38.1590510,-122.4533900,6.4,21.0,0,0,0
739.90,0.0,0.0,12243,0.0,1,-13.5,0,0,18274.2,38.1590510,-122.4533900,6.4,21.0,0,0,0
740.00,0.0,0.0,12243,0.0,1,-13.5,0,0,18274.2,38.1590510,-122.4533900,6.4,21.0,0,0,0
740.10,0.0,0.0,12243,0.0,1,-13.5,0,0,18274.3,38.1590500,-122.4533900,6.4,21.0,0,0,0
740.20,0.0,0.0,12243,0.0,1,-13.5,0,0,18274.3,38.1590500,-122.4533900,6.4,21.0,0,0,0
740.30,0.0,0.0,12243,0.0,1,-13.5,0,0,18274.3,38.1590500,-122.4533900,6.4,21.0,0,0,0
740.40,0.0,0.0,12243,0.0,1,-13.5,0,0,18274.3,38.1590500,-122.4533900,6.4,21.0,0,0,0
740.50,0.0,0.0,12243,0.0,1,-13.5,0,0,18274.3,38.1590500,-122.4533900,6.4,21.0,0,0,0
740.60,0.0,0.0,12243,0.0,1,-13.5,0,0,18274.4,38.1590500,-122.4533890,6.4,21.0,0,0,0
740.70,0.0,0.0,12243,0.0,1,-13.5,0,0,18274.5,38.1590510,-122.4533890,6.4,21.0,0,0,0
740.80,0.0,0.0,12243,0.0,1,-13.5,0,0,18274.5,38.1590510,-122.4533890,6.4,21.0,0,0,0
740.90,0.0,0.0,12243,0.0,1,-13.5,0,0,18274.5,38.1590510,-122.4533890,6.4,21.0,0,0,0
741.00,0.0,0.0,12243,0.0,1,-13.5,0,0,18274.6,38.1590510,-122.4533880,6.4,21.0,0,0,0
741.10,0.0,0.0,12243,0.0,1,-13.5,0,0,18274.7,38.1590520,-122.4533880,6.4,21.0,0,0,0
741.20,0.0,0.0,12243,0.0,1,-13.5,0,0,18274.7,38.1590520,-122.4533880,6.4,21.0,0,0,0
741.30,0.0,0.0,12243,0.0,1,-13.5,0,0,18274.7,38.1590520,-122.4533880,6.4,21.0,0,0,0
741.40,0.0,0.0,12243,0.0,1,-13.5,0,0,18274.7,38.1590520,-122.4533880,6.4,21.0,0,0,0
741.50,0.0,0.0,12243,0.0,1,-13.5,0,0,18274.8,38.1590530,-122.4533880,6.4,21.0,0,0,0
741.60,0.0,0.0,12243,0.0,1,-13.5,0,0,18274.8,38.1590530,-122.4533880,6.4,21.0,0,0,0
741.70,0.0,0.0,12243,0.0,1,-13.5,0,0,18274.8,38.1590530,-122.4533880,6.4,21.0,0,0,0
741.80,0.0,0.0,12243,0.0,1,-13.5,0,0,18274.8,38.1590530,-122.4533880,6.5,21.3,0,0,0
741.90,0.0,0.0,12243,0.0,1,-13.5,0,0,18274.9,38.1590540,-122.4533880,6.5,21.3,0,0,0
742.00,0.0,0.0,12243,0.0,1,-13.5,0,0,18275.0,38.1590540,-122.4533870,6.5,21.3,0,0,0
742.10,0.0,0.0,12243,0.0,1,-13.5,0,0,18275.1,38.1590550,-122.4533870,6.5,21.3,0,0,0
742.20,0.0,0.0,12243,0.0,1,-13.5,0,0,18275.1,38.1590550,-122.4533870,6.5,21.3,0,0,0
742.30,0.0,0.0,12243,0.0,1,-13.5,0,0,18275.2,38.1590560,-122.4533870,6.5,21.3,0,0,0
742.40,0.0,0.0,12243,0.0,1,-13.6,0,0,18275.2,38.1590560,-122.4533870,6.5,21.3,0,0,0
742.50,0.0,0.0,12243,0.0,1,-13.5,0,0,18275.2,38.1590560,-122.4533870,6.5,21.3,0,0,0
742.60,0.0,0.0,12243,0.0,1,-13.5,0,0,18275.2,38.1590560,-122.4533870,6.5,21.3,0,0,0
742.70,0.0,0.0,12243,0.0,1,-13.5,0,0,18275.2,38.1590560,-122.4533870,6.5,21.3,0,0,0
742.80,0.0,0.0,12243,0.0,1,-13.6,0,0,18275.4,38.1590570,-122.4533870,6.7,22.0,0,0,0
742.90,0.0,0.0,12243,0.0,1,-13.5,0,0,18275.4,38.1590570,-122.4533860,6.7,22.0,0,0,0
743.00,0.0,0.0,12243,0.0,1,-13.5,0,0,18275.4,38.1590570,-122.4533860,6.7,22.0,0,0,0
743.10,0.0,0.0,12243,0.0,1,-13.5,0,0,18275.4,38.1590570,-122.4533860,6.7,22.0,0,0,0
743.20,0.0,0.0,12243,0.0,1,-13.6,0,0,18275.4,38.1590570,-122.4533860,6.7,22.0,0,0,0
743.30,0.0,0.0,12243,0.0,1,-13.5,0,0,18275.4,38.1590570,-122.4533860,6.7,22.0,0,0,0
743.40,0.0,0.0,12243,0.0,1,-13.5,0,0,18275.5,38.1590570,-122.4533870,6.7,22.0,0,0,0
743.50,0.0,0.0,12243,0.0,1,-13.5,0,0,18275.5,38.1590570,-122.4533870,6.7,22.0,0,0,0
743.60,0.0,0.0,12243,0.0,1,-13.5,0,0,18275.5,38.1590570,-122.4533870,6.7,22.0,0,0,0
743.70,0.0,0.0,12243,0.0,1,-13.5,0,0,18275.6,38.1590570,-122.4533860,6.7,22.0,0,0,0
743.80,0.0,0.0,12243,0.0,1,-13.5,0,0,18275.7,38.1590580,-122.4533860,6.8,22.3,0,0,0
743.90,0.0,0.0,12243,0.0,1,-13.5,0,0,18275.8,38.1590580,-122.4533850,6.8,22.3,0,0,0
744.00,0.0,0.0,12243,0.0,1,-13.5,0,0,18275.9,38.1590580,-122.4533860,6.8,22.3,0,0,0
744.10,0.0,0.0,12243,0.0,1,-13.5,0,0,18275.9,38.1590580,-122.4533860,6.8,22.3,0,0,0
744.20,0.0,0.0,12243,0.0,1,-13.5,0,0,18275.9,38.1590580,-122.4533860,6.8,22.3,0,0,0
744.30,0.0,0.0,12243,0.0,1,-13.5,0,0,18276.0,38.1590590,-122.4533850,6.8,22.3,0,0,0
744.40,0.0,0.0,12243,0.0,1,-13.5,0,0,18276.0,38.1590590,-122.4533850,6.8,22.3,0,0,0
744.50,0.0,0.0,12243,0.0,1,-13.5,0,0,18276.0,38.1590590,-122.4533850,6.8,22.3,0,0,0
744.60,0.0,0.0,12243,0.0,1,-13.5,0,0,18276.2,38.1590600,-122.4533850,6.8,22.3,0,0,0
744.70,0.0,0.0,12243,0.0,1,-13.6,0,0,18276.2,38.1590600,-122.4533850,6.8,22.3,0,0,0
744.80,0.0,0.0,12243,0.0,1,-13.5,0,0,18276.2,38.1590600,-122.4533850,7.0,23.0,0,0,0
744.90,0.0,0.0,12243,0.0,1,-13.5,0,0,18276.2,38.1590600,-122.4533850,7.0,23.0,0,0,0
745.00,0.0,0.0,12243,0.0,1,-13.5,0,0,18276.2,38.1590600,-122.4533850,7.0,23.0,0,0,0
745.10,0.0,0.0,12243,0.0,1,-13.6,0,0,18276.2,38.1590600,-122.4533840,7.0,23.0,0,0,0
745.20,0.0,0.0,12243,0.0,1,-13.5,0,0,18276.2,38.1590600,-122.4533840,7.0,23.0,0,0,0
745.30,0.0,0.0,12243,0.0,1,-13.5,0,0,18276.3,38.1590600,-122.4533830,7.0,23.0,0,0,0
745.40,0.0,0.0,12243,0.0,1,-13.5,0,0,18276.3,38.1590600,-122.4533830,7.0,23.0,0,0,0
745.50,0.0,0.0,12243,0.0,1,-13.5,0,0,18276.3,38.1590600,-122.4533830,7.0,23.0,0,0,0
745.60,0.0,0.0,12243,0.0,1,-13.5,0,0,18276.4,38.1590600,-122.4533820,7.0,23.0,0,0,0
745.70,0.0,0.0,12243,0.0,1,-13.5,0,0,18276.5,38.1590600,-122.4533830,7.0,23.0,0,0,0
745.80,0.0,0.0,12243,0.0,1,-13.5,0,0,18276.6,38.1590590,-122.4533830,6.9,22.6,0,0,0
745.90,0.0,0.0,12243,0.0,1,-13.5,0,0,18276.6,38.1590590,-122.4533830,6.9,22.6,0,0,0
746.00,0.0,0.0,12243,0.0,1,-13.6,0,0,18276.6,38.1590590,-122.4533830,6.9,22.6,0,0,0
746.10,0.0,0.0,12243,0.0,1,-13.5,0,0,18276.6,38.1590590,-122.4533830,6.9,22.6,0,0,0
746.20,0.0,0.0,12243,0.0,1,-13.6,0,0,18276.6,38.1590590,-122.4533830,6.9,22.6,0,0,0
746.30,0.0,0.0,12243,0.0,1,-13.5,0,0,18276.7,38.1590580,-122.4533830,6.9,22.6,0,0,0
746.40,0.0,0.0,12243,0.0,1,-13.6,0,0,18276.7,38.1590580,-122.4533830,6.9,22.6,0,0,0
746.50,0.0,0.0,12243,0.0,1,-13.5,0,0,18276.7,38.1590580,-122.4533830,6.9,22.6,0,0,0
746.60,0.0,0.0,12243,0.0,1,-13.6,0,0,18276.7,38.1590580,-122.4533830,6.9,22.6,0,0,0
746.70,0.0,0.0,12243,0.0,1,-13.6,0,0,18276.7,38.1590580,-122.4533830,6.9,22.6,0,0,0
746.80,0.0,0.0,12243,0.0,1,-13.6,0,0,18276.7,38.1590580,-122.4533830,6.7,22.0,0,0,0
746.90,0.0,0.0,12243,0.0,1,-13.5,0,0,18276.8,38.1590580,-122.4533820,6.7,22.0,0,0,0
747.00,0.0,0.0,12243,0.0,1,-13.5,0,0,18276.9,38.1590570,-122.4533820,6.7,22.0,0,0,0
747.10,0.0,0.0,12243,0.0,1,-13.5,0,0,18276.9,38.1590570,-122.4533820,6.7,22.0,0,0,0
747.20,0.0,0.0,12243,0.0,1,-13.5,0,0,18276.9,38.1590570,-122.4533820,6.7,22.0,0,0,0
747.30,0.0,0.0,12243,0.0,1,-13.5,0,0,18276.9,38.1590570,-122.4533820,6.7,22.0,0,0,0
747.40,0.0,0.0,12243,0.0,1,-13.5,0,0,18277.1,38.1590560,-122.4533810,6.7,22.0,0,0,0
747.50,0.0,0.0,12243,0.0,1,-13.5,0,0,18277.1,38.1590560,-122.4533810,6.7,22.0,0,0,0
747.60,0.0,0.0,12243,0.0,1,-13.5,0,0,18277.1,38.1590560,-122.4533810,6.7,22.0,0,0,0
747.70,0.0,0.0,12243,0.0,1,-13.6,0,0,18277.1,38.1590560,-122.4533810,6.7,22.0,0,0,0
747.80,0.0,0.0,12243,0.0,1,-13.5,0,0,18277.2,38.1590570,-122.4533810,6.9,22.6,0,0,0
747.90,0.0,0.0,12243,0.0,1,-13.5,0,0,18277.2,38.1590570,-122.4533810,6.9,22.6,0,0,0
748.00,0.0,0.0,12243,0.0,1,-13.6,0,0,18277.3,38.1590560,-122.4533810,6.9,22.6,0,0,0
748.10,0.0,0.0,12243,0.0,1,-13.6,0,0,18277.4,38.1590570,-122.4533810,6.9,22.6,0,0,0
748.20,0.0,0.0,12243,0.0,1,-13.6,0,0,18277.4,38.1590570,-122.4533810,6.9,22.6,0,0,0
748.30,0.0,0.0,12243,0.0,1,-13.6,0,0,18277.5,38.1590570,-122.4533800,6.9,22.6,0,0,0
748.40,0.0,0.0,12243,0.0,1,-13.5,0,0,18277.6,38.1590560,-122.4533810,6.9,22.6,0,0,0
748.50,0.0,0.0,12243,0.0,1,-13.6,0,0,18277.6,38.1590560,-122.4533810,6.9,22.6,0,0,0
748.60,0.0,0.0,12243,0.0,1,-13.6,0,0,18277.6,38.1590560,-122.4533810,6.9,22.6,0,0,0
748.70,0.0,0.0,12243,0.0,1,-13.6,0,0,18277.6,38.1590560,-122.4533810,6.9,22.6,0,0,0
748.80,0.0,0.0,12243,0.0,1,-13.5,0,0,18277.7,38.1590550,-122.4533810,6.9,22.6,0,0,0
748.90,0.0,0.0,12243,0.0,1,-13.6,0,0,18277.7,38.1590550,-122.4533810,6.9,22.6,0,0,0
749.00,0.0,0.0,12243,0.0,1,-13.6,0,0,18277.7,38.1590550,-122.4533810,6.9,22.6,0,0,0
749.10,0.0,0.0,12243,0.0,1,-13.6,0,0,18277.8,38.1590550,-122.4533800,6.9,22.6,0,0,0
749.20,0.0,0.0,12243,0.0,1,-13.5,0,0,18277.8,38.1590550,-122.4533800,6.9,22.6,0,0,0
749.30,0.0,0.0,12243,0.0,1,-13.6,0,0,18277.8,38.1590550,-122.4533800,6.9,22.6,0,0,0
749.40,0.0,0.0,12243,0.0,1,-13.6,0,0,18277.8,38.1590550,-122.4533800,6.9,22.6,0,0,0
749.50,0.0,0.0,12243,0.0,1,-13.6,0,0,18277.8,38.1590550,-122.4533800,6.9,22.6,0,0,0
749.60,0.0,0.0,12243,0.0,1,-13.6,0,0,18277.9,38.1590540,-122.4533800,6.9,22.6,0,0,0
749.70,0.0,0.0,12243,0.0,1,-13.6,0,0,18277.9,38.1590540,-122.4533800,6.9,22.6,0,0,0
749.80,0.0,0.0,12243,0.0,1,-13.6,0,0,18277.9,38.1590540,-122.4533800,7.0,23.0,0,0,0
749.90,0.0,0.0,12243,0.0,1,-13.6,0,0,18277.9,38.1590540,-122.4533800,7.0,23.0,0,0,0
750.00,0.0,0.0,12243,0.0,1,-13.6,0,0,18278.0,38.1590540,-122.4533790,7.0,23.0,0,0,0
750.10,0.0,0.0,12243,0.0,1,-13.5,0,0,18278.1,38.1590540,-122.4533800,7.0,23.0,0,0,0
750.20,0.0,0.0,12243,0.0,1,-13.6,0,0,18278.2,38.1590530,-122.4533800,7.0,23.0,0,0,0
750.30,0.0,0.0,12243,0.0,1,-13.6,0,0,18278.2,38.1590530,-122.4533800,7.0,23.0,0,0,0
750.40,0.0,0.0,12243,0.0,1,-13.6,0,0,18278.2,38.1590530,-122.4533800,7.0,23.0,0,0,0
750.50,0.0,0.0,12243,0.0,1,-13.6,0,0,18278.2,38.1590530,-122.4533800,7.0,23.0,0,0,0
750.60,0.0,0.0,12243,0.0,1,-13.6,0,0,18278.3,38.1590520,-122.4533800,7.0,23.0,0,0,0
750.70,0.0,0.0,12243,0.0,1,-13.6,0,0,18278.3,38.1590520,-122.4533800,7.0,23.0,0,0,0
750.80,0.0,0.0,12243,0.0,1,-13.6,0,0,18278.3,38.1590520,-122.4533800,7.0,23.0,0,0,0
750.90,0.0,0.0,12243,0.0,1,-13.6,0,0,18278.3,38.1590520,-122.4533800,7.0,23.0,0,0,0
751.00,0.0,0.0,12243,0.0,1,-13.6,0,0,18278.4,38.1590510,-122.4533800,7.0,23.0,0,0,0
751.10,0.0,0.0,12243,0.0,1,-13.6,0,0,18278.4,38.1590510,-122.4533800,7.0,23.0,0,0,0
751.20,0.0,0.0,12243,0.0,1,-13.6,0,0,18278.4,38.1590510,-122.4533800,7.0,23.0,0,0,0
751.30,0.0,0.0,12243,0.0,1,-13.6,0,0,18278.4,38.1590510,-122.4533800,7.0,23.0,0,0,0
751.40,0.0,0.0,12243,0.0,1,-13.6,0,0,18278.4,38.1590510,-122.4533800,7.0,23.0,0,0,0
751.50,0.0,0.0,12243,0.0,1,-13.6,0,0,18278.4,38.1590510,-122.4533800,7.0,23.0,0,0,0
751.60,0.0,0.0,12243,0.0,1,-13.6,0,0,18278.6,38.1590500,-122.4533800,7.0,23.0,0,0,0
751.70,0.0,0.0,12243,0.0,1,-13.6,0,0,18278.6,38.1590500,-122.4533800,7.0,23.0,0,0,0
751.80,0.0,0.0,12243,0.0,1,-13.6,0,0,18278.6,38.1590500,-122.4533800,7.0,23.0,0,0,0
751.90,0.0,0.0,12243,0.0,1,-13.6,0,0,18278.6,38.1590500,-122.4533800,7.0,23.0,0,0,0
752.00,0.0,0.0,12243,0.0,1,-13.6,0,0,18278.6,38.1590500,-122.4533800,7.0,23.0,0,0,0
752.10,0.0,0.0,12243,0.0,1,-13.6,0,0,18278.6,38.1590500,-122.4533800,7.0,23.0,0,0,0
752.20,0.0,0.0,12243,0.0,1,-13.6,0,0,18278.6,38.1590500,-122.4533800,7.0,23.0,0,0,0
752.30,0.0,0.0,12243,0.0,1,-13.6,0,0,18278.7,38.1590490,-122.4533800,7.0,23.0,0,0,0
752.40,0.0,0.0,12243,0.0,1,-13.6,0,0,18278.7,38.1590490,-122.4533800,7.0,23.0,0,0,0
752.50,0.0,0.0,12243,0.0,1,-13.6,0,0,18278.8,38.1590490,-122.4533790,7.0,23.0,0,0,0
752.60,0.0,0.0,12243,0.0,1,-13.6,0,0,18278.9,38.1590480,-122.4533790,7.0,23.0,0,0,0
752.70,0.0,0.0,12243,0.0,1,-13.6,0,0,18278.9,38.1590480,-122.4533790,7.0,23.0,0,0,0
752.80,0.0,0.0,12243,0.0,1,-13.6,0,0,18278.9,38.1590480,-122.4533790,7.0,23.0,0,0,0
752.90,0.0,0.0,12243,0.0,1,-13.6,0,0,18279.0,38.1590470,-122.4533790,7.0,23.0,0,0,0
753.00,0.0,0.0,12243,0.0,1,-13.6,0,0,18279.0,38.1590470,-122.4533790,7.0,23.0,0,0,0
753.10,0.0,0.0,12243,0.0,1,-13.6,0,0,18279.0,38.1590470,-122.4533790,7.0,23.0,0,0,0
753.20,0.0,0.0,12243,0.0,1,-13.6,0,0,18279.1,38.1590460,-122.4533790,7.0,23.0,0,0,0
753.30,0.0,0.0,12243,0.0,1,-13.6,0,0,18279.2,38.1590460,-122.4533780,7.0,23.0,0,0,0
753.40,0.0,0.0,12243,0.0,1,-13.6,0,0,18279.2,38.1590460,-122.4533780,7.0,23.0,0,0,0
753.50,0.0,0.0,12243,0.0,1,-13.6,0,0,18279.3,38.1590450,-122.4533780,7.0,23.0,0,0,0
753.60,0.0,0.0,12243,0.0,1,-13.6,0,0,18279.3,38.1590450,-122.4533780,7.0,23.0,0,0,0
753.70,0.0,0.0,12243,0.0,1,-13.6,0,0,18279.3,38.1590450,-122.4533780,7.0,23.0,0,0,0
753.80,0.0,0.0,12243,0.0,1,-13.6,0,0,18279.4,38.1590440,-122.4533780,6.8,22.3,0,0,0
753.90,0.0,0.0,12243,0.0,1,-13.6,0,0,18279.4,38.1590440,-122.4533780,6.8,22.3,0,0,0
754.00,0.0,0.0,12243,0.0,1,-13.6,0,0,18279.5,38.1590430,-122.4533780,6.8,22.3,0,0,0
754.10,0.0,0.0,12243,0.0,1,-13.6,0,0,18279.6,38.1590430,-122.4533770,6.8,22.3,0,0,0
754.20,0.0,0.0,12243,0.0,1,-13.6,0,0,18279.6,38.1590430,-122.4533770,6.8,22.3,0,0,0
754.30,0.0,0.0,12243,0.0,1,-13.6,0,0,18279.6,38.1590430,-122.4533770,6.8,22.3,0,0,0
754.40,0.0,0.0,12243,0.0,1,-13.6,0,0,18279.6,38.1590430,-122.4533770,6.8,22.3,0,0,0
754.50,0.0,0.0,12243,0.0,1,-13.6,0,0,18279.6,38.1590430,-122.4533770,6.8,22.3,0,0,0
754.60,0.0,0.0,12243,0.0,1,-13.6,0,0,18279.7,38.1590420,-122.4533770,6.8,22.3,0,0,0
754.70,0.0,0.0,12243,0.0,1,-13.6,0,0,18279.7,38.1590420,-122.4533770,6.8,22.3,0,0,0
754.80,0.0,0.0,12243,0.0,1,-13.6,0,0,18279.7,38.1590420,-122.4533770,6.7,22.0,0,0,0
754.90,0.0,0.0,12243,0.0,1,-13.6,0,0,18279.7,38.1590420,-122.4533770,6.7,22.0,0,0,0
755.00,0.0,0.0,12243,0.0,1,-13.6,0,0,18279.8,38.1590410,-122.4533770,6.7,22.0,0,0,0
755.10,0.0,0.0,12243,0.0,1,-13.6,0,0,18279.8,38.1590410,-122.4533770,6.7,22.0,0,0,0
755.20,0.0,0.0,12243,0.0,1,-13.6,0,0,18279.8,38.1590410,-122.4533770,6.7,22.0,0,0,0
755.30,0.0,0.0,12243,0.0,1,-13.6,0,0,18279.8,38.1590410,-122.4533770,6.7,22.0,0,0,0
755.40,0.0,0.0,12243,0.0,1,-13.6,0,0,18279.8,38.1590410,-122.4533770,6.7,22.0,0,0,0
755.50,0.0,0.0,12243,0.0,1,-13.6,0,0,18279.9,38.1590410,-122.4533780,6.7,22.0,0,0,0
755.60,0.0,0.0,12243,0.0,1,-13.6,0,0,18280.0,38.1590400,-122.4533780,6.7,22.0,0,0,0
755.70,0.0,0.0,12243,0.0,1,-13.6,0,0,18280.0,38.1590400,-122.4533780,6.7,22.0,0,0,0
755.80,0.0,0.0,12243,0.0,1,-13.5,0,0,18280.0,38.1590400,-122.4533780,6.5,21.3,0,0,0
755.90,0.0,0.0,12243,0.0,1,-13.6,0,0,18280.0,38.1590400,-122.4533780,6.5,21.3,0,0,0
756.00,0.0,0.0,12243,0.0,1,-13.6,0,0,18280.1,38.1590400,-122.4533770,6.5,21.3,0,0,0
756.10,0.0,0.0,12243,0.0,1,-13.6,0,0,18280.2,38.1590390,-122.4533770,6.5,21.3,0,0,0
756.20,0.0,0.0,12243,0.0,1,-13.5,0,0,18280.2,38.1590390,-122.4533770,6.5,21.3,0,0,0
756.30,0.0,0.0,12243,0.0,1,-13.6,0,0,18280.2,38.1590390,-122.4533770,6.5,21.3,0,0,0
756.40,0.0,0.0,12243,0.0,1,-13.6,0,0,18280.2,38.1590390,-122.4533770,6.5,21.3,0,0,0
756.50,0.0,0.0,12243,0.0,1,-13.6,0,0,18280.2,38.1590390,-122.4533770,6.5,21.3,0,0,0
756.60,0.0,0.0,12243,0.0,1,-13.6,0,0,18280.3,38.1590390,-122.4533780,6.5,21.3,0,0,0
756.70,0.0,0.0,12243,0.0,1,-13.6,0,0,18280.3,38.1590390,-122.4533780,6.5,21.3,0,0,0
756.80,0.0,0.0,12243,0.0,1,-13.5,0,0,18280.4,38.1590380,-122.4533770,6.4,21.0,0,0,0
756.90,0.0,0.0,12243,0.0,1,-13.5,0,0,18280.4,38.1590380,-122.4533770,6.4,21.0,0,0,0
757.00,0.0,0.0,12243,0.0,1,-13.6,0,0,18280.4,38.1590380,-122.4533770,6.4,21.0,0,0,0
757.10,0.0,0.0,12243,0.0,1,-13.6,0,0,18280.6,38.1590370,-122.4533760,6.4,21.0,0,0,0
757.20,0.0,0.0,12243,0.0,1,-13.6,0,0,18280.6,38.1590370,-122.4533760,6.4,21.0,0,0,0
757.30,0.0,0.0,12243,0.0,1,-13.5,0,0,18280.6,38.1590370,-122.4533760,6.4,21.0,0,0,0
757.40,0.0,0.0,12243,0.0,1,-13.5,0,0,18280.6,38.1590370,-122.4533760,6.4,21.0,0,0,0
757.50,0.0,0.0,12243,0.0,1,-13.5,0,0,18280.7,38.1590380,-122.4533760,6.4,21.0,0,0,0
757.60,0.0,0.0,12243,0.0,1,-13.5,0,0,18280.7,38.1590380,-122.4533760,6.4,21.0,0,0,0
757.70,0.0,0.0,12243,0.0,1,-13.5,0,0,18280.8,38.1590380,-122.4533750,6.4,21.0,0,0,0
757.80,0.0,0.0,12243,0.0,1,-13.5,0,0,18280.8,38.1590380,-122.4533750,6.3,20.7,0,0,0
757.90,0.0,0.0,12243,0.0,1,-13.5,0,0,18280.9,38.1590370,-122.4533750,6.3,20.7,0,0,0
758.00,0.0,0.0,12243,0.0,1,-13.6,0,0,18281.0,38.1590380,-122.4533750,6.3,20.7,0,0,0
758.10,0.0,0.0,12243,0.0,1,-13.6,0,0,18281.2,38.1590370,-122.4533740,6.3,20.7,0,0,0
758.20,0.0,0.0,12243,0.0,1,-13.5,0,0,18281.2,38.1590370,-122.4533740,6.3,20.7,0,0,0
758.30,0.0,0.0,12243,0.0,1,-13.6,0,0,18281.2,38.1590370,-122.4533730,6.3,20.7,0,0,0
758.40,0.0,0.0,12243,0.0,1,-13.6,0,0,18281.4,38.1590360,-122.4533730,6.3,20.7,0,0,0
758.50,0.0,0.0,12243,0.0,1,-13.6,0,0,18281.4,38.1590360,-122.4533720,6.3,20.7,0,0,0
758.60,0.0,0.0,12243,0.0,1,-13.6,0,0,18281.4,38.1590360,-122.4533720,6.3,20.7,0,0,0
758.70,0.0,0.0,12243,0.0,1,-13.6,0,0,18281.6,38.1590350,-122.4533710,6.3,20.7,0,0,0
758.80,0.0,0.0,12243,0.0,1,-13.6,0,0,18281.6,38.1590350,-122.4533710,6.0,19.7,0,0,0
758.90,0.0,0.0,12243,0.0,1,-13.6,0,0,18281.7,38.1590350,-122.4533700,6.0,19.7,0,0,0
759.00,0.0,0.0,12243,0.0,1,-13.5,0,0,18281.8,38.1590340,-122.4533700,6.0,19.7,0,0,0
759.10,0.0,0.0,12243,0.0,1,-13.6,0,0,18281.8,38.1590340,-122.4533700,6.0,19.7,0,0,0
759.20,0.0,0.0,12243,0.0,1,-13.6,0,0,18281.9,38.1590330,-122.4533690,6.0,19.7,0,0,0
759.30,0.0,0.0,12243,0.0,1,-13.6,0,0,18281.9,38.1590330,-122.4533690,6.0,19.7,0,0,0
759.40,0.0,0.0,12243,0.0,1,-13.5,0,0,18281.9,38.1590330,-122.4533690,6.0,19.7,0,0,0
759.50,0.0,0.0,12243,0.0,1,-13.6,0,0,18282.1,38.1590320,-122.4533680,6.0,19.7,0,0,0
759.60,0.0,0.0,12243,0.0,1,-13.6,0,0,18282.1,38.1590320,-122.4533680,6.0,19.7,0,0,0
759.70,0.0,0.0,12243,0.0,1,-13.6,0,0,18282.1,38.1590320,-122.4533690,6.0,19.7,0,0,0
759.80,0.0,0.0,12243,0.0,1,-13.6,0,0,18282.1,38.1590320,-122.4533690,5.9,19.4,0,0,0
759.90,0.0,0.0,12243,0.0,1,-13.6,0,0,18282.3,38.1590330,-122.4533690,5.9,19.4,0,0,0
760.00,0.0,0.0,12243,0.0,1,-13.6,0,0,18282.3,38.1590330,-122.4533690,5.9,19.4,0,0,0
760.10,0.0,0.0,12243,0.0,1,-13.6,0,0,18282.3,38.1590330,-122.4533690,5.9,19.4,0,0,0
760.20,0.0,0.0,12243,0.0,1,-13.6,0,0,18282.3,38.1590330,-122.4533690,5.9,19.4,0,0,0
760.30,0.0,0.0,12243,0.0,1,-13.6,0,0,18282.3,38.1590330,-122.4533690,5.9,19.4,0,0,0
760.40,0.0,0.0,12243,0.0,1,-13.5,0,0,18282.3,38.1590330,-122.4533680,5.9,19.4,0,0,0
760.50,0.0,0.0,12243,0.0,1,-13.6,0,0,18282.4,38.1590330,-122.4533670,5.9,19.4,0,0,0
760.60,0.0,0.0,12243,0.0,1,-13.6,0,0,18282.6,38.1590320,-122.4533660,5.9,19.4,0,0,0
760.70,0.0,0.0,12243,0.0,1,-13.5,0,0,18282.7,38.1590330,-122.4533660,5.9,19.4,0,0,0
760.80,0.0,0.0,12243,0.0,1,-13.5,0,0,18282.8,38.1590320,-122.4533660,5.9,19.4,0,0,0
760.90,0.0,0.0,12243,0.0,1,-13.6,0,0,18282.9,38.1590320,-122.4533650,5.9,19.4,0,0,0
761.00,0.0,0.0,12243,0.0,1,-13.5,0,0,18282.9,38.1590320,-122.4533650,5.9,19.4,0,0,0
761.10,0.0,0.0,12243,0.0,1,-13.5,0,0,18282.9,38.1590320,-122.4533650,5.9,19.4,0,0,0
761.20,0.0,0.0,12243,0.0,1,-13.5,0,0,18282.9,38.1590320,-122.4533650,5.9,19.4,0,0,0
761.30,0.0,0.0,12243,0.0,1,-13.5,0,0,18282.9,38.1590320,-122.4533650,5.9,19.4,0,0,0
761.40,0.0,0.0,12243,0.0,1,-13.6,0,0,18282.9,38.1590320,-122.4533650,5.9,19.4,0,0,0
761.50,0.0,0.0,12243,0.0,1,-13.6,0,0,18282.9,38.1590320,-122.4533650,5.9,19.4,0,0,0
761.60,0.0,0.0,12243,0.0,1,-13.6,0,0,18282.9,38.1590320,-122.4533650,5.9,19.4,0,0,0
761.70,0.0,0.0,12243,0.0,1,-13.6,0,0,18283.0,38.1590310,-122.4533650,5.9,19.4,0,0,0
761.80,0.0,0.0,12243,0.0,1,-13.5,0,0,18283.0,38.1590310,-122.4533650,5.9,19.4,0,0,0
761.90,0.0,0.0,12243,0.0,1,-13.6,0,0,18283.0,38.1590310,-122.4533650,5.9,19.4,0,0,0
762.00,0.0,0.0,12243,0.0,1,-13.6,0,0,18283.0,38.1590310,-122.4533650,5.9,19.4,0,0,0
762.10,0.0,0.0,12243,0.0,1,-13.6,0,0,18283.0,38.1590310,-122.4533650,5.9,19.4,0,0,0
762.20,0.0,0.0,12243,0.0,1,-13.6,0,0,18283.0,38.1590310,-122.4533650,5.9,19.4,0,0,0
762.30,0.0,0.0,12243,0.0,1,-13.6,0,0,18283.0,38.1590310,-122.4533650,5.9,19.4,0,0,0
762.40,0.0,0.0,12243,0.0,1,-13.6,0,0,18283.1,38.1590300,-122.4533650,5.9,19.4,0,0,0
762.50,0.0,0.0,12243,0.0,1,-13.6,0,0,18283.1,38.1590300,-122.4533650,5.9,19.4,0,0,0
762.60,0.0,0.0,12243,0.0,1,-13.5,0,0,18283.2,38.1590300,-122.4533640,5.9,19.4,0,0,0
762.70,0.0,0.0,12243,0.0,1,-13.5,0,0,18283.2,38.1590300,-122.4533640,5.9,19.4,0,0,0
762.80,0.0,0.0,12243,0.0,1,-13.6,0,0,18283.3,38.1590310,-122.4533640,5.9,19.4,0,0,0
762.90,0.0,0.0,12243,0.0,1,-13.6,0,0,18283.4,38.1590310,-122.4533650,5.9,19.4,0,0,0
763.00,0.0,0.0,12243,0.0,1,-13.5,0,0,18283.4,38.1590310,-122.4533650,5.9,19.4,0,0,0
763.10,0.0,0.0,12243,0.0,1,-13.5,0,0,18283.4,38.1590310,-122.4533650,5.9,19.4,0,0,0
763.20,0.0,0.0,12243,0.0,1,-13.6,0,0,18283.4,38.1590310,-122.4533650,5.9,19.4,0,0,0
763.30,0.0,0.0,12243,0.0,1,-13.6,0,0,18283.5,38.1590300,-122.4533650,5.9,19.4,0,0,0
763.40,0.0,0.0,12243,0.0,1,-13.5,0,0,18283.6,38.1590310,-122.4533650,5.9,19.4,0,0,0
763.50,0.0,0.0,12243,0.0,1,-13.5,0,0,18283.6,38.1590310,-122.4533650,5.9,19.4,0,0,0
763.60,0.0,0.0,12243,0.0,1,-13.6,0,0,18283.7,38.1590310,-122.4533660,5.9,19.4,0,0,0
763.70,0.0,0.0,12243,0.0,1,-13.6,0,0,18283.8,38.1590310,-122.4533650,5.9,19.4,0,0,0
763.80,0.0,0.0,12243,0.0,1,-13.5,0,0,18283.9,38.1590300,-122.4533650,6.1,20.0,0,0,0
763.90,0.0,0.0,12243,0.0,1,-13.6,0,0,18283.9,38.1590300,-122.4533650,6.1,20.0,0,0,0
764.00,0.0,0.0,12243,0.0,1,-13.6,0,0,18284.0,38.1590300,-122.4533640,6.1,20.0,0,0,0
764.10,0.0,0.0,12243,0.0,1,-13.6,0,0,18284.1,38.1590300,-122.4533630,6.1,20.0,0,0,0
764.20,0.0,0.0,12243,0.0,1,-13.6,0,0,18284.1,38.1590300,-122.4533630,6.1,20.0,0,0,0
764.30,0.0,0.0,12243,0.0,1,-13.5,0,0,18284.1,38.1590300,-122.4533630,6.1,20.0,0,0,0
764.40,0.0,0.0,12243,0.0,1,-13.6,0,0,18284.2,38.1590300,-122.4533620,6.1,20.0,0,0,0
764.50,0.0,0.0,12243,0.0,1,-13.6,0,0,18284.2,38.1590300,-122.4533620,6.1,20.0,0,0,0
764.60,0.0,0.0,12243,0.0,1,-13.6,0,0,18284.3,38.1590300,-122.4533610,6.1,20.0,0,0,0
764.70,0.0,0.0,12243,0.0,1,-13.5,0,0,18284.3,38.1590300,-122.4533610,6.1,20.0,0,0,0
764.80,0.0,0.0,12243,0.0,1,-13.6,0,0,18284.4,38.1590310,-122.4533610,6.1,20.0,0,0,0
764.90,0.0,0.0,12243,0.0,1,-13.6,0,0,18284.5,38.1590300,-122.4533610,6.1,20.0,0,0,0
765.00,0.0,0.0,12243,0.0,1,-13.6,0,0,18284.6,38.1590310,-122.4533620,6.1,20.0,0,0,0
765.10,0.0,0.0,12243,0.0,1,-13.5,0,0,18284.7,38.1590310,-122.4533610,6.1,20.0,0,0,0
765.20,0.0,0.0,12243,0.0,1,-13.6,0,0,18284.7,38.1590310,-122.4533610,6.1,20.0,0,0,0
765.30,0.0,0.0,12243,0.0,1,-13.6,0,0,18284.7,38.1590310,-122.4533610,6.1,20.0,0,0,0
765.40,0.0,0.0,12243,0.0,1,-13.6,0,0,18284.7,38.1590310,-122.4533610,6.1,20.0,0,0,0
765.50,0.0,0.0,12243,0.0,1,-13.6,0,0,18284.7,38.1590310,-122.4533610,6.1,20.0,0,0,0
765.60,0.0,0.0,12243,0.0,1,-13.6,0,0,18284.7,38.1590310,-122.4533610,6.1,20.0,0,0,0
765.70,0.0,0.0,12243,0.0,1,-13.6,0,0,18284.7,38.1590310,-122.4533610,6.1,20.0,0,0,0
765.80,0.0,0.0,12243,0.0,1,-13.6,0,0,18284.8,38.1590310,-122.4533600,6.2,20.3,0,0,0
765.90,0.0,0.0,12243,0.0,1,-13.6,0,0,18284.8,38.1590310,-122.4533600,6.2,20.3,0,0,0
766.00,0.0,0.0,12243,0.0,1,-13.6,0,0,18284.8,38.1590310,-122.4533600,6.2,20.3,0,0,0
766.10,0.0,0.0,12243,0.0,1,-13.6,0,0,18284.8,38.1590310,-122.4533600,6.2,20.3,0,0,0
766.20,0.0,0.0,12243,0.0,1,-13.6,0,0,18284.8,38.1590310,-122.4533600,6.2,20.3,0,0,0
766.30,0.0,0.0,12243,0.0,1,-13.6,0,0,18284.8,38.1590310,-122.4533600,6.2,20.3,0,0,0
766.40,0.0,0.0,12243,0.0,1,-13.6,0,0,18284.8,38.1590310,-122.4533600,6.2,20.3,0,0,0
766.50,0.0,0.0,12243,0.0,1,-13.6,0,0,18284.8,38.1590310,-122.4533600,6.2,20.3,0,0,0
766.60,0.0,0.0,12243,0.0,1,-13.6,0,0,18284.8,38.1590310,-122.4533600,6.2,20.3,0,0,0
766.70,0.0,0.0,12243,0.0,1,-13.6,0,0,18284.8,38.1590310,-122.4533600,6.2,20.3,0,0,0
766.80,0.0,0.0,12243,0.0,1,-13.6,0,0,18284.9,38.1590310,-122.4533590,6.3,20.7,0,0,0
766.90,0.0,0.0,12243,0.0,1,-13.6,0,0,18284.9,38.1590310,-122.4533590,6.3,20.7,0,0,0
767.00,0.0,0.0,12243,0.0,1,-13.6,0,0,18284.9,38.1590310,-122.4533590,6.3,20.7,0,0,0
767.10,0.0,0.0,12243,0.0,1,-13.5,0,0,18285.0,38.1590320,-122.4533590,6.3,20.7,0,0,0
767.20,0.0,0.0,12243,0.0,1,-13.5,0,0,18285.1,38.1590320,-122.4533600,6.3,20.7,0,0,0
767.30,0.0,0.0,12243,0.0,1,-13.5,0,0,18285.1,38.1590320,-122.4533600,6.3,20.7,0,0,0
767.40,0.0,0.0,12243,0.0,1,-13.5,0,0,18285.1,38.1590320,-122.4533600,6.3,20.7,0,0,0
767.50,0.0,0.0,12243,0.0,1,-13.5,0,0,18285.1,38.1590320,-122.4533600,6.3,20.7,0,0,0
767.60,0.0,0.0,12243,0.0,1,-13.6,0,0,18285.1,38.1590320,-122.4533600,6.3,20.7,0,0,0
767.70,0.0,0.0,12243,0.0,1,-13.5,0,0,18285.2,38.1590320,-122.4533590,6.3,20.7,0,0,0
767.80,0.0,0.0,12243,0.0,1,-13.6,0,0,18285.2,38.1590320,-122.4533590,6.3,20.7,0,0,0
767.90,0.0,0.0,12243,0.0,1,-13.6,0,0,18285.2,38.1590320,-122.4533590,6.3,20.7,0,0,0
768.00,0.0,0.0,12243,0.0,1,-13.6,0,0,18285.3,38.1590320,-122.4533580,6.3,20.7,0,0,0
768.10,0.0,0.0,12243,0.0,1,-13.6,0,0,18285.3,38.1590320,-122.4533580,6.3,20.7,0,0,0
768.20,0.0,0.0,12243,0.0,1,-13.6,0,0,18285.3,38.1590320,-122.4533570,6.3,20.7,0,0,0
768.30,0.0,0.0,12243,0.0,1,-13.6,0,0,18285.3,38.1590320,-122.4533570,6.3,20.7,0,0,0
768.40,0.0,0.0,12243,0.0,1,-13.6,0,0,18285.3,38.1590320,-122.4533570,6.3,20.7,0,0,0
768.50,0.0,0.0,12243,0.0,1,-13.6,0,0,18285.5,38.1590310,-122.4533570,6.3,20.7,0,0,0
768.60,0.0,0.0,12243,0.0,1,-13.6,0,0,18285.6,38.1590320,-122.4533560,6.3,20.7,0,0,0
768.70,0.0,0.0,12243,0.0,1,-13.6,0,0,18285.6,38.1590320,-122.4533560,6.3,20.7,0,0,0
768.80,0.0,0.0,12243,0.0,1,-13.6,0,0,18285.6,38.1590320,-122.4533560,6.3,20.7,0,0,0
768.90,0.0,0.0,12243,0.0,1,-13.6,0,0,18285.6,38.1590320,-122.4533560,6.3,20.7,0,0,0
769.00,0.0,0.0,12243,0.0,1,-13.6,0,0,18285.6,38.1590320,-122.4533560,6.3,20.7,0,0,0
769.10,0.0,0.0,12243,0.0,1,-13.6,0,0,18285.6,38.1590320,-122.4533560,6.3,20.7,0,0,0
769.20,0.0,0.0,12243,0.0,1,-13.6,0,0,18285.7,38.1590310,-122.4533560,6.3,20.7,0,0,0
769.30,0.0,0.0,12243,0.0,1,-13.6,0,0,18285.7,38.1590310,-122.4533560,6.3,20.7,0,0,0
769.40,0.0,0.0,12243,0.0,1,-13.6,0,0,18285.8,38.1590320,-122.4533560,6.3,20.7,0,0,0
769.50,0.0,0.0,12243,0.0,1,-13.6,0,0,18285.9,38.1590320,-122.4533570,6.3,20.7,0,0,0
769.60,0.0,0.0,12243,0.0,1,-13.6,0,0,18286.0,38.1590320,-122.4533580,6.3,20.7,0,0,0
769.70,0.0,0.0,12243,0.0,1,-13.6,0,0,18286.0,38.1590320,-122.4533580,6.3,20.7,0,0,0
769.80,0.0,0.0,12243,0.0,1,-13.6,0,0,18286.0,38.1590320,-122.4533580,6.4,21.0,0,0,0
769.90,0.0,0.0,12243,0.0,1,-13.6,0,0,18286.0,38.1590320,-122.4533580,6.4,21.0,0,0,0
770.00,0.0,0.0,12243,0.0,1,-13.6,0,0,18286.0,38.1590320,-122.4533580,6.4,21.0,0,0,0
770.10,0.0,0.0,12243,0.0,1,-13.6,0,0,18286.1,38.1590320,-122.4533570,6.4,21.0,0,0,0
770.20,0.0,0.0,12243,0.0,1,-13.6,0,0,18286.2,38.1590320,-122.4533580,6.4,21.0,0,0,0
770.30,0.0,0.0,12243,0.0,1,-13.6,0,0,18286.2,38.1590320,-122.4533580,6.4,21.0,0,0,0
770.40,0.0,0.0,12243,0.0,1,-13.6,0,0,18286.2,38.1590320,-122.4533580,6.4,21.0,0,0,0
770.50,0.0,0.0,12243,0.0,1,-13.6,0,0,18286.3,38.1590320,-122.4533570,6.4,21.0,0,0,0
770.60,0.0,0.0,12243,0.0,1,-13.6,0,0,18286.4,38.1590310,-122.4533560,6.4,21.0,0,0,0
770.70,0.0,0.0,12243,0.0,1,-13.6,0,0,18286.4,38.1590310,-122.4533560,6.4,21.0,0,0,0
770.80,0.0,0.0,12243,0.0,1,-13.6,0,0,18286.5,38.1590310,-122.4533550,6.3,20.7,0,0,0
770.90,0.0,0.0,12243,0.0,1,-13.6,0,0,18286.6,38.1590300,-122.4533540,6.3,20.7,0,0,0
771.00,0.0,0.0,12243,0.0,1,-13.6,0,0,18286.6,38.1590300,-122.4533540,6.3,20.7,0,0,0
771.10,0.0,0.0,12243,0.0,1,-13.6,0,0,18286.7,38.1590300,-122.4533530,6.3,20.7,0,0,0
771.20,0.0,0.0,12243,0.0,1,-13.6,0,0,18286.8,38.1590290,-122.4533530,6.3,20.7,0,0,0
771.30,0.0,0.0,12243,0.0,1,-13.6,0,0,18286.9,38.1590290,-122.4533520,6.3,20.7,0,0,0
771.40,0.0,0.0,12243,0.0,1,-13.6,0,0,18286.9,38.1590290,-122.4533520,6.3,20.7,0,0,0
771.50,0.0,0.0,12243,0.0,1,-13.6,0,0,18286.9,38.1590290,-122.4533520,6.3,20.7,0,0,0
771.60,0.0,0.0,12243,0.0,1,-13.6,0,0,18287.0,38.1590280,-122.4533510,6.3,20.7,0,0,0
771.70,0.0,0.0,12243,0.0,1,-13.6,0,0,18287.1,38.1590280,-122.4533500,6.3,20.7,0,0,0
771.80,0.0,0.0,12243,0.0,1,-13.6,0,0,18287.3,38.1590280,-122.4533480,5.9,19.4,0,0,0
771.90,0.0,0.0,12243,0.0,1,-13.6,0,0,18287.4,38.1590280,-122.4533470,5.9,19.4,0,0,0
772.00,0.0,0.0,12243,0.0,1,-13.6,0,0,18287.5,38.1590270,-122.4533470,5.9,19.4,0,0,0
772.10,0.0,0.0,12243,0.0,1,-13.6,0,0,18287.6,38.1590270,-122.4533460,5.9,19.4,0,0,0
772.20,0.0,0.0,12243,0.0,1,-13.6,0,0,18287.6,38.1590270,-122.4533460,5.9,19.4,0,0,0
772.30,0.0,0.0,12243,0.0,1,-13.6,0,0,18287.6,38.1590270,-122.4533460,5.9,19.4,0,0,0
772.40,0.0,0.0,12243,0.0,1,-13.6,0,0,18287.6,38.1590270,-122.4533460,5.9,19.4,0,0,0
772.50,0.0,0.0,12243,0.0,1,-13.6,0,0,18287.7,38.1590280,-122.4533460,5.9,19.4,0,0,0
772.60,0.0,0.0,12243,0.0,1,-13.6,0,0,18287.7,38.1590280,-122.4533460,5.9,19.4,0,0,0
772.70,0.0,0.0,12243,0.0,1,-13.6,0,0,18287.7,38.1590280,-122.4533460,5.9,19.4,0,0,0
772.80,0.0,0.0,12243,0.0,1,-13.6,0,0,18287.7,38.1590280,-122.4533460,6.0,19.7,0,0,0
772.90,0.0,0.0,12243,0.0,1,-13.6,0,0,18287.8,38.1590280,-122.4533470,6.0,19.7,0,0,0
773.00,0.0,0.0,12243,0.0,1,-13.6,0,0,18287.8,38.1590280,-122.4533470,6.0,19.7,0,0,0
773.10,0.0,0.0,12243,0.0,1,-13.6,0,0,18287.8,38.1590280,-122.4533470,6.0,19.7,0,0,0
773.20,0.0,0.0,12243,0.0,1,-13.6,0,0,18287.8,38.1590280,-122.4533470,6.0,19.7,0,0,0
773.30,0.0,0.0,12243,0.0,1,-13.6,0,0,18287.8,38.1590280,-122.4533470,6.0,19.7,0,0,0
773.40,0.0,0.0,12243,0.0,1,-13.6,0,0,18287.8,38.1590280,-122.4533470,6.0,19.7,0,0,0
773.50,0.0,0.0,12243,0.0,1,-13.6,0,0,18287.9,38.1590280,-122.4533480,6.0,19.7,0,0,0
773.60,0.0,0.0,12243,0.0,1,-13.6,0,0,18288.0,38.1590290,-122.4533490,6.0,19.7,0,0,0
773.70,0.0,0.0,12243,0.0,1,-13.6,0,0,18288.2,38.1590290,-122.4533510,6.0,19.7,0,0,0
773.80,0.0,0.0,12243,0.0,1,-13.6,0,0,18288.2,38.1590290,-122.4533510,6.2,20.3,0,0,0
773.90,0.0,0.0,12243,0.0,1,-13.6,0,0,18288.3,38.1590290,-122.4533520,6.2,20.3,0,0,0
774.00,0.0,0.0,12243,0.0,1,-13.6,0,0,18288.3,38.1590290,-122.4533520,6.2,20.3,0,0,0
774.10,0.0,0.0,12243,0.0,1,-13.6,0,0,18288.3,38.1590290,-122.4533520,6.2,20.3,0,0,0
774.20,0.0,0.0,12243,0.0,1,-13.6,0,0,18288.4,38.1590290,-122.4533530,6.2,20.3,0,0,0
774.30,0.0,0.0,12243,0.0,1,-13.6,0,0,18288.5,38.1590300,-122.4533530,6.2,20.3,0,0,0
774.40,0.0,0.0,12243,0.0,1,-13.6,0,0,18288.6,38.1590300,-122.4533540,6.2,20.3,0,0,0
774.50,0.0,0.0,12243,0.0,1,-13.6,0,0,18288.7,38.1590300,-122.4533550,6.2,20.3,0,0,0
774.60,0.0,0.0,12243,0.0,1,-13.6,0,0,18288.8,38.1590310,-122.4533550,6.2,20.3,0,0,0
774.70,0.0,0.0,12243,0.0,1,-13.6,0,0,18288.8,38.1590310,-122.4533550,6.2,20.3,0,0,0
774.80,0.0,0.0,12243,0.0,1,-13.6,0,0,18288.8,38.1590310,-122.4533550,6.5,21.3,0,0,0
774.90,0.0,0.0,12243,0.0,1,-13.6,0,0,18288.9,38.1590310,-122.4533560,6.5,21.3,0,0,0
775.00,0.0,0.0,12243,0.0,1,-13.7,0,0,18288.9,38.1590310,-122.4533560,6.5,21.3,0,0,0
775.10,0.0,0.0,12243,0.0,1,-13.6,0,0,18288.9,38.1590310,-122.4533550,6.5,21.3,0,0,0
775.20,0.0,0.0,12243,0.0,1,-13.7,0,0,18289.0,38.1590310,-122.4533540,6.5,21.3,0,0,0
775.30,0.0,0.0,12243,0.0,1,-13.6,0,0,18289.0,38.1590310,-122.4533540,6.5,21.3,0,0,0
775.40,0.0,0.0,12243,0.0,1,-13.6,0,0,18289.0,38.1590310,-122.4533540,6.5,21.3,0,0,0
775.50,0.0,0.0,12243,0.0,1,-13.6,0,0,18289.1,38.1590310,-122.4533530,6.5,21.3,0,0,0
775.60,0.0,0.0,12243,0.0,1,-13.6,0,0,18289.3,38.1590300,-122.4533520,6.5,21.3,0,0,0
775.70,0.0,0.0,12243,0.0,1,-13.6,0,0,18289.4,38.1590300,-122.4533510,6.5,21.3,0,0,0
775.80,0.0,0.0,12243,0.0,1,-13.6,0,0,18289.4,38.1590300,-122.4533500,6.4,21.0,0,0,0
775.90,0.0,0.0,12243,0.0,1,-13.6,0,0,18289.5,38.1590290,-122.4533500,6.4,21.0,0,0,0
776.00,0.0,0.0,12243,0.0,1,-13.6,0,0,18289.6,38.1590290,-122.4533490,6.4,21.0,0,0,0
776.10,0.0,0.0,12243,0.0,1,-13.6,0,0,18289.6,38.1590290,-122.4533490,6.4,21.0,0,0,0
776.20,0.0,0.0,12243,0.0,1,-13.6,0,0,18289.6,38.1590290,-122.4533490,6.4,21.0,0,0,0
776.30,0.0,0.0,12243,0.0,1,-13.7,0,0,18289.7,38.1590280,-122.4533490,6.4,21.0,0,0,0
776.40,0.0,0.0,12243,0.0,1,-13.6,0,0,18289.8,38.1590280,-122.4533480,6.4,21.0,0,0,0
776.50,0.0,0.0,12243,0.0,1,-13.6,0,0,18289.8,38.1590280,-122.4533480,6.4,21.0,0,0,0
776.60,0.0,0.0,12243,0.0,1,-13.6,0,0,18289.8,38.1590280,-122.4533480,6.4,21.0,0,0,0
776.70,0.0,0.0,12243,0.0,1,-13.6,0,0,18289.8,38.1590280,-122.4533480,6.4,21.0,0,0,0
776.80,0.0,0.0,12243,0.0,1,-13.6,0,0,18289.9,38.1590280,-122.4533470,6.3,20.7,0,0,0
776.90,0.0,0.0,12243,0.0,1,-13.6,0,0,18289.9,38.1590280,-122.4533470,6.3,20.7,0,0,0
777.00,0.0,0.0,12243,0.0,1,-13.6,0,0,18289.9,38.1590280,-122.4533470,6.3,20.7,0,0,0
777.10,0.0,0.0,12243,0.0,1,-13.6,0,0,18289.9,38.1590280,-122.4533470,6.3,20.7,0,0,0
777.20,0.0,0.0,12243,0.0,1,-13.6,0,0,18290.0,38.1590270,-122.4533470,6.3,20.7,0,0,0
777.30,0.0,0.0,12243,0.0,1,-13.6,0,0,18290.0,38.1590270,-122.4533470,6.3,20.7,0,0,0
777.40,0.0,0.0,12243,0.0,1,-13.7,0,0,18290.0,38.1590270,-122.4533470,6.3,20.7,0,0,0
777.50,0.0,0.0,12243,0.0,1,-13.6,0,0,18290.1,38.1590270,-122.4533480,6.3,20.7,0,0,0
777.60,0.0,0.0,12243,0.0,1,-13.6,0,0,18290.1,38.1590270,-122.4533480,6.3,20.7,0,0,0
777.70,0.0,0.0,12243,0.0,1,-13.6,0,0,18290.1,38.1590270,-122.4533480,6.3,20.7,0,0,0
777.80,0.0,0.0,12243,0.0,1,-13.7,0,0,18290.2,38.1590270,-122.4533490,6.1,20.0,0,0,0
777.90,0.0,0.0,12243,0.0,1,-13.6,0,0,18290.2,38.1590270,-122.4533490,6.1,20.0,0,0,0
778.00,0.0,0.0,12243,0.0,1,-13.6,0,0,18290.2,38.1590270,-122.4533490,6.1,20.0,0,0,0
778.10,0.0,0.0,12243,0.0,1,-13.6,0,0,18290.2,38.1590270,-122.4533490,6.1,20.0,0,0,0
778.20,0.0,0.0,12243,0.0,1,-13.7,0,0,18290.2,38.1590270,-122.4533490,6.1,20.0,0,0,0
778.30,0.0,0.0,12243,0.0,1,-13.6,0,0,18290.3,38.1590270,-122.4533500,6.1,20.0,0,0,0
778.40,0.0,0.0,12243,0.0,1,-13.6,0,0,18290.4,38.1590270,-122.4533510,6.1,20.0,0,0,0
778.50,0.0,0.0,12243,0.0,1,-13.6,0,0,18290.4,38.1590270,-122.4533510,6.1,20.0,0,0,0
778.60,0.0,0.0,12243,0.0,1,-13.7,0,0,18290.4,38.1590270,-122.4533510,6.1,20.0,0,0,0
778.70,0.0,0.0,12243,0.0,1,-13.6,0,0,18290.4,38.1590270,-122.4533510,6.1,20.0,0,0,0
778.80,0.0,0.0,12243,0.0,1,-13.6,0,0,18290.5,38.1590280,-122.4533520,6.1,20.0,0,0,0
778.90,0.0,0.0,12243,0.0,1,-13.6,0,0,18290.5,38.1590280,-122.4533520,6.1,20.0,0,0,0
779.00,0.0,0.0,12243,0.0,1,-13.6,0,0,18290.5,38.1590280,-122.4533520,6.1,20.0,0,0,0
779.10,0.0,0.0,12243,0.0,1,-13.6,0,0,18290.5,38.1590280,-122.4533520,6.1,20.0,0,0,0
779.20,0.0,0.0,12243,0.0,1,-13.6,0,0,18290.6,38.1590270,-122.4533520,6.1,20.0,0,0,0
779.30,0.0,0.0,12243,0.0,1,-13.6,0,0,18290.6,38.1590270,-122.4533520,6.1,20.0,0,0,0
779.40,0.0,0.0,12243,0.0,1,-13.6,0,0,18290.6,38.1590270,-122.4533520,6.1,20.0,0,0,0
779.50,0.0,0.0,12243,0.0,1,-13.6,0,0,18290.6,38.1590270,-122.4533520,6.1,20.0,0,0,0
779.60,0.0,0.0,12243,0.0,1,-13.6,0,0,18290.7,38.1590270,-122.4533510,6.1,20.0,0,0,0
779.70,0.0,0.0,12243,0.0,1,-13.6,0,0,18290.8,38.1590270,-122.4533520,6.1,20.0,0,0,0
779.80,0.0,0.0,12243,0.0,1,-13.6,0,0,18290.8,38.1590270,-122.4533520,6.0,19.7,0,0,0
779.90,0.0,0.0,12243,0.0,1,-13.6,0,0,18290.8,38.1590270,-122.4533520,6.0,19.7,0,0,0
780.00,0.0,0.0,12243,0.0,1,-13.6,0,0,18290.9,38.1590270,-122.4533530,6.0,19.7,0,0,0
780.10,0.0,0.0,12243,0.0,1,-13.6,0,0,18290.9,38.1590270,-122.4533530,6.0,19.7,0,0,0
780.20,0.0,0.0,12243,0.0,1,-13.6,0,0,18291.0,38.1590270,-122.4533540,6.0,19.7,0,0,0
780.30,0.0,0.0,12243,0.0,1,-13.6,0,0,18291.0,38.1590270,-122.4533540,6.0,19.7,0,0,0
780.40,0.0,0.0,12243,0.0,1,-13.6,0,0,18291.1,38.1590270,-122.4533550,6.0,19.7,0,0,0
780.50,0.0,0.0,12243,0.0,1,-13.6,0,0,18291.1,38.1590270,-122.4533550,6.0,19.7,0,0,0
780.60,0.0,0.0,12243,0.0,1,-13.6,0,0,18291.2,38.1590270,-122.4533560,6.0,19.7,0,0,0
780.70,0.0,0.0,12243,0.0,1,-13.6,0,0,18291.2,38.1590270,-122.4533570,6.0,19.7,0,0,0
780.80,0.0,0.0,12243,0.0,1,-13.6,0,0,18291.2,38.1590270,-122.4533570,6.0,19.7,0,0,0
780.90,0.0,0.0,12243,0.0,1,-13.6,0,0,18291.3,38.1590270,-122.4533580,6.0,19.7,0,0,0
781.00,0.0,0.0,12243,0.0,1,-13.6,0,0,18291.3,38.1590270,-122.4533580,6.0,19.7,0,0,0
781.10,0.0,0.0,12243,0.0,1,-13.6,0,0,18291.4,38.1590270,-122.4533590,6.0,19.7,0,0,0
781.20,0.0,0.0,12243,0.0,1,-13.6,0,0,18291.4,38.1590270,-122.4533590,6.0,19.7,0,0,0
781.30,0.0,0.0,12243,0.0,1,-13.6,0,0,18291.5,38.1590270,-122.4533600,6.0,19.7,0,0,0
781.40,0.0,0.0,12243,0.0,1,-13.6,0,0,18291.6,38.1590270,-122.4533610,6.0,19.7,0,0,0
781.50,0.0,0.0,12243,0.0,1,-13.6,0,0,18291.6,38.1590270,-122.4533610,6.0,19.7,0,0,0
781.60,0.0,0.0,12243,0.0,1,-13.6,0,0,18291.6,38.1590270,-122.4533610,6.0,19.7,0,0,0
781.70,0.0,0.0,12243,0.0,1,-13.6,0,0,18291.6,38.1590270,-122.4533610,6.0,19.7,0,0,0
781.80,0.0,0.0,12243,0.0,1,-13.6,0,0,18291.7,38.1590270,-122.4533620,5.9,19.4,0,0,0
781.90,0.0,0.0,12243,0.0,1,-13.6,0,0,18291.7,38.1590270,-122.4533620,5.9,19.4,0,0,0
782.00,0.0,0.0,12243,0.0,1,-13.6,0,0,18291.8,38.1590270,-122.4533610,5.9,19.4,0,0,0
782.10,0.0,0.0,12243,0.0,1,-13.6,0,0,18291.9,38.1590270,-122.4533600,5.9,19.4,0,0,0
782.20,0.0,0.0,12243,0.0,1,-13.6,0,0,18291.9,38.1590270,-122.4533610,5.9,19.4,0,0,0
782.30,0.0,0.0,12243,0.0,1,-13.6,0,0,18292.0,38.1590270,-122.4533600,5.9,19.4,0,0,0
782.40,0.0,0.0,12243,0.0,1,-13.6,0,0,18292.1,38.1590270,-122.4533610,5.9,19.4,0,0,0
782.50,0.0,0.0,12243,0.0,1,-13.6,0,0,18292.1,38.1590270,-122.4533610,5.9,19.4,0,0,0
782.60,0.0,0.0,12243,0.0,1,-13.6,0,0,18292.1,38.1590270,-122.4533610,5.9,19.4,0,0,0
782.70,0.0,0.0,12243,0.0,1,-13.6,0,0,18292.1,38.1590270,-122.4533610,5.9,19.4,0,0,0
782.80,0.0,0.0,12243,0.0,1,-13.6,0,0,18292.2,38.1590280,-122.4533610,5.8,19.0,0,0,0
782.90,0.0,0.0,12243,0.0,1,-13.6,0,0,18292.3,38.1590280,-122.4533620,5.8,19.0,0,0,0
783.00,0.0,0.0,12243,0.0,1,-13.6,0,0,18292.3,38.1590280,-122.4533620,5.8,19.0,0,0,0
783.10,0.0,0.0,12243,0.0,1,-13.6,0,0,18292.3,38.1590280,-122.4533620,5.8,19.0,0,0,0
783.20,0.0,0.0,12243,0.0,1,-13.6,0,0,18292.4,38.1590280,-122.4533630,5.8,19.0,0,0,0
783.30,0.0,0.0,12243,0.0,1,-13.6,0,0,18292.4,38.1590280,-122.4533630,5.8,19.0,0,0,0
783.40,0.0,0.0,12243,0.0,1,-13.6,0,0,18292.5,38.1590280,-122.4533620,5.8,19.0,0,0,0
783.50,0.0,0.0,12243,0.0,1,-13.6,0,0,18292.5,38.1590280,-122.4533620,5.8,19.0,0,0,0
783.60,0.0,0.0,12243,0.0,1,-13.6,0,0,18292.5,38.1590280,-122.4533620,5.8,19.0,0,0,0
783.70,0.0,0.0,12243,0.0,1,-13.6,0,0,18292.6,38.1590280,-122.4533630,5.8,19.0,0,0,0
783.80,0.0,0.0,12243,0.0,1,-13.6,0,0,18292.7,38.1590290,-122.4533630,5.8,19.0,0,0,0
783.90,0.0,0.0,12243,0.0,1,-13.6,0,0,18292.8,38.1590280,-122.4533620,5.8,19.0,0,0,0
784.00,0.0,0.0,12243,0.0,1,-13.6,0,0,18292.8,38.1590280,-122.4533620,5.8,19.0,0,0,0
784.10,0.0,0.0,12243,0.0,1,-13.6,0,0,18292.9,38.1590280,-122.4533610,5.8,19.0,0,0,0
784.20,0.0,0.0,12243,0.0,1,-13.6,0,0,18293.0,38.1590280,-122.4533620,5.8,19.0,0,0,0
784.30,0.0,0.0,12243,0.0,1,-13.6,0,0,18293.1,38.1590280,-122.4533630,5.8,19.0,0,0,0
784.40,0.0,0.0,12243,0.0,1,-13.6,0,0,18293.2,38.1590290,-122.4533630,5.8,19.0,0,0,0
784.50,0.0,0.0,12243,0.0,1,-13.6,0,0,18293.2,38.1590290,-122.4533630,5.8,19.0,0,0,0
784.60,0.0,0.0,12243,0.0,1,-13.6,0,0,18293.2,38.1590290,-122.4533630,5.8,19.0,0,0,0
784.70,0.0,0.0,12243,0.0,1,-13.6,0,0,18293.3,38.1590290,-122.4533640,5.8,19.0,0,0,0
784.80,0.0,0.0,12243,0.0,1,-13.6,0,0,18293.4,38.1590290,-122.4533650,5.7,18.7,0,0,0
784.90,0.0,0.0,12243,0.0,1,-13.6,0,0,18293.5,38.1590290,-122.4533640,5.7,18.7,0,0,0
785.00,0.0,0.0,12243,0.0,1,-13.6,0,0,18293.5,38.1590290,-122.4533640,5.7,18.7,0,0,0
785.10,0.0,0.0,12243,0.0,1,-13.6,0,0,18293.6,38.1590300,-122.4533640,5.7,18.7,0,0,0
785.20,0.0,0.0,12243,0.0,1,-13.6,0,0,18293.7,38.1590300,-122.4533650,5.7,18.7,0,0,0
785.30,0.0,0.0,12243,0.0,1,-13.6,0,0,18293.7,38.1590300,-122.4533650,5.7,18.7,0,0,0
785.40,0.0,0.0,12243,0.0,1,-13.6,0,0,18293.7,38.1590300,-122.4533650,5.7,18.7,0,0,0
785.50,0.0,0.0,12243,0.0,1,-13.6,0,0,18293.8,38.1590300,-122.4533640,5.7,18.7,0,0,0
785.60,0.0,0.0,12243,0.0,1,-13.5,0,0,18293.8,38.1590300,-122.4533630,5.7,18.7,0,0,0
785.70,0.0,0.0,12243,0.0,1,-13.6,0,0,18293.9,38.1590300,-122.4533640,5.7,18.7,0,0,0
785.80,0.0,0.0,12243,0.0,1,-13.6,0,0,18294.0,38.1590300,-122.4533650,5.7,18.7,0,0,0
785.90,0.0,0.0,12243,0.0,1,-13.5,0,0,18294.2,38.1590300,-122.4533670,5.7,18.7,0,0,0
786.00,0.0,0.0,12243,0.0,1,-13.6,0,0,18294.3,38.1590310,-122.4533670,5.7,18.7,0,0,0
786.10,0.0,0.0,12243,0.0,1,-13.6,0,0,18294.4,38.1590300,-122.4533680,5.7,18.7,0,0,0
786.20,0.0,0.0,12243,0.0,1,-13.6,0,0,18294.6,38.1590310,-122.4533690,5.7,18.7,0,0,0
786.30,0.0,0.0,12243,0.0,1,-13.6,0,0,18294.7,38.1590300,-122.4533700,5.7,18.7,0,0,0
786.40,0.0,0.0,12243,0.0,1,-13.6,0,0,18294.7,38.1590300,-122.4533700,5.7,18.7,0,0,0
786.50,0.0,0.0,12243,0.0,1,-13.5,0,0,18294.8,38.1590300,-122.4533690,5.7,18.7,0,0,0
786.60,0.0,0.0,12243,0.0,1,-13.5,0,0,18294.8,38.1590300,-122.4533690,5.7,18.7,0,0,0
786.70,0.0,0.0,12243,0.0,1,-13.6,0,0,18294.9,38.1590290,-122.4533690,5.7,18.7,0,0,0
786.80,0.0,0.0,12243,0.0,1,-13.6,0,0,18294.9,38.1590290,-122.4533690,5.6,18.4,0,0,0
786.90,0.0,0.0,12243,0.0,1,-13.5,0,0,18295.0,38.1590290,-122.4533700,5.6,18.4,0,0,0
787.00,0.0,0.0,12243,0.0,1,-13.5,0,0,18295.0,38.1590290,-122.4533700,5.6,18.4,0,0,0
787.10,0.0,0.0,12243,0.0,1,-13.6,0,0,18295.0,38.1590290,-122.4533700,5.6,18.4,0,0,0
787.20,0.0,0.0,12243,0.0,1,-13.5,0,0,18295.0,38.1590290,-122.4533700,5.6,18.4,0,0,0
787.30,0.0,0.0,12243,0.0,1,-13.5,0,0,18295.0,38.1590290,-122.4533700,5.6,18.4,0,0,0
787.40,0.0,0.0,12243,0.0,1,-13.5,0,0,18295.1,38.1590290,-122.4533710,5.6,18.4,0,0,0
787.50,0.0,0.0,12243,0.0,1,-13.5,0,0,18295.1,38.1590290,-122.4533710,5.6,18.4,0,0,0
787.60,0.0,0.0,12243,0.0,1,-13.5,0,0,18295.2,38.1590290,-122.4533720,5.6,18.4,0,0,0
787.70,0.0,0.0,12243,0.0,1,-13.5,0,0,18295.3,38.1590290,-122.4533730,5.6,18.4,0,0,0
787.80,0.0,0.0,12243,0.0,1,-13.6,0,0,18295.4,38.1590290,-122.4533740,5.7,18.7,0,0,0
787.90,0.0,0.0,12243,0.0,1,-13.6,0,0,18295.4,38.1590290,-122.4533740,5.7,18.7,0,0,0
788.00,0.0,0.0,12243,0.0,1,-13.5,0,0,18295.5,38.1590290,-122.4533750,5.7,18.7,0,0,0
788.10,0.0,0.0,12243,0.0,1,-13.5,0,0,18295.5,38.1590290,-122.4533750,5.7,18.7,0,0,0
788.20,0.0,0.0,12243,0.0,1,-13.5,0,0,18295.5,38.1590290,-122.4533750,5.7,18.7,0,0,0
788.30,0.0,0.0,12243,0.0,1,-13.5,0,0,18295.5,38.1590290,-122.4533760,5.7,18.7,0,0,0
788.40,0.0,0.0,12243,0.0,1,-13.5,0,0,18295.5,38.1590290,-122.4533760,5.7,18.7,0,0,0
788.50,0.0,0.0,12243,0.0,1,-13.6,0,0,18295.7,38.1590280,-122.4533770,5.7,18.7,0,0,0
788.60,0.0,0.0,12243,0.0,1,-13.6,0,0,18295.8,38.1590290,-122.4533770,5.7,18.7,0,0,0
788.70,0.0,0.0,12243,0.0,1,-13.5,0,0,18295.9,38.1590290,-122.4533780,5.7,18.7,0,0,0
788.80,0.0,0.0,12243,0.0,1,-13.6,0,0,18296.1,38.1590290,-122.4533800,5.8,19.0,0,0,0
788.90,0.0,0.0,12243,0.0,1,-13.5,0,0,18296.2,38.1590300,-122.4533810,5.8,19.0,0,0,0
789.00,0.0,0.0,12243,0.0,1,-13.6,0,0,18296.4,38.1590300,-122.4533830,5.8,19.0,0,0,0
789.10,0.0,0.0,12243,0.0,1,-13.6,0,0,18296.5,38.1590310,-122.4533840,5.8,19.0,0,0,0
789.20,0.0,0.0,12243,0.0,1,-13.6,0,0,18296.6,38.1590310,-122.4533850,5.8,19.0,0,0,0
789.30,0.0,0.0,12243,0.0,1,-13.6,0,0,18296.7,38.1590310,-122.4533860,5.8,19.0,0,0,0
789.40,0.0,0.0,12243,0.0,1,-13.6,0,0,18296.8,38.1590320,-122.4533860,5.8,19.0,0,0,0
789.50,0.0,0.0,12243,0.0,1,-13.6,0,0,18296.9,38.1590310,-122.4533850,5.8,19.0,0,0,0
789.60,0.0,0.0,12243,0.0,1,-13.6,0,0,18296.9,38.1590310,-122.4533850,5.8,19.0,0,0,0
789.70,0.0,0.0,12243,0.0,1,-13.6,0,0,18296.9,38.1590310,-122.4533850,5.8,19.0,0,0,0
789.80,0.0,0.0,12243,0.0,1,-13.6,0,0,18296.9,38.1590310,-122.4533850,5.9,19.4,0,0,0
789.90,0.0,0.0,12243,0.0,1,-13.6,0,0,18296.9,38.1590310,-122.4533850,5.9,19.4,0,0,0
790.00,0.0,0.0,12243,0.0,1,-13.6,0,0,18296.9,38.1590310,-122.4533850,5.9,19.4,0,0,0
790.10,0.0,0.0,12243,0.0,1,-13.6,0,0,18297.0,38.1590310,-122.4533840,5.9,19.4,0,0,0
790.20,0.0,0.0,12243,0.0,1,-13.6,0,0,18297.0,38.1590310,-122.4533840,5.9,19.4,0,0,0
790.30,0.0,0.0,12243,0.0,1,-13.6,0,0,18297.1,38.1590300,-122.4533840,5.9,19.4,0,0,0
790.40,0.0,0.0,12243,0.0,1,-13.6,0,0,18297.3,38.1590310,-122.4533840,5.9,19.4,0,0,0
790.50,0.0,0.0,12243,0.0,1,-13.6,0,0,18297.4,38.1590300,-122.4533840,5.9,19.4,0,0,0
790.60,0.0,0.0,12243,0.0,1,-13.6,0,0,18297.5,38.1590300,-122.4533850,5.9,19.4,0,0,0
790.70,0.0,0.0,12243,0.0,1,-13.6,0,0,18297.5,38.1590300,-122.4533850,5.9,19.4,0,0,0
790.80,0.0,0.0,12243,0.0,1,-13.6,0,0,18297.5,38.1590300,-122.4533850,5.8,19.0,0,0,0
790.90,0.0,0.0,12243,0.0,1,-13.6,0,0,18297.5,38.1590300,-122.4533840,5.8,19.0,0,0,0
791.00,0.0,0.0,12243,0.0,1,-13.6,0,0,18297.6,38.1590300,-122.4533850,5.8,19.0,0,0,0
791.10,0.0,0.0,12243,0.0,1,-13.6,0,0,18297.7,38.1590300,-122.4533840,5.8,19.0,0,0,0
791.20,0.0,0.0,12243,0.0,1,-13.6,0,0,18297.7,38.1590300,-122.4533840,5.8,19.0,0,0,0
791.30,0.0,0.0,12243,0.0,1,-13.6,0,0,18297.8,38.1590300,-122.4533830,5.8,19.0,0,0,0
791.40,0.0,0.0,12243,0.0,1,-13.6,0,0,18297.8,38.1590300,-122.4533830,5.8,19.0,0,0,0
791.50,0.0,0.0,12243,0.0,1,-13.6,0,0,18297.8,38.1590300,-122.4533830,5.8,19.0,0,0,0
791.60,0.0,0.0,12243,0.0,1,-13.6,0,0,18297.9,38.1590300,-122.4533820,5.8,19.0,0,0,0
791.70,0.0,0.0,12243,0.0,1,-13.6,0,0,18297.9,38.1590300,-122.4533820,5.8,19.0,0,0,0
791.80,0.0,0.0,12243,0.0,1,-13.6,0,0,18297.9,38.1590300,-122.4533820,5.9,19.4,0,0,0
791.90,0.0,0.0,12243,0.0,1,-13.6,0,0,18298.0,38.1590300,-122.4533810,5.9,19.4,0,0,0
792.00,0.0,0.0,12243,0.0,1,-13.6,0,0,18298.0,38.1590300,-122.4533810,5.9,19.4,0,0,0
792.10,0.0,0.0,12243,0.0,1,-13.6,0,0,18298.1,38.1590300,-122.4533800,5.9,19.4,0,0,0
792.20,0.0,0.0,12243,0.0,1,-13.6,0,0,18298.2,38.1590300,-122.4533790,5.9,19.4,0,0,0
792.30,0.0,0.0,12243,0.0,1,-13.6,0,0,18298.2,38.1590300,-122.4533790,5.9,19.4,0,0,0
792.40,0.0,0.0,12243,0.0,1,-13.6,0,0,18298.3,38.1590290,-122.4533780,5.9,19.4,0,0,0
792.50,0.0,0.0,12243,0.0,1,-13.6,0,0,18298.4,38.1590290,-122.4533770,5.9,19.4,0,0,0
792.60,0.0,0.0,12243,0.0,1,-13.6,0,0,18298.4,38.1590290,-122.4533770,5.9,19.4,0,0,0
792.70,0.0,0.0,12243,0.0,1,-13.6,0,0,18298.5,38.1590290,-122.4533760,5.9,19.4,0,0,0
792.80,0.0,0.0,12243,0.0,1,-13.6,0,0,18298.5,38.1590290,-122.4533760,5.5,18.0,0,0,0
792.90,0.0,0.0,12243,0.0,1,-13.6,0,0,18298.6,38.1590280,-122.4533750,5.5,18.0,0,0,0
793.00,0.0,0.0,12243,0.0,1,-13.6,0,0,18298.7,38.1590280,-122.4533740,5.5,18.0,0,0,0
793.10,0.0,0.0,12243,0.0,1,-13.6,0,0,18298.7,38.1590280,-122.4533740,5.5,18.0,0,0,0
793.20,0.0,0.0,12243,0.0,1,-13.6,0,0,18298.8,38.1590280,-122.4533730,5.5,18.0,0,0,0
793.30,0.0,0.0,12243,0.0,1,-13.6,0,0,18298.8,38.1590280,-122.4533730,5.5,18.0,0,0,0
793.40,0.0,0.0,12243,0.0,1,-13.6,0,0,18298.8,38.1590280,-122.4533730,5.5,18.0,0,0,0
793.50,0.0,0.0,12243,0.0,1,-13.6,0,0,18298.9,38.1590280,-122.4533720,5.5,18.0,0,0,0
793.60,0.0,0.0,12243,0.0,1,-13.6,0,0,18298.9,38.1590280,-122.4533720,5.5,18.0,0,0,0
793.70,0.0,0.0,12243,0.0,1,-13.6,0,0,18298.9,38.1590280,-122.4533720,5.5,18.0,0,0,0
793.80,0.0,0.0,12243,0.0,1,-13.6,0,0,18299.0,38.1590290,-122.4533720,5.4,17.7,0,0,0
793.90,0.0,0.0,12243,0.0,1,-13.6,0,0,18299.0,38.1590290,-122.4533720,5.4,17.7,0,0,0
794.00,0.0,0.0,12243,0.0,1,-13.6,0,0,18299.1,38.1590290,-122.4533710,5.4,17.7,0,0,0
794.10,0.0,0.0,12243,0.0,1,-13.6,0,0,18299.2,38.1590300,-122.4533710,5.4,17.7,0,0,0
794.20,0.0,0.0,12243,0.0,1,-13.6,0,0,18299.2,38.1590300,-122.4533710,5.4,17.7,0,0,0
794.30,0.0,0.0,12243,0.0,1,-13.6,0,0,18299.2,38.1590300,-122.4533710,5.4,17.7,0,0,0
794.40,0.0,0.0,12243,0.0,1,-13.6,0,0,18299.2,38.1590300,-122.4533710,5.4,17.7,0,0,0
794.50,0.0,0.0,12243,0.0,1,-13.6,0,0,18299.2,38.1590300,-122.4533710,5.4,17.7,0,0,0
794.60,0.0,0.0,12243,0.0,1,-13.6,0,0,18299.3,38.1590310,-122.4533710,5.4,17.7,0,0,0
794.70,0.0,0.0,12243,0.0,1,-13.6,0,0,18299.4,38.1590310,-122.4533700,5.4,17.7,0,0,0
794.80,0.0,0.0,12243,0.0,1,-13.6,0,0,18299.4,38.1590310,-122.4533700,5.5,18.0,0,0,0
794.90,0.0,0.0,12243,0.0,1,-13.6,0,0,18299.5,38.1590310,-122.4533690,5.5,18.0,0,0,0
795.00,0.0,0.0,12243,0.0,1,-13.6,0,0,18299.5,38.1590310,-122.4533690,5.5,18.0,0,0,0
795.10,0.0,0.0,12243,0.0,1,-13.6,0,0,18299.5,38.1590310,-122.4533690,5.5,18.0,0,0,0
795.20,0.0,0.0,12243,0.0,1,-13.6,0,0,18299.6,38.1590310,-122.4533680,5.5,18.0,0,0,0
795.30,0.0,0.0,12243,0.0,1,-13.6,0,0,18299.6,38.1590310,-122.4533680,5.5,18.0,0,0,0
795.40,0.0,0.0,12243,0.0,1,-13.6,0,0,18299.6,38.1590310,-122.4533670,5.5,18.0,0,0,0
795.50,0.0,0.0,12243,0.0,1,-13.6,0,0,18299.7,38.1590310,-122.4533660,5.5,18.0,0,0,0
795.60,0.0,0.0,12243,0.0,1,-13.6,0,0,18299.7,38.1590310,-122.4533660,5.5,18.0,0,0,0
795.70,0.0,0.0,12243,0.0,1,-13.6,0,0,18299.8,38.1590310,-122.4533650,5.5,18.0,0,0,0
795.80,0.0,0.0,12243,0.0,1,-13.6,0,0,18299.9,38.1590310,-122.4533640,5.3,17.4,0,0,0
795.90,0.0,0.0,12243,0.0,1,-13.6,0,0,18299.9,38.1590310,-122.4533640,5.3,17.4,0,0,0
796.00,0.0,0.0,12243,0.0,1,-13.6,0,0,18300.0,38.1590320,-122.4533640,5.3,17.4,0,0,0
796.10,0.0,0.0,12243,0.0,1,-13.6,0,0,18300.1,38.1590320,-122.4533630,5.3,17.4,0,0,0
796.20,0.0,0.0,12243,0.0,1,-13.6,0,0,18300.1,38.1590320,-122.4533630,5.3,17.4,0,0,0
796.30,0.0,0.0,12243,0.0,1,-13.6,0,0,18300.1,38.1590320,-122.4533630,5.3,17.4,0,0,0
796.40,0.0,0.0,12243,0.0,1,-13.6,0,0,18300.2,38.1590320,-122.4533620,5.3,17.4,0,0,0
796.50,0.0,0.0,12243,0.0,1,-13.6,0,0,18300.2,38.1590320,-122.4533620,5.3,17.4,0,0,0
796.60,0.0,0.0,12243,0.0,1,-13.6,0,0,18300.3,38.1590330,-122.4533620,5.3,17.4,0,0,0
796.70,0.0,0.0,12243,0.0,1,-13.6,0,0,18300.4,38.1590330,-122.4533610,5.3,17.4,0,0,0
796.80,0.0,0.0,12243,0.0,1,-13.6,0,0,18300.4,38.1590330,-122.4533610,5.3,17.4,0,0,0
796.90,0.0,0.0,12243,0.0,1,-13.6,0,0,18300.4,38.1590330,-122.4533610,5.3,17.4,0,0,0
797.00,0.0,0.0,12243,0.0,1,-13.6,0,0,18300.4,38.1590330,-122.4533610,5.3,17.4,0,0,0
797.10,0.0,0.0,12243,0.0,1,-13.6,0,0,18300.5,38.1590330,-122.4533600,5.3,17.4,0,0,0
797.20,0.0,0.0,12243,0.0,1,-13.6,0,0,18300.5,38.1590330,-122.4533600,5.3,17.4,0,0,0
797.30,0.0,0.0,12243,0.0,1,-13.6,0,0,18300.5,38.1590330,-122.4533600,5.3,17.4,0,0,0
797.40,0.0,0.0,12243,0.0,1,-13.6,0,0,18300.5,38.1590330,-122.4533600,5.3,17.4,0,0,0
797.50,0.0,0.0,12243,0.0,1,-13.6,0,0,18300.5,38.1590330,-122.4533600,5.3,17.4,0,0,0
797.60,0.0,0.0,12243,0.0,1,-13.6,0,0,18300.5,38.1590330,-122.4533600,5.3,17.4,0,0,0
797.70,0.0,0.0,12243,0.0,1,-13.6,0,0,18300.6,38.1590340,-122.4533590,5.3,17.4,0,0,0
797.80,0.0,0.0,12243,0.0,1,-13.6,0,0,18300.6,38.1590340,-122.4533590,5.2,17.1,0,0,0
797.90,0.0,0.0,12243,0.0,1,-13.6,0,0,18300.7,38.1590340,-122.4533580,5.2,17.1,0,0,0
798.00,0.0,0.0,12243,0.0,1,-13.6,0,0,18300.7,38.1590340,-122.4533580,5.2,17.1,0,0,0
798.10,0.0,0.0,12243,0.0,1,-13.6,0,0,18300.7,38.1590340,-122.4533580,5.2,17.1,0,0,0
798.20,0.0,0.0,12243,0.0,1,-13.6,0,0,18300.8,38.1590340,-122.4533570,5.2,17.1,0,0,0
798.30,0.0,0.0,12243,0.0,1,-13.6,0,0,18300.8,38.1590340,-122.4533570,5.2,17.1,0,0,0
798.40,0.0,0.0,12243,0.0,1,-13.6,0,0,18300.9,38.1590340,-122.4533560,5.2,17.1,0,0,0
798.50,0.0,0.0,12243,0.0,1,-13.6,0,0,18300.9,38.1590340,-122.4533560,5.2,17.1,0,0,0
798.60,0.0,0.0,12243,0.0,1,-13.6,0,0,18300.9,38.1590340,-122.4533560,5.2,17.1,0,0,0
798.70,0.0,0.0,12243,0.0,1,-13.6,0,0,18300.9,38.1590340,-122.4533560,5.2,17.1,0,0,0
798.80,0.0,0.0,12243,0.0,1,-13.6,0,0,18300.9,38.1590340,-122.4533560,5.0,16.4,0,0,0
798.90,0.0,0.0,12243,0.0,1,-13.6,0,0,18301.0,38.1590350,-122.4533550,5.0,16.4,0,0,0
799.00,0.0,0.0,12243,0.0,1,-13.6,0,0,18301.0,38.1590350,-122.4533550,5.0,16.4,0,0,0
799.10,0.0,0.0,12243,0.0,1,-13.6,0,0,18301.1,38.1590350,-122.4533540,5.0,16.4,0,0,0
799.20,0.0,0.0,12243,0.0,1,-13.6,0,0,18301.2,38.1590340,-122.4533540,5.0,16.4,0,0,0
799.30,0.0,0.0,12243,0.0,1,-13.6,0,0,18301.3,38.1590350,-122.4533540,5.0,16.4,0,0,0
799.40,0.0,0.0,12243,0.0,1,-13.6,0,0,18301.3,38.1590350,-122.4533540,5.0,16.4,0,0,0
799.50,0.0,0.0,12243,0.0,1,-13.6,0,0,18301.4,38.1590340,-122.4533540,5.0,16.4,0,0,0
799.60,0.0,0.0,12243,0.0,1,-13.6,0,0,18301.5,38.1590340,-122.4533530,5.0,16.4,0,0,0
799.70,0.0,0.0,12243,0.0,1,-13.6,0,0,18301.5,38.1590340,-122.4533530,5.0,16.4,0,0,0
799.80,0.0,0.0,12243,0.0,1,-13.6,0,0,18301.5,38.1590340,-122.4533530,4.9,16.1,0,0,0
799.90,0.0,0.0,12243,0.0,1,-13.6,0,0,18301.5,38.1590340,-122.4533530,4.9,16.1,0,0,0
800.00,0.0,0.0,12243,0.0,1,-13.6,0,0,18301.6,38.1590350,-122.4533530,4.9,16.1,0,0,0
800.10,0.0,0.0,12243,0.0,1,-13.6,0,0,18301.7,38.1590350,-122.4533520,4.9,16.1,0,0,0
800.20,0.0,0.0,12243,0.0,1,-13.6,0,0,18301.7,38.1590350,-122.4533520,4.9,16.1,0,0,0
800.30,0.0,0.0,12243,0.0,1,-13.6,0,0,18301.7,38.1590350,-122.4533520,4.9,16.1,0,0,0
800.40,0.0,0.0,12243,0.0,1,-13.6,0,0,18301.8,38.1590350,-122.4533510,4.9,16.1,0,0,0
800.50,0.0,0.0,12243,0.0,1,-13.6,0,0,18301.8,38.1590350,-122.4533510,4.9,16.1,0,0,0
800.60,0.0,0.0,12243,0.0,1,-13.6,0,0,18301.8,38.1590350,-122.4533510,4.9,16.1,0,0,0
800.70,0.0,0.0,12243,0.0,1,-13.6,0,0,18301.9,38.1590360,-122.4533510,4.9,16.1,0,0,0
800.80,0.0,0.0,12243,0.0,1,-13.6,0,0,18302.0,38.1590360,-122.4533500,4.8,15.7,0,0,0
800.90,0.0,0.0,12243,0.0,1,-13.6,0,0,18302.0,38.1590360,-122.4533500,4.8,15.7,0,0,0
801.00,0.0,0.0,12243,0.0,1,-13.6,0,0,18302.1,38.1590360,-122.4533490,4.8,15.7,0,0,0
801.10,0.0,0.0,12243,0.0,1,-13.6,0,0,18302.1,38.1590360,-122.4533490,4.8,15.7,0,0,0
801.20,0.0,0.0,12243,0.0,1,-13.6,0,0,18302.1,38.1590360,-122.4533490,4.8,15.7,0,0,0
801.30,0.0,0.0,12243,0.0,1,-13.6,0,0,18302.2,38.1590360,-122.4533480,4.8,15.7,0,0,0
801.40,0.0,0.0,12243,0.0,1,-13.6,0,0,18302.2,38.1590360,-122.4533480,4.8,15.7,0,0,0
801.50,0.0,0.0,12243,0.0,1,-13.6,0,0,18302.2,38.1590360,-122.4533480,4.8,15.7,0,0,0
801.60,0.0,0.0,12243,0.0,1,-13.6,0,0,18302.3,38.1590360,-122.4533470,4.8,15.7,0,0,0
801.70,0.0,0.0,12243,0.0,1,-13.6,0,0,18302.3,38.1590360,-122.4533470,4.8,15.7,0,0,0
801.80,0.0,0.0,12243,0.0,1,-13.6,0,0,18302.3,38.1590360,-122.4533470,4.7,15.4,0,0,0
801.90,0.0,0.0,12243,0.0,1,-13.6,0,0,18302.4,38.1590360,-122.4533460,4.7,15.4,0,0,0
802.00,0.0,0.0,12243,0.0,1,-13.6,0,0,18302.4,38.1590360,-122.4533460,4.7,15.4,0,0,0
802.10,0.0,0.0,12243,0.0,1,-13.6,0,0,18302.4,38.1590360,-122.4533460,4.7,15.4,0,0,0
802.20,0.0,0.0,12243,0.0,1,-13.6,0,0,18302.5,38.1590360,-122.4533450,4.7,15.4,0,0,0
802.30,0.0,0.0,12243,0.0,1,-13.6,0,0,18302.5,38.1590360,-122.4533450,4.7,15.4,0,0,0
802.40,0.0,0.0,12243,0.0,1,-13.6,0,0,18302.5,38.1590360,-122.4533450,4.7,15.4,0,0,0
802.50,0.0,0.0,12243,0.0,1,-13.6,0,0,18302.5,38.1590360,-122.4533450,4.7,15.4,0,0,0
802.60,0.0,0.0,12243,0.0,1,-13.6,0,0,18302.5,38.1590360,-122.4533440,4.7,15.4,0,0,0
802.70,0.0,0.0,12243,0.0,1,-13.6,0,0,18302.5,38.1590360,-122.4533440,4.7,15.4,0,0,0
802.80,0.0,0.0,12243,0.0,1,-13.6,0,0,18302.5,38.1590360,-122.4533440,4.5,14.8,0,0,0
802.90,0.0,0.0,12243,0.0,1,-13.6,0,0,18302.5,38.1590360,-122.4533440,4.5,14.8,0,0,0
803.00,0.0,0.0,12243,0.0,1,-13.6,0,0,18302.5,38.1590360,-122.4533440,4.5,14.8,0,0,0
803.10,0.0,0.0,12243,0.0,1,-13.6,0,0,18302.6,38.1590360,-122.4533430,4.5,14.8,0,0,0
803.20,0.0,0.0,12243,0.0,1,-13.6,0,0,18302.6,38.1590360,-122.4533430,4.5,14.8,0,0,0
803.30,0.0,0.0,12243,0.0,1,-13.6,0,0,18302.6,38.1590360,-122.4533430,4.5,14.8,0,0,0
803.40,0.0,0.0,12243,0.0,1,-13.6,0,0,18302.6,38.1590360,-122.4533430,4.5,14.8,0,0,0
803.50,0.0,0.0,12243,0.0,1,-13.6,0,0,18302.6,38.1590360,-122.4533430,4.5,14.8,0,0,0
803.60,0.0,0.0,12243,0.0,1,-13.6,0,0,18302.7,38.1590360,-122.4533420,4.5,14.8,0,0,0
803.70,0.0,0.0,12243,0.0,1,-13.6,0,0,18302.8,38.1590350,-122.4533420,4.5,14.8,0,0,0
803.80,0.0,0.0,12243,0.0,1,-13.6,0,0,18302.8,38.1590350,-122.4533420,4.2,13.8,0,0,0
803.90,0.0,0.0,12243,0.0,1,-13.6,0,0,18302.8,38.1590350,-122.4533420,4.2,13.8,0,0,0
804.00,0.0,0.0,12243,0.0,1,-13.6,0,0,18302.8,38.1590350,-122.4533420,4.2,13.8,0,0,0
804.10,0.0,0.0,12243,0.0,1,-13.6,0,0,18302.9,38.1590350,-122.4533410,4.2,13.8,0,0,0
804.20,0.0,0.0,12243,0.0,1,-13.6,0,0,18302.9,38.1590350,-122.4533410,4.2,13.8,0,0,0
804.30,0.0,0.0,12243,0.0,1,-13.6,0,0,18302.9,38.1590350,-122.4533410,4.2,13.8,0,0,0
804.40,0.0,0.0,12243,0.0,1,-13.6,0,0,18302.9,38.1590350,-122.4533410,4.2,13.8,0,0,0
804.50,0.0,0.0,12243,0.0,1,-13.6,0,0,18303.1,38.1590340,-122.4533400,4.2,13.8,0,0,0
804.60,0.0,0.0,12243,0.0,1,-13.6,0,0,18303.1,38.1590340,-122.4533400,4.2,13.8,0,0,0
804.70,0.0,0.0,12243,0.0,1,-13.6,0,0,18303.1,38.1590340,-122.4533400,4.2,13.8,0,0,0
804.80,0.0,0.0,12243,0.0,1,-13.6,0,0,18303.1,38.1590340,-122.4533400,3.8,12.5,0,0,0
804.90,0.0,0.0,12243,0.0,1,-13.6,0,0,18303.1,38.1590340,-122.4533400,3.8,12.5,0,0,0
805.00,0.0,0.0,12243,0.0,1,-13.6,0,0,18303.1,38.1590340,-122.4533390,3.8,12.5,0,0,0
805.10,0.0,0.0,12243,0.0,1,-13.6,0,0,18303.1,38.1590340,-122.4533390,3.8,12.5,0,0,0
805.20,0.0,0.0,12243,0.0,1,-13.6,0,0,18303.1,38.1590340,-122.4533390,3.8,12.5,0,0,0
805.30,0.0,0.0,12243,0.0,1,-13.6,0,0,18303.1,38.1590340,-122.4533390,3.8,12.5,0,0,0
805.40,0.0,0.0,12243,0.0,1,-13.6,0,0,18303.2,38.1590340,-122.4533380,3.8,12.5,0,0,0
805.50,0.0,0.0,12243,0.0,1,-13.6,0,0,18303.2,38.1590340,-122.4533380,3.8,12.5,0,0,0
805.60,0.0,0.0,12243,0.0,1,-13.6,0,0,18303.2,38.1590340,-122.4533380,3.8,12.5,0,0,0
805.70,0.0,0.0,12243,0.0,1,-13.6,0,0,18303.4,38.1590330,-122.4533370,3.8,12.5,0,0,0
805.80,0.0,0.0,12243,0.0,1,-13.6,0,0,18303.5,38.1590340,-122.4533370,3.6,11.8,0,0,0
805.90,0.0,0.0,12243,0.0,1,-13.6,0,0,18303.6,38.1590330,-122.4533370,3.6,11.8,0,0,0
806.00,0.0,0.0,12243,0.0,1,-13.6,0,0,18303.7,38.1590330,-122.4533360,3.6,11.8,0,0,0
806.10,0.0,0.0,12243,0.0,1,-13.6,0,0,18303.7,38.1590330,-122.4533360,3.6,11.8,0,0,0
806.20,0.0,0.0,12243,0.0,1,-13.6,0,0,18303.7,38.1590330,-122.4533360,3.6,11.8,0,0,0
806.30,0.0,0.0,12243,0.0,1,-13.6,0,0,18303.8,38.1590340,-122.4533350,3.6,11.8,0,0,0
806.40,0.0,0.0,12243,0.0,1,-13.6,0,0,18303.9,38.1590330,-122.4533350,3.6,11.8,0,0,0
806.50,0.0,0.0,12243,0.0,1,-13.6,0,0,18304.0,38.1590330,-122.4533340,3.6,11.8,0,0,0
806.60,0.0,0.0,12243,0.0,1,-13.6,0,0,18304.0,38.1590330,-122.4533340,3.6,11.8,0,0,0
806.70,0.0,0.0,12243,0.0,1,-13.6,0,0,18304.1,38.1590330,-122.4533330,3.6,11.8,0,0,0
806.80,0.0,0.0,12243,0.0,1,-13.6,0,0,18304.1,38.1590330,-122.4533330,3.4,11.2,0,0,0
806.90,0.0,0.0,12243,0.0,1,-13.6,0,0,18304.2,38.1590330,-122.4533320,3.4,11.2,0,0,0
807.00,0.0,0.0,12243,0.0,1,-13.6,0,0,18304.2,38.1590330,-122.4533320,3.4,11.2,0,0,0
807.10,0.0,0.0,12243,0.0,1,-13.6,0,0,18304.3,38.1590330,-122.4533310,3.4,11.2,0,0,0
807.20,0.0,0.0,12243,0.0,1,-13.6,0,0,18304.3,38.1590330,-122.4533310,3.4,11.2,0,0,0
807.30,0.0,0.0,12243,0.0,1,-13.6,0,0,18304.3,38.1590330,-122.4533310,3.4,11.2,0,0,0
807.40,0.0,0.0,12243,0.0,1,-13.6,0,0,18304.3,38.1590330,-122.4533310,3.4,11.2,0,0,0
807.50,0.0,0.0,12243,0.0,1,-13.6,0,0,18304.4,38.1590320,-122.4533300,3.4,11.2,0,0,0
807.60,0.0,0.0,12243,0.0,1,-13.6,0,0,18304.4,38.1590320,-122.4533300,3.4,11.2,0,0,0
807.70,0.0,0.0,12243,0.0,1,-13.6,0,0,18304.4,38.1590320,-122.4533300,3.4,11.2,0,0,0
807.80,0.0,0.0,12243,0.0,1,-13.6,0,0,18304.5,38.1590320,-122.4533290,3.2,10.5,0,0,0
807.90,0.0,0.0,12243,0.0,1,-13.6,0,0,18304.5,38.1590320,-122.4533290,3.2,10.5,0,0,0
808.00,0.0,0.0,12243,0.0,1,-13.6,0,0,18304.5,38.1590320,-122.4533290,3.2,10.5,0,0,0
808.10,0.0,0.0,12243,0.0,1,-13.6,0,0,18304.6,38.1590320,-122.4533280,3.2,10.5,0,0,0
808.20,0.0,0.0,12243,0.0,1,-13.6,0,0,18304.6,38.1590320,-122.4533280,3.2,10.5,0,0,0
808.30,0.0,0.0,12243,0.0,1,-13.6,0,0,18304.6,38.1590320,-122.4533280,3.2,10.5,0,0,0
808.40,0.0,0.0,12243,0.0,1,-13.6,0,0,18304.6,38.1590320,-122.4533280,3.2,10.5,0,0,0
808.50,0.0,0.0,12243,0.0,1,-13.6,0,0,18304.6,38.1590320,-122.4533280,3.2,10.5,0,0,0
808.60,0.0,0.0,12243,0.0,1,-13.6,0,0,18304.6,38.1590320,-122.4533280,3.2,10.5,0,0,0
808.70,0.0,0.0,12243,0.0,1,-13.6,0,0,18304.6,38.1590320,-122.4533280,3.2,10.5,0,0,0
808.80,0.0,0.0,12243,0.0,1,-13.6,0,0,18304.6,38.1590320,-122.4533280,3.0,9.8,0,0,0
808.90,0.0,0.0,12243,0.0,1,-13.6,0,0,18304.7,38.1590320,-122.4533270,3.0,9.8,0,0,0
809.00,0.0,0.0,12243,0.0,1,-13.6,0,0,18304.7,38.1590320,-122.4533270,3.0,9.8,0,0,0
809.10,0.0,0.0,12243,0.0,1,-13.6,0,0,18304.7,38.1590320,-122.4533270,3.0,9.8,0,0,0
809.20,0.0,0.0,12243,0.0,1,-13.6,0,0,18304.7,38.1590320,-122.4533270,3.0,9.8,0,0,0
809.30,0.0,0.0,12243,0.0,1,-13.6,0,0,18304.7,38.1590320,-122.4533270,3.0,9.8,0,0,0
809.40,0.0,0.0,12243,0.0,1,-13.6,0,0,18304.7,38.1590320,-122.4533270,3.0,9.8,0,0,0
809.50,0.0,0.0,12243,0.0,1,-13.6,0,0,18304.8,38.1590320,-122.4533260,3.0,9.8,0,0,0
809.60,0.0,0.0,12243,0.0,1,-13.6,0,0,18304.8,38.1590320,-122.4533260,3.0,9.8,0,0,0
809.70,0.0,0.0,12243,0.0,1,-13.6,0,0,18304.8,38.1590320,-122.4533260,3.0,9.8,0,0,0
809.80,0.0,0.0,12243,0.0,1,-13.6,0,0,18304.8,38.1590320,-122.4533260,2.8,9.2,0,0,0
809.90,0.0,0.0,12243,0.0,1,-13.6,0,0,18304.8,38.1590320,-122.4533260,2.8,9.2,0,0,0
810.00,0.0,0.0,12243,0.0,1,-13.6,0,0,18304.9,38.1590320,-122.4533250,2.8,9.2,0,0,0
810.10,0.0,0.0,12243,0.0,1,-13.6,0,0,18304.9,38.1590320,-122.4533250,2.8,9.2,0,0,0
810.20,0.0,0.0,12243,0.0,1,-13.6,0,0,18305.0,38.1590310,-122.4533250,2.8,9.2,0,0,0
810.30,0.0,0.0,12243,0.0,1,-13.6,0,0,18305.0,38.1590310,-122.4533250,2.8,9.2,0,0,0
810.40,0.0,0.0,12243,0.0,1,-13.6,0,0,18305.0,38.1590310,-122.4533250,2.8,9.2,0,0,0
810.50,0.0,0.0,12243,0.0,1,-13.6,0,0,18305.1,38.1590310,-122.4533240,2.8,9.2,0,0,0
810.60,0.0,0.0,12243,0.0,1,-13.6,0,0,18305.1,38.1590310,-122.4533240,2.8,9.2,0,0,0
810.70,0.0,0.0,12243,0.0,1,-13.6,0,0,18305.1,38.1590310,-122.4533240,2.8,9.2,0,0,0
810.80,0.0,0.0,12243,0.0,1,-13.6,0,0,18305.1,38.1590310,-122.4533240,2.5,8.2,0,0,0
810.90,0.0,0.0,12243,0.0,1,-13.6,0,0,18305.1,38.1590310,-122.4533230,2.5,8.2,0,0,0
811.00,0.0,0.0,12243,0.0,1,-13.6,0,0,18305.3,38.1590300,-122.4533230,2.5,8.2,0,0,0
811.10,0.0,0.0,12243,0.0,1,-13.6,0,0,18305.3,38.1590300,-122.4533230,2.5,8.2,0,0,0
811.20,0.0,0.0,12243,0.0,1,-13.6,0,0,18305.3,38.1590300,-122.4533220,2.5,8.2,0,0,0
811.30,0.0,0.0,12243,0.0,1,-13.6,0,0,18305.3,38.1590300,-122.4533220,2.5,8.2,0,0,0
811.40,0.0,0.0,12243,0.0,1,-13.6,0,0,18305.3,38.1590300,-122.4533220,2.5,8.2,0,0,0
811.50,0.0,0.0,12243,0.0,1,-13.6,0,0,18305.5,38.1590290,-122.4533210,2.5,8.2,0,0,0
811.60,0.0,0.0,12243,0.0,1,-13.6,0,0,18305.5,38.1590290,-122.4533210,2.5,8.2,0,0,0
811.70,0.0,0.0,12243,0.0,1,-13.6,0,0,18305.6,38.1590290,-122.4533200,2.5,8.2,0,0,0
811.80,0.0,0.0,12243,0.0,1,-13.6,0,0,18305.7,38.1590280,-122.4533200,2.1,6.9,0,0,0
811.90,0.0,0.0,12243,0.0,1,-13.6,0,0,18305.7,38.1590280,-122.4533200,2.1,6.9,0,0,0
812.00,0.0,0.0,12243,0.0,1,-13.6,0,0,18305.8,38.1590280,-122.4533190,2.1,6.9,0,0,0
812.10,0.0,0.0,12243,0.0,1,-13.6,0,0,18305.8,38.1590280,-122.4533190,2.1,6.9,0,0,0
812.20,0.0,0.0,12243,0.0,1,-13.6,0,0,18305.9,38.1590270,-122.4533180,2.1,6.9,0,0,0
812.30,0.0,0.0,12243,0.0,1,-13.6,0,0,18305.9,38.1590270,-122.4533180,2.1,6.9,0,0,0
812.40,0.0,0.0,12243,0.0,1,-13.6,0,0,18305.9,38.1590270,-122.4533180,2.1,6.9,0,0,0
812.50,0.0,0.0,12243,0.0,1,-13.6,0,0,18306.0,38.1590270,-122.4533170,2.1,6.9,0,0,0
812.60,0.0,0.0,12243,0.0,1,-13.6,0,0,18306.0,38.1590270,-122.4533170,2.1,6.9,0,0,0
812.70,0.0,0.0,12243,0.0,1,-13.6,0,0,18306.0,38.1590270,-122.4533170,2.1,6.9,0,0,0
812.80,0.0,0.0,12243,0.0,1,-13.6,0,0,18306.1,38.1590270,-122.4533160,1.8,5.9,0,0,0
812.90,0.0,0.0,12243,0.0,1,-13.6,0,0,18306.2,38.1590260,-122.4533160,1.8,5.9,0,0,0
813.00,0.0,0.0,12243,0.0,1,-13.6,0,0,18306.2,38.1590260,-122.4533160,1.8,5.9,0,0,0
813.10,0.0,0.0,12243,0.0,1,-13.6,0,0,18306.2,38.1590260,-122.4533160,1.8,5.9,0,0,0
813.20,0.0,0.0,12243,0.0,1,-13.6,0,0,18306.3,38.1590260,-122.4533150,1.8,5.9,0,0,0
813.30,0.0,0.0,12243,0.0,1,-13.6,0,0,18306.3,38.1590260,-122.4533150,1.8,5.9,0,0,0
813.40,0.0,0.0,12243,0.0,1,-13.6,0,0,18306.3,38.1590260,-122.4533150,1.8,5.9,0,0,0
813.50,0.0,0.0,12243,0.0,1,-13.6,0,0,18306.4,38.1590260,-122.4533140,1.8,5.9,0,0,0
813.60,0.0,0.0,12243,0.0,1,-13.6,0,0,18306.4,38.1590260,-122.4533140,1.8,5.9,0,0,0
813.70,0.0,0.0,12243,0.0,1,-13.6,0,0,18306.5,38.1590250,-122.4533140,1.8,5.9,0,0,0
813.80,0.0,0.0,12243,0.0,1,-13.6,0,0,18306.6,38.1590260,-122.4533130,1.6,5.2,0,0,0
813.90,0.0,0.0,12243,0.0,1,-13.6,0,0,18306.7,38.1590250,-122.4533130,1.6,5.2,0,0,0
814.00,0.0,0.0,12243,0.0,1,-13.6,0,0,18306.7,38.1590250,-122.4533130,1.6,5.2,0,0,0
814.10,0.0,0.0,12243,0.0,1,-13.6,0,0,18306.7,38.1590250,-122.4533130,1.6,5.2,0,0,0
814.20,0.0,0.0,12243,0.0,1,-13.6,0,0,18306.8,38.1590250,-122.4533120,1.6,5.2,0,0,0
814.30,0.0,0.0,12243,0.0,1,-13.6,0,0,18306.8,38.1590250,-122.4533120,1.6,5.2,0,0,0
814.40,0.0,0.0,12243,0.0,1,-13.6,0,0,18306.9,38.1590240,-122.4533120,1.6,5.2,0,0,0
814.50,0.0,0.0,12243,0.0,1,-13.6,0,0,18306.9,38.1590240,-122.4533120,1.6,5.2,0,0,0
814.60,0.0,0.0,12243,0.0,1,-13.7,0,0,18307.0,38.1590240,-122.4533110,1.6,5.2,0,0,0
814.70,0.0,0.0,12243,0.0,1,-13.6,0,0,18307.0,38.1590240,-122.4533110,1.6,5.2,0,0,0
814.80,0.0,0.0,12243,0.0,1,-13.7,0,0,18307.0,38.1590240,-122.4533110,1.3,4.3,0,0,0
814.90,0.0,0.0,12243,0.0,1,-13.6,0,0,18307.0,38.1590240,-122.4533110,1.3,4.3,0,0,0
815.00,0.0,0.0,12243,0.0,1,-13.7,0,0,18307.0,38.1590240,-122.4533110,1.3,4.3,0,0,0
815.10,0.0,0.0,12243,0.0,1,-13.6,0,0,18307.0,38.1590240,-122.4533110,1.3,4.3,0,0,0
815.20,0.0,0.0,12243,0.0,1,-13.7,0,0,18307.1,38.1590240,-122.4533100,1.3,4.3,0,0,0
815.30,0.0,0.0,12243,0.0,1,-13.6,0,0,18307.1,38.1590240,-122.4533100,1.3,4.3,0,0,0
815.40,0.0,0.0,12243,0.0,1,-13.6,0,0,18307.2,38.1590230,-122.4533100,1.3,4.3,0,0,0
815.50,0.0,0.0,12243,0.0,1,-13.6,0,0,18307.2,38.1590230,-122.4533100,1.3,4.3,0,0,0
815.60,0.0,0.0,12243,0.0,1,-13.7,0,0,18307.3,38.1590230,-122.4533090,1.3,4.3,0,0,0
815.70,0.0,0.0,12243,0.0,1,-13.6,0,0,18307.3,38.1590230,-122.4533090,1.3,4.3,0,0,0
815.80,0.0,0.0,12243,0.0,1,-13.6,0,0,18307.3,38.1590230,-122.4533090,1.0,3.3,0,0,0
815.90,0.0,0.0,12243,0.0,1,-13.6,0,0,18307.4,38.1590230,-122.4533080,1.0,3.3,0,0,0
816.00,0.0,0.0,12243,0.0,1,-13.7,0,0,18307.4,38.1590230,-122.4533080,1.0,3.3,0,0,0
816.10,0.0,0.0,12243,0.0,1,-13.6,0,0,18307.4,38.1590230,-122.4533080,1.0,3.3,0,0,0
816.20,0.0,0.0,12243,0.0,1,-13.6,0,0,18307.4,38.1590230,-122.4533080,1.0,3.3,0,0,0
816.30,0.0,0.0,12243,0.0,1,-13.6,0,0,18307.4,38.1590230,-122.4533080,1.0,3.3,0,0,0
816.40,0.0,0.0,12243,0.0,1,-13.6,0,0,18307.4,38.1590230,-122.4533080,1.0,3.3,0,0,0
816.50,0.0,0.0,12243,0.0,1,-13.6,0,0,18307.4,38.1590230,-122.4533080,1.0,3.3,0,0,0
816.60,0.0,0.0,12243,0.0,1,-13.6,0,0,18307.5,38.1590230,-122.4533070,1.0,3.3,0,0,0
816.70,0.0,0.0,12243,0.0,1,-13.6,0,0,18307.5,38.1590230,-122.4533070,1.0,3.3,0,0,0
816.80,0.0,0.0,12243,0.0,1,-13.7,0,0,18307.5,38.1590230,-122.4533070,0.9,3.0,0,0,0
816.90,0.0,0.0,12243,0.0,1,-13.7,0,0,18307.6,38.1590220,-122.4533070,0.9,3.0,0,0,0
817.00,0.0,0.0,12243,0.0,1,-13.7,0,0,18307.6,38.1590220,-122.4533070,0.9,3.0,0,0,0
817.10,0.0,0.0,12243,0.0,1,-13.7,0,0,18307.7,38.1590220,-122.4533060,0.9,3.0,0,0,0
817.20,0.0,0.0,12243,0.0,1,-13.6,0,0,18307.7,38.1590220,-122.4533060,0.9,3.0,0,0,0
817.30,0.0,0.0,12243,0.0,1,-13.7,0,0,18307.8,38.1590220,-122.4533050,0.9,3.0,0,0,0
817.40,0.0,0.0,12243,0.0,1,-13.6,0,0,18307.9,38.1590210,-122.4533050,0.9,3.0,0,0,0
817.50,0.0,0.0,12243,0.0,1,-13.7,0,0,18307.9,38.1590210,-122.4533050,0.9,3.0,0,0,0
817.60,0.0,0.0,12243,0.0,1,-13.6,0,0,18308.0,38.1590220,-122.4533050,0.9,3.0,0,0,0
817.70,0.0,0.0,12243,0.0,1,-13.7,0,0,18308.1,38.1590220,-122.4533040,0.9,3.0,0,0,0
817.80,0.0,0.0,12243,0.0,1,-13.7,0,0,18308.1,38.1590220,-122.4533040,0.7,2.3,0,0,0
817.90,0.0,0.0,12243,0.0,1,-13.7,0,0,18308.1,38.1590220,-122.4533040,0.7,2.3,0,0,0
818.00,0.0,0.0,12243,0.0,1,-13.7,0,0,18308.1,38.1590220,-122.4533040,0.7,2.3,0,0,0
818.10,0.0,0.0,12243,0.0,1,-13.7,0,0,18308.1,38.1590220,-122.4533040,0.7,2.3,0,0,0
818.20,0.0,0.0,12243,0.0,1,-13.7,0,0,18308.2,38.1590220,-122.4533030,0.7,2.3,0,0,0
818.30,0.0,0.0,12243,0.0,1,-13.7,0,0,18308.2,38.1590220,-122.4533030,0.7,2.3,0,0,0
818.40,0.0,0.0,12243,0.0,1,-13.7,0,0,18308.2,38.1590220,-122.4533030,0.7,2.3,0,0,0
818.50,0.0,0.0,12243,0.0,1,-13.7,0,0,18308.2,38.1590220,-122.4533030,0.7,2.3,0,0,0
818.60,0.0,0.0,12243,0.0,1,-13.7,0,0,18308.2,38.1590220,-122.4533030,0.7,2.3,0,0,0
818.70,0.0,0.0,12243,0.0,1,-13.7,0,0,18308.2,38.1590220,-122.4533030,0.7,2.3,0,0,0
818.80,0.0,0.0,12243,0.0,1,-13.7,0,0,18308.2,38.1590220,-122.4533030,0.6,2.0,0,0,0
818.90,0.0,0.0,12243,0.0,1,-13.7,0,0,18308.2,38.1590220,-122.4533030,0.6,2.0,0,0,0
819.00,0.0,0.0,12243,0.0,1,-13.7,0,0,18308.2,38.1590220,-122.4533030,0.6,2.0,0,0,0
819.10,0.0,0.0,12243,0.0,1,-13.7,0,0,18308.2,38.1590220,-122.4533030,0.6,2.0,0,0,0
819.20,0.0,0.0,12243,0.0,1,-13.7,0,0,18308.3,38.1590230,-122.4533020,0.6,2.0,0,0,0
819.30,0.0,0.0,12243,0.0,1,-13.7,0,0,18308.4,38.1590220,-122.4533020,0.6,2.0,0,0,0
819.40,0.0,0.0,12243,0.0,1,-13.7,0,0,18308.5,38.1590230,-122.4533020,0.6,2.0,0,0,0
819.50,0.0,0.0,12243,0.0,1,-13.7,0,0,18308.5,38.1590230,-122.4533020,0.6,2.0,0,0,0
819.60,0.0,0.0,12243,0.0,1,-13.7,0,0,18308.5,38.1590230,-122.4533020,0.6,2.0,0,0,0
819.70,0.0,0.0,12243,0.0,1,-13.7,0,0,18308.6,38.1590220,-122.4533020,0.6,2.0,0,0,0
819.80,0.0,0.0,12243,0.0,1,-13.7,0,0,18308.6,38.1590220,-122.4533020,0.6,2.0,0,0,0
819.90,0.0,0.0,12243,0.0,1,-13.7,0,0,18308.7,38.1590220,-122.4533010,0.6,2.0,0,0,0
820.00,0.0,0.0,12243,0.0,1,-13.7,0,0,18308.8,38.1590220,-122.4533020,0.6,2.0,0,0,0
820.10,0.0,0.0,12243,0.0,1,-13.7,0,0,18308.9,38.1590220,-122.4533010,0.6,2.0,0,0,0
820.20,0.0,0.0,12243,0.0,1,-13.7,0,0,18308.9,38.1590220,-122.4533010,0.6,2.0,0,0,0
820.30,0.0,0.0,12243,0.0,1,-13.7,0,0,18308.9,38.1590220,-122.4533010,0.6,2.0,0,0,0
820.40,0.0,0.0,12243,0.0,1,-13.7,0,0,18308.9,38.1590220,-122.4533010,0.6,2.0,0,0,0
820.50,0.0,0.0,12243,0.0,1,-13.7,0,0,18308.9,38.1590220,-122.4533010,0.6,2.0,0,0,0
820.60,0.0,0.0,12243,0.0,1,-13.7,0,0,18308.9,38.1590220,-122.4533010,0.6,2.0,0,0,0
820.70,0.0,0.0,12243,0.0,1,-13.7,0,0,18309.0,38.1590220,-122.4533000,0.6,2.0,0,0,0
820.80,0.0,0.0,12243,0.0,1,-13.7,0,0,18309.0,38.1590220,-122.4533000,0.4,1.3,0,0,0
820.90,0.0,0.0,12243,0.0,1,-13.7,0,0,18309.0,38.1590220,-122.4533000,0.4,1.3,0,0,0
821.00,0.0,0.0,12243,0.0,1,-13.7,0,0,18309.0,38.1590220,-122.4533000,0.4,1.3,0,0,0
821.10,0.0,0.0,12243,0.0,1,-13.7,0,0,18309.0,38.1590220,-122.4533000,0.4,1.3,0,0,0
821.20,0.0,0.0,12243,0.0,1,-13.7,0,0,18309.0,38.1590220,-122.4533000,0.4,1.3,0,0,0
821.30,0.0,0.0,12243,0.0,1,-13.7,0,0,18309.0,38.1590220,-122.4533000,0.4,1.3,0,0,0
821.40,0.0,0.0,12243,0.0,1,-13.7,0,0,18309.0,38.1590220,-122.4533000,0.4,1.3,0,0,0
821.50,0.0,0.0,12243,0.0,1,-13.7,0,0,18309.0,38.1590220,-122.4533000,0.4,1.3,0,0,0
821.60,0.0,0.0,12243,0.0,1,-13.7,0,0,18309.0,38.1590220,-122.4533000,0.4,1.3,0,0,0
821.70,0.0,0.0,12243,0.0,1,-13.7,0,0,18309.0,38.1590220,-122.4533000,0.4,1.3,0,0,0
821.80,0.0,0.0,12243,0.0,1,-13.7,0,0,18309.0,38.1590220,-122.4533000,0.3,1.0,0,0,0
821.90,0.0,0.0,12243,0.0,1,-13.7,0,0,18309.0,38.1590220,-122.4533000,0.3,1.0,0,0,0
822.00,0.0,0.0,12243,0.0,1,-13.7,0,0,18309.0,38.1590220,-122.4533000,0.3,1.0,0,0,0
822.10,0.0,0.0,12243,0.0,1,-13.7,0,0,18309.1,38.1590220,-122.4532990,0.3,1.0,0,0,0
822.20,0.0,0.0,12243,0.0,1,-13.7,0,0,18309.1,38.1590220,-122.4532990,0.3,1.0,0,0,0
822.30,0.0,0.0,12243,0.0,1,-13.7,0,0,18309.1,38.1590220,-122.4532990,0.3,1.0,0,0,0
822.40,0.0,0.0,12243,0.0,1,-13.7,0,0,18309.1,38.1590220,-122.4532990,0.3,1.0,0,0,0
822.50,0.0,0.0,12243,0.0,1,-13.7,0,0,18309.1,38.1590220,-122.4532990,0.3,1.0,0,0,0
822.60,0.0,0.0,12243,0.0,1,-13.7,0,0,18309.1,38.1590220,-122.4532990,0.3,1.0,0,0,0
822.70,0.0,0.0,12243,0.0,1,-13.7,0,0,18309.1,38.1590220,-122.4532990,0.3,1.0,0,0,0
822.80,0.0,0.0,12243,0.0,1,-13.7,0,0,18309.1,38.1590220,-122.4532990,0.2,0.7,0,0,0
822.90,0.0,0.0,12243,0.0,1,-13.7,0,0,18309.1,38.1590220,-122.4532990,0.2,0.7,0,0,0
823.00,0.0,0.0,12243,0.0,1,-13.7,0,0,18309.1,38.1590220,-122.4532990,0.2,0.7,0,0,0
823.10,0.0,0.0,12243,0.0,1,-13.7,0,0,18309.1,38.1590220,-122.4532990,0.2,0.7,0,0,0
823.20,0.0,0.0,12243,0.0,1,-13.7,0,0,18309.1,38.1590220,-122.4532990,0.2,0.7,0,0,0
823.30,0.0,0.0,12243,0.0,1,-13.7,0,0,18309.1,38.1590220,-122.4532990,0.2,0.7,0,0,0
823.40,0.0,0.0,12243,0.0,1,-13.7,0,0,18309.2,38.1590230,-122.4532990,0.2,0.7,0,0,0
823.50,0.0,0.0,12243,0.0,1,-13.7,0,0,18309.2,38.1590230,-122.4532990,0.2,0.7,0,0,0
823.60,0.0,0.0,12243,0.0,1,-13.7,0,0,18309.2,38.1590230,-122.4532990,0.2,0.7,0,0,0
823.70,0.0,0.0,12243,0.0,1,-13.7,0,0,18309.2,38.1590230,-122.4532990,0.2,0.7,0,0,0
823.80,0.0,0.0,12243,0.0,1,-13.7,0,0,18309.2,38.1590230,-122.4532990,0.2,0.7,0,0,0
823.90,0.0,0.0,12243,0.0,1,-13.7,0,0,18309.3,38.1590220,-122.4532990,0.2,0.7,0,0,0
824.00,0.0,0.0,12243,0.0,1,-13.7,0,0,18309.3,38.1590220,-122.4532990,0.2,0.7,0,0,0
824.10,0.0,0.0,12243,0.0,1,-13.7,0,0,18309.3,38.1590220,-122.4532990,0.2,0.7,0,0,0
824.20,0.0,0.0,12243,0.0,1,-13.7,0,0,18309.4,38.1590220,-122.4532980,0.2,0.7,0,0,0
824.30,0.0,0.0,12243,0.0,1,-13.7,0,0,18309.4,38.1590220,-122.4532980,0.2,0.7,0,0,0
824.40,0.0,0.0,12243,0.0,1,-13.7,0,0,18309.4,38.1590220,-122.4532980,0.2,0.7,0,0,0
824.50,0.0,0.0,12243,0.0,1,-13.7,0,0,18309.4,38.1590220,-122.4532980,0.2,0.7,0,0,0
824.60,0.0,0.0,12243,0.0,1,-13.7,0,0,18309.5,38.1590230,-122.4532970,0.2,0.7,0,0,0
824.70,0.0,0.0,12243,0.0,1,-13.7,0,0,18309.5,38.1590230,-122.4532970,0.2,0.7,0,0,0
824.80,0.0,0.0,12243,0.0,1,-13.7,0,0,18309.5,38.1590230,-122.4532970,0.0,0.0,0,0,0
824.90,0.0,0.0,12243,0.0,1,-13.7,0,0,18309.5,38.1590230,-122.4532970,0.0,0.0,0,0,0
825.00,0.0,0.0,12243,0.0,1,-13.7,0,0,18309.5,38.1590230,-122.4532970,0.0,0.0,0,0,0
825.10,0.0,0.0,12243,0.0,1,-13.7,0,0,18309.5,38.1590230,-122.4532970,0.0,0.0,0,0,0
825.20,0.0,0.0,12243,0.0,1,-13.7,0,0,18309.6,38.1590240,-122.4532970,0.0,0.0,0,0,0
825.30,0.0,0.0,12243,0.0,1,-13.7,0,0,18309.6,38.1590240,-122.4532970,0.0,0.0,0,0,0
825.40,0.0,0.0,12243,0.0,1,-13.7,0,0,18309.6,38.1590240,-122.4532970,0.0,0.0,0,0,0
825.50,0.0,0.0,12243,0.0,1,-13.7,0,0,18309.6,38.1590240,-122.4532970,0.0,0.0,0,0,0
825.60,0.0,0.0,12243,0.0,1,-13.7,0,0,18309.6,38.1590240,-122.4532970,0.0,0.0,0,0,0
825.70,0.0,0.0,12243,0.0,1,-13.7,0,0,18309.7,38.1590240,-122.4532960,0.0,0.0,0,0,0
825.80,0.0,0.0,12243,0.0,1,-13.7,0,0,18309.7,38.1590240,-122.4532960,0.1,0.3,0,0,0
825.90,0.0,0.0,12243,0.0,1,-13.7,0,0,18309.7,38.1590240,-122.4532960,0.1,0.3,0,0,0
826.00,0.0,0.0,12243,0.0,1,-13.7,0,0,18309.7,38.1590240,-122.4532960,0.1,0.3,0,0,0
826.10,0.0,0.0,12243,0.0,1,-13.7,0,0,18309.7,38.1590240,-122.4532960,0.1,0.3,0,0,0
826.20,0.0,0.0,12243,0.0,1,-13.7,0,0,18309.8,38.1590240,-122.4532950,0.1,0.3,0,0,0
826.30,0.0,0.0,12243,0.0,1,-13.7,0,0,18309.8,38.1590240,-122.4532950,0.1,0.3,0,0,0
826.40,0.0,0.0,12243,0.0,1,-13.7,0,0,18309.8,38.1590240,-122.4532950,0.1,0.3,0,0,0
826.50,0.0,0.0,12243,0.0,1,-13.7,0,0,18309.8,38.1590240,-122.4532950,0.1,0.3,0,0,0
826.60,0.0,0.0,12243,0.0,1,-13.7,0,0,18309.8,38.1590240,-122.4532950,0.1,0.3,0,0,0
826.70,0.0,0.0,12243,0.0,1,-13.7,0,0,18309.8,38.1590240,-122.4532950,0.1,0.3,0,0,0
826.80,0.0,0.0,12243,0.0,1,-13.7,0,0,18309.8,38.1590240,-122.4532950,6553.5,21501.0,0,0,0
826.90,0.0,0.0,12243,0.0,1,-13.7,0,0,18309.8,38.1590240,-122.4532950,6553.5,21501.0,0,0,0
827.00,0.0,0.0,12243,0.0,1,-13.7,0,0,18309.8,38.1590240,-122.4532950,6553.5,21501.0,0,0,0
827.10,0.0,0.0,12243,0.0,1,-13.7,0,0,18309.9,38.1590250,-122.4532950,6553.5,21501.0,0,0,0
827.20,0.0,0.0,12243,0.0,1,-13.7,0,0,18309.9,38.1590250,-122.4532950,6553.5,21501.0,0,0,0
827.30,0.0,0.0,12243,0.0,1,-13.7,0,0,18309.9,38.1590250,-122.4532950,6553.5,21501.0,0,0,0
827.40,0.0,0.0,12243,0.0,1,-13.7,0,0,18309.9,38.1590250,-122.4532950,6553.5,21501.0,0,0,0
827.50,0.0,0.0,12243,0.0,1,-13.7,0,0,18309.9,38.1590250,-122.4532950,6553.5,21501.0,0,0,0
827.60,0.0,0.0,12243,0.0,1,-13.7,0,0,18309.9,38.1590250,-122.4532950,6553.5,21501.0,0,0,0
827.70,0.0,0.0,12243,0.0,1,-13.7,0,0,18309.9,38.1590250,-122.4532950,6553.5,21501.0,0,0,0
827.80,0.0,0.0,12243,0.0,1,-13.7,0,0,18309.9,38.1590250,-122.4532950,6553.3,21500.3,0,0,0
827.90,0.0,0.0,12243,0.0,1,-13.7,0,0,18309.9,38.1590250,-122.4532950,6553.3,21500.3,0,0,0
828.00,0.0,0.0,12243,0.0,1,-13.7,0,0,18309.9,38.1590250,-122.4532950,6553.3,21500.3,0,0,0
828.10,0.0,0.0,12243,0.0,1,-13.7,0,0,18309.9,38.1590250,-122.4532950,6553.3,21500.3,0,0,0
828.20,0.0,0.0,12243,0.0,1,-13.7,0,0,18310.0,38.1590260,-122.4532950,6553.3,21500.3,0,0,0
828.30,0.0,0.0,12243,0.0,1,-13.7,0,0,18310.0,38.1590260,-122.4532950,6553.3,21500.3,0,0,0
828.40,0.0,0.0,12243,0.0,1,-13.7,0,0,18310.0,38.1590260,-122.4532950,6553.3,21500.3,0,0,0
828.50,0.0,0.0,12243,0.0,1,-13.7,0,0,18310.0,38.1590260,-122.4532950,6553.3,21500.3,0,0,0
828.60,0.0,0.0,12243,0.0,1,-13.7,0,0,18310.0,38.1590260,-122.4532950,6553.3,21500.3,0,0,0
828.70,0.0,0.0,12243,0.0,1,-13.7,0,0,18310.0,38.1590260,-122.4532950,6553.3,21500.3,0,0,0
828.80,0.0,0.0,12243,0.0,1,-13.7,0,0,18310.0,38.1590260,-122.4532950,6553.2,21500.0,0,0,0
828.90,0.0,0.0,12243,0.0,1,-13.7,0,0,18310.2,38.1590270,-122.4532950,6553.2,21500.0,0,0,0
829.00,0.0,0.0,12243,0.0,1,-13.7,0,0,18310.2,38.1590270,-122.4532950,6553.2,21500.0,0,0,0
829.10,0.0,0.0,12243,0.0,1,-13.7,0,0,18310.2,38.1590270,-122.4532950,6553.2,21500.0,0,0,0
829.20,0.0,0.0,12243,0.0,1,-13.7,0,0,18310.2,38.1590270,-122.4532950,6553.2,21500.0,0,0,0
829.30,0.0,0.0,12243,0.0,1,-13.7,0,0,18310.2,38.1590270,-122.4532950,6553.2,21500.0,0,0,0
829.40,0.0,0.0,12243,0.0,1,-13.7,0,0,18310.3,38.1590280,-122.4532950,6553.2,21500.0,0,0,0
829.50,0.0,0.0,12243,0.0,1,-13.7,0,0,18310.3,38.1590280,-122.4532950,6553.2,21500.0,0,0,0
829.60,0.0,0.0,12243,0.0,1,-13.7,0,0,18310.3,38.1590280,-122.4532950,6553.2,21500.0,0,0,0
829.70,0.0,0.0,12243,0.0,1,-13.7,0,0,18310.3,38.1590280,-122.4532950,6553.2,21500.0,0,0,0
829.80,0.0,0.0,12243,0.0,1,-13.7,0,0,18310.4,38.1590290,-122.4532950,6553.1,21499.7,0,0,0
829.90,0.0,0.0,12243,0.0,1,-13.7,0,0,18310.4,38.1590290,-122.4532950,6553.1,21499.7,0,0,0
830.00,0.0,0.0,12243,0.0,1,-13.7,0,0,18310.5,38.1590290,-122.4532960,6553.1,21499.7,0,0,0
830.10,0.0,0.0,12243,0.0,1,-13.7,0,0,18310.6,38.1590300,-122.4532960,6553.1,21499.7,0,0,0
830.20,0.0,0.0,12243,0.0,1,-13.7,0,0,18310.6,38.1590300,-122.4532960,6553.1,21499.7,0,0,0
830.30,0.0,0.0,12243,0.0,1,-13.7,0,0,18310.6,38.1590300,-122.4532960,6553.1,21499.7,0,0,0
830.40,0.0,0.0,12243,0.0,1,-13.7,0,0,18310.6,38.1590300,-122.4532960,6553.1,21499.7,0,0,0
830.50,0.0,0.0,12243,0.0,1,-13.7,0,0,18310.7,38.1590310,-122.4532960,6553.1,21499.7,0,0,0
830.60,0.0,0.0,12243,0.0,1,-13.7,0,0,18310.7,38.1590310,-122.4532960,6553.1,21499.7,0,0,0
830.70,0.0,0.0,12243,0.0,1,-13.7,0,0,18310.7,38.1590310,-122.4532960,6553.1,21499.7,0,0,0
830.80,0.0,0.0,12243,0.0,1,-13.6,0,0,18310.8,38.1590320,-122.4532960,6553.0,21499.3,0,0,0
830.90,0.0,0.0,12243,0.0,1,-13.7,0,0,18310.8,38.1590320,-122.4532960,6553.0,21499.3,0,0,0
831.00,0.0,0.0,12243,0.0,1,-13.7,0,0,18310.8,38.1590320,-122.4532960,6553.0,21499.3,0,0,0
831.10,0.0,0.0,12243,0.0,1,-13.7,0,0,18310.8,38.1590320,-122.4532960,6553.0,21499.3,0,0,0
831.20,0.0,0.0,12243,0.0,1,-13.7,0,0,18310.8,38.1590320,-122.4532960,6553.0,21499.3,0,0,0
831.30,0.0,0.0,12243,0.0,1,-13.7,0,0,18310.8,38.1590320,-122.4532960,6553.0,21499.3,0,0,0
831.40,0.0,0.0,12243,0.0,1,-13.7,0,0,18310.8,38.1590320,-122.4532960,6553.0,21499.3,0,0,0
831.50,0.0,0.0,12243,0.0,1,-13.7,0,0,18310.9,38.1590330,-122.4532960,6553.0,21499.3,0,0,0
831.60,0.0,0.0,12243,0.0,1,-13.7,0,0,18310.9,38.1590330,-122.4532960,6553.0,21499.3,0,0,0
831.70,0.0,0.0,12243,0.0,1,-13.7,0,0,18310.9,38.1590330,-122.4532960,6553.0,21499.3,0,0,0
831.80,0.0,0.0,12243,0.0,1,-13.7,0,0,18310.9,38.1590330,-122.4532960,6552.8,21498.7,0,0,0
831.90,0.0,0.0,12243,0.0,1,-13.7,0,0,18310.9,38.1590330,-122.4532960,6552.8,21498.7,0,0,0
832.00,0.0,0.0,12243,0.0,1,-13.7,0,0,18310.9,38.1590330,-122.4532960,6552.8,21498.7,0,0,0
832.10,0.0,0.0,12243,0.0,1,-13.7,0,0,18310.9,38.1590330,-122.4532960,6552.8,21498.7,0,0,0
832.20,0.0,0.0,12243,0.0,1,-13.7,0,0,18311.0,38.1590340,-122.4532960,6552.8,21498.7,0,0,0
832.30,0.0,0.0,12243,0.0,1,-13.7,0,0,18311.0,38.1590340,-122.4532960,6552.8,21498.7,0,0,0
832.40,0.0,0.0,12243,0.0,1,-13.7,0,0,18311.0,38.1590340,-122.4532960,6552.8,21498.7,0,0,0
832.50,0.0,0.0,12243,0.0,1,-13.7,0,0,18311.0,38.1590340,-122.4532960,6552.8,21498.7,0,0,0
832.60,0.0,0.0,12243,0.0,1,-13.7,0,0,18311.0,38.1590340,-122.4532960,6552.8,21498.7,0,0,0
832.70,0.0,0.0,12243,0.0,1,-13.7,0,0,18311.0,38.1590340,-122.4532960,6552.8,21498.7,0,0,0
832.80,0.0,0.0,12243,0.0,1,-13.7,0,0,18311.0,38.1590340,-122.4532960,6552.6,21498.0,0,0,0
832.90,0.0,0.0,12243,0.0,1,-13.7,0,0,18311.1,38.1590350,-122.4532960,6552.6,21498.0,0,0,0
833.00,0.0,0.0,12243,0.0,1,-13.7,0,0,18311.1,38.1590350,-122.4532960,6552.6,21498.0,0,0,0
833.10,0.0,0.0,12243,0.0,1,-13.7,0,0,18311.1,38.1590350,-122.4532960,6552.6,21498.0,0,0,0
833.20,0.0,0.0,12243,0.0,1,-13.7,0,0,18311.1,38.1590350,-122.4532960,6552.6,21498.0,0,0,0
833.30,0.0,0.0,12243,0.0,1,-13.6,0,0,18311.1,38.1590350,-122.4532960,6552.6,21498.0,0,0,0
833.40,0.0,0.0,12243,0.0,1,-13.7,0,0,18311.1,38.1590350,-122.4532960,6552.6,21498.0,0,0,0
833.50,0.0,0.0,12243,0.0,1,-13.7,0,0,18311.1,38.1590350,-122.4532960,6552.6,21498.0,0,0,0
833.60,0.0,0.0,12243,0.0,1,-13.7,0,0,18311.2,38.1590360,-122.4532960,6552.6,21498.0,0,0,0
833.70,0.0,0.0,12243,0.0,1,-13.6,0,0,18311.2,38.1590360,-122.4532960,6552.6,21498.0,0,0,0
833.80,0.0,0.0,12243,0.0,1,-13.7,0,0,18311.2,38.1590360,-122.4532960,6552.4,21497.4,0,0,0
833.90,0.0,0.0,12243,0.0,1,-13.7,0,0,18311.2,38.1590360,-122.4532960,6552.4,21497.4,0,0,0
834.00,0.0,0.0,12243,0.0,1,-13.7,0,0,18311.4,38.1590370,-122.4532970,6552.4,21497.4,0,0,0
834.10,0.0,0.0,12243,0.0,1,-13.7,0,0,18311.4,38.1590370,-122.4532970,6552.4,21497.4,0,0,0
834.20,0.0,0.0,12243,0.0,1,-13.7,0,0,18311.4,38.1590370,-122.4532970,6552.4,21497.4,0,0,0
834.30,0.0,0.0,12243,0.0,1,-13.7,0,0,18311.4,38.1590370,-122.4532970,6552.4,21497.4,0,0,0
834.40,0.0,0.0,12243,0.0,1,-13.7,0,0,18311.5,38.1590380,-122.4532970,6552.4,21497.4,0,0,0
834.50,0.0,0.0,12243,0.0,1,-13.7,0,0,18311.5,38.1590380,-122.4532970,6552.4,21497.4,0,0,0
834.60,0.0,0.0,12243,0.0,1,-13.7,0,0,18311.5,38.1590380,-122.4532970,6552.4,21497.4,0,0,0
834.70,0.0,0.0,12243,0.0,1,-13.7,0,0,18311.6,38.1590390,-122.4532980,6552.4,21497.4,0,0,0
834.80,0.0,0.0,12243,0.0,1,-13.6,0,0,18311.7,38.1590400,-122.4532980,6552.4,21497.4,0,0,0
834.90,0.0,0.0,12243,0.0,1,-13.7,0,0,18311.7,38.1590400,-122.4532980,6552.4,21497.4,0,0,0
835.00,0.0,0.0,12243,0.0,1,-13.6,0,0,18311.9,38.1590410,-122.4532980,6552.4,21497.4,0,0,0
835.10,0.0,0.0,12243,0.0,1,-13.7,0,0,18311.9,38.1590410,-122.4532980,6552.4,21497.4,0,0,0
835.20,0.0,0.0,12243,0.0,1,-13.6,0,0,18311.9,38.1590410,-122.4532980,6552.4,21497.4,0,0,0
835.30,0.0,0.0,12243,0.0,1,-13.7,0,0,18312.0,38.1590420,-122.4532990,6552.4,21497.4,0,0,0
835.40,0.0,0.0,12243,0.0,1,-13.6,0,0,18312.0,38.1590420,-122.4532990,6552.4,21497.4,0,0,0
835.50,0.0,0.0,12243,0.0,1,-13.6,0,0,18312.0,38.1590420,-122.4532990,6552.4,21497.4,0,0,0
835.60,0.0,0.0,12243,0.0,1,-13.6,0,0,18312.1,38.1590430,-122.4532990,6552.4,21497.4,0,0,0
835.70,0.0,0.0,12243,0.0,1,-13.7,0,0,18312.1,38.1590430,-122.4532990,6552.4,21497.4,0,0,0
835.80,0.0,0.0,12243,0.0,1,-13.7,0,0,18312.2,38.1590440,-122.4532990,6552.4,21497.4,0,0,0
835.90,0.0,0.0,12243,0.0,1,-13.6,0,0,18312.2,38.1590440,-122.4532990,6552.4,21497.4,0,0,0
836.00,0.0,0.0,12243,0.0,1,-13.7,0,0,18312.2,38.1590440,-122.4532990,6552.4,21497.4,0,0,0
836.10,0.0,0.0,12243,0.0,1,-13.6,0,0,18312.3,38.1590450,-122.4532990,6552.4,21497.4,0,0,0
836.20,0.0,0.0,12243,0.0,1,-13.7,0,0,18312.3,38.1590450,-122.4532990,6552.4,21497.4,0,0,0
836.30,0.0,0.0,12243,0.0,1,-13.6,0,0,18312.4,38.1590450,-122.4533000,6552.4,21497.4,0,0,0
836.40,0.0,0.0,12243,0.0,1,-13.7,0,0,18312.5,38.1590460,-122.4533000,6552.4,21497.4,0,0,0
836.50,0.0,0.0,12243,0.0,1,-13.6,0,0,18312.5,38.1590460,-122.4533000,6552.4,21497.4,0,0,0
836.60,0.0,0.0,12243,0.0,1,-13.7,0,0,18312.5,38.1590460,-122.4533000,6552.4,21497.4,0,0,0
836.70,0.0,0.0,12243,0.0,1,-13.6,0,0,18312.5,38.1590460,-122.4533000,6552.4,21497.4,0,0,0
836.80,0.0,0.0,12243,0.0,1,-13.7,0,0,18312.5,38.1590460,-122.4533000,6552.4,21497.4,0,0,0
836.90,0.0,0.0,12243,0.0,1,-13.6,0,0,18312.5,38.1590460,-122.4533000,6552.4,21497.4,0,0,0
837.00,0.0,0.0,12243,0.0,1,-13.7,0,0,18312.6,38.1590470,-122.4533000,6552.4,21497.4,0,0,0
837.10,0.0,0.0,12243,0.0,1,-13.6,0,0,18312.6,38.1590470,-122.4533000,6552.4,21497.4,0,0,0
837.20,0.0,0.0,12243,0.0,1,-13.7,0,0,18312.6,38.1590470,-122.4533000,6552.4,21497.4,0,0,0
837.30,0.0,0.0,12243,0.0,1,-13.6,0,0,18312.6,38.1590470,-122.4533000,6552.4,21497.4,0,0,0
837.40,0.0,0.0,12243,0.0,1,-13.7,0,0,18312.8,38.1590480,-122.4532990,6552.4,21497.4,0,0,0
837.50,0.0,0.0,12243,0.0,1,-13.6,0,0,18312.8,38.1590480,-122.4532990,6552.4,21497.4,0,0,0
837.60,0.0,0.0,12243,0.0,1,-13.7,0,0,18312.8,38.1590480,-122.4532990,6552.4,21497.4,0,0,0
837.70,0.0,0.0,12243,0.0,1,-13.7,0,0,18312.8,38.1590480,-122.4532990,6552.4,21497.4,0,0,0
837.80,0.0,0.0,12243,0.0,1,-13.7,0,0,18312.8,38.1590480,-122.4532990,6552.4,21497.4,0,0,0
837.90,0.0,0.0,12243,0.0,1,-13.6,0,0,18312.8,38.1590480,-122.4532990,6552.4,21497.4,0,0,0
838.00,0.0,0.0,12243,0.0,1,-13.7,0,0,18312.9,38.1590490,-122.4532990,6552.4,21497.4,0,0,0
838.10,0.0,0.0,12243,0.0,1,-13.7,0,0,18312.9,38.1590490,-122.4532990,6552.4,21497.4,0,0,0
838.20,0.0,0.0,12243,0.0,1,-13.7,0,0,18312.9,38.1590490,-122.4532990,6552.4,21497.4,0,0,0
838.30,0.0,0.0,12243,0.0,1,-13.6,0,0,18312.9,38.1590490,-122.4532990,6552.4,21497.4,0,0,0
838.40,0.0,0.0,12243,0.0,1,-13.7,0,0,18312.9,38.1590490,-122.4532990,6552.4,21497.4,0,0,0
838.50,0.0,0.0,12243,0.0,1,-13.7,0,0,18312.9,38.1590490,-122.4532990,6552.4,21497.4,0,0,0
838.60,0.0,0.0,12243,0.0,1,-13.7,0,0,18312.9,38.1590490,-122.4532990,6552.4,21497.4,0,0,0
838.70,0.0,0.0,12243,0.0,1,-13.7,0,0,18312.9,38.1590490,-122.4532990,6552.4,21497.4,0,0,0
838.80,0.0,0.0,12243,0.0,1,-13.7,0,0,18312.9,38.1590490,-122.4532990,6552.4,21497.4,0,0,0
838.90,0.0,0.0,12243,0.0,1,-13.7,0,0,18313.0,38.1590500,-122.4532990,6552.4,21497.4,0,0,0
839.00,0.0,0.0,12243,0.0,1,-13.7,0,0,18313.0,38.1590500,-122.4532990,6552.4,21497.4,0,0,0
839.10,0.0,0.0,12243,0.0,1,-13.7,0,0,18313.0,38.1590500,-122.4532990,6552.4,21497.4,0,0,0
839.20,0.0,0.0,12243,0.0,1,-13.7,0,0,18313.0,38.1590500,-122.4532990,6552.4,21497.4,0,0,0
839.30,0.0,0.0,12243,0.0,1,-13.7,0,0,18313.0,38.1590500,-122.4532990,6552.4,21497.4,0,0,0
839.40,0.0,0.0,12243,0.0,1,-13.7,0,0,18313.0,38.1590500,-122.4532990,6552.4,21497.4,0,0,0
839.50,0.0,0.0,12243,0.0,1,-13.7,0,0,18313.1,38.1590510,-122.4532990,6552.4,21497.4,0,0,0
839.60,0.0,0.0,12243,0.0,1,-13.7,0,0,18313.1,38.1590510,-122.4532990,6552.4,21497.4,0,0,0
839.70,0.0,0.0,12243,0.0,1,-13.7,0,0,18313.1,38.1590510,-122.4532990,6552.4,21497.4,0,0,0
839.80,0.0,0.0,12243,0.0,1,-13.7,0,0,18313.1,38.1590510,-122.4532990,6552.4,21497.4,0,0,0
839.90,0.0,0.0,12243,0.0,1,-13.7,0,0,18313.2,38.1590520,-122.4532990,6552.4,21497.4,0,0,0
840.00,0.0,0.0,12243,0.0,1,-13.7,0,0,18313.2,38.1590520,-122.4532990,6552.4,21497.4,0,0,0
840.10,0.0,0.0,12243,0.0,1,-13.7,0,0,18313.2,38.1590520,-122.4532990,6552.4,21497.4,0,0,0
840.20,0.0,0.0,12243,0.0,1,-13.7,0,0,18313.2,38.1590520,-122.4532990,6552.4,21497.4,0,0,0
840.30,0.0,0.0,12243,0.0,1,-13.7,0,0,18313.3,38.1590530,-122.4532990,6552.4,21497.4,0,0,0
840.40,0.0,0.0,12243,0.0,1,-13.7,0,0,18313.3,38.1590530,-122.4532990,6552.4,21497.4,0,0,0
840.50,0.0,0.0,12243,0.0,1,-13.7,0,0,18313.3,38.1590530,-122.4532990,6552.4,21497.4,0,0,0
840.60,0.0,0.0,12243,0.0,1,-13.7,0,0,18313.3,38.1590530,-122.4532990,6552.4,21497.4,0,0,0
840.70,0.0,0.0,12243,0.0,1,-13.7,0,0,18313.3,38.1590530,-122.4532990,6552.4,21497.4,0,0,0
840.80,0.0,0.0,12243,0.0,1,-13.7,0,0,18313.3,38.1590530,-122.4532990,6552.4,21497.4,0,0,0
840.90,0.0,0.0,12243,0.0,1,-13.7,0,0,18313.3,38.1590530,-122.4532990,6552.4,21497.4,0,0,0
841.00,0.0,0.0,12243,0.0,1,-13.7,0,0,18313.3,38.1590530,-122.4532990,6552.4,21497.4,0,0,0
841.10,0.0,0.0,12243,0.0,1,-13.7,0,0,18313.3,38.1590530,-122.4532990,6552.4,21497.4,0,0,0
841.20,0.0,0.0,12243,0.0,1,-13.7,0,0,18313.3,38.1590530,-122.4532990,6552.4,21497.4,0,0,0
841.30,0.0,0.0,12243,0.0,1,-13.7,0,0,18313.3,38.1590530,-122.4532990,6552.4,21497.4,0,0,0
841.40,0.0,0.0,12243,0.0,1,-13.7,0,0,18313.3,38.1590530,-122.4532990,6552.4,21497.4,0,0,0
841.50,0.0,0.0,12243,0.0,1,-13.7,0,0,18313.5,38.1590540,-122.4532990,6552.4,21497.4,0,0,0
841.60,0.0,0.0,12243,0.0,1,-13.7,0,0,18313.5,38.1590540,-122.4532990,6552.4,21497.4,0,0,0
841.70,0.0,0.0,12243,0.0,1,-13.7,0,0,18313.5,38.1590540,-122.4532990,6552.4,21497.4,0,0,0
841.80,0.0,0.0,12243,0.0,1,-13.7,0,0,18313.5,38.1590540,-122.4532990,6552.7,21498.4,0,0,0
841.90,0.0,0.0,12243,0.0,1,-13.7,0,0,18313.6,38.1590550,-122.4532990,6552.7,21498.4,0,0,0
842.00,0.0,0.0,12243,0.0,1,-13.7,0,0,18313.6,38.1590550,-122.4532990,6552.7,21498.4,0,0,0
842.10,0.0,0.0,12243,0.0,1,-13.7,0,0,18313.6,38.1590550,-122.4532990,6552.7,21498.4,0,0,0
842.20,0.0,0.0,12243,0.0,1,-13.7,0,0,18313.6,38.1590550,-122.4532990,6552.7,21498.4,0,0,0
842.30,0.0,0.0,12243,0.0,1,-13.7,0,0,18313.6,38.1590550,-122.4532990,6552.7,21498.4,0,0,0
842.40,0.0,0.0,12243,0.0,1,-13.6,0,0,18313.6,38.1590550,-122.4532990,6552.7,21498.4,0,0,0
842.50,0.0,0.0,12243,0.0,1,-13.7,0,0,18313.7,38.1590560,-122.4532990,6552.7,21498.4,0,0,0
842.60,0.0,0.0,12243,0.0,1,-13.6,0,0,18313.7,38.1590560,-122.4532990,6552.7,21498.4,0,0,0
842.70,0.0,0.0,12243,0.0,1,-13.6,0,0,18313.7,38.1590560,-122.4532990,6552.7,21498.4,0,0,0
842.80,0.0,0.0,12243,0.0,1,-13.7,0,0,18313.7,38.1590560,-122.4532990,6552.9,21499.0,0,0,0
842.90,0.0,0.0,12243,0.0,1,-13.7,0,0,18313.8,38.1590570,-122.4532990,6552.9,21499.0,0,0,0
843.00,0.0,0.0,12243,0.0,1,-13.6,0,0,18313.8,38.1590570,-122.4532990,6552.9,21499.0,0,0,0
843.10,0.0,0.0,12243,0.0,1,-13.7,0,0,18313.8,38.1590570,-122.4532990,6552.9,21499.0,0,0,0
843.20,0.0,0.0,12243,0.0,1,-13.7,0,0,18313.8,38.1590570,-122.4532990,6552.9,21499.0,0,0,0
843.30,0.0,0.0,12243,0.0,1,-13.7,0,0,18313.9,38.1590580,-122.4532990,6552.9,21499.0,0,0,0
843.40,0.0,0.0,12243,0.0,1,-13.7,0,0,18313.9,38.1590580,-122.4532990,6552.9,21499.0,0,0,0
843.50,0.0,0.0,12243,0.0,1,-13.7,0,0,18313.9,38.1590580,-122.4532990,6552.9,21499.0,0,0,0
843.60,0.0,0.0,12243,0.0,1,-13.7,0,0,18314.0,38.1590590,-122.4533000,6552.9,21499.0,0,0,0
843.70,0.0,0.0,12243,0.0,1,-13.6,0,0,18314.0,38.1590590,-122.4533000,6552.9,21499.0,0,0,0
843.80,0.0,0.0,12243,0.0,1,-13.6,0,0,18314.0,38.1590590,-122.4533000,6553.2,21500.0,0,0,0
843.90,0.0,0.0,12243,0.0,1,-13.7,0,0,18314.1,38.1590600,-122.4533000,6553.2,21500.0,0,0,0
844.00,0.0,0.0,12243,0.0,1,-13.7,0,0,18314.1,38.1590600,-122.4533000,6553.2,21500.0,0,0,0
844.10,0.0,0.0,12243,0.0,1,-13.7,0,0,18314.1,38.1590600,-122.4533000,6553.2,21500.0,0,0,0
844.20,0.0,0.0,12243,0.0,1,-13.7,0,0,18314.3,38.1590610,-122.4533000,6553.2,21500.0,0,0,0
844.30,0.0,0.0,12243,0.0,1,-13.7,0,0,18314.3,38.1590610,-122.4533000,6553.2,21500.0,0,0,0
844.40,0.0,0.0,12243,0.0,1,-13.7,0,0,18314.3,38.1590610,-122.4533000,6553.2,21500.0,0,0,0
844.50,0.0,0.0,12243,0.0,1,-13.7,0,0,18314.3,38.1590610,-122.4533000,6553.2,21500.0,0,0,0
844.60,0.0,0.0,12243,0.0,1,-13.7,0,0,18314.4,38.1590620,-122.4533000,6553.2,21500.0,0,0,0
844.70,0.0,0.0,12243,0.0,1,-13.7,0,0,18314.4,38.1590620,-122.4533000,6553.2,21500.0,0,0,0
844.80,0.0,0.0,12243,0.0,1,-13.7,0,0,18314.4,38.1590620,-122.4533000,6553.3,21500.3,0,0,0
844.90,0.0,0.0,12243,0.0,1,-13.7,0,0,18314.4,38.1590620,-122.4533000,6553.3,21500.3,0,0,0
845.00,0.0,0.0,12243,0.0,1,-13.7,0,0,18314.4,38.1590620,-122.4533000,6553.3,21500.3,0,0,0
845.10,0.0,0.0,12243,0.0,1,-13.7,0,0,18314.4,38.1590620,-122.4533000,6553.3,21500.3,0,0,0
845.20,0.0,0.0,12243,0.0,1,-13.6,0,0,18314.4,38.1590620,-122.4533000,6553.3,21500.3,0,0,0
845.30,0.0,0.0,12243,0.0,1,-13.6,0,0,18314.4,38.1590620,-122.4533000,6553.3,21500.3,0,0,0
845.40,0.0,0.0,12243,0.0,1,-13.6,0,0,18314.5,38.1590630,-122.4533000,6553.3,21500.3,0,0,0
845.50,0.0,0.0,12243,0.0,1,-13.7,0,0,18314.5,38.1590630,-122.4533000,6553.3,21500.3,0,0,0
845.60,0.0,0.0,12243,0.0,1,-13.6,0,0,18314.5,38.1590630,-122.4533000,6553.3,21500.3,0,0,0
845.70,0.0,0.0,12243,0.0,1,-13.6,0,0,18314.5,38.1590630,-122.4533000,6553.3,21500.3,0,0,0
845.80,0.0,0.0,12243,0.0,1,-13.6,0,0,18314.5,38.1590630,-122.4533000,6553.5,21501.0,0,0,0
845.90,0.0,0.0,12243,0.0,1,-13.6,0,0,18314.6,38.1590640,-122.4533000,6553.5,21501.0,0,0,0
846.00,0.0,0.0,12243,0.0,1,-13.6,0,0,18314.6,38.1590640,-122.4533000,6553.5,21501.0,0,0,0
846.10,0.0,0.0,12243,0.0,1,-13.6,0,0,18314.6,38.1590640,-122.4533000,6553.5,21501.0,0,0,0
846.20,0.0,0.0,12243,0.0,1,-13.7,0,0,18314.6,38.1590640,-122.4533000,6553.5,21501.0,0,0,0
846.30,0.0,0.0,12243,0.0,1,-13.6,0,0,18314.7,38.1590650,-122.4533000,6553.5,21501.0,0,0,0
846.40,0.0,0.0,12243,0.0,1,-13.6,0,0,18314.7,38.1590650,-122.4533000,6553.5,21501.0,0,0,0
846.50,0.0,0.0,12243,0.0,1,-13.6,0,0,18314.7,38.1590650,-122.4533000,6553.5,21501.0,0,0,0
846.60,0.0,0.0,12243,0.0,1,-13.6,0,0,18314.7,38.1590650,-122.4533000,6553.5,21501.0,0,0,0
846.70,0.0,0.0,12243,0.0,1,-13.6,0,0,18314.8,38.1590660,-122.4533000,6553.5,21501.0,0,0,0
846.80,0.0,0.0,12243,0.0,1,-13.6,0,0,18314.8,38.1590660,-122.4533000,0.2,0.7,0,0,0
846.90,0.0,0.0,12243,0.0,1,-13.6,0,0,18314.8,38.1590660,-122.4533000,0.2,0.7,0,0,0
847.00,0.0,0.0,12243,0.0,1,-13.6,0,0,18314.8,38.1590660,-122.4533000,0.2,0.7,0,0,0
847.10,0.0,0.0,12243,0.0,1,-13.6,0,0,18314.8,38.1590660,-122.4533000,0.2,0.7,0,0,0
847.20,0.0,0.0,12243,0.0,1,-13.6,0,0,18314.9,38.1590670,-122.4533000,0.2,0.7,0,0,0
847.30,0.0,0.0,12243,0.0,1,-13.6,0,0,18314.9,38.1590670,-122.4533000,0.2,0.7,0,0,0
847.40,0.0,0.0,12243,0.0,1,-13.6,0,0,18314.9,38.1590670,-122.4533000,0.2,0.7,0,0,0
847.50,0.0,0.0,12243,0.0,1,-13.6,0,0,18314.9,38.1590670,-122.4533000,0.2,0.7,0,0,0
847.60,0.0,0.0,12243,0.0,1,-13.7,0,0,18314.9,38.1590670,-122.4533000,0.2,0.7,0,0,0
847.70,0.0,0.0,12243,0.0,1,-13.6,0,0,18314.9,38.1590670,-122.4533000,0.2,0.7,0,0,0
847.80,0.0,0.0,12243,0.0,1,-13.6,0,0,18314.9,38.1590670,-122.4533000,0.3,1.0,0,0,0
847.90,0.0,0.0,12243,0.0,1,-13.6,0,0,18315.0,38.1590660,-122.4533000,0.3,1.0,0,0,0
848.00,0.0,0.0,12243,0.0,1,-13.6,0,0,18315.0,38.1590660,-122.4533000,0.3,1.0,0,0,0
848.10,0.0,0.0,12243,0.0,1,-13.6,0,0,18315.1,38.1590660,-122.4532990,0.3,1.0,0,0,0
848.20,0.0,0.0,12243,0.0,1,-13.6,0,0,18315.1,38.1590660,-122.4532990,0.3,1.0,0,0,0
848.30,0.0,0.0,12243,0.0,1,-13.7,0,0,18315.1,38.1590660,-122.4532990,0.3,1.0,0,0,0
848.40,0.0,0.0,12243,0.0,1,-13.6,0,0,18315.2,38.1590670,-122.4532990,0.3,1.0,0,0,0
848.50,0.0,0.0,12243,0.0,1,-13.6,0,0,18315.2,38.1590670,-122.4532990,0.3,1.0,0,0,0
848.60,0.0,0.0,12243,0.0,1,-13.6,0,0,18315.2,38.1590670,-122.4532990,0.3,1.0,0,0,0
848.70,0.0,0.0,12243,0.0,1,-13.6,0,0,18315.3,38.1590660,-122.4532990,0.3,1.0,0,0,0
848.80,0.0,0.0,12243,0.0,1,-13.6,0,0,18315.3,38.1590660,-122.4532990,0.4,1.3,0,0,0
848.90,0.0,0.0,12243,0.0,1,-13.6,0,0,18315.5,38.1590670,-122.4532990,0.4,1.3,0,0,0
849.00,0.0,0.0,12243,0.0,1,-13.6,0,0,18315.5,38.1590670,-122.4532990,0.4,1.3,0,0,0
849.10,0.0,0.0,12243,0.0,1,-13.6,0,0,18315.5,38.1590670,-122.4532990,0.4,1.3,0,0,0
849.20,0.0,0.0,12243,0.0,1,-13.6,0,0,18315.5,38.1590670,-122.4532990,0.4,1.3,0,0,0
849.30,0.0,0.0,12243,0.0,1,-13.6,0,0,18315.5,38.1590670,-122.4532990,0.4,1.3,0,0,0
849.40,0.0,0.0,12243,0.0,1,-13.6,0,0,18315.5,38.1590670,-122.4532990,0.4,1.3,0,0,0
849.50,0.0,0.0,12243,0.0,1,-13.6,0,0,18315.5,38.1590670,-122.4532990,0.4,1.3,0,0,0
849.60,0.0,0.0,12243,0.0,1,-13.6,0,0,18315.5,38.1590670,-122.4532980,0.4,1.3,0,0,0
849.70,0.0,0.0,12243,0.0,1,-13.6,0,0,18315.7,38.1590680,-122.4532980,0.4,1.3,0,0,0
849.80,0.0,0.0,12243,0.0,1,-13.6,0,0,18315.7,38.1590680,-122.4532980,0.6,2.0,0,0,0
849.90,0.0,0.0,12243,0.0,1,-13.6,0,0,18315.7,38.1590680,-122.4532980,0.6,2.0,0,0,0
850.00,0.0,0.0,12243,0.0,1,-13.6,0,0,18315.7,38.1590680,-122.4532970,0.6,2.0,0,0,0
850.10,0.0,0.0,12243,0.0,1,-13.6,0,0,18315.7,38.1590680,-122.4532970,0.6,2.0,0,0,0
850.20,0.0,0.0,12243,0.0,1,-13.6,0,0,18315.7,38.1590680,-122.4532970,0.6,2.0,0,0,0
850.30,0.0,0.0,12243,0.0,1,-13.6,0,0,18315.7,38.1590680,-122.4532970,0.6,2.0,0,0,0
850.40,0.0,0.0,12243,0.0,1,-13.6,0,0,18315.7,38.1590680,-122.4532970,0.6,2.0,0,0,0
850.50,0.0,0.0,12243,0.0,1,-13.6,0,0,18315.8,38.1590680,-122.4532960,0.6,2.0,0,0,0
850.60,0.0,0.0,12243,0.0,1,-13.6,0,0,18315.8,38.1590680,-122.4532960,0.6,2.0,0,0,0
850.70,0.0,0.0,12243,0.0,1,-13.6,0,0,18315.8,38.1590680,-122.4532960,0.6,2.0,0,0,0
850.80,0.0,0.0,12243,0.0,1,-13.6,0,0,18315.9,38.1590690,-122.4532960,0.7,2.3,0,0,0
850.90,0.0,0.0,12243,0.0,1,-13.6,0,0,18315.9,38.1590690,-122.4532960,0.7,2.3,0,0,0
851.00,0.0,0.0,12243,0.0,1,-13.6,0,0,18315.9,38.1590690,-122.4532960,0.7,2.3,0,0,0
851.10,0.0,0.0,12243,0.0,1,-13.6,0,0,18315.9,38.1590690,-122.4532960,0.7,2.3,0,0,0
851.20,0.0,0.0,12243,0.0,1,-13.6,0,0,18315.9,38.1590690,-122.4532960,0.7,2.3,0,0,0
851.30,0.0,0.0,12243,0.0,1,-13.6,0,0,18315.9,38.1590690,-122.4532960,0.7,2.3,0,0,0
851.40,0.0,0.0,12243,0.0,1,-13.6,0,0,18315.9,38.1590690,-122.4532960,0.7,2.3,0,0,0
851.50,0.0,0.0,12243,0.0,1,-13.6,0,0,18315.9,38.1590690,-122.4532960,0.7,2.3,0,0,0
851.60,0.0,0.0,12243,0.0,1,-13.6,0,0,18315.9,38.1590690,-122.4532960,0.7,2.3,0,0,0
851.70,0.0,0.0,12243,0.0,1,-13.6,0,0,18315.9,38.1590690,-122.4532960,0.7,2.3,0,0,0
851.80,0.0,0.0,12243,0.0,1,-13.6,0,0,18315.9,38.1590690,-122.4532960,0.7,2.3,0,0,0
851.90,0.0,0.0,12243,0.0,1,-13.6,0,0,18315.9,38.1590690,-122.4532960,0.7,2.3,0,0,0
852.00,0.0,0.0,12243,0.0,1,-13.6,0,0,18315.9,38.1590690,-122.4532960,0.7,2.3,0,0,0
852.10,0.0,0.0,12243,0.0,1,-13.6,0,0,18315.9,38.1590690,-122.4532960,0.7,2.3,0,0,0
852.20,0.0,0.0,12243,0.0,1,-13.6,0,0,18316.0,38.1590690,-122.4532950,0.7,2.3,0,0,0
852.30,0.0,0.0,12243,0.0,1,-13.6,0,0,18316.0,38.1590690,-122.4532950,0.7,2.3,0,0,0
852.40,0.0,0.0,12243,0.0,1,-13.6,0,0,18316.0,38.1590690,-122.4532950,0.7,2.3,0,0,0
852.50,0.0,0.0,12243,0.0,1,-13.6,0,0,18316.0,38.1590690,-122.4532950,0.7,2.3,0,0,0
852.60,0.0,0.0,12243,0.0,1,-13.6,0,0,18316.0,38.1590690,-122.4532950,0.7,2.3,0,0,0
852.70,0.0,0.0,12243,0.0,1,-13.6,0,0,18316.0,38.1590690,-122.4532950,0.7,2.3,0,0,0
852.80,0.0,0.0,12243,0.0,1,-13.6,0,0,18316.0,38.1590690,-122.4532950,0.8,2.6,0,0,0
852.90,0.0,0.0,12243,0.0,1,-13.6,0,0,18316.0,38.1590690,-122.4532950,0.8,2.6,0,0,0
853.00,0.0,0.0,12243,0.0,1,-13.6,0,0,18316.1,38.1590690,-122.4532940,0.8,2.6,0,0,0
853.10,0.0,0.0,12243,0.0,1,-13.6,0,0,18316.1,38.1590690,-122.4532940,0.8,2.6,0,0,0
853.20,0.0,0.0,12243,0.0,1,-13.6,0,0,18316.1,38.1590690,-122.4532940,0.8,2.6,0,0,0
853.30,0.0,0.0,12243,0.0,1,-13.6,0,0,18316.1,38.1590690,-122.4532940,0.8,2.6,0,0,0
853.40,0.0,0.0,12243,0.0,1,-13.6,0,0,18316.3,38.1590700,-122.4532950,0.8,2.6,0,0,0
853.50,0.0,0.0,12243,0.0,1,-13.6,0,0,18316.3,38.1590700,-122.4532950,0.8,2.6,0,0,0
853.60,0.0,0.0,12243,0.0,1,-13.6,0,0,18316.3,38.1590700,-122.4532950,0.8,2.6,0,0,0
853.70,0.0,0.0,12243,0.0,1,-13.6,0,0,18316.3,38.1590700,-122.4532950,0.8,2.6,0,0,0
853.80,0.0,0.0,12243,0.0,1,-13.6,0,0,18316.3,38.1590700,-122.4532950,0.8,2.6,0,0,0
853.90,0.0,0.0,12243,0.0,1,-13.6,0,0,18316.3,38.1590700,-122.4532940,0.8,2.6,0,0,0
854.00,0.0,0.0,12243,0.0,1,-13.6,0,0,18316.3,38.1590700,-122.4532940,0.8,2.6,0,0,0
854.10,0.0,0.0,12243,0.0,1,-13.6,0,0,18316.3,38.1590700,-122.4532940,0.8,2.6,0,0,0
854.20,0.0,0.0,12243,0.0,1,-13.6,0,0,18316.3,38.1590700,-122.4532940,0.8,2.6,0,0,0
854.30,0.0,0.0,12243,0.0,1,-13.6,0,0,18316.3,38.1590700,-122.4532940,0.8,2.6,0,0,0
854.40,0.0,0.0,12243,0.0,1,-13.6,0,0,18316.3,38.1590700,-122.4532940,0.8,2.6,0,0,0
854.50,0.0,0.0,12243,0.0,1,-13.6,0,0,18316.3,38.1590700,-122.4532940,0.8,2.6,0,0,0
854.60,0.0,0.0,12243,0.0,1,-13.6,0,0,18316.5,38.1590710,-122.4532940,0.8,2.6,0,0,0
854.70,0.0,0.0,12243,0.0,1,-13.6,0,0,18316.5,38.1590710,-122.4532940,0.8,2.6,0,0,0
854.80,0.0,0.0,12243,0.0,1,-13.6,0,0,18316.5,38.1590710,-122.4532940,0.9,3.0,0,0,0
854.90,0.0,0.0,12243,0.0,1,-13.6,0,0,18316.5,38.1590710,-122.4532940,0.9,3.0,0,0,0
855.00,0.0,0.0,12243,0.0,1,-13.6,0,0,18316.5,38.1590710,-122.4532940,0.9,3.0,0,0,0
855.10,0.0,0.0,12243,0.0,1,-13.6,0,0,18316.5,38.1590710,-122.4532940,0.9,3.0,0,0,0
855.20,0.0,0.0,12243,0.0,1,-13.6,0,0,18316.5,38.1590710,-122.4532940,0.9,3.0,0,0,0
855.30,0.0,0.0,12243,0.0,1,-13.6,0,0,18316.6,38.1590720,-122.4532940,0.9,3.0,0,0,0
855.40,0.0,0.0,12243,0.0,1,-13.6,0,0,18316.7,38.1590720,-122.4532930,0.9,3.0,0,0,0
855.50,0.0,0.0,12243,0.0,1,-13.6,0,0,18316.7,38.1590720,-122.4532930,0.9,3.0,0,0,0
855.60,0.0,0.0,12243,0.0,1,-13.6,0,0,18316.7,38.1590720,-122.4532930,0.9,3.0,0,0,0
855.70,0.0,0.0,12243,0.0,1,-13.6,0,0,18316.7,38.1590720,-122.4532930,0.9,3.0,0,0,0
855.80,0.0,0.0,12243,0.0,1,-13.6,0,0,18316.7,38.1590720,-122.4532930,0.9,3.0,0,0,0
855.90,0.0,0.0,12243,0.0,1,-13.6,0,0,18316.7,38.1590720,-122.4532930,0.9,3.0,0,0,0
856.00,0.0,0.0,12243,0.0,1,-13.6,0,0,18316.7,38.1590720,-122.4532930,0.9,3.0,0,0,0
856.10,0.0,0.0,12243,0.0,1,-13.6,0,0,18316.7,38.1590720,-122.4532930,0.9,3.0,0,0,0
856.20,0.0,0.0,12243,0.0,1,-13.6,0,0,18316.7,38.1590720,-122.4532930,0.9,3.0,0,0,0
856.30,0.0,0.0,12243,0.0,1,-13.6,0,0,18316.7,38.1590720,-122.4532930,0.9,3.0,0,0,0
856.40,0.0,0.0,12243,0.0,1,-13.6,0,0,18316.8,38.1590730,-122.4532930,0.9,3.0,0,0,0
856.50,0.0,0.0,12243,0.0,1,-13.6,0,0,18316.8,38.1590730,-122.4532930,0.9,3.0,0,0,0
856.60,0.0,0.0,12243,0.0,1,-13.6,0,0,18316.9,38.1590720,-122.4532930,0.9,3.0,0,0,0
856.70,0.0,0.0,12243,0.0,1,-13.6,0,0,18317.0,38.1590730,-122.4532930,0.9,3.0,0,0,0
856.80,0.0,0.0,12243,0.0,1,-13.6,0,0,18317.0,38.1590730,-122.4532930,1.1,3.6,0,0,0
856.90,0.0,0.0,12243,0.0,1,-13.6,0,0,18317.0,38.1590730,-122.4532930,1.1,3.6,0,0,0
857.00,0.0,0.0,12243,0.0,1,-13.6,0,0,18317.1,38.1590730,-122.4532920,1.1,3.6,0,0,0
857.10,0.0,0.0,12243,0.0,1,-13.6,0,0,18317.1,38.1590730,-122.4532920,1.1,3.6,0,0,0
857.20,0.0,0.0,12243,0.0,1,-13.6,0,0,18317.1,38.1590730,-122.4532920,1.1,3.6,0,0,0
857.30,0.0,0.0,12243,0.0,1,-13.6,0,0,18317.1,38.1590730,-122.4532920,1.1,3.6,0,0,0
857.40,0.0,0.0,12243,0.0,1,-13.6,0,0,18317.1,38.1590730,-122.4532920,1.1,3.6,0,0,0
857.50,0.0,0.0,12243,0.0,1,-13.6,0,0,18317.2,38.1590740,-122.4532920,1.1,3.6,0,0,0
857.60,0.0,0.0,12243,0.0,1,-13.6,0,0,18317.2,38.1590740,-122.4532920,1.1,3.6,0,0,0
857.70,0.0,0.0,12243,0.0,1,-13.6,0,0,18317.2,38.1590740,-122.4532920,1.1,3.6,0,0,0
857.80,0.0,0.0,12243,0.0,1,-13.6,0,0,18317.2,38.1590740,-122.4532920,1.2,3.9,0,0,0
857.90,0.0,0.0,12243,0.0,1,-13.6,0,0,18317.2,38.1590740,-122.4532920,1.2,3.9,0,0,0
858.00,0.0,0.0,12243,0.0,1,-13.6,0,0,18317.2,38.1590740,-122.4532920,1.2,3.9,0,0,0
858.10,0.0,0.0,12243,0.0,1,-13.6,0,0,18317.2,38.1590740,-122.4532920,1.2,3.9,0,0,0
858.20,0.0,0.0,12243,0.0,1,-13.6,0,0,18317.2,38.1590740,-122.4532920,1.2,3.9,0,0,0
858.30,0.0,0.0,12243,0.0,1,-13.6,0,0,18317.2,38.1590740,-122.4532920,1.2,3.9,0,0,0
858.40,0.0,0.0,12243,0.0,1,-13.6,0,0,18317.2,38.1590740,-122.4532920,1.2,3.9,0,0,0
858.50,0.0,0.0,12243,0.0,1,-13.6,0,0,18317.3,38.1590750,-122.4532920,1.2,3.9,0,0,0
858.60,0.0,0.0,12243,0.0,1,-13.6,0,0,18317.4,38.1590740,-122.4532910,1.2,3.9,0,0,0
858.70,0.0,0.0,12243,0.0,1,-13.6,0,0,18317.4,38.1590740,-122.4532910,1.2,3.9,0,0,0
858.80,0.0,0.0,12243,0.0,1,-13.6,0,0,18317.6,38.1590750,-122.4532910,1.3,4.3,0,0,0
858.90,0.0,0.0,12243,0.0,1,-13.6,0,0,18317.6,38.1590750,-122.4532910,1.3,4.3,0,0,0
859.00,0.0,0.0,12243,0.0,1,-13.6,0,0,18317.6,38.1590750,-122.4532910,1.3,4.3,0,0,0
859.10,0.0,0.0,12243,0.0,1,-13.6,0,0,18317.6,38.1590750,-122.4532910,1.3,4.3,0,0,0
859.20,0.0,0.0,12243,0.0,1,-13.6,0,0,18317.6,38.1590750,-122.4532910,1.3,4.3,0,0,0
859.30,0.0,0.0,12243,0.0,1,-13.6,0,0,18317.6,38.1590750,-122.4532910,1.3,4.3,0,0,0
859.40,0.0,0.0,12243,0.0,1,-13.6,0,0,18317.6,38.1590750,-122.4532910,1.3,4.3,0,0,0
859.50,0.0,0.0,12243,0.0,1,-13.6,0,0,18317.6,38.1590750,-122.4532910,1.3,4.3,0,0,0
859.60,0.0,0.0,12243,0.0,1,-13.6,0,0,18317.6,38.1590750,-122.4532910,1.3,4.3,0,0,0
859.70,0.0,0.0,12243,0.0,1,-13.6,0,0,18317.6,38.1590750,-122.4532910,1.3,4.3,0,0,0
859.80,0.0,0.0,12243,0.0,1,-13.6,0,0,18317.6,38.1590750,-122.4532910,1.3,4.3,0,0,0
859.90,0.0,0.0,12243,0.0,1,-13.6,0,0,18317.6,38.1590750,-122.4532910,1.3,4.3,0,0,0
860.00,0.0,0.0,12243,0.0,1,-13.6,0,0,18317.7,38.1590760,-122.4532910,1.3,4.3,0,0,0
860.10,0.0,0.0,12243,0.0,1,-13.6,0,0,18317.7,38.1590760,-122.4532910,1.3,4.3,0,0,0
860.20,0.0,0.0,12243,0.0,1,-13.6,0,0,18317.7,38.1590760,-122.4532910,1.3,4.3,0,0,0
860.30,0.0,0.0,12243,0.0,1,-13.6,0,0,18317.7,38.1590760,-122.4532910,1.3,4.3,0,0,0
860.40,0.0,0.0,12243,0.0,1,-13.6,0,0,18317.7,38.1590760,-122.4532910,1.3,4.3,0,0,0
860.50,0.0,0.0,12243,0.0,1,-13.6,0,0,18317.7,38.1590760,-122.4532910,1.3,4.3,0,0,0
860.60,0.0,0.0,12243,0.0,1,-13.6,0,0,18317.8,38.1590770,-122.4532900,1.3,4.3,0,0,0
860.70,0.0,0.0,12243,0.0,1,-13.6,0,0,18317.8,38.1590770,-122.4532900,1.3,4.3,0,0,0
860.80,0.0,0.0,12243,0.0,1,-13.6,0,0,18317.8,38.1590770,-122.4532900,1.4,4.6,0,0,0
860.90,0.0,0.0,12243,0.0,1,-13.6,0,0,18317.8,38.1590770,-122.4532900,1.4,4.6,0,0,0
861.00,0.0,0.0,12243,0.0,1,-13.6,0,0,18317.9,38.1590760,-122.4532900,1.4,4.6,0,0,0
861.10,0.0,0.0,12243,0.0,1,-13.6,0,0,18318.0,38.1590770,-122.4532900,1.4,4.6,0,0,0
861.20,0.0,0.0,12243,0.0,1,-13.6,0,0,18318.0,38.1590770,-122.4532900,1.4,4.6,0,0,0
861.30,0.0,0.0,12243,0.0,1,-13.6,0,0,18318.0,38.1590770,-122.4532900,1.4,4.6,0,0,0
861.40,0.0,0.0,12243,0.0,1,-13.6,0,0,18318.0,38.1590770,-122.4532900,1.4,4.6,0,0,0
861.50,0.0,0.0,12243,0.0,1,-13.6,0,0,18318.0,38.1590770,-122.4532900,1.4,4.6,0,0,0
861.60,0.0,0.0,12243,0.0,1,-13.6,0,0,18318.0,38.1590770,-122.4532900,1.4,4.6,0,0,0
861.70,0.0,0.0,12243,0.0,1,-13.6,0,0,18318.2,38.1590760,-122.4532890,1.4,4.6,0,0,0
861.80,0.0,0.0,12243,0.0,1,-13.6,0,0,18318.2,38.1590760,-122.4532890,1.3,4.3,0,0,0
861.90,0.0,0.0,12243,0.0,1,-13.6,0,0,18318.2,38.1590760,-122.4532890,1.3,4.3,0,0,0
862.00,0.0,0.0,12243,0.0,1,-13.6,0,0,18318.2,38.1590760,-122.4532890,1.3,4.3,0,0,0
862.10,0.0,0.0,12243,0.0,1,-13.6,0,0,18318.2,38.1590760,-122.4532890,1.3,4.3,0,0,0
862.20,0.0,0.0,12243,0.0,1,-13.6,0,0,18318.2,38.1590760,-122.4532890,1.3,4.3,0,0,0
862.30,0.0,0.0,12243,0.0,1,-13.6,0,0,18318.2,38.1590760,-122.4532890,1.3,4.3,0,0,0
862.40,0.0,0.0,12243,0.0,1,-13.6,0,0,18318.2,38.1590760,-122.4532890,1.3,4.3,0,0,0
862.50,0.0,0.0,12243,0.0,1,-13.6,0,0,18318.2,38.1590760,-122.4532890,1.3,4.3,0,0,0
862.60,0.0,0.0,12243,0.0,1,-13.6,0,0,18318.3,38.1590750,-122.4532890,1.3,4.3,0,0,0
862.70,0.0,0.0,12243,0.0,1,-13.6,0,0,18318.3,38.1590750,-122.4532890,1.3,4.3,0,0,0
862.80,0.0,0.0,12243,0.0,1,-13.6,0,0,18318.4,38.1590750,-122.4532880,1.1,3.6,0,0,0
862.90,0.0,0.0,12243,0.0,1,-13.6,0,0,18318.4,38.1590750,-122.4532880,1.1,3.6,0,0,0
863.00,0.0,0.0,12243,0.0,1,-13.6,0,0,18318.4,38.1590750,-122.4532880,1.1,3.6,0,0,0
863.10,0.0,0.0,12243,0.0,1,-13.6,0,0,18318.4,38.1590750,-122.4532880,1.1,3.6,0,0,0
863.20,0.0,0.0,12243,0.0,1,-13.6,0,0,18318.4,38.1590750,-122.4532880,1.1,3.6,0,0,0
863.30,0.0,0.0,12243,0.0,1,-13.6,0,0,18318.4,38.1590750,-122.4532880,1.1,3.6,0,0,0
863.40,0.0,0.0,12243,0.0,1,-13.6,0,0,18318.5,38.1590740,-122.4532880,1.1,3.6,0,0,0
863.50,0.0,0.0,12243,0.0,1,-13.7,0,0,18318.6,38.1590750,-122.4532880,1.1,3.6,0,0,0
863.60,0.0,0.0,12243,0.0,1,-13.6,0,0,18318.6,38.1590750,-122.4532880,1.1,3.6,0,0,0
863.70,0.0,0.0,12243,0.0,1,-13.6,0,0,18318.7,38.1590740,-122.4532880,1.1,3.6,0,0,0
863.80,0.0,0.0,12243,0.0,1,-13.6,0,0,18318.7,38.1590740,-122.4532880,0.8,2.6,0,0,0
863.90,0.0,0.0,12243,0.0,1,-13.7,0,0,18318.7,38.1590740,-122.4532880,0.8,2.6,0,0,0
864.00,0.0,0.0,12243,0.0,1,-13.7,0,0,18318.8,38.1590740,-122.4532870,0.8,2.6,0,0,0
864.10,0.0,0.0,12243,0.0,1,-13.7,0,0,18318.8,38.1590740,-122.4532870,0.8,2.6,0,0,0
864.20,0.0,0.0,12243,0.0,1,-13.6,0,0,18318.9,38.1590730,-122.4532870,0.8,2.6,0,0,0
864.30,0.0,0.0,12243,0.0,1,-13.6,0,0,18318.9,38.1590730,-122.4532870,0.8,2.6,0,0,0
864.40,0.0,0.0,12243,0.0,1,-13.6,0,0,18318.9,38.1590730,-122.4532870,0.8,2.6,0,0,0
864.50,0.0,0.0,12243,0.0,1,-13.7,0,0,18318.9,38.1590730,-122.4532870,0.8,2.6,0,0,0
864.60,0.0,0.0,12243,0.0,1,-13.6,0,0,18318.9,38.1590730,-122.4532870,0.8,2.6,0,0,0
864.70,0.0,0.0,12243,0.0,1,-13.6,0,0,18318.9,38.1590730,-122.4532870,0.8,2.6,0,0,0
864.80,0.0,0.0,12243,0.0,1,-13.6,0,0,18318.9,38.1590730,-122.4532870,0.6,2.0,0,0,0
864.90,0.0,0.0,12243,0.0,1,-13.7,0,0,18318.9,38.1590730,-122.4532870,0.6,2.0,0,0,0
865.00,0.0,0.0,12243,0.0,1,-13.6,0,0,18319.0,38.1590740,-122.4532870,0.6,2.0,0,0,0
865.10,0.0,0.0,12243,0.0,1,-13.6,0,0,18319.0,38.1590740,-122.4532870,0.6,2.0,0,0,0
865.20,0.0,0.0,12243,0.0,1,-13.6,0,0,18319.0,38.1590740,-122.4532870,0.6,2.0,0,0,0
865.30,0.0,0.0,12243,0.0,1,-13.7,0,0,18319.0,38.1590740,-122.4532870,0.6,2.0,0,0,0
865.40,0.0,0.0,12243,0.0,1,-13.6,0,0,18319.0,38.1590740,-122.4532870,0.6,2.0,0,0,0
865.50,0.0,0.0,12243,0.0,1,-13.6,0,0,18319.0,38.1590740,-122.4532870,0.6,2.0,0,0,0
865.60,0.0,0.0,12243,0.0,1,-13.6,0,0,18319.1,38.1590740,-122.4532860,0.6,2.0,0,0,0
865.70,0.0,0.0,12243,0.0,1,-13.7,0,0,18319.1,38.1590740,-122.4532860,0.6,2.0,0,0,0
865.80,0.0,0.0,12243,0.0,1,-13.7,0,0,18319.1,38.1590740,-122.4532860,0.6,2.0,0,0,0
865.90,0.0,0.0,12243,0.0,1,-13.6,0,0,18319.1,38.1590740,-122.4532860,0.6,2.0,0,0,0
866.00,0.0,0.0,12243,0.0,1,-13.7,0,0,18319.1,38.1590740,-122.4532860,0.6,2.0,0,0,0
866.10,0.0,0.0,12243,0.0,1,-13.6,0,0,18319.1,38.1590740,-122.4532860,0.6,2.0,0,0,0
866.20,0.0,0.0,12243,0.0,1,-13.7,0,0,18319.1,38.1590740,-122.4532860,0.6,2.0,0,0,0
866.30,0.0,0.0,12243,0.0,1,-13.6,0,0,18319.2,38.1590740,-122.4532850,0.6,2.0,0,0,0
866.40,0.0,0.0,12243,0.0,1,-13.6,0,0,18319.2,38.1590740,-122.4532850,0.6,2.0,0,0,0
866.50,0.0,0.0,12243,0.0,1,-13.7,0,0,18319.3,38.1590750,-122.4532850,0.6,2.0,0,0,0
866.60,0.0,0.0,12243,0.0,1,-13.6,0,0,18319.3,38.1590750,-122.4532850,0.6,2.0,0,0,0
866.70,0.0,0.0,12243,0.0,1,-13.6,0,0,18319.3,38.1590750,-122.4532850,0.6,2.0,0,0,0
866.80,0.0,0.0,12243,0.0,1,-13.6,0,0,18319.3,38.1590750,-122.4532850,0.5,1.6,0,0,0
866.90,0.0,0.0,12243,0.0,1,-13.6,0,0,18319.3,38.1590750,-122.4532850,0.5,1.6,0,0,0
867.00,0.0,0.0,12243,0.0,1,-13.6,0,0,18319.3,38.1590750,-122.4532850,0.5,1.6,0,0,0
867.10,0.0,0.0,12243,0.0,1,-13.6,0,0,18319.3,38.1590750,-122.4532850,0.5,1.6,0,0,0
867.20,0.0,0.0,12243,0.0,1,-13.6,0,0,18319.3,38.1590750,-122.4532850,0.5,1.6,0,0,0
867.30,0.0,0.0,12243,0.0,1,-13.6,0,0,18319.3,38.1590750,-122.4532850,0.5,1.6,0,0,0
867.40,0.0,0.0,12243,0.0,1,-13.6,0,0,18319.3,38.1590750,-122.4532850,0.5,1.6,0,0,0
867.50,0.0,0.0,12243,0.0,1,-13.6,0,0,18319.4,38.1590750,-122.4532840,0.5,1.6,0,0,0
867.60,0.0,0.0,12243,0.0,1,-13.6,0,0,18319.4,38.1590750,-122.4532840,0.5,1.6,0,0,0
867.70,0.0,0.0,12243,0.0,1,-13.6,0,0,18319.4,38.1590750,-122.4532840,0.5,1.6,0,0,0
867.80,0.0,0.0,12243,0.0,1,-13.6,0,0,18319.4,38.1590750,-122.4532840,0.5,1.6,0,0,0
867.90,0.0,0.0,12243,0.0,1,-13.7,0,0,18319.4,38.1590750,-122.4532840,0.5,1.6,0,0,0
868.00,0.0,0.0,12243,0.0,1,-13.7,0,0,18319.4,38.1590750,-122.4532840,0.5,1.6,0,0,0
868.10,0.0,0.0,12243,0.0,1,-13.6,0,0,18319.4,38.1590750,-122.4532840,0.5,1.6,0,0,0
868.20,0.0,0.0,12243,0.0,1,-13.7,0,0,18319.4,38.1590750,-122.4532840,0.5,1.6,0,0,0
868.30,0.0,0.0,12243,0.0,1,-13.7,0,0,18319.4,38.1590750,-122.4532840,0.5,1.6,0,0,0
868.40,0.0,0.0,12243,0.0,1,-13.6,0,0,18319.5,38.1590760,-122.4532840,0.5,1.6,0,0,0
868.50,0.0,0.0,12243,0.0,1,-13.7,0,0,18319.5,38.1590760,-122.4532840,0.5,1.6,0,0,0
868.60,0.0,0.0,12243,0.0,1,-13.7,0,0,18319.5,38.1590760,-122.4532840,0.5,1.6,0,0,0
868.70,0.0,0.0,12243,0.0,1,-13.7,0,0,18319.6,38.1590750,-122.4532840,0.5,1.6,0,0,0
868.80,0.0,0.0,12243,0.0,1,-13.7,0,0,18319.6,38.1590750,-122.4532840,0.4,1.3,0,0,0
868.90,0.0,0.0,12243,0.0,1,-13.7,0,0,18319.6,38.1590750,-122.4532840,0.4,1.3,0,0,0
869.00,0.0,0.0,12243,0.0,1,-13.6,0,0,18319.7,38.1590750,-122.4532830,0.4,1.3,0,0,0
869.10,0.0,0.0,12243,0.0,1,-13.7,0,0,18319.7,38.1590750,-122.4532830,0.4,1.3,0,0,0
869.20,0.0,0.0,12243,0.0,1,-13.7,0,0,18319.7,38.1590750,-122.4532830,0.4,1.3,0,0,0
869.30,0.0,0.0,12243,0.0,1,-13.7,0,0,18319.7,38.1590750,-122.4532830,0.4,1.3,0,0,0
869.40,0.0,0.0,12243,0.0,1,-13.6,0,0,18319.7,38.1590750,-122.4532830,0.4,1.3,0,0,0
869.50,0.0,0.0,12243,0.0,1,-13.7,0,0,18319.7,38.1590750,-122.4532830,0.4,1.3,0,0,0
869.60,0.0,0.0,12243,0.0,1,-13.7,0,0,18319.7,38.1590750,-122.4532830,0.4,1.3,0,0,0
869.70,0.0,0.0,12243,0.0,1,-13.7,0,0,18319.7,38.1590750,-122.4532830,0.4,1.3,0,0,0
869.80,0.0,0.0,12243,0.0,1,-13.6,0,0,18319.7,38.1590750,-122.4532830,0.2,0.7,0,0,0
869.90,0.0,0.0,12243,0.0,1,-13.7,0,0,18319.7,38.1590750,-122.4532830,0.2,0.7,0,0,0
870.00,0.0,0.0,12243,0.0,1,-13.7,0,0,18319.7,38.1590750,-122.4532830,0.2,0.7,0,0,0
870.10,0.0,0.0,12243,0.0,1,-13.7,0,0,18319.7,38.1590750,-122.4532830,0.2,0.7,0,0,0
870.20,0.0,0.0,12243,0.0,1,-13.7,0,0,18319.8,38.1590750,-122.4532820,0.2,0.7,0,0,0
870.30,0.0,0.0,12243,0.0,1,-13.7,0,0,18319.9,38.1590740,-122.4532820,0.2,0.7,0,0,0
870.40,0.0,0.0,12243,0.0,1,-13.7,0,0,18319.9,38.1590740,-122.4532820,0.2,0.7,0,0,0
870.50,0.0,0.0,12243,0.0,1,-13.6,0,0,18319.9,38.1590740,-122.4532820,0.2,0.7,0,0,0
870.60,0.0,0.0,12243,0.0,1,-13.6,0,0,18319.9,38.1590740,-122.4532820,0.2,0.7,0,0,0
870.70,0.0,0.0,12243,0.0,1,-13.6,0,0,18319.9,38.1590740,-122.4532820,0.2,0.7,0,0,0
870.80,0.0,0.0,12243,0.0,1,-13.7,0,0,18319.9,38.1590740,-122.4532820,0.1,0.3,0,0,0
870.90,0.0,0.0,12243,0.0,1,-13.6,0,0,18319.9,38.1590740,-122.4532820,0.1,0.3,0,0,0
871.00,0.0,0.0,12243,0.0,1,-13.6,0,0,18319.9,38.1590740,-122.4532820,0.1,0.3,0,0,0
871.10,0.0,0.0,12243,0.0,1,-13.6,0,0,18319.9,38.1590740,-122.4532820,0.1,0.3,0,0,0
871.20,0.0,0.0,12243,0.0,1,-13.7,0,0,18319.9,38.1590740,-122.4532820,0.1,0.3,0,0,0
871.30,0.0,0.0,12243,0.0,1,-13.6,0,0,18319.9,38.1590740,-122.4532820,0.1,0.3,0,0,0
871.40,0.0,0.0,12243,0.0,1,-13.6,0,0,18319.9,38.1590740,-122.4532820,0.1,0.3,0,0,0
871.50,0.0,0.0,12243,0.0,1,-13.6,0,0,18319.9,38.1590740,-122.4532820,0.1,0.3,0,0,0
871.60,0.0,0.0,12243,0.0,1,-13.7,0,0,18319.9,38.1590740,-122.4532820,0.1,0.3,0,0,0
871.70,0.0,0.0,12243,0.0,1,-13.6,0,0,18319.9,38.1590740,-122.4532820,0.1,0.3,0,0,0
871.80,0.0,0.0,12243,0.0,1,-13.6,0,0,18319.9,38.1590740,-122.4532820,6553.5,21501.0,0,0,0
871.90,0.0,0.0,12243,0.0,1,-13.6,0,0,18319.9,38.1590740,-122.4532820,6553.5,21501.0,0,0,0
872.00,0.0,0.0,12243,0.0,1,-13.7,0,0,18319.9,38.1590740,-122.4532820,6553.5,21501.0,0,0,0
872.10,0.0,0.0,12243,0.0,1,-13.6,0,0,18319.9,38.1590740,-122.4532820,6553.5,21501.0,0,0,0
872.20,0.0,0.0,12243,0.0,1,-13.6,0,0,18319.9,38.1590740,-122.4532820,6553.5,21501.0,0,0,0
872.30,0.0,0.0,12243,0.0,1,-13.6,0,0,18319.9,38.1590740,-122.4532820,6553.5,21501.0,0,0,0
872.40,0.0,0.0,12243,0.0,1,-13.6,0,0,18319.9,38.1590740,-122.4532820,6553.5,21501.0,0,0,0
872.50,0.0,0.0,12243,0.0,1,-13.6,0,0,18320.0,38.1590730,-122.4532820,6553.5,21501.0,0,0,0
872.60,0.0,0.0,12243,0.0,1,-13.6,0,0,18320.0,38.1590730,-122.4532820,6553.5,21501.0,0,0,0
872.70,0.0,0.0,12243,0.0,1,-13.6,0,0,18320.0,38.1590730,-122.4532820,6553.5,21501.0,0,0,0
872.80,0.0,0.0,12243,0.0,1,-13.6,0,0,18320.0,38.1590730,-122.4532820,6553.2,21500.0,0,0,0
872.90,0.0,0.0,12243,0.0,1,-13.6,0,0,18320.0,38.1590730,-122.4532820,6553.2,21500.0,0,0,0
873.00,0.0,0.0,12243,0.0,1,-13.6,0,0,18320.0,38.1590730,-122.4532820,6553.2,21500.0,0,0,0
873.10,0.0,0.0,12243,0.0,1,-13.6,0,0,18320.0,38.1590730,-122.4532820,6553.2,21500.0,0,0,0
873.20,0.0,0.0,12243,0.0,1,-13.6,0,0,18320.0,38.1590730,-122.4532820,6553.2,21500.0,0,0,0
873.30,0.0,0.0,12243,0.0,1,-13.6,0,0,18320.0,38.1590730,-122.4532820,6553.2,21500.0,0,0,0
873.40,0.0,0.0,12243,0.0,1,-13.6,0,0,18320.0,38.1590730,-122.4532820,6553.2,21500.0,0,0,0
873.50,0.0,0.0,12243,0.0,1,-13.6,0,0,18320.0,38.1590730,-122.4532820,6553.2,21500.0,0,0,0
873.60,0.0,0.0,12243,0.0,1,-13.6,0,0,18320.0,38.1590730,-122.4532820,6553.2,21500.0,0,0,0
873.70,0.0,0.0,12243,0.0,1,-13.7,0,0,18320.0,38.1590730,-122.4532820,6553.2,21500.0,0,0,0
873.80,0.0,0.0,12243,0.0,1,-13.7,0,0,18320.0,38.1590730,-122.4532820,6553.1,21499.7,0,0,0
873.90,0.0,0.0,12243,0.0,1,-13.6,0,0,18320.0,38.1590730,-122.4532820,6553.1,21499.7,0,0,0
874.00,0.0,0.0,12243,0.0,1,-13.7,0,0,18320.0,38.1590730,-122.4532820,6553.1,21499.7,0,0,0
874.10,0.0,0.0,12243,0.0,1,-13.6,0,0,18320.0,38.1590730,-122.4532820,6553.1,21499.7,0,0,0
874.20,0.0,0.0,12243,0.0,1,-13.7,0,0,18320.0,38.1590730,-122.4532820,6553.1,21499.7,0,0,0
874.30,0.0,0.0,12243,0.0,1,-13.6,0,0,18320.0,38.1590730,-122.4532820,6553.1,21499.7,0,0,0
874.40,0.0,0.0,12243,0.0,1,-13.7,0,0,18320.0,38.1590730,-122.4532820,6553.1,21499.7,0,0,0
874.50,0.0,0.0,12243,0.0,1,-13.6,0,0,18320.0,38.1590730,-122.4532820,6553.1,21499.7,0,0,0
874.60,0.0,0.0,12243,0.0,1,-13.7,0,0,18320.0,38.1590730,-122.4532820,6553.1,21499.7,0,0,0
874.70,0.0,0.0,12243,0.0,1,-13.7,0,0,18320.0,38.1590730,-122.4532820,6553.1,21499.7,0,0,0
874.80,0.0,0.0,12243,0.0,1,-13.6,0,0,18320.1,38.1590720,-122.4532820,6552.9,21499.0,0,0,0
874.90,0.0,0.0,12243,0.0,1,-13.7,0,0,18320.1,38.1590720,-122.4532820,6552.9,21499.0,0,0,0
875.00,0.0,0.0,12243,0.0,1,-13.7,0,0,18320.1,38.1590720,-122.4532820,6552.9,21499.0,0,0,0
875.10,0.0,0.0,12243,0.0,1,-13.7,0,0,18320.1,38.1590720,-122.4532820,6552.9,21499.0,0,0,0
875.20,0.0,0.0,12243,0.0,1,-13.7,0,0,18320.1,38.1590720,-122.4532820,6552.9,21499.0,0,0,0
875.30,0.0,0.0,12243,0.0,1,-13.7,0,0,18320.1,38.1590720,-122.4532820,6552.9,21499.0,0,0,0
875.40,0.0,0.0,12243,0.0,1,-13.7,0,0,18320.1,38.1590720,-122.4532820,6552.9,21499.0,0,0,0
875.50,0.0,0.0,12243,0.0,1,-13.7,0,0,18320.1,38.1590720,-122.4532820,6552.9,21499.0,0,0,0
875.60,0.0,0.0,12243,0.0,1,-13.7,0,0,18320.1,38.1590720,-122.4532820,6552.9,21499.0,0,0,0
875.70,0.0,0.0,12243,0.0,1,-13.7,0,0,18320.1,38.1590720,-122.4532820,6552.9,21499.0,0,0,0
875.80,0.0,0.0,12243,0.0,1,-13.7,0,0,18320.1,38.1590720,-122.4532820,6552.8,21498.7,0,0,0
875.90,0.0,0.0,12243,0.0,1,-13.7,0,0,18320.2,38.1590730,-122.4532820,6552.8,21498.7,0,0,0
876.00,0.0,0.0,12243,0.0,1,-13.7,0,0,18320.2,38.1590730,-122.4532820,6552.8,21498.7,0,0,0
876.10,0.0,0.0,12243,0.0,1,-13.7,0,0,18320.3,38.1590720,-122.4532820,6552.8,21498.7,0,0,0
876.20,0.0,0.0,12243,0.0,1,-13.7,0,0,18320.3,38.1590720,-122.4532820,6552.8,21498.7,0,0,0
876.30,0.0,0.0,12243,0.0,1,-13.7,0,0,18320.3,38.1590720,-122.4532820,6552.8,21498.7,0,0,0
876.40,0.0,0.0,12243,0.0,1,-13.7,0,0,18320.4,38.1590730,-122.4532820,6552.8,21498.7,0,0,0
876.50,0.0,0.0,12243,0.0,1,-13.7,0,0,18320.4,38.1590730,-122.4532820,6552.8,21498.7,0,0,0
876.60,0.0,0.0,12243,0.0,1,-13.7,0,0,18320.4,38.1590730,-122.4532820,6552.8,21498.7,0,0,0
876.70,0.0,0.0,12243,0.0,1,-13.6,0,0,18320.4,38.1590730,-122.4532820,6552.8,21498.7,0,0,0
876.80,0.0,0.0,12243,0.0,1,-13.7,0,0,18320.5,38.1590730,-122.4532830,6552.8,21498.7,0,0,0
876.90,0.0,0.0,12243,0.0,1,-13.7,0,0,18320.6,38.1590730,-122.4532820,6552.8,21498.7,0,0,0
877.00,0.0,0.0,12243,0.0,1,-13.7,0,0,18320.6,38.1590730,-122.4532820,6552.8,21498.7,0,0,0
877.10,0.0,0.0,12243,0.0,1,-13.6,0,0,18320.6,38.1590730,-122.4532820,6552.8,21498.7,0,0,0
877.20,0.0,0.0,12243,0.0,1,-13.7,0,0,18320.6,38.1590730,-122.4532820,6552.8,21498.7,0,0,0
877.30,0.0,0.0,12243,0.0,1,-13.7,0,0,18320.6,38.1590730,-122.4532820,6552.8,21498.7,0,0,0
877.40,0.0,0.0,12243,0.0,1,-13.7,0,0,18320.6,38.1590730,-122.4532820,6552.8,21498.7,0,0,0
877.50,0.0,0.0,12243,0.0,1,-13.6,0,0,18320.6,38.1590730,-122.4532820,6552.8,21498.7,0,0,0
877.60,0.0,0.0,12243,0.0,1,-13.7,0,0,18320.6,38.1590730,-122.4532820,6552.8,21498.7,0,0,0
877.70,0.0,0.0,12243,0.0,1,-13.7,0,0,18320.6,38.1590730,-122.4532820,6552.8,21498.7,0,0,0
877.80,0.0,0.0,12243,0.0,1,-13.7,0,0,18320.6,38.1590730,-122.4532820,6552.8,21498.7,0,0,0
877.90,0.0,0.0,12243,0.0,1,-13.6,0,0,18320.6,38.1590730,-122.4532820,6552.8,21498.7,0,0,0
878.00,0.0,0.0,12243,0.0,1,-13.7,0,0,18320.6,38.1590730,-122.4532820,6552.8,21498.7,0,0,0
878.10,0.0,0.0,12243,0.0,1,-13.7,0,0,18320.6,38.1590730,-122.4532820,6552.8,21498.7,0,0,0
878.20,0.0,0.0,12243,0.0,1,-13.7,0,0,18320.6,38.1590730,-122.4532820,6552.8,21498.7,0,0,0
878.30,0.0,0.0,12243,0.0,1,-13.6,0,0,18320.7,38.1590740,-122.4532820,6552.8,21498.7,0,0,0
878.40,0.0,0.0,12243,0.0,1,-13.7,0,0,18320.7,38.1590740,-122.4532820,6552.8,21498.7,0,0,0
878.50,0.0,0.0,12243,0.0,1,-13.7,0,0,18320.7,38.1590740,-122.4532820,6552.8,21498.7,0,0,0
878.60,0.0,0.0,12243,0.0,1,-13.7,0,0,18320.7,38.1590740,-122.4532820,6552.8,21498.7,0,0,0
878.70,0.0,0.0,12243,0.0,1,-13.7,0,0,18320.7,38.1590740,-122.4532820,6552.8,21498.7,0,0,0
878.80,0.0,0.0,12243,0.0,1,-13.7,0,0,18320.7,38.1590740,-122.4532820,6552.8,21498.7,0,0,0
878.90,0.0,0.0,12243,0.0,1,-13.7,0,0,18320.7,38.1590740,-122.4532820,6552.8,21498.7,0,0,0
879.00,0.0,0.0,12243,0.0,1,-13.7,0,0,18320.7,38.1590740,-122.4532820,6552.8,21498.7,0,0,0
879.10,0.0,0.0,12243,0.0,1,-13.7,0,0,18320.7,38.1590740,-122.4532820,6552.8,21498.7,0,0,0
879.20,0.0,0.0,12243,0.0,1,-13.7,0,0,18320.7,38.1590740,-122.4532820,6552.8,21498.7,0,0,0
879.30,0.0,0.0,12243,0.0,1,-13.7,0,0,18320.7,38.1590740,-122.4532820,6552.8,21498.7,0,0,0
879.40,0.0,0.0,12243,0.0,1,-13.7,0,0,18320.7,38.1590740,-122.4532820,6552.8,21498.7,0,0,0
879.50,0.0,0.0,12243,0.0,1,-13.7,0,0,18320.7,38.1590740,-122.4532820,6552.8,21498.7,0,0,0
879.60,0.0,0.0,12243,0.0,1,-13.7,0,0,18320.8,38.1590750,-122.4532820,6552.8,21498.7,0,0,0
879.70,0.0,0.0,12243,0.0,1,-13.6,0,0,18320.8,38.1590750,-122.4532820,6552.8,21498.7,0,0,0
879.80,0.0,0.0,12243,0.0,1,-13.6,0,0,18320.8,38.1590750,-122.4532820,6552.7,21498.4,0,0,0
879.90,0.0,0.0,12243,0.0,1,-13.6,0,0,18320.8,38.1590750,-122.4532820,6552.7,21498.4,0,0,0
880.00,0.0,0.0,12243,0.0,1,-13.6,0,0,18320.8,38.1590750,-122.4532820,6552.7,21498.4,0,0,0
880.10,0.0,0.0,12243,0.0,1,-13.6,0,0,18320.8,38.1590750,-122.4532820,6552.7,21498.4,0,0,0
880.20,0.0,0.0,12243,0.0,1,-13.7,0,0,18320.8,38.1590750,-122.4532820,6552.7,21498.4,0,0,0
880.30,0.0,0.0,12243,0.0,1,-13.7,0,0,18320.8,38.1590750,-122.4532820,6552.7,21498.4,0,0,0
880.40,0.0,0.0,12243,0.0,1,-13.6,0,0,18320.8,38.1590750,-122.4532820,6552.7,21498.4,0,0,0
880.50,0.0,0.0,12243,0.0,1,-13.6,0,0,18320.8,38.1590750,-122.4532820,6552.7,21498.4,0,0,0
880.60,0.0,0.0,12243,0.0,1,-13.7,0,0,18320.8,38.1590750,-122.4532820,6552.7,21498.4,0,0,0
880.70,0.0,0.0,12243,0.0,1,-13.7,0,0,18320.8,38.1590750,-122.4532820,6552.7,21498.4,0,0,0
880.80,0.0,0.0,12243,0.0,1,-13.6,0,0,18320.8,38.1590750,-122.4532820,6552.7,21498.4,0,0,0
880.90,0.0,0.0,12243,0.0,1,-13.6,0,0,18321.0,38.1590760,-122.4532820,6552.7,21498.4,0,0,0
881.00,0.0,0.0,12243,0.0,1,-13.7,0,0,18321.1,38.1590750,-122.4532820,6552.7,21498.4,0,0,0
881.10,0.0,0.0,12243,0.0,1,-13.7,0,0,18321.1,38.1590750,-122.4532820,6552.7,21498.4,0,0,0
881.20,0.0,0.0,12243,0.0,1,-13.7,0,0,18321.1,38.1590750,-122.4532820,6552.7,21498.4,0,0,0
881.30,0.0,0.0,12243,0.0,1,-13.7,0,0,18321.1,38.1590750,-122.4532820,6552.7,21498.4,0,0,0
881.40,0.0,0.0,12243,0.0,1,-13.7,0,0,18321.1,38.1590750,-122.4532820,6552.7,21498.4,0,0,0
881.50,0.0,0.0,12243,0.0,1,-13.7,0,0,18321.2,38.1590760,-122.4532820,6552.7,21498.4,0,0,0
881.60,0.0,0.0,12243,0.0,1,-13.7,0,0,18321.2,38.1590760,-122.4532820,6552.7,21498.4,0,0,0
881.70,0.0,0.0,12243,0.0,1,-13.7,0,0,18321.2,38.1590760,-122.4532820,6552.7,21498.4,0,0,0
881.80,0.0,0.0,12243,0.0,1,-13.7,0,0,18321.2,38.1590760,-122.4532820,6552.7,21498.4,0,0,0
881.90,0.0,0.0,12243,0.0,1,-13.7,0,0,18321.3,38.1590760,-122.4532830,6552.7,21498.4,0,0,0
882.00,0.0,0.0,12243,0.0,1,-13.7,0,0,18321.3,38.1590760,-122.4532830,6552.7,21498.4,0,0,0
882.10,0.0,0.0,12243,0.0,1,-13.7,0,0,18321.4,38.1590760,-122.4532820,6552.7,21498.4,0,0,0
882.20,0.0,0.0,12243,0.0,1,-13.6,0,0,18321.4,38.1590760,-122.4532820,6552.7,21498.4,0,0,0
882.30,0.0,0.0,12243,0.0,1,-13.7,0,0,18321.4,38.1590760,-122.4532830,6552.7,21498.4,0,0,0
882.40,0.0,0.0,12243,0.0,1,-13.7,0,0,18321.4,38.1590760,-122.4532830,6552.7,21498.4,0,0,0
882.50,0.0,0.0,12243,0.0,1,-13.7,0,0,18321.6,38.1590770,-122.4532830,6552.7,21498.4,0,0,0
882.60,0.0,0.0,12243,0.0,1,-13.6,0,0,18321.6,38.1590770,-122.4532830,6552.7,21498.4,0,0,0
882.70,0.0,0.0,12243,0.0,1,-13.7,0,0,18321.6,38.1590770,-122.4532830,6552.7,21498.4,0,0,0
882.80,0.0,0.0,12243,0.0,1,-13.7,0,0,18321.6,38.1590770,-122.4532830,6552.6,21498.0,0,0,0
882.90,0.0,0.0,12243,0.0,1,-13.7,0,0,18321.6,38.1590770,-122.4532830,6552.6,21498.0,0,0,0
883.00,0.0,0.0,12243,0.0,1,-13.7,0,0,18321.6,38.1590770,-122.4532830,6552.6,21498.0,0,0,0
883.10,0.0,0.0,12243,0.0,1,-13.7,0,0,18321.6,38.1590770,-122.4532830,6552.6,21498.0,0,0,0
883.20,0.0,0.0,12243,0.0,1,-13.7,0,0,18321.6,38.1590770,-122.4532830,6552.6,21498.0,0,0,0
883.30,0.0,0.0,12243,0.0,1,-13.7,0,0,18321.6,38.1590770,-122.4532830,6552.6,21498.0,0,0,0
883.40,0.0,0.0,12243,0.0,1,-13.7,0,0,18321.6,38.1590770,-122.4532830,6552.6,21498.0,0,0,0
883.50,0.0,0.0,12243,0.0,1,-13.7,0,0,18321.7,38.1590780,-122.4532830,6552.6,21498.0,0,0,0
883.60,0.0,0.0,12243,0.0,1,-13.7,0,0,18321.7,38.1590780,-122.4532830,6552.6,21498.0,0,0,0
883.70,0.0,0.0,12243,0.0,1,-13.7,0,0,18321.7,38.1590780,-122.4532830,6552.6,21498.0,0,0,0
883.80,0.0,0.0,12243,0.0,1,-13.7,0,0,18321.7,38.1590780,-122.4532830,6552.5,21497.7,0,0,0
883.90,0.0,0.0,12243,0.0,1,-13.7,0,0,18321.7,38.1590780,-122.4532830,6552.5,21497.7,0,0,0
884.00,0.0,0.0,12243,0.0,1,-13.7,0,0,18321.7,38.1590780,-122.4532830,6552.5,21497.7,0,0,0
884.10,0.0,0.0,12243,0.0,1,-13.7,0,0,18321.7,38.1590780,-122.4532830,6552.5,21497.7,0,0,0
884.20,0.0,0.0,12243,0.0,1,-13.7,0,0,18321.8,38.1590770,-122.4532830,6552.5,21497.7,0,0,0
884.30,0.0,0.0,12243,0.0,1,-13.7,0,0,18321.8,38.1590770,-122.4532830,6552.5,21497.7,0,0,0
884.40,0.0,0.0,12243,0.0,1,-13.7,0,0,18321.8,38.1590770,-122.4532830,6552.5,21497.7,0,0,0
884.50,0.0,0.0,12243,0.0,1,-13.7,0,0,18321.9,38.1590780,-122.4532840,6552.5,21497.7,0,0,0
884.60,0.0,0.0,12243,0.0,1,-13.7,0,0,18321.9,38.1590780,-122.4532840,6552.5,21497.7,0,0,0
884.70,0.0,0.0,12243,0.0,1,-13.7,0,0,18321.9,38.1590780,-122.4532840,6552.5,21497.7,0,0,0
884.80,0.0,0.0,12243,0.0,1,-13.7,0,0,18321.9,38.1590780,-122.4532840,6552.5,21497.7,0,0,0
884.90,0.0,0.0,12243,0.0,1,-13.6,0,0,18321.9,38.1590780,-122.4532840,6552.5,21497.7,0,0,0
885.00,0.0,0.0,12243,0.0,1,-13.7,0,0,18321.9,38.1590780,-122.4532840,6552.5,21497.7,0,0,0
885.10,0.0,0.0,12243,0.0,1,-13.7,0,0,18322.0,38.1590790,-122.4532840,6552.5,21497.7,0,0,0
885.20,0.0,0.0,12243,0.0,1,-13.7,0,0,18322.1,38.1590790,-122.4532850,6552.5,21497.7,0,0,0
885.30,0.0,0.0,12243,0.0,1,-13.6,0,0,18322.1,38.1590790,-122.4532850,6552.5,21497.7,0,0,0
885.40,0.0,0.0,12243,0.0,1,-13.7,0,0,18322.2,38.1590800,-122.4532850,6552.5,21497.7,0,0,0
885.50,0.0,0.0,12243,0.0,1,-13.7,0,0,18322.2,38.1590800,-122.4532850,6552.5,21497.7,0,0,0
885.60,0.0,0.0,12243,0.0,1,-13.7,0,0,18322.2,38.1590800,-122.4532850,6552.5,21497.7,0,0,0
885.70,0.0,0.0,12243,0.0,1,-13.6,0,0,18322.2,38.1590800,-122.4532850,6552.5,21497.7,0,0,0
885.80,0.0,0.0,12243,0.0,1,-13.7,0,0,18322.2,38.1590800,-122.4532850,6552.6,21498.0,0,0,0
885.90,0.0,0.0,12243,0.0,1,-13.7,0,0,18322.2,38.1590800,-122.4532850,6552.6,21498.0,0,0,0
886.00,0.0,0.0,12243,0.0,1,-13.7,0,0,18322.2,38.1590800,-122.4532850,6552.6,21498.0,0,0,0
886.10,0.0,0.0,12243,0.0,1,-13.7,0,0,18322.2,38.1590800,-122.4532850,6552.6,21498.0,0,0,0
886.20,0.0,0.0,12243,0.0,1,-13.7,0,0,18322.3,38.1590800,-122.4532860,6552.6,21498.0,0,0,0
886.30,0.0,0.0,12243,0.0,1,-13.7,0,0,18322.3,38.1590800,-122.4532860,6552.6,21498.0,0,0,0
886.40,0.0,0.0,12243,0.0,1,-13.7,0,0,18322.3,38.1590800,-122.4532860,6552.6,21498.0,0,0,0
886.50,0.0,0.0,12243,0.0,1,-13.7,0,0,18322.3,38.1590800,-122.4532860,6552.6,21498.0,0,0,0
886.60,0.0,0.0,12243,0.0,1,-13.7,0,0,18322.3,38.1590800,-122.4532860,6552.6,21498.0,0,0,0
886.70,0.0,0.0,12243,0.0,1,-13.7,0,0,18322.3,38.1590800,-122.4532860,6552.6,21498.0,0,0,0
886.80,0.0,0.0,12243,0.0,1,-13.7,0,0,18322.3,38.1590800,-122.4532860,6552.5,21497.7,0,0,0
886.90,0.0,0.0,12243,0.0,1,-13.7,0,0,18322.3,38.1590800,-122.4532860,6552.5,21497.7,0,0,0
887.00,0.0,0.0,12243,0.0,1,-13.7,0,0,18322.3,38.1590800,-122.4532860,6552.5,21497.7,0,0,0
887.10,0.0,0.0,12243,0.0,1,-13.7,0,0,18322.3,38.1590800,-122.4532860,6552.5,21497.7,0,0,0
887.20,0.0,0.0,12243,0.0,1,-13.7,0,0,18322.3,38.1590800,-122.4532860,6552.5,21497.7,0,0,0
887.30,0.0,0.0,12243,0.0,1,-13.7,0,0,18322.3,38.1590800,-122.4532860,6552.5,21497.7,0,0,0
887.40,0.0,0.0,12243,0.0,1,-13.7,0,0,18322.3,38.1590800,-122.4532860,6552.5,21497.7,0,0,0
887.50,0.0,0.0,12243,0.0,1,-13.7,0,0,18322.4,38.1590790,-122.4532860,6552.5,21497.7,0,0,0
887.60,0.0,0.0,12243,0.0,1,-13.7,0,0,18322.4,38.1590790,-122.4532860,6552.5,21497.7,0,0,0
887.70,0.0,0.0,12243,0.0,1,-13.7,0,0,18322.4,38.1590790,-122.4532860,6552.5,21497.7,0,0,0
887.80,0.0,0.0,12243,0.0,1,-13.7,0,0,18322.4,38.1590790,-122.4532860,6552.5,21497.7,0,0,0
887.90,0.0,0.0,12243,0.0,1,-13.7,0,0,18322.5,38.1590790,-122.4532850,6552.5,21497.7,0,0,0
888.00,0.0,0.0,12243,0.0,1,-13.7,0,0,18322.6,38.1590780,-122.4532850,6552.5,21497.7,0,0,0
888.10,0.0,0.0,12243,0.0,1,-13.7,0,0,18322.6,38.1590780,-122.4532850,6552.5,21497.7,0,0,0
888.20,0.0,0.0,12243,0.0,1,-13.7,0,0,18322.7,38.1590780,-122.4532860,6552.5,21497.7,0,0,0
888.30,0.0,0.0,12243,0.0,1,-13.7,0,0,18322.7,38.1590780,-122.4532860,6552.5,21497.7,0,0,0
888.40,0.0,0.0,12243,0.0,1,-13.7,0,0,18322.7,38.1590780,-122.4532860,6552.5,21497.7,0,0,0
888.50,0.0,0.0,12243,0.0,1,-13.7,0,0,18322.7,38.1590780,-122.4532860,6552.5,21497.7,0,0,0
888.60,0.0,0.0,12243,0.0,1,-13.7,0,0,18322.7,38.1590780,-122.4532860,6552.5,21497.7,0,0,0
888.70,0.0,0.0,12243,0.0,1,-13.7,0,0,18322.7,38.1590780,-122.4532860,6552.5,21497.7,0,0,0
888.80,0.0,0.0,12243,0.0,1,-13.7,0,0,18322.7,38.1590780,-122.4532860,6552.3,21497.0,0,0,0
888.90,0.0,0.0,12243,0.0,1,-13.7,0,0,18322.7,38.1590780,-122.4532860,6552.3,21497.0,0,0,0
889.00,0.0,0.0,12243,0.0,1,-13.7,0,0,18322.7,38.1590780,-122.4532860,6552.3,21497.0,0,0,0
889.10,0.0,0.0,12243,0.0,1,-13.7,0,0,18322.8,38.1590770,-122.4532860,6552.3,21497.0,0,0,0
889.20,0.0,0.0,12243,0.0,1,-13.7,0,0,18322.8,38.1590770,-122.4532860,6552.3,21497.0,0,0,0
889.30,0.0,0.0,12243,0.0,1,-13.7,0,0,18322.8,38.1590770,-122.4532860,6552.3,21497.0,0,0,0
889.40,0.0,0.0,12243,0.0,1,-13.7,0,0,18322.9,38.1590770,-122.4532870,6552.3,21497.0,0,0,0
889.50,0.0,0.0,12243,0.0,1,-13.7,0,0,18323.0,38.1590760,-122.4532870,6552.3,21497.0,0,0,0
889.60,0.0,0.0,12243,0.0,1,-13.6,0,0,18323.0,38.1590760,-122.4532870,6552.3,21497.0,0,0,0
889.70,0.0,0.0,12243,0.0,1,-13.6,0,0,18323.0,38.1590760,-122.4532870,6552.3,21497.0,0,0,0
889.80,0.0,0.0,12243,0.0,1,-13.7,0,0,18323.1,38.1590750,-122.4532870,6552.0,21496.1,0,0,0
889.90,0.0,0.0,12243,0.0,1,-13.6,0,0,18323.1,38.1590750,-122.4532870,6552.0,21496.1,0,0,0
890.00,0.0,0.0,12243,0.0,1,-13.6,0,0,18323.1,38.1590750,-122.4532870,6552.0,21496.1,0,0,0
890.10,0.0,0.0,12243,0.0,1,-13.6,0,0,18323.1,38.1590750,-122.4532870,6552.0,21496.1,0,0,0
890.20,0.0,0.0,12243,0.0,1,-13.6,0,0,18323.1,38.1590750,-122.4532870,6552.0,21496.1,0,0,0
890.30,0.0,0.0,12243,0.0,1,-13.6,0,0,18323.1,38.1590750,-122.4532870,6552.0,21496.1,0,0,0
890.40,0.0,0.0,12243,0.0,1,-13.6,0,0,18323.1,38.1590750,-122.4532870,6552.0,21496.1,0,0,0
890.50,0.0,0.0,12243,0.0,1,-13.6,0,0,18323.2,38.1590760,-122.4532870,6552.0,21496.1,0,0,0
890.60,0.0,0.0,12243,0.0,1,-13.6,0,0,18323.2,38.1590760,-122.4532870,6552.0,21496.1,0,0,0
890.70,0.0,0.0,12243,0.0,1,-13.6,0,0,18323.2,38.1590760,-122.4532870,6552.0,21496.1,0,0,0
890.80,0.0,0.0,12243,0.0,1,-13.6,0,0,18323.2,38.1590760,-122.4532870,6552.0,21496.1,0,0,0
890.90,0.0,0.0,12243,0.0,1,-13.6,0,0,18323.3,38.1590760,-122.4532880,6552.0,21496.1,0,0,0
891.00,0.0,0.0,12243,0.0,1,-13.6,0,0,18323.3,38.1590760,-122.4532880,6552.0,21496.1,0,0,0
891.10,0.0,0.0,12243,0.0,1,-13.6,0,0,18323.3,38.1590760,-122.4532880,6552.0,21496.1,0,0,0
891.20,0.0,0.0,12243,0.0,1,-13.6,0,0,18323.3,38.1590760,-122.4532880,6552.0,21496.1,0,0,0
891.30,0.0,0.0,12243,0.0,1,-13.6,0,0,18323.3,38.1590760,-122.4532880,6552.0,21496.1,0,0,0
891.40,0.0,0.0,12243,0.0,1,-13.6,0,0,18323.4,38.1590750,-122.4532880,6552.0,21496.1,0,0,0
891.50,0.0,0.0,12243,0.0,1,-13.7,0,0,18323.4,38.1590750,-122.4532880,6552.0,21496.1,0,0,0
891.60,0.0,0.0,12243,0.0,1,-13.7,0,0,18323.4,38.1590750,-122.4532880,6552.0,21496.1,0,0,0
891.70,0.0,0.0,12243,0.0,1,-13.7,0,0,18323.4,38.1590750,-122.4532880,6552.0,21496.1,0,0,0
891.80,0.0,0.0,12243,0.0,1,-13.7,0,0,18323.4,38.1590750,-122.4532880,6551.7,21495.1,0,0,0
891.90,0.0,0.0,12243,0.0,1,-13.7,0,0,18323.4,38.1590750,-122.4532880,6551.7,21495.1,0,0,0
892.00,0.0,0.0,12243,0.0,1,-13.7,0,0,18323.4,38.1590750,-122.4532880,6551.7,21495.1,0,0,0
892.10,0.0,0.0,12243,0.0,1,-13.7,0,0,18323.6,38.1590740,-122.4532880,6551.7,21495.1,0,0,0
892.20,0.0,0.0,12243,0.0,1,-13.7,0,0,18323.6,38.1590740,-122.4532880,6551.7,21495.1,0,0,0
892.30,0.0,0.0,12243,0.0,1,-13.7,0,0,18323.6,38.1590740,-122.4532880,6551.7,21495.1,0,0,0
892.40,0.0,0.0,12243,0.0,1,-13.7,0,0,18323.6,38.1590740,-122.4532880,6551.7,21495.1,0,0,0
892.50,0.0,0.0,12243,0.0,1,-13.7,0,0,18323.7,38.1590730,-122.4532880,6551.7,21495.1,0,0,0
892.60,0.0,0.0,12243,0.0,1,-13.7,0,0,18323.8,38.1590730,-122.4532890,6551.7,21495.1,0,0,0
892.70,0.0,0.0,12243,0.0,1,-13.7,0,0,18323.8,38.1590730,-122.4532890,6551.7,21495.1,0,0,0
892.80,0.0,0.0,12243,0.0,1,-13.6,0,0,18323.8,38.1590730,-122.4532890,6551.4,21494.1,0,0,0
892.90,0.0,0.0,12243,0.0,1,-13.6,0,0,18323.8,38.1590730,-122.4532890,6551.4,21494.1,0,0,0
893.00,0.0,0.0,12243,0.0,1,-13.6,0,0,18323.8,38.1590730,-122.4532890,6551.4,21494.1,0,0,0
893.10,0.0,0.0,12243,0.0,1,-13.6,0,0,18323.8,38.1590730,-122.4532890,6551.4,21494.1,0,0,0
893.20,0.0,0.0,12243,0.0,1,-13.6,0,0,18323.9,38.1590720,-122.4532890,6551.4,21494.1,0,0,0
893.30,0.0,0.0,12243,0.0,1,-13.6,0,0,18323.9,38.1590720,-122.4532890,6551.4,21494.1,0,0,0
893.40,0.0,0.0,12243,0.0,1,-13.7,0,0,18324.0,38.1590710,-122.4532900,6551.4,21494.1,0,0,0
893.50,0.0,0.0,12243,0.0,1,-13.7,0,0,18324.0,38.1590710,-122.4532900,6551.4,21494.1,0,0,0
893.60,0.0,0.0,12243,0.0,1,-13.7,0,0,18324.0,38.1590710,-122.4532900,6551.4,21494.1,0,0,0
893.70,0.0,0.0,12243,0.0,1,-13.7,0,0,18324.0,38.1590710,-122.4532900,6551.4,21494.1,0,0,0
893.80,0.0,0.0,12243,0.0,1,-13.7,0,0,18324.0,38.1590710,-122.4532900,6551.1,21493.1,0,0,0
893.90,0.0,0.0,12243,0.0,1,-13.7,0,0,18324.0,38.1590710,-122.4532900,6551.1,21493.1,0,0,0
894.00,0.0,0.0,12243,0.0,1,-13.7,0,0,18324.0,38.1590710,-122.4532900,6551.1,21493.1,0,0,0
894.10,0.0,0.0,12243,0.0,1,-13.7,0,0,18324.0,38.1590710,-122.4532900,6551.1,21493.1,0,0,0
894.20,0.0,0.0,12243,0.0,1,-13.7,0,0,18324.0,38.1590710,-122.4532900,6551.1,21493.1,0,0,0
894.30,0.0,0.0,12243,0.0,1,-13.7,0,0,18324.0,38.1590710,-122.4532900,6551.1,21493.1,0,0,0
894.40,0.0,0.0,12243,0.0,1,-13.7,0,0,18324.0,38.1590710,-122.4532900,6551.1,21493.1,0,0,0
894.50,0.0,0.0,12243,0.0,1,-13.7,0,0,18324.0,38.1590710,-122.4532900,6551.1,21493.1,0,0,0
894.60,0.0,0.0,12243,0.0,1,-13.7,0,0,18324.1,38.1590700,-122.4532900,6551.1,21493.1,0,0,0
894.70,0.0,0.0,12243,0.0,1,-13.7,0,0,18324.1,38.1590700,-122.4532900,6551.1,21493.1,0,0,0
894.80,0.0,0.0,12243,0.0,1,-13.6,0,0,18324.1,38.1590700,-122.4532900,6551.0,21492.8,0,0,0
894.90,0.0,0.0,12243,0.0,1,-13.6,0,0,18324.1,38.1590700,-122.4532900,6551.0,21492.8,0,0,0
895.00,0.0,0.0,12243,0.0,1,-13.7,0,0,18324.1,38.1590700,-122.4532900,6551.0,21492.8,0,0,0
895.10,0.0,0.0,12243,0.0,1,-13.7,0,0,18324.2,38.1590700,-122.4532910,6551.0,21492.8,0,0,0
895.20,0.0,0.0,12243,0.0,1,-13.6,0,0,18324.3,38.1590690,-122.4532910,6551.0,21492.8,0,0,0
895.30,0.0,0.0,12243,0.0,1,-13.6,0,0,18324.4,38.1590700,-122.4532910,6551.0,21492.8,0,0,0
895.40,0.0,0.0,12243,0.0,1,-13.6,0,0,18324.4,38.1590700,-122.4532910,6551.0,21492.8,0,0,0
895.50,0.0,0.0,12243,0.0,1,-13.7,0,0,18324.4,38.1590700,-122.4532910,6551.0,21492.8,0,0,0
895.60,0.0,0.0,12243,0.0,1,-13.7,0,0,18324.4,38.1590700,-122.4532910,6551.0,21492.8,0,0,0
895.70,0.0,0.0,12243,0.0,1,-13.6,0,0,18324.4,38.1590700,-122.4532910,6551.0,21492.8,0,0,0
895.80,0.0,0.0,12243,0.0,1,-13.7,0,0,18324.5,38.1590700,-122.4532920,6551.0,21492.8,0,0,0
895.90,0.0,0.0,12243,0.0,1,-13.7,0,0,18324.5,38.1590700,-122.4532920,6551.0,21492.8,0,0,0
896.00,0.0,0.0,12243,0.0,1,-13.7,0,0,18324.6,38.1590710,-122.4532920,6551.0,21492.8,0,0,0
896.10,0.0,0.0,12243,0.0,1,-13.6,0,0,18324.6,38.1590710,-122.4532920,6551.0,21492.8,0,0,0
896.20,0.0,0.0,12243,0.0,1,-13.7,0,0,18324.7,38.1590720,-122.4532920,6551.0,21492.8,0,0,0
896.30,0.0,0.0,12243,0.0,1,-13.7,0,0,18324.8,38.1590720,-122.4532930,6551.0,21492.8,0,0,0
896.40,0.0,0.0,12243,0.0,1,-13.7,0,0,18324.8,38.1590720,-122.4532930,6551.0,21492.8,0,0,0
896.50,0.0,0.0,12243,0.0,1,-13.6,0,0,18324.8,38.1590720,-122.4532930,6551.0,21492.8,0,0,0
896.60,0.0,0.0,12243,0.0,1,-13.7,0,0,18324.8,38.1590720,-122.4532930,6551.0,21492.8,0,0,0
896.70,0.0,0.0,12243,0.0,1,-13.7,0,0,18324.8,38.1590720,-122.4532930,6551.0,21492.8,0,0,0
896.80,0.0,0.0,12243,0.0,1,-13.6,0,0,18324.9,38.1590710,-122.4532930,6551.0,21492.8,0,0,0
896.90,0.0,0.0,12243,0.0,1,-13.7,0,0,18325.0,38.1590720,-122.4532930,6551.0,21492.8,0,0,0
897.00,0.0,0.0,12243,0.0,1,-13.6,0,0,18325.0,38.1590720,-122.4532930,6551.0,21492.8,0,0,0
897.10,0.0,0.0,12243,0.0,1,-13.6,0,0,18325.1,38.1590720,-122.4532940,6551.0,21492.8,0,0,0
897.20,0.0,0.0,12243,0.0,1,-13.7,0,0,18325.1,38.1590720,-122.4532940,6551.0,21492.8,0,0,0
897.30,0.0,0.0,12243,0.0,1,-13.7,0,0,18325.1,38.1590720,-122.4532940,6551.0,21492.8,0,0,0
897.40,0.0,0.0,12243,0.0,1,-13.6,0,0,18325.1,38.1590720,-122.4532940,6551.0,21492.8,0,0,0
897.50,0.0,0.0,12243,0.0,1,-13.7,0,0,18325.1,38.1590720,-122.4532940,6551.0,21492.8,0,0,0
897.60,0.0,0.0,12243,0.0,1,-13.6,0,0,18325.1,38.1590720,-122.4532940,6551.0,21492.8,0,0,0
897.70,0.0,0.0,12243,0.0,1,-13.7,0,0,18325.2,38.1590730,-122.4532940,6551.0,21492.8,0,0,0
897.80,0.0,0.0,12243,0.0,1,-13.6,0,0,18325.3,38.1590730,-122.4532950,6551.0,21492.8,0,0,0
897.90,0.0,0.0,12243,0.0,1,-13.7,0,0,18325.5,38.1590740,-122.4532940,6551.0,21492.8,0,0,0
898.00,0.0,0.0,12243,0.0,1,-13.7,0,0,18325.6,38.1590750,-122.4532950,6551.0,21492.8,0,0,0
898.10,0.0,0.0,12243,0.0,1,-13.7,0,0,18325.7,38.1590750,-122.4532940,6551.0,21492.8,0,0,0
898.20,0.0,0.0,12243,0.0,1,-13.7,0,0,18325.8,38.1590750,-122.4532950,6551.0,21492.8,0,0,0
898.30,0.0,0.0,12243,0.0,1,-13.7,0,0,18325.8,38.1590750,-122.4532950,6551.0,21492.8,0,0,0
898.40,0.0,0.0,12243,0.0,1,-13.7,0,0,18325.8,38.1590750,-122.4532950,6551.0,21492.8,0,0,0
898.50,0.0,0.0,12243,0.0,1,-13.7,0,0,18325.8,38.1590750,-122.4532950,6551.0,21492.8,0,0,0
898.60,0.0,0.0,12243,0.0,1,-13.7,0,0,18325.9,38.1590740,-122.4532950,6551.0,21492.8,0,0,0
898.70,0.0,0.0,12243,0.0,1,-13.7,0,0,18326.0,38.1590740,-122.4532960,6551.0,21492.8,0,0,0
898.80,0.0,0.0,12243,0.0,1,-13.7,0,0,18326.0,38.1590740,-122.4532960,6551.2,21493.4,0,0,0
898.90,0.0,0.0,12243,0.0,1,-13.7,0,0,18326.1,38.1590750,-122.4532960,6551.2,21493.4,0,0,0
899.00,0.0,0.0,12243,0.0,1,-13.7,0,0,18326.1,38.1590750,-122.4532960,6551.2,21493.4,0,0,0
899.10,0.0,0.0,12243,0.0,1,-13.7,0,0,18326.1,38.1590750,-122.4532960,6551.2,21493.4,0,0,0
899.20,0.0,0.0,12243,0.0,1,-13.7,0,0,18326.1,38.1590750,-122.4532960,6551.2,21493.4,0,0,0
899.30,0.0,0.0,12243,0.0,1,-13.7,0,0,18326.1,38.1590750,-122.4532960,6551.2,21493.4,0,0,0
899.40,0.0,0.0,12243,0.0,1,-13.7,0,0,18326.1,38.1590750,-122.4532960,6551.2,21493.4,0,0,0
899.50,0.0,0.0,12243,0.0,1,-13.7,0,0,18326.2,38.1590760,-122.4532960,6551.2,21493.4,0,0,0
899.60,0.0,0.0,12243,0.0,1,-13.7,0,0,18326.3,38.1590760,-122.4532970,6551.2,21493.4,0,0,0
899.70,0.0,0.0,12243,0.0,1,-13.7,0,0,18326.3,38.1590760,-122.4532970,6551.2,21493.4,0,0,0
899.80,0.0,0.0,12243,0.0,1,-13.7,0,0,18326.4,38.1590770,-122.4532970,6551.3,21493.8,0,0,0
899.90,0.0,0.0,12243,0.0,1,-13.7,0,0,18326.4,38.1590770,-122.4532970,6551.3,21493.8,0,0,0
900.00,0.0,0.0,12243,0.0,1,-13.7,0,0,18326.4,38.1590770,-122.4532970,6551.3,21493.8,0,0,0
900.10,0.0,0.0,12243,0.0,1,-13.7,0,0,18326.5,38.1590780,-122.4532970,6551.3,21493.8,0,0,0
900.20,0.0,0.0,12243,0.0,1,-13.7,0,0,18326.5,38.1590780,-122.4532970,6551.3,21493.8,0,0,0
900.30,0.0,0.0,12243,0.0,1,-13.7,0,0,18326.5,38.1590780,-122.4532970,6551.3,21493.8,0,0,0
900.40,0.0,0.0,12243,0.0,1,-13.7,0,0,18326.5,38.1590780,-122.4532970,6551.3,21493.8,0,0,0
900.50,0.0,0.0,12243,0.0,1,-13.7,0,0,18326.6,38.1590790,-122.4532970,6551.3,21493.8,0,0,0
900.60,0.0,0.0,12243,0.0,1,-13.7,0,0,18326.8,38.1590780,-122.4532980,6551.3,21493.8,0,0,0
900.70,0.0,0.0,12243,0.0,1,-13.7,0,0,18326.8,38.1590780,-122.4532980,6551.3,21493.8,0,0,0
900.80,0.0,0.0,12243,0.0,1,-13.7,0,0,18326.8,38.1590780,-122.4532980,6551.4,21494.1,0,0,0
900.90,0.0,0.0,12243,0.0,1,-13.7,0,0,18326.9,38.1590790,-122.4532980,6551.4,21494.1,0,0,0
901.00,0.0,0.0,12243,0.0,1,-13.7,0,0,18326.9,38.1590790,-122.4532980,6551.4,21494.1,0,0,0
901.10,0.0,0.0,12243,0.0,1,-13.7,0,0,18326.9,38.1590790,-122.4532980,6551.4,21494.1,0,0,0
901.20,0.0,0.0,12243,0.0,1,-13.7,0,0,18326.9,38.1590790,-122.4532980,6551.4,21494.1,0,0,0
901.30,0.0,0.0,12243,0.0,1,-13.7,0,0,18327.0,38.1590800,-122.4532980,6551.4,21494.1,0,0,0
901.40,0.0,0.0,12243,0.0,1,-13.7,0,0,18327.1,38.1590790,-122.4532980,6551.4,21494.1,0,0,0
901.50,0.0,0.0,12243,0.0,1,-13.7,0,0,18327.2,38.1590790,-122.4532990,6551.4,21494.1,0,0,0
901.60,0.0,0.0,12243,0.0,1,-13.7,0,0,18327.2,38.1590790,-122.4532990,6551.4,21494.1,0,0,0
901.70,0.0,0.0,12243,0.0,1,-13.7,0,0,18327.2,38.1590790,-122.4532990,6551.4,21494.1,0,0,0
901.80,0.0,0.0,12243,0.0,1,-13.7,0,0,18327.3,38.1590800,-122.4532990,6551.5,21494.4,0,0,0
901.90,0.0,0.0,12243,0.0,1,-13.7,0,0,18327.4,38.1590790,-122.4532990,6551.5,21494.4,0,0,0
902.00,0.0,0.0,12243,0.0,1,-13.7,0,0,18327.5,38.1590790,-122.4533000,6551.5,21494.4,0,0,0
902.10,0.0,0.0,12243,0.0,1,-13.7,0,0,18327.6,38.1590790,-122.4532990,6551.5,21494.4,0,0,0
902.20,0.0,0.0,12243,0.0,1,-13.7,0,0,18327.7,38.1590780,-122.4533000,6551.5,21494.4,0,0,0
902.30,0.0,0.0,12243,0.0,1,-13.7,0,0,18327.7,38.1590780,-122.4533000,6551.5,21494.4,0,0,0
902.40,0.0,0.0,12243,0.0,1,-13.7,0,0,18327.7,38.1590780,-122.4533000,6551.5,21494.4,0,0,0
902.50,0.0,0.0,12243,0.0,1,-13.7,0,0,18327.7,38.1590780,-122.4533000,6551.5,21494.4,0,0,0
902.60,0.0,0.0,12243,0.0,1,-13.7,0,0,18327.8,38.1590770,-122.4533000,6551.5,21494.4,0,0,0
902.70,0.0,0.0,12243,0.0,1,-13.7,0,0,18327.8,38.1590770,-122.4533000,6551.5,21494.4,0,0,0
902.80,0.0,0.0,12243,0.0,1,-13.7,0,0,18327.8,38.1590770,-122.4533000,6551.1,21493.1,0,0,0
902.90,0.0,0.0,12243,0.0,1,-13.7,0,0,18327.9,38.1590770,-122.4533010,6551.1,21493.1,0,0,0
903.00,0.0,0.0,12243,0.0,1,-13.7,0,0,18327.9,38.1590770,-122.4533010,6551.1,21493.1,0,0,0
903.10,0.0,0.0,12243,0.0,1,-13.7,0,0,18327.9,38.1590770,-122.4533010,6551.1,21493.1,0,0,0
903.20,0.0,0.0,12243,0.0,1,-13.7,0,0,18327.9,38.1590770,-122.4533010,6551.1,21493.1,0,0,0
903.30,0.0,0.0,12243,0.0,1,-13.7,0,0,18327.9,38.1590770,-122.4533010,6551.1,21493.1,0,0,0
903.40,0.0,0.0,12243,0.0,1,-13.7,0,0,18328.0,38.1590760,-122.4533010,6551.1,21493.1,0,0,0
903.50,0.0,0.0,12243,0.0,1,-13.7,0,0,18328.0,38.1590760,-122.4533010,6551.1,21493.1,0,0,0
903.60,0.0,0.0,12243,0.0,1,-13.7,0,0,18328.2,38.1590750,-122.4533010,6551.1,21493.1,0,0,0
903.70,0.0,0.0,12243,0.0,1,-13.7,0,0,18328.3,38.1590740,-122.4533010,6551.1,21493.1,0,0,0
903.80,0.0,0.0,12243,0.0,1,-13.7,0,0,18328.4,38.1590730,-122.4533010,6550.5,21491.1,0,0,0
903.90,0.0,0.0,12243,0.0,1,-13.7,0,0,18328.4,38.1590730,-122.4533010,6550.5,21491.1,0,0,0
904.00,0.0,0.0,12243,0.0,1,-13.7,0,0,18328.5,38.1590720,-122.4533010,6550.5,21491.1,0,0,0
904.10,0.0,0.0,12243,0.0,1,-13.7,0,0,18328.6,38.1590710,-122.4533010,6550.5,21491.1,0,0,0
904.20,0.0,0.0,12243,0.0,1,-13.7,0,0,18328.7,38.1590700,-122.4533010,6550.5,21491.1,0,0,0
904.30,0.0,0.0,12243,0.0,1,-13.7,0,0,18328.7,38.1590700,-122.4533010,6550.5,21491.1,0,0,0
904.40,0.0,0.0,12243,0.0,1,-13.7,0,0,18328.8,38.1590690,-122.4533010,6550.5,21491.1,0,0,0
904.50,0.0,0.0,12243,0.0,1,-13.7,0,0,18328.9,38.1590680,-122.4533010,6550.5,21491.1,0,0,0
904.60,0.0,0.0,12243,0.0,1,-13.7,0,0,18329.0,38.1590690,-122.4533010,6550.5,21491.1,0,0,0
904.70,0.0,0.0,12243,0.0,1,-13.7,0,0,18329.0,38.1590690,-122.4533010,6550.5,21491.1,0,0,0
904.80,0.0,0.0,12243,0.0,1,-13.7,0,0,18329.0,38.1590690,-122.4533010,6550.1,21489.8,0,0,0
904.90,0.0,0.0,12243,0.0,1,-13.7,0,0,18329.0,38.1590690,-122.4533010,6550.1,21489.8,0,0,0
905.00,0.0,0.0,12243,0.0,1,-13.7,0,0,18329.0,38.1590690,-122.4533010,6550.1,21489.8,0,0,0
905.10,0.0,0.0,12243,0.0,1,-13.7,0,0,18329.2,38.1590700,-122.4533020,6550.1,21489.8,0,0,0
905.20,0.0,0.0,12243,0.0,1,-13.7,0,0,18329.3,38.1590690,-122.4533020,6550.1,21489.8,0,0,0
905.30,0.0,0.0,12243,0.0,1,-13.7,0,0,18329.3,38.1590690,-122.4533020,6550.1,21489.8,0,0,0
905.40,0.0,0.0,12243,0.0,1,-13.7,0,0,18329.3,38.1590690,-122.4533020,6550.1,21489.8,0,0,0
905.50,0.0,0.0,12243,0.0,1,-13.7,0,0,18329.3,38.1590690,-122.4533020,6550.1,21489.8,0,0,0
905.60,0.0,0.0,12243,0.0,1,-13.7,0,0,18329.3,38.1590690,-122.4533020,6550.1,21489.8,0,0,0
905.70,0.0,0.0,12243,0.0,1,-13.7,0,0,18329.3,38.1590690,-122.4533020,6550.1,21489.8,0,0,0
905.80,0.0,0.0,12243,0.0,1,-13.7,0,0,18329.3,38.1590690,-122.4533020,6550.0,21489.5,0,0,0
905.90,0.0,0.0,12243,0.0,1,-13.7,0,0,18329.3,38.1590690,-122.4533020,6550.0,21489.5,0,0,0
906.00,0.0,0.0,12243,0.0,1,-13.7,0,0,18329.4,38.1590700,-122.4533020,6550.0,21489.5,0,0,0
906.10,0.0,0.0,12243,0.0,1,-13.7,0,0,18329.4,38.1590700,-122.4533020,6550.0,21489.5,0,0,0
906.20,0.0,0.0,12243,0.0,1,-13.7,0,0,18329.5,38.1590700,-122.4533030,6550.0,21489.5,0,0,0
906.30,0.0,0.0,12243,0.0,1,-13.7,0,0,18329.5,38.1590700,-122.4533030,6550.0,21489.5,0,0,0
906.40,0.0,0.0,12243,0.0,1,-13.7,0,0,18329.5,38.1590700,-122.4533030,6550.0,21489.5,0,0,0
906.50,0.0,0.0,12243,0.0,1,-13.7,0,0,18329.6,38.1590710,-122.4533030,6550.0,21489.5,0,0,0
906.60,0.0,0.0,12243,0.0,1,-13.7,0,0,18329.6,38.1590710,-122.4533030,6550.0,21489.5,0,0,0
906.70,0.0,0.0,12243,0.0,1,-13.7,0,0,18329.6,38.1590710,-122.4533030,6550.0,21489.5,0,0,0
906.80,0.0,0.0,12243,0.0,1,-13.7,0,0,18329.6,38.1590710,-122.4533030,6550.1,21489.8,0,0,0
906.90,0.0,0.0,12243,0.0,1,-13.7,0,0,18329.6,38.1590710,-122.4533030,6550.1,21489.8,0,0,0
907.00,0.0,0.0,12243,0.0,1,-13.7,0,0,18329.7,38.1590720,-122.4533030,6550.1,21489.8,0,0,0
907.10,0.0,0.0,12243,0.0,1,-13.7,0,0,18329.8,38.1590720,-122.4533040,6550.1,21489.8,0,0,0
907.20,0.0,0.0,12243,0.0,1,-13.7,0,0,18329.9,38.1590730,-122.4533040,6550.1,21489.8,0,0,0
907.30,0.0,0.0,12243,0.0,1,-13.7,0,0,18329.9,38.1590730,-122.4533040,6550.1,21489.8,0,0,0
907.40,0.0,0.0,12243,0.0,1,-13.7,0,0,18330.0,38.1590740,-122.4533040,6550.1,21489.8,0,0,0
907.50,0.0,0.0,12243,0.0,1,-13.7,0,0,18330.0,38.1590740,-122.4533040,6550.1,21489.8,0,0,0
907.60,0.0,0.0,12243,0.0,1,-13.7,0,0,18330.0,38.1590740,-122.4533040,6550.1,21489.8,0,0,0
907.70,0.0,0.0,12243,0.0,1,-13.7,0,0,18330.0,38.1590740,-122.4533040,6550.1,21489.8,0,0,0
907.80,0.0,0.0,12243,0.0,1,-13.7,0,0,18330.1,38.1590740,-122.4533050,6550.2,21490.2,0,0,0
907.90,0.0,0.0,12243,0.0,1,-13.7,0,0,18330.2,38.1590730,-122.4533050,6550.2,21490.2,0,0,0
908.00,0.0,0.0,12243,0.0,1,-13.7,0,0,18330.2,38.1590730,-122.4533050,6550.2,21490.2,0,0,0
908.10,0.0,0.0,12243,0.0,1,-13.6,0,0,18330.2,38.1590730,-122.4533050,6550.2,21490.2,0,0,0
908.20,0.0,0.0,12243,0.0,1,-13.7,0,0,18330.3,38.1590720,-122.4533050,6550.2,21490.2,0,0,0
908.30,0.0,0.0,12243,0.0,1,-13.7,0,0,18330.3,38.1590720,-122.4533050,6550.2,21490.2,0,0,0
908.40,0.0,0.0,12243,0.0,1,-13.7,0,0,18330.4,38.1590730,-122.4533050,6550.2,21490.2,0,0,0
908.50,0.0,0.0,12243,0.0,1,-13.6,0,0,18330.4,38.1590730,-122.4533050,6550.2,21490.2,0,0,0
908.60,0.0,0.0,12243,0.0,1,-13.7,0,0,18330.4,38.1590730,-122.4533050,6550.2,21490.2,0,0,0
908.70,0.0,0.0,12243,0.0,1,-13.6,0,0,18330.4,38.1590730,-122.4533050,6550.2,21490.2,0,0,0
908.80,0.0,0.0,12243,0.0,1,-13.7,0,0,18330.6,38.1590720,-122.4533050,6549.9,21489.2,0,0,0
908.90,0.0,0.0,12243,0.0,1,-13.7,0,0,18330.6,38.1590720,-122.4533050,6549.9,21489.2,0,0,0
909.00,0.0,0.0,12243,0.0,1,-13.7,0,0,18330.7,38.1590710,-122.4533050,6549.9,21489.2,0,0,0
909.10,0.0,0.0,12243,0.0,1,-13.7,0,0,18330.7,38.1590710,-122.4533050,6549.9,21489.2,0,0,0
909.20,0.0,0.0,12243,0.0,1,-13.6,0,0,18330.7,38.1590710,-122.4533050,6549.9,21489.2,0,0,0
909.30,0.0,0.0,12243,0.0,1,-13.7,0,0,18330.7,38.1590710,-122.4533050,6549.9,21489.2,0,0,0
909.40,0.0,0.0,12243,0.0,1,-13.7,0,0,18330.7,38.1590710,-122.4533050,6549.9,21489.2,0,0,0
909.50,0.0,0.0,12243,0.0,1,-13.7,0,0,18330.8,38.1590710,-122.4533060,6549.9,21489.2,0,0,0
909.60,0.0,0.0,12243,0.0,1,-13.6,0,0,18330.8,38.1590710,-122.4533060,6549.9,21489.2,0,0,0
909.70,0.0,0.0,12243,0.0,1,-13.7,0,0,18330.8,38.1590710,-122.4533060,6549.9,21489.2,0,0,0
909.80,0.0,0.0,12243,0.0,1,-13.7,0,0,18330.8,38.1590710,-122.4533060,6549.6,21488.2,0,0,0
909.90,0.0,0.0,12243,0.0,1,-13.7,0,0,18330.8,38.1590710,-122.4533060,6549.6,21488.2,0,0,0
910.00,0.0,0.0,12243,0.0,1,-13.6,0,0,18330.8,38.1590710,-122.4533060,6549.6,21488.2,0,0,0
910.10,0.0,0.0,12243,0.0,1,-13.7,0,0,18330.8,38.1590710,-122.4533060,6549.6,21488.2,0,0,0
910.20,0.0,0.0,12243,0.0,1,-13.6,0,0,18330.8,38.1590710,-122.4533060,6549.6,21488.2,0,0,0
910.30,0.0,0.0,12243,0.0,1,-13.7,0,0,18330.8,38.1590710,-122.4533060,6549.6,21488.2,0,0,0
910.40,0.0,0.0,12243,0.0,1,-13.6,0,0,18330.8,38.1590710,-122.4533060,6549.6,21488.2,0,0,0
910.50,0.0,0.0,12243,0.0,1,-13.7,0,0,18330.8,38.1590710,-122.4533060,6549.6,21488.2,0,0,0
910.60,0.0,0.0,12243,0.0,1,-13.6,0,0,18330.9,38.1590700,-122.4533060,6549.6,21488.2,0,0,0
910.70,0.0,0.0,12243,0.0,1,-13.7,0,0,18330.9,38.1590700,-122.4533060,6549.6,21488.2,0,0,0
910.80,0.0,0.0,12243,0.0,1,-13.6,0,0,18330.9,38.1590700,-122.4533060,6549.4,21487.5,0,0,0
910.90,0.0,0.0,12243,0.0,1,-13.7,0,0,18330.9,38.1590700,-122.4533060,6549.4,21487.5,0,0,0
911.00,0.0,0.0,12243,0.0,1,-13.6,0,0,18330.9,38.1590700,-122.4533060,6549.4,21487.5,0,0,0
911.10,0.0,0.0,12243,0.0,1,-13.7,0,0,18331.0,38.1590690,-122.4533060,6549.4,21487.5,0,0,0
911.20,0.0,0.0,12243,0.0,1,-13.6,0,0,18331.0,38.1590690,-122.4533060,6549.4,21487.5,0,0,0
911.30,0.0,0.0,12243,0.0,1,-13.7,0,0,18331.0,38.1590690,-122.4533060,6549.4,21487.5,0,0,0
911.40,0.0,0.0,12243,0.0,1,-13.7,0,0,18331.0,38.1590690,-122.4533060,6549.4,21487.5,0,0,0
911.50,0.0,0.0,12243,0.0,1,-13.6,0,0,18331.1,38.1590680,-122.4533060,6549.4,21487.5,0,0,0
911.60,0.0,0.0,12243,0.0,1,-13.7,0,0,18331.1,38.1590680,-122.4533060,6549.4,21487.5,0,0,0
911.70,0.0,0.0,12243,0.0,1,-13.7,0,0,18331.1,38.1590680,-122.4533060,6549.4,21487.5,0,0,0
911.80,0.0,0.0,12243,0.0,1,-13.7,0,0,18331.2,38.1590670,-122.4533060,6549.2,21486.9,0,0,0
911.90,0.0,0.0,12243,0.0,1,-13.7,0,0,18331.2,38.1590670,-122.4533060,6549.2,21486.9,0,0,0
912.00,0.0,0.0,12243,0.0,1,-13.7,0,0,18331.2,38.1590670,-122.4533060,6549.2,21486.9,0,0,0
912.10,0.0,0.0,12243,0.0,1,-13.7,0,0,18331.3,38.1590660,-122.4533060,6549.2,21486.9,0,0,0
912.20,0.0,0.0,12243,0.0,1,-13.7,0,0,18331.3,38.1590660,-122.4533060,6549.2,21486.9,0,0,0
912.30,0.0,0.0,12243,0.0,1,-13.7,0,0,18331.3,38.1590660,-122.4533060,6549.2,21486.9,0,0,0
912.40,0.0,0.0,12243,0.0,1,-13.7,0,0,18331.3,38.1590660,-122.4533060,6549.2,21486.9,0,0,0
912.50,0.0,0.0,12243,0.0,1,-13.7,0,0,18331.4,38.1590660,-122.4533070,6549.2,21486.9,0,0,0
912.60,0.0,0.0,12243,0.0,1,-13.7,0,0,18331.4,38.1590660,-122.4533070,6549.2,21486.9,0,0,0
912.70,0.0,0.0,12243,0.0,1,-13.6,0,0,18331.4,38.1590660,-122.4533070,6549.2,21486.9,0,0,0
912.80,0.0,0.0,12243,0.0,1,-13.7,0,0,18331.4,38.1590660,-122.4533070,6549.0,21486.2,0,0,0
912.90,0.0,0.0,12243,0.0,1,-13.7,0,0,18331.4,38.1590660,-122.4533070,6549.0,21486.2,0,0,0
913.00,0.0,0.0,12243,0.0,1,-13.7,0,0,18331.4,38.1590660,-122.4533070,6549.0,21486.2,0,0,0
913.10,0.0,0.0,12243,0.0,1,-13.7,0,0,18331.4,38.1590660,-122.4533070,6549.0,21486.2,0,0,0
913.20,0.0,0.0,12243,0.0,1,-13.7,0,0,18331.4,38.1590660,-122.4533070,6549.0,21486.2,0,0,0
913.30,0.0,0.0,12243,0.0,1,-13.7,0,0,18331.4,38.1590660,-122.4533070,6549.0,21486.2,0,0,0
913.40,0.0,0.0,12243,0.0,1,-13.7,0,0,18331.4,38.1590660,-122.4533070,6549.0,21486.2,0,0,0
913.50,0.0,0.0,12243,0.0,1,-13.6,0,0,18331.5,38.1590650,-122.4533070,6549.0,21486.2,0,0,0
913.60,0.0,0.0,12243,0.0,1,-13.7,0,0,18331.5,38.1590650,-122.4533070,6549.0,21486.2,0,0,0
913.70,0.0,0.0,12243,0.0,1,-13.6,0,0,18331.5,38.1590650,-122.4533070,6549.0,21486.2,0,0,0
913.80,0.0,0.0,12243,0.0,1,-13.7,0,0,18331.5,38.1590650,-122.4533070,6548.9,21485.9,0,0,0
913.90,0.0,0.0,12243,0.0,1,-13.6,0,0,18331.5,38.1590650,-122.4533070,6548.9,21485.9,0,0,0
914.00,0.0,0.0,12243,0.0,1,-13.7,0,0,18331.5,38.1590650,-122.4533070,6548.9,21485.9,0,0,0
914.10,0.0,0.0,12243,0.0,1,-13.6,0,0,18331.6,38.1590640,-122.4533070,6548.9,21485.9,0,0,0
914.20,0.0,0.0,12243,0.0,1,-13.7,0,0,18331.6,38.1590640,-122.4533070,6548.9,21485.9,0,0,0
914.30,0.0,0.0,12243,0.0,1,-13.7,0,0,18331.6,38.1590640,-122.4533070,6548.9,21485.9,0,0,0
914.40,0.0,0.0,12243,0.0,1,-13.6,0,0,18331.6,38.1590640,-122.4533070,6548.9,21485.9,0,0,0
914.50,0.0,0.0,12243,0.0,1,-13.7,0,0,18331.6,38.1590640,-122.4533070,6548.9,21485.9,0,0,0
914.60,0.0,0.0,12243,0.0,1,-13.7,0,0,18331.6,38.1590640,-122.4533070,6548.9,21485.9,0,0,0
914.70,0.0,0.0,12243,0.0,1,-13.7,0,0,18331.6,38.1590640,-122.4533070,6548.9,21485.9,0,0,0
914.80,0.0,0.0,12243,0.0,1,-13.6,0,0,18331.6,38.1590640,-122.4533070,6548.8,21485.6,0,0,0
914.90,0.0,0.0,12243,0.0,1,-13.7,0,0,18331.6,38.1590640,-122.4533070,6548.8,21485.6,0,0,0
915.00,0.0,0.0,12243,0.0,1,-13.6,0,0,18331.7,38.1590630,-122.4533070,6548.8,21485.6,0,0,0
915.10,0.0,0.0,12243,0.0,1,-13.7,0,0,18331.7,38.1590630,-122.4533070,6548.8,21485.6,0,0,0
915.20,0.0,0.0,12243,0.0,1,-13.7,0,0,18331.8,38.1590640,-122.4533070,6548.8,21485.6,0,0,0
915.30,0.0,0.0,12243,0.0,1,-13.7,0,0,18331.8,38.1590640,-122.4533070,6548.8,21485.6,0,0,0
915.40,0.0,0.0,12243,0.0,1,-13.6,0,0,18331.8,38.1590640,-122.4533070,6548.8,21485.6,0,0,0
915.50,0.0,0.0,12243,0.0,1,-13.7,0,0,18331.8,38.1590640,-122.4533070,6548.8,21485.6,0,0,0
915.60,0.0,0.0,12243,0.0,1,-13.7,0,0,18331.8,38.1590640,-122.4533070,6548.8,21485.6,0,0,0
915.70,0.0,0.0,12243,0.0,1,-13.7,0,0,18332.0,38.1590650,-122.4533070,6548.8,21485.6,0,0,0
915.80,0.0,0.0,12243,0.0,1,-13.6,0,0,18332.0,38.1590650,-122.4533070,6548.8,21485.6,0,0,0
915.90,0.0,0.0,12243,0.0,1,-13.7,0,0,18332.0,38.1590650,-122.4533070,6548.8,21485.6,0,0,0
916.00,0.0,0.0,12243,0.0,1,-13.7,0,0,18332.0,38.1590650,-122.4533070,6548.8,21485.6,0,0,0
916.10,0.0,0.0,12243,0.0,1,-13.7,0,0,18332.1,38.1590660,-122.4533070,6548.8,21485.6,0,0,0
916.20,0.0,0.0,12243,0.0,1,-13.6,0,0,18332.1,38.1590660,-122.4533070,6548.8,21485.6,0,0,0
916.30,0.0,0.0,12243,0.0,1,-13.7,0,0,18332.1,38.1590660,-122.4533070,6548.8,21485.6,0,0,0
916.40,0.0,0.0,12243,0.0,1,-13.7,0,0,18332.2,38.1590670,-122.4533070,6548.8,21485.6,0,0,0
916.50,0.0,0.0,12243,0.0,1,-13.6,0,0,18332.2,38.1590670,-122.4533070,6548.8,21485.6,0,0,0
916.60,0.0,0.0,12243,0.0,1,-13.7,0,0,18332.3,38.1590660,-122.4533070,6548.8,21485.6,0,0,0
916.70,0.0,0.0,12243,0.0,1,-13.7,0,0,18332.3,38.1590660,-122.4533070,6548.8,21485.6,0,0,0
916.80,0.0,0.0,12243,0.0,1,-13.7,0,0,18332.4,38.1590650,-122.4533070,6548.9,21485.9,0,0,0
916.90,0.0,0.0,12243,0.0,1,-13.6,0,0,18332.5,38.1590650,-122.4533060,6548.9,21485.9,0,0,0
917.00,0.0,0.0,12243,0.0,1,-13.7,0,0,18332.6,38.1590640,-122.4533060,6548.9,21485.9,0,0,0
917.10,0.0,0.0,12243,0.0,1,-13.7,0,0,18332.6,38.1590640,-122.4533060,6548.9,21485.9,0,0,0
917.20,0.0,0.0,12243,0.0,1,-13.7,0,0,18332.6,38.1590640,-122.4533060,6548.9,21485.9,0,0,0
917.30,0.0,0.0,12243,0.0,1,-13.6,0,0,18332.6,38.1590640,-122.4533060,6548.9,21485.9,0,0,0
917.40,0.0,0.0,12243,0.0,1,-13.7,0,0,18332.6,38.1590640,-122.4533060,6548.9,21485.9,0,0,0
917.50,0.0,0.0,12243,0.0,1,-13.7,0,0,18332.7,38.1590630,-122.4533060,6548.9,21485.9,0,0,0
917.60,0.0,0.0,12243,0.0,1,-13.7,0,0,18332.7,38.1590630,-122.4533060,6548.9,21485.9,0,0,0
917.70,0.0,0.0,12243,0.0,1,-13.6,0,0,18332.7,38.1590630,-122.4533060,6548.9,21485.9,0,0,0
917.80,0.0,0.0,12243,0.0,1,-13.7,0,0,18332.7,38.1590630,-122.4533060,6548.6,21484.9,0,0,0
917.90,0.0,0.0,12243,0.0,1,-13.6,0,0,18332.7,38.1590630,-122.4533060,6548.6,21484.9,0,0,0
918.00,0.0,0.0,12243,0.0,1,-13.7,0,0,18332.7,38.1590630,-122.4533060,6548.6,21484.9,0,0,0
918.10,0.0,0.0,12243,0.0,1,-13.6,0,0,18332.7,38.1590630,-122.4533060,6548.6,21484.9,0,0,0
918.20,0.0,0.0,12243,0.0,1,-13.7,0,0,18332.7,38.1590630,-122.4533060,6548.6,21484.9,0,0,0
918.30,0.0,0.0,12243,0.0,1,-13.7,0,0,18332.8,38.1590620,-122.4533060,6548.6,21484.9,0,0,0
918.40,0.0,0.0,12243,0.0,1,-13.7,0,0,18332.8,38.1590620,-122.4533060,6548.6,21484.9,0,0,0
918.50,0.0,0.0,12243,0.0,1,-13.6,0,0,18332.8,38.1590620,-122.4533060,6548.6,21484.9,0,0,0
918.60,0.0,0.0,12243,0.0,1,-13.7,0,0,18333.0,38.1590610,-122.4533050,6548.6,21484.9,0,0,0
918.70,0.0,0.0,12243,0.0,1,-13.7,0,0,18333.0,38.1590610,-122.4533050,6548.6,21484.9,0,0,0
918.80,0.0,0.0,12243,0.0,1,-13.7,0,0,18333.0,38.1590610,-122.4533050,6548.5,21484.6,0,0,0
918.90,0.0,0.0,12243,0.0,1,-13.6,0,0,18333.0,38.1590610,-122.4533050,6548.5,21484.6,0,0,0
919.00,0.0,0.0,12243,0.0,1,-13.7,0,0,18333.0,38.1590610,-122.4533050,6548.5,21484.6,0,0,0
919.10,0.0,0.0,12243,0.0,1,-13.7,0,0,18333.0,38.1590610,-122.4533050,6548.5,21484.6,0,0,0
919.20,0.0,0.0,12243,0.0,1,-13.7,0,0,18333.0,38.1590610,-122.4533050,6548.5,21484.6,0,0,0
919.30,0.0,0.0,12243,0.0,1,-13.6,0,0,18333.0,38.1590610,-122.4533050,6548.5,21484.6,0,0,0
919.40,0.0,0.0,12243,0.0,1,-13.7,0,0,18333.1,38.1590600,-122.4533050,6548.5,21484.6,0,0,0
919.50,0.0,0.0,12243,0.0,1,-13.7,0,0,18333.1,38.1590600,-122.4533050,6548.5,21484.6,0,0,0
919.60,0.0,0.0,12243,0.0,1,-13.7,0,0,18333.1,38.1590600,-122.4533050,6548.5,21484.6,0,0,0
919.70,0.0,0.0,12243,0.0,1,-13.6,0,0,18333.1,38.1590600,-122.4533050,6548.5,21484.6,0,0,0
919.80,0.0,0.0,12243,0.0,1,-13.7,0,0,18333.1,38.1590600,-122.4533050,6548.5,21484.6,0,0,0
919.90,0.0,0.0,12243,0.0,1,-13.7,0,0,18333.1,38.1590600,-122.4533050,6548.5,21484.6,0,0,0
920.00,0.0,0.0,12243,0.0,1,-13.7,0,0,18333.1,38.1590600,-122.4533050,6548.5,21484.6,0,0,0
920.10,0.0,0.0,12243,0.0,1,-13.6,0,0,18333.1,38.1590600,-122.4533050,6548.5,21484.6,0,0,0
920.20,0.0,0.0,12243,0.0,1,-13.7,0,0,18333.2,38.1590600,-122.4533040,6548.5,21484.6,0,0,0
920.30,0.0,0.0,12243,0.0,1,-13.7,0,0,18333.3,38.1590590,-122.4533040,6548.5,21484.6,0,0,0
920.40,0.0,0.0,12243,0.0,1,-13.7,0,0,18333.3,38.1590590,-122.4533040,6548.5,21484.6,0,0,0
920.50,0.0,0.0,12243,0.0,1,-13.6,0,0,18333.3,38.1590590,-122.4533040,6548.5,21484.6,0,0,0
920.60,0.0,0.0,12243,0.0,1,-13.7,0,0,18333.4,38.1590580,-122.4533040,6548.5,21484.6,0,0,0
920.70,0.0,0.0,12243,0.0,1,-13.7,0,0,18333.4,38.1590580,-122.4533040,6548.5,21484.6,0,0,0
920.80,0.0,0.0,12243,0.0,1,-13.6,0,0,18333.4,38.1590580,-122.4533040,6548.3,21483.9,0,0,0
920.90,0.0,0.0,12243,0.0,1,-13.6,0,0,18333.5,38.1590570,-122.4533040,6548.3,21483.9,0,0,0
921.00,0.0,0.0,12243,0.0,1,-13.7,0,0,18333.5,38.1590570,-122.4533040,6548.3,21483.9,0,0,0
921.10,0.0,0.0,12243,0.0,1,-13.7,0,0,18333.5,38.1590570,-122.4533040,6548.3,21483.9,0,0,0
921.20,0.0,0.0,12243,0.0,1,-13.7,0,0,18333.5,38.1590570,-122.4533040,6548.3,21483.9,0,0,0
921.30,0.0,0.0,12243,0.0,1,-13.6,0,0,18333.6,38.1590560,-122.4533040,6548.3,21483.9,0,0,0
921.40,0.0,0.0,12243,0.0,1,-13.7,0,0,18333.7,38.1590560,-122.4533030,6548.3,21483.9,0,0,0
921.50,0.0,0.0,12243,0.0,1,-13.7,0,0,18333.7,38.1590560,-122.4533030,6548.3,21483.9,0,0,0
921.60,0.0,0.0,12243,0.0,1,-13.7,0,0,18333.7,38.1590560,-122.4533030,6548.3,21483.9,0,0,0
921.70,0.0,0.0,12243,0.0,1,-13.6,0,0,18333.7,38.1590560,-122.4533030,6548.3,21483.9,0,0,0
921.80,0.0,0.0,12243,0.0,1,-13.7,0,0,18333.7,38.1590560,-122.4533030,6548.1,21483.3,0,0,0
921.90,0.0,0.0,12243,0.0,1,-13.7,0,0,18333.7,38.1590560,-122.4533030,6548.1,21483.3,0,0,0
922.00,0.0,0.0,12243,0.0,1,-13.7,0,0,18333.8,38.1590550,-122.4533030,6548.1,21483.3,0,0,0
922.10,0.0,0.0,12243,0.0,1,-13.6,0,0,18333.8,38.1590550,-122.4533030,6548.1,21483.3,0,0,0
922.20,0.0,0.0,12243,0.0,1,-13.7,0,0,18333.9,38.1590540,-122.4533020,6548.1,21483.3,0,0,0
922.30,0.0,0.0,12243,0.0,1,-13.7,0,0,18333.9,38.1590540,-122.4533020,6548.1,21483.3,0,0,0
922.40,0.0,0.0,12243,0.0,1,-13.6,0,0,18334.1,38.1590530,-122.4533020,6548.1,21483.3,0,0,0
922.50,0.0,0.0,12243,0.0,1,-13.7,0,0,18334.1,38.1590530,-122.4533020,6548.1,21483.3,0,0,0
922.60,0.0,0.0,12243,0.0,1,-13.7,0,0,18334.1,38.1590530,-122.4533020,6548.1,21483.3,0,0,0
922.70,0.0,0.0,12243,0.0,1,-13.7,0,0,18334.1,38.1590530,-122.4533020,6548.1,21483.3,0,0,0
922.80,0.0,0.0,12243,0.0,1,-13.6,0,0,18334.1,38.1590530,-122.4533020,6547.8,21482.3,0,0,0
922.90,0.0,0.0,12243,0.0,1,-13.7,0,0,18334.2,38.1590520,-122.4533010,6547.8,21482.3,0,0,0
923.00,0.0,0.0,12243,0.0,1,-13.7,0,0,18334.2,38.1590520,-122.4533010,6547.8,21482.3,0,0,0
923.10,0.0,0.0,12243,0.0,1,-13.7,0,0,18334.2,38.1590520,-122.4533010,6547.8,21482.3,0,0,0
923.20,0.0,0.0,12243,0.0,1,-13.6,0,0,18334.2,38.1590520,-122.4533010,6547.8,21482.3,0,0,0
923.30,0.0,0.0,12243,0.0,1,-13.7,0,0,18334.3,38.1590510,-122.4533000,6547.8,21482.3,0,0,0
923.40,0.0,0.0,12243,0.0,1,-13.6,0,0,18334.3,38.1590510,-122.4533000,6547.8,21482.3,0,0,0
923.50,0.0,0.0,12243,0.0,1,-13.7,0,0,18334.5,38.1590500,-122.4533000,6547.8,21482.3,0,0,0
923.60,0.0,0.0,12243,0.0,1,-13.7,0,0,18334.5,38.1590500,-122.4533000,6547.8,21482.3,0,0,0
923.70,0.0,0.0,12243,0.0,1,-13.6,0,0,18334.5,38.1590500,-122.4533000,6547.8,21482.3,0,0,0
923.80,0.0,0.0,12243,0.0,1,-13.7,0,0,18334.6,38.1590490,-122.4533000,6547.4,21481.0,0,0,0
923.90,0.0,0.0,12243,0.0,1,-13.6,0,0,18334.6,38.1590490,-122.4533000,6547.4,21481.0,0,0,0
924.00,0.0,0.0,12243,0.0,1,-13.7,0,0,18334.6,38.1590490,-122.4533000,6547.4,21481.0,0,0,0
924.10,0.0,0.0,12243,0.0,1,-13.6,0,0,18334.6,38.1590490,-122.4533000,6547.4,21481.0,0,0,0
924.20,0.0,0.0,12243,0.0,1,-13.7,0,0,18334.7,38.1590480,-122.4533000,6547.4,21481.0,0,0,0
924.30,0.0,0.0,12243,0.0,1,-13.6,0,0,18334.7,38.1590480,-122.4533000,6547.4,21481.0,0,0,0
924.40,0.0,0.0,12243,0.0,1,-13.7,0,0,18334.7,38.1590480,-122.4533000,6547.4,21481.0,0,0,0
924.50,0.0,0.0,12243,0.0,1,-13.7,0,0,18334.7,38.1590480,-122.4533000,6547.4,21481.0,0,0,0
924.60,0.0,0.0,12243,0.0,1,-13.7,0,0,18334.7,38.1590480,-122.4533000,6547.4,21481.0,0,0,0
924.70,0.0,0.0,12243,0.0,1,-13.7,0,0,18334.8,38.1590470,-122.4533000,6547.4,21481.0,0,0,0
924.80,0.0,0.0,12243,0.0,1,-13.7,0,0,18334.9,38.1590480,-122.4533000,6547.1,21480.0,0,0,0
924.90,0.0,0.0,12243,0.0,1,-13.7,0,0,18335.0,38.1590470,-122.4533000,6547.1,21480.0,0,0,0
925.00,0.0,0.0,12243,0.0,1,-13.7,0,0,18335.0,38.1590470,-122.4533000,6547.1,21480.0,0,0,0
925.10,0.0,0.0,12243,0.0,1,-13.7,0,0,18335.0,38.1590470,-122.4533000,6547.1,21480.0,0,0,0
925.20,0.0,0.0,12243,0.0,1,-13.7,0,0,18335.0,38.1590470,-122.4533000,6547.1,21480.0,0,0,0
925.30,0.0,0.0,12243,0.0,1,-13.7,0,0,18335.1,38.1590460,-122.4533000,6547.1,21480.0,0,0,0
925.40,0.0,0.0,12243,0.0,1,-13.7,0,0,18335.1,38.1590460,-122.4533000,6547.1,21480.0,0,0,0
925.50,0.0,0.0,12243,0.0,1,-13.7,0,0,18335.1,38.1590460,-122.4533000,6547.1,21480.0,0,0,0
925.60,0.0,0.0,12243,0.0,1,-13.7,0,0,18335.1,38.1590460,-122.4533000,6547.1,21480.0,0,0,0
925.70,0.0,0.0,12243,0.0,1,-13.7,0,0,18335.1,38.1590460,-122.4533000,6547.1,21480.0,0,0,0
925.80,0.0,0.0,12243,0.0,1,-13.7,0,0,18335.1,38.1590460,-122.4533000,6546.9,21479.3,0,0,0
925.90,0.0,0.0,12243,0.0,1,-13.7,0,0,18335.2,38.1590450,-122.4533000,6546.9,21479.3,0,0,0
926.00,0.0,0.0,12243,0.0,1,-13.7,0,0,18335.2,38.1590450,-122.4533000,6546.9,21479.3,0,0,0
926.10,0.0,0.0,12243,0.0,1,-13.7,0,0,18335.2,38.1590450,-122.4533000,6546.9,21479.3,0,0,0
926.20,0.0,0.0,12243,0.0,1,-13.7,0,0,18335.3,38.1590440,-122.4533000,6546.9,21479.3,0,0,0
926.30,0.0,0.0,12243,0.0,1,-13.7,0,0,18335.3,38.1590440,-122.4533000,6546.9,21479.3,0,0,0
926.40,0.0,0.0,12243,0.0,1,-13.7,0,0,18335.3,38.1590440,-122.4533000,6546.9,21479.3,0,0,0
926.50,0.0,0.0,12243,0.0,1,-13.7,0,0,18335.5,38.1590430,-122.4533000,6546.9,21479.3,0,0,0
926.60,0.0,0.0,12243,0.0,1,-13.7,0,0,18335.5,38.1590430,-122.4533000,6546.9,21479.3,0,0,0
926.70,0.0,0.0,12243,0.0,1,-13.7,0,0,18335.5,38.1590430,-122.4533000,6546.9,21479.3,0,0,0
926.80,0.0,0.0,12243,0.0,1,-13.7,0,0,18335.5,38.1590430,-122.4533000,6546.5,21478.0,0,0,0
926.90,0.0,0.0,12243,0.0,1,-13.7,0,0,18335.6,38.1590420,-122.4533000,6546.5,21478.0,0,0,0
927.00,0.0,0.0,12243,0.0,1,-13.7,0,0,18335.6,38.1590420,-122.4533000,6546.5,21478.0,0,0,0
927.10,0.0,0.0,12243,0.0,1,-13.7,0,0,18335.7,38.1590410,-122.4533000,6546.5,21478.0,0,0,0
927.20,0.0,0.0,12243,0.0,1,-13.7,0,0,18335.7,38.1590410,-122.4533000,6546.5,21478.0,0,0,0
927.30,0.0,0.0,12243,0.0,1,-13.7,0,0,18335.7,38.1590410,-122.4533000,6546.5,21478.0,0,0,0
927.40,0.0,0.0,12243,0.0,1,-13.7,0,0,18335.7,38.1590410,-122.4533000,6546.5,21478.0,0,0,0
927.50,0.0,0.0,12243,0.0,1,-13.7,0,0,18335.8,38.1590400,-122.4532990,6546.5,21478.0,0,0,0
927.60,0.0,0.0,12243,0.0,1,-13.7,0,0,18335.8,38.1590400,-122.4532990,6546.5,21478.0,0,0,0
927.70,0.0,0.0,12243,0.0,1,-13.7,0,0,18335.9,38.1590390,-122.4532990,6546.5,21478.0,0,0,0
927.80,0.0,0.0,12243,0.0,1,-13.7,0,0,18335.9,38.1590390,-122.4532990,6545.8,21475.7,0,0,0
927.90,0.0,0.0,12243,0.0,1,-13.7,0,0,18336.0,38.1590380,-122.4532990,6545.8,21475.7,0,0,0
928.00,0.0,0.0,12243,0.0,1,-13.7,0,0,18336.0,38.1590380,-122.4532990,6545.8,21475.7,0,0,0
928.10,0.0,0.0,12243,0.0,1,-13.7,0,0,18336.1,38.1590380,-122.4532980,6545.8,21475.7,0,0,0
928.20,0.0,0.0,12243,0.0,1,-13.7,0,0,18336.3,38.1590370,-122.4532990,6545.8,21475.7,0,0,0
928.30,0.0,0.0,12243,0.0,1,-13.7,0,0,18336.4,38.1590370,-122.4532980,6545.8,21475.7,0,0,0
928.40,0.0,0.0,12243,0.0,1,-13.7,0,0,18336.4,38.1590370,-122.4532980,6545.8,21475.7,0,0,0
928.50,0.0,0.0,12243,0.0,1,-13.7,0,0,18336.5,38.1590360,-122.4532980,6545.8,21475.7,0,0,0
928.60,0.0,0.0,12243,0.0,1,-13.7,0,0,18336.5,38.1590360,-122.4532980,6545.8,21475.7,0,0,0
928.70,0.0,0.0,12243,0.0,1,-13.7,0,0,18336.5,38.1590360,-122.4532980,6545.8,21475.7,0,0,0
928.80,0.0,0.0,12243,0.0,1,-13.7,0,0,18336.5,38.1590360,-122.4532980,6545.5,21474.7,0,0,0
928.90,0.0,0.0,12243,0.0,1,-13.7,0,0,18336.5,38.1590360,-122.4532980,6545.5,21474.7,0,0,0
929.00,0.0,0.0,12243,0.0,1,-13.7,0,0,18336.6,38.1590370,-122.4532970,6545.5,21474.7,0,0,0
929.10,0.0,0.0,12243,0.0,1,-13.7,0,0,18336.7,38.1590360,-122.4532970,6545.5,21474.7,0,0,0
929.20,0.0,0.0,12243,0.0,1,-13.7,0,0,18336.7,38.1590360,-122.4532970,6545.5,21474.7,0,0,0
929.30,0.0,0.0,12243,0.0,1,-13.7,0,0,18336.7,38.1590360,-122.4532970,6545.5,21474.7,0,0,0
929.40,0.0,0.0,12243,0.0,1,-13.7,0,0,18336.7,38.1590360,-122.4532970,6545.5,21474.7,0,0,0
929.50,0.0,0.0,12243,0.0,1,-13.7,0,0,18336.7,38.1590360,-122.4532970,6545.5,21474.7,0,0,0
929.60,0.0,0.0,12243,0.0,1,-13.7,0,0,18336.8,38.1590360,-122.4532960,6545.5,21474.7,0,0,0
929.70,0.0,0.0,12243,0.0,1,-13.7,0,0,18336.8,38.1590360,-122.4532960,6545.5,21474.7,0,0,0
929.80,0.0,0.0,12243,0.0,1,-13.7,0,0,18336.8,38.1590360,-122.4532960,6545.5,21474.7,0,0,0
929.90,0.0,0.0,12243,0.0,1,-13.7,0,0,18336.8,38.1590360,-122.4532960,6545.5,21474.7,0,0,0
930.00,0.0,0.0,12243,0.0,1,-13.7,0,0,18336.8,38.1590360,-122.4532960,6545.5,21474.7,0,0,0
930.10,0.0,0.0,12243,0.0,1,-13.7,0,0,18336.8,38.1590360,-122.4532960,6545.5,21474.7,0,0,0
930.20,0.0,0.0,12243,0.0,1,-13.7,0,0,18336.8,38.1590360,-122.4532960,6545.5,21474.7,0,0,0
930.30,0.0,0.0,12243,0.0,1,-13.6,0,0,18336.9,38.1590360,-122.4532950,6545.5,21474.7,0,0,0
930.40,0.0,0.0,12243,0.0,1,-13.7,0,0,18336.9,38.1590360,-122.4532950,6545.5,21474.7,0,0,0
930.50,0.0,0.0,12243,0.0,1,-13.7,0,0,18337.0,38.1590350,-122.4532950,6545.5,21474.7,0,0,0
930.60,0.0,0.0,12243,0.0,1,-13.7,0,0,18337.0,38.1590350,-122.4532950,6545.5,21474.7,0,0,0
930.70,0.0,0.0,12243,0.0,1,-13.7,0,0,18337.0,38.1590350,-122.4532950,6545.5,21474.7,0,0,0
930.80,0.0,0.0,12243,0.0,1,-13.7,0,0,18337.0,38.1590350,-122.4532950,6545.3,21474.1,0,0,0
930.90,0.0,0.0,12243,0.0,1,-13.6,0,0,18337.0,38.1590350,-122.4532950,6545.3,21474.1,0,0,0
931.00,0.0,0.0,12243,0.0,1,-13.7,0,0,18337.0,38.1590350,-122.4532950,6545.3,21474.1,0,0,0
931.10,0.0,0.0,12243,0.0,1,-13.7,0,0,18337.1,38.1590340,-122.4532950,6545.3,21474.1,0,0,0
931.20,0.0,0.0,12243,0.0,1,-13.7,0,0,18337.2,38.1590340,-122.4532940,6545.3,21474.1,0,0,0
931.30,0.0,0.0,12243,0.0,1,-13.6,0,0,18337.2,38.1590340,-122.4532940,6545.3,21474.1,0,0,0
931.40,0.0,0.0,12243,0.0,1,-13.6,0,0,18337.3,38.1590330,-122.4532940,6545.3,21474.1,0,0,0
931.50,0.0,0.0,12243,0.0,1,-13.6,0,0,18337.3,38.1590330,-122.4532940,6545.3,21474.1,0,0,0
931.60,0.0,0.0,12243,0.0,1,-13.7,0,0,18337.4,38.1590330,-122.4532930,6545.3,21474.1,0,0,0
931.70,0.0,0.0,12243,0.0,1,-13.7,0,0,18337.4,38.1590330,-122.4532930,6545.3,21474.1,0,0,0
931.80,0.0,0.0,12243,0.0,1,-13.7,0,0,18337.4,38.1590330,-122.4532930,6545.1,21473.4,0,0,0
931.90,0.0,0.0,12243,0.0,1,-13.6,0,0,18337.4,38.1590330,-122.4532930,6545.1,21473.4,0,0,0
932.00,0.0,0.0,12243,0.0,1,-13.6,0,0,18337.4,38.1590330,-122.4532930,6545.1,21473.4,0,0,0
932.10,0.0,0.0,12243,0.0,1,-13.6,0,0,18337.4,38.1590330,-122.4532930,6545.1,21473.4,0,0,0
932.20,0.0,0.0,12243,0.0,1,-13.6,0,0,18337.5,38.1590320,-122.4532930,6545.1,21473.4,0,0,0
932.30,0.0,0.0,12243,0.0,1,-13.7,0,0,18337.5,38.1590320,-122.4532930,6545.1,21473.4,0,0,0
932.40,0.0,0.0,12243,0.0,1,-13.6,0,0,18337.6,38.1590320,-122.4532920,6545.1,21473.4,0,0,0
932.50,0.0,0.0,12243,0.0,1,-13.6,0,0,18337.6,38.1590320,-122.4532920,6545.1,21473.4,0,0,0
932.60,0.0,0.0,12243,0.0,1,-13.6,0,0,18337.6,38.1590320,-122.4532920,6545.1,21473.4,0,0,0
932.70,0.0,0.0,12243,0.0,1,-13.7,0,0,18337.6,38.1590320,-122.4532920,6545.1,21473.4,0,0,0
932.80,0.0,0.0,12243,0.0,1,-13.6,0,0,18337.6,38.1590320,-122.4532920,6545.1,21473.4,0,0,0
932.90,0.0,0.0,12243,0.0,1,-13.6,0,0,18337.6,38.1590320,-122.4532920,6545.1,21473.4,0,0,0
933.00,0.0,0.0,12243,0.0,1,-13.6,0,0,18337.7,38.1590320,-122.4532910,6545.1,21473.4,0,0,0
933.10,0.0,0.0,12243,0.0,1,-13.7,0,0,18337.7,38.1590320,-122.4532910,6545.1,21473.4,0,0,0
933.20,0.0,0.0,12243,0.0,1,-13.6,0,0,18337.7,38.1590320,-122.4532910,6545.1,21473.4,0,0,0
933.30,0.0,0.0,12243,0.0,1,-13.6,0,0,18337.7,38.1590320,-122.4532910,6545.1,21473.4,0,0,0
933.40,0.0,0.0,12243,0.0,1,-13.6,0,0,18337.8,38.1590310,-122.4532910,6545.1,21473.4,0,0,0
933.50,0.0,0.0,12243,0.0,1,-13.7,0,0,18337.9,38.1590310,-122.4532900,6545.1,21473.4,0,0,0
933.60,0.0,0.0,12243,0.0,1,-13.6,0,0,18337.9,38.1590310,-122.4532900,6545.1,21473.4,0,0,0
933.70,0.0,0.0,12243,0.0,1,-13.6,0,0,18337.9,38.1590310,-122.4532900,6545.1,21473.4,0,0,0
933.80,0.0,0.0,12243,0.0,1,-13.6,0,0,18337.9,38.1590310,-122.4532900,6545.0,21473.1,0,0,0
933.90,0.0,0.0,12243,0.0,1,-13.7,0,0,18337.9,38.1590310,-122.4532900,6545.0,21473.1,0,0,0
934.00,0.0,0.0,12243,0.0,1,-13.6,0,0,18337.9,38.1590310,-122.4532900,6545.0,21473.1,0,0,0
934.10,0.0,0.0,12243,0.0,1,-13.6,0,0,18338.0,38.1590310,-122.4532890,6545.0,21473.1,0,0,0
934.20,0.0,0.0,12243,0.0,1,-13.6,0,0,18338.0,38.1590310,-122.4532890,6545.0,21473.1,0,0,0
934.30,0.0,0.0,12243,0.0,1,-13.6,0,0,18338.0,38.1590310,-122.4532890,6545.0,21473.1,0,0,0
934.40,0.0,0.0,12243,0.0,1,-13.6,0,0,18338.0,38.1590310,-122.4532890,6545.0,21473.1,0,0,0
934.50,0.0,0.0,12243,0.0,1,-13.6,0,0,18338.1,38.1590300,-122.4532880,6545.0,21473.1,0,0,0
934.60,0.0,0.0,12243,0.0,1,-13.6,0,0,18338.1,38.1590300,-122.4532880,6545.0,21473.1,0,0,0
934.70,0.0,0.0,12243,0.0,1,-13.6,0,0,18338.1,38.1590300,-122.4532880,6545.0,21473.1,0,0,0
934.80,0.0,0.0,12243,0.0,1,-13.6,0,0,18338.1,38.1590300,-122.4532880,6544.9,21472.8,0,0,0
934.90,0.0,0.0,12243,0.0,1,-13.6,0,0,18338.1,38.1590300,-122.4532880,6544.9,21472.8,0,0,0
935.00,0.0,0.0,12243,0.0,1,-13.6,0,0,18338.1,38.1590300,-122.4532880,6544.9,21472.8,0,0,0
935.10,0.0,0.0,12243,0.0,1,-13.6,0,0,18338.2,38.1590300,-122.4532870,6544.9,21472.8,0,0,0
935.20,0.0,0.0,12243,0.0,1,-13.6,0,0,18338.2,38.1590300,-122.4532870,6544.9,21472.8,0,0,0
935.30,0.0,0.0,12243,0.0,1,-13.6,0,0,18338.2,38.1590300,-122.4532870,6544.9,21472.8,0,0,0
935.40,0.0,0.0,12243,0.0,1,-13.6,0,0,18338.3,38.1590290,-122.4532870,6544.9,21472.8,0,0,0
935.50,0.0,0.0,12243,0.0,1,-13.6,0,0,18338.4,38.1590300,-122.4532870,6544.9,21472.8,0,0,0
935.60,0.0,0.0,12243,0.0,1,-13.6,0,0,18338.5,38.1590290,-122.4532870,6544.9,21472.8,0,0,0
935.70,0.0,0.0,12243,0.0,1,-13.6,0,0,18338.5,38.1590290,-122.4532870,6544.9,21472.8,0,0,0
935.80,0.0,0.0,12243,0.0,1,-13.6,0,0,18338.5,38.1590290,-122.4532870,6544.8,21472.4,0,0,0
935.90,0.0,0.0,12243,0.0,1,-13.6,0,0,18338.6,38.1590290,-122.4532860,6544.8,21472.4,0,0,0
936.00,0.0,0.0,12243,0.0,1,-13.6,0,0,18338.6,38.1590290,-122.4532860,6544.8,21472.4,0,0,0
936.10,0.0,0.0,12243,0.0,1,-13.6,0,0,18338.6,38.1590290,-122.4532860,6544.8,21472.4,0,0,0
936.20,0.0,0.0,12243,0.0,1,-13.6,0,0,18338.6,38.1590290,-122.4532860,6544.8,21472.4,0,0,0
936.30,0.0,0.0,12243,0.0,1,-13.6,0,0,18338.6,38.1590290,-122.4532860,6544.8,21472.4,0,0,0
936.40,0.0,0.0,12243,0.0,1,-13.6,0,0,18338.6,38.1590290,-122.4532860,6544.8,21472.4,0,0,0
936.50,0.0,0.0,12243,0.0,1,-13.6,0,0,18338.6,38.1590290,-122.4532860,6544.8,21472.4,0,0,0
936.60,0.0,0.0,12243,0.0,1,-13.6,0,0,18338.6,38.1590290,-122.4532860,6544.8,21472.4,0,0,0
936.70,0.0,0.0,12243,0.0,1,-13.6,0,0,18338.7,38.1590290,-122.4532850,6544.8,21472.4,0,0,0
936.80,0.0,0.0,12243,0.0,1,-13.6,0,0,18338.7,38.1590290,-122.4532850,6544.7,21472.1,0,0,0
936.90,0.0,0.0,12243,0.0,1,-13.6,0,0,18338.7,38.1590290,-122.4532850,6544.7,21472.1,0,0,0
937.00,0.0,0.0,12243,0.0,1,-13.6,0,0,18338.7,38.1590290,-122.4532850,6544.7,21472.1,0,0,0
937.10,0.0,0.0,12243,0.0,1,-13.6,0,0,18338.8,38.1590280,-122.4532850,6544.7,21472.1,0,0,0
937.20,0.0,0.0,12243,0.0,1,-13.6,0,0,18338.8,38.1590280,-122.4532850,6544.7,21472.1,0,0,0
937.30,0.0,0.0,12243,0.0,1,-13.6,0,0,18338.8,38.1590280,-122.4532850,6544.7,21472.1,0,0,0
937.40,0.0,0.0,12243,0.0,1,-13.6,0,0,18338.8,38.1590280,-122.4532850,6544.7,21472.1,0,0,0
937.50,0.0,0.0,12243,0.0,1,-13.6,0,0,18338.8,38.1590280,-122.4532850,6544.7,21472.1,0,0,0
937.60,0.0,0.0,12243,0.0,1,-13.6,0,0,18338.8,38.1590280,-122.4532850,6544.7,21472.1,0,0,0
937.70,0.0,0.0,12243,0.0,1,-13.6,0,0,18338.8,38.1590280,-122.4532850,6544.7,21472.1,0,0,0
937.80,0.0,0.0,12243,0.0,1,-13.6,0,0,18338.8,38.1590280,-122.4532850,6544.6,21471.8,0,0,0
937.90,0.0,0.0,12243,0.0,1,-13.6,0,0,18338.8,38.1590280,-122.4532850,6544.6,21471.8,0,0,0
938.00,0.0,0.0,12243,0.0,1,-13.6,0,0,18338.8,38.1590280,-122.4532850,6544.6,21471.8,0,0,0
938.10,0.0,0.0,12243,0.0,1,-13.6,0,0,18338.9,38.1590280,-122.4532840,6544.6,21471.8,0,0,0
938.20,0.0,0.0,12243,0.0,1,-13.6,0,0,18338.9,38.1590280,-122.4532840,6544.6,21471.8,0,0,0
938.30,0.0,0.0,12243,0.0,1,-13.6,0,0,18339.0,38.1590270,-122.4532840,6544.6,21471.8,0,0,0
938.40,0.0,0.0,12243,0.0,1,-13.6,0,0,18339.0,38.1590270,-122.4532840,6544.6,21471.8,0,0,0
938.50,0.0,0.0,12243,0.0,1,-13.6,0,0,18339.0,38.1590270,-122.4532840,6544.6,21471.8,0,0,0
938.60,0.0,0.0,12243,0.0,1,-13.6,0,0,18339.0,38.1590270,-122.4532840,6544.6,21471.8,0,0,0
938.70,0.0,0.0,12243,0.0,1,-13.6,0,0,18339.0,38.1590270,-122.4532840,6544.6,21471.8,0,0,0
938.80,0.0,0.0,12243,0.0,1,-13.6,0,0,18339.0,38.1590270,-122.4532840,6544.4,21471.1,0,0,0
938.90,0.0,0.0,12243,0.0,1,-13.6,0,0,18339.1,38.1590260,-122.4532840,6544.4,21471.1,0,0,0
939.00,0.0,0.0,12243,0.0,1,-13.6,0,0,18339.1,38.1590260,-122.4532840,6544.4,21471.1,0,0,0
939.10,0.0,0.0,12243,0.0,1,-13.6,0,0,18339.2,38.1590260,-122.4532830,6544.4,21471.1,0,0,0
939.20,0.0,0.0,12243,0.0,1,-13.6,0,0,18339.2,38.1590260,-122.4532830,6544.4,21471.1,0,0,0
939.30,0.0,0.0,12243,0.0,1,-13.6,0,0,18339.2,38.1590260,-122.4532830,6544.4,21471.1,0,0,0
939.40,0.0,0.0,12243,0.0,1,-13.6,0,0,18339.2,38.1590260,-122.4532830,6544.4,21471.1,0,0,0
939.50,0.0,0.0,12243,0.0,1,-13.6,0,0,18339.2,38.1590260,-122.4532830,6544.4,21471.1,0,0,0
939.60,0.0,0.0,12243,0.0,1,-13.6,0,0,18339.3,38.1590260,-122.4532820,6544.4,21471.1,0,0,0
939.70,0.0,0.0,12243,0.0,1,-13.6,0,0,18339.4,38.1590250,-122.4532820,6544.4,21471.1,0,0,0
939.80,0.0,0.0,12243,0.0,1,-13.6,0,0,18339.5,38.1590260,-122.4532820,6544.3,21470.8,0,0,0
939.90,0.0,0.0,12243,0.0,1,-13.6,0,0,18339.5,38.1590260,-122.4532820,6544.3,21470.8,0,0,0
940.00,0.0,0.0,12243,0.0,1,-13.6,0,0,18339.6,38.1590250,-122.4532820,6544.3,21470.8,0,0,0
940.10,0.0,0.0,12243,0.0,1,-13.6,0,0,18339.6,38.1590250,-122.4532820,6544.3,21470.8,0,0,0
940.20,0.0,0.0,12243,0.0,1,-13.6,0,0,18339.6,38.1590250,-122.4532820,6544.3,21470.8,0,0,0
940.30,0.0,0.0,12243,0.0,1,-13.6,0,0,18339.6,38.1590250,-122.4532820,6544.3,21470.8,0,0,0
940.40,0.0,0.0,12243,0.0,1,-13.6,0,0,18339.6,38.1590250,-122.4532820,6544.3,21470.8,0,0,0
940.50,0.0,0.0,12243,0.0,1,-13.6,0,0,18339.6,38.1590250,-122.4532820,6544.3,21470.8,0,0,0
940.60,0.0,0.0,12243,0.0,1,-13.6,0,0,18339.6,38.1590250,-122.4532820,6544.3,21470.8,0,0,0
940.70,0.0,0.0,12243,0.0,1,-13.6,0,0,18339.6,38.1590250,-122.4532820,6544.3,21470.8,0,0,0
940.80,0.0,0.0,12243,0.0,1,-13.6,0,0,18339.7,38.1590250,-122.4532810,6544.2,21470.5,0,0,0
940.90,0.0,0.0,12243,0.0,1,-13.6,0,0,18339.7,38.1590250,-122.4532810,6544.2,21470.5,0,0,0
941.00,0.0,0.0,12243,0.0,1,-13.6,0,0,18339.7,38.1590250,-122.4532810,6544.2,21470.5,0,0,0
941.10,0.0,0.0,12243,0.0,1,-13.6,0,0,18339.8,38.1590240,-122.4532810,6544.2,21470.5,0,0,0
941.20,0.0,0.0,12243,0.0,1,-13.6,0,0,18339.8,38.1590240,-122.4532810,6544.2,21470.5,0,0,0
941.30,0.0,0.0,12243,0.0,1,-13.6,0,0,18339.8,38.1590240,-122.4532810,6544.2,21470.5,0,0,0
941.40,0.0,0.0,12243,0.0,1,-13.6,0,0,18339.8,38.1590240,-122.4532810,6544.2,21470.5,0,0,0
941.50,0.0,0.0,12243,0.0,1,-13.6,0,0,18339.8,38.1590240,-122.4532810,6544.2,21470.5,0,0,0
941.60,0.0,0.0,12243,0.0,1,-13.6,0,0,18339.9,38.1590240,-122.4532800,6544.2,21470.5,0,0,0
941.70,0.0,0.0,12243,0.0,1,-13.6,0,0,18339.9,38.1590240,-122.4532800,6544.2,21470.5,0,0,0
941.80,0.0,0.0,12243,0.0,1,-13.6,0,0,18339.9,38.1590240,-122.4532800,6543.9,21469.5,0,0,0
941.90,0.0,0.0,12243,0.0,1,-13.6,0,0,18340.0,38.1590230,-122.4532800,6543.9,21469.5,0,0,0
942.00,0.0,0.0,12243,0.0,1,-13.6,0,0,18340.0,38.1590230,-122.4532800,6543.9,21469.5,0,0,0
942.10,0.0,0.0,12243,0.0,1,-13.6,0,0,18340.0,38.1590230,-122.4532800,6543.9,21469.5,0,0,0
942.20,0.0,0.0,12243,0.0,1,-13.6,0,0,18340.0,38.1590230,-122.4532800,6543.9,21469.5,0,0,0
942.30,0.0,0.0,12243,0.0,1,-13.6,0,0,18340.0,38.1590230,-122.4532800,6543.9,21469.5,0,0,0
942.40,0.0,0.0,12243,0.0,1,-13.6,0,0,18340.1,38.1590230,-122.4532790,6543.9,21469.5,0,0,0
942.50,0.0,0.0,12243,0.0,1,-13.6,0,0,18340.1,38.1590230,-122.4532790,6543.9,21469.5,0,0,0
942.60,0.0,0.0,12243,0.0,1,-13.6,0,0,18340.1,38.1590230,-122.4532790,6543.9,21469.5,0,0,0
942.70,0.0,0.0,12243,0.0,1,-13.6,0,0,18340.1,38.1590230,-122.4532790,6543.9,21469.5,0,0,0
942.80,0.0,0.0,12243,0.0,1,-13.6,0,0,18340.2,38.1590220,-122.4532790,6543.8,21469.2,0,0,0
942.90,0.0,0.0,12243,0.0,1,-13.6,0,0,18340.2,38.1590220,-122.4532790,6543.8,21469.2,0,0,0
943.00,0.0,0.0,12243,0.0,1,-13.6,0,0,18340.2,38.1590220,-122.4532790,6543.8,21469.2,0,0,0
943.10,0.0,0.0,12243,0.0,1,-13.6,0,0,18340.2,38.1590220,-122.4532790,6543.8,21469.2,0,0,0
943.20,0.0,0.0,12243,0.0,1,-13.6,0,0,18340.2,38.1590220,-122.4532790,6543.8,21469.2,0,0,0
943.30,0.0,0.0,12243,0.0,1,-13.6,0,0,18340.2,38.1590220,-122.4532790,6543.8,21469.2,0,0,0
943.40,0.0,0.0,12243,0.0,1,-13.6,0,0,18340.2,38.1590220,-122.4532790,6543.8,21469.2,0,0,0
943.50,0.0,0.0,12243,0.0,1,-13.6,0,0,18340.3,38.1590220,-122.4532780,6543.8,21469.2,0,0,0
943.60,0.0,0.0,12243,0.0,1,-13.6,0,0,18340.3,38.1590220,-122.4532780,6543.8,21469.2,0,0,0
943.70,0.0,0.0,12243,0.0,1,-13.6,0,0,18340.3,38.1590220,-122.4532780,6543.8,21469.2,0,0,0
943.80,0.0,0.0,12243,0.0,1,-13.6,0,0,18340.3,38.1590220,-122.4532780,6543.7,21468.8,0,0,0
943.90,0.0,0.0,12243,0.0,1,-13.6,0,0,18340.3,38.1590220,-122.4532780,6543.7,21468.8,0,0,0
944.00,0.0,0.0,12243,0.0,1,-13.6,0,0,18340.3,38.1590220,-122.4532780,6543.7,21468.8,0,0,0
944.10,0.0,0.0,12243,0.0,1,-13.6,0,0,18340.3,38.1590220,-122.4532780,6543.7,21468.8,0,0,0
944.20,0.0,0.0,12243,0.0,1,-13.6,0,0,18340.3,38.1590220,-122.4532780,6543.7,21468.8,0,0,0
944.30,0.0,0.0,12243,0.0,1,-13.6,0,0,18340.3,38.1590220,-122.4532780,6543.7,21468.8,0,0,0
944.40,0.0,0.0,12243,0.0,1,-13.6,0,0,18340.3,38.1590220,-122.4532780,6543.7,21468.8,0,0,0
944.50,0.0,0.0,12243,0.0,1,-13.6,0,0,18340.3,38.1590220,-122.4532780,6543.7,21468.8,0,0,0
944.60,0.0,0.0,12243,0.0,1,-13.6,0,0,18340.4,38.1590210,-122.4532780,6543.7,21468.8,0,0,0
944.70,0.0,0.0,12243,0.0,1,-13.6,0,0,18340.5,38.1590210,-122.4532770,6543.7,21468.8,0,0,0
944.80,0.0,0.0,12243,0.0,1,-13.6,0,0,18340.5,38.1590210,-122.4532770,6543.5,21468.2,0,0,0
944.90,0.0,0.0,12243,0.0,1,-13.6,0,0,18340.5,38.1590210,-122.4532770,6543.5,21468.2,0,0,0
945.00,0.0,0.0,12243,0.0,1,-13.6,0,0,18340.5,38.1590210,-122.4532770,6543.5,21468.2,0,0,0
945.10,0.0,0.0,12243,0.0,1,-13.6,0,0,18340.5,38.1590210,-122.4532770,6543.5,21468.2,0,0,0
945.20,0.0,0.0,12243,0.0,1,-13.6,0,0,18340.5,38.1590210,-122.4532770,6543.5,21468.2,0,0,0
945.30,0.0,0.0,12243,0.0,1,-13.6,0,0,18340.5,38.1590210,-122.4532770,6543.5,21468.2,0,0,0
945.40,0.0,0.0,12243,0.0,1,-13.6,0,0,18340.5,38.1590210,-122.4532770,6543.5,21468.2,0,0,0
945.50,0.0,0.0,12243,0.0,1,-13.6,0,0,18340.5,38.1590210,-122.4532770,6543.5,21468.2,0,0,0
945.60,0.0,0.0,12243,0.0,1,-13.6,0,0,18340.5,38.1590210,-122.4532770,6543.5,21468.2,0,0,0
945.70,0.0,0.0,12243,0.0,1,-13.7,0,0,18340.6,38.1590210,-122.4532760,6543.5,21468.2,0,0,0
945.80,0.0,0.0,12243,0.0,1,-13.6,0,0,18340.6,38.1590210,-122.4532760,6543.4,21467.8,0,0,0
945.90,0.0,0.0,12243,0.0,1,-13.7,0,0,18340.6,38.1590210,-122.4532760,6543.4,21467.8,0,0,0
946.00,0.0,0.0,12243,0.0,1,-13.6,0,0,18340.6,38.1590210,-122.4532760,6543.4,21467.8,0,0,0
946.10,0.0,0.0,12243,0.0,1,-13.7,0,0,18340.7,38.1590200,-122.4532760,6543.4,21467.8,0,0,0
946.20,0.0,0.0,12243,0.0,1,-13.6,0,0,18340.7,38.1590200,-122.4532760,6543.4,21467.8,0,0,0
946.30,0.0,0.0,12243,0.0,1,-13.7,0,0,18340.7,38.1590200,-122.4532760,6543.4,21467.8,0,0,0
946.40,0.0,0.0,12243,0.0,1,-13.6,0,0,18340.7,38.1590200,-122.4532760,6543.4,21467.8,0,0,0
946.50,0.0,0.0,12243,0.0,1,-13.7,0,0,18340.7,38.1590200,-122.4532760,6543.4,21467.8,0,0,0
946.60,0.0,0.0,12243,0.0,1,-13.6,0,0,18340.8,38.1590200,-122.4532750,6543.4,21467.8,0,0,0
946.70,0.0,0.0,12243,0.0,1,-13.7,0,0,18340.8,38.1590200,-122.4532750,6543.4,21467.8,0,0,0
946.80,0.0,0.0,12243,0.0,1,-13.6,0,0,18340.8,38.1590200,-122.4532750,6543.4,21467.8,0,0,0
946.90,0.0,0.0,12243,0.0,1,-13.7,0,0,18340.8,38.1590200,-122.4532750,6543.4,21467.8,0,0,0
947.00,0.0,0.0,12243,0.0,1,-13.6,0,0,18340.8,38.1590200,-122.4532750,6543.4,21467.8,0,0,0
947.10,0.0,0.0,12243,0.0,1,-13.7,0,0,18340.8,38.1590200,-122.4532750,6543.4,21467.8,0,0,0
947.20,0.0,0.0,12243,0.0,1,-13.6,0,0,18340.8,38.1590200,-122.4532750,6543.4,21467.8,0,0,0
947.30,0.0,0.0,12243,0.0,1,-13.7,0,0,18340.9,38.1590190,-122.4532750,6543.4,21467.8,0,0,0
947.40,0.0,0.0,12243,0.0,1,-13.7,0,0,18341.0,38.1590200,-122.4532750,6543.4,21467.8,0,0,0
947.50,0.0,0.0,12243,0.0,1,-13.6,0,0,18341.0,38.1590200,-122.4532750,6543.4,21467.8,0,0,0
947.60,0.0,0.0,12243,0.0,1,-13.7,0,0,18341.1,38.1590200,-122.4532740,6543.4,21467.8,0,0,0
947.70,0.0,0.0,12243,0.0,1,-13.6,0,0,18341.1,38.1590200,-122.4532740,6543.4,21467.8,0,0,0
947.80,0.0,0.0,12243,0.0,1,-13.6,0,0,18341.1,38.1590200,-122.4532740,6543.4,21467.8,0,0,0
947.90,0.0,0.0,12243,0.0,1,-13.6,0,0,18341.1,38.1590200,-122.4532740,6543.4,21467.8,0,0,0
948.00,0.0,0.0,12243,0.0,1,-13.6,0,0,18341.1,38.1590200,-122.4532740,6543.4,21467.8,0,0,0
948.10,0.0,0.0,12243,0.0,1,-13.6,0,0,18341.1,38.1590200,-122.4532740,6543.4,21467.8,0,0,0
948.20,0.0,0.0,12243,0.0,1,-13.6,0,0,18341.1,38.1590200,-122.4532740,6543.4,21467.8,0,0,0
948.30,0.0,0.0,12243,0.0,1,-13.6,0,0,18341.1,38.1590200,-122.4532740,6543.4,21467.8,0,0,0
948.40,0.0,0.0,12243,0.0,1,-13.6,0,0,18341.2,38.1590210,-122.4532740,6543.4,21467.8,0,0,0
948.50,0.0,0.0,12243,0.0,1,-13.6,0,0,18341.2,38.1590210,-122.4532740,6543.4,21467.8,0,0,0
948.60,0.0,0.0,12243,0.0,1,-13.6,0,0,18341.2,38.1590210,-122.4532740,6543.4,21467.8,0,0,0
948.70,0.0,0.0,12243,0.0,1,-13.6,0,0,18341.2,38.1590210,-122.4532740,6543.4,21467.8,0,0,0
948.80,0.0,0.0,12243,0.0,1,-13.6,0,0,18341.2,38.1590210,-122.4532740,6543.6,21468.5,0,0,0
948.90,0.0,0.0,12243,0.0,1,-13.6,0,0,18341.3,38.1590210,-122.4532730,6543.6,21468.5,0,0,0
949.00,0.0,0.0,12243,0.0,1,-13.7,0,0,18341.4,38.1590200,-122.4532730,6543.6,21468.5,0,0,0
949.10,0.0,0.0,12243,0.0,1,-13.7,0,0,18341.4,38.1590200,-122.4532730,6543.6,21468.5,0,0,0
949.20,0.0,0.0,12243,0.0,1,-13.6,0,0,18341.4,38.1590200,-122.4532730,6543.6,21468.5,0,0,0
949.30,0.0,0.0,12243,0.0,1,-13.6,0,0,18341.4,38.1590200,-122.4532730,6543.6,21468.5,0,0,0
949.40,0.0,0.0,12243,0.0,1,-13.7,0,0,18341.4,38.1590200,-122.4532730,6543.6,21468.5,0,0,0
949.50,0.0,0.0,12243,0.0,1,-13.7,0,0,18341.4,38.1590200,-122.4532730,6543.6,21468.5,0,0,0
949.60,0.0,0.0,12243,0.0,1,-13.7,0,0,18341.4,38.1590200,-122.4532730,6543.6,21468.5,0,0,0
949.70,0.0,0.0,12243,0.0,1,-13.7,0,0,18341.4,38.1590200,-122.4532730,6543.6,21468.5,0,0,0
949.80,0.0,0.0,12243,0.0,1,-13.7,0,0,18341.4,38.1590200,-122.4532730,6543.7,21468.8,0,0,0
949.90,0.0,0.0,12243,0.0,1,-13.7,0,0,18341.4,38.1590200,-122.4532730,6543.7,21468.8,0,0,0
950.00,0.0,0.0,12243,0.0,1,-13.7,0,0,18341.4,38.1590200,-122.4532730,6543.7,21468.8,0,0,0
950.10,0.0,0.0,12243,0.0,1,-13.7,0,0,18341.4,38.1590200,-122.4532730,6543.7,21468.8,0,0,0
950.20,0.0,0.0,12243,0.0,1,-13.7,0,0,18341.4,38.1590200,-122.4532730,6543.7,21468.8,0,0,0
950.30,0.0,0.0,12243,0.0,1,-13.7,0,0,18341.4,38.1590200,-122.4532730,6543.7,21468.8,0,0,0
950.40,0.0,0.0,12243,0.0,1,-13.7,0,0,18341.4,38.1590200,-122.4532730,6543.7,21468.8,0,0,0
950.50,0.0,0.0,12243,0.0,1,-13.7,0,0,18341.4,38.1590200,-122.4532730,6543.7,21468.8,0,0,0
950.60,0.0,0.0,12243,0.0,1,-13.7,0,0,18341.5,38.1590200,-122.4532720,6543.7,21468.8,0,0,0
950.70,0.0,0.0,12243,0.0,1,-13.7,0,0,18341.5,38.1590200,-122.4532720,6543.7,21468.8,0,0,0
950.80,0.0,0.0,12243,0.0,1,-13.7,0,0,18341.5,38.1590200,-122.4532720,6543.7,21468.8,0,0,0
950.90,0.0,0.0,12243,0.0,1,-13.7,0,0,18341.5,38.1590200,-122.4532720,6543.7,21468.8,0,0,0
951.00,0.0,0.0,12243,0.0,1,-13.7,0,0,18341.5,38.1590200,-122.4532720,6543.7,21468.8,0,0,0
951.10,0.0,0.0,12243,0.0,1,-13.7,0,0,18341.5,38.1590200,-122.4532720,6543.7,21468.8,0,0,0
951.20,0.0,0.0,12243,0.0,1,-13.7,0,0,18341.6,38.1590200,-122.4532710,6543.7,21468.8,0,0,0
951.30,0.0,0.0,12243,0.0,1,-13.7,0,0,18341.7,38.1590210,-122.4532710,6543.7,21468.8,0,0,0
951.40,0.0,0.0,12243,0.0,1,-13.7,0,0,18341.7,38.1590210,-122.4532710,6543.7,21468.8,0,0,0
951.50,0.0,0.0,12243,0.0,1,-13.7,0,0,18341.7,38.1590210,-122.4532710,6543.7,21468.8,0,0,0
951.60,0.0,0.0,12243,0.0,1,-13.7,0,0,18341.7,38.1590210,-122.4532710,6543.7,21468.8,0,0,0
951.70,0.0,0.0,12243,0.0,1,-13.7,0,0,18341.7,38.1590210,-122.4532710,6543.7,21468.8,0,0,0
951.80,0.0,0.0,12243,0.0,1,-13.7,0,0,18341.7,38.1590210,-122.4532710,6543.9,21469.5,0,0,0
951.90,0.0,0.0,12243,0.0,1,-13.7,0,0,18341.7,38.1590210,-122.4532710,6543.9,21469.5,0,0,0
952.00,0.0,0.0,12243,0.0,1,-13.7,0,0,18341.7,38.1590210,-122.4532710,6543.9,21469.5,0,0,0
952.10,0.0,0.0,12243,0.0,1,-13.7,0,0,18341.7,38.1590210,-122.4532710,6543.9,21469.5,0,0,0
952.20,0.0,0.0,12243,0.0,1,-13.7,0,0,18341.8,38.1590220,-122.4532710,6543.9,21469.5,0,0,0
952.30,0.0,0.0,12243,0.0,1,-13.7,0,0,18341.8,38.1590220,-122.4532710,6543.9,21469.5,0,0,0
952.40,0.0,0.0,12243,0.0,1,-13.7,0,0,18341.8,38.1590220,-122.4532710,6543.9,21469.5,0,0,0
952.50,0.0,0.0,12243,0.0,1,-13.7,0,0,18341.8,38.1590220,-122.4532710,6543.9,21469.5,0,0,0
952.60,0.0,0.0,12243,0.0,1,-13.7,0,0,18341.9,38.1590220,-122.4532700,6543.9,21469.5,0,0,0
952.70,0.0,0.0,12243,0.0,1,-13.7,0,0,18341.9,38.1590220,-122.4532700,6543.9,21469.5,0,0,0
952.80,0.0,0.0,12243,0.0,1,-13.7,0,0,18341.9,38.1590220,-122.4532700,6544.2,21470.5,0,0,0
952.90,0.0,0.0,12243,0.0,1,-13.7,0,0,18341.9,38.1590220,-122.4532700,6544.2,21470.5,0,0,0
953.00,0.0,0.0,12243,0.0,1,-13.7,0,0,18341.9,38.1590220,-122.4532700,6544.2,21470.5,0,0,0
953.10,0.0,0.0,12243,0.0,1,-13.7,0,0,18342.0,38.1590230,-122.4532700,6544.2,21470.5,0,0,0
953.20,0.0,0.0,12243,0.0,1,-13.7,0,0,18342.0,38.1590230,-122.4532700,6544.2,21470.5,0,0,0
953.30,0.0,0.0,12243,0.0,1,-13.7,0,0,18342.0,38.1590230,-122.4532700,6544.2,21470.5,0,0,0
953.40,0.0,0.0,12243,0.0,1,-13.7,0,0,18342.0,38.1590230,-122.4532700,6544.2,21470.5,0,0,0
953.50,0.0,0.0,12243,0.0,1,-13.7,0,0,18342.1,38.1590230,-122.4532690,6544.2,21470.5,0,0,0
953.60,0.0,0.0,12243,0.0,1,-13.7,0,0,18342.1,38.1590230,-122.4532690,6544.2,21470.5,0,0,0
953.70,0.0,0.0,12243,0.0,1,-13.7,0,0,18342.1,38.1590230,-122.4532690,6544.2,21470.5,0,0,0
953.80,0.0,0.0,12243,0.0,1,-13.7,0,0,18342.1,38.1590230,-122.4532690,6544.5,21471.5,0,0,0
953.90,0.0,0.0,12243,0.0,1,-13.7,0,0,18342.1,38.1590230,-122.4532690,6544.5,21471.5,0,0,0
954.00,0.0,0.0,12243,0.0,1,-13.7,0,0,18342.1,38.1590230,-122.4532690,6544.5,21471.5,0,0,0
954.10,0.0,0.0,12243,0.0,1,-13.7,0,0,18342.2,38.1590240,-122.4532690,6544.5,21471.5,0,0,0
954.20,0.0,0.0,12243,0.0,1,-13.7,0,0,18342.2,38.1590240,-122.4532690,6544.5,21471.5,0,0,0
954.30,0.0,0.0,12243,0.0,1,-13.7,0,0,18342.2,38.1590240,-122.4532690,6544.5,21471.5,0,0,0
954.40,0.0,0.0,12243,0.0,1,-13.7,0,0,18342.3,38.1590240,-122.4532680,6544.5,21471.5,0,0,0
954.50,0.0,0.0,12243,0.0,1,-13.6,0,0,18342.4,38.1590230,-122.4532680,6544.5,21471.5,0,0,0
954.60,0.0,0.0,12243,0.0,1,-13.6,0,0,18342.4,38.1590230,-122.4532680,6544.5,21471.5,0,0,0
954.70,0.0,0.0,12243,0.0,1,-13.7,0,0,18342.4,38.1590230,-122.4532680,6544.5,21471.5,0,0,0
954.80,0.0,0.0,12243,0.0,1,-13.6,0,0,18342.4,38.1590230,-122.4532680,6544.8,21472.4,0,0,0
954.90,0.0,0.0,12243,0.0,1,-13.7,0,0,18342.4,38.1590230,-122.4532680,6544.8,21472.4,0,0,0
955.00,0.0,0.0,12243,0.0,1,-13.7,0,0,18342.5,38.1590240,-122.4532680,6544.8,21472.4,0,0,0
955.10,0.0,0.0,12243,0.0,1,-13.7,0,0,18342.5,38.1590240,-122.4532680,6544.8,21472.4,0,0,0
955.20,0.0,0.0,12243,0.0,1,-13.7,0,0,18342.5,38.1590240,-122.4532680,6544.8,21472.4,0,0,0
955.30,0.0,0.0,12243,0.0,1,-13.7,0,0,18342.5,38.1590240,-122.4532680,6544.8,21472.4,0,0,0
955.40,0.0,0.0,12243,0.0,1,-13.7,0,0,18342.5,38.1590240,-122.4532680,6544.8,21472.4,0,0,0
955.50,0.0,0.0,12243,0.0,1,-13.7,0,0,18342.5,38.1590240,-122.4532680,6544.8,21472.4,0,0,0
955.60,0.0,0.0,12243,0.0,1,-13.7,0,0,18342.5,38.1590240,-122.4532680,6544.8,21472.4,0,0,0
955.70,0.0,0.0,12243,0.0,1,-13.7,0,0,18342.6,38.1590240,-122.4532670,6544.8,21472.4,0,0,0
955.80,0.0,0.0,12243,0.0,1,-13.7,0,0,18342.6,38.1590240,-122.4532670,6545.0,21473.1,0,0,0
955.90,0.0,0.0,12243,0.0,1,-13.7,0,0,18342.6,38.1590240,-122.4532670,6545.0,21473.1,0,0,0
956.00,0.0,0.0,12243,0.0,1,-13.7,0,0,18342.6,38.1590240,-122.4532670,6545.0,21473.1,0,0,0
956.10,0.0,0.0,12243,0.0,1,-13.7,0,0,18342.7,38.1590250,-122.4532670,6545.0,21473.1,0,0,0
956.20,0.0,0.0,12243,0.0,1,-13.6,0,0,18342.7,38.1590250,-122.4532670,6545.0,21473.1,0,0,0
956.30,0.0,0.0,12243,0.0,1,-13.6,0,0,18342.7,38.1590250,-122.4532670,6545.0,21473.1,0,0,0
956.40,0.0,0.0,12243,0.0,1,-13.6,0,0,18342.7,38.1590250,-122.4532670,6545.0,21473.1,0,0,0
956.50,0.0,0.0,12243,0.0,1,-13.7,0,0,18342.7,38.1590250,-122.4532670,6545.0,21473.1,0,0,0
956.60,0.0,0.0,12243,0.0,1,-13.6,0,0,18342.7,38.1590250,-122.4532670,6545.0,21473.1,0,0,0
956.70,0.0,0.0,12243,0.0,1,-13.6,0,0,18342.8,38.1590260,-122.4532670,6545.0,21473.1,0,0,0
956.80,0.0,0.0,12243,0.0,1,-13.6,0,0,18342.8,38.1590260,-122.4532670,6545.3,21474.1,0,0,0
956.90,0.0,0.0,12243,0.0,1,-13.7,0,0,18342.8,38.1590260,-122.4532670,6545.3,21474.1,0,0,0
957.00,0.0,0.0,12243,0.0,1,-13.6,0,0,18343.0,38.1590270,-122.4532670,6545.3,21474.1,0,0,0
957.10,0.0,0.0,12243,0.0,1,-13.6,0,0,18343.1,38.1590280,-122.4532680,6545.3,21474.1,0,0,0
957.20,0.0,0.0,12243,0.0,1,-13.6,0,0,18343.2,38.1590290,-122.4532680,6545.3,21474.1,0,0,0
957.30,0.0,0.0,12243,0.0,1,-13.7,0,0,18343.3,38.1590300,-122.4532680,6545.3,21474.1,0,0,0
957.40,0.0,0.0,12243,0.0,1,-13.6,0,0,18343.3,38.1590300,-122.4532680,6545.3,21474.1,0,0,0
957.50,0.0,0.0,12243,0.0,1,-13.6,0,0,18343.5,38.1590310,-122.4532690,6545.3,21474.1,0,0,0
957.60,0.0,0.0,12243,0.0,1,-13.6,0,0,18343.5,38.1590310,-122.4532690,6545.3,21474.1,0,0,0
957.70,0.0,0.0,12243,0.0,1,-13.7,0,0,18343.5,38.1590310,-122.4532690,6545.3,21474.1,0,0,0
957.80,0.0,0.0,12243,0.0,1,-13.6,0,0,18343.5,38.1590310,-122.4532690,6545.5,21474.7,0,0,0
957.90,0.0,0.0,12243,0.0,1,-13.6,0,0,18343.5,38.1590310,-122.4532690,6545.5,21474.7,0,0,0
958.00,0.0,0.0,12243,0.0,1,-13.6,0,0,18343.5,38.1590310,-122.4532690,6545.5,21474.7,0,0,0
958.10,0.0,0.0,12243,0.0,1,-13.7,0,0,18343.5,38.1590310,-122.4532690,6545.5,21474.7,0,0,0
958.20,0.0,0.0,12243,0.0,1,-13.6,0,0,18343.5,38.1590310,-122.4532690,6545.5,21474.7,0,0,0
958.30,0.0,0.0,12243,0.0,1,-13.6,0,0,18343.5,38.1590310,-122.4532690,6545.5,21474.7,0,0,0
958.40,0.0,0.0,12243,0.0,1,-13.6,0,0,18343.5,38.1590310,-122.4532690,6545.5,21474.7,0,0,0
958.50,0.0,0.0,12243,0.0,1,-13.6,0,0,18343.5,38.1590310,-122.4532690,6545.5,21474.7,0,0,0
958.60,0.0,0.0,12243,0.0,1,-13.7,0,0,18343.5,38.1590310,-122.4532690,6545.5,21474.7,0,0,0
958.70,0.0,0.0,12243,0.0,1,-13.6,0,0,18343.5,38.1590310,-122.4532690,6545.5,21474.7,0,0,0
958.80,0.0,0.0,12243,0.0,1,-13.7,0,0,18343.5,38.1590310,-122.4532690,6545.7,21475.4,0,0,0
958.90,0.0,0.0,12243,0.0,1,-13.6,0,0,18343.5,38.1590310,-122.4532690,6545.7,21475.4,0,0,0
959.00,0.0,0.0,12243,0.0,1,-13.7,0,0,18343.5,38.1590310,-122.4532690,6545.7,21475.4,0,0,0
959.10,0.0,0.0,12243,0.0,1,-13.6,0,0,18343.5,38.1590310,-122.4532680,6545.7,21475.4,0,0,0
959.20,0.0,0.0,12243,0.0,1,-13.7,0,0,18343.5,38.1590310,-122.4532680,6545.7,21475.4,0,0,0
959.30,0.0,0.0,12243,0.0,1,-13.6,0,0,18343.5,38.1590310,-122.4532680,6545.7,21475.4,0,0,0
959.40,0.0,0.0,12243,0.0,1,-13.7,0,0,18343.5,38.1590310,-122.4532680,6545.7,21475.4,0,0,0
959.50,0.0,0.0,12243,0.0,1,-13.6,0,0,18343.5,38.1590310,-122.4532680,6545.7,21475.4,0,0,0
959.60,0.0,0.0,12243,0.0,1,-13.7,0,0,18343.5,38.1590310,-122.4532680,6545.7,21475.4,0,0,0
959.70,0.0,0.0,12243,0.0,1,-13.6,0,0,18343.5,38.1590310,-122.4532680,6545.7,21475.4,0,0,0
959.80,0.0,0.0,12243,0.0,1,-13.7,0,0,18343.5,38.1590310,-122.4532680,6545.7,21475.4,0,0,0
959.90,0.0,0.0,12243,0.0,1,-13.6,0,0,18343.5,38.1590310,-122.4532680,6545.7,21475.4,0,0,0
960.00,0.0,0.0,12243,0.0,1,-13.7,0,0,18343.5,38.1590310,-122.4532680,6545.7,21475.4,0,0,0
960.10,0.0,0.0,12243,0.0,1,-13.6,0,0,18343.5,38.1590310,-122.4532680,6545.7,21475.4,0,0,0
960.20,0.0,0.0,12243,0.0,1,-13.7,0,0,18343.5,38.1590310,-122.4532680,6545.7,21475.4,0,0,0
960.30,0.0,0.0,12243,0.0,1,-13.6,0,0,18343.5,38.1590310,-122.4532680,6545.7,21475.4,0,0,0
960.40,0.0,0.0,12243,0.0,1,-13.7,0,0,18343.5,38.1590310,-122.4532680,6545.7,21475.4,0,0,0
960.50,0.0,0.0,12243,0.0,1,-13.6,0,0,18343.5,38.1590310,-122.4532680,6545.7,21475.4,0,0,0
960.60,0.0,0.0,12243,0.0,1,-13.7,0,0,18343.5,38.1590310,-122.4532680,6545.7,21475.4,0,0,0
960.70,0.0,0.0,12243,0.0,1,-13.6,0,0,18343.5,38.1590310,-122.4532680,6545.7,21475.4,0,0,0
960.80,0.0,0.0,12243,0.0,1,-13.6,0,0,18343.5,38.1590310,-122.4532680,6545.8,21475.7,0,0,0
960.90,0.0,0.0,12243,0.0,1,-13.6,0,0,18343.7,38.1590300,-122.4532680,6545.8,21475.7,0,0,0
961.00,0.0,0.0,12243,0.0,1,-13.6,0,0,18343.7,38.1590300,-122.4532680,6545.8,21475.7,0,0,0
961.10,0.0,0.0,12243,0.0,1,-13.6,0,0,18343.7,38.1590300,-122.4532680,6545.8,21475.7,0,0,0
961.20,0.0,0.0,12243,0.0,1,-13.6,0,0,18343.7,38.1590300,-122.4532680,6545.8,21475.7,0,0,0
961.30,0.0,0.0,12243,0.0,1,-13.6,0,0,18343.7,38.1590300,-122.4532680,6545.8,21475.7,0,0,0
961.40,0.0,0.0,12243,0.0,1,-13.6,0,0,18343.7,38.1590300,-122.4532680,6545.8,21475.7,0,0,0
961.50,0.0,0.0,12243,0.0,1,-13.6,0,0,18343.8,38.1590310,-122.4532680,6545.8,21475.7,0,0,0
961.60,0.0,0.0,12243,0.0,1,-13.7,0,0,18343.8,38.1590310,-122.4532680,6545.8,21475.7,0,0,0
961.70,0.0,0.0,12243,0.0,1,-13.6,0,0,18343.8,38.1590310,-122.4532680,6545.8,21475.7,0,0,0
961.80,0.0,0.0,12243,0.0,1,-13.6,0,0,18343.8,38.1590310,-122.4532680,6545.8,21475.7,0,0,0
961.90,0.0,0.0,12243,0.0,1,-13.6,0,0,18343.8,38.1590310,-122.4532680,6545.8,21475.7,0,0,0
962.00,0.0,0.0,12243,0.0,1,-13.7,0,0,18343.9,38.1590300,-122.4532680,6545.8,21475.7,0,0,0
962.10,0.0,0.0,12243,0.0,1,-13.6,0,0,18344.0,38.1590310,-122.4532680,6545.8,21475.7,0,0,0
962.20,0.0,0.0,12243,0.0,1,-13.6,0,0,18344.0,38.1590310,-122.4532680,6545.8,21475.7,0,0,0
962.30,0.0,0.0,12243,0.0,1,-13.6,0,0,18344.0,38.1590310,-122.4532680,6545.8,21475.7,0,0,0
962.40,0.0,0.0,12243,0.0,1,-13.7,0,0,18344.0,38.1590310,-122.4532680,6545.8,21475.7,0,0,0
962.50,0.0,0.0,12243,0.0,1,-13.6,0,0,18344.0,38.1590310,-122.4532680,6545.8,21475.7,0,0,0
962.60,0.0,0.0,12243,0.0,1,-13.7,0,0,18344.1,38.1590310,-122.4532690,6545.8,21475.7,0,0,0
962.70,0.0,0.0,12243,0.0,1,-13.7,0,0,18344.2,38.1590320,-122.4532690,6545.8,21475.7,0,0,0
962.80,0.0,0.0,12243,0.0,1,-13.7,0,0,18344.2,38.1590320,-122.4532690,6545.9,21476.1,0,0,0
962.90,0.0,0.0,12243,0.0,1,-13.7,0,0,18344.2,38.1590320,-122.4532690,6545.9,21476.1,0,0,0
963.00,0.0,0.0,12243,0.0,1,-13.7,0,0,18344.2,38.1590320,-122.4532690,6545.9,21476.1,0,0,0
963.10,0.0,0.0,12243,0.0,1,-13.7,0,0,18344.2,38.1590320,-122.4532690,6545.9,21476.1,0,0,0
963.20,0.0,0.0,12243,0.0,1,-13.7,0,0,18344.2,38.1590320,-122.4532690,6545.9,21476.1,0,0,0
963.30,0.0,0.0,12243,0.0,1,-13.7,0,0,18344.2,38.1590320,-122.4532690,6545.9,21476.1,0,0,0
963.40,0.0,0.0,12243,0.0,1,-13.7,0,0,18344.3,38.1590320,-122.4532700,6545.9,21476.1,0,0,0
963.50,0.0,0.0,12243,0.0,1,-13.7,0,0,18344.3,38.1590320,-122.4532700,6545.9,21476.1,0,0,0
963.60,0.0,0.0,12243,0.0,1,-13.7,0,0,18344.4,38.1590320,-122.4532690,6545.9,21476.1,0,0,0
963.70,0.0,0.0,12243,0.0,1,-13.7,0,0,18344.5,38.1590320,-122.4532700,6545.9,21476.1,0,0,0
963.80,0.0,0.0,12243,0.0,1,-13.7,0,0,18344.5,38.1590320,-122.4532700,6546.1,21476.7,0,0,0
963.90,0.0,0.0,12243,0.0,1,-13.7,0,0,18344.5,38.1590320,-122.4532700,6546.1,21476.7,0,0,0
964.00,0.0,0.0,12243,0.0,1,-13.7,0,0,18344.5,38.1590320,-122.4532700,6546.1,21476.7,0,0,0
964.10,0.0,0.0,12243,0.0,1,-13.6,0,0,18344.5,38.1590320,-122.4532700,6546.1,21476.7,0,0,0
964.20,0.0,0.0,12243,0.0,1,-13.7,0,0,18344.5,38.1590320,-122.4532700,6546.1,21476.7,0,0,0
964.30,0.0,0.0,12243,0.0,1,-13.7,0,0,18344.5,38.1590320,-122.4532700,6546.1,21476.7,0,0,0
964.40,0.0,0.0,12243,0.0,1,-13.7,0,0,18344.5,38.1590320,-122.4532700,6546.1,21476.7,0,0,0
964.50,0.0,0.0,12243,0.0,1,-13.7,0,0,18344.5,38.1590320,-122.4532700,6546.1,21476.7,0,0,0
964.60,0.0,0.0,12243,0.0,1,-13.7,0,0,18344.5,38.1590320,-122.4532700,6546.1,21476.7,0,0,0
964.70,0.0,0.0,12243,0.0,1,-13.7,0,0,18344.5,38.1590320,-122.4532700,6546.1,21476.7,0,0,0
964.80,0.0,0.0,12243,0.0,1,-13.7,0,0,18344.5,38.1590320,-122.4532700,6546.1,21476.7,0,0,0
964.90,0.0,0.0,12243,0.0,1,-13.6,0,0,18344.5,38.1590320,-122.4532700,6546.1,21476.7,0,0,0
965.00,0.0,0.0,12243,0.0,1,-13.7,0,0,18344.5,38.1590320,-122.4532700,6546.1,21476.7,0,0,0
965.10,0.0,0.0,12243,0.0,1,-13.7,0,0,18344.5,38.1590320,-122.4532700,6546.1,21476.7,0,0,0
965.20,0.0,0.0,12243,0.0,1,-13.7,0,0,18344.5,38.1590320,-122.4532700,6546.1,21476.7,0,0,0
965.30,0.0,0.0,12243,0.0,1,-13.6,0,0,18344.5,38.1590320,-122.4532700,6546.1,21476.7,0,0,0
965.40,0.0,0.0,12243,0.0,1,-13.7,0,0,18344.6,38.1590330,-122.4532700,6546.1,21476.7,0,0,0
965.50,0.0,0.0,12243,0.0,1,-13.7,0,0,18344.6,38.1590330,-122.4532700,6546.1,21476.7,0,0,0
965.60,0.0,0.0,12243,0.0,1,-13.7,0,0,18344.6,38.1590330,-122.4532700,6546.1,21476.7,0,0,0
965.70,0.0,0.0,12243,0.0,1,-13.7,0,0,18344.6,38.1590330,-122.4532700,6546.1,21476.7,0,0,0
965.80,0.0,0.0,12243,0.0,1,-13.7,0,0,18344.6,38.1590330,-122.4532700,6546.3,21477.4,0,0,0
965.90,0.0,0.0,12243,0.0,1,-13.7,0,0,18344.7,38.1590320,-122.4532700,6546.3,21477.4,0,0,0
966.00,0.0,0.0,12243,0.0,1,-13.7,0,0,18344.7,38.1590320,-122.4532700,6546.3,21477.4,0,0,0
966.10,0.0,0.0,12243,0.0,1,-13.7,0,0,18344.7,38.1590320,-122.4532700,6546.3,21477.4,0,0,0
966.20,0.0,0.0,12243,0.0,1,-13.7,0,0,18344.7,38.1590320,-122.4532700,6546.3,21477.4,0,0,0
966.30,0.0,0.0,12243,0.0,1,-13.7,0,0,18344.7,38.1590320,-122.4532700,6546.3,21477.4,0,0,0
966.40,0.0,0.0,12243,0.0,1,-13.7,0,0,18344.8,38.1590330,-122.4532700,6546.3,21477.4,0,0,0
966.50,0.0,0.0,12243,0.0,1,-13.7,0,0,18344.9,38.1590330,-122.4532710,6546.3,21477.4,0,0,0
966.60,0.0,0.0,12243,0.0,1,-13.7,0,0,18344.9,38.1590330,-122.4532710,6546.3,21477.4,0,0,0
966.70,0.0,0.0,12243,0.0,1,-13.7,0,0,18344.9,38.1590330,-122.4532710,6546.3,21477.4,0,0,0
966.80,0.0,0.0,12243,0.0,1,-13.7,0,0,18344.9,38.1590330,-122.4532710,6546.3,21477.4,0,0,0
966.90,0.0,0.0,12243,0.0,1,-13.7,0,0,18344.9,38.1590330,-122.4532710,6546.3,21477.4,0,0,0
967.00,0.0,0.0,12243,0.0,1,-13.7,0,0,18344.9,38.1590330,-122.4532710,6546.3,21477.4,0,0,0
967.10,0.0,0.0,12243,0.0,1,-13.7,0,0,18344.9,38.1590330,-122.4532710,6546.3,21477.4,0,0,0
967.20,0.0,0.0,12243,0.0,1,-13.7,0,0,18344.9,38.1590330,-122.4532710,6546.3,21477.4,0,0,0
967.30,0.0,0.0,12243,0.0,1,-13.7,0,0,18344.9,38.1590330,-122.4532710,6546.3,21477.4,0,0,0
967.40,0.0,0.0,12243,0.0,1,-13.7,0,0,18344.9,38.1590330,-122.4532710,6546.3,21477.4,0,0,0
967.50,0.0,0.0,12243,0.0,1,-13.7,0,0,18344.9,38.1590330,-122.4532710,6546.3,21477.4,0,0,0
967.60,0.0,0.0,12243,0.0,1,-13.7,0,0,18344.9,38.1590330,-122.4532710,6546.3,21477.4,0,0,0
967.70,0.0,0.0,12243,0.0,1,-13.7,0,0,18344.9,38.1590330,-122.4532710,6546.3,21477.4,0,0,0
967.80,0.0,0.0,12243,0.0,1,-13.7,0,0,18344.9,38.1590330,-122.4532710,6546.5,21478.0,0,0,0
967.90,0.0,0.0,12243,0.0,1,-13.7,0,0,18344.9,38.1590330,-122.4532710,6546.5,21478.0,0,0,0
968.00,0.0,0.0,12243,0.0,1,-13.7,0,0,18344.9,38.1590330,-122.4532710,6546.5,21478.0,0,0,0
968.10,0.0,0.0,12243,0.0,1,-13.7,0,0,18345.0,38.1590340,-122.4532710,6546.5,21478.0,0,0,0
968.20,0.0,0.0,12243,0.0,1,-13.7,0,0,18345.0,38.1590340,-122.4532710,6546.5,21478.0,0,0,0
968.30,0.0,0.0,12243,0.0,1,-13.7,0,0,18345.1,38.1590340,-122.4532720,6546.5,21478.0,0,0,0
968.40,0.0,0.0,12243,0.0,1,-13.7,0,0,18345.1,38.1590340,-122.4532720,6546.5,21478.0,0,0,0
968.50,0.0,0.0,12243,0.0,1,-13.7,0,0,18345.1,38.1590340,-122.4532720,6546.5,21478.0,0,0,0
968.60,0.0,0.0,12243,0.0,1,-13.7,0,0,18345.1,38.1590340,-122.4532720,6546.5,21478.0,0,0,0
968.70,0.0,0.0,12243,0.0,1,-13.7,0,0,18345.1,38.1590340,-122.4532720,6546.5,21478.0,0,0,0
968.80,0.0,0.0,12243,0.0,1,-13.7,0,0,18345.1,38.1590340,-122.4532720,6546.6,21478.3,0,0,0
968.90,0.0,0.0,12243,0.0,1,-13.7,0,0,18345.1,38.1590340,-122.4532720,6546.6,21478.3,0,0,0
969.00,0.0,0.0,12243,0.0,1,-13.7,0,0,18345.2,38.1590340,-122.4532730,6546.6,21478.3,0,0,0
969.10,0.0,0.0,12243,0.0,1,-13.7,0,0,18345.2,38.1590340,-122.4532730,6546.6,21478.3,0,0,0
969.20,0.0,0.0,12243,0.0,1,-13.7,0,0,18345.2,38.1590340,-122.4532730,6546.6,21478.3,0,0,0
969.30,0.0,0.0,12243,0.0,1,-13.7,0,0,18345.2,38.1590340,-122.4532730,6546.6,21478.3,0,0,0
969.40,0.0,0.0,12243,0.0,1,-13.7,0,0,18345.2,38.1590340,-122.4532730,6546.6,21478.3,0,0,0
969.50,0.0,0.0,12243,0.0,1,-13.7,0,0,18345.2,38.1590340,-122.4532730,6546.6,21478.3,0,0,0
969.60,0.0,0.0,12243,0.0,1,-13.7,0,0,18345.3,38.1590350,-122.4532740,6546.6,21478.3,0,0,0
969.70,0.0,0.0,12243,0.0,1,-13.7,0,0,18345.3,38.1590350,-122.4532740,6546.6,21478.3,0,0,0
969.80,0.0,0.0,12243,0.0,1,-13.7,0,0,18345.3,38.1590350,-122.4532740,6546.8,21479.0,0,0,0
969.90,0.0,0.0,12243,0.0,1,-13.7,0,0,18345.3,38.1590350,-122.4532740,6546.8,21479.0,0,0,0
970.00,0.0,0.0,12243,0.0,1,-13.7,0,0,18345.4,38.1590350,-122.4532750,6546.8,21479.0,0,0,0
970.10,0.0,0.0,12243,0.0,1,-13.7,0,0,18345.4,38.1590350,-122.4532750,6546.8,21479.0,0,0,0
970.20,0.0,0.0,12243,0.0,1,-13.7,0,0,18345.5,38.1590350,-122.4532760,6546.8,21479.0,0,0,0
970.30,0.0,0.0,12243,0.0,1,-13.7,0,0,18345.6,38.1590360,-122.4532760,6546.8,21479.0,0,0,0
970.40,0.0,0.0,12243,0.0,1,-13.7,0,0,18345.7,38.1590360,-122.4532770,6546.8,21479.0,0,0,0
970.50,0.0,0.0,12243,0.0,1,-13.7,0,0,18345.8,38.1590370,-122.4532770,6546.8,21479.0,0,0,0
970.60,0.0,0.0,12243,0.0,1,-13.7,0,0,18345.8,38.1590370,-122.4532770,6546.8,21479.0,0,0,0
970.70,0.0,0.0,12243,0.0,1,-13.7,0,0,18345.8,38.1590370,-122.4532770,6546.8,21479.0,0,0,0
970.80,0.0,0.0,12243,0.0,1,-13.7,0,0,18345.9,38.1590370,-122.4532780,6547.2,21480.3,0,0,0
970.90,0.0,0.0,12243,0.0,1,-13.7,0,0,18346.0,38.1590370,-122.4532770,6547.2,21480.3,0,0,0
971.00,0.0,0.0,12243,0.0,1,-13.7,0,0,18346.0,38.1590370,-122.4532770,6547.2,21480.3,0,0,0
971.10,0.0,0.0,12243,0.0,1,-13.7,0,0,18346.0,38.1590370,-122.4532770,6547.2,21480.3,0,0,0
971.20,0.0,0.0,12243,0.0,1,-13.7,0,0,18346.0,38.1590370,-122.4532770,6547.2,21480.3,0,0,0
971.30,0.0,0.0,12243,0.0,1,-13.7,0,0,18346.0,38.1590370,-122.4532770,6547.2,21480.3,0,0,0
971.40,0.0,0.0,12243,0.0,1,-13.7,0,0,18346.0,38.1590370,-122.4532770,6547.2,21480.3,0,0,0
971.50,0.0,0.0,12243,0.0,1,-13.7,0,0,18346.0,38.1590370,-122.4532770,6547.2,21480.3,0,0,0
971.60,0.0,0.0,12243,0.0,1,-13.7,0,0,18346.0,38.1590370,-122.4532770,6547.2,21480.3,0,0,0
971.70,0.0,0.0,12243,0.0,1,-13.7,0,0,18346.0,38.1590370,-122.4532770,6547.2,21480.3,0,0,0
971.80,0.0,0.0,12243,0.0,1,-13.7,0,0,18346.0,38.1590370,-122.4532770,6547.3,21480.6,0,0,0
971.90,0.0,0.0,12243,0.0,1,-13.7,0,0,18346.1,38.1590380,-122.4532760,6547.3,21480.6,0,0,0
972.00,0.0,0.0,12243,0.0,1,-13.7,0,0,18346.2,38.1590380,-122.4532770,6547.3,21480.6,0,0,0
972.10,0.0,0.0,12243,0.0,1,-13.7,0,0,18346.2,38.1590380,-122.4532770,6547.3,21480.6,0,0,0
972.20,0.0,0.0,12243,0.0,1,-13.7,0,0,18346.3,38.1590380,-122.4532780,6547.3,21480.6,0,0,0
972.30,0.0,0.0,12243,0.0,1,-13.7,0,0,18346.3,38.1590380,-122.4532780,6547.3,21480.6,0,0,0
972.40,0.0,0.0,12243,0.0,1,-13.7,0,0,18346.3,38.1590380,-122.4532780,6547.3,21480.6,0,0,0
972.50,0.0,0.0,12243,0.0,1,-13.7,0,0,18346.3,38.1590380,-122.4532780,6547.3,21480.6,0,0,0
972.60,0.0,0.0,12243,0.0,1,-13.7,0,0,18346.4,38.1590390,-122.4532780,6547.3,21480.6,0,0,0
972.70,0.0,0.0,12243,0.0,1,-13.7,0,0,18346.4,38.1590390,-122.4532780,6547.3,21480.6,0,0,0
972.80,0.0,0.0,12243,0.0,1,-13.7,0,0,18346.4,38.1590390,-122.4532780,6547.6,21481.6,0,0,0
972.90,0.0,0.0,12243,0.0,1,-13.7,0,0,18346.4,38.1590390,-122.4532780,6547.6,21481.6,0,0,0
973.00,0.0,0.0,12243,0.0,1,-13.7,0,0,18346.4,38.1590390,-122.4532780,6547.6,21481.6,0,0,0
973.10,0.0,0.0,12243,0.0,1,-13.7,0,0,18346.4,38.1590390,-122.4532780,6547.6,21481.6,0,0,0
973.20,0.0,0.0,12243,0.0,1,-13.7,0,0,18346.5,38.1590390,-122.4532790,6547.6,21481.6,0,0,0
973.30,0.0,0.0,12243,0.0,1,-13.7,0,0,18346.5,38.1590390,-122.4532790,6547.6,21481.6,0,0,0
973.40,0.0,0.0,12243,0.0,1,-13.7,0,0,18346.5,38.1590390,-122.4532790,6547.6,21481.6,0,0,0
973.50,0.0,0.0,12243,0.0,1,-13.7,0,0,18346.5,38.1590390,-122.4532790,6547.6,21481.6,0,0,0
973.60,0.0,0.0,12243,0.0,1,-13.7,0,0,18346.6,38.1590400,-122.4532800,6547.6,21481.6,0,0,0
973.70,0.0,0.0,12243,0.0,1,-13.7,0,0,18346.6,38.1590400,-122.4532800,6547.6,21481.6,0,0,0
973.80,0.0,0.0,12243,0.0,1,-13.7,0,0,18346.6,38.1590400,-122.4532800,6547.9,21482.6,0,0,0
973.90,0.0,0.0,12243,0.0,1,-13.7,0,0,18346.6,38.1590400,-122.4532800,6547.9,21482.6,0,0,0
974.00,0.0,0.0,12243,0.0,1,-13.7,0,0,18346.6,38.1590400,-122.4532800,6547.9,21482.6,0,0,0
974.10,0.0,0.0,12243,0.0,1,-13.7,0,0,18346.6,38.1590400,-122.4532800,6547.9,21482.6,0,0,0
974.20,0.0,0.0,12243,0.0,1,-13.7,0,0,18346.6,38.1590400,-122.4532800,6547.9,21482.6,0,0,0
974.30,0.0,0.0,12243,0.0,1,-13.7,0,0,18346.6,38.1590400,-122.4532800,6547.9,21482.6,0,0,0
974.40,0.0,0.0,12243,0.0,1,-13.7,0,0,18346.6,38.1590400,-122.4532800,6547.9,21482.6,0,0,0
974.50,0.0,0.0,12243,0.0,1,-13.7,0,0,18346.7,38.1590400,-122.4532810,6547.9,21482.6,0,0,0
974.60,0.0,0.0,12243,0.0,1,-13.7,0,0,18346.7,38.1590400,-122.4532810,6547.9,21482.6,0,0,0
974.70,0.0,0.0,12243,0.0,1,-13.7,0,0,18346.7,38.1590400,-122.4532810,6547.9,21482.6,0,0,0
974.80,0.0,0.0,12243,0.0,1,-13.7,0,0,18346.7,38.1590400,-122.4532810,6548.1,21483.3,0,0,0
974.90,0.0,0.0,12243,0.0,1,-13.7,0,0,18346.7,38.1590400,-122.4532810,6548.1,21483.3,0,0,0
975.00,0.0,0.0,12243,0.0,1,-13.7,0,0,18346.7,38.1590400,-122.4532810,6548.1,21483.3,0,0,0
975.10,0.0,0.0,12243,0.0,1,-13.7,0,0,18346.7,38.1590400,-122.4532810,6548.1,21483.3,0,0,0
975.20,0.0,0.0,12243,0.0,1,-13.7,0,0,18346.7,38.1590400,-122.4532810,6548.1,21483.3,0,0,0
975.30,0.0,0.0,12243,0.0,1,-13.7,0,0,18346.7,38.1590400,-122.4532810,6548.1,21483.3,0,0,0
975.40,0.0,0.0,12243,0.0,1,-13.7,0,0,18346.7,38.1590400,-122.4532810,6548.1,21483.3,0,0,0
975.50,0.0,0.0,12243,0.0,1,-13.7,0,0,18346.7,38.1590400,-122.4532810,6548.1,21483.3,0,0,0
975.60,0.0,0.0,12243,0.0,1,-13.7,0,0,18346.7,38.1590400,-122.4532810,6548.1,21483.3,0,0,0
975.70,0.0,0.0,12243,0.0,1,-13.7,0,0,18346.7,38.1590400,-122.4532810,6548.1,21483.3,0,0,0
975.80,0.0,0.0,12243,0.0,1,-13.7,0,0,18346.7,38.1590400,-122.4532810,6548.3,21483.9,0,0,0
975.90,0.0,0.0,12243,0.0,1,-13.7,0,0,18346.7,38.1590400,-122.4532810,6548.3,21483.9,0,0,0
976.00,0.0,0.0,12243,0.0,1,-13.7,0,0,18346.8,38.1590400,-122.4532800,6548.3,21483.9,0,0,0
976.10,0.0,0.0,12243,0.0,1,-13.7,0,0,18346.8,38.1590400,-122.4532800,6548.3,21483.9,0,0,0
976.20,0.0,0.0,12243,0.0,1,-13.7,0,0,18346.8,38.1590400,-122.4532800,6548.3,21483.9,0,0,0
976.30,0.0,0.0,12243,0.0,1,-13.7,0,0,18346.8,38.1590400,-122.4532800,6548.3,21483.9,0,0,0
976.40,0.0,0.0,12243,0.0,1,-13.7,0,0,18346.8,38.1590400,-122.4532800,6548.3,21483.9,0,0,0
976.50,0.0,0.0,12243,0.0,1,-13.7,0,0,18346.8,38.1590400,-122.4532800,6548.3,21483.9,0,0,0
976.60,0.0,0.0,12243,0.0,1,-13.7,0,0,18346.9,38.1590390,-122.4532800,6548.3,21483.9,0,0,0
976.70,0.0,0.0,12243,0.0,1,-13.7,0,0,18347.0,38.1590390,-122.4532790,6548.3,21483.9,0,0,0
976.80,0.0,0.0,12243,0.0,1,-13.7,0,0,18347.0,38.1590390,-122.4532790,6548.4,21484.3,0,0,0
976.90,0.0,0.0,12243,0.0,1,-13.7,0,0,18347.1,38.1590390,-122.4532780,6548.4,21484.3,0,0,0
977.00,0.0,0.0,12243,0.0,1,-13.7,0,0,18347.2,38.1590380,-122.4532780,6548.4,21484.3,0,0,0
977.10,0.0,0.0,12243,0.0,1,-13.7,0,0,18347.2,38.1590380,-122.4532780,6548.4,21484.3,0,0,0
977.20,0.0,0.0,12243,0.0,1,-13.7,0,0,18347.3,38.1590390,-122.4532780,6548.4,21484.3,0,0,0
977.30,0.0,0.0,12243,0.0,1,-13.7,0,0,18347.3,38.1590390,-122.4532780,6548.4,21484.3,0,0,0
977.40,0.0,0.0,12243,0.0,1,-13.7,0,0,18347.5,38.1590400,-122.4532800,6548.4,21484.3,0,0,0
977.50,0.0,0.0,12243,0.0,1,-13.7,0,0,18347.5,38.1590400,-122.4532800,6548.4,21484.3,0,0,0
977.60,0.0,0.0,12243,0.0,1,-13.7,0,0,18347.6,38.1590400,-122.4532810,6548.4,21484.3,0,0,0
977.70,0.0,0.0,12243,0.0,1,-13.7,0,0,18347.7,38.1590410,-122.4532810,6548.4,21484.3,0,0,0
977.80,0.0,0.0,12243,0.0,1,-13.7,0,0,18347.7,38.1590410,-122.4532810,6548.6,21484.9,0,0,0
977.90,0.0,0.0,12243,0.0,1,-13.7,0,0,18347.8,38.1590400,-122.4532810,6548.6,21484.9,0,0,0
978.00,0.0,0.0,12243,0.0,1,-13.7,0,0,18347.8,38.1590400,-122.4532810,6548.6,21484.9,0,0,0
978.10,0.0,0.0,12243,0.0,1,-13.7,0,0,18347.9,38.1590400,-122.4532820,6548.6,21484.9,0,0,0
978.20,0.0,0.0,12243,0.0,1,-13.7,0,0,18347.9,38.1590400,-122.4532820,6548.6,21484.9,0,0,0
978.30,0.0,0.0,12243,0.0,1,-13.7,0,0,18347.9,38.1590400,-122.4532820,6548.6,21484.9,0,0,0
978.40,0.0,0.0,12243,0.0,1,-13.7,0,0,18348.0,38.1590410,-122.4532820,6548.6,21484.9,0,0,0
978.50,0.0,0.0,12243,0.0,1,-13.7,0,0,18348.1,38.1590400,-122.4532820,6548.6,21484.9,0,0,0
978.60,0.0,0.0,12243,0.0,1,-13.7,0,0,18348.1,38.1590400,-122.4532820,6548.6,21484.9,0,0,0
978.70,0.0,0.0,12243,0.0,1,-13.7,0,0,18348.1,38.1590400,-122.4532820,6548.6,21484.9,0,0,0
978.80,0.0,0.0,12243,0.0,1,-13.7,0,0,18348.2,38.1590410,-122.4532820,6548.8,21485.6,0,0,0
978.90,0.0,0.0,12243,0.0,1,-13.7,0,0,18348.4,38.1590400,-122.4532830,6548.8,21485.6,0,0,0
979.00,0.0,0.0,12243,0.0,1,-13.7,0,0,18348.4,38.1590400,-122.4532830,6548.8,21485.6,0,0,0
979.10,0.0,0.0,12243,0.0,1,-13.7,0,0,18348.4,38.1590400,-122.4532830,6548.8,21485.6,0,0,0
979.20,0.0,0.0,12243,0.0,1,-13.7,0,0,18348.4,38.1590400,-122.4532830,6548.8,21485.6,0,0,0
979.30,0.0,0.0,12243,0.0,1,-13.7,0,0,18348.4,38.1590400,-122.4532830,6548.8,21485.6,0,0,0
979.40,0.0,0.0,12243,0.0,1,-13.7,0,0,18348.4,38.1590400,-122.4532830,6548.8,21485.6,0,0,0
979.50,0.0,0.0,12243,0.0,1,-13.7,0,0,18348.5,38.1590400,-122.4532820,6548.8,21485.6,0,0,0
979.60,0.0,0.0,12243,0.0,1,-13.7,0,0,18348.6,38.1590400,-122.4532830,6548.8,21485.6,0,0,0
979.70,0.0,0.0,12243,0.0,1,-13.7,0,0,18348.6,38.1590400,-122.4532830,6548.8,21485.6,0,0,0
979.80,0.0,0.0,12243,0.0,1,-13.7,0,0,18348.6,38.1590400,-122.4532830,6548.8,21485.6,0,0,0
979.90,0.0,0.0,12243,0.0,1,-13.7,0,0,18348.6,38.1590400,-122.4532830,6548.8,21485.6,0,0,0
980.00,0.0,0.0,12243,0.0,1,-13.7,0,0,18348.6,38.1590400,-122.4532830,6548.8,21485.6,0,0,0
980.10,0.0,0.0,12243,0.0,1,-13.7,0,0,18348.6,38.1590400,-122.4532830,6548.8,21485.6,0,0,0
980.20,0.0,0.0,12243,0.0,1,-13.7,0,0,18348.6,38.1590400,-122.4532830,6548.8,21485.6,0,0,0
980.30,0.0,0.0,12243,0.0,1,-13.7,0,0,18348.6,38.1590400,-122.4532830,6548.8,21485.6,0,0,0
980.40,0.0,0.0,12243,0.0,1,-13.7,0,0,18348.6,38.1590400,-122.4532830,6548.8,21485.6,0,0,0
980.50,0.0,0.0,12243,0.0,1,-13.7,0,0,18348.6,38.1590400,-122.4532830,6548.8,21485.6,0,0,0
980.60,0.0,0.0,12243,0.0,1,-13.7,0,0,18348.6,38.1590400,-122.4532830,6548.8,21485.6,0,0,0
980.70,0.0,0.0,12243,0.0,1,-13.7,0,0,18348.6,38.1590400,-122.4532820,6548.8,21485.6,0,0,0
980.80,0.0,0.0,12243,0.0,1,-13.7,0,0,18348.6,38.1590400,-122.4532820,6548.9,21485.9,0,0,0
980.90,0.0,0.0,12243,0.0,1,-13.7,0,0,18348.7,38.1590400,-122.4532830,6548.9,21485.9,0,0,0
981.00,0.0,0.0,12243,0.0,1,-13.7,0,0,18348.8,38.1590410,-122.4532830,6548.9,21485.9,0,0,0
981.10,0.0,0.0,12243,0.0,1,-13.7,0,0,18348.9,38.1590410,-122.4532840,6548.9,21485.9,0,0,0
981.20,0.0,0.0,12243,0.0,1,-13.7,0,0,18349.1,38.1590420,-122.4532850,6548.9,21485.9,0,0,0
981.30,0.0,0.0,12243,0.0,1,-13.7,0,0,18349.2,38.1590430,-122.4532860,6548.9,21485.9,0,0,0
981.40,0.0,0.0,12243,0.0,1,-13.7,0,0,18349.3,38.1590440,-122.4532860,6548.9,21485.9,0,0,0
981.50,0.0,0.0,12243,0.0,1,-13.7,0,0,18349.3,38.1590440,-122.4532860,6548.9,21485.9,0,0,0
981.60,0.0,0.0,12243,0.0,1,-13.7,0,0,18349.3,38.1590440,-122.4532860,6548.9,21485.9,0,0,0
981.70,0.0,0.0,12243,0.0,1,-13.7,0,0,18349.3,38.1590440,-122.4532860,6548.9,21485.9,0,0,0
981.80,0.0,0.0,12243,0.0,1,-13.7,0,0,18349.3,38.1590440,-122.4532860,6549.3,21487.2,0,0,0
981.90,0.0,0.0,12243,0.0,1,-13.7,0,0,18349.3,38.1590440,-122.4532860,6549.3,21487.2,0,0,0
982.00,0.0,0.0,12243,0.0,1,-13.7,0,0,18349.3,38.1590440,-122.4532860,6549.3,21487.2,0,0,0
982.10,0.0,0.0,12243,0.0,1,-13.7,0,0,18349.3,38.1590440,-122.4532860,6549.3,21487.2,0,0,0
982.20,0.0,0.0,12243,0.0,1,-13.7,0,0,18349.3,38.1590440,-122.4532860,6549.3,21487.2,0,0,0
982.30,0.0,0.0,12243,0.0,1,-13.7,0,0,18349.3,38.1590440,-122.4532860,6549.3,21487.2,0,0,0
982.40,0.0,0.0,12243,0.0,1,-13.7,0,0,18349.3,38.1590440,-122.4532860,6549.3,21487.2,0,0,0
982.50,0.0,0.0,12243,0.0,1,-13.7,0,0,18349.3,38.1590440,-122.4532860,6549.3,21487.2,0,0,0
982.60,0.0,0.0,12243,0.0,1,-13.7,0,0,18349.3,38.1590440,-122.4532860,6549.3,21487.2,0,0,0
982.70,0.0,0.0,12243,0.0,1,-13.7,0,0,18349.4,38.1590430,-122.4532860,6549.3,21487.2,0,0,0
982.80,0.0,0.0,12243,0.0,1,-13.7,0,0,18349.5,38.1590430,-122.4532850,6549.4,21487.5,0,0,0
982.90,0.0,0.0,12243,0.0,1,-13.7,0,0,18349.5,38.1590430,-122.4532850,6549.4,21487.5,0,0,0
983.00,0.0,0.0,12243,0.0,1,-13.7,0,0,18349.5,38.1590430,-122.4532850,6549.4,21487.5,0,0,0
983.10,0.0,0.0,12243,0.0,1,-13.7,0,0,18349.6,38.1590420,-122.4532850,6549.4,21487.5,0,0,0
983.20,0.0,0.0,12243,0.0,1,-13.7,0,0,18349.6,38.1590420,-122.4532850,6549.4,21487.5,0,0,0
983.30,0.0,0.0,12243,0.0,1,-13.7,0,0,18349.6,38.1590420,-122.4532850,6549.4,21487.5,0,0,0
983.40,0.0,0.0,12243,0.0,1,-13.7,0,0,18349.6,38.1590420,-122.4532850,6549.4,21487.5,0,0,0
983.50,0.0,0.0,12243,0.0,1,-13.7,0,0,18349.6,38.1590420,-122.4532850,6549.4,21487.5,0,0,0
983.60,0.0,0.0,12243,0.0,1,-13.7,0,0,18349.6,38.1590420,-122.4532850,6549.4,21487.5,0,0,0
983.70,0.0,0.0,12243,0.0,1,-13.7,0,0,18349.6,38.1590420,-122.4532850,6549.4,21487.5,0,0,0
983.80,0.0,0.0,12243,0.0,1,-13.7,0,0,18349.6,38.1590420,-122.4532850,6549.4,21487.5,0,0,0
983.90,0.0,0.0,12243,0.0,1,-13.7,0,0,18349.6,38.1590420,-122.4532850,6549.4,21487.5,0,0,0
984.00,0.0,0.0,12243,0.0,1,-13.7,0,0,18349.6,38.1590420,-122.4532850,6549.4,21487.5,0,0,0
984.10,0.0,0.0,12243,0.0,1,-13.7,0,0,18349.7,38.1590410,-122.4532850,6549.4,21487.5,0,0,0
984.20,0.0,0.0,12243,0.0,1,-13.7,0,0,18349.7,38.1590410,-122.4532850,6549.4,21487.5,0,0,0
984.30,0.0,0.0,12243,0.0,1,-13.7,0,0,18349.7,38.1590410,-122.4532850,6549.4,21487.5,0,0,0
984.40,0.0,0.0,12243,0.0,1,-13.7,0,0,18349.8,38.1590410,-122.4532840,6549.4,21487.5,0,0,0
984.50,0.0,0.0,12243,0.0,1,-13.7,0,0,18349.9,38.1590410,-122.4532850,6549.4,21487.5,0,0,0
984.60,0.0,0.0,12243,0.0,1,-13.7,0,0,18350.0,38.1590420,-122.4532850,6549.4,21487.5,0,0,0
984.70,0.0,0.0,12243,0.0,1,-13.7,0,0,18350.0,38.1590420,-122.4532850,6549.4,21487.5,0,0,0
984.80,0.0,0.0,12243,0.0,1,-13.7,0,0,18350.0,38.1590420,-122.4532850,6549.5,21487.9,0,0,0
984.90,0.0,0.0,12243,0.0,1,-13.7,0,0,18350.0,38.1590420,-122.4532850,6549.5,21487.9,0,0,0
985.00,0.0,0.0,12243,0.0,1,-13.7,0,0,18350.0,38.1590420,-122.4532850,6549.5,21487.9,0,0,0
985.10,0.0,0.0,12243,0.0,1,-13.7,0,0,18350.1,38.1590420,-122.4532840,6549.5,21487.9,0,0,0
985.20,0.0,0.0,12243,0.0,1,-13.7,0,0,18350.2,38.1590410,-122.4532840,6549.5,21487.9,0,0,0
985.30,0.0,0.0,12243,0.0,1,-13.7,0,0,18350.2,38.1590410,-122.4532840,6549.5,21487.9,0,0,0
985.40,0.0,0.0,12243,0.0,1,-13.7,0,0,18350.2,38.1590410,-122.4532840,6549.5,21487.9,0,0,0
985.50,0.0,0.0,12243,0.0,1,-13.7,0,0,18350.2,38.1590410,-122.4532840,6549.5,21487.9,0,0,0
985.60,0.0,0.0,12243,0.0,1,-13.7,0,0,18350.2,38.1590410,-122.4532840,6549.5,21487.9,0,0,0
985.70,0.0,0.0,12243,0.0,1,-13.7,0,0,18350.2,38.1590410,-122.4532840,6549.5,21487.9,0,0,0
985.80,0.0,0.0,12243,0.0,1,-13.7,0,0,18350.2,38.1590410,-122.4532840,6549.5,21487.9,0,0,0
985.90,0.0,0.0,12243,0.0,1,-13.7,0,0,18350.2,38.1590410,-122.4532840,6549.5,21487.9,0,0,0
986.00,0.0,0.0,12243,0.0,1,-13.7,0,0,18350.2,38.1590410,-122.4532840,6549.5,21487.9,0,0,0
986.10,0.0,0.0,12243,0.0,1,-13.7,0,0,18350.3,38.1590410,-122.4532830,6549.5,21487.9,0,0,0
986.20,0.0,0.0,12243,0.0,1,-13.7,0,0,18350.3,38.1590410,-122.4532830,6549.5,21487.9,0,0,0
986.30,0.0,0.0,12243,0.0,1,-13.7,0,0,18350.3,38.1590410,-122.4532830,6549.5,21487.9,0,0,0
986.40,0.0,0.0,12243,0.0,1,-13.7,0,0,18350.3,38.1590410,-122.4532830,6549.5,21487.9,0,0,0
986.50,0.0,0.0,12243,0.0,1,-13.7,0,0,18350.3,38.1590410,-122.4532830,6549.5,21487.9,0,0,0
986.60,0.0,0.0,12243,0.0,1,-13.7,0,0,18350.3,38.1590410,-122.4532830,6549.5,21487.9,0,0,0
986.70,0.0,0.0,12243,0.0,1,-13.7,0,0,18350.3,38.1590410,-122.4532830,6549.5,21487.9,0,0,0
986.80,0.0,0.0,12243,0.0,1,-13.7,0,0,18350.3,38.1590410,-122.4532830,6549.5,21487.9,0,0,0
986.90,0.0,0.0,12243,0.0,1,-13.7,0,0,18350.4,38.1590410,-122.4532820,6549.5,21487.9,0,0,0
987.00,0.0,0.0,12243,0.0,1,-13.7,0,0,18350.4,38.1590410,-122.4532820,6549.5,21487.9,0,0,0
987.10,0.0,0.0,12243,0.0,1,-13.7,0,0,18350.4,38.1590410,-122.4532820,6549.5,21487.9,0,0,0
987.20,0.0,0.0,12243,0.0,1,-13.7,0,0,18350.4,38.1590410,-122.4532820,6549.5,21487.9,0,0,0
987.30,0.0,0.0,12243,0.0,1,-13.7,0,0,18350.4,38.1590410,-122.4532820,6549.5,21487.9,0,0,0
987.40,0.0,0.0,12243,0.0,1,-13.7,0,0,18350.4,38.1590410,-122.4532820,6549.5,21487.9,0,0,0
987.50,0.0,0.0,12243,0.0,1,-13.7,0,0,18350.4,38.1590410,-122.4532820,6549.5,21487.9,0,0,0
987.60,0.0,0.0,12243,0.0,1,-13.7,0,0,18350.4,38.1590410,-122.4532820,6549.5,21487.9,0,0,0
987.70,0.0,0.0,12243,0.0,1,-13.7,0,0,18350.4,38.1590410,-122.4532820,6549.5,21487.9,0,0,0
987.80,0.0,0.0,12243,0.0,1,-13.7,0,0,18350.5,38.1590410,-122.4532810,6549.5,21487.9,0,0,0
987.90,0.0,0.0,12243,0.0,1,-13.7,0,0,18350.6,38.1590410,-122.4532820,6549.5,21487.9,0,0,0
988.00,0.0,0.0,12243,0.0,1,-13.7,0,0,18350.6,38.1590410,-122.4532820,6549.5,21487.9,0,0,0
988.10,0.0,0.0,12243,0.0,1,-13.7,0,0,18350.6,38.1590410,-122.4532820,6549.5,21487.9,0,0,0
988.20,0.0,0.0,12243,0.0,1,-13.7,0,0,18350.7,38.1590420,-122.4532820,6549.5,21487.9,0,0,0
988.30,0.0,0.0,12243,0.0,1,-13.7,0,0,18350.7,38.1590420,-122.4532820,6549.5,21487.9,0,0,0
988.40,0.0,0.0,12243,0.0,1,-13.7,0,0,18350.7,38.1590420,-122.4532820,6549.5,21487.9,0,0,0
988.50,0.0,0.0,12243,0.0,1,-13.7,0,0,18350.7,38.1590420,-122.4532820,6549.5,21487.9,0,0,0
988.60,0.0,0.0,12243,0.0,1,-13.7,0,0,18350.8,38.1590420,-122.4532810,6549.5,21487.9,0,0,0
988.70,0.0,0.0,12243,0.0,1,-13.7,0,0,18350.8,38.1590420,-122.4532810,6549.5,21487.9,0,0,0
988.80,0.0,0.0,12243,0.0,1,-13.7,0,0,18350.9,38.1590420,-122.4532820,6549.7,21488.5,0,0,0
988.90,0.0,0.0,12243,0.0,1,-13.7,0,0,18350.9,38.1590420,-122.4532820,6549.7,21488.5,0,0,0
989.00,0.0,0.0,12243,0.0,1,-13.7,0,0,18351.0,38.1590420,-122.4532810,6549.7,21488.5,0,0,0
989.10,0.0,0.0,12243,0.0,1,-13.7,0,0,18351.0,38.1590420,-122.4532810,6549.7,21488.5,0,0,0
989.20,0.0,0.0,12243,0.0,1,-13.7,0,0,18351.0,38.1590420,-122.4532810,6549.7,21488.5,0,0,0
989.30,0.0,0.0,12243,0.0,1,-13.7,0,0,18351.0,38.1590420,-122.4532810,6549.7,21488.5,0,0,0
989.40,0.0,0.0,12243,0.0,1,-13.7,0,0,18351.0,38.1590420,-122.4532810,6549.7,21488.5,0,0,0
989.50,0.0,0.0,12243,0.0,1,-13.7,0,0,18351.0,38.1590420,-122.4532810,6549.7,21488.5,0,0,0
989.60,0.0,0.0,12243,0.0,1,-13.7,0,0,18351.0,38.1590420,-122.4532800,6549.7,21488.5,0,0,0
989.70,0.0,0.0,12243,0.0,1,-13.7,0,0,18351.0,38.1590420,-122.4532800,6549.7,21488.5,0,0,0
989.80,0.0,0.0,12243,0.0,1,-13.7,0,0,18351.1,38.1590420,-122.4532810,6549.8,21488.8,0,0,0
989.90,0.0,0.0,12243,0.0,1,-13.7,0,0,18351.2,38.1590420,-122.4532800,6549.8,21488.8,0,0,0
990.00,0.0,0.0,12243,0.0,1,-13.7,0,0,18351.3,38.1590420,-122.4532810,6549.8,21488.8,0,0,0
990.10,0.0,0.0,12243,0.0,1,-13.7,0,0,18351.3,38.1590420,-122.4532810,6549.8,21488.8,0,0,0
990.20,0.0,0.0,12243,0.0,1,-13.7,0,0,18351.3,38.1590420,-122.4532810,6549.8,21488.8,0,0,0
990.30,0.0,0.0,12243,0.0,1,-13.7,0,0,18351.3,38.1590420,-122.4532810,6549.8,21488.8,0,0,0
990.40,0.0,0.0,12243,0.0,1,-13.7,0,0,18351.3,38.1590420,-122.4532810,6549.8,21488.8,0,0,0
990.50,0.0,0.0,12243,0.0,1,-13.7,0,0,18351.3,38.1590420,-122.4532810,6549.8,21488.8,0,0,0
990.60,0.0,0.0,12243,0.0,1,-13.7,0,0,18351.4,38.1590420,-122.4532820,6549.8,21488.8,0,0,0
990.70,0.0,0.0,12243,0.0,1,-13.7,0,0,18351.4,38.1590420,-122.4532820,6549.8,21488.8,0,0,0
990.80,0.0,0.0,12243,0.0,1,-13.7,0,0,18351.4,38.1590420,-122.4532820,6549.9,21489.2,0,0,0
990.90,0.0,0.0,12243,0.0,1,-13.7,0,0,18351.4,38.1590420,-122.4532820,6549.9,21489.2,0,0,0
991.00,0.0,0.0,12243,0.0,1,-13.7,0,0,18351.4,38.1590420,-122.4532820,6549.9,21489.2,0,0,0
991.10,0.0,0.0,12243,0.0,1,-13.7,0,0,18351.4,38.1590420,-122.4532820,6549.9,21489.2,0,0,0
991.20,0.0,0.0,12243,0.0,1,-13.7,0,0,18351.5,38.1590420,-122.4532830,6549.9,21489.2,0,0,0
991.30,0.0,0.0,12243,0.0,1,-13.7,0,0,18351.5,38.1590420,-122.4532830,6549.9,21489.2,0,0,0
991.40,0.0,0.0,12243,0.0,1,-13.7,0,0,18351.5,38.1590420,-122.4532830,6549.9,21489.2,0,0,0
991.50,0.0,0.0,12243,0.0,1,-13.7,0,0,18351.5,38.1590420,-122.4532830,6549.9,21489.2,0,0,0
991.60,0.0,0.0,12243,0.0,1,-13.7,0,0,18351.5,38.1590420,-122.4532830,6549.9,21489.2,0,0,0
991.70,0.0,0.0,12243,0.0,1,-13.7,0,0,18351.6,38.1590420,-122.4532840,6549.9,21489.2,0,0,0
991.80,0.0,0.0,12243,0.0,1,-13.7,0,0,18351.6,38.1590420,-122.4532840,6550.0,21489.5,0,0,0
991.90,0.0,0.0,12243,0.0,1,-13.7,0,0,18351.6,38.1590420,-122.4532840,6550.0,21489.5,0,0,0
992.00,0.0,0.0,12243,0.0,1,-13.7,0,0,18351.6,38.1590420,-122.4532840,6550.0,21489.5,0,0,0
992.10,0.0,0.0,12243,0.0,1,-13.7,0,0,18351.6,38.1590420,-122.4532840,6550.0,21489.5,0,0,0
992.20,0.0,0.0,12243,0.0,1,-13.7,0,0,18351.6,38.1590420,-122.4532840,6550.0,21489.5,0,0,0
992.30,0.0,0.0,12243,0.0,1,-13.7,0,0,18351.6,38.1590420,-122.4532840,6550.0,21489.5,0,0,0
992.40,0.0,0.0,12243,0.0,1,-13.7,0,0,18351.6,38.1590420,-122.4532840,6550.0,21489.5,0,0,0
992.50,0.0,0.0,12243,0.0,1,-13.7,0,0,18351.6,38.1590420,-122.4532840,6550.0,21489.5,0,0,0
992.60,0.0,0.0,12243,0.0,1,-13.7,0,0,18351.6,38.1590420,-122.4532840,6550.0,21489.5,0,0,0
992.70,0.0,0.0,12243,0.0,1,-13.7,0,0,18351.6,38.1590420,-122.4532840,6550.0,21489.5,0,0,0
992.80,0.0,0.0,12243,0.0,1,-13.7,0,0,18351.7,38.1590410,-122.4532840,6550.1,21489.8,0,0,0
992.90,0.0,0.0,12243,0.0,1,-13.7,0,0,18351.7,38.1590410,-122.4532840,6550.1,21489.8,0,0,0
993.00,0.0,0.0,12243,0.0,1,-13.7,0,0,18351.7,38.1590410,-122.4532840,6550.1,21489.8,0,0,0
993.10,0.0,0.0,12243,0.0,1,-13.7,0,0,18351.7,38.1590410,-122.4532840,6550.1,21489.8,0,0,0
993.20,0.0,0.0,12243,0.0,1,-13.7,0,0,18351.8,38.1590410,-122.4532850,6550.1,21489.8,0,0,0
993.30,0.0,0.0,12243,0.0,1,-13.7,0,0,18351.8,38.1590410,-122.4532850,6550.1,21489.8,0,0,0
993.40,0.0,0.0,12243,0.0,1,-13.7,0,0,18351.9,38.1590410,-122.4532860,6550.1,21489.8,0,0,0
993.50,0.0,0.0,12243,0.0,1,-13.7,0,0,18351.9,38.1590410,-122.4532860,6550.1,21489.8,0,0,0
993.60,0.0,0.0,12243,0.0,1,-13.7,0,0,18351.9,38.1590410,-122.4532870,6550.1,21489.8,0,0,0
993.70,0.0,0.0,12243,0.0,1,-13.7,0,0,18351.9,38.1590410,-122.4532870,6550.1,21489.8,0,0,0
993.80,0.0,0.0,12243,0.0,1,-13.7,0,0,18351.9,38.1590410,-122.4532870,6550.2,21490.2,0,0,0
993.90,0.0,0.0,12243,0.0,1,-13.7,0,0,18351.9,38.1590410,-122.4532870,6550.2,21490.2,0,0,0
994.00,0.0,0.0,12243,0.0,1,-13.7,0,0,18351.9,38.1590410,-122.4532870,6550.2,21490.2,0,0,0
994.10,0.0,0.0,12243,0.0,1,-13.7,0,0,18351.9,38.1590410,-122.4532870,6550.2,21490.2,0,0,0
994.20,0.0,0.0,12243,0.0,1,-13.7,0,0,18352.0,38.1590410,-122.4532880,6550.2,21490.2,0,0,0
994.30,0.0,0.0,12243,0.0,1,-13.7,0,0,18352.0,38.1590410,-122.4532880,6550.2,21490.2,0,0,0
994.40,0.0,0.0,12243,0.0,1,-13.7,0,0,18352.0,38.1590410,-122.4532880,6550.2,21490.2,0,0,0
994.50,0.0,0.0,12243,0.0,1,-13.7,0,0,18352.0,38.1590410,-122.4532880,6550.2,21490.2,0,0,0
994.60,0.0,0.0,12243,0.0,1,-13.7,0,0,18352.0,38.1590410,-122.4532880,6550.2,21490.2,0,0,0
994.70,0.0,0.0,12243,0.0,1,-13.7,0,0,18352.1,38.1590410,-122.4532870,6550.2,21490.2,0,0,0
994.80,0.0,0.0,12243,0.0,1,-13.7,0,0,18352.2,38.1590410,-122.4532860,6550.3,21490.5,0,0,0
994.90,0.0,0.0,12243,0.0,1,-13.7,0,0,18352.3,38.1590410,-122.4532870,6550.3,21490.5,0,0,0
995.00,0.0,0.0,12243,0.0,1,-13.7,0,0,18352.3,38.1590410,-122.4532870,6550.3,21490.5,0,0,0
995.10,0.0,0.0,12243,0.0,1,-13.7,0,0,18352.3,38.1590410,-122.4532870,6550.3,21490.5,0,0,0
995.20,0.0,0.0,12243,0.0,1,-13.7,0,0,18352.3,38.1590410,-122.4532870,6550.3,21490.5,0,0,0
995.30,0.0,0.0,12243,0.0,1,-13.7,0,0,18352.4,38.1590410,-122.4532880,6550.3,21490.5,0,0,0
995.40,0.0,0.0,12243,0.0,1,-13.7,0,0,18352.5,38.1590410,-122.4532870,6550.3,21490.5,0,0,0
995.50,0.0,0.0,12243,0.0,1,-13.7,0,0,18352.5,38.1590410,-122.4532870,6550.3,21490.5,0,0,0
995.60,0.0,0.0,12243,0.0,1,-13.7,0,0,18352.5,38.1590410,-122.4532870,6550.3,21490.5,0,0,0
995.70,0.0,0.0,12243,0.0,1,-13.7,0,0,18352.6,38.1590410,-122.4532860,6550.3,21490.5,0,0,0
995.80,0.0,0.0,12243,0.0,1,-13.7,0,0,18352.7,38.1590400,-122.4532860,6550.3,21490.5,0,0,0
995.90,0.0,0.0,12243,0.0,1,-13.7,0,0,18352.7,38.1590400,-122.4532870,6550.3,21490.5,0,0,0
996.00,0.0,0.0,12243,0.0,1,-13.7,0,0,18352.9,38.1590410,-122.4532870,6550.3,21490.5,0,0,0
996.10,0.0,0.0,12243,0.0,1,-13.7,0,0,18352.9,38.1590410,-122.4532880,6550.3,21490.5,0,0,0
996.20,0.0,0.0,12243,0.0,1,-13.7,0,0,18352.9,38.1590410,-122.4532880,6550.3,21490.5,0,0,0
996.30,0.0,0.0,12243,0.0,1,-13.7,0,0,18352.9,38.1590410,-122.4532880,6550.3,21490.5,0,0,0
996.40,0.0,0.0,12243,0.0,1,-13.7,0,0,18352.9,38.1590410,-122.4532880,6550.3,21490.5,0,0,0
996.50,0.0,0.0,12243,0.0,1,-13.7,0,0,18352.9,38.1590410,-122.4532880,6550.3,21490.5,0,0,0
996.60,0.0,0.0,12243,0.0,1,-13.7,0,0,18353.0,38.1590410,-122.4532870,6550.3,21490.5,0,0,0
996.70,0.0,0.0,12243,0.0,1,-13.7,0,0,18353.0,38.1590410,-122.4532870,6550.3,21490.5,0,0,0
996.80,0.0,0.0,12243,0.0,1,-13.7,0,0,18353.1,38.1590400,-122.4532870,6550.4,21490.8,0,0,0
996.90,0.0,0.0,12243,0.0,1,-13.7,0,0,18353.1,38.1590400,-122.4532870,6550.4,21490.8,0,0,0
997.00,0.0,0.0,12243,0.0,1,-13.7,0,0,18353.1,38.1590400,-122.4532870,6550.4,21490.8,0,0,0
997.10,0.0,0.0,12243,0.0,1,-13.7,0,0,18353.1,38.1590400,-122.4532870,6550.4,21490.8,0,0,0
997.20,0.0,0.0,12243,0.0,1,-13.7,0,0,18353.1,38.1590400,-122.4532870,6550.4,21490.8,0,0,0
997.30,0.0,0.0,12243,0.0,1,-13.7,0,0,18353.1,38.1590400,-122.4532870,6550.4,21490.8,0,0,0
997.40,0.0,0.0,12243,0.0,1,-13.7,0,0,18353.1,38.1590400,-122.4532870,6550.4,21490.8,0,0,0
997.50,0.0,0.0,12243,0.0,1,-13.7,0,0,18353.1,38.1590400,-122.4532870,6550.4,21490.8,0,0,0
997.60,0.0,0.0,12243,0.0,1,-13.7,0,0,18353.1,38.1590400,-122.4532870,6550.4,21490.8,0,0,0
997.70,0.0,0.0,12243,0.0,1,-13.7,0,0,18353.2,38.1590400,-122.4532880,6550.4,21490.8,0,0,0
997.80,0.0,0.0,12243,0.0,1,-13.7,0,0,18353.2,38.1590400,-122.4532880,6550.6,21491.5,0,0,0
997.90,0.0,0.0,12243,0.0,1,-13.7,0,0,18353.3,38.1590410,-122.4532880,6550.6,21491.5,0,0,0
998.00,0.0,0.0,12243,0.0,1,-13.7,0,0,18353.4,38.1590410,-122.4532890,6550.6,21491.5,0,0,0
998.10,0.0,0.0,12243,0.0,1,-13.7,0,0,18353.4,38.1590410,-122.4532890,6550.6,21491.5,0,0,0
998.20,0.0,0.0,12243,0.0,1,-13.7,0,0,18353.4,38.1590410,-122.4532890,6550.6,21491.5,0,0,0
998.30,0.0,0.0,12243,0.0,1,-13.7,0,0,18353.4,38.1590410,-122.4532890,6550.6,21491.5,0,0,0
998.40,0.0,0.0,12243,0.0,1,-13.7,0,0,18353.4,38.1590410,-122.4532890,6550.6,21491.5,0,0,0
998.50,0.0,0.0,12243,0.0,1,-13.7,0,0,18353.4,38.1590410,-122.4532890,6550.6,21491.5,0,0,0
998.60,0.0,0.0,12243,0.0,1,-13.7,0,0,18353.5,38.1590410,-122.4532900,6550.6,21491.5,0,0,0
998.70,0.0,0.0,12243,0.0,1,-13.7,0,0,18353.5,38.1590410,-122.4532900,6550.6,21491.5,0,0,0
998.80,0.0,0.0,12243,0.0,1,-13.7,0,0,18353.6,38.1590410,-122.4532910,6550.7,21491.8,0,0,0
998.90,0.0,0.0,12243,0.0,1,-13.7,0,0,18353.6,38.1590410,-122.4532910,6550.7,21491.8,0,0,0
999.00,0.0,0.0,12243,0.0,1,-13.7,0,0,18353.6,38.1590410,-122.4532910,6550.7,21491.8,0,0,0
999.10,0.0,0.0,12243,0.0,1,-13.7,0,0,18353.6,38.1590410,-122.4532910,6550.7,21491.8,0,0,0
999.20,0.0,0.0,12243,0.0,1,-13.7,0,0,18353.7,38.1590410,-122.4532920,6550.7,21491.8,0,0,0
999.30,0.0,0.0,12243,0.0,1,-13.7,0,0,18353.8,38.1590420,-122.4532920,6550.7,21491.8,0,0,0
999.40,0.0,0.0,12243,0.0,1,-13.7,0,0,18353.8,38.1590420,-122.4532920,6550.7,21491.8,0,0,0
999.50,0.0,0.0,12243,0.0,1,-13.7,0,0,18353.8,38.1590420,-122.4532920,6550.7,21491.8,0,0,0
999.60,0.0,0.0,12243,0.0,1,-13.7,0,0,18353.8,38.1590420,-122.4532920,6550.7,21491.8,0,0,0
999.70,0.0,0.0,12243,0.0,1,-13.7,0,0,18353.8,38.1590420,-122.4532920,6550.7,21491.8,0,0,0
999.80,0.0,0.0,12243,0.0,1,-13.7,0,0,18353.8,38.1590420,-122.4532920,6550.9,21492.5,0,0,0
999.90,0.0,0.0,12243,0.0,1,-13.7,0,0,18353.8,38.1590420,-122.4532920,6550.9,21492.5,0,0,0
1000.00,0.0,0.0,12243,0.0,1,-13.7,0,0,18353.9,38.1590420,-122.4532930,6550.9,21492.5,0,0,0
1000.10,0.0,0.0,12243,0.0,1,-13.7,0,0,18354.0,38.1590420,-122.4532940,6550.9,21492.5,0,0,0
1000.20,0.0,0.0,12243,0.0,1,-13.7,0,0,18354.1,38.1590420,-122.4532950,6550.9,21492.5,0,0,0
1000.30,0.0,0.0,12243,0.0,1,-13.7,0,0,18354.2,38.1590420,-122.4532960,6550.9,21492.5,0,0,0
1000.40,0.0,0.0,12243,0.0,1,-13.7,0,0,18354.2,38.1590420,-122.4532960,6550.9,21492.5,0,0,0
1000.50,0.0,0.0,12243,0.0,1,-13.7,0,0,18354.2,38.1590420,-122.4532970,6550.9,21492.5,0,0,0
1000.60,0.0,0.0,12243,0.0,1,-13.7,0,0,18354.4,38.1590430,-122.4532970,6550.9,21492.5,0,0,0
1000.70,0.0,0.0,12243,0.0,1,-13.7,0,0,18354.4,38.1590430,-122.4532970,6550.9,21492.5,0,0,0
1000.80,0.0,0.0,12243,0.0,1,-13.7,0,0,18354.5,38.1590420,-122.4532970,6551.2,21493.4,0,0,0
1000.90,0.0,0.0,12243,0.0,1,-13.7,0,0,18354.6,38.1590430,-122.4532970,6551.2,21493.4,0,0,0
1001.00,0.0,0.0,12243,0.0,1,-13.7,0,0,18354.7,38.1590430,-122.4532980,6551.2,21493.4,0,0,0
1001.10,0.0,0.0,12243,0.0,1,-13.7,0,0,18354.7,38.1590430,-122.4532980,6551.2,21493.4,0,0,0
1001.20,0.0,0.0,12243,0.0,1,-13.7,0,0,18354.7,38.1590430,-122.4532980,6551.2,21493.4,0,0,0
1001.30,0.0,0.0,12243,0.0,1,-13.7,0,0,18354.8,38.1590430,-122.4532990,6551.2,21493.4,0,0,0
1001.40,0.0,0.0,12243,0.0,1,-13.7,0,0,18354.9,38.1590440,-122.4532990,6551.2,21493.4,0,0,0
1001.50,0.0,0.0,12243,0.0,1,-13.7,0,0,18354.9,38.1590440,-122.4533000,6551.2,21493.4,0,0,0
1001.60,0.0,0.0,12243,0.0,1,-13.7,0,0,18354.9,38.1590440,-122.4533000,6551.2,21493.4,0,0,0
1001.70,0.0,0.0,12243,0.0,1,-13.7,0,0,18355.0,38.1590440,-122.4533010,6551.2,21493.4,0,0,0
1001.80,0.0,0.0,12243,0.0,1,-13.7,0,0,18355.1,38.1590440,-122.4533000,6551.5,21494.4,0,0,0
1001.90,0.0,0.0,12243,0.0,1,-13.7,0,0,18355.1,38.1590440,-122.4533000,6551.5,21494.4,0,0,0
1002.00,0.0,0.0,12243,0.0,1,-13.7,0,0,18355.1,38.1590440,-122.4533000,6551.5,21494.4,0,0,0
1002.10,0.0,0.0,12243,0.0,1,-13.7,0,0,18355.1,38.1590440,-122.4533000,6551.5,21494.4,0,0,0
1002.20,0.0,0.0,12243,0.0,1,-13.7,0,0,18355.1,38.1590440,-122.4533000,6551.5,21494.4,0,0,0
1002.30,0.0,0.0,12243,0.0,1,-13.7,0,0,18355.1,38.1590440,-122.4533000,6551.5,21494.4,0,0,0
1002.40,0.0,0.0,12243,0.0,1,-13.7,0,0,18355.1,38.1590440,-122.4533000,6551.5,21494.4,0,0,0
1002.50,0.0,0.0,12243,0.0,1,-13.7,0,0,18355.1,38.1590440,-122.4533000,6551.5,21494.4,0,0,0
1002.60,0.0,0.0,12243,0.0,1,-13.7,0,0,18355.2,38.1590440,-122.4533010,6551.5,21494.4,0,0,0
1002.70,0.0,0.0,12243,0.0,1,-13.7,0,0,18355.2,38.1590440,-122.4533010,6551.5,21494.4,0,0,0
1002.80,0.0,0.0,12243,0.0,1,-13.7,0,0,18355.3,38.1590440,-122.4533020,6551.7,21495.1,0,0,0
1002.90,0.0,0.0,12243,0.0,1,-13.7,0,0,18355.3,38.1590440,-122.4533020,6551.7,21495.1,0,0,0
1003.00,0.0,0.0,12243,0.0,1,-13.7,0,0,18355.3,38.1590440,-122.4533020,6551.7,21495.1,0,0,0
1003.10,0.0,0.0,12243,0.0,1,-13.7,0,0,18355.4,38.1590440,-122.4533030,6551.7,21495.1,0,0,0
1003.20,0.0,0.0,12243,0.0,1,-13.7,0,0,18355.4,38.1590440,-122.4533030,6551.7,21495.1,0,0,0
1003.30,0.0,0.0,12243,0.0,1,-13.7,0,0,18355.4,38.1590440,-122.4533030,6551.7,21495.1,0,0,0
1003.40,0.0,0.0,12243,0.0,1,-13.7,0,0,18355.4,38.1590440,-122.4533030,6551.7,21495.1,0,0,0
1003.50,0.0,0.0,12243,0.0,1,-13.7,0,0,18355.5,38.1590450,-122.4533040,6551.7,21495.1,0,0,0
1003.60,0.0,0.0,12243,0.0,1,-13.7,0,0,18355.6,38.1590450,-122.4533050,6551.7,21495.1,0,0,0
1003.70,0.0,0.0,12243,0.0,1,-13.7,0,0,18355.6,38.1590450,-122.4533050,6551.7,21495.1,0,0,0
1003.80,0.0,0.0,12243,0.0,1,-13.7,0,0,18355.6,38.1590450,-122.4533050,6552.1,21496.4,0,0,0
1003.90,0.0,0.0,12243,0.0,1,-13.7,0,0,18355.7,38.1590450,-122.4533060,6552.1,21496.4,0,0,0
1004.00,0.0,0.0,12243,0.0,1,-13.7,0,0,18355.7,38.1590450,-122.4533060,6552.1,21496.4,0,0,0
1004.10,0.0,0.0,12243,0.0,1,-13.7,0,0,18355.7,38.1590450,-122.4533060,6552.1,21496.4,0,0,0
1004.20,0.0,0.0,12243,0.0,1,-13.7,0,0,18355.8,38.1590450,-122.4533050,6552.1,21496.4,0,0,0
1004.30,0.0,0.0,12243,0.0,1,-13.7,0,0,18355.8,38.1590450,-122.4533050,6552.1,21496.4,0,0,0
1004.40,0.0,0.0,12243,0.0,1,-13.7,0,0,18355.8,38.1590450,-122.4533050,6552.1,21496.4,0,0,0
1004.50,0.0,0.0,12243,0.0,1,-13.7,0,0,18355.9,38.1590450,-122.4533040,6552.1,21496.4,0,0,0
1004.60,0.0,0.0,12243,0.0,1,-13.7,0,0,18356.0,38.1590440,-122.4533040,6552.1,21496.4,0,0,0
1004.70,0.0,0.0,12243,0.0,1,-13.7,0,0,18356.1,38.1590440,-122.4533030,6552.1,21496.4,0,0,0
1004.80,0.0,0.0,12243,0.0,1,-13.7,0,0,18356.1,38.1590440,-122.4533030,6552.1,21496.4,0,0,0
1004.90,0.0,0.0,12243,0.0,1,-13.7,0,0,18356.2,38.1590440,-122.4533040,6552.1,21496.4,0,0,0
1005.00,0.0,0.0,12243,0.0,1,-13.7,0,0,18356.3,38.1590450,-122.4533050,6552.1,21496.4,0,0,0
1005.10,0.0,0.0,12243,0.0,1,-13.7,0,0,18356.4,38.1590440,-122.4533050,6552.1,21496.4,0,0,0
1005.20,0.0,0.0,12243,0.0,1,-13.7,0,0,18356.4,38.1590440,-122.4533050,6552.1,21496.4,0,0,0
1005.30,0.0,0.0,12243,0.0,1,-13.7,0,0,18356.5,38.1590450,-122.4533050,6552.1,21496.4,0,0,0
1005.40,0.0,0.0,12243,0.0,1,-13.7,0,0,18356.5,38.1590450,-122.4533050,6552.1,21496.4,0,0,0
1005.50,0.0,0.0,12243,0.0,1,-13.7,0,0,18356.5,38.1590450,-122.4533050,6552.1,21496.4,0,0,0
1005.60,0.0,0.0,12243,0.0,1,-13.7,0,0,18356.5,38.1590450,-122.4533050,6552.1,21496.4,0,0,0
1005.70,0.0,0.0,12243,0.0,1,-13.7,0,0,18356.6,38.1590450,-122.4533060,6552.1,21496.4,0,0,0
1005.80,0.0,0.0,12243,0.0,1,-13.7,0,0,18356.7,38.1590450,-122.4533070,6552.5,21497.7,0,0,0
1005.90,0.0,0.0,12243,0.0,1,-13.7,0,0,18356.7,38.1590450,-122.4533070,6552.5,21497.7,0,0,0
1006.00,0.0,0.0,12243,0.0,1,-13.7,0,0,18356.8,38.1590450,-122.4533060,6552.5,21497.7,0,0,0
1006.10,0.0,0.0,12243,0.0,1,-13.7,0,0,18356.8,38.1590450,-122.4533060,6552.5,21497.7,0,0,0
1006.20,0.0,0.0,12243,0.0,1,-13.7,0,0,18356.8,38.1590450,-122.4533060,6552.5,21497.7,0,0,0
1006.30,0.0,0.0,12243,0.0,1,-13.7,0,0,18356.9,38.1590450,-122.4533050,6552.5,21497.7,0,0,0
1006.40,0.0,0.0,12243,0.0,1,-13.7,0,0,18356.9,38.1590450,-122.4533050,6552.5,21497.7,0,0,0
1006.50,0.0,0.0,12243,0.0,1,-13.7,0,0,18357.0,38.1590450,-122.4533040,6552.5,21497.7,0,0,0
1006.60,0.0,0.0,12243,0.0,1,-13.7,0,0,18357.0,38.1590450,-122.4533040,6552.5,21497.7,0,0,0
1006.70,0.0,0.0,12243,0.0,1,-13.7,0,0,18357.0,38.1590450,-122.4533040,6552.5,21497.7,0,0,0
1006.80,0.0,0.0,12243,0.0,1,-13.7,0,0,18357.1,38.1590450,-122.4533030,6552.7,21498.4,0,0,0
1006.90,0.0,0.0,12243,0.0,1,-13.7,0,0,18357.1,38.1590450,-122.4533030,6552.7,21498.4,0,0,0
1007.00,0.0,0.0,12243,0.0,1,-13.7,0,0,18357.1,38.1590450,-122.4533030,6552.7,21498.4,0,0,0
1007.10,0.0,0.0,12243,0.0,1,-13.7,0,0,18357.1,38.1590450,-122.4533030,6552.7,21498.4,0,0,0
1007.20,0.0,0.0,12243,0.0,1,-13.7,0,0,18357.1,38.1590450,-122.4533030,6552.7,21498.4,0,0,0
1007.30,0.0,0.0,12243,0.0,1,-13.7,0,0,18357.1,38.1590450,-122.4533030,6552.7,21498.4,0,0,0
1007.40,0.0,0.0,12243,0.0,1,-13.7,0,0,18357.1,38.1590450,-122.4533030,6552.7,21498.4,0,0,0
1007.50,0.0,0.0,12243,0.0,1,-13.7,0,0,18357.1,38.1590450,-122.4533030,6552.7,21498.4,0,0,0
1007.60,0.0,0.0,12243,0.0,1,-13.7,0,0,18357.1,38.1590450,-122.4533030,6552.7,21498.4,0,0,0
1007.70,0.0,0.0,12243,0.0,1,-13.7,0,0,18357.1,38.1590450,-122.4533040,6552.7,21498.4,0,0,0
1007.80,0.0,0.0,12243,0.0,1,-13.7,0,0,18357.3,38.1590460,-122.4533040,6553.0,21499.3,0,0,0
1007.90,0.0,0.0,12243,0.0,1,-13.7,0,0,18357.4,38.1590450,-122.4533040,6553.0,21499.3,0,0,0
1008.00,0.0,0.0,12243,0.0,1,-13.7,0,0,18357.5,38.1590460,-122.4533050,6553.0,21499.3,0,0,0
1008.10,0.0,0.0,12243,0.0,1,-13.7,0,0,18357.5,38.1590460,-122.4533050,6553.0,21499.3,0,0,0
1008.20,0.0,0.0,12243,0.0,1,-13.7,0,0,18357.5,38.1590460,-122.4533050,6553.0,21499.3,0,0,0
1008.30,0.0,0.0,12243,0.0,1,-13.7,0,0,18357.5,38.1590460,-122.4533050,6553.0,21499.3,0,0,0
1008.40,0.0,0.0,12243,0.0,1,-13.7,0,0,18357.5,38.1590460,-122.4533050,6553.0,21499.3,0,0,0
1008.50,0.0,0.0,12243,0.0,1,-13.7,0,0,18357.5,38.1590460,-122.4533050,6553.0,21499.3,0,0,0
1008.60,0.0,0.0,12243,0.0,1,-13.7,0,0,18357.5,38.1590460,-122.4533050,6553.0,21499.3,0,0,0
1008.70,0.0,0.0,12243,0.0,1,-13.7,0,0,18357.5,38.1590460,-122.4533050,6553.0,21499.3,0,0,0
1008.80,0.0,0.0,12243,0.0,1,-13.7,0,0,18357.5,38.1590460,-122.4533050,6553.4,21500.7,0,0,0
1008.90,0.0,0.0,12243,0.0,1,-13.7,0,0,18357.5,38.1590460,-122.4533050,6553.4,21500.7,0,0,0
1009.00,0.0,0.0,12243,0.0,1,-13.7,0,0,18357.5,38.1590460,-122.4533050,6553.4,21500.7,0,0,0
1009.10,0.0,0.0,12243,0.0,1,-13.7,0,0,18357.5,38.1590460,-122.4533050,6553.4,21500.7,0,0,0
1009.20,0.0,0.0,12243,0.0,1,-13.7,0,0,18357.5,38.1590460,-122.4533050,6553.4,21500.7,0,0,0
1009.30,0.0,0.0,12243,0.0,1,-13.7,0,0,18357.5,38.1590460,-122.4533050,6553.4,21500.7,0,0,0
1009.40,0.0,0.0,12243,0.0,1,-13.7,0,0,18357.5,38.1590460,-122.4533050,6553.4,21500.7,0,0,0
1009.50,0.0,0.0,12243,0.0,1,-13.7,0,0,18357.6,38.1590450,-122.4533050,6553.4,21500.7,0,0,0
1009.60,0.0,0.0,12243,0.0,1,-13.7,0,0,18357.6,38.1590450,-122.4533050,6553.4,21500.7,0,0,0
1009.70,0.0,0.0,12243,0.0,1,-13.7,0,0,18357.6,38.1590450,-122.4533050,6553.4,21500.7,0,0,0
1009.80,0.0,0.0,12243,0.0,1,-13.7,0,0,18357.7,38.1590450,-122.4533060,0.0,0.0,0,0,0
1009.90,0.0,0.0,12243,0.0,1,-13.7,0,0,18357.8,38.1590450,-122.4533050,0.0,0.0,0,0,0
1010.00,0.0,0.0,12243,0.0,1,-13.7,0,0,18357.8,38.1590450,-122.4533050,0.0,0.0,0,0,0
1010.10,0.0,0.0,12243,0.0,1,-13.7,0,0,18357.8,38.1590450,-122.4533050,0.0,0.0,0,0,0
1010.20,0.0,0.0,12243,0.0,1,-13.7,0,0,18357.8,38.1590450,-122.4533050,0.0,0.0,0,0,0
1010.30,0.0,0.0,12243,0.0,1,-13.7,0,0,18357.8,38.1590450,-122.4533050,0.0,0.0,0,0,0
1010.40,0.0,0.0,12243,0.0,1,-13.7,0,0,18357.9,38.1590440,-122.4533050,0.0,0.0,0,0,0
1010.50,0.0,0.0,12243,0.0,1,-13.7,0,0,18357.9,38.1590440,-122.4533050,0.0,0.0,0,0,0
1010.60,0.0,0.0,12243,0.0,1,-13.7,0,0,18357.9,38.1590440,-122.4533050,0.0,0.0,0,0,0
1010.70,0.0,0.0,12243,0.0,1,-13.7,0,0,18358.0,38.1590450,-122.4533050,0.0,0.0,0,0,0
1010.80,0.0,0.0,12243,0.0,1,-13.7,0,0,18358.1,38.1590440,-122.4533050,0.2,0.7,0,0,0
1010.90,0.0,0.0,12243,0.0,1,-13.7,0,0,18358.2,38.1590440,-122.4533060,0.2,0.7,0,0,0
1011.00,0.0,0.0,12243,0.0,1,-13.7,0,0,18358.2,38.1590440,-122.4533060,0.2,0.7,0,0,0
1011.10,0.0,0.0,12243,0.0,1,-13.7,0,0,18358.2,38.1590440,-122.4533060,0.2,0.7,0,0,0
1011.20,0.0,0.0,12243,0.0,1,-13.7,0,0,18358.4,38.1590450,-122.4533070,0.2,0.7,0,0,0
1011.30,0.0,0.0,12243,0.0,1,-13.7,0,0,18358.4,38.1590450,-122.4533070,0.2,0.7,0,0,0
1011.40,0.0,0.0,12243,0.0,1,-13.7,0,0,18358.4,38.1590450,-122.4533080,0.2,0.7,0,0,0
1011.50,0.0,0.0,12243,0.0,1,-13.7,0,0,18358.4,38.1590450,-122.4533080,0.2,0.7,0,0,0
1011.60,0.0,0.0,12243,0.0,1,-13.7,0,0,18358.4,38.1590450,-122.4533080,0.2,0.7,0,0,0
1011.70,0.0,0.0,12243,0.0,1,-13.7,0,0,18358.4,38.1590450,-122.4533080,0.2,0.7,0,0,0
1011.80,0.0,0.0,12243,0.0,1,-13.7,0,0,18358.4,38.1590450,-122.4533080,0.5,1.6,0,0,0
1011.90,0.0,0.0,12243,0.0,1,-13.7,0,0,18358.4,38.1590450,-122.4533080,0.5,1.6,0,0,0
1012.00,0.0,0.0,12243,0.0,1,-13.7,0,0,18358.5,38.1590450,-122.4533090,0.5,1.6,0,0,0
1012.10,0.0,0.0,12243,0.0,1,-13.7,0,0,18358.5,38.1590450,-122.4533090,0.5,1.6,0,0,0
1012.20,0.0,0.0,12243,0.0,1,-13.7,0,0,18358.6,38.1590450,-122.4533100,0.5,1.6,0,0,0
1012.30,0.0,0.0,12243,0.0,1,-13.7,0,0,18358.6,38.1590450,-122.4533100,0.5,1.6,0,0,0
1012.40,0.0,0.0,12243,0.0,1,-13.7,0,0,18358.6,38.1590450,-122.4533100,0.5,1.6,0,0,0
1012.50,0.0,0.0,12243,0.0,1,-13.7,0,0,18358.8,38.1590460,-122.4533110,0.5,1.6,0,0,0
1012.60,0.0,0.0,12243,0.0,1,-13.7,0,0,18358.8,38.1590460,-122.4533110,0.5,1.6,0,0,0
1012.70,0.0,0.0,12243,0.0,1,-13.7,0,0,18358.8,38.1590460,-122.4533120,0.5,1.6,0,0,0
1012.80,0.0,0.0,12243,0.0,1,-13.7,0,0,18358.8,38.1590460,-122.4533120,0.9,3.0,0,0,0
1012.90,0.0,0.0,12243,0.0,1,-13.7,0,0,18358.8,38.1590460,-122.4533120,0.9,3.0,0,0,0
1013.00,0.0,0.0,12243,0.0,1,-13.7,0,0,18358.8,38.1590460,-122.4533120,0.9,3.0,0,0,0
1013.10,0.0,0.0,12243,0.0,1,-13.7,0,0,18358.9,38.1590460,-122.4533130,0.9,3.0,0,0,0
1013.20,0.0,0.0,12243,0.0,1,-13.7,0,0,18359.1,38.1590470,-122.4533140,0.9,3.0,0,0,0
1013.30,0.0,0.0,12243,0.0,1,-13.7,0,0,18359.1,38.1590470,-122.4533140,0.9,3.0,0,0,0
1013.40,0.0,0.0,12243,0.0,1,-13.7,0,0,18359.2,38.1590470,-122.4533150,0.9,3.0,0,0,0
1013.50,0.0,0.0,12243,0.0,1,-13.7,0,0,18359.2,38.1590470,-122.4533150,0.9,3.0,0,0,0
1013.60,0.0,0.0,12243,0.0,1,-13.7,0,0,18359.2,38.1590470,-122.4533160,0.9,3.0,0,0,0
1013.70,0.0,0.0,12243,0.0,1,-13.7,0,0,18359.2,38.1590470,-122.4533160,0.9,3.0,0,0,0
1013.80,0.0,0.0,12243,0.0,1,-13.7,0,0,18359.2,38.1590470,-122.4533160,1.2,3.9,0,0,0
1013.90,0.0,0.0,12243,0.0,1,-13.7,0,0,18359.3,38.1590470,-122.4533150,1.2,3.9,0,0,0
1014.00,0.0,0.0,12243,0.0,1,-13.7,0,0,18359.3,38.1590470,-122.4533150,1.2,3.9,0,0,0
1014.10,0.0,0.0,12243,0.0,1,-13.7,0,0,18359.4,38.1590460,-122.4533150,1.2,3.9,0,0,0
1014.20,0.0,0.0,12243,0.0,1,-13.7,0,0,18359.5,38.1590460,-122.4533140,1.2,3.9,0,0,0
1014.30,0.0,0.0,12243,0.0,1,-13.7,0,0,18359.5,38.1590460,-122.4533140,1.2,3.9,0,0,0
1014.40,0.0,0.0,12243,0.0,1,-13.7,0,0,18359.5,38.1590460,-122.4533140,1.2,3.9,0,0,0
1014.50,0.0,0.0,12243,0.0,1,-13.7,0,0,18359.5,38.1590460,-122.4533140,1.2,3.9,0,0,0
1014.60,0.0,0.0,12243,0.0,1,-13.7,0,0,18359.5,38.1590460,-122.4533140,1.2,3.9,0,0,0
1014.70,0.0,0.0,12243,0.0,1,-13.7,0,0,18359.7,38.1590470,-122.4533150,1.2,3.9,0,0,0
1014.80,0.0,0.0,12243,0.0,1,-13.7,0,0,18359.8,38.1590470,-122.4533160,1.1,3.6,0,0,0
1014.90,0.0,0.0,12243,0.0,1,-13.7,0,0,18359.8,38.1590470,-122.4533170,1.1,3.6,0,0,0
1015.00,0.0,0.0,12243,0.0,1,-13.7,0,0,18359.8,38.1590470,-122.4533170,1.1,3.6,0,0,0
1015.10,0.0,0.0,12243,0.0,1,-13.7,0,0,18359.8,38.1590470,-122.4533170,1.1,3.6,0,0,0
1015.20,0.0,0.0,12243,0.0,1,-13.7,0,0,18359.8,38.1590470,-122.4533170,1.1,3.6,0,0,0
1015.30,0.0,0.0,12243,0.0,1,-13.7,0,0,18359.8,38.1590470,-122.4533170,1.1,3.6,0,0,0
1015.40,0.0,0.0,12243,0.0,1,-13.7,0,0,18359.9,38.1590470,-122.4533180,1.1,3.6,0,0,0
1015.50,0.0,0.0,12243,0.0,1,-13.7,0,0,18359.9,38.1590470,-122.4533180,1.1,3.6,0,0,0
1015.60,0.0,0.0,12243,0.0,1,-13.7,0,0,18359.9,38.1590470,-122.4533180,1.1,3.6,0,0,0
1015.70,0.0,0.0,12243,0.0,1,-13.7,0,0,18360.0,38.1590470,-122.4533190,1.1,3.6,0,0,0
1015.80,0.0,0.0,12243,0.0,1,-13.7,0,0,18360.0,38.1590470,-122.4533190,1.3,4.3,0,0,0
1015.90,0.0,0.0,12243,0.0,1,-13.7,0,0,18360.1,38.1590470,-122.4533200,1.3,4.3,0,0,0
1016.00,0.0,0.0,12243,0.0,1,-13.7,0,0,18360.1,38.1590470,-122.4533200,1.3,4.3,0,0,0
1016.10,0.0,0.0,12243,0.0,1,-13.7,0,0,18360.1,38.1590470,-122.4533200,1.3,4.3,0,0,0
1016.20,0.0,0.0,12243,0.0,1,-13.7,0,0,18360.2,38.1590470,-122.4533210,1.3,4.3,0,0,0
1016.30,0.0,0.0,12243,0.0,1,-13.7,0,0,18360.2,38.1590470,-122.4533210,1.3,4.3,0,0,0
1016.40,0.0,0.0,12243,0.0,1,-13.7,0,0,18360.2,38.1590470,-122.4533210,1.3,4.3,0,0,0
1016.50,0.0,0.0,12243,0.0,1,-13.7,0,0,18360.3,38.1590470,-122.4533220,1.3,4.3,0,0,0
1016.60,0.0,0.0,12243,0.0,1,-13.7,0,0,18360.3,38.1590470,-122.4533220,1.3,4.3,0,0,0
1016.70,0.0,0.0,12243,0.0,1,-13.7,0,0,18360.4,38.1590470,-122.4533230,1.3,4.3,0,0,0
1016.80,0.0,0.0,12243,0.0,1,-13.7,0,0,18360.5,38.1590480,-122.4533230,1.6,5.2,0,0,0
1016.90,0.0,0.0,12243,0.0,1,-13.7,0,0,18360.6,38.1590470,-122.4533230,1.6,5.2,0,0,0
1017.00,0.0,0.0,12243,0.0,1,-13.7,0,0,18360.7,38.1590480,-122.4533230,1.6,5.2,0,0,0
1017.10,0.0,0.0,12243,0.0,1,-13.7,0,0,18360.8,38.1590480,-122.4533240,1.6,5.2,0,0,0
1017.20,0.0,0.0,12243,0.0,1,-13.7,0,0,18360.9,38.1590470,-122.4533240,1.6,5.2,0,0,0
1017.30,0.0,0.0,12243,0.0,1,-13.7,0,0,18361.0,38.1590480,-122.4533240,1.6,5.2,0,0,0
1017.40,0.0,0.0,12243,0.0,1,-13.7,0,0,18361.0,38.1590480,-122.4533240,1.6,5.2,0,0,0
1017.50,0.0,0.0,12243,0.0,1,-13.7,0,0,18361.1,38.1590470,-122.4533240,1.6,5.2,0,0,0
1017.60,0.0,0.0,12243,0.0,1,-13.7,0,0,18361.1,38.1590470,-122.4533240,1.6,5.2,0,0,0
1017.70,0.0,0.0,12243,0.0,1,-13.7,0,0,18361.1,38.1590470,-122.4533240,1.6,5.2,0,0,0
1017.80,0.0,0.0,12243,0.0,1,-13.7,0,0,18361.2,38.1590470,-122.4533230,1.7,5.6,0,0,0
1017.90,0.0,0.0,12243,0.0,1,-13.7,0,0,18361.2,38.1590470,-122.4533230,1.7,5.6,0,0,0
1018.00,0.0,0.0,12243,0.0,1,-13.7,0,0,18361.2,38.1590470,-122.4533230,1.7,5.6,0,0,0
1018.10,0.0,0.0,12243,0.0,1,-13.7,0,0,18361.2,38.1590470,-122.4533230,1.7,5.6,0,0,0
1018.20,0.0,0.0,12243,0.0,1,-13.7,0,0,18361.2,38.1590470,-122.4533230,1.7,5.6,0,0,0
1018.30,0.0,0.0,12243,0.0,1,-13.7,0,0,18361.2,38.1590470,-122.4533230,1.7,5.6,0,0,0
1018.40,0.0,0.0,12243,0.0,1,-13.7,0,0,18361.2,38.1590470,-122.4533230,1.7,5.6,0,0,0
1018.50,0.0,0.0,12243,0.0,1,-13.7,0,0,18361.3,38.1590470,-122.4533240,1.7,5.6,0,0,0
1018.60,0.0,0.0,12243,0.0,1,-13.7,0,0,18361.3,38.1590470,-122.4533240,1.7,5.6,0,0,0
1018.70,0.0,0.0,12243,0.0,1,-13.7,0,0,18361.4,38.1590460,-122.4533240,1.7,5.6,0,0,0
1018.80,0.0,0.0,12243,0.0,1,-13.7,0,0,18361.5,38.1590470,-122.4533240,1.7,5.6,0,0,0
1018.90,0.0,0.0,12243,0.0,1,-13.7,0,0,18361.5,38.1590470,-122.4533240,1.7,5.6,0,0,0
1019.00,0.0,0.0,12243,0.0,1,-13.7,0,0,18361.6,38.1590460,-122.4533240,1.7,5.6,0,0,0
1019.10,0.0,0.0,12243,0.0,1,-13.7,0,0,18361.7,38.1590470,-122.4533240,1.7,5.6,0,0,0
1019.20,0.0,0.0,12243,0.0,1,-13.7,0,0,18361.7,38.1590470,-122.4533240,1.7,5.6,0,0,0
1019.30,0.0,0.0,12243,0.0,1,-13.7,0,0,18361.8,38.1590470,-122.4533250,1.7,5.6,0,0,0
1019.40,0.0,0.0,12243,0.0,1,-13.7,0,0,18361.8,38.1590470,-122.4533250,1.7,5.6,0,0,0
1019.50,0.0,0.0,12243,0.0,1,-13.7,0,0,18361.9,38.1590460,-122.4533250,1.7,5.6,0,0,0
1019.60,0.0,0.0,12243,0.0,1,-13.7,0,0,18361.9,38.1590460,-122.4533250,1.7,5.6,0,0,0
1019.70,0.0,0.0,12243,0.0,1,-13.7,0,0,18361.9,38.1590460,-122.4533250,1.7,5.6,0,0,0
1019.80,0.0,0.0,12243,0.0,1,-13.7,0,0,18361.9,38.1590460,-122.4533250,1.8,5.9,0,0,0
1019.90,0.0,0.0,12243,0.0,1,-13.7,0,0,18361.9,38.1590460,-122.4533250,1.8,5.9,0,0,0
1020.00,0.0,0.0,12243,0.0,1,-13.7,0,0,18361.9,38.1590460,-122.4533250,1.8,5.9,0,0,0
1020.10,0.0,0.0,12243,0.0,1,-13.7,0,0,18361.9,38.1590460,-122.4533250,1.8,5.9,0,0,0
1020.20,0.0,0.0,12243,0.0,1,-13.7,0,0,18361.9,38.1590460,-122.4533250,1.8,5.9,0,0,0
1020.30,0.0,0.0,12243,0.0,1,-13.7,0,0,18361.9,38.1590460,-122.4533250,1.8,5.9,0,0,0
1020.40,0.0,0.0,12243,0.0,1,-13.7,0,0,18362.0,38.1590460,-122.4533260,1.8,5.9,0,0,0
1020.50,0.0,0.0,12243,0.0,1,-13.7,0,0,18362.0,38.1590460,-122.4533260,1.8,5.9,0,0,0
1020.60,0.0,0.0,12243,0.0,1,-13.7,0,0,18362.0,38.1590460,-122.4533260,1.8,5.9,0,0,0
1020.70,0.0,0.0,12243,0.0,1,-13.7,0,0,18362.1,38.1590460,-122.4533250,1.8,5.9,0,0,0
1020.80,0.0,0.0,12243,0.0,1,-13.7,0,0,18362.1,38.1590460,-122.4533250,1.7,5.6,0,0,0
1020.90,0.0,0.0,12243,0.0,1,-13.7,0,0,18362.1,38.1590460,-122.4533250,1.7,5.6,0,0,0
1021.00,0.0,0.0,12243,0.0,1,-13.7,0,0,18362.1,38.1590460,-122.4533250,1.7,5.6,0,0,0
1021.10,0.0,0.0,12243,0.0,1,-13.7,0,0,18362.2,38.1590460,-122.4533260,1.7,5.6,0,0,0
1021.20,0.0,0.0,12243,0.0,1,-13.7,0,0,18362.3,38.1590470,-122.4533260,1.7,5.6,0,0,0
1021.30,0.0,0.0,12243,0.0,1,-13.7,0,0,18362.3,38.1590470,-122.4533260,1.7,5.6,0,0,0
1021.40,0.0,0.0,12243,0.0,1,-13.7,0,0,18362.3,38.1590470,-122.4533260,1.7,5.6,0,0,0
1021.50,0.0,0.0,12243,0.0,1,-13.7,0,0,18362.3,38.1590470,-122.4533260,1.7,5.6,0,0,0
1021.60,0.0,0.0,12243,0.0,1,-13.7,0,0,18362.3,38.1590470,-122.4533260,1.7,5.6,0,0,0
1021.70,0.0,0.0,12243,0.0,1,-13.7,0,0,18362.3,38.1590470,-122.4533260,1.7,5.6,0,0,0
1021.80,0.0,0.0,12243,0.0,1,-13.7,0,0,18362.3,38.1590470,-122.4533260,1.8,5.9,0,0,0
1021.90,0.0,0.0,12243,0.0,1,-13.7,0,0,18362.3,38.1590470,-122.4533260,1.8,5.9,0,0,0
1022.00,0.0,0.0,12243,0.0,1,-13.7,0,0,18362.3,38.1590470,-122.4533260,1.8,5.9,0,0,0
1022.10,0.0,0.0,12243,0.0,1,-13.7,0,0,18362.3,38.1590470,-122.4533260,1.8,5.9,0,0,0
1022.20,0.0,0.0,12243,0.0,1,-13.7,0,0,18362.3,38.1590470,-122.4533260,1.8,5.9,0,0,0
1022.30,0.0,0.0,12243,0.0,1,-13.7,0,0,18362.4,38.1590470,-122.4533270,1.8,5.9,0,0,0
1022.40,0.0,0.0,12243,0.0,1,-13.7,0,0,18362.4,38.1590470,-122.4533270,1.8,5.9,0,0,0
1022.50,0.0,0.0,12243,0.0,1,-13.7,0,0,18362.5,38.1590480,-122.4533270,1.8,5.9,0,0,0
1022.60,0.0,0.0,12243,0.0,1,-13.7,0,0,18362.6,38.1590480,-122.4533280,1.8,5.9,0,0,0
1022.70,0.0,0.0,12243,0.0,1,-13.7,0,0,18362.6,38.1590480,-122.4533280,1.8,5.9,0,0,0
1022.80,0.0,0.0,12243,0.0,1,-13.7,0,0,18362.6,38.1590480,-122.4533280,1.9,6.2,0,0,0
1022.90,0.0,0.0,12243,0.0,1,-13.7,0,0,18362.6,38.1590480,-122.4533280,1.9,6.2,0,0,0
1023.00,0.0,0.0,12243,0.0,1,-13.7,0,0,18362.7,38.1590480,-122.4533290,1.9,6.2,0,0,0
1023.10,0.0,0.0,12243,0.0,1,-13.7,0,0,18362.7,38.1590480,-122.4533290,1.9,6.2,0,0,0
1023.20,0.0,0.0,12243,0.0,1,-13.7,0,0,18362.7,38.1590480,-122.4533290,1.9,6.2,0,0,0
1023.30,0.0,0.0,12243,0.0,1,-13.7,0,0,18362.7,38.1590480,-122.4533290,1.9,6.2,0,0,0
1023.40,0.0,0.0,12243,0.0,1,-13.7,0,0,18362.7,38.1590480,-122.4533290,1.9,6.2,0,0,0
1023.50,0.0,0.0,12243,0.0,1,-13.7,0,0,18362.7,38.1590480,-122.4533290,1.9,6.2,0,0,0
1023.60,0.0,0.0,12243,0.0,1,-13.7,0,0,18362.7,38.1590480,-122.4533290,1.9,6.2,0,0,0
1023.70,0.0,0.0,12243,0.0,1,-13.7,0,0,18362.7,38.1590480,-122.4533290,1.9,6.2,0,0,0
1023.80,0.0,0.0,12243,0.0,1,-13.7,0,0,18362.7,38.1590480,-122.4533290,1.9,6.2,0,0,0
1023.90,0.0,0.0,12243,0.0,1,-13.7,0,0,18362.7,38.1590480,-122.4533290,1.9,6.2,0,0,0
1024.00,0.0,0.0,12243,0.0,1,-13.7,0,0,18362.8,38.1590480,-122.4533300,1.9,6.2,0,0,0
1024.10,0.0,0.0,12243,0.0,1,-13.7,0,0,18362.9,38.1590490,-122.4533300,1.9,6.2,0,0,0
1024.20,0.0,0.0,12243,0.0,1,-13.7,0,0,18362.9,38.1590490,-122.4533300,1.9,6.2,0,0,0
1024.30,0.0,0.0,12243,0.0,1,-13.7,0,0,18362.9,38.1590490,-122.4533300,1.9,6.2,0,0,0
1024.40,0.0,0.0,12243,0.0,1,-13.7,0,0,18362.9,38.1590490,-122.4533300,1.9,6.2,0,0,0
1024.50,0.0,0.0,12243,0.0,1,-13.7,0,0,18362.9,38.1590490,-122.4533300,1.9,6.2,0,0,0
1024.60,0.0,0.0,12243,0.0,1,-13.7,0,0,18362.9,38.1590490,-122.4533300,1.9,6.2,0,0,0
1024.70,0.0,0.0,12243,0.0,1,-13.7,0,0,18363.0,38.1590490,-122.4533310,1.9,6.2,0,0,0
1024.80,0.0,0.0,12243,0.0,1,-13.7,0,0,18363.0,38.1590490,-122.4533310,2.0,6.6,0,0,0
1024.90,0.0,0.0,12243,0.0,1,-13.7,0,0,18363.0,38.1590490,-122.4533310,2.0,6.6,0,0,0
1025.00,0.0,0.0,12243,0.0,1,-13.7,0,0,18363.0,38.1590490,-122.4533310,2.0,6.6,0,0,0
1025.10,0.0,0.0,12243,0.0,1,-13.7,0,0,18363.1,38.1590500,-122.4533310,2.0,6.6,0,0,0
1025.20,0.0,0.0,12243,0.0,1,-13.7,0,0,18363.1,38.1590500,-122.4533310,2.0,6.6,0,0,0
1025.30,0.0,0.0,12243,0.0,1,-13.7,0,0,18363.1,38.1590500,-122.4533310,2.0,6.6,0,0,0
1025.40,0.0,0.0,12243,0.0,1,-13.7,0,0,18363.1,38.1590500,-122.4533310,2.0,6.6,0,0,0
1025.50,0.0,0.0,12243,0.0,1,-13.7,0,0,18363.1,38.1590500,-122.4533310,2.0,6.6,0,0,0
1025.60,0.0,0.0,12243,0.0,1,-13.7,0,0,18363.2,38.1590500,-122.4533320,2.0,6.6,0,0,0
1025.70,0.0,0.0,12243,0.0,1,-13.7,0,0,18363.2,38.1590500,-122.4533320,2.0,6.6,0,0,0
1025.80,0.0,0.0,12243,0.0,1,-13.7,0,0,18363.2,38.1590500,-122.4533320,2.0,6.6,0,0,0
1025.90,0.0,0.0,12243,0.0,1,-13.7,0,0,18363.3,38.1590510,-122.4533320,2.0,6.6,0,0,0
1026.00,0.0,0.0,12243,0.0,1,-13.7,0,0,18363.4,38.1590510,-122.4533330,2.0,6.6,0,0,0
1026.10,0.0,0.0,12243,0.0,1,-13.7,0,0,18363.4,38.1590510,-122.4533330,2.0,6.6,0,0,0
1026.20,0.0,0.0,12243,0.0,1,-13.7,0,0,18363.4,38.1590510,-122.4533330,2.0,6.6,0,0,0
1026.30,0.0,0.0,12243,0.0,1,-13.7,0,0,18363.4,38.1590510,-122.4533330,2.0,6.6,0,0,0
1026.40,0.0,0.0,12243,0.0,1,-13.7,0,0,18363.5,38.1590510,-122.4533340,2.0,6.6,0,0,0
1026.50,0.0,0.0,12243,0.0,1,-13.7,0,0,18363.5,38.1590510,-122.4533340,2.0,6.6,0,0,0
1026.60,0.0,0.0,12243,0.0,1,-13.7,0,0,18363.5,38.1590510,-122.4533340,2.0,6.6,0,0,0
1026.70,0.0,0.0,12243,0.0,1,-13.7,0,0,18363.5,38.1590510,-122.4533340,2.0,6.6,0,0,0
1026.80,0.0,0.0,12243,0.0,1,-13.7,0,0,18363.6,38.1590510,-122.4533330,1.9,6.2,0,0,0
1026.90,0.0,0.0,12243,0.0,1,-13.7,0,0,18363.6,38.1590510,-122.4533340,1.9,6.2,0,0,0
1027.00,0.0,0.0,12243,0.0,1,-13.7,0,0,18363.6,38.1590510,-122.4533340,1.9,6.2,0,0,0
1027.10,0.0,0.0,12243,0.0,1,-13.7,0,0,18363.6,38.1590510,-122.4533340,1.9,6.2,0,0,0
1027.20,0.0,0.0,12243,0.0,1,-13.7,0,0,18363.8,38.1590520,-122.4533340,1.9,6.2,0,0,0
1027.30,0.0,0.0,12243,0.0,1,-13.7,0,0,18363.9,38.1590510,-122.4533340,1.9,6.2,0,0,0
1027.40,0.0,0.0,12243,0.0,1,-13.7,0,0,18364.0,38.1590520,-122.4533340,1.9,6.2,0,0,0
1027.50,0.0,0.0,12243,0.0,1,-13.7,0,0,18364.1,38.1590520,-122.4533350,1.9,6.2,0,0,0
1027.60,0.0,0.0,12243,0.0,1,-13.7,0,0,18364.1,38.1590520,-122.4533350,1.9,6.2,0,0,0
1027.70,0.0,0.0,12243,0.0,1,-13.7,0,0,18364.1,38.1590520,-122.4533350,1.9,6.2,0,0,0
1027.80,0.0,0.0,12243,0.0,1,-13.7,0,0,18364.1,38.1590520,-122.4533350,1.8,5.9,0,0,0
1027.90,0.0,0.0,12243,0.0,1,-13.7,0,0,18364.1,38.1590520,-122.4533350,1.8,5.9,0,0,0
1028.00,0.0,0.0,12243,0.0,1,-13.7,0,0,18364.2,38.1590530,-122.4533360,1.8,5.9,0,0,0
1028.10,0.0,0.0,12243,0.0,1,-13.7,0,0,18364.2,38.1590530,-122.4533360,1.8,5.9,0,0,0
1028.20,0.0,0.0,12243,0.0,1,-13.7,0,0,18364.2,38.1590530,-122.4533360,1.8,5.9,0,0,0
1028.30,0.0,0.0,12243,0.0,1,-13.7,0,0,18364.2,38.1590530,-122.4533360,1.8,5.9,0,0,0
1028.40,0.0,0.0,12243,0.0,1,-13.7,0,0,18364.2,38.1590530,-122.4533360,1.8,5.9,0,0,0
1028.50,0.0,0.0,12243,0.0,1,-13.7,0,0,18364.2,38.1590530,-122.4533360,1.8,5.9,0,0,0
1028.60,0.0,0.0,12243,0.0,1,-13.7,0,0,18364.2,38.1590530,-122.4533360,1.8,5.9,0,0,0
1028.70,0.0,0.0,12243,0.0,1,-13.7,0,0,18364.2,38.1590530,-122.4533360,1.8,5.9,0,0,0
1028.80,0.0,0.0,12243,0.0,1,-13.7,0,0,18364.2,38.1590530,-122.4533360,1.7,5.6,0,0,0
1028.90,0.0,0.0,12243,0.0,1,-13.7,0,0,18364.2,38.1590530,-122.4533360,1.7,5.6,0,0,0
1029.00,0.0,0.0,12243,0.0,1,-13.7,0,0,18364.3,38.1590530,-122.4533370,1.7,5.6,0,0,0
1029.10,0.0,0.0,12243,0.0,1,-13.7,0,0,18364.3,38.1590530,-122.4533370,1.7,5.6,0,0,0
1029.20,0.0,0.0,12243,0.0,1,-13.7,0,0,18364.3,38.1590530,-122.4533370,1.7,5.6,0,0,0
1029.30,0.0,0.0,12243,0.0,1,-13.7,0,0,18364.3,38.1590530,-122.4533370,1.7,5.6,0,0,0
1029.40,0.0,0.0,12243,0.0,1,-13.7,0,0,18364.3,38.1590530,-122.4533370,1.7,5.6,0,0,0
1029.50,0.0,0.0,12243,0.0,1,-13.7,0,0,18364.3,38.1590530,-122.4533370,1.7,5.6,0,0,0
1029.60,0.0,0.0,12243,0.0,1,-13.7,0,0,18364.3,38.1590530,-122.4533370,1.7,5.6,0,0,0
1029.70,0.0,0.0,12243,0.0,1,-13.7,0,0,18364.3,38.1590530,-122.4533370,1.7,5.6,0,0,0
1029.80,0.0,0.0,12243,0.0,1,-13.7,0,0,18364.3,38.1590530,-122.4533370,1.5,4.9,0,0,0
1029.90,0.0,0.0,12243,0.0,1,-13.7,0,0,18364.4,38.1590520,-122.4533370,1.5,4.9,0,0,0
1030.00,0.0,0.0,12243,0.0,1,-13.7,0,0,18364.4,38.1590520,-122.4533370,1.5,4.9,0,0,0
1030.10,0.0,0.0,12243,0.0,1,-13.7,0,0,18364.5,38.1590530,-122.4533370,1.5,4.9,0,0,0
1030.20,0.0,0.0,12243,0.0,1,-13.7,0,0,18364.5,38.1590530,-122.4533370,1.5,4.9,0,0,0
1030.30,0.0,0.0,12243,0.0,1,-13.7,0,0,18364.5,38.1590530,-122.4533370,1.5,4.9,0,0,0
1030.40,0.0,0.0,12243,0.0,1,-13.7,0,0,18364.5,38.1590530,-122.4533370,1.5,4.9,0,0,0
1030.50,0.0,0.0,12243,0.0,1,-13.7,0,0,18364.6,38.1590520,-122.4533370,1.5,4.9,0,0,0
1030.60,0.0,0.0,12243,0.0,1,-13.7,0,0,18364.7,38.1590530,-122.4533370,1.5,4.9,0,0,0
1030.70,0.0,0.0,12243,0.0,1,-13.7,0,0,18364.9,38.1590520,-122.4533360,1.5,4.9,0,0,0
1030.80,0.0,0.0,12243,0.0,1,-13.7,0,0,18364.9,38.1590520,-122.4533360,1.2,3.9,0,0,0
1030.90,0.0,0.0,12243,0.0,1,-13.7,0,0,18365.0,38.1590530,-122.4533360,1.2,3.9,0,0,0
1031.00,0.0,0.0,12243,0.0,1,-13.7,0,0,18365.0,38.1590530,-122.4533360,1.2,3.9,0,0,0
1031.10,0.0,0.0,12243,0.0,1,-13.7,0,0,18365.1,38.1590520,-122.4533360,1.2,3.9,0,0,0
1031.20,0.0,0.0,12243,0.0,1,-13.7,0,0,18365.2,38.1590530,-122.4533360,1.2,3.9,0,0,0
1031.30,0.0,0.0,12243,0.0,1,-13.7,0,0,18365.3,38.1590520,-122.4533360,1.2,3.9,0,0,0
1031.40,0.0,0.0,12243,0.0,1,-13.7,0,0,18365.4,38.1590530,-122.4533360,1.2,3.9,0,0,0
1031.50,0.0,0.0,12243,0.0,1,-13.7,0,0,18365.4,38.1590530,-122.4533360,1.2,3.9,0,0,0
1031.60,0.0,0.0,12243,0.0,1,-13.7,0,0,18365.4,38.1590530,-122.4533360,1.2,3.9,0,0,0
1031.70,0.0,0.0,12243,0.0,1,-13.7,0,0,18365.4,38.1590530,-122.4533360,1.2,3.9,0,0,0
1031.80,0.0,0.0,12243,0.0,1,-13.7,0,0,18365.4,38.1590530,-122.4533360,1.0,3.3,0,0,0
1031.90,0.0,0.0,12243,0.0,1,-13.7,0,0,18365.4,38.1590530,-122.4533360,1.0,3.3,0,0,0
1032.00,0.0,0.0,12243,0.0,1,-13.7,0,0,18365.5,38.1590520,-122.4533360,1.0,3.3,0,0,0
1032.10,0.0,0.0,12243,0.0,1,-13.7,0,0,18365.7,38.1590530,-122.4533360,1.0,3.3,0,0,0
1032.20,0.0,0.0,12243,0.0,1,-13.7,0,0,18365.8,38.1590520,-122.4533360,1.0,3.3,0,0,0
1032.30,0.0,0.0,12243,0.0,1,-13.7,0,0,18365.9,38.1590530,-122.4533360,1.0,3.3,0,0,0
1032.40,0.0,0.0,12243,0.0,1,-13.7,0,0,18365.9,38.1590530,-122.4533360,1.0,3.3,0,0,0
1032.50,0.0,0.0,12243,0.0,1,-13.7,0,0,18365.9,38.1590530,-122.4533360,1.0,3.3,0,0,0
1032.60,0.0,0.0,12243,0.0,1,-13.7,0,0,18365.9,38.1590530,-122.4533360,1.0,3.3,0,0,0
1032.70,0.0,0.0,12243,0.0,1,-13.7,0,0,18365.9,38.1590530,-122.4533360,1.0,3.3,0,0,0
1032.80,0.0,0.0,12243,0.0,1,-13.7,0,0,18365.9,38.1590530,-122.4533360,0.8,2.6,0,0,0
1032.90,0.0,0.0,12243,0.0,1,-13.7,0,0,18365.9,38.1590530,-122.4533360,0.8,2.6,0,0,0
1033.00,0.0,0.0,12243,0.0,1,-13.7,0,0,18365.9,38.1590530,-122.4533360,0.8,2.6,0,0,0
1033.10,0.0,0.0,12243,0.0,1,-13.7,0,0,18366.0,38.1590530,-122.4533350,0.8,2.6,0,0,0
1033.20,0.0,0.0,12243,0.0,1,-13.7,0,0,18366.0,38.1590530,-122.4533350,0.8,2.6,0,0,0
1033.30,0.0,0.0,12243,0.0,1,-13.7,0,0,18366.0,38.1590530,-122.4533350,0.8,2.6,0,0,0
1033.40,0.0,0.0,12243,0.0,1,-13.7,0,0,18366.0,38.1590530,-122.4533350,0.8,2.6,0,0,0
1033.50,0.0,0.0,12243,0.0,1,-13.7,0,0,18366.0,38.1590530,-122.4533350,0.8,2.6,0,0,0
1033.60,0.0,0.0,12243,0.0,1,-13.7,0,0,18366.0,38.1590530,-122.4533350,0.8,2.6,0,0,0
1033.70,0.0,0.0,12243,0.0,1,-13.7,0,0,18366.0,38.1590530,-122.4533350,0.8,2.6,0,0,0
1033.80,0.0,0.0,12243,0.0,1,-13.7,0,0,18366.0,38.1590530,-122.4533350,0.6,2.0,0,0,0
1033.90,0.0,0.0,12243,0.0,1,-13.7,0,0,18366.0,38.1590530,-122.4533350,0.6,2.0,0,0,0
1034.00,0.0,0.0,12243,0.0,1,-13.7,0,0,18366.1,38.1590540,-122.4533350,0.6,2.0,0,0,0
1034.10,0.0,0.0,12243,0.0,1,-13.7,0,0,18366.1,38.1590540,-122.4533350,0.6,2.0,0,0,0
1034.20,0.0,0.0,12243,0.0,1,-13.7,0,0,18366.1,38.1590540,-122.4533350,0.6,2.0,0,0,0
1034.30,0.0,0.0,12243,0.0,1,-13.7,0,0,18366.1,38.1590540,-122.4533350,0.6,2.0,0,0,0
1034.40,0.0,0.0,12243,0.0,1,-13.7,0,0,18366.1,38.1590540,-122.4533350,0.6,2.0,0,0,0
1034.50,0.0,0.0,12243,0.0,1,-13.7,0,0,18366.1,38.1590540,-122.4533350,0.6,2.0,0,0,0
1034.60,0.0,0.0,12243,0.0,1,-13.7,0,0,18366.1,38.1590540,-122.4533350,0.6,2.0,0,0,0
1034.70,0.0,0.0,12243,0.0,1,-13.7,0,0,18366.1,38.1590540,-122.4533350,0.6,2.0,0,0,0
1034.80,0.0,0.0,12243,0.0,1,-13.7,0,0,18366.1,38.1590540,-122.4533350,0.4,1.3,0,0,0
1034.90,0.0,0.0,12243,0.0,1,-13.7,0,0,18366.1,38.1590540,-122.4533350,0.4,1.3,0,0,0
1035.00,0.0,0.0,12243,0.0,1,-13.7,0,0,18366.1,38.1590540,-122.4533350,0.4,1.3,0,0,0
1035.10,0.0,0.0,12243,0.0,1,-13.7,0,0,18366.1,38.1590540,-122.4533350,0.4,1.3,0,0,0
1035.20,0.0,0.0,12243,0.0,1,-13.7,0,0,18366.1,38.1590540,-122.4533350,0.4,1.3,0,0,0
1035.30,0.0,0.0,12243,0.0,1,-13.7,0,0,18366.2,38.1590540,-122.4533340,0.4,1.3,0,0,0
1035.40,0.0,0.0,12243,0.0,1,-13.7,0,0,18366.2,38.1590540,-122.4533340,0.4,1.3,0,0,0
1035.50,0.0,0.0,12243,0.0,1,-13.7,0,0,18366.2,38.1590540,-122.4533340,0.4,1.3,0,0,0
1035.60,0.0,0.0,12243,0.0,1,-13.7,0,0,18366.2,38.1590540,-122.4533340,0.4,1.3,0,0,0
1035.70,0.0,0.0,12243,0.0,1,-13.7,0,0,18366.2,38.1590540,-122.4533340,0.4,1.3,0,0,0
1035.80,0.0,0.0,12243,0.0,1,-13.7,0,0,18366.2,38.1590540,-122.4533340,0.2,0.7,0,0,0
1035.90,0.0,0.0,12243,0.0,1,-13.7,0,0,18366.2,38.1590540,-122.4533340,0.2,0.7,0,0,0
1036.00,0.0,0.0,12243,0.0,1,-13.7,0,0,18366.2,38.1590540,-122.4533340,0.2,0.7,0,0,0
1036.10,0.0,0.0,12243,0.0,1,-13.7,0,0,18366.2,38.1590540,-122.4533340,0.2,0.7,0,0,0
1036.20,0.0,0.0,12243,0.0,1,-13.7,0,0,18366.3,38.1590550,-122.4533340,0.2,0.7,0,0,0
1036.30,0.0,0.0,12243,0.0,1,-13.7,0,0,18366.3,38.1590550,-122.4533340,0.2,0.7,0,0,0
1036.40,0.0,0.0,12243,0.0,1,-13.7,0,0,18366.3,38.1590550,-122.4533340,0.2,0.7,0,0,0
1036.50,0.0,0.0,12243,0.0,1,-13.7,0,0,18366.3,38.1590550,-122.4533340,0.2,0.7,0,0,0
1036.60,0.0,0.0,12243,0.0,1,-13.7,0,0,18366.3,38.1590550,-122.4533340,0.2,0.7,0,0,0
1036.70,0.0,0.0,12243,0.0,1,-13.7,0,0,18366.3,38.1590550,-122.4533340,0.2,0.7,0,0,0
1036.80,0.0,0.0,12243,0.0,1,-13.7,0,0,18366.3,38.1590550,-122.4533340,0.0,0.0,0,0,0
1036.90,0.0,0.0,12243,0.0,1,-13.7,0,0,18366.3,38.1590550,-122.4533340,0.0,0.0,0,0,0
1037.00,0.0,0.0,12243,0.0,1,-13.7,0,0,18366.4,38.1590560,-122.4533340,0.0,0.0,0,0,0
1037.10,0.0,0.0,12243,0.0,1,-13.7,0,0,18366.4,38.1590560,-122.4533340,0.0,0.0,0,0,0
1037.20,0.0,0.0,12243,0.0,1,-13.7,0,0,18366.4,38.1590560,-122.4533340,0.0,0.0,0,0,0
1037.30,0.0,0.0,12243,0.0,1,-13.7,0,0,18366.4,38.1590560,-122.4533340,0.0,0.0,0,0,0
1037.40,0.0,0.0,12243,0.0,1,-13.7,0,0,18366.4,38.1590560,-122.4533340,0.0,0.0,0,0,0
1037.50,0.0,0.0,12243,0.0,1,-13.7,0,0,18366.4,38.1590560,-122.4533340,0.0,0.0,0,0,0
1037.60,0.0,0.0,12243,0.0,1,-13.7,0,0,18366.4,38.1590560,-122.4533340,0.0,0.0,0,0,0
1037.70,0.0,0.0,12243,0.0,1,-13.7,0,0,18366.5,38.1590570,-122.4533350,0.0,0.0,0,0,0
1037.80,0.0,0.0,12243,0.0,1,-13.7,0,0,18366.5,38.1590570,-122.4533350,6553.4,21500.7,0,0,0
1037.90,0.0,0.0,12243,0.0,1,-13.7,0,0,18366.5,38.1590570,-122.4533350,6553.4,21500.7,0,0,0
1038.00,0.0,0.0,12243,0.0,1,-13.7,0,0,18366.5,38.1590570,-122.4533350,6553.4,21500.7,0,0,0
1038.10,0.0,0.0,12243,0.0,1,-13.7,0,0,18366.5,38.1590570,-122.4533350,6553.4,21500.7,0,0,0
1038.20,0.0,0.0,12243,0.0,1,-13.7,0,0,18366.6,38.1590570,-122.4533340,6553.4,21500.7,0,0,0
1038.30,0.0,0.0,12243,0.0,1,-13.7,0,0,18366.7,38.1590570,-122.4533350,6553.4,21500.7,0,0,0
1038.40,0.0,0.0,12243,0.0,1,-13.7,0,0,18366.7,38.1590570,-122.4533350,6553.4,21500.7,0,0,0
1038.50,0.0,0.0,12243,0.0,1,-13.7,0,0,18366.7,38.1590570,-122.4533350,6553.4,21500.7,0,0,0
1038.60,0.0,0.0,12243,0.0,1,-13.7,0,0,18366.7,38.1590570,-122.4533350,6553.4,21500.7,0,0,0
1038.70,0.0,0.0,12243,0.0,1,-13.7,0,0,18366.8,38.1590570,-122.4533340,6553.4,21500.7,0,0,0
1038.80,0.0,0.0,12243,0.0,1,-13.7,0,0,18366.8,38.1590570,-122.4533340,6553.3,21500.3,0,0,0
1038.90,0.0,0.0,12243,0.0,1,-13.7,0,0,18366.8,38.1590570,-122.4533340,6553.3,21500.3,0,0,0
1039.00,0.0,0.0,12243,0.0,1,-13.7,0,0,18366.8,38.1590570,-122.4533340,6553.3,21500.3,0,0,0
1039.10,0.0,0.0,12243,0.0,1,-13.7,0,0,18366.8,38.1590570,-122.4533340,6553.3,21500.3,0,0,0
1039.20,0.0,0.0,12243,0.0,1,-13.7,0,0,18366.8,38.1590570,-122.4533340,6553.3,21500.3,0,0,0
1039.30,0.0,0.0,12243,0.0,1,-13.7,0,0,18366.8,38.1590570,-122.4533340,6553.3,21500.3,0,0,0
1039.40,0.0,0.0,12243,0.0,1,-13.7,0,0,18366.8,38.1590570,-122.4533340,6553.3,21500.3,0,0,0
1039.50,0.0,0.0,12243,0.0,1,-13.7,0,0,18366.8,38.1590570,-122.4533340,6553.3,21500.3,0,0,0
1039.60,0.0,0.0,12243,0.0,1,-13.7,0,0,18366.8,38.1590570,-122.4533340,6553.3,21500.3,0,0,0
1039.70,0.0,0.0,12243,0.0,1,-13.7,0,0,18366.8,38.1590570,-122.4533340,6553.3,21500.3,0,0,0
1039.80,0.0,0.0,12243,0.0,1,-13.7,0,0,18366.9,38.1590580,-122.4533340,6553.3,21500.3,0,0,0
1039.90,0.0,0.0,12243,0.0,1,-13.7,0,0,18366.9,38.1590580,-122.4533340,6553.3,21500.3,0,0,0
1040.00,0.0,0.0,12243,0.0,1,-13.7,0,0,18366.9,38.1590580,-122.4533340,6553.3,21500.3,0,0,0
1040.10,0.0,0.0,12243,0.0,1,-13.7,0,0,18366.9,38.1590580,-122.4533340,6553.3,21500.3,0,0,0
1040.20,0.0,0.0,12243,0.0,1,-13.7,0,0,18366.9,38.1590580,-122.4533340,6553.3,21500.3,0,0,0
1040.30,0.0,0.0,12243,0.0,1,-13.7,0,0,18366.9,38.1590580,-122.4533340,6553.3,21500.3,0,0,0
1040.40,0.0,0.0,12243,0.0,1,-13.7,0,0,18366.9,38.1590580,-122.4533340,6553.3,21500.3,0,0,0
1040.50,0.0,0.0,12243,0.0,1,-13.7,0,0,18366.9,38.1590580,-122.4533340,6553.3,21500.3,0,0,0
1040.60,0.0,0.0,12243,0.0,1,-13.7,0,0,18367.0,38.1590580,-122.4533350,6553.3,21500.3,0,0,0
1040.70,0.0,0.0,12243,0.0,1,-13.7,0,0,18367.1,38.1590590,-122.4533350,6553.3,21500.3,0,0,0
1040.80,0.0,0.0,12243,0.0,1,-13.7,0,0,18367.1,38.1590590,-122.4533350,6553.2,21500.0,0,0,0
1040.90,0.0,0.0,12243,0.0,1,-13.7,0,0,18367.1,38.1590590,-122.4533350,6553.2,21500.0,0,0,0
1041.00,0.0,0.0,12243,0.0,1,-13.7,0,0,18367.1,38.1590590,-122.4533350,6553.2,21500.0,0,0,0
1041.10,0.0,0.0,12243,0.0,1,-13.7,0,0,18367.1,38.1590590,-122.4533350,6553.2,21500.0,0,0,0
1041.20,0.0,0.0,12243,0.0,1,-13.7,0,0,18367.1,38.1590590,-122.4533350,6553.2,21500.0,0,0,0
1041.30,0.0,0.0,12243,0.0,1,-13.7,0,0,18367.1,38.1590590,-122.4533350,6553.2,21500.0,0,0,0
1041.40,0.0,0.0,12243,0.0,1,-13.7,0,0,18367.1,38.1590590,-122.4533350,6553.2,21500.0,0,0,0
1041.50,0.0,0.0,12243,0.0,1,-13.7,0,0,18367.2,38.1590590,-122.4533360,6553.2,21500.0,0,0,0
1041.60,0.0,0.0,12243,0.0,1,-13.7,0,0,18367.2,38.1590590,-122.4533360,6553.2,21500.0,0,0,0
1041.70,0.0,0.0,12243,0.0,1,-13.7,0,0,18367.2,38.1590590,-122.4533360,6553.2,21500.0,0,0,0
1041.80,0.0,0.0,12243,0.0,1,-13.7,0,0,18367.2,38.1590590,-122.4533360,6553.1,21499.7,0,0,0
1041.90,0.0,0.0,12243,0.0,1,-13.7,0,0,18367.2,38.1590590,-122.4533360,6553.1,21499.7,0,0,0
1042.00,0.0,0.0,12243,0.0,1,-13.7,0,0,18367.2,38.1590590,-122.4533360,6553.1,21499.7,0,0,0
1042.10,0.0,0.0,12243,0.0,1,-13.7,0,0,18367.2,38.1590590,-122.4533360,6553.1,21499.7,0,0,0
1042.20,0.0,0.0,12243,0.0,1,-13.7,0,0,18367.2,38.1590590,-122.4533360,6553.1,21499.7,0,0,0
1042.30,0.0,0.0,12243,0.0,1,-13.7,0,0,18367.2,38.1590590,-122.4533360,6553.1,21499.7,0,0,0
1042.40,0.0,0.0,12243,0.0,1,-13.7,0,0,18367.2,38.1590590,-122.4533360,6553.1,21499.7,0,0,0
1042.50,0.0,0.0,12243,0.0,1,-13.7,0,0,18367.2,38.1590590,-122.4533360,6553.1,21499.7,0,0,0
1042.60,0.0,0.0,12243,0.0,1,-13.7,0,0,18367.2,38.1590590,-122.4533360,6553.1,21499.7,0,0,0
1042.70,0.0,0.0,12243,0.0,1,-13.7,0,0,18367.2,38.1590590,-122.4533360,6553.1,21499.7,0,0,0
1042.80,0.0,0.0,12243,0.0,1,-13.7,0,0,18367.2,38.1590590,-122.4533360,6552.9,21499.0,0,0,0
1042.90,0.0,0.0,12243,0.0,1,-13.7,0,0,18367.2,38.1590590,-122.4533360,6552.9,21499.0,0,0,0
1043.00,0.0,0.0,12243,0.0,1,-13.7,0,0,18367.2,38.1590590,-122.4533360,6552.9,21499.0,0,0,0
1043.10,0.0,0.0,12243,0.0,1,-13.7,0,0,18367.2,38.1590590,-122.4533360,6552.9,21499.0,0,0,0
1043.20,0.0,0.0,12243,0.0,1,-13.7,0,0,18367.2,38.1590590,-122.4533360,6552.9,21499.0,0,0,0
1043.30,0.0,0.0,12243,0.0,1,-13.7,0,0,18367.3,38.1590590,-122.4533350,6552.9,21499.0,0,0,0
1043.40,0.0,0.0,12243,0.0,1,-13.7,0,0,18367.3,38.1590590,-122.4533350,6552.9,21499.0,0,0,0
1043.50,0.0,0.0,12243,0.0,1,-13.7,0,0,18367.3,38.1590590,-122.4533350,6552.9,21499.0,0,0,0
1043.60,0.0,0.0,12243,0.0,1,-13.7,0,0,18367.3,38.1590590,-122.4533350,6552.9,21499.0,0,0,0
1043.70,0.0,0.0,12243,0.0,1,-13.7,0,0,18367.3,38.1590590,-122.4533350,6552.9,21499.0,0,0,0
1043.80,0.0,0.0,12243,0.0,1,-13.7,0,0,18367.3,38.1590590,-122.4533350,6552.8,21498.7,0,0,0
1043.90,0.0,0.0,12243,0.0,1,-13.7,0,0,18367.4,38.1590590,-122.4533360,6552.8,21498.7,0,0,0
1044.00,0.0,0.0,12243,0.0,1,-13.7,0,0,18367.4,38.1590590,-122.4533360,6552.8,21498.7,0,0,0
1044.10,0.0,0.0,12243,0.0,1,-13.7,0,0,18367.4,38.1590590,-122.4533360,6552.8,21498.7,0,0,0
1044.20,0.0,0.0,12243,0.0,1,-13.7,0,0,18367.4,38.1590590,-122.4533360,6552.8,21498.7,0,0,0
1044.30,0.0,0.0,12243,0.0,1,-13.7,0,0,18367.4,38.1590590,-122.4533360,6552.8,21498.7,0,0,0
1044.40,0.0,0.0,12243,0.0,1,-13.7,0,0,18367.4,38.1590590,-122.4533360,6552.8,21498.7,0,0,0
1044.50,0.0,0.0,12243,0.0,1,-13.7,0,0,18367.4,38.1590590,-122.4533360,6552.8,21498.7,0,0,0
1044.60,0.0,0.0,12243,0.0,1,-13.7,0,0,18367.4,38.1590590,-122.4533360,6552.8,21498.7,0,0,0
1044.70,0.0,0.0,12243,0.0,1,-13.7,0,0,18367.4,38.1590590,-122.4533360,6552.8,21498.7,0,0,0
1044.80,0.0,0.0,12243,0.0,1,-13.7,0,0,18367.4,38.1590590,-122.4533360,6552.6,21498.0,0,0,0
1044.90,0.0,0.0,12243,0.0,1,-13.7,0,0,18367.4,38.1590590,-122.4533360,6552.6,21498.0,0,0,0
1045.00,0.0,0.0,12243,0.0,1,-13.7,0,0,18367.4,38.1590590,-122.4533350,6552.6,21498.0,0,0,0
1045.10,0.0,0.0,12243,0.0,1,-13.7,0,0,18367.4,38.1590590,-122.4533350,6552.6,21498.0,0,0,0
1045.20,0.0,0.0,12243,0.0,1,-13.7,0,0,18367.5,38.1590590,-122.4533360,6552.6,21498.0,0,0,0
1045.30,0.0,0.0,12243,0.0,1,-13.7,0,0,18367.5,38.1590590,-122.4533360,6552.6,21498.0,0,0,0
1045.40,0.0,0.0,12243,0.0,1,-13.7,0,0,18367.5,38.1590590,-122.4533360,6552.6,21498.0,0,0,0
1045.50,0.0,0.0,12243,0.0,1,-13.7,0,0,18367.5,38.1590590,-122.4533360,6552.6,21498.0,0,0,0
1045.60,0.0,0.0,12243,0.0,1,-13.7,0,0,18367.5,38.1590590,-122.4533360,6552.6,21498.0,0,0,0
1045.70,0.0,0.0,12243,0.0,1,-13.7,0,0,18367.5,38.1590590,-122.4533360,6552.6,21498.0,0,0,0
1045.80,0.0,0.0,12243,0.0,1,-13.7,0,0,18367.5,38.1590590,-122.4533360,6552.6,21498.0,0,0,0
1045.90,0.0,0.0,12243,0.0,1,-13.7,0,0,18367.5,38.1590590,-122.4533360,6552.6,21498.0,0,0,0
1046.00,0.0,0.0,12243,0.0,1,-13.7,0,0,18367.5,38.1590590,-122.4533360,6552.6,21498.0,0,0,0
1046.10,0.0,0.0,12243,0.0,1,-13.7,0,0,18367.5,38.1590590,-122.4533360,6552.6,21498.0,0,0,0
1046.20,0.0,0.0,12243,0.0,1,-13.7,0,0,18367.5,38.1590590,-122.4533360,6552.6,21498.0,0,0,0
1046.30,0.0,0.0,12243,0.0,1,-13.7,0,0,18367.6,38.1590590,-122.4533370,6552.6,21498.0,0,0,0
1046.40,0.0,0.0,12243,0.0,1,-13.7,0,0,18367.6,38.1590590,-122.4533370,6552.6,21498.0,0,0,0
1046.50,0.0,0.0,12243,0.0,1,-13.7,0,0,18367.6,38.1590590,-122.4533370,6552.6,21498.0,0,0,0
1046.60,0.0,0.0,12243,0.0,1,-13.7,0,0,18367.6,38.1590590,-122.4533370,6552.6,21498.0,0,0,0
1046.70,0.0,0.0,12243,0.0,1,-13.7,0,0,18367.6,38.1590590,-122.4533370,6552.6,21498.0,0,0,0
1046.80,0.0,0.0,12243,0.0,1,-13.7,0,0,18367.6,38.1590590,-122.4533370,6552.5,21497.7,0,0,0
1046.90,0.0,0.0,12243,0.0,1,-13.7,0,0,18367.6,38.1590590,-122.4533370,6552.5,21497.7,0,0,0
1047.00,0.0,0.0,12243,0.0,1,-13.7,0,0,18367.6,38.1590590,-122.4533370,6552.5,21497.7,0,0,0
1047.10,0.0,0.0,12243,0.0,1,-13.7,0,0,18367.6,38.1590590,-122.4533370,6552.5,21497.7,0,0,0
1047.20,0.0,0.0,12243,0.0,1,-13.7,0,0,18367.6,38.1590590,-122.4533370,6552.5,21497.7,0,0,0
1047.30,0.0,0.0,12243,0.0,1,-13.7,0,0,18367.6,38.1590590,-122.4533370,6552.5,21497.7,0,0,0
1047.40,0.0,0.0,12243,0.0,1,-13.7,0,0,18367.6,38.1590590,-122.4533370,6552.5,21497.7,0,0,0
1047.50,0.0,0.0,12243,0.0,1,-13.7,0,0,18367.6,38.1590590,-122.4533370,6552.5,21497.7,0,0,0
1047.60,0.0,0.0,12243,0.0,1,-13.7,0,0,18367.6,38.1590590,-122.4533370,6552.5,21497.7,0,0,0
1047.70,0.0,0.0,12243,0.0,1,-13.7,0,0,18367.6,38.1590590,-122.4533370,6552.5,21497.7,0,0,0
1047.80,0.0,0.0,12243,0.0,1,-13.7,0,0,18367.6,38.1590590,-122.4533370,6552.5,21497.7,0,0,0
1047.90,0.0,0.0,12243,0.0,1,-13.7,0,0,18367.7,38.1590590,-122.4533380,6552.5,21497.7,0,0,0
1048.00,0.0,0.0,12243,0.0,1,-13.7,0,0,18367.7,38.1590590,-122.4533380,6552.5,21497.7,0,0,0
1048.10,0.0,0.0,12243,0.0,1,-13.7,0,0,18367.7,38.1590590,-122.4533380,6552.5,21497.7,0,0,0
1048.20,0.0,0.0,12243,0.0,1,-13.7,0,0,18367.7,38.1590590,-122.4533380,6552.5,21497.7,0,0,0
1048.30,0.0,0.0,12243,0.0,1,-13.7,0,0,18367.7,38.1590590,-122.4533380,6552.5,21497.7,0,0,0
1048.40,0.0,0.0,12243,0.0,1,-13.7,0,0,18367.7,38.1590590,-122.4533380,6552.5,21497.7,0,0,0
1048.50,0.0,0.0,12243,0.0,1,-13.7,0,0,18367.7,38.1590590,-122.4533380,6552.5,21497.7,0,0,0
1048.60,0.0,0.0,12243,0.0,1,-13.7,0,0,18367.7,38.1590590,-122.4533380,6552.5,21497.7,0,0,0
1048.70,0.0,0.0,12243,0.0,1,-13.7,0,0,18367.7,38.1590590,-122.4533380,6552.5,21497.7,0,0,0
1048.80,0.0,0.0,12243,0.0,1,-13.7,0,0,18367.7,38.1590590,-122.4533380,6552.5,21497.7,0,0,0
1048.90,0.0,0.0,12243,0.0,1,-13.7,0,0,18367.7,38.1590590,-122.4533380,6552.5,21497.7,0,0,0
1049.00,0.0,0.0,12243,0.0,1,-13.7,0,0,18367.7,38.1590590,-122.4533380,6552.5,21497.7,0,0,0
1049.10,0.0,0.0,12243,0.0,1,-13.7,0,0,18367.7,38.1590590,-122.4533380,6552.5,21497.7,0,0,0
1049.20,0.0,0.0,12243,0.0,1,-13.7,0,0,18367.8,38.1590590,-122.4533390,6552.5,21497.7,0,0,0
1049.30,0.0,0.0,12243,0.0,1,-13.7,0,0,18367.8,38.1590590,-122.4533390,6552.5,21497.7,0,0,0
1049.40,0.0,0.0,12243,0.0,1,-13.7,0,0,18367.8,38.1590590,-122.4533390,6552.5,21497.7,0,0,0
1049.50,0.0,0.0,12243,0.0,1,-13.7,0,0,18367.8,38.1590590,-122.4533390,6552.5,21497.7,0,0,0
1049.60,0.0,0.0,12243,0.0,1,-13.7,0,0,18367.8,38.1590590,-122.4533390,6552.5,21497.7,0,0,0
1049.70,0.0,0.0,12243,0.0,1,-13.7,0,0,18367.8,38.1590590,-122.4533390,6552.5,21497.7,0,0,0
1049.80,0.0,0.0,12243,0.0,1,-13.7,0,0,18367.8,38.1590590,-122.4533390,6552.3,21497.0,0,0,0
1049.90,0.0,0.0,12243,0.0,1,-13.7,0,0,18367.8,38.1590590,-122.4533390,6552.3,21497.0,0,0,0
1050.00,0.0,0.0,12243,0.0,1,-13.7,0,0,18367.8,38.1590590,-122.4533390,6552.3,21497.0,0,0,0
1050.10,0.0,0.0,12243,0.0,1,-13.7,0,0,18367.8,38.1590590,-122.4533390,6552.3,21497.0,0,0,0
1050.20,0.0,0.0,12243,0.0,1,-13.7,0,0,18367.8,38.1590590,-122.4533390,6552.3,21497.0,0,0,0
1050.30,0.0,0.0,12243,0.0,1,-13.7,0,0,18367.8,38.1590590,-122.4533390,6552.3,21497.0,0,0,0
1050.40,0.0,0.0,12243,0.0,1,-13.7,0,0,18367.8,38.1590590,-122.4533390,6552.3,21497.0,0,0,0
1050.50,0.0,0.0,12243,0.0,1,-13.7,0,0,18367.8,38.1590590,-122.4533390,6552.3,21497.0,0,0,0
1050.60,0.0,0.0,12243,0.0,1,-13.7,0,0,18367.8,38.1590590,-122.4533390,6552.3,21497.0,0,0,0
1050.70,0.0,0.0,12243,0.0,1,-13.7,0,0,18367.8,38.1590590,-122.4533390,6552.3,21497.0,0,0,0
1050.80,0.0,0.0,12243,0.0,1,-13.7,0,0,18367.9,38.1590600,-122.4533390,6552.2,21496.7,0,0,0
1050.90,0.0,0.0,12243,0.0,1,-13.7,0,0,18368.0,38.1590600,-122.4533400,6552.2,21496.7,0,0,0
1051.00,0.0,0.0,12243,0.0,1,-13.7,0,0,18368.0,38.1590600,-122.4533400,6552.2,21496.7,0,0,0
1051.10,0.0,0.0,12243,0.0,1,-13.7,0,0,18368.0,38.1590600,-122.4533400,6552.2,21496.7,0,0,0
1051.20,0.0,0.0,12243,0.0,1,-13.7,0,0,18368.0,38.1590600,-122.4533400,6552.2,21496.7,0,0,0
1051.30,0.0,0.0,12243,0.0,1,-13.7,0,0,18368.0,38.1590600,-122.4533400,6552.2,21496.7,0,0,0
1051.40,0.0,0.0,12243,0.0,1,-13.7,0,0,18368.0,38.1590600,-122.4533400,6552.2,21496.7,0,0,0
1051.50,0.0,0.0,12243,0.0,1,-13.7,0,0,18368.0,38.1590600,-122.4533400,6552.2,21496.7,0,0,0
1051.60,0.0,0.0,12243,0.0,1,-13.7,0,0,18368.0,38.1590600,-122.4533400,6552.2,21496.7,0,0,0
1051.70,0.0,0.0,12243,0.0,1,-13.7,0,0,18368.0,38.1590600,-122.4533400,6552.2,21496.7,0,0,0
1051.80,0.0,0.0,12243,0.0,1,-13.7,0,0,18368.0,38.1590600,-122.4533400,6552.3,21497.0,0,0,0
1051.90,0.0,0.0,12243,0.0,1,-13.7,0,0,18368.0,38.1590600,-122.4533400,6552.3,21497.0,0,0,0
1052.00,0.0,0.0,12243,0.0,1,-13.7,0,0,18368.0,38.1590600,-122.4533400,6552.3,21497.0,0,0,0
1052.10,0.0,0.0,12243,0.0,1,-13.7,0,0,18368.0,38.1590600,-122.4533400,6552.3,21497.0,0,0,0
1052.20,0.0,0.0,12243,0.0,1,-13.7,0,0,18368.0,38.1590600,-122.4533400,6552.3,21497.0,0,0,0
1052.30,0.0,0.0,12243,0.0,1,-13.7,0,0,18368.1,38.1590610,-122.4533400,6552.3,21497.0,0,0,0
1052.40,0.0,0.0,12243,0.0,1,-13.7,0,0,18368.2,38.1590610,-122.4533410,6552.3,21497.0,0,0,0
1052.50,0.0,0.0,12243,0.0,1,-13.7,0,0,18368.2,38.1590610,-122.4533410,6552.3,21497.0,0,0,0
1052.60,0.0,0.0,12243,0.0,1,-13.7,0,0,18368.2,38.1590610,-122.4533410,6552.3,21497.0,0,0,0
1052.70,0.0,0.0,12243,0.0,1,-13.7,0,0,18368.2,38.1590610,-122.4533410,6552.3,21497.0,0,0,0
1052.80,0.0,0.0,12243,0.0,1,-13.7,0,0,18368.2,38.1590610,-122.4533410,6552.4,21497.4,0,0,0
1052.90,0.0,0.0,12243,0.0,1,-13.7,0,0,18368.2,38.1590610,-122.4533410,6552.4,21497.4,0,0,0
1053.00,0.0,0.0,12243,0.0,1,-13.7,0,0,18368.3,38.1590620,-122.4533410,6552.4,21497.4,0,0,0
1053.10,0.0,0.0,12243,0.0,1,-13.7,0,0,18368.3,38.1590620,-122.4533410,6552.4,21497.4,0,0,0
1053.20,0.0,0.0,12243,0.0,1,-13.7,0,0,18368.3,38.1590620,-122.4533410,6552.4,21497.4,0,0,0
1053.30,0.0,0.0,12243,0.0,1,-13.7,0,0,18368.3,38.1590620,-122.4533410,6552.4,21497.4,0,0,0
1053.40,0.0,0.0,12243,0.0,1,-13.7,0,0,18368.3,38.1590620,-122.4533410,6552.4,21497.4,0,0,0
1053.50,0.0,0.0,12243,0.0,1,-13.7,0,0,18368.3,38.1590620,-122.4533410,6552.4,21497.4,0,0,0
1053.60,0.0,0.0,12243,0.0,1,-13.7,0,0,18368.3,38.1590620,-122.4533410,6552.4,21497.4,0,0,0
1053.70,0.0,0.0,12243,0.0,1,-13.7,0,0,18368.3,38.1590620,-122.4533410,6552.4,21497.4,0,0,0
1053.80,0.0,0.0,12243,0.0,1,-13.7,0,0,18368.3,38.1590620,-122.4533410,6552.6,21498.0,0,0,0
1053.90,0.0,0.0,12243,0.0,1,-13.7,0,0,18368.3,38.1590620,-122.4533410,6552.6,21498.0,0,0,0
1054.00,0.0,0.0,12243,0.0,1,-13.7,0,0,18368.3,38.1590620,-122.4533410,6552.6,21498.0,0,0,0
1054.10,0.0,0.0,12243,0.0,1,-13.7,0,0,18368.4,38.1590620,-122.4533400,6552.6,21498.0,0,0,0
1054.20,0.0,0.0,12243,0.0,1,-13.7,0,0,18368.4,38.1590620,-122.4533400,6552.6,21498.0,0,0,0
1054.30,0.0,0.0,12243,0.0,1,-13.7,0,0,18368.4,38.1590620,-122.4533400,6552.6,21498.0,0,0,0
1054.40,0.0,0.0,12243,0.0,1,-13.7,0,0,18368.4,38.1590620,-122.4533400,6552.6,21498.0,0,0,0
1054.50,0.0,0.0,12243,0.0,1,-13.7,0,0,18368.4,38.1590620,-122.4533400,6552.6,21498.0,0,0,0
1054.60,0.0,0.0,12243,0.0,1,-13.7,0,0,18368.4,38.1590620,-122.4533400,6552.6,21498.0,0,0,0
1054.70,0.0,0.0,12243,0.0,1,-13.7,0,0,18368.5,38.1590630,-122.4533400,6552.6,21498.0,0,0,0
1054.80,0.0,0.0,12243,0.0,1,-13.7,0,0,18368.5,38.1590630,-122.4533400,6552.7,21498.4,0,0,0
1054.90,0.0,0.0,12243,0.0,1,-13.7,0,0,18368.5,38.1590630,-122.4533400,6552.7,21498.4,0,0,0
1055.00,0.0,0.0,12243,0.0,1,-13.7,0,0,18368.5,38.1590630,-122.4533400,6552.7,21498.4,0,0,0
1055.10,0.0,0.0,12243,0.0,1,-13.7,0,0,18368.5,38.1590630,-122.4533400,6552.7,21498.4,0,0,0
1055.20,0.0,0.0,12243,0.0,1,-13.7,0,0,18368.5,38.1590630,-122.4533400,6552.7,21498.4,0,0,0
1055.30,0.0,0.0,12243,0.0,1,-13.7,0,0,18368.5,38.1590630,-122.4533400,6552.7,21498.4,0,0,0
1055.40,0.0,0.0,12243,0.0,1,-13.7,0,0,18368.6,38.1590630,-122.4533390,6552.7,21498.4,0,0,0
1055.50,0.0,0.0,12243,0.0,1,-13.7,0,0,18368.6,38.1590630,-122.4533390,6552.7,21498.4,0,0,0
1055.60,0.0,0.0,12243,0.0,1,-13.7,0,0,18368.6,38.1590630,-122.4533390,6552.7,21498.4,0,0,0
1055.70,0.0,0.0,12243,0.0,1,-13.7,0,0,18368.6,38.1590630,-122.4533390,6552.7,21498.4,0,0,0
1055.80,0.0,0.0,12243,0.0,1,-13.7,0,0,18368.6,38.1590630,-122.4533390,6552.8,21498.7,0,0,0
1055.90,0.0,0.0,12243,0.0,1,-13.7,0,0,18368.6,38.1590630,-122.4533390,6552.8,21498.7,0,0,0
1056.00,0.0,0.0,12243,0.0,1,-13.7,0,0,18368.6,38.1590630,-122.4533390,6552.8,21498.7,0,0,0
1056.10,0.0,0.0,12243,0.0,1,-13.7,0,0,18368.6,38.1590630,-122.4533390,6552.8,21498.7,0,0,0
1056.20,0.0,0.0,12243,0.0,1,-13.7,0,0,18368.6,38.1590630,-122.4533390,6552.8,21498.7,0,0,0
1056.30,0.0,0.0,12243,0.0,1,-13.7,0,0,18368.6,38.1590630,-122.4533390,6552.8,21498.7,0,0,0
1056.40,0.0,0.0,12243,0.0,1,-13.7,0,0,18368.7,38.1590630,-122.4533380,6552.8,21498.7,0,0,0
1056.50,0.0,0.0,12243,0.0,1,-13.7,0,0,18368.7,38.1590630,-122.4533380,6552.8,21498.7,0,0,0
1056.60,0.0,0.0,12243,0.0,1,-13.7,0,0,18368.7,38.1590630,-122.4533380,6552.8,21498.7,0,0,0
1056.70,0.0,0.0,12243,0.0,1,-13.7,0,0,18368.7,38.1590630,-122.4533380,6552.8,21498.7,0,0,0
1056.80,0.0,0.0,12243,0.0,1,-13.7,0,0,18368.7,38.1590630,-122.4533380,6552.8,21498.7,0,0,0
1056.90,0.0,0.0,12243,0.0,1,-13.7,0,0,18368.7,38.1590630,-122.4533380,6552.8,21498.7,0,0,0
1057.00,0.0,0.0,12243,0.0,1,-13.7,0,0,18368.7,38.1590630,-122.4533380,6552.8,21498.7,0,0,0
1057.10,0.0,0.0,12243,0.0,1,-13.7,0,0,18368.7,38.1590630,-122.4533380,6552.8,21498.7,0,0,0
1057.20,0.0,0.0,12243,0.0,1,-13.7,0,0,18368.7,38.1590630,-122.4533380,6552.8,21498.7,0,0,0
1057.30,0.0,0.0,12243,0.0,1,-13.7,0,0,18368.7,38.1590630,-122.4533380,6552.8,21498.7,0,0,0
1057.40,0.0,0.0,12243,0.0,1,-13.7,0,0,18368.7,38.1590630,-122.4533380,6552.8,21498.7,0,0,0
1057.50,0.0,0.0,12243,0.0,1,-13.7,0,0,18368.7,38.1590630,-122.4533380,6552.8,21498.7,0,0,0
1057.60,0.0,0.0,12243,0.0,1,-13.7,0,0,18368.7,38.1590630,-122.4533380,6552.8,21498.7,0,0,0
1057.70,0.0,0.0,12243,0.0,1,-13.7,0,0,18368.7,38.1590630,-122.4533380,6552.8,21498.7,0,0,0
1057.80,0.0,0.0,12243,0.0,1,-13.7,0,0,18368.7,38.1590630,-122.4533380,6552.8,21498.7,0,0,0
1057.90,0.0,0.0,12243,0.0,1,-13.7,0,0,18368.7,38.1590630,-122.4533380,6552.8,21498.7,0,0,0
1058.00,0.0,0.0,12243,0.0,1,-13.7,0,0,18368.7,38.1590630,-122.4533380,6552.8,21498.7,0,0,0
1058.10,0.0,0.0,12243,0.0,1,-13.7,0,0,18368.7,38.1590630,-122.4533380,6552.8,21498.7,0,0,0
1058.20,0.0,0.0,12243,0.0,1,-13.7,0,0,18368.7,38.1590630,-122.4533380,6552.8,21498.7,0,0,0
1058.30,0.0,0.0,12243,0.0,1,-13.7,0,0,18368.8,38.1590620,-122.4533380,6552.8,21498.7,0,0,0
1058.40,0.0,0.0,12243,0.0,1,-13.7,0,0,18368.9,38.1590620,-122.4533370,6552.8,21498.7,0,0,0
1058.50,0.0,0.0,12243,0.0,1,-13.7,0,0,18369.0,38.1590620,-122.4533380,6552.8,21498.7,0,0,0
1058.60,0.0,0.0,12243,0.0,1,-13.7,0,0,18369.1,38.1590630,-122.4533380,6552.8,21498.7,0,0,0
1058.70,0.0,0.0,12243,0.0,1,-13.7,0,0,18369.2,38.1590620,-122.4533370,6552.8,21498.7,0,0,0
1058.80,0.0,0.0,12243,0.0,1,-13.7,0,0,18369.2,38.1590620,-122.4533370,6553.0,21499.3,0,0,0
1058.90,0.0,0.0,12243,0.0,1,-13.7,0,0,18369.2,38.1590620,-122.4533370,6553.0,21499.3,0,0,0
1059.00,0.0,0.0,12243,0.0,1,-13.7,0,0,18369.2,38.1590620,-122.4533370,6553.0,21499.3,0,0,0
1059.10,0.0,0.0,12243,0.0,1,-13.7,0,0,18369.2,38.1590620,-122.4533370,6553.0,21499.3,0,0,0
1059.20,0.0,0.0,12243,0.0,1,-13.7,0,0,18369.2,38.1590620,-122.4533370,6553.0,21499.3,0,0,0
1059.30,0.0,0.0,12243,0.0,1,-13.7,0,0,18369.2,38.1590620,-122.4533370,6553.0,21499.3,0,0,0
1059.40,0.0,0.0,12243,0.0,1,-13.7,0,0,18369.2,38.1590620,-122.4533370,6553.0,21499.3,0,0,0
1059.50,0.0,0.0,12243,0.0,1,-13.7,0,0,18369.3,38.1590620,-122.4533380,6553.0,21499.3,0,0,0
1059.60,0.0,0.0,12243,0.0,1,-13.7,0,0,18369.4,38.1590630,-122.4533380,6553.0,21499.3,0,0,0
1059.70,0.0,0.0,12243,0.0,1,-13.7,0,0,18369.4,38.1590630,-122.4533380,6553.0,21499.3,0,0,0
1059.80,0.0,0.0,12243,0.0,1,-13.7,0,0,18369.4,38.1590630,-122.4533380,6553.0,21499.3,0,0,0
1059.90,0.0,0.0,12243,0.0,1,-13.7,0,0,18369.4,38.1590630,-122.4533380,6553.0,21499.3,0,0,0
1060.00,0.0,0.0,12243,0.0,1,-13.7,0,0,18369.4,38.1590630,-122.4533380,6553.0,21499.3,0,0,0
1060.10,0.0,0.0,12243,0.0,1,-13.7,0,0,18369.4,38.1590630,-122.4533380,6553.0,21499.3,0,0,0
1060.20,0.0,0.0,12243,0.0,1,-13.7,0,0,18369.4,38.1590630,-122.4533380,6553.0,21499.3,0,0,0
1060.30,0.0,0.0,12243,0.0,1,-13.7,0,0,18369.4,38.1590630,-122.4533380,6553.0,21499.3,0,0,0
1060.40,0.0,0.0,12243,0.0,1,-13.7,0,0,18369.5,38.1590640,-122.4533380,6553.0,21499.3,0,0,0
1060.50,0.0,0.0,12243,0.0,1,-13.7,0,0,18369.5,38.1590640,-122.4533380,6553.0,21499.3,0,0,0
1060.60,0.0,0.0,12243,0.0,1,-13.7,0,0,18369.5,38.1590640,-122.4533380,6553.0,21499.3,0,0,0
1060.70,0.0,0.0,12243,0.0,1,-13.7,0,0,18369.5,38.1590640,-122.4533380,6553.0,21499.3,0,0,0
1060.80,0.0,0.0,12243,0.0,1,-13.7,0,0,18369.5,38.1590640,-122.4533380,6553.2,21500.0,0,0,0
1060.90,0.0,0.0,12243,0.0,1,-13.7,0,0,18369.5,38.1590640,-122.4533380,6553.2,21500.0,0,0,0
1061.00,0.0,0.0,12243,0.0,1,-13.7,0,0,18369.5,38.1590640,-122.4533380,6553.2,21500.0,0,0,0
1061.10,0.0,0.0,12243,0.0,1,-13.7,0,0,18369.5,38.1590640,-122.4533380,6553.2,21500.0,0,0,0
1061.20,0.0,0.0,12243,0.0,1,-13.7,0,0,18369.5,38.1590640,-122.4533380,6553.2,21500.0,0,0,0
1061.30,0.0,0.0,12243,0.0,1,-13.7,0,0,18369.5,38.1590640,-122.4533380,6553.2,21500.0,0,0,0
1061.40,0.0,0.0,12243,0.0,1,-13.7,0,0,18369.5,38.1590640,-122.4533380,6553.2,21500.0,0,0,0
1061.50,0.0,0.0,12243,0.0,1,-13.7,0,0,18369.5,38.1590640,-122.4533380,6553.2,21500.0,0,0,0
1061.60,0.0,0.0,12243,0.0,1,-13.7,0,0,18369.5,38.1590640,-122.4533380,6553.2,21500.0,0,0,0
1061.70,0.0,0.0,12243,0.0,1,-13.7,0,0,18369.5,38.1590640,-122.4533380,6553.2,21500.0,0,0,0
1061.80,0.0,0.0,12243,0.0,1,-13.7,0,0,18369.5,38.1590640,-122.4533380,6553.2,21500.0,0,0,0
1061.90,0.0,0.0,12243,0.0,1,-13.7,0,0,18369.5,38.1590640,-122.4533380,6553.2,21500.0,0,0,0
1062.00,0.0,0.0,12243,0.0,1,-13.7,0,0,18369.6,38.1590630,-122.4533380,6553.2,21500.0,0,0,0
1062.10,0.0,0.0,12243,0.0,1,-13.7,0,0,18369.6,38.1590630,-122.4533380,6553.2,21500.0,0,0,0
1062.20,0.0,0.0,12243,0.0,1,-13.7,0,0,18369.8,38.1590640,-122.4533380,6553.2,21500.0,0,0,0
1062.30,0.0,0.0,12243,0.0,1,-13.7,0,0,18369.8,38.1590640,-122.4533380,6553.2,21500.0,0,0,0
1062.40,0.0,0.0,12243,0.0,1,-13.7,0,0,18369.8,38.1590640,-122.4533380,6553.2,21500.0,0,0,0
1062.50,0.0,0.0,12243,0.0,1,-13.7,0,0,18369.8,38.1590640,-122.4533380,6553.2,21500.0,0,0,0
1062.60,0.0,0.0,12243,0.0,1,-13.7,0,0,18369.8,38.1590640,-122.4533380,6553.2,21500.0,0,0,0
1062.70,0.0,0.0,12243,0.0,1,-13.7,0,0,18369.8,38.1590640,-122.4533380,6553.2,21500.0,0,0,0
1062.80,0.0,0.0,12243,0.0,1,-13.7,0,0,18369.8,38.1590640,-122.4533380,6553.5,21501.0,0,0,0
1062.90,0.0,0.0,12243,0.0,1,-13.7,0,0,18369.8,38.1590640,-122.4533380,6553.5,21501.0,0,0,0
1063.00,0.0,0.0,12243,0.0,1,-13.7,0,0,18369.8,38.1590640,-122.4533380,6553.5,21501.0,0,0,0
1063.10,0.0,0.0,12243,0.0,1,-13.7,0,0,18369.8,38.1590640,-122.4533380,6553.5,21501.0,0,0,0
1063.20,0.0,0.0,12243,0.0,1,-13.7,0,0,18369.8,38.1590640,-122.4533380,6553.5,21501.0,0,0,0
1063.30,0.0,0.0,12243,0.0,1,-13.7,0,0,18369.8,38.1590640,-122.4533380,6553.5,21501.0,0,0,0
1063.40,0.0,0.0,12243,0.0,1,-13.7,0,0,18369.8,38.1590640,-122.4533370,6553.5,21501.0,0,0,0
1063.50,0.0,0.0,12243,0.0,1,-13.7,0,0,18369.8,38.1590640,-122.4533370,6553.5,21501.0,0,0,0
1063.60,0.0,0.0,12243,0.0,1,-13.7,0,0,18369.8,38.1590640,-122.4533370,6553.5,21501.0,0,0,0
1063.70,0.0,0.0,12243,0.0,1,-13.7,0,0,18369.9,38.1590630,-122.4533370,6553.5,21501.0,0,0,0
1063.80,0.0,0.0,12243,0.0,1,-13.7,0,0,18369.9,38.1590630,-122.4533370,6553.4,21500.7,0,0,0
1063.90,0.0,0.0,12243,0.0,1,-13.7,0,0,18369.9,38.1590630,-122.4533370,6553.4,21500.7,0,0,0
1064.00,0.0,0.0,12243,0.0,1,-13.7,0,0,18369.9,38.1590630,-122.4533370,6553.4,21500.7,0,0,0
1064.10,0.0,0.0,12243,0.0,1,-13.7,0,0,18369.9,38.1590630,-122.4533370,6553.4,21500.7,0,0,0
1064.20,0.0,0.0,12243,0.0,1,-13.7,0,0,18369.9,38.1590630,-122.4533370,6553.4,21500.7,0,0,0
1064.30,0.0,0.0,12243,0.0,1,-13.7,0,0,18369.9,38.1590630,-122.4533370,6553.4,21500.7,0,0,0
1064.40,0.0,0.0,12243,0.0,1,-13.7,0,0,18370.1,38.1590640,-122.4533370,6553.4,21500.7,0,0,0
1064.50,0.0,0.0,12243,0.0,1,-13.7,0,0,18370.2,38.1590630,-122.4533370,6553.4,21500.7,0,0,0
1064.60,0.0,0.0,12243,0.0,1,-13.7,0,0,18370.3,38.1590640,-122.4533370,6553.4,21500.7,0,0,0
1064.70,0.0,0.0,12243,0.0,1,-13.7,0,0,18370.4,38.1590630,-122.4533370,6553.4,21500.7,0,0,0
1064.80,0.0,0.0,12243,0.0,1,-13.7,0,0,18370.5,38.1590640,-122.4533370,6553.5,21501.0,0,0,0
1064.90,0.0,0.0,12243,0.0,1,-13.7,0,0,18370.5,38.1590640,-122.4533370,6553.5,21501.0,0,0,0
1065.00,0.0,0.0,12243,0.0,1,-13.7,0,0,18370.5,38.1590640,-122.4533370,6553.5,21501.0,0,0,0
1065.10,0.0,0.0,12243,0.0,1,-13.7,0,0,18370.5,38.1590640,-122.4533370,6553.5,21501.0,0,0,0
1065.20,0.0,0.0,12243,0.0,1,-13.7,0,0,18370.5,38.1590640,-122.4533370,6553.5,21501.0,0,0,0
1065.30,0.0,0.0,12243,0.0,1,-13.7,0,0,18370.5,38.1590640,-122.4533370,6553.5,21501.0,0,0,0
1065.40,0.0,0.0,12243,0.0,1,-13.7,0,0,18370.5,38.1590640,-122.4533370,6553.5,21501.0,0,0,0
1065.50,0.0,0.0,12243,0.0,1,-13.7,0,0,18370.5,38.1590640,-122.4533370,6553.5,21501.0,0,0,0
1065.60,0.0,0.0,12243,0.0,1,-13.7,0,0,18370.5,38.1590640,-122.4533370,6553.5,21501.0,0,0,0
1065.70,0.0,0.0,12243,0.0,1,-13.7,0,0,18370.5,38.1590640,-122.4533370,6553.5,21501.0,0,0,0
1065.80,0.0,0.0,12243,0.0,1,-13.7,0,0,18370.6,38.1590640,-122.4533360,6553.5,21501.0,0,0,0
1065.90,0.0,0.0,12243,0.0,1,-13.7,0,0,18370.6,38.1590640,-122.4533360,6553.5,21501.0,0,0,0
1066.00,0.0,0.0,12243,0.0,1,-13.7,0,0,18370.6,38.1590640,-122.4533360,6553.5,21501.0,0,0,0
1066.10,0.0,0.0,12243,0.0,1,-13.7,0,0,18370.6,38.1590640,-122.4533360,6553.5,21501.0,0,0,0
1066.20,0.0,0.0,12243,0.0,1,-13.7,0,0,18370.6,38.1590640,-122.4533360,6553.5,21501.0,0,0,0
1066.30,0.0,0.0,12243,0.0,1,-13.7,0,0,18370.7,38.1590650,-122.4533360,6553.5,21501.0,0,0,0
1066.40,0.0,0.0,12243,0.0,1,-13.7,0,0,18370.7,38.1590650,-122.4533360,6553.5,21501.0,0,0,0
1066.50,0.0,0.0,12243,0.0,1,-13.7,0,0,18370.7,38.1590650,-122.4533360,6553.5,21501.0,0,0,0
1066.60,0.0,0.0,12243,0.0,1,-13.7,0,0,18370.7,38.1590650,-122.4533360,6553.5,21501.0,0,0,0
1066.70,0.0,0.0,12243,0.0,1,-13.7,0,0,18370.7,38.1590650,-122.4533360,6553.5,21501.0,0,0,0
1066.80,0.0,0.0,12243,0.0,1,-13.7,0,0,18370.7,38.1590650,-122.4533360,6553.5,21501.0,0,0,0
1066.90,0.0,0.0,12243,0.0,1,-13.7,0,0,18370.7,38.1590650,-122.4533360,6553.5,21501.0,0,0,0
1067.00,0.0,0.0,12243,0.0,1,-13.7,0,0,18370.8,38.1590650,-122.4533370,6553.5,21501.0,0,0,0
1067.10,0.0,0.0,12243,0.0,1,-13.7,0,0,18370.9,38.1590650,-122.4533360,6553.5,21501.0,0,0,0
1067.20,0.0,0.0,12243,0.0,1,-13.7,0,0,18371.0,38.1590650,-122.4533370,6553.5,21501.0,0,0,0
1067.30,0.0,0.0,12243,0.0,1,-13.7,0,0,18371.0,38.1590650,-122.4533370,6553.5,21501.0,0,0,0
1067.40,0.0,0.0,12243,0.0,1,-13.7,0,0,18371.0,38.1590650,-122.4533370,6553.5,21501.0,0,0,0
1067.50,0.0,0.0,12243,0.0,1,-13.7,0,0,18371.1,38.1590660,-122.4533370,6553.5,21501.0,0,0,0
1067.60,0.0,0.0,12243,0.0,1,-13.7,0,0,18371.2,38.1590650,-122.4533360,6553.5,21501.0,0,0,0
1067.70,0.0,0.0,12243,0.0,1,-13.7,0,0,18371.2,38.1590650,-122.4533360,6553.5,21501.0,0,0,0
1067.80,0.0,0.0,12243,0.0,1,-13.7,0,0,18371.2,38.1590650,-122.4533360,6553.4,21500.7,0,0,0
1067.90,0.0,0.0,12243,0.0,1,-13.7,0,0,18371.2,38.1590650,-122.4533360,6553.4,21500.7,0,0,0
1068.00,0.0,0.0,12243,0.0,1,-13.7,0,0,18371.3,38.1590660,-122.4533360,6553.4,21500.7,0,0,0
1068.10,0.0,0.0,12243,0.0,1,-13.7,0,0,18371.3,38.1590660,-122.4533360,6553.4,21500.7,0,0,0
1068.20,0.0,0.0,12243,0.0,1,-13.7,0,0,18371.3,38.1590660,-122.4533360,6553.4,21500.7,0,0,0
1068.30,0.0,0.0,12243,0.0,1,-13.7,0,0,18371.3,38.1590660,-122.4533360,6553.4,21500.7,0,0,0
1068.40,0.0,0.0,12243,0.0,1,-13.7,0,0,18371.3,38.1590660,-122.4533360,6553.4,21500.7,0,0,0
1068.50,0.0,0.0,12243,0.0,1,-13.7,0,0,18371.3,38.1590660,-122.4533360,6553.4,21500.7,0,0,0
1068.60,0.0,0.0,12243,0.0,1,-13.7,0,0,18371.3,38.1590660,-122.4533360,6553.4,21500.7,0,0,0
1068.70,0.0,0.0,12243,0.0,1,-13.7,0,0,18371.3,38.1590660,-122.4533360,6553.4,21500.7,0,0,0
1068.80,0.0,0.0,12243,0.0,1,-13.7,0,0,18371.3,38.1590660,-122.4533360,6553.3,21500.3,0,0,0
1068.90,0.0,0.0,12243,0.0,1,-13.7,0,0,18371.4,38.1590660,-122.4533370,6553.3,21500.3,0,0,0
1069.00,0.0,0.0,12243,0.0,1,-13.7,0,0,18371.4,38.1590660,-122.4533370,6553.3,21500.3,0,0,0
1069.10,0.0,0.0,12243,0.0,1,-13.7,0,0,18371.4,38.1590660,-122.4533370,6553.3,21500.3,0,0,0
1069.20,0.0,0.0,12243,0.0,1,-13.7,0,0,18371.4,38.1590660,-122.4533370,6553.3,21500.3,0,0,0
1069.30,0.0,0.0,12243,0.0,1,-13.7,0,0,18371.5,38.1590670,-122.4533370,6553.3,21500.3,0,0,0
1069.40,0.0,0.0,12243,0.0,1,-13.7,0,0,18371.5,38.1590670,-122.4533370,6553.3,21500.3,0,0,0
1069.50,0.0,0.0,12243,0.0,1,-13.7,0,0,18371.5,38.1590670,-122.4533370,6553.3,21500.3,0,0,0
1069.60,0.0,0.0,12243,0.0,1,-13.7,0,0,18371.5,38.1590670,-122.4533370,6553.3,21500.3,0,0,0
1069.70,0.0,0.0,12243,0.0,1,-13.7,0,0,18371.5,38.1590670,-122.4533370,6553.3,21500.3,0,0,0
1069.80,0.0,0.0,12243,0.0,1,-13.7,0,0,18371.5,38.1590670,-122.4533370,6553.3,21500.3,0,0,0
1069.90,0.0,0.0,12243,0.0,1,-13.7,0,0,18371.5,38.1590670,-122.4533370,6553.3,21500.3,0,0,0
1070.00,0.0,0.0,12243,0.0,1,-13.7,0,0,18371.5,38.1590670,-122.4533370,6553.3,21500.3,0,0,0
1070.10,0.0,0.0,12243,0.0,1,-13.7,0,0,18371.5,38.1590670,-122.4533370,6553.3,21500.3,0,0,0
1070.20,0.0,0.0,12243,0.0,1,-13.7,0,0,18371.5,38.1590670,-122.4533370,6553.3,21500.3,0,0,0
1070.30,0.0,0.0,12243,0.0,1,-13.7,0,0,18371.5,38.1590670,-122.4533370,6553.3,21500.3,0,0,0
1070.40,0.0,0.0,12243,0.0,1,-13.7,0,0,18371.5,38.1590670,-122.4533370,6553.3,21500.3,0,0,0
1070.50,0.0,0.0,12243,0.0,1,-13.7,0,0,18371.5,38.1590670,-122.4533370,6553.3,21500.3,0,0,0
1070.60,0.0,0.0,12243,0.0,1,-13.7,0,0,18371.5,38.1590670,-122.4533370,6553.3,21500.3,0,0,0
1070.70,0.0,0.0,12243,0.0,1,-13.7,0,0,18371.5,38.1590670,-122.4533370,6553.3,21500.3,0,0,0
1070.80,0.0,0.0,12243,0.0,1,-13.7,0,0,18371.6,38.1590680,-122.4533370,6553.2,21500.0,0,0,0
1070.90,0.0,0.0,12243,0.0,1,-13.7,0,0,18371.6,38.1590680,-122.4533370,6553.2,21500.0,0,0,0
1071.00,0.0,0.0,12243,0.0,1,-13.7,0,0,18371.6,38.1590680,-122.4533370,6553.2,21500.0,0,0,0
1071.10,0.0,0.0,12243,0.0,1,-13.7,0,0,18371.6,38.1590680,-122.4533370,6553.2,21500.0,0,0,0
1071.20,0.0,0.0,12243,0.0,1,-13.7,0,0,18371.6,38.1590680,-122.4533370,6553.2,21500.0,0,0,0
1071.30,0.0,0.0,12243,0.0,1,-13.7,0,0,18371.6,38.1590680,-122.4533370,6553.2,21500.0,0,0,0
1071.40,0.0,0.0,12243,0.0,1,-13.7,0,0,18371.8,38.1590690,-122.4533370,6553.2,21500.0,0,0,0
1071.50,0.0,0.0,12243,0.0,1,-13.7,0,0,18371.8,38.1590690,-122.4533370,6553.2,21500.0,0,0,0
1071.60,0.0,0.0,12243,0.0,1,-13.7,0,0,18371.8,38.1590690,-122.4533370,6553.2,21500.0,0,0,0
1071.70,0.0,0.0,12243,0.0,1,-13.7,0,0,18371.8,38.1590690,-122.4533370,6553.2,21500.0,0,0,0
1071.80,0.0,0.0,12243,0.0,1,-13.7,0,0,18371.8,38.1590690,-122.4533370,6553.2,21500.0,0,0,0
1071.90,0.0,0.0,12243,0.0,1,-13.7,0,0,18371.8,38.1590690,-122.4533360,6553.2,21500.0,0,0,0
1072.00,0.0,0.0,12243,0.0,1,-13.7,0,0,18371.8,38.1590690,-122.4533360,6553.2,21500.0,0,0,0
1072.10,0.0,0.0,12243,0.0,1,-13.7,0,0,18371.8,38.1590690,-122.4533360,6553.2,21500.0,0,0,0
1072.20,0.0,0.0,12243,0.0,1,-13.7,0,0,18372.0,38.1590700,-122.4533360,6553.2,21500.0,0,0,0
1072.30,0.0,0.0,12243,0.0,1,-13.7,0,0,18372.0,38.1590700,-122.4533360,6553.2,21500.0,0,0,0
1072.40,0.0,0.0,12243,0.0,1,-13.7,0,0,18372.0,38.1590700,-122.4533360,6553.2,21500.0,0,0,0
1072.50,0.0,0.0,12243,0.0,1,-13.7,0,0,18372.0,38.1590700,-122.4533360,6553.2,21500.0,0,0,0
1072.60,0.0,0.0,12243,0.0,1,-13.7,0,0,18372.0,38.1590700,-122.4533360,6553.2,21500.0,0,0,0
1072.70,0.0,0.0,12243,0.0,1,-13.7,0,0,18372.0,38.1590700,-122.4533360,6553.2,21500.0,0,0,0
1072.80,0.0,0.0,12243,0.0,1,-13.7,0,0,18372.0,38.1590700,-122.4533360,6553.2,21500.0,0,0,0
1072.90,0.0,0.0,12243,0.0,1,-13.7,0,0,18372.0,38.1590700,-122.4533360,6553.2,21500.0,0,0,0
1073.00,0.0,0.0,12243,0.0,1,-13.7,0,0,18372.1,38.1590710,-122.4533360,6553.2,21500.0,0,0,0
1073.10,0.0,0.0,12243,0.0,1,-13.7,0,0,18372.1,38.1590710,-122.4533360,6553.2,21500.0,0,0,0
1073.20,0.0,0.0,12243,0.0,1,-13.7,0,0,18372.1,38.1590710,-122.4533360,6553.2,21500.0,0,0,0
1073.30,0.0,0.0,12243,0.0,1,-13.7,0,0,18372.1,38.1590710,-122.4533360,6553.2,21500.0,0,0,0
1073.40,0.0,0.0,12243,0.0,1,-13.7,0,0,18372.1,38.1590710,-122.4533350,6553.2,21500.0,0,0,0
1073.50,0.0,0.0,12243,0.0,1,-13.7,0,0,18372.2,38.1590710,-122.4533360,6553.2,21500.0,0,0,0
1073.60,0.0,0.0,12243,0.0,1,-13.7,0,0,18372.3,38.1590710,-122.4533350,6553.2,21500.0,0,0,0
1073.70,0.0,0.0,12243,0.0,1,-13.7,0,0,18372.3,38.1590710,-122.4533350,6553.2,21500.0,0,0,0
1073.80,0.0,0.0,12243,0.0,1,-13.7,0,0,18372.3,38.1590710,-122.4533350,6553.2,21500.0,0,0,0
1073.90,0.0,0.0,12243,0.0,1,-13.7,0,0,18372.3,38.1590710,-122.4533350,6553.2,21500.0,0,0,0
1074.00,0.0,0.0,12243,0.0,1,-13.7,0,0,18372.5,38.1590720,-122.4533360,6553.2,21500.0,0,0,0
1074.10,0.0,0.0,12243,0.0,1,-13.7,0,0,18372.6,38.1590720,-122.4533350,6553.2,21500.0,0,0,0
1074.20,0.0,0.0,12243,0.0,1,-13.7,0,0,18372.6,38.1590720,-122.4533350,6553.2,21500.0,0,0,0
1074.30,0.0,0.0,12243,0.0,1,-13.7,0,0,18372.6,38.1590720,-122.4533350,6553.2,21500.0,0,0,0
1074.40,0.0,0.0,12243,0.0,1,-13.7,0,0,18372.6,38.1590720,-122.4533350,6553.2,21500.0,0,0,0
1074.50,0.0,0.0,12243,0.0,1,-13.7,0,0,18372.6,38.1590720,-122.4533350,6553.2,21500.0,0,0,0
1074.60,0.0,0.0,12243,0.0,1,-13.7,0,0,18372.6,38.1590720,-122.4533350,6553.2,21500.0,0,0,0
1074.70,0.0,0.0,12243,0.0,1,-13.7,0,0,18372.6,38.1590720,-122.4533350,6553.2,21500.0,0,0,0
1074.80,0.0,0.0,12243,0.0,1,-13.7,0,0,18372.6,38.1590720,-122.4533350,6553.2,21500.0,0,0,0
1074.90,0.0,0.0,12243,0.0,1,-13.7,0,0,18372.6,38.1590720,-122.4533350,6553.2,21500.0,0,0,0
1075.00,0.0,0.0,12243,0.0,1,-13.7,0,0,18372.6,38.1590720,-122.4533350,6553.2,21500.0,0,0,0
1075.10,0.0,0.0,12243,0.0,1,-13.7,0,0,18372.6,38.1590720,-122.4533350,6553.2,21500.0,0,0,0
1075.20,0.0,0.0,12243,0.0,1,-13.7,0,0,18372.7,38.1590730,-122.4533350,6553.2,21500.0,0,0,0
1075.30,0.0,0.0,12243,0.0,1,-13.7,0,0,18372.7,38.1590730,-122.4533350,6553.2,21500.0,0,0,0
1075.40,0.0,0.0,12243,0.0,1,-13.7,0,0,18372.7,38.1590730,-122.4533350,6553.2,21500.0,0,0,0
1075.50,0.0,0.0,12243,0.0,1,-13.7,0,0,18372.7,38.1590730,-122.4533350,6553.2,21500.0,0,0,0
1075.60,0.0,0.0,12243,0.0,1,-13.7,0,0,18372.7,38.1590730,-122.4533350,6553.2,21500.0,0,0,0
1075.70,0.0,0.0,12243,0.0,1,-13.7,0,0,18372.7,38.1590730,-122.4533350,6553.2,21500.0,0,0,0
1075.80,0.0,0.0,12243,0.0,1,-13.7,0,0,18372.7,38.1590730,-122.4533350,6553.2,21500.0,0,0,0
1075.90,0.0,0.0,12243,0.0,1,-13.7,0,0,18372.7,38.1590730,-122.4533350,6553.2,21500.0,0,0,0
1076.00,0.0,0.0,12243,0.0,1,-13.7,0,0,18372.7,38.1590730,-122.4533350,6553.2,21500.0,0,0,0
1076.10,0.0,0.0,12243,0.0,1,-13.7,0,0,18372.7,38.1590730,-122.4533350,6553.2,21500.0,0,0,0
1076.20,0.0,0.0,12243,0.0,1,-13.7,0,0,18372.7,38.1590730,-122.4533350,6553.2,21500.0,0,0,0
1076.30,0.0,0.0,12243,0.0,1,-13.7,0,0,18372.8,38.1590740,-122.4533350,6553.2,21500.0,0,0,0
1076.40,0.0,0.0,12243,0.0,1,-13.7,0,0,18372.8,38.1590740,-122.4533350,6553.2,21500.0,0,0,0
1076.50,0.0,0.0,12243,0.0,1,-13.7,0,0,18372.8,38.1590740,-122.4533350,6553.2,21500.0,0,0,0
1076.60,0.0,0.0,12243,0.0,1,-13.7,0,0,18372.8,38.1590740,-122.4533350,6553.2,21500.0,0,0,0
1076.70,0.0,0.0,12243,0.0,1,-13.7,0,0,18372.8,38.1590740,-122.4533350,6553.2,21500.0,0,0,0
1076.80,0.0,0.0,12243,0.0,1,-13.7,0,0,18372.8,38.1590740,-122.4533350,6553.2,21500.0,0,0,0
1076.90,0.0,0.0,12243,0.0,1,-13.7,0,0,18372.8,38.1590740,-122.4533350,6553.2,21500.0,0,0,0
1077.00,0.0,0.0,12243,0.0,1,-13.7,0,0,18372.8,38.1590740,-122.4533350,6553.2,21500.0,0,0,0
1077.10,0.0,0.0,12243,0.0,1,-13.7,0,0,18372.8,38.1590740,-122.4533350,6553.2,21500.0,0,0,0
1077.20,0.0,0.0,12243,0.0,1,-13.7,0,0,18372.8,38.1590740,-122.4533350,6553.2,21500.0,0,0,0
1077.30,0.0,0.0,12243,0.0,1,-13.7,0,0,18372.8,38.1590740,-122.4533350,6553.2,21500.0,0,0,0
1077.40,0.0,0.0,12243,0.0,1,-13.7,0,0,18372.9,38.1590750,-122.4533350,6553.2,21500.0,0,0,0
1077.50,0.0,0.0,12243,0.0,1,-13.7,0,0,18372.9,38.1590750,-122.4533350,6553.2,21500.0,0,0,0
1077.60,0.0,0.0,12243,0.0,1,-13.7,0,0,18372.9,38.1590750,-122.4533350,6553.2,21500.0,0,0,0
1077.70,0.0,0.0,12243,0.0,1,-13.7,0,0,18373.0,38.1590750,-122.4533340,6553.2,21500.0,0,0,0
1077.80,0.0,0.0,12243,0.0,1,-13.7,0,0,18373.0,38.1590750,-122.4533340,6553.3,21500.3,0,0,0
1077.90,0.0,0.0,12243,0.0,1,-13.7,0,0,18373.0,38.1590750,-122.4533340,6553.3,21500.3,0,0,0
1078.00,0.0,0.0,12243,0.0,1,-13.7,0,0,18373.0,38.1590750,-122.4533340,6553.3,21500.3,0,0,0
1078.10,0.0,0.0,12243,0.0,1,-13.7,0,0,18373.0,38.1590750,-122.4533340,6553.3,21500.3,0,0,0
1078.20,0.0,0.0,12243,0.0,1,-13.7,0,0,18373.0,38.1590750,-122.4533340,6553.3,21500.3,0,0,0
1078.30,0.0,0.0,12243,0.0,1,-13.7,0,0,18373.1,38.1590760,-122.4533340,6553.3,21500.3,0,0,0
1078.40,0.0,0.0,12243,0.0,1,-13.7,0,0,18373.1,38.1590760,-122.4533340,6553.3,21500.3,0,0,0
1078.50,0.0,0.0,12243,0.0,1,-13.7,0,0,18373.1,38.1590760,-122.4533340,6553.3,21500.3,0,0,0
1078.60,0.0,0.0,12243,0.0,1,-13.7,0,0,18373.1,38.1590760,-122.4533340,6553.3,21500.3,0,0,0
1078.70,0.0,0.0,12243,0.0,1,-13.7,0,0,18373.1,38.1590760,-122.4533340,6553.3,21500.3,0,0,0
1078.80,0.0,0.0,12243,0.0,1,-13.7,0,0,18373.1,38.1590760,-122.4533340,6553.4,21500.7,0,0,0
1078.90,0.0,0.0,12243,0.0,1,-13.7,0,0,18373.1,38.1590760,-122.4533340,6553.4,21500.7,0,0,0
1079.00,0.0,0.0,12243,0.0,1,-13.7,0,0,18373.1,38.1590760,-122.4533340,6553.4,21500.7,0,0,0
1079.10,0.0,0.0,12243,0.0,1,-13.7,0,0,18373.2,38.1590770,-122.4533340,6553.4,21500.7,0,0,0
1079.20,0.0,0.0,12243,0.0,1,-13.7,0,0,18373.2,38.1590770,-122.4533340,6553.4,21500.7,0,0,0
1079.30,0.0,0.0,12243,0.0,1,-13.7,0,0,18373.2,38.1590770,-122.4533340,6553.4,21500.7,0,0,0
1079.40,0.0,0.0,12243,0.0,1,-13.7,0,0,18373.2,38.1590770,-122.4533340,6553.4,21500.7,0,0,0
1079.50,0.0,0.0,12243,0.0,1,-13.7,0,0,18373.3,38.1590770,-122.4533330,6553.4,21500.7,0,0,0
1079.60,0.0,0.0,12243,0.0,1,-13.7,0,0,18373.3,38.1590770,-122.4533330,6553.4,21500.7,0,0,0
1079.70,0.0,0.0,12243,0.0,1,-13.7,0,0,18373.3,38.1590770,-122.4533330,6553.4,21500.7,0,0,0
1079.80,0.0,0.0,12243,0.0,1,-13.7,0,0,18373.3,38.1590770,-122.4533330,6553.4,21500.7,0,0,0
1079.90,0.0,0.0,12243,0.0,1,-13.7,0,0,18373.3,38.1590770,-122.4533330,6553.4,21500.7,0,0,0
1080.00,0.0,0.0,12243,0.0,1,-13.7,0,0,18373.3,38.1590770,-122.4533330,6553.4,21500.7,0,0,0
1080.10,0.0,0.0,12243,0.0,1,-13.7,0,0,18373.3,38.1590770,-122.4533330,6553.4,21500.7,0,0,0
1080.20,0.0,0.0,12243,0.0,1,-13.7,0,0,18373.4,38.1590770,-122.4533320,6553.4,21500.7,0,0,0
1080.30,0.0,0.0,12243,0.0,1,-13.7,0,0,18373.4,38.1590770,-122.4533320,6553.4,21500.7,0,0,0
1080.40,0.0,0.0,12243,0.0,1,-13.7,0,0,18373.4,38.1590770,-122.4533320,6553.4,21500.7,0,0,0
1080.50,0.0,0.0,12243,0.0,1,-13.7,0,0,18373.4,38.1590770,-122.4533320,6553.4,21500.7,0,0,0
1080.60,0.0,0.0,12243,0.0,1,-13.7,0,0,18373.5,38.1590780,-122.4533320,6553.4,21500.7,0,0,0
1080.70,0.0,0.0,12243,0.0,1,-13.7,0,0,18373.5,38.1590780,-122.4533320,6553.4,21500.7,0,0,0
1080.80,0.0,0.0,12243,0.0,1,-13.7,0,0,18373.5,38.1590780,-122.4533320,6553.4,21500.7,0,0,0
1080.90,0.0,0.0,12243,0.0,1,-13.7,0,0,18373.5,38.1590780,-122.4533320,6553.4,21500.7,0,0,0
1081.00,0.0,0.0,12243,0.0,1,-13.7,0,0,18373.5,38.1590780,-122.4533320,6553.4,21500.7,0,0,0
1081.10,0.0,0.0,12243,0.0,1,-13.7,0,0,18373.6,38.1590790,-122.4533320,6553.4,21500.7,0,0,0
1081.20,0.0,0.0,12243,0.0,1,-13.7,0,0,18373.6,38.1590790,-122.4533320,6553.4,21500.7,0,0,0
1081.30,0.0,0.0,12243,0.0,1,-13.7,0,0,18373.6,38.1590790,-122.4533320,6553.4,21500.7,0,0,0
1081.40,0.0,0.0,12243,0.0,1,-13.7,0,0,18373.6,38.1590790,-122.4533320,6553.4,21500.7,0,0,0
1081.50,0.0,0.0,12243,0.0,1,-13.7,0,0,18373.6,38.1590790,-122.4533320,6553.4,21500.7,0,0,0
1081.60,0.0,0.0,12243,0.0,1,-13.7,0,0,18373.6,38.1590790,-122.4533320,6553.4,21500.7,0,0,0
1081.70,0.0,0.0,12243,0.0,1,-13.7,0,0,18373.6,38.1590790,-122.4533320,6553.4,21500.7,0,0,0
1081.80,0.0,0.0,12243,0.0,1,-13.7,0,0,18373.7,38.1590800,-122.4533320,6553.5,21501.0,0,0,0
1081.90,0.0,0.0,12243,0.0,1,-13.7,0,0,18373.7,38.1590800,-122.4533320,6553.5,21501.0,0,0,0
1082.00,0.0,0.0,12243,0.0,1,-13.7,0,0,18373.8,38.1590790,-122.4533320,6553.5,21501.0,0,0,0
1082.10,0.0,0.0,12243,0.0,1,-13.7,0,0,18373.9,38.1590800,-122.4533320,6553.5,21501.0,0,0,0
1082.20,0.0,0.0,12243,0.0,1,-13.7,0,0,18373.9,38.1590800,-122.4533320,6553.5,21501.0,0,0,0
1082.30,0.0,0.0,12243,0.0,1,-13.7,0,0,18374.0,38.1590790,-122.4533320,6553.5,21501.0,0,0,0
1082.40,0.0,0.0,12243,0.0,1,-13.7,0,0,18374.1,38.1590800,-122.4533320,6553.5,21501.0,0,0,0
1082.50,0.0,0.0,12243,0.0,1,-13.7,0,0,18374.3,38.1590790,-122.4533320,6553.5,21501.0,0,0,0
1082.60,0.0,0.0,12243,0.0,1,-13.7,0,0,18374.3,38.1590790,-122.4533320,6553.5,21501.0,0,0,0
1082.70,0.0,0.0,12243,0.0,1,-13.7,0,0,18374.3,38.1590790,-122.4533310,6553.5,21501.0,0,0,0
1082.80,0.0,0.0,12243,0.0,1,-13.7,0,0,18374.3,38.1590790,-122.4533310,6553.4,21500.7,0,0,0
1082.90,0.0,0.0,12243,0.0,1,-13.7,0,0,18374.3,38.1590790,-122.4533310,6553.4,21500.7,0,0,0
1083.00,0.0,0.0,12243,0.0,1,-13.7,0,0,18374.3,38.1590790,-122.4533310,6553.4,21500.7,0,0,0
1083.10,0.0,0.0,12243,0.0,1,-13.7,0,0,18374.3,38.1590790,-122.4533310,6553.4,21500.7,0,0,0
1083.20,0.0,0.0,12243,0.0,1,-13.7,0,0,18374.4,38.1590790,-122.4533300,6553.4,21500.7,0,0,0
1083.30,0.0,0.0,12243,0.0,1,-13.7,0,0,18374.4,38.1590790,-122.4533300,6553.4,21500.7,0,0,0
1083.40,0.0,0.0,12243,0.0,1,-13.7,0,0,18374.4,38.1590790,-122.4533300,6553.4,21500.7,0,0,0
1083.50,0.0,0.0,12243,0.0,1,-13.7,0,0,18374.4,38.1590790,-122.4533300,6553.4,21500.7,0,0,0
1083.60,0.0,0.0,12243,0.0,1,-13.7,0,0,18374.4,38.1590790,-122.4533300,6553.4,21500.7,0,0,0
1083.70,0.0,0.0,12243,0.0,1,-13.7,0,0,18374.4,38.1590790,-122.4533300,6553.4,21500.7,0,0,0
1083.80,0.0,0.0,12243,0.0,1,-13.7,0,0,18374.4,38.1590790,-122.4533300,6553.4,21500.7,0,0,0
1083.90,0.0,0.0,12243,0.0,1,-13.7,0,0,18374.5,38.1590790,-122.4533290,6553.4,21500.7,0,0,0
1084.00,0.0,0.0,12243,0.0,1,-13.7,0,0,18374.5,38.1590790,-122.4533290,6553.4,21500.7,0,0,0
1084.10,0.0,0.0,12243,0.0,1,-13.7,0,0,18374.5,38.1590790,-122.4533290,6553.4,21500.7,0,0,0
1084.20,0.0,0.0,12243,0.0,1,-13.7,0,0,18374.5,38.1590790,-122.4533290,6553.4,21500.7,0,0,0
1084.30,0.0,0.0,12243,0.0,1,-13.7,0,0,18374.5,38.1590790,-122.4533290,6553.4,21500.7,0,0,0
1084.40,0.0,0.0,12243,0.0,1,-13.7,0,0,18374.5,38.1590790,-122.4533290,6553.4,21500.7,0,0,0
1084.50,0.0,0.0,12243,0.0,1,-13.7,0,0,18374.6,38.1590800,-122.4533290,6553.4,21500.7,0,0,0
1084.60,0.0,0.0,12243,0.0,1,-13.7,0,0,18374.6,38.1590800,-122.4533290,6553.4,21500.7,0,0,0
1084.70,0.0,0.0,12243,0.0,1,-13.7,0,0,18374.6,38.1590800,-122.4533290,6553.4,21500.7,0,0,0
1084.80,0.0,0.0,12243,0.0,1,-13.7,0,0,18374.6,38.1590800,-122.4533290,6553.4,21500.7,0,0,0
1084.90,0.0,0.0,12243,0.0,1,-13.7,0,0,18374.6,38.1590800,-122.4533290,6553.4,21500.7,0,0,0
1085.00,0.0,0.0,12243,0.0,1,-13.7,0,0,18374.6,38.1590800,-122.4533290,6553.4,21500.7,0,0,0
1085.10,0.0,0.0,12243,0.0,1,-13.7,0,0,18374.6,38.1590800,-122.4533290,6553.4,21500.7,0,0,0
1085.20,0.0,0.0,12243,0.0,1,-13.7,0,0,18374.6,38.1590800,-122.4533290,6553.4,21500.7,0,0,0
1085.30,0.0,0.0,12243,0.0,1,-13.7,0,0,18374.7,38.1590800,-122.4533280,6553.4,21500.7,0,0,0
1085.40,0.0,0.0,12243,0.0,1,-13.7,0,0,18374.7,38.1590800,-122.4533280,6553.4,21500.7,0,0,0
1085.50,0.0,0.0,12243,0.0,1,-13.7,0,0,18374.7,38.1590800,-122.4533280,6553.4,21500.7,0,0,0
1085.60,0.0,0.0,12243,0.0,1,-13.7,0,0,18374.7,38.1590800,-122.4533280,6553.4,21500.7,0,0,0
1085.70,0.0,0.0,12243,0.0,1,-13.7,0,0,18374.7,38.1590800,-122.4533280,6553.4,21500.7,0,0,0
1085.80,0.0,0.0,12243,0.0,1,-13.7,0,0,18374.7,38.1590800,-122.4533280,6553.3,21500.3,0,0,0
1085.90,0.0,0.0,12243,0.0,1,-13.7,0,0,18374.7,38.1590800,-122.4533280,6553.3,21500.3,0,0,0
1086.00,0.0,0.0,12243,0.0,1,-13.7,0,0,18374.7,38.1590800,-122.4533280,6553.3,21500.3,0,0,0
1086.10,0.0,0.0,12243,0.0,1,-13.7,0,0,18374.7,38.1590800,-122.4533280,6553.3,21500.3,0,0,0
1086.20,0.0,0.0,12243,0.0,1,-13.7,0,0,18374.7,38.1590800,-122.4533280,6553.3,21500.3,0,0,0
1086.30,0.0,0.0,12243,0.0,1,-13.7,0,0,18374.7,38.1590800,-122.4533280,6553.3,21500.3,0,0,0
1086.40,0.0,0.0,12243,0.0,1,-13.7,0,0,18374.7,38.1590800,-122.4533280,6553.3,21500.3,0,0,0
1086.50,0.0,0.0,12243,0.0,1,-13.7,0,0,18374.8,38.1590800,-122.4533270,6553.3,21500.3,0,0,0
1086.60,0.0,0.0,12243,0.0,1,-13.7,0,0,18374.8,38.1590800,-122.4533270,6553.3,21500.3,0,0,0
1086.70,0.0,0.0,12243,0.0,1,-13.7,0,0,18374.8,38.1590800,-122.4533270,6553.3,21500.3,0,0,0
1086.80,0.0,0.0,12243,0.0,1,-13.7,0,0,18374.8,38.1590800,-122.4533270,6553.3,21500.3,0,0,0
1086.90,0.0,0.0,12243,0.0,1,-13.7,0,0,18374.8,38.1590800,-122.4533270,6553.3,21500.3,0,0,0
1087.00,0.0,0.0,12243,0.0,1,-13.7,0,0,18374.8,38.1590800,-122.4533270,6553.3,21500.3,0,0,0
1087.10,0.0,0.0,12243,0.0,1,-13.7,0,0,18374.8,38.1590800,-122.4533270,6553.3,21500.3,0,0,0
1087.20,0.0,0.0,12243,0.0,1,-13.7,0,0,18374.8,38.1590800,-122.4533270,6553.3,21500.3,0,0,0
1087.30,0.0,0.0,12243,0.0,1,-13.7,0,0,18374.8,38.1590800,-122.4533270,6553.3,21500.3,0,0,0
1087.40,0.0,0.0,12243,0.0,1,-13.7,0,0,18374.8,38.1590800,-122.4533270,6553.3,21500.3,0,0,0
1087.50,0.0,0.0,12243,0.0,1,-13.7,0,0,18374.8,38.1590800,-122.4533270,6553.3,21500.3,0,0,0
1087.60,0.0,0.0,12243,0.0,1,-13.7,0,0,18374.8,38.1590800,-122.4533270,6553.3,21500.3,0,0,0
1087.70,0.0,0.0,12243,0.0,1,-13.7,0,0,18374.8,38.1590800,-122.4533270,6553.3,21500.3,0,0,0
1087.80,0.0,0.0,12243,0.0,1,-13.7,0,0,18374.8,38.1590800,-122.4533270,6553.2,21500.0,0,0,0
1087.90,0.0,0.0,12243,0.0,1,-13.7,0,0,18374.8,38.1590800,-122.4533270,6553.2,21500.0,0,0,0
1088.00,0.0,0.0,12243,0.0,1,-13.7,0,0,18374.8,38.1590800,-122.4533270,6553.2,21500.0,0,0,0
1088.10,0.0,0.0,12243,0.0,1,-13.7,0,0,18374.9,38.1590800,-122.4533260,6553.2,21500.0,0,0,0
1088.20,0.0,0.0,12243,0.0,1,-13.7,0,0,18374.9,38.1590800,-122.4533260,6553.2,21500.0,0,0,0
1088.30,0.0,0.0,12243,0.0,1,-13.7,0,0,18374.9,38.1590800,-122.4533260,6553.2,21500.0,0,0,0
1088.40,0.0,0.0,12243,0.0,1,-13.7,0,0,18375.0,38.1590790,-122.4533260,6553.2,21500.0,0,0,0
1088.50,0.0,0.0,12243,0.0,1,-13.7,0,0,18375.0,38.1590790,-122.4533260,6553.2,21500.0,0,0,0
1088.60,0.0,0.0,12243,0.0,1,-13.7,0,0,18375.0,38.1590790,-122.4533260,6553.2,21500.0,0,0,0
1088.70,0.0,0.0,12243,0.0,1,-13.7,0,0,18375.1,38.1590790,-122.4533250,6553.2,21500.0,0,0,0
1088.80,0.0,0.0,12243,0.0,1,-13.7,0,0,18375.1,38.1590790,-122.4533250,6553.2,21500.0,0,0,0
1088.90,0.0,0.0,12243,0.0,1,-13.7,0,0,18375.1,38.1590790,-122.4533250,6553.2,21500.0,0,0,0
1089.00,0.0,0.0,12243,0.0,1,-13.7,0,0,18375.1,38.1590790,-122.4533250,6553.2,21500.0,0,0,0
1089.10,0.0,0.0,12243,0.0,1,-13.7,0,0,18375.1,38.1590790,-122.4533250,6553.2,21500.0,0,0,0
1089.20,0.0,0.0,12243,0.0,1,-13.7,0,0,18375.1,38.1590790,-122.4533250,6553.2,21500.0,0,0,0
1089.30,0.0,0.0,12243,0.0,1,-13.7,0,0,18375.1,38.1590790,-122.4533250,6553.2,21500.0,0,0,0
1089.40,0.0,0.0,12243,0.0,1,-13.7,0,0,18375.1,38.1590790,-122.4533250,6553.2,21500.0,0,0,0
1089.50,0.0,0.0,12243,0.0,1,-13.7,0,0,18375.1,38.1590790,-122.4533250,6553.2,21500.0,0,0,0
1089.60,0.0,0.0,12243,0.0,1,-13.7,0,0,18375.1,38.1590790,-122.4533250,6553.2,21500.0,0,0,0
1089.70,0.0,0.0,12243,0.0,1,-13.7,0,0,18375.2,38.1590800,-122.4533250,6553.2,21500.0,0,0,0
1089.80,0.0,0.0,12243,0.0,1,-13.7,0,0,18375.2,38.1590800,-122.4533250,6553.2,21500.0,0,0,0
1089.90,0.0,0.0,12243,0.0,1,-13.7,0,0,18375.2,38.1590800,-122.4533250,6553.2,21500.0,0,0,0
1090.00,0.0,0.0,12243,0.0,1,-13.7,0,0,18375.2,38.1590800,-122.4533250,6553.2,21500.0,0,0,0
1090.10,0.0,0.0,12243,0.0,1,-13.7,0,0,18375.2,38.1590800,-122.4533250,6553.2,21500.0,0,0,0
1090.20,0.0,0.0,12243,0.0,1,-13.7,0,0,18375.2,38.1590800,-122.4533250,6553.2,21500.0,0,0,0
1090.30,0.0,0.0,12243,0.0,1,-13.7,0,0,18375.2,38.1590800,-122.4533250,6553.2,21500.0,0,0,0
1090.40,0.0,0.0,12243,0.0,1,-13.7,0,0,18375.2,38.1590800,-122.4533250,6553.2,21500.0,0,0,0
1090.50,0.0,0.0,12243,0.0,1,-13.8,0,0,18375.2,38.1590800,-122.4533250,6553.2,21500.0,0,0,0
1090.60,0.0,0.0,12243,0.0,1,-13.7,0,0,18375.3,38.1590810,-122.4533250,6553.2,21500.0,0,0,0
1090.70,0.0,0.0,12243,0.0,1,-13.8,0,0,18375.3,38.1590810,-122.4533250,6553.2,21500.0,0,0,0
1090.80,0.0,0.0,12243,0.0,1,-13.7,0,0,18375.3,38.1590810,-122.4533250,6553.2,21500.0,0,0,0
1090.90,0.0,0.0,12243,0.0,1,-13.8,0,0,18375.3,38.1590810,-122.4533250,6553.2,21500.0,0,0,0
1091.00,0.0,0.0,12243,0.0,1,-13.7,0,0,18375.3,38.1590810,-122.4533250,6553.2,21500.0,0,0,0
1091.10,0.0,0.0,12243,0.0,1,-13.8,0,0,18375.3,38.1590810,-122.4533250,6553.2,21500.0,0,0,0
1091.20,0.0,0.0,12243,0.0,1,-13.8,0,0,18375.3,38.1590810,-122.4533250,6553.2,21500.0,0,0,0
1091.30,0.0,0.0,12243,0.0,1,-13.7,0,0,18375.3,38.1590810,-122.4533250,6553.2,21500.0,0,0,0
1091.40,0.0,0.0,12243,0.0,1,-13.7,0,0,18375.3,38.1590810,-122.4533250,6553.2,21500.0,0,0,0
1091.50,0.0,0.0,12243,0.0,1,-13.8,0,0,18375.4,38.1590810,-122.4533240,6553.2,21500.0,0,0,0
1091.60,0.0,0.0,12243,0.0,1,-13.8,0,0,18375.5,38.1590820,-122.4533250,6553.2,21500.0,0,0,0
1091.70,0.0,0.0,12243,0.0,1,-13.7,0,0,18375.7,38.1590810,-122.4533250,6553.2,21500.0,0,0,0
1091.80,0.0,0.0,12243,0.0,1,-13.8,0,0,18375.8,38.1590820,-122.4533240,6553.2,21500.0,0,0,0
1091.90,0.0,0.0,12243,0.0,1,-13.8,0,0,18375.8,38.1590820,-122.4533240,6553.2,21500.0,0,0,0
1092.00,0.0,0.0,12243,0.0,1,-13.8,0,0,18375.8,38.1590820,-122.4533240,6553.2,21500.0,0,0,0
1092.10,0.0,0.0,12243,0.0,1,-13.8,0,0,18375.8,38.1590820,-122.4533240,6553.2,21500.0,0,0,0
1092.20,0.0,0.0,12243,0.0,1,-13.8,0,0,18375.8,38.1590820,-122.4533240,6553.2,21500.0,0,0,0
1092.30,0.0,0.0,12243,0.0,1,-13.8,0,0,18375.8,38.1590820,-122.4533240,6553.2,21500.0,0,0,0
1092.40,0.0,0.0,12243,0.0,1,-13.8,0,0,18375.9,38.1590810,-122.4533240,6553.2,21500.0,0,0,0
1092.50,0.0,0.0,12243,0.0,1,-13.8,0,0,18376.0,38.1590820,-122.4533240,6553.2,21500.0,0,0,0
1092.60,0.0,0.0,12243,0.0,1,-13.8,0,0,18376.1,38.1590810,-122.4533240,6553.2,21500.0,0,0,0
1092.70,0.0,0.0,12243,0.0,1,-13.8,0,0,18376.1,38.1590810,-122.4533240,6553.2,21500.0,0,0,0
1092.80,0.0,0.0,12243,0.0,1,-13.7,0,0,18376.1,38.1590810,-122.4533240,6553.4,21500.7,0,0,0
1092.90,0.0,0.0,12243,0.0,1,-13.8,0,0,18376.1,38.1590810,-122.4533240,6553.4,21500.7,0,0,0
1093.00,0.0,0.0,12243,0.0,1,-13.8,0,0,18376.1,38.1590810,-122.4533240,6553.4,21500.7,0,0,0
1093.10,0.0,0.0,12243,0.0,1,-13.8,0,0,18376.1,38.1590810,-122.4533240,6553.4,21500.7,0,0,0
1093.20,0.0,0.0,12243,0.0,1,-13.7,0,0,18376.1,38.1590810,-122.4533240,6553.4,21500.7,0,0,0
1093.30,0.0,0.0,12243,0.0,1,-13.8,0,0,18376.2,38.1590820,-122.4533240,6553.4,21500.7,0,0,0
1093.40,0.0,0.0,12243,0.0,1,-13.8,0,0,18376.2,38.1590820,-122.4533240,6553.4,21500.7,0,0,0
1093.50,0.0,0.0,12243,0.0,1,-13.7,0,0,18376.2,38.1590820,-122.4533240,6553.4,21500.7,0,0,0
1093.60,0.0,0.0,12243,0.0,1,-13.8,0,0,18376.2,38.1590820,-122.4533240,6553.4,21500.7,0,0,0
1093.70,0.0,0.0,12243,0.0,1,-13.7,0,0,18376.2,38.1590820,-122.4533240,6553.4,21500.7,0,0,0
1093.80,0.0,0.0,12243,0.0,1,-13.8,0,0,18376.2,38.1590820,-122.4533240,6553.4,21500.7,0,0,0
1093.90,0.0,0.0,12243,0.0,1,-13.7,0,0,18376.2,38.1590820,-122.4533240,6553.4,21500.7,0,0,0
1094.00,0.0,0.0,12243,0.0,1,-13.8,0,0,18376.2,38.1590820,-122.4533240,6553.4,21500.7,0,0,0
1094.10,0.0,0.0,12243,0.0,1,-13.7,0,0,18376.2,38.1590820,-122.4533240,6553.4,21500.7,0,0,0
1094.20,0.0,0.0,12243,0.0,1,-13.8,0,0,18376.3,38.1590820,-122.4533230,6553.4,21500.7,0,0,0
1094.30,0.0,0.0,12243,0.0,1,-13.8,0,0,18376.3,38.1590820,-122.4533230,6553.4,21500.7,0,0,0
1094.40,0.0,0.0,12243,0.0,1,-13.8,0,0,18376.3,38.1590820,-122.4533230,6553.4,21500.7,0,0,0
1094.50,0.0,0.0,12243,0.0,1,-13.7,0,0,18376.3,38.1590820,-122.4533230,6553.4,21500.7,0,0,0
1094.60,0.0,0.0,12243,0.0,1,-13.8,0,0,18376.3,38.1590820,-122.4533230,6553.4,21500.7,0,0,0
1094.70,0.0,0.0,12243,0.0,1,-13.8,0,0,18376.3,38.1590820,-122.4533230,6553.4,21500.7,0,0,0
1094.80,0.0,0.0,12243,0.0,1,-13.8,0,0,18376.4,38.1590820,-122.4533220,6553.5,21501.0,0,0,0
1094.90,0.0,0.0,12243,0.0,1,-13.7,0,0,18376.4,38.1590820,-122.4533220,6553.5,21501.0,0,0,0
1095.00,0.0,0.0,12243,0.0,1,-13.8,0,0,18376.4,38.1590820,-122.4533220,6553.5,21501.0,0,0,0
1095.10,0.0,0.0,12243,0.0,1,-13.8,0,0,18376.4,38.1590820,-122.4533220,6553.5,21501.0,0,0,0
1095.20,0.0,0.0,12243,0.0,1,-13.8,0,0,18376.4,38.1590820,-122.4533220,6553.5,21501.0,0,0,0
1095.30,0.0,0.0,12243,0.0,1,-13.8,0,0,18376.4,38.1590820,-122.4533220,6553.5,21501.0,0,0,0
1095.40,0.0,0.0,12243,0.0,1,-13.8,0,0,18376.4,38.1590820,-122.4533220,6553.5,21501.0,0,0,0
1095.50,0.0,0.0,12243,0.0,1,-13.8,0,0,18376.4,38.1590820,-122.4533220,6553.5,21501.0,0,0,0
1095.60,0.0,0.0,12243,0.0,1,-13.8,0,0,18376.4,38.1590820,-122.4533220,6553.5,21501.0,0,0,0
1095.70,0.0,0.0,12243,0.0,1,-13.8,0,0,18376.4,38.1590820,-122.4533220,6553.5,21501.0,0,0,0
1095.80,0.0,0.0,12243,0.0,1,-13.8,0,0,18376.5,38.1590830,-122.4533220,0.1,0.3,0,0,0
1095.90,0.0,0.0,12243,0.0,1,-13.8,0,0,18376.5,38.1590830,-122.4533220,0.1,0.3,0,0,0
1096.00,0.0,0.0,12243,0.0,1,-13.8,0,0,18376.5,38.1590830,-122.4533220,0.1,0.3,0,0,0
1096.10,0.0,0.0,12243,0.0,1,-13.8,0,0,18376.5,38.1590830,-122.4533220,0.1,0.3,0,0,0
1096.20,0.0,0.0,12243,0.0,1,-13.8,0,0,18376.5,38.1590830,-122.4533220,0.1,0.3,0,0,0
1096.30,0.0,0.0,12243,0.0,1,-13.8,0,0,18376.5,38.1590830,-122.4533220,0.1,0.3,0,0,0
1096.40,0.0,0.0,12243,0.0,1,-13.8,0,0,18376.5,38.1590830,-122.4533220,0.1,0.3,0,0,0
1096.50,0.0,0.0,12243,0.0,1,-13.8,0,0,18376.6,38.1590840,-122.4533220,0.1,0.3,0,0,0
1096.60,0.0,0.0,12243,0.0,1,-13.8,0,0,18376.6,38.1590840,-122.4533220,0.1,0.3,0,0,0
1096.70,0.0,0.0,12243,0.0,1,-13.8,0,0,18376.6,38.1590840,-122.4533220,0.1,0.3,0,0,0
1096.80,0.0,0.0,12243,0.0,1,-13.8,0,0,18376.6,38.1590840,-122.4533220,0.2,0.7,0,0,0
1096.90,0.0,0.0,12243,0.0,1,-13.8,0,0,18376.6,38.1590840,-122.4533220,0.2,0.7,0,0,0
1097.00,0.0,0.0,12243,0.0,1,-13.8,0,0,18376.6,38.1590840,-122.4533220,0.2,0.7,0,0,0
1097.10,0.0,0.0,12243,0.0,1,-13.8,0,0,18376.7,38.1590840,-122.4533230,0.2,0.7,0,0,0
1097.20,0.0,0.0,12243,0.0,1,-13.8,0,0,18376.7,38.1590840,-122.4533230,0.2,0.7,0,0,0
1097.30,0.0,0.0,12243,0.0,1,-13.8,0,0,18376.7,38.1590840,-122.4533230,0.2,0.7,0,0,0
1097.40,0.0,0.0,12243,0.0,1,-13.8,0,0,18376.8,38.1590850,-122.4533230,0.2,0.7,0,0,0
1097.50,0.0,0.0,12243,0.0,1,-13.8,0,0,18376.8,38.1590850,-122.4533230,0.2,0.7,0,0,0
1097.60,0.0,0.0,12243,0.0,1,-13.8,0,0,18376.8,38.1590850,-122.4533230,0.2,0.7,0,0,0
1097.70,0.0,0.0,12243,0.0,1,-13.8,0,0,18376.8,38.1590850,-122.4533230,0.2,0.7,0,0,0
1097.80,0.0,0.0,12243,0.0,1,-13.8,0,0,18376.8,38.1590850,-122.4533230,0.2,0.7,0,0,0
1097.90,0.0,0.0,12243,0.0,1,-13.8,0,0,18376.8,38.1590850,-122.4533230,0.2,0.7,0,0,0
1098.00,0.0,0.0,12243,0.0,1,-13.8,0,0,18376.8,38.1590850,-122.4533230,0.2,0.7,0,0,0
1098.10,0.0,0.0,12243,0.0,1,-13.8,0,0,18376.8,38.1590850,-122.4533230,0.2,0.7,0,0,0
1098.20,0.0,0.0,12243,0.0,1,-13.8,0,0,18376.8,38.1590850,-122.4533230,0.2,0.7,0,0,0
1098.30,0.0,0.0,12243,0.0,1,-13.8,0,0,18377.0,38.1590860,-122.4533230,0.2,0.7,0,0,0
1098.40,0.0,0.0,12243,0.0,1,-13.8,0,0,18377.1,38.1590850,-122.4533230,0.2,0.7,0,0,0
1098.50,0.0,0.0,12243,0.0,1,-13.8,0,0,18377.1,38.1590850,-122.4533230,0.2,0.7,0,0,0
1098.60,0.0,0.0,12243,0.0,1,-13.8,0,0,18377.1,38.1590850,-122.4533230,0.2,0.7,0,0,0
1098.70,0.0,0.0,12243,0.0,1,-13.8,0,0,18377.1,38.1590850,-122.4533230,0.2,0.7,0,0,0
1098.80,0.0,0.0,12243,0.0,1,-13.8,0,0,18377.1,38.1590850,-122.4533230,0.1,0.3,0,0,0
1098.90,0.0,0.0,12243,0.0,1,-13.8,0,0,18377.1,38.1590850,-122.4533230,0.1,0.3,0,0,0
1099.00,0.0,0.0,12243,0.0,1,-13.8,0,0,18377.1,38.1590850,-122.4533230,0.1,0.3,0,0,0
1099.10,0.0,0.0,12243,0.0,1,-13.8,0,0,18377.1,38.1590850,-122.4533230,0.1,0.3,0,0,0
1099.20,0.0,0.0,12243,0.0,1,-13.8,0,0,18377.1,38.1590850,-122.4533230,0.1,0.3,0,0,0
1099.30,0.0,0.0,12243,0.0,1,-13.8,0,0,18377.1,38.1590850,-122.4533230,0.1,0.3,0,0,0
1099.40,0.0,0.0,12243,0.0,1,-13.8,0,0,18377.1,38.1590850,-122.4533230,0.1,0.3,0,0,0
1099.50,0.0,0.0,12243,0.0,1,-13.8,0,0,18377.2,38.1590860,-122.4533230,0.1,0.3,0,0,0
1099.60,0.0,0.0,12243,0.0,1,-13.8,0,0,18377.2,38.1590860,-122.4533230,0.1,0.3,0,0,0
1099.70,0.0,0.0,12243,0.0,1,-13.8,0,0,18377.2,38.1590860,-122.4533230,0.1,0.3,0,0,0
1099.80,0.0,0.0,12243,0.0,1,-13.8,0,0,18377.2,38.1590860,-122.4533230,0.1,0.3,0,0,0
1099.90,0.0,0.0,12243,0.0,1,-13.8,0,0,18377.3,38.1590860,-122.4533240,0.1,0.3,0,0,0
1100.00,0.0,0.0,12243,0.0,1,-13.8,0,0,18377.3,38.1590860,-122.4533240,0.1,0.3,0,0,0
1100.10,0.0,0.0,12243,0.0,1,-13.8,0,0,18377.3,38.1590860,-122.4533240,0.1,0.3,0,0,0
1100.20,0.0,0.0,12243,0.0,1,-13.8,0,0,18377.3,38.1590860,-122.4533240,0.1,0.3,0,0,0
1100.30,0.0,0.0,12243,0.0,1,-13.8,0,0,18377.3,38.1590860,-122.4533240,0.1,0.3,0,0,0
1100.40,0.0,0.0,12243,0.0,1,-13.8,0,0,18377.3,38.1590860,-122.4533240,0.1,0.3,0,0,0
1100.50,0.0,0.0,12243,0.0,1,-13.8,0,0,18377.3,38.1590860,-122.4533240,0.1,0.3,0,0,0
1100.60,0.0,0.0,12243,0.0,1,-13.8,0,0,18377.3,38.1590860,-122.4533240,0.1,0.3,0,0,0
1100.70,0.0,0.0,12243,0.0,1,-13.8,0,0,18377.3,38.1590860,-122.4533240,0.1,0.3,0,0,0
1100.80,0.0,0.0,12243,0.0,1,-13.8,0,0,18377.3,38.1590860,-122.4533240,0.1,0.3,0,0,0
1100.90,0.0,0.0,12243,0.0,1,-13.8,0,0,18377.3,38.1590860,-122.4533240,0.1,0.3,0,0,0
