Time_s,Speed_kmh,Speed_mph,RPM,TPS_pct,Gear,LeanAngle_deg,DTC_Fast_pct,DTC_Slow_pct,Distance_m,GPS_Lat,GPS_Lon,GPS_Alt_m,GPS_Alt_ft,Lap,Split1,Split2
0.00,0.0,0.0,0,0.0,0,0.0,0,0,0.0,,,,,0,0,0
0.10,0.0,0.0,0,0.0,0,0.0,0,0,0.0,,,,,0,0,0
0.20,0.0,0.0,0,0.0,0,0.0,0,0,0.0,,,,,0,0,0
0.30,0.0,0.0,0,0.0,0,0.0,0,0,0.0,,,,,0,0,0
0.40,0.0,0.0,0,0.0,0,0.0,0,0,0.0,,,,,0,0,0
0.50,0.0,0.0,0,0.0,0,0.0,0,0,0.0,,,,,0,0,0
0.60,0.0,0.0,0,0.0,0,0.0,0,0,0.0,,,,,0,0,0
0.70,0.0,0.0,0,0.0,0,0.0,0,0,0.0,,,,,0,0,0
0.80,0.0,0.0,0,0.0,0,0.0,0,0,0.0,,,,,0,0,0
0.90,0.0,0.0,0,0.0,0,0.0,0,0,0.0,,,,,0,0,0
1.00,0.0,0.0,0,0.0,0,0.0,0,0,0.0,,,,,0,0,0
1.10,0.0,0.0,0,0.0,0,0.0,0,0,0.0,,,,,0,0,0
1.20,0.0,0.0,0,0.0,0,0.0,0,0,0.0,,,,,0,0,0
1.30,0.0,0.0,0,0.0,0,0.0,0,0,0.0,,,,,0,0,0
1.40,0.0,0.0,0,0.0,0,0.0,0,0,0.0,,,,,0,0,0
1.50,0.0,0.0,0,0.0,0,0.0,0,0,0.0,,,,,0,0,0
1.60,0.0,0.0,0,0.0,0,0.0,0,0,0.0,,,,,0,0,0
1.70,0.0,0.0,0,0.0,0,0.0,0,0,0.0,,,,,0,0,0
1.80,0.0,0.0,0,0.0,0,0.0,0,0,0.0,,,,,0,0,0
1.90,0.0,0.0,0,0.0,0,0.0,0,0,0.0,,,,,0,0,0
2.00,0.0,0.0,0,0.0,0,0.0,0,0,0.0,,,,,0,0,0
2.10,0.0,0.0,0,0.0,0,0.0,0,0,0.0,,,,,0,0,0
2.20,0.0,0.0,0,0.0,0,0.0,0,0,0.0,,,,,0,0,0
2.30,0.0,0.0,0,0.0,0,0.0,0,0,0.0,,,,,0,0,0
2.40,0.0,0.0,0,0.0,0,0.0,0,0,0.0,,,,,0,0,0
2.50,0.0,0.0,0,0.0,0,0.0,0,0,0.0,,,,,0,0,0
2.60,0.0,0.0,0,0.0,0,0.0,0,0,0.0,,,,,0,0,0
2.70,0.0,0.0,0,0.0,0,0.0,0,0,0.0,,,,,0,0,0
2.80,0.0,0.0,0,0.0,0,0.0,0,0,0.0,,,,,0,0,0
2.90,0.0,0.0,0,0.0,0,0.0,0,0,0.0,,,,,0,0,0
3.00,0.0,0.0,0,0.0,0,0.0,0,0,0.0,,,,,0,0,0
3.10,0.0,0.0,0,0.0,0,0.0,0,0,0.0,,,,,0,0,0
3.20,0.0,0.0,0,0.0,0,0.0,0,0,0.0,,,,,0,0,0
3.30,0.0,0.0,0,0.0,0,0.0,0,0,0.0,,,,,0,0,0
3.40,0.0,0.0,0,0.0,0,0.0,0,0,0.0,,,,,0,0,0
3.50,0.0,0.0,0,0.0,0,0.0,0,0,0.0,,,,,0,0,0
3.60,0.0,0.0,194,0.0,0,0.0,0,0,0.0,,,,,0,0,0
3.70,0.0,0.0,214,0.0,0,0.0,0,0,0.0,,,,,0,0,0
3.80,0.0,0.0,323,0.0,0,0.0,0,0,0.0,,,,,0,0,0
3.90,0.0,0.0,971,0.0,0,0.0,0,0,0.0,,,,,0,0,0
4.00,0.0,0.0,1199,0.0,0,0.0,0,0,0.0,,,,,0,0,0
4.10,0.0,0.0,1416,0.0,0,0.0,0,0,0.0,,,,,0,0,0
4.20,0.0,0.0,2130,0.0,0,0.0,0,0,0.0,,,,,0,0,0
4.30,0.0,0.0,2540,0.0,0,0.0,0,0,0.0,,,,,0,0,0
4.40,0.0,0.0,2660,0.0,0,0.0,0,0,0.0,,,,,0,0,0
4.50,0.0,0.0,2594,0.0,0,0.0,0,0,0.0,,,,,0,0,0
4.60,0.0,0.0,2653,0.0,0,0.0,0,0,0.0,,,,,0,0,0
4.70,0.0,0.0,2617,0.0,0,0.0,0,0,0.0,,,,,0,0,0
4.80,0.0,0.0,2471,0.0,0,0.0,0,0,0.0,,,,,0,0,0
4.90,0.0,0.0,2353,0.0,0,0.0,0,0,0.0,,,,,0,0,0
5.00,0.0,0.0,2235,0.0,0,0.0,0,0,0.0,,,,,0,0,0
5.10,0.0,0.0,2135,0.0,0,0.0,0,0,0.0,,,,,0,0,0
5.20,0.0,0.0,2023,0.0,0,0.0,0,0,0.0,,,,,0,0,0
5.30,0.0,0.0,1882,0.0,0,0.0,0,0,0.0,,,,,0,0,0
5.40,0.0,0.0,1775,0.0,0,0.0,0,0,0.0,,,,,0,0,0
5.50,0.0,0.0,1734,0.0,0,0.0,0,0,0.0,,,,,0,0,0
5.60,0.0,0.0,1719,0.0,0,0.0,0,0,0.0,,,,,0,0,0
5.70,0.0,0.0,1688,0.0,0,0.0,0,0,0.0,,,,,0,0,0
5.80,0.0,0.0,1715,0.0,0,0.0,0,0,0.0,,,,,0,0,0
5.90,0.0,0.0,1666,0.0,0,0.0,0,0,0.0,,,,,0,0,0
6.00,0.0,0.0,1696,0.0,0,0.0,0,0,0.0,,,,,0,0,0
6.10,0.0,0.0,1657,0.0,0,0.0,0,0,0.0,,,,,0,0,0
6.20,0.0,0.0,1661,0.0,0,0.0,0,0,0.0,,,,,0,0,0
6.30,0.0,0.0,1666,0.0,0,0.0,0,0,0.0,,,,,0,0,0
6.40,0.0,0.0,1645,0.0,0,0.0,0,0,0.0,,,,,0,0,0
6.50,0.0,0.0,1648,0.0,0,0.0,0,0,0.0,,,,,0,0,0
6.60,0.0,0.0,1637,0.0,0,0.0,0,0,0.0,,,,,0,0,0
6.70,0.0,0.0,1608,0.0,0,0.0,0,0,0.0,,,,,0,0,0
6.80,0.0,0.0,1635,0.0,0,0.0,0,0,0.0,,,,,0,0,0
6.90,0.0,0.0,1645,0.0,0,0.0,0,0,0.0,,,,,0,0,0
7.00,0.0,0.0,1630,0.0,0,0.0,0,0,0.0,,,,,0,0,0
7.10,0.0,0.0,1629,0.0,0,0.0,0,0,0.0,,,,,0,0,0
7.20,0.0,0.0,1566,0.0,0,0.0,0,0,0.0,,,,,0,0,0
7.30,0.0,0.0,1629,0.0,0,0.0,0,0,0.0,,,,,0,0,0
7.40,0.0,0.0,1592,0.0,0,0.0,0,0,0.0,,,,,0,0,0
7.50,0.0,0.0,1588,0.0,0,0.0,0,0,0.0,,,,,0,0,0
7.60,0.0,0.0,1630,0.0,0,0.0,0,0,0.0,,,,,0,0,0
7.70,0.0,0.0,1544,0.0,0,0.0,0,0,0.0,,,,,0,0,0
7.80,0.0,0.0,1521,0.0,0,0.0,0,0,0.0,,,,,0,0,0
7.90,0.0,0.0,1516,0.0,0,0.0,0,0,0.0,,,,,0,0,0
8.00,0.0,0.0,1548,0.0,0,0.0,0,0,0.0,,,,,0,0,0
8.10,0.0,0.0,1557,0.0,0,0.0,0,0,0.0,,,,,0,0,0
8.20,0.0,0.0,1583,0.0,0,0.0,0,0,0.0,,,,,0,0,0
8.30,0.0,0.0,1523,0.0,0,0.0,0,0,0.0,,,,,0,0,0
8.40,0.0,0.0,1488,0.0,0,0.0,0,0,0.0,,,,,0,0,0
8.50,0.0,0.0,1521,0.0,0,0.0,0,0,0.0,,,,,0,0,0
8.60,0.0,0.0,1521,0.0,0,0.0,0,0,0.0,,,,,0,0,0
8.70,0.0,0.0,1513,0.0,0,0.0,0,0,0.0,,,,,0,0,0
8.80,0.0,0.0,1500,0.0,0,0.0,0,0,0.0,,,,,0,0,0
8.90,0.0,0.0,1509,0.0,0,0.0,0,0,0.0,,,,,0,0,0
9.00,0.0,0.0,1540,0.0,0,0.0,0,0,0.0,,,,,0,0,0
9.10,0.0,0.0,1522,0.0,0,0.0,0,0,0.0,,,,,0,0,0
9.20,0.0,0.0,1523,0.0,0,0.0,0,0,0.0,,,,,0,0,0
9.30,0.0,0.0,1552,0.0,0,0.0,0,0,0.0,,,,,0,0,0
9.40,0.0,0.0,1435,0.0,0,0.0,0,0,0.0,,,,,0,0,0
9.50,0.0,0.0,1461,0.0,0,0.0,0,0,0.0,,,,,0,0,0
9.60,0.0,0.0,1410,0.0,0,0.0,0,0,0.0,,,,,0,0,0
9.70,0.0,0.0,1498,0.0,0,0.0,0,0,0.0,,,,,0,0,0
9.80,0.0,0.0,1485,0.0,0,0.0,0,0,0.0,,,,,0,0,0
9.90,0.0,0.0,1516,0.0,0,0.0,0,0,0.0,,,,,0,0,0
10.00,0.0,0.0,1553,0.0,0,0.0,0,0,0.0,,,,,0,0,0
10.10,0.0,0.0,1477,0.0,0,0.0,0,0,0.0,,,,,0,0,0
10.20,0.0,0.0,1517,0.0,0,0.0,0,0,0.0,,,,,0,0,0
10.30,0.0,0.0,1493,0.0,0,0.0,0,0,0.0,,,,,0,0,0
10.40,0.0,0.0,1502,0.0,0,0.0,0,0,0.0,,,,,0,0,0
10.50,0.0,0.0,1523,0.0,0,0.0,0,0,0.0,,,,,0,0,0
10.60,0.0,0.0,1521,0.0,0,0.0,0,0,0.0,,,,,0,0,0
10.70,0.0,0.0,1487,0.0,0,0.0,0,0,0.0,,,,,0,0,0
10.80,0.0,0.0,1473,0.0,0,0.0,0,0,0.0,,,,,0,0,0
10.90,0.0,0.0,1554,0.0,0,0.0,0,0,0.0,,,,,0,0,0
11.00,0.0,0.0,1510,0.0,0,0.0,0,0,0.0,,,,,0,0,0
11.10,0.0,0.0,1531,0.0,0,0.0,0,0,0.0,,,,,0,0,0
11.20,0.0,0.0,1592,0.0,0,0.0,0,0,0.0,,,,,0,0,0
11.30,0.0,0.0,1446,0.0,0,0.0,0,0,0.0,,,,,0,0,0
11.40,0.0,0.0,1463,0.0,0,0.0,0,0,0.0,,,,,0,0,0
11.50,0.0,0.0,1595,0.0,0,0.0,0,0,0.0,,,,,0,0,0
11.60,0.0,0.0,1522,0.0,0,0.0,0,0,0.0,,,,,0,0,0
11.70,0.0,0.0,1604,0.0,0,0.0,0,0,0.0,,,,,0,0,0
11.80,0.0,0.0,1551,0.0,0,0.0,0,0,0.0,,,,,0,0,0
11.90,0.0,0.0,1478,0.0,0,0.0,0,0,0.0,,,,,0,0,0
12.00,0.0,0.0,1533,0.0,0,0.0,0,0,0.0,,,,,0,0,0
12.10,0.0,0.0,1604,0.0,0,0.0,0,0,0.0,,,,,0,0,0
12.20,0.0,0.0,1494,0.0,0,0.0,0,0,0.0,,,,,0,0,0
12.30,0.0,0.0,1575,0.0,0,0.0,0,0,0.0,,,,,0,0,0
12.40,0.0,0.0,1539,0.0,0,0.0,0,0,0.0,,,,,0,0,0
12.50,0.0,0.0,1480,0.0,0,0.0,0,0,0.0,,,,,0,0,0
12.60,0.0,0.0,1541,0.0,0,0.0,0,0,0.0,,,,,0,0,0
12.70,0.0,0.0,1537,0.0,0,0.0,0,0,0.0,,,,,0,0,0
12.80,0.0,0.0,1571,0.0,0,0.0,0,0,0.0,,,,,0,0,0
12.90,0.0,0.0,1550,0.0,0,0.0,0,0,0.0,,,,,0,0,0
13.00,0.0,0.0,1513,0.0,0,0.0,0,0,0.0,,,,,0,0,0
13.10,0.0,0.0,1465,0.0,0,0.0,0,0,0.0,,,,,0,0,0
13.20,0.0,0.0,1567,0.0,0,0.0,0,0,0.0,,,,,0,0,0
13.30,0.0,0.0,1521,0.0,0,0.0,0,0,0.0,,,,,0,0,0
13.40,0.0,0.0,1556,0.0,0,0.0,0,0,0.0,,,,,0,0,0
13.50,0.0,0.0,1587,0.0,0,0.0,0,0,0.0,,,,,0,0,0
13.60,0.0,0.0,1590,0.0,0,0.0,0,0,0.0,,,,,0,0,0
13.70,0.0,0.0,1549,0.0,0,0.0,0,0,0.0,,,,,0,0,0
13.80,0.0,0.0,1524,0.0,0,0.0,0,0,0.0,,,,,0,0,0
13.90,0.0,0.0,1599,0.0,0,0.0,0,0,0.0,,,,,0,0,0
14.00,0.0,0.0,1539,0.0,0,0.0,0,0,0.0,,,,,0,0,0
14.10,0.0,0.0,1540,0.0,0,0.0,0,0,0.0,,,,,0,0,0
14.20,0.0,0.0,1555,0.0,0,0.0,0,0,0.0,,,,,0,0,0
14.30,0.0,0.0,1528,0.0,0,0.0,0,0,0.0,,,,,0,0,0
14.40,0.0,0.0,1550,0.0,0,0.0,0,0,0.0,,,,,0,0,0
14.50,0.0,0.0,1551,0.0,0,0.0,0,0,0.0,,,,,0,0,0
14.60,0.0,0.0,1555,0.0,0,0.0,0,0,0.0,,,,,0,0,0
14.70,0.0,0.0,1508,0.0,0,0.0,0,0,0.0,,,,,0,0,0
14.80,0.0,0.0,1529,0.0,0,0.0,0,0,0.0,,,,,0,0,0
14.90,0.0,0.0,1599,0.0,0,0.0,0,0,0.0,,,,,0,0,0
15.00,0.0,0.0,1553,0.0,0,0.0,0,0,0.0,,,,,0,0,0
15.10,0.0,0.0,1533,0.0,0,0.0,0,0,0.0,,,,,0,0,0
15.20,0.0,0.0,1520,0.0,0,0.0,0,0,0.0,,,,,0,0,0
15.30,0.0,0.0,1573,0.0,0,0.0,0,0,0.0,,,,,0,0,0
15.40,0.0,0.0,1596,0.0,0,0.0,0,0,0.0,,,,,0,0,0
15.50,0.0,0.0,1619,0.0,0,0.0,0,0,0.0,,,,,0,0,0
15.60,0.0,0.0,1564,0.0,0,0.0,0,0,0.0,,,,,0,0,0
15.70,0.0,0.0,1525,0.0,0,0.0,0,0,0.0,,,,,0,0,0
15.80,0.0,0.0,1553,0.0,0,0.0,0,0,0.0,,,,,0,0,0
15.90,0.0,0.0,1569,0.0,0,0.0,0,0,0.0,,,,,0,0,0
16.00,0.0,0.0,1551,0.0,0,0.0,0,0,0.0,,,,,0,0,0
16.10,0.0,0.0,1564,0.0,0,0.0,0,0,0.0,,,,,0,0,0
16.20,0.0,0.0,1562,0.0,0,0.0,0,0,0.0,,,,,0,0,0
16.30,0.0,0.0,1553,0.0,0,0.0,0,0,0.0,,,,,0,0,0
16.40,0.0,0.0,1600,0.0,0,0.0,0,0,0.0,,,,,0,0,0
16.50,0.0,0.0,1549,0.0,0,0.0,0,0,0.0,,,,,0,0,0
16.60,0.0,0.0,1614,0.0,0,0.0,0,0,0.0,,,,,0,0,0
16.70,0.0,0.0,1547,0.0,0,0.0,0,0,0.0,,,,,0,0,0
16.80,0.0,0.0,1588,0.0,0,0.0,0,0,0.0,,,,,0,0,0
16.90,0.0,0.0,1538,0.0,0,0.0,0,0,0.0,,,,,0,0,0
17.00,0.0,0.0,1564,0.0,0,0.0,0,0,0.0,,,,,0,0,0
17.10,0.0,0.0,1610,0.0,0,0.0,0,0,0.0,,,,,0,0,0
17.20,0.0,0.0,1478,0.0,0,0.0,0,0,0.0,,,,,0,0,0
17.30,0.0,0.0,1552,0.0,0,0.0,0,0,0.0,,,,,0,0,0
17.40,0.0,0.0,1659,0.0,0,0.0,0,0,0.0,,,,,0,0,0
17.50,0.0,0.0,1517,0.0,0,0.0,0,0,0.0,,,,,0,0,0
17.60,0.0,0.0,1486,0.0,0,0.0,0,0,0.0,,,,,0,0,0
17.70,0.0,0.0,1633,0.0,0,0.0,0,0,0.0,,,,,0,0,0
17.80,0.0,0.0,1594,0.0,0,0.0,0,0,0.0,,,,,0,0,0
17.90,0.0,0.0,1590,0.0,0,0.0,0,0,0.0,,,,,0,0,0
18.00,0.0,0.0,1570,0.0,0,0.0,0,0,0.0,,,,,0,0,0
18.10,0.0,0.0,1567,0.0,0,0.0,0,0,0.0,,,,,0,0,0
18.20,0.0,0.0,1573,0.0,0,0.0,0,0,0.0,,,,,0,0,0
18.30,0.0,0.0,1533,0.0,0,0.0,0,0,0.0,,,,,0,0,0
18.40,0.0,0.0,1605,0.0,0,0.0,0,0,0.0,,,,,0,0,0
18.50,0.0,0.0,1578,0.0,0,0.0,0,0,0.0,,,,,0,0,0
18.60,0.0,0.0,1544,0.0,0,0.0,0,0,0.0,,,,,0,0,0
18.70,0.0,0.0,1525,0.0,0,0.0,0,0,0.0,,,,,0,0,0
18.80,0.0,0.0,1562,0.0,0,0.0,0,0,0.0,,,,,0,0,0
18.90,0.0,0.0,1586,0.0,0,0.0,0,0,0.0,,,,,0,0,0
19.00,0.0,0.0,1579,0.0,0,0.0,0,0,0.0,,,,,0,0,0
19.10,0.0,0.0,1579,0.0,0,0.0,0,0,0.0,,,,,0,0,0
19.20,0.0,0.0,1633,0.0,0,0.0,0,0,0.0,,,,,0,0,0
19.30,0.0,0.0,1594,0.0,0,0.0,0,0,0.0,,,,,0,0,0
19.40,0.0,0.0,1555,0.0,0,0.0,0,0,0.0,,,,,0,0,0
19.50,0.0,0.0,1618,0.0,0,0.0,0,0,0.0,,,,,0,0,0
19.60,0.0,0.0,1594,0.0,0,0.0,0,0,0.0,,,,,0,0,0
19.70,0.0,0.0,1617,0.0,0,0.0,0,0,0.0,,,,,0,0,0
19.80,0.0,0.0,1503,0.0,0,0.0,0,0,0.0,,,,,0,0,0
19.90,0.0,0.0,1516,0.0,0,0.0,0,0,0.0,,,,,0,0,0
20.00,0.0,0.0,1569,0.0,0,0.0,0,0,0.0,,,,,0,0,0
20.10,0.0,0.0,1539,0.0,0,0.0,0,0,0.0,,,,,0,0,0
20.20,0.0,0.0,1564,0.0,0,0.0,0,0,0.0,,,,,0,0,0
20.30,0.0,0.0,1502,0.0,0,0.0,0,0,0.0,,,,,0,0,0
20.40,0.0,0.0,1570,0.0,0,0.0,0,0,0.0,,,,,0,0,0
20.50,0.0,0.0,1598,0.0,0,0.0,0,0,0.0,,,,,0,0,0
20.60,0.0,0.0,1542,0.0,0,0.0,0,0,0.0,,,,,0,0,0
20.70,0.0,0.0,1492,0.0,0,0.0,0,0,0.0,,,,,0,0,0
20.80,0.0,0.0,1649,0.0,0,0.0,0,0,0.0,,,,,0,0,0
20.90,0.0,0.0,1597,0.0,0,0.0,0,0,0.0,,,,,0,0,0
21.00,0.0,0.0,1552,0.0,0,0.0,0,0,0.0,,,,,0,0,0
21.10,0.0,0.0,1493,0.0,0,0.0,0,0,0.0,,,,,0,0,0
21.20,0.0,0.0,1562,0.0,0,0.0,0,0,0.0,,,,,0,0,0
21.30,0.0,0.0,1568,0.0,0,0.0,0,0,0.0,,,,,0,0,0
21.40,0.0,0.0,1619,0.0,0,0.0,0,0,0.0,,,,,0,0,0
21.50,0.0,0.0,1584,0.0,0,0.0,0,0,0.0,,,,,0,0,0
21.60,0.0,0.0,1503,0.0,0,0.0,0,0,0.0,,,,,0,0,0
21.70,0.0,0.0,1507,0.0,0,0.0,0,0,0.0,,,,,0,0,0
21.80,0.0,0.0,1569,0.0,0,0.0,0,0,0.0,,,,,0,0,0
21.90,0.0,0.0,1568,0.0,0,0.0,0,0,0.0,,,,,0,0,0
22.00,0.0,0.0,1578,0.0,0,0.0,0,0,0.0,,,,,0,0,0
22.10,0.0,0.0,1551,0.0,0,0.0,0,0,0.0,,,,,0,0,0
22.20,0.0,0.0,1561,0.0,0,0.0,0,0,0.0,,,,,0,0,0
22.30,0.0,0.0,1539,0.0,0,0.0,0,0,0.0,,,,,0,0,0
22.40,0.0,0.0,1514,0.0,0,0.0,0,0,0.0,,,,,0,0,0
22.50,0.0,0.0,1490,0.0,0,0.0,0,0,0.0,,,,,0,0,0
22.60,0.0,0.0,1511,0.0,0,0.0,0,0,0.0,,,,,0,0,0
22.70,0.0,0.0,1647,0.0,0,0.0,0,0,0.0,,,,,0,0,0
22.80,0.0,0.0,1562,0.0,0,0.0,0,0,0.0,,,,,0,0,0
22.90,0.0,0.0,1571,0.0,0,0.0,0,0,0.0,,,,,0,0,0
23.00,0.0,0.0,1524,0.0,0,0.0,0,0,0.0,,,,,0,0,0
23.10,0.0,0.0,1519,0.0,0,0.0,0,0,0.0,,,,,0,0,0
23.20,0.0,0.0,1509,0.0,0,0.0,0,0,0.0,,,,,0,0,0
23.30,0.0,0.0,1522,0.0,0,0.0,0,0,0.0,,,,,0,0,0
23.40,0.0,0.0,1599,0.0,0,0.0,0,0,0.0,,,,,0,0,0
23.50,0.0,0.0,1585,0.0,0,0.0,0,0,0.0,,,,,0,0,0
23.60,0.0,0.0,1559,0.0,0,0.0,0,0,0.0,,,,,0,0,0
23.70,0.0,0.0,1545,0.0,0,0.0,0,0,0.0,,,,,0,0,0
23.80,0.0,0.0,1459,0.0,0,0.0,0,0,0.0,,,,,0,0,0
23.90,0.0,0.0,1515,0.0,0,0.0,0,0,0.0,,,,,0,0,0
24.00,0.0,0.0,1546,0.0,0,0.0,0,0,0.0,,,,,0,0,0
24.10,0.0,0.0,1541,0.0,0,0.0,0,0,0.0,,,,,0,0,0
24.20,0.0,0.0,1633,0.0,0,0.0,0,0,0.0,,,,,0,0,0
24.30,0.0,0.0,1556,0.0,0,0.0,0,0,0.0,,,,,0,0,0
24.40,0.0,0.0,1527,0.0,0,0.0,0,0,0.0,,,,,0,0,0
24.50,0.0,0.0,1513,0.0,0,0.0,0,0,0.0,,,,,0,0,0
24.60,0.0,0.0,1536,0.0,0,0.0,0,0,0.0,,,,,0,0,0
24.70,0.0,0.0,1551,0.0,0,0.0,0,0,0.0,,,,,0,0,0
24.80,0.0,0.0,1576,0.0,0,0.0,0,0,0.0,,,,,0,0,0
24.90,0.0,0.0,1479,0.0,0,0.0,0,0,0.0,,,,,0,0,0
25.00,0.0,0.0,1463,0.0,0,0.0,0,0,0.0,,,,,0,0,0
25.10,0.0,0.0,1446,0.0,0,0.0,0,0,0.0,,,,,0,0,0
25.20,0.0,0.0,1493,0.0,0,0.0,0,0,0.0,,,,,0,0,0
25.30,0.0,0.0,1521,0.0,0,0.0,0,0,0.0,,,,,0,0,0
25.40,0.0,0.0,1549,0.0,0,0.0,0,0,0.0,,,,,0,0,0
25.50,0.0,0.0,1568,0.0,0,0.0,0,0,0.0,,,,,0,0,0
25.60,0.0,0.0,1479,0.0,0,0.0,0,0,0.0,,,,,0,0,0
25.70,0.0,0.0,1438,0.0,0,0.0,0,0,0.0,,,,,0,0,0
25.80,0.0,0.0,1479,0.0,0,0.0,0,0,0.0,,,,,0,0,0
25.90,0.0,0.0,1490,0.0,0,0.0,0,0,0.0,,,,,0,0,0
26.00,0.0,0.0,1535,1.5,0,0.0,0,0,0.0,,,,,0,0,0
26.10,0.0,0.0,1546,6.0,0,0.0,0,0,0.0,,,,,0,0,0
26.20,0.0,0.0,1603,6.0,0,0.0,0,0,0.0,,,,,0,0,0
26.30,0.0,0.0,1651,6.0,0,0.0,0,0,0.0,,,,,0,0,0
26.40,0.0,0.0,1574,6.5,0,0.0,0,0,0.0,,,,,0,0,0
26.50,0.0,0.0,1564,9.0,0,0.0,0,0,0.0,,,,,0,0,0
26.60,0.0,0.0,1707,18.0,0,0.0,0,0,0.0,,,,,0,0,0
26.70,0.0,0.0,2361,31.5,0,0.0,0,0,0.0,,,,,0,0,0
26.80,0.0,0.0,3212,34.0,0,0.0,0,0,0.0,,,,,0,0,0
26.90,0.0,0.0,3719,33.0,0,0.0,0,0,0.0,,,,,0,0,0
27.00,0.0,0.0,3798,33.5,0,0.0,0,0,0.0,,,,,0,0,0
27.10,0.0,0.0,3658,34.0,0,0.0,0,0,0.0,,,,,0,0,0
27.20,0.0,0.0,3493,31.0,0,0.0,0,0,0.0,,,,,0,0,0
27.30,0.0,0.0,3194,32.5,0,0.0,0,0,0.0,,,,,0,0,0
27.40,0.0,0.0,3103,37.5,0,0.0,0,0,0.0,,,,,0,0,0
27.50,112.8,70.1,7145,64.0,3,-22.8,0,0,0.0,38.1619810,-122.4559810,0.0,0.0,0,0,0
27.60,113.3,70.4,7133,62.0,3,-21.9,0,0,0.0,38.1619870,-122.4560120,0.0,0.0,0,0,0
27.70,113.8,70.7,7202,59.0,3,-20.9,0,0,12224.0,38.1619860,-122.4560300,0.0,0.0,0,0,0
27.80,114.2,71.0,7176,57.5,3,-19.6,0,0,12224.0,38.1619800,-122.4560320,11.6,38.1,0,0,0
27.90,114.4,71.1,7162,56.0,3,-18.4,0,0,12224.0,38.1619710,-122.4560200,11.6,38.1,0,0,0
28.00,114.0,70.8,7188,53.5,3,-16.9,0,0,12224.0,38.1619630,-122.4560150,11.6,38.1,0,0,0
28.10,114.1,70.9,7182,52.5,3,-15.2,0,0,12224.0,38.1619570,-122.4560260,11.6,38.1,0,0,0
28.20,114.3,71.0,7149,49.5,3,-13.1,0,0,12224.0,38.1619590,-122.4560630,11.6,38.1,0,0,0
28.30,114.2,71.0,7174,45.0,3,-11.4,0,0,12224.0,38.1619700,-122.4561270,11.6,38.1,0,0,0
28.40,114.3,71.0,7141,45.0,3,-9.7,0,0,12224.0,38.1619860,-122.4562160,11.6,38.1,0,0,0
28.50,113.9,70.8,7172,44.5,3,-8.1,0,0,12224.0,38.1619960,-122.4562790,11.6,38.1,0,0,0
28.60,114.1,70.9,7135,39.5,3,-7.0,0,0,12224.0,38.1620000,-122.4563200,11.6,38.1,0,0,0
28.70,113.5,70.5,7126,37.0,3,-6.3,0,0,12224.0,38.1619960,-122.4563360,11.6,38.1,0,0,0
28.80,113.0,70.2,7062,32.0,3,-5.3,0,0,12224.0,38.1619930,-122.4563530,11.8,38.7,0,0,0
28.90,112.9,70.1,7084,29.0,3,-4.6,0,0,12224.0,38.1619930,-122.4563850,11.8,38.7,0,0,0
29.00,112.7,70.0,7023,25.0,3,-4.0,0,0,12224.0,38.1619910,-122.4564070,11.8,38.7,0,0,0
29.10,112.2,69.7,6944,19.5,3,-4.3,0,0,12224.0,38.1619910,-122.4564370,11.8,38.7,0,0,0
29.20,110.7,68.8,6889,9.0,3,-6.3,0,0,12224.0,38.1619860,-122.4564520,11.8,38.7,0,0,0
29.30,110.3,68.5,6798,14.5,3,-8.9,0,0,12224.0,38.1619810,-122.4564690,11.8,38.7,0,0,0
29.40,110.0,68.3,6977,24.5,3,-10.2,0,0,12224.0,38.1619840,-122.4565100,11.8,38.7,0,0,0
29.50,108.8,67.6,6748,24.5,3,-10.7,0,0,12224.0,38.1619820,-122.4565350,11.8,38.7,0,0,0
29.60,108.7,67.5,6835,24.0,3,-11.9,0,0,12224.0,38.1619800,-122.4565640,11.8,38.7,0,0,0
29.70,108.9,67.6,6800,24.5,3,-12.4,0,0,12224.0,38.1619840,-122.4566110,11.8,38.7,0,0,0
29.80,108.2,67.2,6768,25.5,3,-12.7,0,0,12224.0,38.1619800,-122.4566320,13.6,44.6,0,0,0
29.90,107.4,66.7,6739,26.5,3,-14.1,0,0,12224.0,38.1619770,-122.4566560,13.6,44.6,0,0,0
30.00,107.3,66.7,6760,26.0,3,-15.9,0,0,12224.0,38.1619760,-122.4566870,13.6,44.6,0,0,0
30.10,107.0,66.5,6720,25.5,3,-17.8,0,0,12224.0,38.1619760,-122.4567210,13.6,44.6,0,0,0
30.20,106.8,66.3,6742,24.0,3,-20.3,0,0,12224.0,38.1619730,-122.4567520,13.6,44.6,0,0,0
30.30,107.0,66.5,6696,23.5,3,-21.9,0,0,12224.0,38.1619730,-122.4567890,13.6,44.6,0,0,0
30.40,106.3,66.1,6692,26.5,3,-22.7,0,0,12224.0,38.1619710,-122.4568200,13.6,44.6,0,0,0
30.50,106.4,66.1,6677,28.5,3,-23.6,0,0,12224.0,38.1619690,-122.4568490,13.6,44.6,0,0,0
30.60,106.1,65.9,6649,33.0,3,-24.8,0,0,12224.0,38.1619660,-122.4568780,13.6,44.6,0,0,0
30.70,106.0,65.9,6679,43.5,3,-25.3,0,0,12224.0,38.1619610,-122.4569020,13.6,44.6,0,0,0
30.80,106.1,65.9,6688,46.5,3,-25.5,0,0,12224.0,38.1619560,-122.4569290,15.5,50.9,0,0,0
30.90,106.4,66.1,6701,45.0,3,-25.7,0,0,12224.0,38.1619520,-122.4569590,15.5,50.9,0,0,0
31.00,106.7,66.3,6649,48.0,3,-25.8,0,0,12224.0,38.1619470,-122.4569870,15.5,50.9,0,0,0
31.10,105.7,65.7,6688,51.0,3,-25.5,0,0,12224.0,38.1619430,-122.4570180,15.5,50.9,0,0,0
31.20,106.8,66.3,6718,51.0,3,-25.0,0,0,12224.0,38.1619400,-122.4570480,15.5,50.9,0,0,0
31.30,106.8,66.4,6725,50.0,3,-24.9,0,0,12224.0,38.1619350,-122.4570770,15.5,50.9,0,0,0
31.40,107.2,66.6,6758,50.0,3,-25.5,0,0,12224.0,38.1619320,-122.4571120,15.5,50.9,0,0,0
31.50,107.4,66.7,6783,51.0,3,-26.4,0,0,12224.0,38.1619270,-122.4571430,15.5,50.9,0,0,0
31.60,107.7,66.9,6836,52.5,3,-27.1,0,0,12224.0,38.1619240,-122.4571820,15.5,50.9,0,0,0
31.70,108.8,67.6,6815,47.0,3,-27.8,0,0,12224.0,38.1619200,-122.4572180,15.5,50.9,0,0,0
31.80,107.8,67.0,6748,42.5,3,-28.2,0,0,12224.0,38.1619150,-122.4572540,18.1,59.4,0,0,0
31.90,107.6,66.9,6691,37.0,3,-28.8,0,0,12224.0,38.1619080,-122.4572850,18.1,59.4,0,0,0
32.00,106.6,66.3,6695,39.5,3,-29.1,0,0,12224.0,38.1619000,-122.4573160,18.1,59.4,0,0,0
32.10,106.4,66.1,6683,40.0,3,-29.1,0,0,12224.0,38.1618910,-122.4573470,18.1,59.4,0,0,0
32.20,106.2,66.0,6632,38.5,3,-29.2,0,0,12224.0,38.1618820,-122.4573770,18.1,59.4,0,0,0
32.30,105.4,65.5,6607,35.5,3,-29.5,0,0,12224.0,38.1618720,-122.4574050,18.1,59.4,0,0,0
32.40,105.1,65.3,6564,33.5,3,-29.7,0,0,12224.0,38.1618630,-122.4574360,18.1,59.4,0,0,0
32.50,104.5,65.0,6528,38.5,3,-29.4,0,0,12224.0,38.1618510,-122.4574630,18.1,59.4,0,0,0
32.60,103.8,64.5,6505,41.0,3,-29.2,0,0,12224.0,38.1618400,-122.4574890,18.1,59.4,0,0,0
32.70,103.6,64.4,6484,39.0,3,-29.4,0,0,12224.0,38.1618310,-122.4575210,18.1,59.4,0,0,0
32.80,103.2,64.1,6482,41.5,3,-29.8,0,0,12224.0,38.1618310,-122.4575210,18.1,59.4,0,0,0
32.90,102.8,63.9,6427,40.5,3,-29.9,0,0,12224.0,38.1618310,-122.4575210,18.1,59.4,0,0,0
33.00,102.4,63.6,6396,40.5,3,-29.7,0,0,12224.0,38.1618310,-122.4575210,18.1,59.4,0,0,0
33.10,101.6,63.1,6371,44.5,3,-29.1,0,0,12224.0,38.1618310,-122.4575210,18.1,59.4,0,0,0
33.20,101.3,63.0,6378,46.5,3,-28.7,0,0,12224.0,38.1618310,-122.4575210,18.1,59.4,0,0,0
33.30,101.5,63.1,6391,46.5,3,-28.5,0,0,12224.0,38.1618310,-122.4575210,18.1,59.4,0,0,0
33.40,101.4,63.0,6413,50.5,3,-28.7,0,0,12224.0,38.1618310,-122.4575210,18.1,59.4,0,0,0
33.50,101.5,63.1,6371,52.5,3,-28.8,0,0,12224.0,38.1618310,-122.4575210,18.1,59.4,0,0,0
33.60,101.4,63.0,6390,52.0,3,-28.9,0,0,12224.0,38.1617300,-122.4577810,18.1,59.4,0,0,0
33.70,101.7,63.2,6421,49.0,3,-28.9,0,0,12224.0,38.1617120,-122.4578090,18.1,59.4,0,0,0
33.80,101.9,63.3,6374,48.0,3,-28.8,0,0,12224.0,38.1616990,-122.4578410,24.1,79.1,0,0,0
33.90,101.8,63.2,6304,47.5,3,-28.4,0,0,12224.0,38.1616830,-122.4578650,24.1,79.1,0,0,0
34.00,100.5,62.4,6327,44.0,3,-28.0,0,0,12224.0,38.1616700,-122.4578930,24.1,79.1,0,0,0
34.10,100.6,62.5,6267,39.5,3,-27.5,0,0,12224.0,38.1616560,-122.4579230,24.1,79.1,0,0,0
34.20,99.8,62.0,6243,39.5,3,-27.2,0,0,12224.0,38.1616370,-122.4579320,24.1,79.1,0,0,0
34.30,99.4,61.7,6231,39.0,3,-27.0,0,0,12224.0,38.1616190,-122.4579450,24.1,79.1,0,0,0
34.40,98.9,61.5,6191,35.0,3,-26.6,0,0,12224.0,38.1616050,-122.4579690,24.1,79.1,0,0,0
34.50,98.4,61.1,6162,34.0,3,-26.1,0,0,12224.0,38.1615890,-122.4579910,24.1,79.1,0,0,0
34.60,98.0,60.9,6098,34.5,3,-25.3,0,0,12224.0,38.1615720,-122.4580100,24.1,79.1,0,0,0
34.70,97.0,60.3,6053,34.5,3,-24.0,0,0,12224.0,38.1615580,-122.4580400,24.1,79.1,0,0,0
34.80,96.3,59.9,5981,34.0,3,-22.5,0,0,12224.0,38.1615400,-122.4580580,28.7,94.2,0,0,0
34.90,95.4,59.2,5936,34.0,3,-20.8,0,0,12224.0,38.1615210,-122.4580680,28.7,94.2,0,0,0
35.00,94.8,58.9,5903,30.5,3,-19.4,0,0,12224.0,38.1615040,-122.4580880,28.7,94.2,0,0,0
35.10,93.6,58.2,5819,30.0,3,-17.5,0,0,12224.0,38.1614890,-122.4581130,28.7,94.2,0,0,0
35.20,92.7,57.6,5730,20.0,3,-14.7,0,0,12224.0,38.1614730,-122.4581380,28.7,94.2,0,0,0
35.30,91.1,56.6,5641,17.5,3,-11.5,0,0,12224.0,38.1614560,-122.4581570,28.7,94.2,0,0,0
35.40,90.2,56.0,5630,18.5,3,-8.6,0,0,12224.0,38.1614400,-122.4581800,28.7,94.2,0,0,0
35.50,89.6,55.7,5585,18.0,3,-6.7,0,0,12224.0,38.1614230,-122.4581960,28.7,94.2,0,0,0
35.60,88.9,55.2,5564,17.0,3,-4.7,0,0,12224.0,38.1614050,-122.4582100,28.7,94.2,0,0,0
35.70,88.1,54.8,5452,14.0,3,-1.5,0,0,12224.0,38.1613880,-122.4582270,28.7,94.2,0,0,0
35.80,86.9,54.0,5464,14.0,3,3.2,0,0,12224.0,38.1613730,-122.4582500,32.8,107.6,0,0,0
35.90,86.4,53.7,5436,15.0,3,8.9,0,0,12224.0,38.1613570,-122.4582700,32.8,107.6,0,0,0
36.00,86.2,53.5,5401,14.5,3,13.7,0,0,12224.0,38.1613410,-122.4582880,32.8,107.6,0,0,0
36.10,85.6,53.2,5310,13.0,3,17.7,0,0,12224.0,38.1613250,-122.4583040,32.8,107.6,0,0,0
36.20,85.3,53.0,5268,12.5,3,21.6,0,0,12224.0,38.1613080,-122.4583170,32.8,107.6,0,0,0
36.30,84.9,52.7,5276,14.0,3,24.7,0,0,12224.0,38.1612910,-122.4583300,32.8,107.6,0,0,0
36.40,84.7,52.6,5665,22.0,3,26.7,0,0,12224.0,38.1612750,-122.4583410,32.8,107.6,0,0,0
36.50,85.2,52.9,5242,19.0,3,28.4,0,0,12224.0,38.1612600,-122.4583560,32.8,107.6,0,0,0
36.60,83.9,52.2,5215,19.0,3,29.8,0,0,12224.0,38.1612450,-122.4583700,32.8,107.6,0,0,0
36.70,83.3,51.8,5223,19.0,3,30.9,0,0,12224.0,38.1612290,-122.4583840,32.8,107.6,0,0,0
36.80,83.1,51.6,5202,18.5,3,31.6,0,0,12224.0,38.1612150,-122.4584010,36.2,118.8,0,0,0
36.90,83.0,51.5,5187,18.5,3,32.4,0,0,12224.0,38.1612010,-122.4584170,36.2,118.8,0,0,0
37.00,82.4,51.2,5153,19.0,3,33.0,0,0,12224.0,38.1611880,-122.4584340,36.2,118.8,0,0,0
37.10,81.5,50.6,5092,19.5,3,33.3,0,0,12224.0,38.1611760,-122.4584570,36.2,118.8,0,0,0
37.20,80.6,50.1,5029,16.0,3,33.5,0,0,12224.0,38.1611650,-122.4584800,36.2,118.8,0,0,0
37.30,79.8,49.6,5000,17.5,3,33.8,0,0,12224.0,38.1611520,-122.4584960,36.2,118.8,0,0,0
37.40,79.3,49.3,4988,22.5,3,34.1,0,0,12224.0,38.1611420,-122.4585220,36.2,118.8,0,0,0
37.50,78.9,49.0,4940,24.5,3,34.2,0,0,12224.0,38.1611310,-122.4585400,36.2,118.8,0,0,0
37.60,78.4,48.7,4897,19.5,3,34.2,0,0,12224.0,38.1611220,-122.4585640,36.2,118.8,0,0,0
37.70,77.8,48.3,4871,18.5,3,34.4,0,0,12224.0,38.1611120,-122.4585850,36.2,118.8,0,0,0
37.80,77.1,47.9,4813,19.0,3,34.6,0,0,12224.0,38.1611030,-122.4586040,39.0,128.0,0,0,0
37.90,76.3,47.4,4794,20.0,3,34.8,0,0,12224.0,38.1610930,-122.4586220,39.0,128.0,0,0,0
38.00,75.9,47.1,4786,28.0,3,35.0,0,0,12224.0,38.1610830,-122.4586360,39.0,128.0,0,0,0
38.10,75.7,47.1,4762,30.0,3,35.0,0,0,12224.0,38.1610730,-122.4586490,39.0,128.0,0,0,0
38.20,75.3,46.8,4755,29.0,3,35.3,0,0,12224.0,38.1610690,-122.4586780,39.0,128.0,0,0,0
38.30,75.3,46.8,4745,29.5,3,35.9,0,0,12224.0,38.1610630,-122.4587030,39.0,128.0,0,0,0
38.40,75.2,46.7,4753,31.0,3,36.6,0,0,12224.0,38.1610560,-122.4587180,39.0,128.0,0,0,0
38.50,75.1,46.7,4747,34.0,3,37.2,0,0,12224.0,38.1610490,-122.4587350,39.0,128.0,0,0,0
38.60,75.2,46.7,4738,35.0,3,37.3,0,0,12224.0,38.1610420,-122.4587520,39.0,128.0,0,0,0
38.70,75.0,46.6,4735,35.0,3,37.2,0,0,12224.0,38.1610350,-122.4587690,39.0,128.0,0,0,0
38.80,75.0,46.6,4742,35.0,3,37.2,0,0,12224.0,38.1610300,-122.4587870,41.2,135.2,0,0,0
38.90,75.1,46.7,4721,34.5,3,37.1,0,0,12224.0,38.1610240,-122.4588030,41.2,135.2,0,0,0
39.00,74.9,46.6,4724,34.5,3,37.3,0,0,12224.0,38.1610190,-122.4588230,41.2,135.2,0,0,0
39.10,75.2,46.7,4726,38.0,3,37.3,0,0,12224.0,38.1610160,-122.4588420,41.2,135.2,0,0,0
39.20,75.2,46.7,4788,42.0,3,37.4,0,0,12224.0,38.1610120,-122.4588590,41.2,135.2,0,0,0
39.30,76.3,47.4,4801,41.5,3,37.4,0,0,12224.0,38.1610100,-122.4588790,41.2,135.2,0,0,0
39.40,76.7,47.6,4826,41.5,3,37.7,0,0,12224.0,38.1610060,-122.4588930,41.2,135.2,0,0,0
39.50,76.7,47.7,4835,43.0,3,38.2,0,0,12224.0,38.1610040,-122.4589080,41.2,135.2,0,0,0
39.60,77.1,47.9,4914,49.5,3,38.6,0,0,12224.0,38.1610040,-122.4589250,41.2,135.2,0,0,0
39.70,78.0,48.5,4950,51.5,3,38.7,0,0,12224.0,38.1610030,-122.4589400,41.2,135.2,0,0,0
39.80,78.4,48.7,4996,57.0,3,38.2,0,0,12224.0,38.1610040,-122.4589560,42.5,139.4,0,0,0
39.90,79.1,49.1,5077,61.5,3,37.2,0,0,12224.0,38.1610050,-122.4589740,42.5,139.4,0,0,0
40.00,80.7,50.1,5134,64.5,3,36.5,0,0,12224.0,38.1610080,-122.4589950,42.5,139.4,0,0,0
40.10,81.8,50.8,5196,67.5,3,36.0,0,0,12224.0,38.1610100,-122.4590110,42.5,139.4,0,0,0
40.20,81.9,50.9,5213,69.0,3,35.5,0,0,12224.0,38.1610120,-122.4590270,42.5,139.4,0,0,0
40.30,82.6,51.3,5292,69.0,3,34.8,0,0,12224.0,38.1610170,-122.4590460,42.5,139.4,0,0,0
40.40,84.4,52.4,5333,72.5,3,34.1,0,0,12224.0,38.1610210,-122.4590650,42.5,139.4,0,0,0
40.50,84.6,52.6,5368,84.0,3,33.6,0,0,12224.0,38.1610270,-122.4590840,42.5,139.4,0,0,0
40.60,85.2,53.0,5403,93.0,3,32.5,0,0,12224.0,38.1610390,-122.4591100,42.5,139.4,0,0,0
40.70,85.3,53.0,5419,97.0,3,30.6,0,0,12224.0,38.1610460,-122.4591300,42.5,139.4,0,0,0
40.80,86.0,53.5,5487,98.0,3,28.5,0,0,12224.0,38.1610540,-122.4591510,44.3,145.3,0,0,0
40.90,86.8,53.9,5474,98.0,3,26.7,0,0,12224.0,38.1610610,-122.4591730,44.3,145.3,0,0,0
41.00,87.3,54.3,5558,98.0,3,25.4,0,0,12224.0,38.1610660,-122.4591820,44.3,145.3,0,0,0
41.10,87.9,54.6,5600,98.0,3,24.7,0,0,12224.0,38.1610730,-122.4591970,44.3,145.3,0,0,0
41.20,89.1,55.3,5689,98.0,3,24.3,0,0,12224.0,38.1610820,-122.4592190,44.3,145.3,0,0,0
41.30,90.2,56.1,5698,99.0,3,23.8,0,0,12224.0,38.1610920,-122.4592400,44.3,145.3,0,0,0
41.40,90.6,56.3,5784,99.0,3,23.2,0,0,12224.0,38.1611020,-122.4592610,44.3,145.3,0,0,0
41.50,91.5,56.9,5811,99.0,3,22.5,0,0,12224.0,38.1611120,-122.4592820,44.3,145.3,0,0,0
41.60,92.1,57.3,5896,99.0,3,21.8,0,0,12224.0,38.1611220,-122.4593000,44.3,145.3,0,0,0
41.70,93.6,58.2,5947,99.0,3,21.0,0,0,12224.0,38.1611330,-122.4593200,44.3,145.3,0,0,0
41.80,94.7,58.8,6015,99.0,3,20.6,0,0,12224.0,38.1611450,-122.4593440,44.7,146.7,0,0,0
41.90,95.8,59.5,6094,97.5,3,20.5,0,0,12224.0,38.1611560,-122.4593640,44.7,146.7,0,0,0
42.00,97.1,60.4,6163,96.5,3,20.6,0,0,12224.0,38.1611680,-122.4593820,44.7,146.7,0,0,0
42.10,97.8,60.8,6227,96.0,3,20.7,0,0,12224.0,38.1611810,-122.4594060,44.7,146.7,0,0,0
42.20,98.8,61.4,6273,96.0,3,20.7,0,0,12224.0,38.1611940,-122.4594280,44.7,146.7,0,0,0
42.30,99.8,62.0,6331,96.0,3,20.5,0,0,12224.0,38.1612060,-122.4594490,44.7,146.7,0,0,0
42.40,100.9,62.7,6393,96.0,3,20.3,0,0,12224.0,38.1612170,-122.4594650,44.7,146.7,0,0,0
42.50,101.8,63.2,6447,96.0,3,19.9,0,0,12224.0,38.1612280,-122.4594790,44.7,146.7,0,0,0
42.60,102.2,63.5,6503,96.0,3,19.2,0,0,12224.0,38.1612400,-122.4594940,44.7,146.7,0,0,0
42.70,103.8,64.5,6587,96.0,3,18.4,0,0,12224.0,38.1612520,-122.4595100,44.7,146.7,0,0,0
42.80,104.1,64.7,6552,96.0,3,17.4,0,0,12224.0,38.1612650,-122.4595280,45.7,149.9,0,0,0
42.90,104.6,65.0,6603,95.5,3,16.0,0,0,12224.0,38.1612800,-122.4595480,45.7,149.9,0,0,0
43.00,104.9,65.2,6663,95.5,3,14.7,0,0,12224.0,38.1612940,-122.4595660,45.7,149.9,0,0,0
43.10,106.1,65.9,6725,94.5,3,13.5,0,0,12224.0,38.1613080,-122.4595830,45.7,149.9,0,0,0
43.20,107.0,66.5,6794,94.0,3,12.4,0,0,12224.0,38.1613220,-122.4595990,45.7,149.9,0,0,0
43.30,107.8,67.0,6810,90.5,3,11.3,0,0,12224.0,38.1613370,-122.4596170,45.7,149.9,0,0,0
43.40,108.5,67.4,6886,89.5,3,10.4,0,0,12224.0,38.1613530,-122.4596350,45.7,149.9,0,0,0
43.50,108.9,67.7,6934,89.5,3,9.8,0,0,12224.0,38.1613690,-122.4596530,45.7,149.9,0,0,0
43.60,110.4,68.6,6968,87.5,3,9.2,0,0,12224.0,38.1613850,-122.4596710,45.7,149.9,0,0,0
43.70,111.3,69.2,7076,86.5,3,8.8,0,0,12224.0,38.1614020,-122.4596900,45.7,149.9,0,0,0
43.80,112.5,69.9,7096,85.0,3,8.3,0,0,12224.0,38.1614200,-122.4597100,47.1,154.5,0,0,0
43.90,113.4,70.5,7184,84.5,3,7.7,0,0,12224.0,38.1614380,-122.4597300,47.1,154.5,0,0,0
44.00,114.3,71.0,7212,82.0,3,7.0,0,0,12224.0,38.1614580,-122.4597520,47.1,154.5,0,0,0
44.10,115.2,71.6,7309,79.5,3,6.4,0,0,12224.0,38.1614850,-122.4597820,47.1,154.5,0,0,0
44.20,116.6,72.4,7421,77.0,3,5.9,0,0,12224.0,38.1615060,-122.4598050,47.1,154.5,0,0,0
44.30,117.3,72.9,7454,72.0,3,5.8,0,0,12224.0,38.1615270,-122.4598320,47.1,154.5,0,0,0
44.40,118.4,73.6,7546,70.5,3,5.8,0,0,12224.0,38.1615490,-122.4598570,47.1,154.5,0,0,0
44.50,119.4,74.2,7565,66.5,3,6.0,0,0,12224.0,38.1615700,-122.4598830,47.1,154.5,0,0,0
44.60,120.3,74.7,7594,63.0,3,6.4,0,0,12224.0,38.1615910,-122.4599070,47.1,154.5,0,0,0
44.70,120.8,75.0,7642,61.5,3,6.8,0,0,12224.0,38.1616130,-122.4599330,47.1,154.5,0,0,0
44.80,121.9,75.8,7711,61.5,3,7.0,0,0,12224.0,38.1616350,-122.4599580,47.3,155.2,0,0,0
44.90,122.6,76.2,7730,60.0,3,7.3,0,0,12224.0,38.1616560,-122.4599840,47.3,155.2,0,0,0
45.00,123.2,76.5,7819,60.0,3,7.5,0,0,12224.0,38.1616780,-122.4600080,47.3,155.2,0,0,0
45.10,124.2,77.2,7862,59.5,3,7.4,0,0,12224.0,38.1617010,-122.4600340,47.3,155.2,0,0,0
45.20,125.0,77.6,7850,57.5,3,7.2,0,0,12224.0,38.1617240,-122.4600600,47.3,155.2,0,0,0
45.30,125.0,77.7,7918,54.0,3,7.1,0,0,12224.0,38.1617460,-122.4600850,47.3,155.2,0,0,0
45.40,125.9,78.3,7918,49.5,3,7.1,0,0,12224.0,38.1617690,-122.4601100,47.3,155.2,0,0,0
45.50,125.7,78.1,7872,44.5,3,6.8,0,0,12224.0,38.1617920,-122.4601350,47.3,155.2,0,0,0
45.60,125.5,78.0,7546,0.0,3,6.5,0,0,12224.0,38.1618140,-122.4601590,47.3,155.2,0,0,0
45.70,124.5,77.4,7700,0.0,3,6.3,0,0,12224.0,38.1618380,-122.4601850,47.3,155.2,0,0,0
45.80,122.1,75.9,7639,0.0,3,6.6,0,0,12224.0,38.1618610,-122.4602100,46.3,151.9,0,0,0
45.90,121.5,75.5,7622,0.0,3,6.9,0,0,12224.0,38.1618850,-122.4602360,46.3,151.9,0,0,0
46.00,120.7,75.0,7563,0.0,3,7.5,0,0,12224.0,38.1619080,-122.4602610,46.3,151.9,0,0,0
46.10,119.4,74.2,7491,0.0,3,8.1,0,0,12224.0,38.1619320,-122.4602870,46.3,151.9,0,0,0
46.20,118.7,73.8,7455,0.0,3,8.2,0,0,12224.0,38.1619540,-122.4603090,46.3,151.9,0,0,0
46.30,117.7,73.2,7339,0.0,3,8.2,0,0,12224.0,38.1619760,-122.4603310,46.3,151.9,0,0,0
46.40,116.6,72.5,7260,0.0,3,7.3,0,0,12224.0,38.1620000,-122.4603550,46.3,151.9,0,0,0
46.50,115.3,71.6,7186,0.0,3,5.5,0,0,12224.0,38.1620220,-122.4603760,46.3,151.9,0,0,0
46.60,114.1,70.9,7099,0.0,3,4.7,0,0,12224.0,38.1620440,-122.4603970,46.3,151.9,0,0,0
46.70,112.9,70.1,7019,0.0,3,4.2,0,0,12225.0,38.1620670,-122.4604220,46.3,151.9,0,0,0
46.80,111.5,69.3,6943,0.0,3,2.9,0,0,12225.0,38.1620890,-122.4604460,45.8,150.3,0,0,0
46.90,110.2,68.5,6863,0.0,3,0.9,0,0,12225.0,38.1621110,-122.4604700,45.8,150.3,0,0,0
47.00,109.0,67.7,6818,0.0,3,-1.4,0,0,12225.0,38.1621310,-122.4604900,45.8,150.3,0,0,0
47.10,108.2,67.2,6745,0.0,3,-4.3,0,0,12225.0,38.1621530,-122.4605110,45.8,150.3,0,0,0
47.20,107.2,66.6,6711,0.0,3,-7.4,0,0,12225.0,38.1621730,-122.4605320,45.8,150.3,0,0,0
47.30,106.7,66.3,6669,0.0,3,-10.2,0,0,12225.0,38.1621920,-122.4605530,45.8,150.3,0,0,0
47.40,106.1,65.9,6642,0.0,3,-12.4,0,0,12225.0,38.1622120,-122.4605740,45.8,150.3,0,0,0
47.50,105.3,65.4,6616,0.0,3,-14.5,0,0,12225.0,38.1622330,-122.4605960,45.8,150.3,0,0,0
47.60,104.6,65.0,6565,2.0,3,-16.8,0,0,12225.0,38.1622520,-122.4606170,45.8,150.3,0,0,0
47.70,104.2,64.8,6519,1.5,3,-18.9,0,0,12225.0,38.1622700,-122.4606370,45.8,150.3,0,0,0
47.80,103.8,64.5,6471,2.0,3,-20.5,0,0,12225.0,38.1622890,-122.4606580,44.5,146.0,0,0,0
47.90,102.8,63.9,6444,3.5,3,-21.5,0,0,12225.0,38.1623070,-122.4606810,44.5,146.0,0,0,0
48.00,102.0,63.4,6347,11.5,3,-22.3,0,0,12225.0,38.1623250,-122.4607030,44.5,146.0,0,0,0
48.10,101.7,63.2,6303,6.5,3,-23.6,0,0,12225.0,38.1623420,-122.4607230,44.5,146.0,0,0,0
48.20,101.1,62.8,6280,3.5,3,-24.7,0,0,12225.0,38.1623590,-122.4607460,44.5,146.0,0,0,0
48.30,100.1,62.2,6228,4.5,3,-25.4,0,0,12225.0,38.1623760,-122.4607680,44.5,146.0,0,0,0
48.40,99.4,61.8,6178,2.5,3,-26.2,0,0,12225.0,38.1623920,-122.4607900,44.5,146.0,0,0,0
48.50,98.4,61.1,6143,0.0,3,-26.8,0,0,12225.0,38.1624070,-122.4608120,44.5,146.0,0,0,0
48.60,97.5,60.6,6065,0.0,3,-26.9,0,0,12225.0,38.1624230,-122.4608350,44.5,146.0,0,0,0
48.70,96.4,59.9,6000,7.5,3,-26.9,0,0,12225.0,38.1624370,-122.4608570,44.5,146.0,0,0,0
48.80,95.3,59.2,6086,17.0,3,-27.3,0,0,12225.0,38.1624500,-122.4608790,44.0,144.4,0,0,0
48.90,94.9,59.0,6156,19.0,3,-27.5,0,0,12225.0,38.1624630,-122.4609020,44.0,144.4,0,0,0
49.00,95.7,59.5,5949,29.0,3,-27.4,0,0,12225.0,38.1624760,-122.4609250,44.0,144.4,0,0,0
49.10,95.4,59.2,5948,32.0,3,-27.3,0,0,12225.0,38.1624880,-122.4609490,44.0,144.4,0,0,0
49.20,94.7,58.8,5966,35.5,3,-27.4,0,0,12225.0,38.1625000,-122.4609720,44.0,144.4,0,0,0
49.30,94.6,58.8,5986,43.5,3,-27.3,0,0,12225.0,38.1625100,-122.4609960,44.0,144.4,0,0,0
49.40,95.2,59.1,6035,49.5,3,-27.6,0,0,12225.0,38.1625200,-122.4610210,44.0,144.4,0,0,0
49.50,96.3,59.8,6004,51.5,3,-27.9,0,0,12225.0,38.1625280,-122.4610440,44.0,144.4,0,0,0
49.60,96.5,59.9,6035,52.5,3,-28.0,0,0,12225.0,38.1625360,-122.4610670,44.0,144.4,0,0,0
49.70,96.5,60.0,6092,52.5,3,-28.2,0,0,12225.0,38.1625470,-122.4610940,44.0,144.4,0,0,0
49.80,97.2,60.4,6105,47.5,3,-28.4,0,0,12225.0,38.1625550,-122.4611190,45.1,148.0,0,0,0
49.90,97.1,60.3,6066,45.5,3,-28.6,0,0,12225.0,38.1625620,-122.4611450,45.1,148.0,0,0,0
50.00,96.3,59.9,6122,45.5,3,-28.7,0,0,12225.0,38.1625700,-122.4611720,45.1,148.0,0,0,0
50.10,96.8,60.1,6098,43.5,3,-28.8,0,0,12225.0,38.1625750,-122.4611980,45.1,148.0,0,0,0
50.20,96.9,60.2,6103,44.5,3,-29.1,0,0,12225.0,38.1625810,-122.4612240,45.1,148.0,0,0,0
50.30,96.8,60.1,6096,50.0,3,-29.2,0,0,12225.0,38.1625850,-122.4612480,45.1,148.0,0,0,0
50.40,96.5,60.0,6145,52.0,3,-29.2,0,0,12225.0,38.1625900,-122.4612750,45.1,148.0,0,0,0
50.50,97.1,60.3,6109,52.0,3,-28.8,0,0,12225.0,38.1625930,-122.4613000,45.1,148.0,0,0,0
50.60,97.4,60.5,6100,51.5,3,-27.8,0,0,12225.0,38.1625950,-122.4613250,45.1,148.0,0,0,0
50.70,96.6,60.0,6083,50.5,3,-26.3,0,0,12225.0,38.1625980,-122.4613520,45.1,148.0,0,0,0
50.80,96.7,60.1,6053,48.5,3,-24.2,0,0,12225.0,38.1626010,-122.4613800,48.2,158.1,0,0,0
50.90,96.6,60.0,6022,46.5,3,-22.0,0,0,12225.0,38.1626030,-122.4614100,48.2,158.1,0,0,0
51.00,96.3,59.8,5998,44.5,3,-19.8,0,0,12225.0,38.1626050,-122.4614390,48.2,158.1,0,0,0
51.10,95.4,59.3,5946,39.5,3,-17.6,0,0,12225.0,38.1626070,-122.4614690,48.2,158.1,0,0,0
51.20,94.5,58.7,5879,36.5,3,-14.8,0,0,12225.0,38.1626080,-122.4614990,48.2,158.1,0,0,0
51.30,93.3,58.0,5816,36.5,3,-11.6,0,0,12225.0,38.1626090,-122.4615260,48.2,158.1,0,0,0
51.40,92.8,57.7,5791,35.5,3,-8.7,0,0,12225.0,38.1626090,-122.4615540,48.2,158.1,0,0,0
51.50,91.8,57.0,5788,30.5,3,-5.0,0,0,12225.0,38.1626100,-122.4615840,48.2,158.1,0,0,0
51.60,91.8,57.0,5743,23.5,3,-0.2,0,0,12225.0,38.1626100,-122.4616120,48.2,158.1,0,0,0
51.70,91.4,56.8,5704,15.5,3,6.9,0,0,12225.0,38.1626100,-122.4616420,48.2,158.1,0,0,0
51.80,90.6,56.3,5696,15.0,3,13.6,0,0,12225.0,38.1626110,-122.4616720,51.1,167.7,0,0,0
51.90,90.6,56.3,5649,15.5,3,19.2,0,0,12225.0,38.1626110,-122.4616990,51.1,167.7,0,0,0
52.00,90.2,56.0,5672,16.0,3,24.4,0,0,12225.0,38.1626120,-122.4617290,51.1,167.7,0,0,0
52.10,90.1,56.0,5685,19.0,3,28.3,0,0,12225.0,38.1626130,-122.4617550,51.1,167.7,0,0,0
52.20,90.4,56.2,5692,23.5,3,31.1,0,0,12225.0,38.1626150,-122.4617850,51.1,167.7,0,0,0
52.30,90.3,56.1,5693,30.5,3,32.7,0,0,12225.0,38.1626160,-122.4618110,51.1,167.7,0,0,0
52.40,90.7,56.4,5676,33.0,3,33.5,0,0,12225.0,38.1626170,-122.4618330,51.1,167.7,0,0,0
52.50,90.3,56.1,5640,36.5,3,33.5,0,0,12225.0,38.1626180,-122.4618540,51.1,167.7,0,0,0
52.60,89.6,55.7,5677,41.5,3,33.3,0,0,12225.0,38.1626190,-122.4618740,51.1,167.7,0,0,0
52.70,90.0,55.9,5655,44.0,3,33.1,0,0,12225.0,38.1626220,-122.4618960,51.1,167.7,0,0,0
52.80,90.3,56.1,5724,51.5,3,33.0,0,0,12225.0,38.1626250,-122.4619180,53.9,176.8,0,0,0
52.90,91.7,57.0,5734,51.0,3,33.0,0,0,12225.0,38.1626300,-122.4619430,53.9,176.8,0,0,0
53.00,91.5,56.9,5780,51.0,3,33.5,0,0,12225.0,38.1626360,-122.4619690,53.9,176.8,0,0,0
53.10,91.9,57.1,5868,50.0,3,34.7,0,0,12225.0,38.1626420,-122.4619920,53.9,176.8,0,0,0
53.20,92.9,57.7,5899,50.5,3,35.6,0,0,12225.0,38.1626480,-122.4620170,53.9,176.8,0,0,0
53.30,93.1,57.9,5899,54.5,3,36.0,0,0,12225.0,38.1626550,-122.4620420,53.9,176.8,0,0,0
53.40,93.8,58.3,5950,58.0,3,35.9,0,0,12225.0,38.1626630,-122.4620670,53.9,176.8,0,0,0
53.50,94.8,58.9,6004,58.0,3,35.8,0,0,12225.0,38.1626700,-122.4620890,53.9,176.8,0,0,0
53.60,95.9,59.6,6037,59.0,3,36.0,0,0,12225.0,38.1626820,-122.4621210,53.9,176.8,0,0,0
53.70,95.6,59.4,6062,61.0,3,36.4,0,0,12225.0,38.1626920,-122.4621470,53.9,176.8,0,0,0
53.80,96.7,60.1,6159,61.0,3,36.5,0,0,12225.0,38.1627020,-122.4621710,55.9,183.4,0,0,0
53.90,97.3,60.5,6180,61.0,3,36.6,0,0,12225.0,38.1627130,-122.4621970,55.9,183.4,0,0,0
54.00,98.2,61.0,6242,61.0,3,36.9,0,0,12225.0,38.1627240,-122.4622200,55.9,183.4,0,0,0
54.10,99.6,61.9,6295,61.0,3,36.9,0,0,12225.0,38.1627360,-122.4622430,55.9,183.4,0,0,0
54.20,100.1,62.2,6323,62.0,3,36.5,0,0,12225.0,38.1627490,-122.4622680,55.9,183.4,0,0,0
54.30,100.7,62.6,6385,67.5,3,35.7,0,0,12225.0,38.1627620,-122.4622920,55.9,183.4,0,0,0
54.40,101.9,63.3,6400,68.0,3,34.8,0,0,12225.0,38.1627750,-122.4623150,55.9,183.4,0,0,0
54.50,102.8,63.9,6476,72.5,3,34.1,0,0,12225.0,38.1627890,-122.4623380,55.9,183.4,0,0,0
54.60,103.7,64.4,6501,73.0,3,33.2,0,0,12225.0,38.1628040,-122.4623600,55.9,183.4,0,0,0
54.70,104.1,64.7,6574,75.0,3,32.0,0,0,12225.0,38.1628190,-122.4623830,55.9,183.4,0,0,0
54.80,105.0,65.2,6620,75.0,3,31.4,0,0,12225.0,38.1628350,-122.4624060,56.8,186.4,0,0,0
54.90,105.9,65.8,6706,75.0,3,31.3,0,0,12225.0,38.1628500,-122.4624280,56.8,186.4,0,0,0
55.00,107.1,66.5,6771,77.0,3,31.3,0,0,12225.0,38.1628670,-122.4624480,56.8,186.4,0,0,0
55.10,107.8,67.0,6812,79.5,3,30.7,0,0,12225.0,38.1628830,-122.4624680,56.8,186.4,0,0,0
55.20,108.5,67.4,6894,79.5,3,29.4,0,0,12225.0,38.1628990,-122.4624870,56.8,186.4,0,0,0
55.30,109.5,68.1,6908,79.5,3,28.0,0,0,12225.0,38.1629150,-122.4625050,56.8,186.4,0,0,0
55.40,110.3,68.5,6977,79.5,3,26.1,0,0,12225.0,38.1629320,-122.4625240,56.8,186.4,0,0,0
55.50,111.2,69.1,7007,79.5,3,24.0,0,0,12225.0,38.1629500,-122.4625410,56.8,186.4,0,0,0
55.60,111.3,69.2,7043,79.0,3,21.6,0,0,12225.0,38.1629690,-122.4625610,56.8,186.4,0,0,0
55.70,111.8,69.4,7115,76.5,3,19.7,0,0,12225.0,38.1629880,-122.4625800,56.8,186.4,0,0,0
55.80,113.1,70.3,7133,72.5,3,18.1,0,0,12225.0,38.1630090,-122.4626030,56.6,185.7,0,0,0
55.90,113.5,70.5,7216,70.0,3,16.5,0,0,12225.0,38.1630310,-122.4626270,56.6,185.7,0,0,0
56.00,114.5,71.2,7249,65.0,3,14.5,0,0,12225.0,38.1630530,-122.4626500,56.6,185.7,0,0,0
56.10,115.2,71.6,7264,61.5,3,12.1,0,0,12225.0,38.1630730,-122.4626710,56.6,185.7,0,0,0
56.20,115.9,72.0,7261,51.0,3,10.1,0,0,12225.0,38.1630950,-122.4626920,56.6,185.7,0,0,0
56.30,115.7,71.9,7266,35.5,3,9.1,0,0,12225.0,38.1631160,-122.4627130,56.6,185.7,0,0,0
56.40,115.7,71.9,6748,0.0,3,8.6,0,0,12225.0,38.1631370,-122.4627340,56.6,185.7,0,0,0
56.50,114.1,70.9,7104,0.0,3,7.5,0,0,12225.0,38.1631600,-122.4627560,56.6,185.7,0,0,0
56.60,112.8,70.1,7081,0.0,3,6.9,0,0,12225.0,38.1631820,-122.4627760,56.6,185.7,0,0,0
56.70,112.7,70.1,7063,0.0,3,6.4,0,0,12225.0,38.1632050,-122.4627970,56.6,185.7,0,0,0
56.80,112.2,69.7,7003,0.0,3,6.7,0,0,12225.0,38.1632270,-122.4628170,55.2,181.1,0,0,0
56.90,111.3,69.2,6990,0.0,3,6.6,0,0,12225.0,38.1632460,-122.4628350,55.2,181.1,0,0,0
57.00,111.0,69.0,6873,0.0,3,6.8,0,0,12225.0,38.1632680,-122.4628560,55.2,181.1,0,0,0
57.10,109.1,67.8,6778,0.0,3,6.4,0,0,12225.0,38.1632910,-122.4628760,55.2,181.1,0,0,0
57.20,107.8,67.0,7097,0.0,3,4.7,0,0,12225.0,38.1633100,-122.4628940,55.2,181.1,0,0,0
57.30,104.9,65.2,8097,0.0,2,4.3,0,0,12225.0,38.1633300,-122.4629130,55.2,181.1,0,0,0
57.40,102.6,63.7,7964,0.0,2,4.4,0,0,12225.0,38.1633500,-122.4629320,55.2,181.1,0,0,0
57.50,102.2,63.5,7752,0.0,2,4.1,0,0,12225.0,38.1633700,-122.4629500,55.2,181.1,0,0,0
57.60,98.4,61.1,7473,0.0,2,4.0,0,0,12225.0,38.1633910,-122.4629690,55.2,181.1,0,0,0
57.70,96.1,59.7,7446,0.0,2,4.0,0,0,12225.0,38.1634110,-122.4629860,55.2,181.1,0,0,0
57.80,94.4,58.6,7400,0.0,2,4.0,0,0,12225.0,38.1634320,-122.4630040,52.6,172.6,0,0,0
57.90,93.8,58.3,7296,0.0,2,3.8,0,0,12225.0,38.1634520,-122.4630220,52.6,172.6,0,0,0
58.00,92.3,57.4,7147,0.0,2,3.8,0,0,12225.0,38.1634710,-122.4630370,52.6,172.6,0,0,0
58.10,90.8,56.4,7016,0.0,2,4.0,0,0,12225.0,38.1634900,-122.4630560,52.6,172.6,0,0,0
58.20,89.1,55.3,6924,0.0,2,4.2,0,0,12225.0,38.1635080,-122.4630710,52.6,172.6,0,0,0
58.30,87.7,54.5,6790,0.0,2,4.8,0,0,12225.0,38.1635270,-122.4630880,52.6,172.6,0,0,0
58.40,86.3,53.6,6711,0.0,2,5.7,0,0,12225.0,38.1635450,-122.4631050,52.6,172.6,0,0,0
58.50,85.3,53.0,6449,0.0,2,6.3,0,0,12225.0,38.1635630,-122.4631210,52.6,172.6,0,0,0
58.60,82.6,51.3,6448,0.0,2,6.9,0,0,12225.0,38.1635800,-122.4631370,52.6,172.6,0,0,0
58.70,82.2,51.1,6382,0.0,2,7.1,0,0,12225.0,38.1635970,-122.4631510,52.6,172.6,0,0,0
58.80,81.2,50.5,6341,0.0,2,7.8,0,0,12225.0,38.1636140,-122.4631670,51.0,167.3,0,0,0
58.90,80.1,49.8,6253,0.0,2,8.7,0,0,12225.0,38.1636280,-122.4631790,51.0,167.3,0,0,0
59.00,79.0,49.1,6177,0.0,2,9.1,0,0,12225.0,38.1636450,-122.4631940,51.0,167.3,0,0,0
59.10,78.2,48.6,6089,0.0,2,8.7,0,0,12225.0,38.1636610,-122.4632070,51.0,167.3,0,0,0
59.20,77.2,48.0,6028,0.0,2,10.8,0,0,12225.0,38.1636770,-122.4632210,51.0,167.3,0,0,0
59.30,76.7,47.6,6056,0.0,2,13.6,0,0,12225.0,38.1636940,-122.4632340,51.0,167.3,0,0,0
59.40,76.6,47.6,6017,0.0,2,15.6,0,0,12225.0,38.1637100,-122.4632460,51.0,167.3,0,0,0
59.50,76.3,47.4,5973,0.0,2,17.6,0,0,12225.0,38.1637250,-122.4632580,51.0,167.3,0,0,0
59.60,75.6,47.0,5912,0.0,2,19.4,0,0,12225.0,38.1637410,-122.4632690,51.0,167.3,0,0,0
59.70,75.0,46.6,5899,0.0,2,21.0,0,0,12225.0,38.1637570,-122.4632810,51.0,167.3,0,0,0
59.80,74.5,46.3,5884,0.0,2,22.5,0,0,12225.0,38.1637730,-122.4632910,49.5,162.4,0,0,0
59.90,74.2,46.1,5807,0.0,2,23.5,0,0,12225.0,38.1637890,-122.4633020,49.5,162.4,0,0,0
60.00,73.8,45.9,5772,0.0,2,24.4,0,0,12225.0,38.1638050,-122.4633120,49.5,162.4,0,0,0
60.10,73.2,45.5,5735,0.0,2,25.2,0,0,12225.0,38.1638210,-122.4633210,49.5,162.4,0,0,0
60.20,72.8,45.2,5680,0.0,2,25.9,0,0,12225.0,38.1638370,-122.4633300,49.5,162.4,0,0,0
60.30,72.3,44.9,5648,0.0,2,26.8,0,0,12225.0,38.1638520,-122.4633370,49.5,162.4,0,0,0
60.40,71.8,44.6,5618,0.0,2,27.9,0,0,12225.0,38.1638690,-122.4633450,49.5,162.4,0,0,0
60.50,71.5,44.4,5595,0.0,2,28.8,0,0,12225.0,38.1638840,-122.4633510,49.5,162.4,0,0,0
60.60,70.9,44.1,5524,0.0,2,29.8,0,0,12225.0,38.1639000,-122.4633570,49.5,162.4,0,0,0
60.70,70.4,43.8,5517,0.0,2,30.8,0,0,12225.0,38.1639160,-122.4633620,49.5,162.4,0,0,0
60.80,70.0,43.5,5490,3.0,2,30.7,0,0,12225.0,38.1639320,-122.4633680,48.0,157.5,0,0,0
60.90,69.4,43.1,5417,4.0,2,31.5,0,0,12225.0,38.1639470,-122.4633720,48.0,157.5,0,0,0
61.00,69.0,42.9,5420,4.0,2,32.8,0,0,12225.0,38.1639630,-122.4633760,48.0,157.5,0,0,0
61.10,69.0,42.9,5426,4.5,2,33.1,0,0,12225.0,38.1639790,-122.4633790,48.0,157.5,0,0,0
61.20,68.7,42.7,5369,4.5,2,33.0,0,0,12225.0,38.1639950,-122.4633820,48.0,157.5,0,0,0
61.30,68.2,42.4,5306,4.0,2,33.4,0,0,12225.0,38.1640100,-122.4633830,48.0,157.5,0,0,0
61.40,67.6,42.0,5288,4.0,2,33.7,0,0,12225.0,38.1640260,-122.4633840,48.0,157.5,0,0,0
61.50,67.3,41.8,5240,5.0,2,33.5,0,0,12225.0,38.1640410,-122.4633850,48.0,157.5,0,0,0
61.60,66.7,41.4,5159,9.5,2,33.5,0,0,12225.0,38.1640570,-122.4633860,48.0,157.5,0,0,0
61.70,65.8,40.9,5242,10.0,2,34.1,0,0,12225.0,38.1640710,-122.4633830,48.0,157.5,0,0,0
61.80,66.3,41.2,5252,11.5,2,34.6,0,0,12225.0,38.1640860,-122.4633810,46.5,152.6,0,0,0
61.90,66.5,41.3,5270,16.0,2,34.9,0,0,12225.0,38.1641010,-122.4633790,46.5,152.6,0,0,0
62.00,66.3,41.2,5396,18.0,2,35.2,0,0,12225.0,38.1641150,-122.4633760,46.5,152.6,0,0,0
62.10,66.8,41.5,5257,19.0,2,34.8,0,0,12225.0,38.1641300,-122.4633730,46.5,152.6,0,0,0
62.20,66.9,41.6,5319,19.5,2,35.0,0,0,12225.0,38.1641430,-122.4633700,46.5,152.6,0,0,0
62.30,67.4,41.9,5341,22.0,2,35.5,0,0,12225.0,38.1641580,-122.4633640,46.5,152.6,0,0,0
62.40,68.3,42.4,5455,27.0,2,35.9,0,0,12225.0,38.1641720,-122.4633610,46.5,152.6,0,0,0
62.50,69.4,43.1,5524,28.5,2,36.1,0,0,12225.0,38.1641850,-122.4633530,46.5,152.6,0,0,0
62.60,70.3,43.7,5560,34.0,2,36.4,0,0,12225.0,38.1641990,-122.4633460,46.5,152.6,0,0,0
62.70,71.0,44.1,5654,34.5,2,36.6,0,0,12225.0,38.1642120,-122.4633390,46.5,152.6,0,0,0
62.80,72.2,44.9,5722,35.5,2,36.9,0,0,12225.0,38.1642250,-122.4633290,44.6,146.3,0,0,0
62.90,73.3,45.5,5814,36.0,2,37.2,0,0,12225.0,38.1642380,-122.4633200,44.6,146.3,0,0,0
63.00,74.2,46.1,5922,38.5,2,37.6,0,0,12225.0,38.1642170,-122.4631840,44.6,146.3,0,0,0
63.10,75.5,46.9,6045,44.5,2,37.7,0,0,12225.0,38.1642270,-122.4631640,44.6,146.3,0,0,0
63.20,77.1,47.9,6224,48.0,2,37.7,0,0,12225.0,38.1642410,-122.4631560,44.6,146.3,0,0,0
63.30,79.3,49.3,6253,49.0,2,37.2,0,0,12225.0,38.1642550,-122.4631480,44.6,146.3,0,0,0
63.40,79.9,49.6,6323,51.5,2,36.2,0,0,12225.0,38.1642680,-122.4631390,44.6,146.3,0,0,0
63.50,80.9,50.3,6473,54.0,2,35.1,0,0,12225.0,38.1642800,-122.4631270,44.6,146.3,0,0,0
63.60,82.7,51.4,6639,58.0,2,34.2,0,0,12225.0,38.1642920,-122.4631130,44.6,146.3,0,0,0
63.70,84.7,52.6,6757,59.5,2,33.4,0,0,12225.0,38.1643030,-122.4630990,44.6,146.3,0,0,0
63.80,85.9,53.4,6878,60.5,2,32.8,0,0,12225.0,38.1643150,-122.4630830,42.7,140.1,0,0,0
63.90,87.3,54.3,6987,61.0,2,32.2,0,0,12225.0,38.1643250,-122.4630660,42.7,140.1,0,0,0
64.00,88.8,55.2,7150,62.5,2,31.7,0,0,12225.0,38.1643360,-122.4630490,42.7,140.1,0,0,0
64.10,91.0,56.5,7316,64.0,2,31.1,0,0,12225.0,38.1643460,-122.4630300,42.7,140.1,0,0,0
64.20,93.0,57.8,7397,67.5,2,30.4,0,0,12225.0,38.1643560,-122.4630100,42.7,140.1,0,0,0
64.30,94.8,58.9,7628,70.5,2,29.6,0,0,12225.0,38.1643650,-122.4629880,42.7,140.1,0,0,0
64.40,96.9,60.2,7809,70.5,2,28.7,0,0,12225.0,38.1643740,-122.4629650,42.7,140.1,0,0,0
64.50,99.5,61.8,7956,70.5,2,27.7,0,0,12225.0,38.1643830,-122.4629410,42.7,140.1,0,0,0
64.60,101.1,62.8,8073,70.5,2,25.9,0,0,12225.0,38.1643910,-122.4629170,42.7,140.1,0,0,0
64.70,102.5,63.7,8195,70.5,2,23.8,0,0,12225.0,38.1643990,-122.4628910,42.7,140.1,0,0,0
64.80,104.2,64.8,8138,70.5,2,22.2,0,0,12225.0,38.1644070,-122.4628650,40.4,132.5,0,0,0
64.90,102.5,63.7,6422,70.5,2,20.1,0,0,12225.0,38.1644150,-122.4628380,40.4,132.5,0,0,0
65.00,104.2,64.8,6771,72.0,3,17.9,0,0,12225.0,38.1644220,-122.4628100,40.4,132.5,0,0,0
65.10,106.6,66.3,6790,72.0,3,16.1,0,0,12225.0,38.1644290,-122.4627810,40.4,132.5,0,0,0
65.20,108.5,67.4,6923,72.0,3,14.9,0,0,12225.0,38.1644360,-122.4627520,40.4,132.5,0,0,0
65.30,109.9,68.3,6981,72.0,3,13.6,0,0,12225.0,38.1644430,-122.4627230,40.4,132.5,0,0,0
65.40,111.4,69.2,7130,72.0,3,12.6,0,0,12225.0,38.1644510,-122.4626930,40.4,132.5,0,0,0
65.50,113.1,70.3,7229,72.5,3,12.4,0,0,12225.0,38.1644580,-122.4626620,40.4,132.5,0,0,0
65.60,114.5,71.2,7319,72.5,3,12.3,0,0,12225.0,38.1644650,-122.4626310,40.4,132.5,0,0,0
65.70,116.5,72.4,7463,72.5,3,12.4,0,0,12225.0,38.1644720,-122.4625990,40.4,132.5,0,0,0
65.80,118.8,73.8,7521,64.5,3,12.4,0,0,12225.0,38.1644780,-122.4625660,36.5,119.8,0,0,0
65.90,119.5,74.3,7571,58.5,3,12.7,0,0,12225.0,38.1644840,-122.4625330,36.5,119.8,0,0,0
66.00,120.4,74.8,7669,58.0,3,13.5,0,0,12225.0,38.1644900,-122.4624990,36.5,119.8,0,0,0
66.10,121.9,75.7,7718,58.0,3,14.3,0,0,12225.0,38.1644960,-122.4624650,36.5,119.8,0,0,0
66.20,122.9,76.4,7772,58.0,3,15.2,0,0,12225.0,38.1645020,-122.4624300,36.5,119.8,0,0,0
66.30,123.8,76.9,7668,58.0,3,16.0,0,0,12225.0,38.1645070,-122.4623950,36.5,119.8,0,0,0
66.40,123.0,76.4,6475,58.0,3,16.8,0,0,12225.0,38.1645120,-122.4623600,36.5,119.8,0,0,0
66.50,125.0,77.6,6620,55.0,4,17.9,0,0,12225.0,38.1645160,-122.4623240,36.5,119.8,0,0,0
66.60,126.5,78.6,6644,45.0,4,19.8,0,0,12225.0,38.1645190,-122.4622890,36.5,119.8,0,0,0
66.70,126.9,78.8,6620,34.0,4,21.4,0,0,12225.0,38.1645230,-122.4622530,36.5,119.8,0,0,0
66.80,126.9,78.8,6661,32.5,4,22.6,0,0,12225.0,38.1645260,-122.4622160,34.6,113.5,0,0,0
66.90,127.4,79.1,6680,23.0,4,24.1,0,0,12225.0,38.1645290,-122.4621800,34.6,113.5,0,0,0
67.00,127.6,79.3,6663,16.0,4,25.6,0,0,12225.0,38.1645310,-122.4621440,34.6,113.5,0,0,0
67.10,127.2,79.1,6680,16.0,4,27.1,0,0,12225.0,38.1645340,-122.4621070,34.6,113.5,0,0,0
67.20,127.5,79.2,6686,13.5,4,28.3,0,0,12225.0,38.1645360,-122.4620710,34.6,113.5,0,0,0
67.30,127.6,79.3,6608,10.5,4,29.4,0,0,12225.0,38.1645370,-122.4620340,34.6,113.5,0,0,0
67.40,126.9,78.9,6496,9.0,4,30.2,0,0,12225.0,38.1645380,-122.4619980,34.6,113.5,0,0,0
67.50,126.8,78.8,6622,8.5,4,31.0,0,0,12225.0,38.1645380,-122.4619620,34.6,113.5,0,0,0
67.60,126.5,78.6,6613,8.5,4,31.6,0,0,12225.0,38.1645370,-122.4619260,34.6,113.5,0,0,0
67.70,126.2,78.4,6607,12.5,4,32.1,0,0,12225.0,38.1645370,-122.4618900,34.6,113.5,0,0,0
67.80,125.6,78.0,6648,17.0,4,31.9,0,0,12225.0,38.1645360,-122.4618540,33.2,108.9,0,0,0
67.90,125.2,77.8,6733,16.5,4,31.8,0,0,12225.0,38.1645340,-122.4618190,33.2,108.9,0,0,0
68.00,125.7,78.1,6516,16.5,4,32.0,0,0,12225.0,38.1645310,-122.4617840,33.2,108.9,0,0,0
68.10,124.8,77.5,6551,16.5,4,32.1,0,0,12225.0,38.1645290,-122.4617490,33.2,108.9,0,0,0
68.20,124.8,77.5,6526,16.5,4,32.2,0,0,12225.0,38.1645250,-122.4617130,33.2,108.9,0,0,0
68.30,123.9,77.0,6455,17.5,4,32.2,0,0,12225.0,38.1645210,-122.4616790,33.2,108.9,0,0,0
68.40,123.9,77.0,6478,17.5,4,32.2,0,0,12225.0,38.1645170,-122.4616450,33.2,108.9,0,0,0
68.50,123.6,76.8,6505,17.5,4,32.5,0,0,12225.0,38.1645120,-122.4616100,33.2,108.9,0,0,0
68.60,123.6,76.8,6486,18.0,4,32.8,0,0,12225.0,38.1645060,-122.4615760,33.2,108.9,0,0,0
68.70,123.7,76.9,6507,24.0,4,32.8,0,0,12225.0,38.1645000,-122.4615420,33.2,108.9,0,0,0
68.80,124.0,77.0,6497,25.5,4,32.9,0,0,12225.0,38.1644930,-122.4615080,31.9,104.7,0,0,0
68.90,123.9,77.0,6490,25.5,4,33.2,0,0,12225.0,38.1644860,-122.4614740,31.9,104.7,0,0,0
69.00,124.1,77.1,6492,29.0,4,33.0,0,0,12225.0,38.1644800,-122.4614470,31.9,104.7,0,0,0
69.10,124.0,77.1,6524,35.0,4,33.1,0,0,12225.0,38.1644730,-122.4614180,31.9,104.7,0,0,0
69.20,124.5,77.4,6541,35.5,4,33.2,0,0,12225.0,38.1644650,-122.4613890,31.9,104.7,0,0,0
69.30,124.8,77.5,6578,44.0,4,32.9,0,0,12225.0,38.1644560,-122.4613580,31.9,104.7,0,0,0
69.40,125.2,77.8,6597,45.0,4,32.9,0,0,12225.0,38.1644470,-122.4613270,31.9,104.7,0,0,0
69.50,125.9,78.3,6618,45.0,4,33.0,0,0,12225.0,38.1644370,-122.4612960,31.9,104.7,0,0,0
69.60,126.2,78.4,6639,46.5,4,32.8,0,0,12225.0,38.1644260,-122.4612650,31.9,104.7,0,0,0
69.70,126.7,78.7,6679,49.5,4,33.0,0,0,12225.0,38.1644150,-122.4612340,31.9,104.7,0,0,0
69.80,127.6,79.3,6719,52.0,4,33.0,0,0,12225.0,38.1644030,-122.4612030,29.4,96.5,0,0,0
69.90,128.5,79.8,6733,53.0,4,32.8,0,0,12225.0,38.1643910,-122.4611720,29.4,96.5,0,0,0
70.00,128.2,79.7,6756,58.5,4,32.1,0,0,12225.0,38.1643780,-122.4611420,29.4,96.5,0,0,0
70.10,129.2,80.3,6789,58.5,4,31.5,0,0,12225.0,38.1643640,-122.4611110,29.4,96.5,0,0,0
70.20,129.9,80.7,6802,58.5,4,31.0,0,0,12225.0,38.1643490,-122.4610800,29.4,96.5,0,0,0
70.30,129.9,80.7,6831,62.0,4,30.5,0,0,12225.0,38.1643340,-122.4610490,29.4,96.5,0,0,0
70.40,130.1,80.9,6881,64.5,4,30.5,0,0,12225.0,38.1643190,-122.4610190,29.4,96.5,0,0,0
70.50,131.7,81.8,6929,66.5,4,30.4,0,0,12225.0,38.1643020,-122.4609890,29.4,96.5,0,0,0
70.60,132.2,82.2,6963,67.5,4,30.0,0,0,12225.0,38.1642860,-122.4609590,29.4,96.5,0,0,0
70.70,133.0,82.7,7016,68.5,4,29.7,0,0,12225.0,38.1642680,-122.4609300,29.4,96.5,0,0,0
70.80,133.8,83.1,7060,69.5,4,29.7,0,0,12225.0,38.1642500,-122.4609010,28.0,91.9,0,0,0
70.90,134.9,83.8,7103,69.5,4,29.9,0,0,12225.0,38.1642310,-122.4608720,28.0,91.9,0,0,0
71.00,135.7,84.3,7155,70.5,4,30.2,0,0,12225.0,38.1642110,-122.4608430,28.0,91.9,0,0,0
71.10,136.6,84.9,7181,72.5,4,30.0,0,0,12225.0,38.1641910,-122.4608150,28.0,91.9,0,0,0
71.20,137.2,85.3,7212,73.0,4,29.6,0,0,12225.0,38.1641710,-122.4607870,28.0,91.9,0,0,0
71.30,137.7,85.6,7223,76.5,4,28.9,0,0,12225.0,38.1641500,-122.4607590,28.0,91.9,0,0,0
71.40,138.4,86.0,7263,79.5,4,28.2,0,0,12225.0,38.1641280,-122.4607320,28.0,91.9,0,0,0
71.50,138.7,86.2,7291,80.0,4,27.4,0,0,12225.0,38.1641060,-122.4607060,28.0,91.9,0,0,0
71.60,138.9,86.3,7309,80.0,4,26.4,0,0,12225.0,38.1640830,-122.4606790,28.0,91.9,0,0,0
71.70,139.5,86.7,7341,82.0,4,25.4,0,0,12225.0,38.1640600,-122.4606530,28.0,91.9,0,0,0
71.80,139.9,86.9,7395,85.0,4,24.5,0,0,12225.0,38.1640370,-122.4606270,29.4,96.5,0,0,0
71.90,140.8,87.5,7377,89.5,4,23.2,0,0,12225.0,38.1640130,-122.4606030,29.4,96.5,0,0,0
72.00,141.0,87.6,7384,93.0,4,21.6,0,0,12225.0,38.1639880,-122.4605800,29.4,96.5,0,0,0
72.10,140.9,87.5,7382,93.0,4,19.8,0,0,12225.0,38.1639630,-122.4605550,29.4,96.5,0,0,0
72.20,141.4,87.9,7415,93.0,4,17.9,0,0,12225.0,38.1639370,-122.4605310,29.4,96.5,0,0,0
72.30,141.8,88.1,7461,93.0,4,16.4,0,0,12225.0,38.1639100,-122.4605060,29.4,96.5,0,0,0
72.40,141.7,88.0,7460,93.0,4,14.9,0,0,12225.0,38.1638840,-122.4604820,29.4,96.5,0,0,0
72.50,142.4,88.5,7465,93.0,4,13.3,0,0,12225.0,38.1638570,-122.4604580,29.4,96.5,0,0,0
72.60,142.7,88.7,7487,92.0,4,11.4,0,0,12225.0,38.1638300,-122.4604360,29.4,96.5,0,0,0
72.70,143.3,89.1,7538,88.5,4,9.6,0,0,12225.0,38.1638030,-122.4604110,29.4,96.5,0,0,0
72.80,143.7,89.3,7566,82.5,4,7.8,0,0,12225.0,38.1637750,-122.4603880,31.4,103.0,0,0,0
72.90,144.3,89.7,7584,78.0,4,6.4,0,0,12225.0,38.1637470,-122.4603650,31.4,103.0,0,0,0
73.00,144.6,89.8,7607,76.0,4,5.1,0,0,12225.0,38.1637190,-122.4603420,31.4,103.0,0,0,0
73.10,145.2,90.2,7636,73.5,4,3.5,0,0,12225.0,38.1636910,-122.4603190,31.4,103.0,0,0,0
73.20,145.6,90.5,7531,41.0,4,2.0,0,0,12225.0,38.1636630,-122.4602950,31.4,103.0,0,0,0
73.30,143.6,89.2,7291,0.0,4,0.6,0,0,12225.0,38.1636340,-122.4602710,31.4,103.0,0,0,0
73.40,140.1,87.1,7370,0.0,4,-0.0,0,0,12225.0,38.1636050,-122.4602480,31.4,103.0,0,0,0
73.50,140.3,87.2,7321,0.0,4,0.6,0,0,12225.0,38.1635770,-122.4602240,31.4,103.0,0,0,0
73.60,139.7,86.8,7264,0.0,4,0.6,0,0,12225.0,38.1635480,-122.4602010,31.4,103.0,0,0,0
73.70,138.9,86.3,7424,0.0,4,-0.3,0,0,12225.0,38.1635200,-122.4601780,31.4,103.0,0,0,0
73.80,138.5,86.1,8535,0.0,3,-0.4,0,0,12225.0,38.1634920,-122.4601560,33.8,110.9,0,0,0
73.90,136.0,84.5,8480,0.0,3,0.2,0,0,12225.0,38.1634650,-122.4601330,33.8,110.9,0,0,0
74.00,135.1,83.9,8283,0.0,3,0.8,0,0,12225.0,38.1634380,-122.4601110,33.8,110.9,0,0,0
74.10,131.4,81.6,8154,0.0,3,0.8,0,0,12225.0,38.1634110,-122.4600890,33.8,110.9,0,0,0
74.20,129.6,80.5,8007,0.0,3,0.2,0,0,12225.0,38.1633850,-122.4600670,33.8,110.9,0,0,0
74.30,127.9,79.5,7945,0.0,3,-0.5,0,0,12225.0,38.1633590,-122.4600460,33.8,110.9,0,0,0
74.40,125.9,78.3,7864,0.0,3,-1.2,0,0,12225.0,38.1633340,-122.4600250,33.8,110.9,0,0,0
74.50,124.8,77.6,7780,0.0,3,-1.9,0,0,12225.0,38.1633080,-122.4600040,33.8,110.9,0,0,0
74.60,123.7,76.9,7730,0.0,3,-3.2,0,0,12225.0,38.1632840,-122.4599840,33.8,110.9,0,0,0
74.70,122.7,76.2,7616,0.0,3,-4.4,0,0,12225.0,38.1632590,-122.4599630,33.8,110.9,0,0,0
74.80,120.9,75.1,7527,0.0,3,-5.3,0,0,12225.0,38.1632350,-122.4599430,34.0,111.5,0,0,0
74.90,119.8,74.4,7450,0.0,3,-6.1,0,0,12225.0,38.1632110,-122.4599230,34.0,111.5,0,0,0
75.00,118.1,73.4,7332,0.0,3,-7.5,0,0,12225.0,38.1631870,-122.4599030,34.0,111.5,0,0,0
75.10,116.4,72.3,7231,0.0,3,-8.9,0,0,12225.0,38.1631640,-122.4598840,34.0,111.5,0,0,0
75.20,114.8,71.3,7174,0.0,3,-10.9,0,0,12225.0,38.1631400,-122.4598640,34.0,111.5,0,0,0
75.30,113.8,70.7,7096,0.0,3,-12.9,0,0,12225.0,38.1631180,-122.4598450,34.0,111.5,0,0,0
75.40,112.8,70.1,7075,0.0,3,-14.6,0,0,12225.0,38.1630960,-122.4598250,34.0,111.5,0,0,0
75.50,112.2,69.7,7000,0.0,3,-16.3,0,0,12225.0,38.1630740,-122.4598060,34.0,111.5,0,0,0
75.60,111.2,69.1,6938,0.0,3,-18.5,0,0,12225.0,38.1630520,-122.4597860,34.0,111.5,0,0,0
75.70,110.3,68.5,6890,0.0,3,-20.2,0,0,12225.0,38.1630310,-122.4597670,34.0,111.5,0,0,0
75.80,109.3,67.9,6808,0.0,3,-21.8,0,0,12225.0,38.1630100,-122.4597470,32.8,107.6,0,0,0
75.90,108.2,67.2,6794,0.0,3,-23.3,0,0,12225.0,38.1629900,-122.4597280,32.8,107.6,0,0,0
76.00,107.8,67.0,6725,0.0,3,-25.2,0,0,12225.0,38.1629700,-122.4597080,32.8,107.6,0,0,0
76.10,107.0,66.5,6670,0.0,3,-26.7,0,0,12225.0,38.1629510,-122.4596880,32.8,107.6,0,0,0
76.20,105.9,65.8,6601,0.0,3,-27.7,0,0,12225.0,38.1629320,-122.4596680,32.8,107.6,0,0,0
76.30,104.7,65.1,6559,0.0,3,-28.7,0,0,12225.0,38.1629140,-122.4596480,32.8,107.6,0,0,0
76.40,104.1,64.7,6504,0.0,3,-29.2,0,0,12225.0,38.1628960,-122.4596270,32.8,107.6,0,0,0
76.50,103.4,64.3,6456,0.0,3,-29.6,0,0,12225.0,38.1628790,-122.4596070,32.8,107.6,0,0,0
76.60,102.5,63.7,6430,0.0,3,-29.8,0,0,12225.0,38.1628620,-122.4595860,32.8,107.6,0,0,0
76.70,101.8,63.2,6363,0.0,3,-30.0,0,0,12225.0,38.1628450,-122.4595650,32.8,107.6,0,0,0
76.80,100.9,62.7,6311,0.0,3,-30.3,0,0,12225.0,38.1628290,-122.4595430,30.5,100.1,0,0,0
76.90,100.4,62.4,6285,0.0,3,-30.5,0,0,12225.0,38.1628140,-122.4595220,30.5,100.1,0,0,0
77.00,99.7,61.9,6240,0.0,3,-31.0,0,0,12225.0,38.1627990,-122.4595000,30.5,100.1,0,0,0
77.10,99.1,61.6,6182,0.0,3,-31.3,0,0,12225.0,38.1627850,-122.4594770,30.5,100.1,0,0,0
77.20,98.4,61.1,6153,0.0,3,-31.6,0,0,12225.0,38.1627710,-122.4594550,30.5,100.1,0,0,0
77.30,97.8,60.8,6146,0.0,3,-32.4,0,0,12225.0,38.1627570,-122.4594320,30.5,100.1,0,0,0
77.40,97.3,60.5,6094,0.0,3,-32.8,0,0,12225.0,38.1627440,-122.4594090,30.5,100.1,0,0,0
77.50,96.7,60.1,6088,0.0,3,-33.0,0,0,12225.0,38.1627320,-122.4593850,30.5,100.1,0,0,0
77.60,96.7,60.1,6043,0.0,3,-33.6,0,0,12225.0,38.1627200,-122.4593610,30.5,100.1,0,0,0
77.70,96.0,59.7,6023,0.0,3,-34.1,0,0,12225.0,38.1627090,-122.4593380,30.5,100.1,0,0,0
77.80,95.9,59.6,5975,0.0,3,-34.6,0,0,12225.0,38.1626990,-122.4593130,28.3,92.8,0,0,0
77.90,95.4,59.2,5953,0.0,3,-34.8,0,0,12225.0,38.1626900,-122.4592890,28.3,92.8,0,0,0
78.00,94.8,58.9,5923,0.0,3,-34.6,0,0,12225.0,38.1626810,-122.4592640,28.3,92.8,0,0,0
78.10,94.1,58.5,5907,0.0,3,-34.8,0,0,12225.0,38.1626730,-122.4592390,28.3,92.8,0,0,0
78.20,93.8,58.3,5878,0.0,3,-35.2,0,0,12225.0,38.1626660,-122.4592140,28.3,92.8,0,0,0
78.30,93.6,58.1,5848,0.0,3,-35.2,0,0,12225.0,38.1626590,-122.4591890,28.3,92.8,0,0,0
78.40,92.9,57.7,5812,0.0,3,-35.4,0,0,12225.0,38.1626530,-122.4591640,28.3,92.8,0,0,0
78.50,92.4,57.4,5802,0.0,3,-35.5,0,0,12225.0,38.1626470,-122.4591380,28.3,92.8,0,0,0
78.60,92.1,57.2,5756,0.0,3,-35.0,0,0,12225.0,38.1626420,-122.4591120,28.3,92.8,0,0,0
78.70,91.7,57.0,5732,0.0,3,-34.9,0,0,12225.0,38.1626370,-122.4590870,28.3,92.8,0,0,0
78.80,91.2,56.7,5710,0.0,3,-35.2,0,0,12225.0,38.1626330,-122.4590610,26.2,86.0,0,0,0
78.90,90.9,56.5,5715,4.0,3,-35.0,0,0,12225.0,38.1626300,-122.4590350,26.2,86.0,0,0,0
79.00,90.5,56.2,5677,5.5,3,-35.0,0,0,12225.0,38.1626270,-122.4590090,26.2,86.0,0,0,0
79.10,90.3,56.1,5668,6.5,3,-35.2,0,0,12225.0,38.1626250,-122.4589830,26.2,86.0,0,0,0
79.20,90.1,56.0,5636,8.5,3,-35.2,0,0,12225.0,38.1626240,-122.4589580,26.2,86.0,0,0,0
79.30,89.9,55.9,5708,13.5,3,-35.2,0,0,12225.0,38.1626240,-122.4589320,26.2,86.0,0,0,0
79.40,90.6,56.3,5802,17.5,3,-35.2,0,0,12225.0,38.1626240,-122.4589070,26.2,86.0,0,0,0
79.50,90.2,56.0,5680,18.0,3,-35.0,0,0,12225.0,38.1626250,-122.4588810,26.2,86.0,0,0,0
79.60,90.5,56.2,5757,21.5,3,-34.9,0,0,12225.0,38.1626260,-122.4588560,26.2,86.0,0,0,0
79.70,91.4,56.8,5774,25.5,3,-35.0,0,0,12225.0,38.1626280,-122.4588300,26.2,86.0,0,0,0
79.80,92.1,57.3,5805,25.5,3,-35.1,0,0,12225.0,38.1626310,-122.4588050,24.3,79.7,0,0,0
79.90,92.6,57.5,5833,24.5,3,-35.3,0,0,12225.0,38.1626340,-122.4587790,24.3,79.7,0,0,0
80.00,93.0,57.8,5840,24.5,3,-35.4,0,0,12225.0,38.1626390,-122.4587540,24.3,79.7,0,0,0
80.10,93.1,57.8,5868,24.0,3,-35.4,0,0,12225.0,38.1626430,-122.4587280,24.3,79.7,0,0,0
80.20,93.4,58.0,5901,21.0,3,-35.5,0,0,12225.0,38.1626490,-122.4587030,24.3,79.7,0,0,0
80.30,94.2,58.5,5878,23.0,3,-35.6,0,0,12225.0,38.1626550,-122.4586780,24.3,79.7,0,0,0
80.40,93.8,58.3,5958,27.0,3,-35.6,0,0,12225.0,38.1626620,-122.4586530,24.3,79.7,0,0,0
80.50,94.6,58.8,5992,25.0,3,-35.5,0,0,12225.0,38.1626700,-122.4586280,24.3,79.7,0,0,0
80.60,95.2,59.1,5948,21.0,3,-35.5,0,0,12225.0,38.1626780,-122.4586040,24.3,79.7,0,0,0
80.70,95.2,59.2,5993,20.5,3,-35.4,0,0,12225.0,38.1626860,-122.4585800,24.3,79.7,0,0,0
80.80,95.1,59.1,6006,18.0,3,-35.2,0,0,12225.0,38.1626960,-122.4585560,22.1,72.5,0,0,0
80.90,95.2,59.2,5959,16.5,3,-35.4,0,0,12225.0,38.1627060,-122.4585320,22.1,72.5,0,0,0
81.00,95.3,59.2,6027,15.0,3,-35.4,0,0,12225.0,38.1627160,-122.4585080,22.1,72.5,0,0,0
81.10,95.6,59.4,5974,15.0,3,-35.7,0,0,12225.0,38.1627270,-122.4584850,22.1,72.5,0,0,0
81.20,95.4,59.2,6048,15.0,3,-35.9,0,0,12225.0,38.1627390,-122.4584630,22.1,72.5,0,0,0
81.30,95.7,59.5,6027,15.0,3,-36.0,0,0,12225.0,38.1627510,-122.4584410,22.1,72.5,0,0,0
81.40,95.9,59.6,6112,22.0,3,-36.0,0,0,12225.0,38.1627640,-122.4584190,22.1,72.5,0,0,0
81.50,97.0,60.3,6114,25.5,3,-36.0,0,0,12225.0,38.1627770,-122.4583980,22.1,72.5,0,0,0
81.60,97.3,60.4,6120,24.5,3,-36.0,0,0,12225.0,38.1627910,-122.4583770,22.1,72.5,0,0,0
81.70,97.3,60.4,6127,23.5,3,-36.0,0,0,12225.0,38.1628060,-122.4583570,22.1,72.5,0,0,0
81.80,97.5,60.6,6130,25.0,3,-35.9,0,0,12225.0,38.1628210,-122.4583370,19.7,64.6,0,0,0
81.90,97.9,60.8,6185,26.0,3,-36.3,0,0,12225.0,38.1628360,-122.4583180,19.7,64.6,0,0,0
82.00,98.4,61.2,6235,32.0,3,-36.4,0,0,12225.0,38.1628520,-122.4583000,19.7,64.6,0,0,0
82.10,99.3,61.7,6273,36.0,3,-36.1,0,0,12225.0,38.1628690,-122.4582820,19.7,64.6,0,0,0
82.20,99.9,62.1,6335,36.0,3,-36.3,0,0,12225.0,38.1628860,-122.4582640,19.7,64.6,0,0,0
82.30,100.6,62.5,6343,35.0,3,-36.1,0,0,12225.0,38.1629030,-122.4582480,19.7,64.6,0,0,0
82.40,101.0,62.8,6379,32.0,3,-36.0,0,0,12225.0,38.1629220,-122.4582320,19.7,64.6,0,0,0
82.50,101.6,63.1,6406,30.5,3,-35.8,0,0,12225.0,38.1629400,-122.4582160,19.7,64.6,0,0,0
82.60,102.0,63.4,6441,32.0,3,-35.6,0,0,12225.0,38.1629590,-122.4582010,19.7,64.6,0,0,0
82.70,102.3,63.6,6445,29.5,3,-35.4,0,0,12226.0,38.1629790,-122.4581870,19.7,64.6,0,0,0
82.80,103.0,64.0,6474,26.0,3,-35.1,0,0,12226.0,38.1629990,-122.4581730,17.1,56.1,0,0,0
82.90,103.0,64.0,6468,26.0,3,-34.7,0,0,12226.0,38.1630190,-122.4581600,17.1,56.1,0,0,0
83.00,103.0,64.0,6536,24.5,3,-34.6,0,0,12226.0,38.1630390,-122.4581480,17.1,56.1,0,0,0
83.10,103.3,64.2,6502,24.5,3,-34.5,0,0,12226.0,38.1630600,-122.4581360,17.1,56.1,0,0,0
83.20,103.0,64.0,6507,25.0,3,-34.4,0,0,12226.0,38.1630820,-122.4581260,17.1,56.1,0,0,0
83.30,103.6,64.3,6512,29.5,3,-34.3,0,0,12226.0,38.1631030,-122.4581160,17.1,56.1,0,0,0
83.40,103.2,64.1,6515,31.0,3,-34.2,0,0,12226.0,38.1631250,-122.4581070,17.1,56.1,0,0,0
83.50,104.0,64.6,6546,31.0,3,-34.1,0,0,12226.0,38.1631470,-122.4580980,17.1,56.1,0,0,0
83.60,104.3,64.8,6569,31.0,3,-33.8,0,0,12226.0,38.1631700,-122.4580910,17.1,56.1,0,0,0
83.70,104.3,64.8,6559,31.5,3,-33.5,0,0,12226.0,38.1631920,-122.4580850,17.1,56.1,0,0,0
83.80,104.0,64.6,6539,31.5,3,-33.1,0,0,12226.0,38.1632150,-122.4580790,14.6,47.9,0,0,0
83.90,104.5,64.9,6601,31.5,3,-32.9,0,0,12226.0,38.1632380,-122.4580740,14.6,47.9,0,0,0
84.00,104.3,64.8,6549,32.0,3,-32.5,0,0,12226.0,38.1632610,-122.4580700,14.6,47.9,0,0,0
84.10,104.1,64.7,6555,32.0,3,-32.1,0,0,12226.0,38.1632840,-122.4580680,14.6,47.9,0,0,0
84.20,104.0,64.6,6581,32.0,3,-31.7,0,0,12226.0,38.1633070,-122.4580660,14.6,47.9,0,0,0
84.30,104.3,64.8,6575,34.5,3,-31.4,0,0,12226.0,38.1633290,-122.4580650,14.6,47.9,0,0,0
84.40,104.2,64.8,6578,35.0,3,-31.3,0,0,12226.0,38.1633530,-122.4580660,14.6,47.9,0,0,0
84.50,104.1,64.7,6569,36.0,3,-31.5,0,0,12226.0,38.1633760,-122.4580660,14.6,47.9,0,0,0
84.60,104.3,64.8,6589,43.5,3,-31.8,0,0,12226.0,38.1633990,-122.4580680,14.6,47.9,0,0,0
84.70,105.0,65.2,6659,45.5,3,-32.2,0,0,12226.0,38.1634220,-122.4580700,14.6,47.9,0,0,0
84.80,105.7,65.7,6647,44.0,3,-32.8,0,0,12226.0,38.1634450,-122.4580740,14.5,47.6,0,0,0
84.90,106.1,65.9,6673,50.0,3,-33.0,0,0,12226.0,38.1634670,-122.4580780,14.5,47.6,0,0,0
85.00,106.1,65.9,6737,56.0,3,-33.0,0,0,12226.0,38.1634900,-122.4580840,14.5,47.6,0,0,0
85.10,107.5,66.8,6777,58.5,3,-33.1,0,0,12226.0,38.1635130,-122.4580900,14.5,47.6,0,0,0
85.20,108.1,67.2,6854,62.0,3,-33.0,0,0,12226.0,38.1635360,-122.4580970,14.5,47.6,0,0,0
85.30,109.1,67.8,6915,62.0,3,-32.8,0,0,12226.0,38.1635580,-122.4581040,14.5,47.6,0,0,0
85.40,110.2,68.5,6961,62.5,3,-32.7,0,0,12226.0,38.1635810,-122.4581130,14.5,47.6,0,0,0
85.50,110.3,68.5,7001,63.5,3,-32.6,0,0,12226.0,38.1636040,-122.4581220,14.5,47.6,0,0,0
85.60,111.8,69.5,7088,63.5,3,-32.6,0,0,12226.0,38.1636270,-122.4581320,14.5,47.6,0,0,0
85.70,112.4,69.9,7110,64.0,3,-32.4,0,0,12226.0,38.1636500,-122.4581430,14.5,47.6,0,0,0
85.80,113.4,70.5,7208,65.0,3,-32.1,0,0,12226.0,38.1636730,-122.4581540,15.5,50.9,0,0,0
85.90,114.1,70.9,7261,67.0,3,-31.8,0,0,12226.0,38.1636960,-122.4581670,15.5,50.9,0,0,0
86.00,115.3,71.6,7323,67.5,3,-31.6,0,0,12226.0,38.1637190,-122.4581800,15.5,50.9,0,0,0
86.10,116.2,72.2,7363,68.0,3,-31.3,0,0,12226.0,38.1637420,-122.4581930,15.5,50.9,0,0,0
86.20,117.2,72.8,7421,69.0,3,-30.8,0,0,12226.0,38.1637640,-122.4582080,15.5,50.9,0,0,0
86.30,117.8,73.2,7417,69.0,3,-30.5,0,0,12226.0,38.1637870,-122.4582230,15.5,50.9,0,0,0
86.40,118.2,73.4,7514,69.0,3,-30.2,0,0,12226.0,38.1638100,-122.4582390,15.5,50.9,0,0,0
86.50,119.4,74.2,7561,69.0,3,-30.0,0,0,12226.0,38.1638320,-122.4582560,15.5,50.9,0,0,0
86.60,119.9,74.5,7607,71.0,3,-29.9,0,0,12226.0,38.1638550,-122.4582730,15.5,50.9,0,0,0
86.70,121.2,75.3,7705,72.0,3,-29.8,0,0,12226.0,38.1638770,-122.4582910,15.5,50.9,0,0,0
86.80,122.3,76.0,7715,71.5,3,-29.3,0,0,12226.0,38.1638990,-122.4583110,16.4,53.8,0,0,0
86.90,123.0,76.5,7787,73.0,3,-28.7,0,0,12226.0,38.1639210,-122.4583300,16.4,53.8,0,0,0
87.00,123.8,76.9,7839,73.5,3,-28.0,0,0,12226.0,38.1639430,-122.4583510,16.4,53.8,0,0,0
87.10,124.4,77.3,7860,72.5,3,-27.4,0,0,12226.0,38.1639650,-122.4583720,16.4,53.8,0,0,0
87.20,125.5,78.0,7912,72.5,3,-26.6,0,0,12226.0,38.1639860,-122.4583940,16.4,53.8,0,0,0
87.30,125.9,78.3,7924,71.0,3,-25.5,0,0,12226.0,38.1640080,-122.4584170,16.4,53.8,0,0,0
87.40,126.0,78.3,7973,70.5,3,-24.7,0,0,12226.0,38.1640300,-122.4584400,16.4,53.8,0,0,0
87.50,126.9,78.8,8022,72.0,3,-24.1,0,0,12226.0,38.1640510,-122.4584640,16.4,53.8,0,0,0
87.60,127.7,79.4,8048,72.0,3,-23.2,0,0,12226.0,38.1640730,-122.4584880,16.4,53.8,0,0,0
87.70,127.4,79.2,8035,71.5,3,-21.9,0,0,12226.0,38.1640940,-122.4585130,16.4,53.8,0,0,0
87.80,127.9,79.5,8117,71.5,3,-21.7,0,0,12226.0,38.1641150,-122.4585390,17.3,56.8,0,0,0
87.90,129.6,80.5,8235,71.5,3,-22.5,0,0,12226.0,38.1641350,-122.4585650,17.3,56.8,0,0,0
88.00,131.3,81.6,8341,71.5,3,-23.6,0,0,12226.0,38.1641560,-122.4585920,17.3,56.8,0,0,0
88.10,132.7,82.5,8381,73.0,3,-24.2,0,0,12226.0,38.1641760,-122.4586190,17.3,56.8,0,0,0
88.20,133.0,82.6,8444,75.0,3,-24.3,0,0,12226.0,38.1641970,-122.4586460,17.3,56.8,0,0,0
88.30,133.9,83.2,8540,77.5,3,-25.0,0,0,12226.0,38.1642180,-122.4586740,17.3,56.8,0,0,0
88.40,135.3,84.1,8577,80.0,3,-24.7,0,0,12226.0,38.1642380,-122.4587030,17.3,56.8,0,0,0
88.50,136.2,84.6,8639,82.5,3,-22.9,0,0,12226.0,38.1642590,-122.4587310,17.3,56.8,0,0,0
88.60,137.0,85.1,8757,83.5,3,-22.5,0,0,12226.0,38.1642790,-122.4587610,17.3,56.8,0,0,0
88.70,139.1,86.4,8801,84.5,3,-22.8,0,0,12226.0,38.1642990,-122.4587910,17.3,56.8,0,0,0
88.80,139.2,86.5,8824,84.5,3,-22.2,0,0,12226.0,38.1643190,-122.4588210,18.2,59.7,0,0,0
88.90,139.6,86.7,8879,85.0,3,-20.8,0,0,12226.0,38.1643390,-122.4588520,18.2,59.7,0,0,0
89.00,140.8,87.5,8964,86.0,3,-19.2,0,0,12226.0,38.1643590,-122.4588830,18.2,59.7,0,0,0
89.10,142.1,88.3,9020,87.0,3,-18.1,0,0,12226.0,38.1643790,-122.4589150,18.2,59.7,0,0,0
89.20,143.0,88.9,9064,88.5,3,-17.1,0,0,12226.0,38.1643990,-122.4589480,18.2,59.7,0,0,0
89.30,143.7,89.3,9113,89.5,3,-16.4,0,0,12226.0,38.1644190,-122.4589810,18.2,59.7,0,0,0
89.40,144.6,89.9,9206,89.5,3,-16.4,0,0,12226.0,38.1644390,-122.4590140,18.2,59.7,0,0,0
89.50,145.4,90.4,9274,90.5,3,-16.5,0,0,12226.0,38.1644590,-122.4590480,18.2,59.7,0,0,0
89.60,146.7,91.2,9303,91.0,3,-16.0,0,0,12226.0,38.1644790,-122.4590820,18.2,59.7,0,0,0
89.70,147.4,91.6,9378,91.5,3,-14.7,0,0,12226.0,38.1644990,-122.4591170,18.2,59.7,0,0,0
89.80,148.8,92.4,9435,92.5,3,-13.8,0,0,12226.0,38.1645180,-122.4591520,19.4,63.6,0,0,0
89.90,149.6,93.0,9512,93.0,3,-13.7,0,0,12226.0,38.1645380,-122.4591870,19.4,63.6,0,0,0
90.00,150.5,93.5,9579,93.0,3,-13.7,0,0,12226.0,38.1645580,-122.4592230,19.4,63.6,0,0,0
90.10,151.5,94.2,9625,96.5,3,-13.4,0,0,12226.0,38.1645780,-122.4592600,19.4,63.6,0,0,0
90.20,152.7,94.9,9690,100.0,3,-13.0,0,0,12226.0,38.1645980,-122.4592960,19.4,63.6,0,0,0
90.30,153.6,95.5,9738,100.0,3,-12.8,0,0,12226.0,38.1646180,-122.4593330,19.4,63.6,0,0,0
90.40,155.0,96.3,9817,100.0,3,-12.8,0,0,12226.0,38.1646370,-122.4593710,19.4,63.6,0,0,0
90.50,156.4,97.2,9879,100.0,3,-12.7,0,0,12226.0,38.1646570,-122.4594080,19.4,63.6,0,0,0
90.60,157.0,97.6,9954,100.0,3,-12.7,0,0,12226.0,38.1646760,-122.4594460,19.4,63.6,0,0,0
90.70,158.4,98.4,10037,100.0,3,-13.1,0,0,12226.0,38.1646950,-122.4594850,19.4,63.6,0,0,0
90.80,159.3,99.0,10094,100.0,3,-13.8,0,0,12226.0,38.1647150,-122.4595240,21.5,70.5,0,0,0
90.90,160.7,99.9,9417,100.0,3,-14.7,0,0,12226.0,38.1647350,-122.4595630,21.5,70.5,0,0,0
91.00,158.0,98.2,8449,100.0,4,-14.8,0,0,12226.0,38.1647540,-122.4596030,21.5,70.5,0,0,0
91.10,161.7,100.5,8490,100.0,4,-14.8,0,0,12226.0,38.1647740,-122.4596430,21.5,70.5,0,0,0
91.20,161.5,100.4,8506,100.0,4,-14.9,0,0,12226.0,38.1647930,-122.4596830,21.5,70.5,0,0,0
91.30,161.3,100.2,8542,100.0,4,-14.0,0,0,12226.0,38.1648120,-122.4597240,21.5,70.5,0,0,0
91.40,162.5,101.0,8577,100.0,4,-13.2,0,0,12226.0,38.1648310,-122.4597640,21.5,70.5,0,0,0
91.50,163.3,101.5,8626,100.0,4,-12.6,0,0,12226.0,38.1648500,-122.4598050,21.5,70.5,0,0,0
91.60,164.3,102.1,8661,100.0,4,-12.0,0,0,12226.0,38.1648690,-122.4598470,21.5,70.5,0,0,0
91.70,164.5,102.2,8674,100.0,4,-11.5,0,0,12226.0,38.1648880,-122.4598880,21.5,70.5,0,0,0
91.80,165.2,102.7,8659,100.0,4,-11.2,0,0,12226.0,38.1649070,-122.4599300,23.6,77.4,0,0,0
91.90,165.0,102.6,8734,100.0,4,-11.1,0,0,12226.0,38.1649260,-122.4599720,23.6,77.4,0,0,0
92.00,166.6,103.5,8798,100.0,4,-11.2,0,0,12226.0,38.1649440,-122.4600150,23.6,77.4,0,0,0
92.10,166.8,103.6,8814,100.0,4,-10.7,0,0,12226.0,38.1649630,-122.4600580,23.6,77.4,0,0,0
92.20,167.2,103.9,8842,100.0,4,-9.7,0,0,12226.0,38.1649820,-122.4601010,23.6,77.4,0,0,0
92.30,168.3,104.6,8900,100.0,4,-9.2,0,0,12226.0,38.1650000,-122.4601440,23.6,77.4,0,0,0
92.40,168.3,104.6,8892,100.0,4,-9.0,0,0,12226.0,38.1650190,-122.4601870,23.6,77.4,0,0,0
92.50,168.8,104.9,8951,100.0,4,-8.3,0,0,12226.0,38.1650370,-122.4602310,23.6,77.4,0,0,0
92.60,170.1,105.7,8966,100.0,4,-7.5,0,0,12226.0,38.1650560,-122.4602750,23.6,77.4,0,0,0
92.70,170.0,105.6,8947,100.0,4,-6.8,0,0,12226.0,38.1650740,-122.4603190,23.6,77.4,0,0,0
92.80,171.3,106.5,9017,94.5,4,-5.9,0,0,12226.0,38.1650920,-122.4603640,25.6,84.0,0,0,0
92.90,171.5,106.6,8958,81.0,4,-5.3,0,0,12226.0,38.1651110,-122.4604080,25.6,84.0,0,0,0
93.00,171.3,106.5,8908,54.5,4,-4.6,0,0,12226.0,38.1651290,-122.4604530,25.6,84.0,0,0,0
93.10,170.4,105.9,8876,46.0,4,-4.1,0,0,12226.0,38.1651470,-122.4604980,25.6,84.0,0,0,0
93.20,169.8,105.5,8829,36.0,4,-3.8,0,0,12226.0,38.1651650,-122.4605430,25.6,84.0,0,0,0
93.30,169.4,105.2,8795,25.0,4,-3.7,0,0,12226.0,38.1651830,-122.4605880,25.6,84.0,0,0,0
93.40,167.5,104.1,8711,14.5,4,-4.0,0,0,12226.0,38.1652010,-122.4606330,25.6,84.0,0,0,0
93.50,166.4,103.4,8297,2.0,4,-4.3,0,0,12226.0,38.1652190,-122.4606770,25.6,84.0,0,0,0
93.60,165.0,102.5,8538,0.0,4,-4.6,0,0,12226.0,38.1652360,-122.4607210,25.6,84.0,0,0,0
93.70,162.8,101.1,8449,0.0,4,-3.7,0,0,12226.0,38.1652540,-122.4607650,25.6,84.0,0,0,0
93.80,161.0,100.1,8383,0.0,4,-2.3,0,0,12226.0,38.1652710,-122.4608090,27.6,90.6,0,0,0
93.90,159.8,99.3,8276,0.0,4,-2.0,0,0,12226.0,38.1652880,-122.4608520,27.6,90.6,0,0,0
94.00,157.8,98.0,8188,0.0,4,-2.1,0,0,12226.0,38.1653050,-122.4608940,27.6,90.6,0,0,0
94.10,156.1,97.0,8073,0.0,4,-1.6,0,0,12226.0,38.1653220,-122.4609360,27.6,90.6,0,0,0
94.20,153.4,95.3,7883,0.0,4,-1.3,0,0,12226.0,38.1653380,-122.4609780,27.6,90.6,0,0,0
94.30,150.1,93.3,7762,0.0,4,-0.5,0,0,12226.0,38.1653540,-122.4610190,27.6,90.6,0,0,0
94.40,148.0,92.0,7651,0.0,4,-0.5,0,0,12226.0,38.1653700,-122.4610590,27.6,90.6,0,0,0
94.50,145.5,90.4,7493,0.0,4,-1.0,0,0,12226.0,38.1653860,-122.4610990,27.6,90.6,0,0,0
94.60,142.3,88.4,7323,0.0,4,-1.2,0,0,12226.0,38.1654020,-122.4611380,27.6,90.6,0,0,0
94.70,139.6,86.7,7233,0.0,4,-1.6,0,0,12226.0,38.1654170,-122.4611770,27.6,90.6,0,0,0
94.80,137.7,85.6,7109,0.0,4,-2.2,0,0,12226.0,38.1654320,-122.4612140,29.5,96.8,0,0,0
94.90,135.3,84.1,7236,0.0,4,-2.9,0,0,12226.0,38.1654470,-122.4612510,29.5,96.8,0,0,0
95.00,133.6,83.0,8269,0.0,3,-3.2,0,0,12226.0,38.1654610,-122.4612870,29.5,96.8,0,0,0
95.10,131.0,81.4,8177,0.0,3,-2.5,0,0,12226.0,38.1654750,-122.4613230,29.5,96.8,0,0,0
95.20,129.3,80.4,7914,0.0,3,-1.6,0,0,12226.0,38.1654900,-122.4613590,29.5,96.8,0,0,0
95.30,126.0,78.3,7792,0.0,3,-1.0,0,0,12226.0,38.1655040,-122.4613930,29.5,96.8,0,0,0
95.40,123.7,76.9,7632,0.0,3,-0.5,0,0,12226.0,38.1655180,-122.4614280,29.5,96.8,0,0,0
95.50,121.5,75.5,7561,0.0,3,-0.3,0,0,12226.0,38.1655320,-122.4614610,29.5,96.8,0,0,0
95.60,120.2,74.7,7429,0.0,3,0.1,0,0,12226.0,38.1655450,-122.4614940,29.5,96.8,0,0,0
95.70,117.7,73.2,7268,0.0,3,0.3,0,0,12226.0,38.1655580,-122.4615260,29.5,96.8,0,0,0
95.80,115.5,71.8,7181,0.0,3,0.1,0,0,12226.0,38.1655710,-122.4615570,31.6,103.7,0,0,0
95.90,114.5,71.1,8499,0.0,3,-0.5,0,0,12226.0,38.1655840,-122.4615880,31.6,103.7,0,0,0
96.00,109.9,68.3,8813,0.0,2,-0.2,0,0,12226.0,38.1655960,-122.4616190,31.6,103.7,0,0,0
96.10,110.7,68.8,8465,0.0,2,0.3,0,0,12226.0,38.1656080,-122.4616490,31.6,103.7,0,0,0
96.20,107.9,67.0,8387,0.0,2,1.0,0,0,12226.0,38.1656190,-122.4616780,31.6,103.7,0,0,0
96.30,106.8,66.3,8276,0.0,2,1.3,0,0,12226.0,38.1656290,-122.4617070,31.6,103.7,0,0,0
96.40,105.2,65.4,8190,0.0,2,0.9,0,0,12226.0,38.1656390,-122.4617350,31.6,103.7,0,0,0
96.50,104.0,64.6,8050,0.0,2,0.2,0,0,12226.0,38.1656500,-122.4617640,31.6,103.7,0,0,0
96.60,102.4,63.7,7958,0.0,2,0.3,0,0,12226.0,38.1656610,-122.4617920,31.6,103.7,0,0,0
96.70,101.1,62.8,7851,0.0,2,0.1,0,0,12226.0,38.1656720,-122.4618190,31.6,103.7,0,0,0
96.80,99.9,62.1,7762,0.0,2,-0.4,0,0,12226.0,38.1656820,-122.4618460,32.8,107.6,0,0,0
96.90,98.4,61.1,7628,0.0,2,-0.4,0,0,12226.0,38.1656930,-122.4618730,32.8,107.6,0,0,0
97.00,97.1,60.3,7540,0.0,2,0.1,0,0,12226.0,38.1657030,-122.4618990,32.8,107.6,0,0,0
97.10,95.8,59.5,7430,0.0,2,0.1,0,0,12226.0,38.1657130,-122.4619260,32.8,107.6,0,0,0
97.20,94.4,58.7,7328,0.0,2,-0.7,0,0,12226.0,38.1657230,-122.4619510,32.8,107.6,0,0,0
97.30,92.8,57.7,7184,0.0,2,-0.6,0,0,12226.0,38.1657330,-122.4619770,32.8,107.6,0,0,0
97.40,91.4,56.8,7124,0.0,2,0.7,0,0,12226.0,38.1657430,-122.4620010,32.8,107.6,0,0,0
97.50,90.3,56.1,7014,0.0,2,1.2,0,0,12226.0,38.1657530,-122.4620260,32.8,107.6,0,0,0
97.60,89.1,55.3,6908,0.0,2,1.8,0,0,12226.0,38.1657620,-122.4620500,32.8,107.6,0,0,0
97.70,87.7,54.5,6780,0.0,2,3.5,0,0,12226.0,38.1657720,-122.4620740,32.8,107.6,0,0,0
97.80,86.3,53.6,6689,0.0,2,5.8,0,0,12226.0,38.1657820,-122.4620970,33.7,110.6,0,0,0
97.90,84.9,52.7,6624,0.0,2,8.4,0,0,12226.0,38.1657910,-122.4621200,33.7,110.6,0,0,0
98.00,84.0,52.2,6535,0.0,2,10.7,0,0,12226.0,38.1658010,-122.4621420,33.7,110.6,0,0,0
98.10,83.1,51.7,6438,0.0,2,12.2,0,0,12226.0,38.1658100,-122.4621640,33.7,110.6,0,0,0
98.20,81.9,50.9,6350,0.0,2,13.1,0,0,12226.0,38.1658200,-122.4621860,33.7,110.6,0,0,0
98.30,80.9,50.3,6278,0.0,2,14.0,0,0,12226.0,38.1658290,-122.4622070,33.7,110.6,0,0,0
98.40,79.8,49.6,6209,0.0,2,15.3,0,0,12226.0,38.1658390,-122.4622270,33.7,110.6,0,0,0
98.50,78.9,49.0,6145,0.0,2,17.1,0,0,12226.0,38.1658480,-122.4622470,33.7,110.6,0,0,0
98.60,78.0,48.4,6067,0.0,2,19.2,0,0,12226.0,38.1658580,-122.4622670,33.7,110.6,0,0,0
98.70,77.2,48.0,5994,0.0,2,20.9,0,0,12226.0,38.1658680,-122.4622860,33.7,110.6,0,0,0
98.80,76.1,47.3,5907,0.0,2,22.5,0,0,12226.0,38.1658770,-122.4623050,34.7,113.8,0,0,0
98.90,75.2,46.7,5802,0.0,2,23.2,0,0,12226.0,38.1658880,-122.4623230,34.7,113.8,0,0,0
99.00,74.1,46.0,5744,0.0,2,23.8,0,0,12226.0,38.1658980,-122.4623400,34.7,113.8,0,0,0
99.10,72.9,45.3,5694,0.0,2,24.9,0,0,12226.0,38.1659080,-122.4623570,34.7,113.8,0,0,0
99.20,72.4,45.0,5637,0.0,2,25.6,0,0,12226.0,38.1659190,-122.4623740,34.7,113.8,0,0,0
99.30,71.4,44.4,5551,0.0,2,26.3,0,0,12226.0,38.1659300,-122.4623900,34.7,113.8,0,0,0
99.40,70.5,43.8,5474,0.0,2,26.9,0,0,12226.0,38.1659410,-122.4624050,34.7,113.8,0,0,0
99.50,69.6,43.2,5441,0.0,2,27.5,0,0,12226.0,38.1659520,-122.4624200,34.7,113.8,0,0,0
99.60,68.8,42.7,5376,6.5,2,28.1,0,0,12226.0,38.1659630,-122.4624340,34.7,113.8,0,0,0
99.70,68.2,42.4,5331,10.5,2,28.6,0,0,12226.0,38.1659750,-122.4624480,34.7,113.8,0,0,0
99.80,67.4,41.9,5310,11.5,2,29.2,0,0,12226.0,38.1659860,-122.4624610,35.2,115.5,0,0,0
99.90,67.3,41.8,5379,16.0,2,29.4,0,0,12226.0,38.1659980,-122.4624730,35.2,115.5,0,0,0
100.00,66.6,41.4,5455,16.0,2,28.9,0,0,12226.0,38.1660100,-122.4624850,35.2,115.5,0,0,0
100.10,67.4,41.9,5192,16.0,2,29.3,0,0,12226.0,38.1660220,-122.4624970,35.2,115.5,0,0,0
100.20,66.0,41.0,5217,16.0,2,30.4,0,0,12226.0,38.1660350,-122.4625070,35.2,115.5,0,0,0
100.30,66.3,41.2,5164,16.0,2,31.4,0,0,12226.0,38.1660480,-122.4625170,35.2,115.5,0,0,0
100.40,66.2,41.1,5225,15.0,2,32.6,0,0,12226.0,38.1660600,-122.4625270,35.2,115.5,0,0,0
100.50,66.2,41.1,5226,16.0,2,33.9,0,0,12226.0,38.1660730,-122.4625350,35.2,115.5,0,0,0
100.60,66.2,41.1,5200,19.0,2,35.2,0,0,12226.0,38.1660870,-122.4625430,35.2,115.5,0,0,0
100.70,66.3,41.2,5258,19.5,2,36.8,0,0,12226.0,38.1661010,-122.4625510,35.2,115.5,0,0,0
100.80,67.0,41.6,5286,19.5,2,38.0,0,0,12226.0,38.1661150,-122.4625580,35.5,116.5,0,0,0
100.90,67.0,41.6,5290,19.5,2,39.1,0,0,12226.0,38.1661290,-122.4625640,35.5,116.5,0,0,0
101.00,67.2,41.8,5251,19.5,2,39.8,0,0,12226.0,38.1661420,-122.4625700,35.5,116.5,0,0,0
101.10,66.9,41.6,5290,19.5,2,40.2,0,0,12226.0,38.1661570,-122.4625750,35.5,116.5,0,0,0
101.20,67.3,41.8,5226,22.5,2,40.2,0,0,12226.0,38.1661710,-122.4625790,35.5,116.5,0,0,0
101.30,66.5,41.3,5245,23.0,2,40.3,0,0,12226.0,38.1661850,-122.4625810,35.5,116.5,0,0,0
101.40,66.5,41.3,5256,24.0,2,40.3,0,0,12226.0,38.1661990,-122.4625830,35.5,116.5,0,0,0
101.50,66.7,41.5,5356,28.0,2,40.4,0,0,12226.0,38.1662130,-122.4625840,35.5,116.5,0,0,0
101.60,67.7,42.1,5339,30.5,2,40.4,0,0,12226.0,38.1662280,-122.4625840,35.5,116.5,0,0,0
101.70,67.9,42.2,5375,31.0,2,40.5,0,0,12226.0,38.1662420,-122.4625830,35.5,116.5,0,0,0
101.80,68.3,42.4,5375,31.5,2,40.4,0,0,12226.0,38.1662570,-122.4625810,35.6,116.8,0,0,0
101.90,68.3,42.4,5406,29.0,2,40.6,0,0,12226.0,38.1662710,-122.4625780,35.6,116.8,0,0,0
102.00,69.0,42.9,5441,29.5,2,40.9,0,0,12226.0,38.1662860,-122.4625750,35.6,116.8,0,0,0
102.10,69.2,43.0,5477,31.0,2,41.3,0,0,12226.0,38.1663000,-122.4625700,35.6,116.8,0,0,0
102.20,69.7,43.3,5507,31.5,2,41.6,0,0,12226.0,38.1663140,-122.4625650,35.6,116.8,0,0,0
102.30,70.0,43.5,5536,33.5,2,41.6,0,0,12226.0,38.1663280,-122.4625590,35.6,116.8,0,0,0
102.40,70.2,43.6,5593,37.5,2,41.5,0,0,12226.0,38.1663420,-122.4625510,35.6,116.8,0,0,0
102.50,71.3,44.3,5635,38.5,2,41.1,0,0,12226.0,38.1663550,-122.4625430,35.6,116.8,0,0,0
102.60,71.7,44.6,5623,33.0,2,40.9,0,0,12226.0,38.1663690,-122.4625340,35.6,116.8,0,0,0
102.70,71.2,44.2,5657,23.5,2,41.2,0,0,12226.0,38.1663820,-122.4625240,35.6,116.8,0,0,0
102.80,71.8,44.6,5665,24.0,2,41.4,0,0,12226.0,38.1663950,-122.4625130,35.7,117.1,0,0,0
102.90,72.1,44.8,5673,24.0,2,41.7,0,0,12226.0,38.1664080,-122.4625010,35.7,117.1,0,0,0
103.00,72.1,44.8,5679,24.5,2,41.9,0,0,12226.0,38.1664200,-122.4624880,35.7,117.1,0,0,0
103.10,71.5,44.4,5714,25.0,2,41.6,0,0,12226.0,38.1664310,-122.4624750,35.7,117.1,0,0,0
103.20,72.8,45.2,5701,26.5,2,41.5,0,0,12226.0,38.1664420,-122.4624610,35.7,117.1,0,0,0
103.30,72.9,45.3,5757,32.0,2,40.9,0,0,12226.0,38.1664520,-122.4624460,35.7,117.1,0,0,0
103.40,73.0,45.4,5754,31.5,2,40.4,0,0,12226.0,38.1664620,-122.4624310,35.7,117.1,0,0,0
103.50,73.4,45.6,5783,31.5,2,40.3,0,0,12226.0,38.1664720,-122.4624150,35.7,117.1,0,0,0
103.60,73.7,45.8,5822,31.5,2,40.3,0,0,12226.0,38.1664800,-122.4623990,35.7,117.1,0,0,0
103.70,74.3,46.2,5886,32.0,2,40.6,0,0,12226.0,38.1664880,-122.4623820,35.7,117.1,0,0,0
103.80,75.0,46.6,5956,35.0,2,40.7,0,0,12226.0,38.1664960,-122.4623640,35.7,117.1,0,0,0
103.90,75.7,47.0,5948,35.5,2,40.7,0,0,12226.0,38.1665030,-122.4623460,35.7,117.1,0,0,0
104.00,75.9,47.1,6033,35.5,2,40.8,0,0,12226.0,38.1665090,-122.4623270,35.7,117.1,0,0,0
104.10,76.8,47.8,6040,35.5,2,40.6,0,0,12226.0,38.1665150,-122.4623080,35.7,117.1,0,0,0
104.20,76.8,47.8,6101,36.5,2,40.7,0,0,12226.0,38.1665210,-122.4622880,35.7,117.1,0,0,0
104.30,78.0,48.4,6171,36.5,2,41.0,0,0,12226.0,38.1665250,-122.4622680,35.7,117.1,0,0,0
104.40,78.8,48.9,6265,40.5,2,41.1,0,0,12226.0,38.1665290,-122.4622470,35.7,117.1,0,0,0
104.50,79.9,49.6,6254,41.5,2,40.9,0,0,12226.0,38.1665320,-122.4622260,35.7,117.1,0,0,0
104.60,80.2,49.8,6352,47.0,2,40.3,0,0,12226.0,38.1665350,-122.4622050,35.7,117.1,0,0,0
104.70,81.2,50.5,6441,47.5,2,39.3,0,0,12226.0,38.1665360,-122.4621830,35.7,117.1,0,0,0
104.80,82.5,51.3,6513,48.0,2,38.7,0,0,12226.0,38.1665370,-122.4621610,35.4,116.1,0,0,0
104.90,82.8,51.5,6636,49.5,2,38.6,0,0,12226.0,38.1665370,-122.4621380,35.4,116.1,0,0,0
105.00,84.5,52.5,6752,53.0,2,38.8,0,0,12226.0,38.1665360,-122.4621160,35.4,116.1,0,0,0
105.10,85.8,53.3,6889,56.0,2,38.9,0,0,12226.0,38.1665350,-122.4620930,35.4,116.1,0,0,0
105.20,87.5,54.4,6951,64.5,2,38.5,0,0,12226.0,38.1665330,-122.4620690,35.4,116.1,0,0,0
105.30,88.3,54.9,7150,65.0,2,38.2,0,0,12226.0,38.1665310,-122.4620460,35.4,116.1,0,0,0
105.40,91.3,56.7,7346,64.5,2,37.7,0,0,12226.0,38.1665270,-122.4620220,35.4,116.1,0,0,0
105.50,93.2,57.9,7377,64.5,2,37.2,0,0,12226.0,38.1665220,-122.4619980,35.4,116.1,0,0,0
105.60,93.8,58.3,7533,65.0,2,36.5,0,0,12226.0,38.1665170,-122.4619740,35.4,116.1,0,0,0
105.70,95.8,59.5,7663,65.0,2,35.8,0,0,12226.0,38.1665110,-122.4619490,35.4,116.1,0,0,0
105.80,97.8,60.8,7748,65.0,2,35.2,0,0,12226.0,38.1665050,-122.4619250,35.1,115.2,0,0,0
105.90,98.6,61.3,7889,65.0,2,34.4,0,0,12226.0,38.1664970,-122.4619000,35.1,115.2,0,0,0
106.00,100.7,62.6,8022,65.0,2,33.6,0,0,12226.0,38.1664890,-122.4618750,35.1,115.2,0,0,0
106.10,102.3,63.6,8192,67.5,2,32.7,0,0,12226.0,38.1664810,-122.4618500,35.1,115.2,0,0,0
106.20,104.1,64.7,8315,68.0,2,31.9,0,0,12226.0,38.1664720,-122.4618240,35.1,115.2,0,0,0
106.30,105.6,65.6,8439,68.0,2,30.9,0,0,12226.0,38.1664620,-122.4617990,35.1,115.2,0,0,0
106.40,107.4,66.8,8550,68.5,2,29.6,0,0,12226.0,38.1664510,-122.4617730,35.1,115.2,0,0,0
106.50,108.7,67.6,8689,68.5,2,28.3,0,0,12226.0,38.1664390,-122.4617470,35.1,115.2,0,0,0
106.60,111.0,69.0,8793,68.5,2,27.0,0,0,12226.0,38.1664280,-122.4617210,35.1,115.2,0,0,0
106.70,111.8,69.4,8900,70.0,2,25.7,0,0,12226.0,38.1664150,-122.4616940,35.1,115.2,0,0,0
106.80,113.5,70.5,9034,70.5,2,24.2,0,0,12226.0,38.1664020,-122.4616680,34.5,113.2,0,0,0
106.90,114.6,71.2,9102,72.0,2,22.4,0,0,12226.0,38.1663880,-122.4616410,34.5,113.2,0,0,0
107.00,116.2,72.2,9248,72.5,2,20.5,0,0,12226.0,38.1663740,-122.4616140,34.5,113.2,0,0,0
107.10,117.8,73.2,9337,73.0,2,18.5,0,0,12226.0,38.1663600,-122.4615860,34.5,113.2,0,0,0
107.20,119.2,74.1,7788,73.0,2,16.4,0,0,12226.0,38.1663440,-122.4615590,34.5,113.2,0,0,0
107.30,117.2,72.8,7548,72.5,3,14.3,0,0,12226.0,38.1663280,-122.4615310,34.5,113.2,0,0,0
107.40,120.0,74.6,7605,72.5,3,12.2,0,0,12226.0,38.1663120,-122.4615040,34.5,113.2,0,0,0
107.50,120.8,75.0,7671,72.5,3,10.7,0,0,12226.0,38.1662950,-122.4614760,34.5,113.2,0,0,0
107.60,121.8,75.7,7762,71.5,3,9.1,0,0,12226.0,38.1662780,-122.4614480,34.5,113.2,0,0,0
107.70,123.4,76.7,7803,70.0,3,6.9,0,0,12226.0,38.1662610,-122.4614200,34.5,113.2,0,0,0
107.80,124.2,77.2,7825,70.0,3,4.1,0,0,12226.0,38.1662430,-122.4613920,33.7,110.6,0,0,0
107.90,125.3,77.8,7935,69.5,3,1.5,0,0,12226.0,38.1662250,-122.4613630,33.7,110.6,0,0,0
108.00,126.1,78.4,8017,69.5,3,0.4,0,0,12226.0,38.1662070,-122.4613350,33.7,110.6,0,0,0
108.10,127.6,79.3,8126,68.0,3,-0.3,0,0,12226.0,38.1661890,-122.4613060,33.7,110.6,0,0,0
108.20,130.2,80.9,8304,67.5,3,-1.6,0,0,12226.0,38.1661710,-122.4612770,33.7,110.6,0,0,0
108.30,132.0,82.0,8320,67.5,3,-3.8,0,0,12226.0,38.1661520,-122.4612470,33.7,110.6,0,0,0
108.40,132.2,82.1,8376,67.5,3,-6.6,0,0,12226.0,38.1661330,-122.4612170,33.7,110.6,0,0,0
108.50,133.7,83.1,8542,68.0,3,-9.6,0,0,12226.0,38.1661130,-122.4611870,33.7,110.6,0,0,0
108.60,135.8,84.4,8679,68.5,3,-12.3,0,0,12226.0,38.1660930,-122.4611560,33.7,110.6,0,0,0
108.70,138.1,85.8,8777,68.5,3,-15.0,0,0,12226.0,38.1660740,-122.4611240,33.7,110.6,0,0,0
108.80,139.4,86.6,8863,68.5,3,-17.6,0,0,12226.0,38.1660540,-122.4610930,32.4,106.3,0,0,0
108.90,141.6,88.0,9001,69.0,3,-19.7,0,0,12226.0,38.1660350,-122.4610610,32.4,106.3,0,0,0
109.00,143.3,89.1,9135,69.0,3,-21.0,0,0,12226.0,38.1660150,-122.4610280,32.4,106.3,0,0,0
109.10,145.3,90.3,9211,69.0,3,-22.3,0,0,12226.0,38.1659960,-122.4609950,32.4,106.3,0,0,0
109.20,146.5,91.1,8757,69.5,3,-24.0,0,0,12226.0,38.1659760,-122.4609610,32.4,106.3,0,0,0
109.30,144.9,90.0,7737,67.5,4,-25.6,0,0,12226.0,38.1659570,-122.4609280,32.4,106.3,0,0,0
109.40,148.9,92.5,7860,66.5,4,-27.1,0,0,12226.0,38.1659380,-122.4608930,32.4,106.3,0,0,0
109.50,150.2,93.3,7910,62.0,4,-28.5,0,0,12226.0,38.1659190,-122.4608580,32.4,106.3,0,0,0
109.60,150.6,93.6,7885,53.5,4,-29.6,0,0,12226.0,38.1659000,-122.4608230,32.4,106.3,0,0,0
109.70,150.5,93.5,7928,53.5,4,-29.9,0,0,12226.0,38.1658810,-122.4607880,32.4,106.3,0,0,0
109.80,151.2,94.0,7866,53.0,4,-28.8,0,0,12226.0,38.1658630,-122.4607520,30.3,99.4,0,0,0
109.90,150.9,93.8,7821,50.0,4,-26.9,0,0,12226.0,38.1658450,-122.4607160,30.3,99.4,0,0,0
110.00,149.8,93.1,7764,47.0,4,-24.4,0,0,12226.0,38.1658270,-122.4606790,30.3,99.4,0,0,0
110.10,149.0,92.6,7768,44.5,4,-21.4,0,0,12226.0,38.1658100,-122.4606410,30.3,99.4,0,0,0
110.20,148.5,92.3,7718,44.5,4,-17.7,0,0,12226.0,38.1657930,-122.4606040,30.3,99.4,0,0,0
110.30,148.1,92.0,7722,44.5,4,-12.7,0,0,12226.0,38.1657760,-122.4605660,30.3,99.4,0,0,0
110.40,148.0,92.0,7722,41.0,4,-7.7,0,0,12226.0,38.1657600,-122.4605280,30.3,99.4,0,0,0
110.50,147.9,91.9,7732,40.5,4,-3.1,0,0,12226.0,38.1657430,-122.4604900,30.3,99.4,0,0,0
110.60,147.7,91.8,7734,36.5,4,1.9,0,0,12226.0,38.1657270,-122.4604510,30.3,99.4,0,0,0
110.70,148.2,92.1,7783,28.5,4,6.9,0,0,12226.0,38.1657100,-122.4604130,30.3,99.4,0,0,0
110.80,148.4,92.2,7758,21.5,4,11.3,0,0,12226.0,38.1656940,-122.4603740,28.7,94.2,0,0,0
110.90,148.5,92.3,7782,20.5,4,15.3,0,0,12226.0,38.1656770,-122.4603360,28.7,94.2,0,0,0
111.00,149.0,92.6,7742,22.5,4,19.2,0,0,12226.0,38.1656600,-122.4602980,28.7,94.2,0,0,0
111.10,149.4,92.8,7831,24.5,4,22.6,0,0,12226.0,38.1656430,-122.4602610,28.7,94.2,0,0,0
111.20,150.1,93.3,8095,24.5,4,26.0,0,0,12226.0,38.1656260,-122.4602240,28.7,94.2,0,0,0
111.30,150.9,93.8,7994,27.5,4,28.6,0,0,12226.0,38.1656080,-122.4601870,28.7,94.2,0,0,0
111.40,151.9,94.4,7990,28.5,4,29.6,0,0,12226.0,38.1655910,-122.4601500,28.7,94.2,0,0,0
111.50,152.2,94.6,7977,27.0,4,29.4,0,0,12226.0,38.1655730,-122.4601130,28.7,94.2,0,0,0
111.60,152.0,94.4,7948,23.5,4,29.4,0,0,12226.0,38.1655540,-122.4600780,28.7,94.2,0,0,0
111.70,150.9,93.8,7854,17.5,4,29.2,0,0,12226.0,38.1655350,-122.4600430,28.7,94.2,0,0,0
111.80,149.6,93.0,7829,15.5,4,28.1,0,0,12226.0,38.1655160,-122.4600080,26.7,87.6,0,0,0
111.90,149.2,92.7,7689,12.0,4,26.7,0,0,12226.0,38.1654970,-122.4599730,26.7,87.6,0,0,0
112.00,147.5,91.6,7421,10.0,4,25.4,0,0,12226.0,38.1654770,-122.4599390,26.7,87.6,0,0,0
112.10,144.6,89.8,7605,6.0,4,24.1,0,0,12226.0,38.1654570,-122.4599050,26.7,87.6,0,0,0
112.20,144.3,89.7,7456,0.0,4,22.2,0,0,12226.0,38.1654360,-122.4598720,26.7,87.6,0,0,0
112.30,142.4,88.5,7351,0.0,4,19.8,0,0,12226.0,38.1654160,-122.4598390,26.7,87.6,0,0,0
112.40,140.7,87.4,7301,0.0,4,15.9,0,0,12226.0,38.1653950,-122.4598080,26.7,87.6,0,0,0
112.50,139.7,86.8,7246,0.0,4,12.2,0,0,12226.0,38.1653730,-122.4597760,26.7,87.6,0,0,0
112.60,138.0,85.8,7162,0.0,4,7.6,0,0,12226.0,38.1653520,-122.4597440,26.7,87.6,0,0,0
112.70,136.4,84.7,7104,0.0,4,0.4,0,0,12226.0,38.1653310,-122.4597140,26.7,87.6,0,0,0
112.80,135.6,84.3,7108,0.0,4,-5.3,0,0,12226.0,38.1653100,-122.4596820,25.2,82.7,0,0,0
112.90,135.7,84.3,7108,0.0,4,-10.7,0,0,12226.0,38.1652900,-122.4596510,25.2,82.7,0,0,0
113.00,135.4,84.1,7079,0.0,4,-15.8,0,0,12226.0,38.1652690,-122.4596200,25.2,82.7,0,0,0
113.10,135.2,84.0,7092,0.0,4,-20.3,0,0,12226.0,38.1652490,-122.4595890,25.2,82.7,0,0,0
113.20,135.2,84.0,7082,0.0,4,-23.5,0,0,12226.0,38.1652290,-122.4595580,25.2,82.7,0,0,0
113.30,135.1,84.0,7102,0.0,4,-27.0,0,0,12226.0,38.1652100,-122.4595270,25.2,82.7,0,0,0
113.40,135.6,84.3,7077,0.0,4,-30.2,0,0,12226.0,38.1651910,-122.4594960,25.2,82.7,0,0,0
113.50,135.4,84.1,7067,0.0,4,-32.0,0,0,12226.0,38.1651730,-122.4594640,25.2,82.7,0,0,0
113.60,135.2,84.0,7066,0.0,4,-33.3,0,0,12226.0,38.1651540,-122.4594330,25.2,82.7,0,0,0
113.70,134.6,83.6,7016,0.0,4,-34.5,0,0,12226.0,38.1651370,-122.4594010,25.2,82.7,0,0,0
113.80,133.9,83.2,6987,0.0,4,-35.5,0,0,12226.0,38.1651200,-122.4593690,24.0,78.7,0,0,0
113.90,133.2,82.8,6940,0.0,4,-36.1,0,0,12226.0,38.1651040,-122.4593380,24.0,78.7,0,0,0
114.00,132.4,82.3,6927,0.0,4,-36.3,0,0,12226.0,38.1650880,-122.4593050,24.0,78.7,0,0,0
114.10,131.9,82.0,6864,0.0,4,-36.1,0,0,12226.0,38.1650730,-122.4592730,24.0,78.7,0,0,0
114.20,131.1,81.5,6800,0.0,4,-36.3,0,0,12226.0,38.1650590,-122.4592400,24.0,78.7,0,0,0
114.30,130.2,80.9,6814,3.0,4,-36.5,0,0,12226.0,38.1650450,-122.4592070,24.0,78.7,0,0,0
114.40,129.7,80.6,6748,6.5,4,-36.4,0,0,12226.0,38.1650320,-122.4591740,24.0,78.7,0,0,0
114.50,128.8,80.0,6687,13.5,4,-36.3,0,0,12226.0,38.1650190,-122.4591410,24.0,78.7,0,0,0
114.60,127.8,79.4,6783,15.0,4,-36.4,0,0,12226.0,38.1650070,-122.4591080,24.0,78.7,0,0,0
114.70,128.6,79.9,6979,24.5,4,-36.3,0,0,12226.0,38.1649960,-122.4590740,24.0,78.7,0,0,0
114.80,129.4,80.4,6771,38.5,4,-35.9,0,0,12226.0,38.1649850,-122.4590410,22.8,74.8,0,0,0
114.90,129.9,80.7,6845,44.0,4,-36.0,0,0,12226.0,38.1649750,-122.4590070,22.8,74.8,0,0,0
115.00,130.7,81.2,6886,46.0,4,-36.3,0,0,12226.0,38.1649650,-122.4589730,22.8,74.8,0,0,0
115.10,131.2,81.6,6899,50.0,4,-36.1,0,0,12226.0,38.1649560,-122.4589380,22.8,74.8,0,0,0
115.20,131.4,81.7,6865,50.5,4,-35.8,0,0,12226.0,38.1649480,-122.4589030,22.8,74.8,0,0,0
115.30,132.0,82.0,6969,53.0,4,-35.5,0,0,12226.0,38.1649400,-122.4588680,22.8,74.8,0,0,0
115.40,133.2,82.7,6956,54.5,4,-34.7,0,0,12226.0,38.1649330,-122.4588320,22.8,74.8,0,0,0
115.50,132.1,82.1,6902,58.5,4,-33.1,0,0,12226.0,38.1649260,-122.4587960,22.8,74.8,0,0,0
115.60,132.3,82.2,6900,57.5,4,-31.0,0,0,12226.0,38.1649200,-122.4587600,22.8,74.8,0,0,0
115.70,132.2,82.1,6916,52.5,4,-28.1,0,0,12227.0,38.1649150,-122.4587230,22.8,74.8,0,0,0
115.80,131.8,81.9,6864,50.0,4,-25.3,0,0,12227.0,38.1649100,-122.4586860,21.6,70.9,0,0,0
115.90,130.6,81.1,6833,49.0,4,-21.4,0,0,12227.0,38.1649060,-122.4586490,21.6,70.9,0,0,0
116.00,130.7,81.2,6857,48.0,4,-16.8,0,0,12227.0,38.1649020,-122.4586110,21.6,70.9,0,0,0
116.10,130.4,81.0,6791,42.5,4,-10.8,0,0,12227.0,38.1648990,-122.4585740,21.6,70.9,0,0,0
116.20,129.5,80.5,6782,38.0,4,-2.5,0,0,12227.0,38.1648950,-122.4585360,21.6,70.9,0,0,0
116.30,129.7,80.6,6884,35.5,4,6.6,0,0,12227.0,38.1648920,-122.4584970,21.6,70.9,0,0,0
116.40,131.4,81.6,6933,35.5,4,15.2,0,0,12227.0,38.1648880,-122.4584590,21.6,70.9,0,0,0
116.50,132.8,82.5,7030,37.5,4,21.1,0,0,12227.0,38.1648850,-122.4584200,21.6,70.9,0,0,0
116.60,134.1,83.3,7108,44.5,4,25.2,0,0,12227.0,38.1648800,-122.4583830,21.6,70.9,0,0,0
116.70,136.2,84.6,7219,45.0,4,28.2,0,0,12227.0,38.1648760,-122.4583450,21.6,70.9,0,0,0
116.80,138.3,85.9,7307,47.5,4,30.9,0,0,12227.0,38.1648710,-122.4583070,19.9,65.3,0,0,0
116.90,139.5,86.7,7353,51.5,4,32.7,0,0,12227.0,38.1648650,-122.4582690,19.9,65.3,0,0,0
117.00,140.2,87.1,7382,53.0,4,34.1,0,0,12227.0,38.1648590,-122.4582310,19.9,65.3,0,0,0
117.10,141.4,87.8,7444,55.0,4,34.8,0,0,12227.0,38.1648520,-122.4581940,19.9,65.3,0,0,0
117.20,141.9,88.2,7444,56.0,4,34.7,0,0,12227.0,38.1648450,-122.4581560,19.9,65.3,0,0,0
117.30,142.3,88.4,7484,56.5,4,34.4,0,0,12227.0,38.1648360,-122.4581180,19.9,65.3,0,0,0
117.40,143.8,89.3,7527,61.0,4,33.8,0,0,12227.0,38.1648270,-122.4580810,19.9,65.3,0,0,0
117.50,143.4,89.1,7561,65.5,4,32.9,0,0,12227.0,38.1648170,-122.4580430,19.9,65.3,0,0,0
117.60,144.6,89.8,7570,65.5,4,32.1,0,0,12227.0,38.1648070,-122.4580070,19.9,65.3,0,0,0
117.70,144.4,89.7,7590,66.0,4,31.1,0,0,12227.0,38.1647960,-122.4579700,19.9,65.3,0,0,0
117.80,144.8,90.0,7619,70.5,4,30.5,0,0,12227.0,38.1647850,-122.4579330,18.4,60.4,0,0,0
117.90,145.8,90.6,7723,70.5,4,30.4,0,0,12227.0,38.1647730,-122.4578960,18.4,60.4,0,0,0
118.00,146.7,91.1,7740,70.5,4,30.4,0,0,12227.0,38.1647600,-122.4578590,18.4,60.4,0,0,0
118.10,147.3,91.5,7762,72.0,4,30.0,0,0,12227.0,38.1647460,-122.4578220,18.4,60.4,0,0,0
118.20,147.4,91.6,7762,74.5,4,29.3,0,0,12227.0,38.1647320,-122.4577850,18.4,60.4,0,0,0
118.30,148.0,92.0,7807,76.0,4,28.5,0,0,12227.0,38.1647170,-122.4577480,18.4,60.4,0,0,0
118.40,149.0,92.6,7831,76.0,4,27.7,0,0,12227.0,38.1647020,-122.4577120,18.4,60.4,0,0,0
118.50,149.2,92.7,7856,80.0,4,26.4,0,0,12227.0,38.1646870,-122.4576760,18.4,60.4,0,0,0
118.60,149.3,92.8,7827,81.5,4,24.8,0,0,12227.0,38.1646700,-122.4576400,18.4,60.4,0,0,0
118.70,149.0,92.6,7858,84.5,4,22.9,0,0,12227.0,38.1646530,-122.4576030,18.4,60.4,0,0,0
118.80,149.8,93.1,7900,84.5,4,21.3,0,0,12227.0,38.1646360,-122.4575670,17.5,57.4,0,0,0
118.90,150.6,93.6,7947,83.5,4,20.0,0,0,12227.0,38.1646180,-122.4575300,17.5,57.4,0,0,0
119.00,152.0,94.4,7981,79.5,4,19.5,0,0,12227.0,38.1646000,-122.4574940,17.5,57.4,0,0,0
119.10,152.8,95.0,8005,77.0,4,19.9,0,0,12227.0,38.1645810,-122.4574570,17.5,57.4,0,0,0
119.20,153.0,95.1,8046,77.0,4,20.0,0,0,12227.0,38.1645620,-122.4574210,17.5,57.4,0,0,0
119.30,154.1,95.7,8104,79.0,4,19.3,0,0,12227.0,38.1645430,-122.4573840,17.5,57.4,0,0,0
119.40,153.8,95.6,8102,79.5,4,17.7,0,0,12227.0,38.1645240,-122.4573480,17.5,57.4,0,0,0
119.50,154.8,96.2,8179,81.0,4,15.3,0,0,12227.0,38.1645040,-122.4573120,17.5,57.4,0,0,0
119.60,155.2,96.4,8222,81.0,4,13.2,0,0,12227.0,38.1644830,-122.4572750,17.5,57.4,0,0,0
119.70,156.9,97.5,8215,81.0,4,11.6,0,0,12227.0,38.1644610,-122.4572380,17.5,57.4,0,0,0
119.80,156.6,97.3,8269,81.0,4,10.2,0,0,12227.0,38.1644400,-122.4572010,16.9,55.4,0,0,0
119.90,157.1,97.6,8297,81.5,4,9.2,0,0,12227.0,38.1644190,-122.4571650,16.9,55.4,0,0,0
120.00,157.9,98.1,8369,82.5,4,8.5,0,0,12227.0,38.1643980,-122.4571280,16.9,55.4,0,0,0
120.10,159.5,99.1,8413,82.5,4,8.0,0,0,12227.0,38.1643760,-122.4570910,16.9,55.4,0,0,0
120.20,161.2,100.1,8523,82.5,4,7.4,0,0,12227.0,38.1643540,-122.4570530,16.9,55.4,0,0,0
120.30,161.9,100.6,8545,82.5,4,6.8,0,0,12227.0,38.1643320,-122.4570160,16.9,55.4,0,0,0
120.40,162.8,101.2,8612,82.5,4,5.9,0,0,12227.0,38.1643090,-122.4569790,16.9,55.4,0,0,0
120.50,164.1,101.9,8644,76.0,4,5.1,0,0,12227.0,38.1642860,-122.4569410,16.9,55.4,0,0,0
120.60,164.9,102.5,8699,72.5,4,4.6,0,0,12227.0,38.1642630,-122.4569030,16.9,55.4,0,0,0
120.70,165.9,103.1,8727,70.5,4,4.3,0,0,12227.0,38.1642400,-122.4568640,16.9,55.4,0,0,0
120.80,166.5,103.5,8759,68.5,4,4.5,0,0,12227.0,38.1642170,-122.4568260,14.9,48.9,0,0,0
120.90,167.8,104.3,8434,20.5,4,4.1,0,0,12227.0,38.1641930,-122.4567880,14.9,48.9,0,0,0
121.00,166.2,103.2,8591,0.0,4,3.7,0,0,12227.0,38.1641670,-122.4567490,14.9,48.9,0,0,0
121.10,164.1,101.9,8560,0.0,4,4.4,0,0,12227.0,38.1641430,-122.4567100,14.9,48.9,0,0,0
121.20,163.5,101.6,8557,0.0,4,4.1,0,0,12227.0,38.1641180,-122.4566720,14.9,48.9,0,0,0
121.30,163.3,101.5,8533,0.0,4,2.7,0,0,12227.0,38.1640940,-122.4566340,14.9,48.9,0,0,0
121.40,162.6,101.0,8458,0.0,4,2.0,0,0,12227.0,38.1640700,-122.4565960,14.9,48.9,0,0,0
121.50,161.3,100.2,8383,0.0,4,0.2,0,0,12227.0,38.1640460,-122.4565580,14.9,48.9,0,0,0
121.60,159.8,99.3,8262,0.0,4,-0.5,0,0,12227.0,38.1640220,-122.4565210,14.9,48.9,0,0,0
121.70,157.7,98.0,8181,0.0,4,-0.3,0,0,12227.0,38.1639980,-122.4564840,14.9,48.9,0,0,0
121.80,156.2,97.1,8113,0.0,4,-0.8,0,0,12227.0,38.1639740,-122.4564470,11.8,38.7,0,0,0
121.90,154.7,96.1,7985,0.0,4,-1.3,0,0,12227.0,38.1639510,-122.4564110,11.8,38.7,0,0,0
122.00,152.1,94.5,7805,0.0,4,-0.9,0,0,12227.0,38.1639280,-122.4563750,11.8,38.7,0,0,0
122.10,149.0,92.6,7698,0.0,4,-1.0,0,0,12227.0,38.1639050,-122.4563400,11.8,38.7,0,0,0
122.20,146.7,91.1,7609,0.0,4,-1.0,0,0,12227.0,38.1638830,-122.4563050,11.8,38.7,0,0,0
122.30,144.9,90.0,7487,0.0,4,-1.2,0,0,12227.0,38.1638610,-122.4562710,11.8,38.7,0,0,0
122.40,142.9,88.8,7413,0.0,4,-1.2,0,0,12227.0,38.1638390,-122.4562370,11.8,38.7,0,0,0
122.50,141.3,87.8,7330,0.0,4,-1.2,0,0,12227.0,38.1638180,-122.4562040,11.8,38.7,0,0,0
122.60,139.7,86.8,8064,0.0,4,-1.0,0,0,12227.0,38.1637970,-122.4561710,11.8,38.7,0,0,0
122.70,133.5,83.0,8696,0.0,3,-0.9,0,0,12227.0,38.1637760,-122.4561390,11.8,38.7,0,0,0
122.80,137.0,85.1,8427,0.0,3,-0.9,0,0,12227.0,38.1637560,-122.4561070,10.0,32.8,0,0,0
122.90,133.9,83.2,8338,0.0,3,-0.8,0,0,12227.0,38.1637350,-122.4560760,10.0,32.8,0,0,0
123.00,131.9,82.0,8150,0.0,3,-0.9,0,0,12227.0,38.1637150,-122.4560440,10.0,32.8,0,0,0
123.10,129.6,80.5,8047,0.0,3,-1.0,0,0,12227.0,38.1636950,-122.4560140,10.0,32.8,0,0,0
123.20,128.0,79.5,7985,0.0,3,-1.2,0,0,12227.0,38.1636760,-122.4559840,10.0,32.8,0,0,0
123.30,126.6,78.7,7880,0.0,3,-1.5,0,0,12227.0,38.1636570,-122.4559540,10.0,32.8,0,0,0
123.40,125.0,77.7,7766,0.0,3,-1.6,0,0,12227.0,38.1636380,-122.4559250,10.0,32.8,0,0,0
123.50,123.0,76.5,7637,0.0,3,-1.6,0,0,12227.0,38.1636190,-122.4558960,10.0,32.8,0,0,0
123.60,121.1,75.2,7502,0.0,3,-1.5,0,0,12227.0,38.1636010,-122.4558670,10.0,32.8,0,0,0
123.70,119.3,74.1,7772,0.0,3,-1.4,0,0,12227.0,38.1635830,-122.4558390,10.0,32.8,0,0,0
123.80,117.5,73.0,8942,0.0,2,-1.0,0,0,12227.0,38.1635650,-122.4558120,8.6,28.2,0,0,0
123.90,113.7,70.6,8894,0.0,2,-0.8,0,0,12227.0,38.1635470,-122.4557850,8.6,28.2,0,0,0
124.00,113.0,70.2,8639,0.0,2,-0.3,0,0,12227.0,38.1635300,-122.4557580,8.6,28.2,0,0,0
124.10,109.7,68.1,8501,0.0,2,-0.0,0,0,12227.0,38.1635130,-122.4557320,8.6,28.2,0,0,0
124.20,108.0,67.1,8394,0.0,2,0.4,0,0,12227.0,38.1634960,-122.4557060,8.6,28.2,0,0,0
124.30,106.3,66.1,8238,0.0,2,0.8,0,0,12227.0,38.1634800,-122.4556810,8.6,28.2,0,0,0
124.40,104.5,65.0,8091,0.0,2,1.0,0,0,12227.0,38.1634640,-122.4556560,8.6,28.2,0,0,0
124.50,102.9,63.9,8000,0.0,2,1.2,0,0,12227.0,38.1634480,-122.4556310,8.6,28.2,0,0,0
124.60,101.4,63.0,7866,0.0,2,1.4,0,0,12227.0,38.1634320,-122.4556070,8.6,28.2,0,0,0
124.70,99.9,62.1,7718,0.0,2,1.8,0,0,12227.0,38.1634170,-122.4555830,8.6,28.2,0,0,0
124.80,98.0,60.9,7597,0.0,2,2.4,0,0,12227.0,38.1634020,-122.4555600,7.6,24.9,0,0,0
124.90,96.5,60.0,7467,0.0,2,2.6,0,0,12227.0,38.1633870,-122.4555370,7.6,24.9,0,0,0
125.00,94.8,58.9,7348,0.0,2,3.2,0,0,12227.0,38.1633730,-122.4555150,7.6,24.9,0,0,0
125.10,93.6,58.2,7220,0.0,2,4.1,0,0,12227.0,38.1633580,-122.4554930,7.6,24.9,0,0,0
125.20,91.7,57.0,7106,0.0,2,5.4,0,0,12227.0,38.1633440,-122.4554710,7.6,24.9,0,0,0
125.30,90.2,56.1,6998,0.0,2,7.1,0,0,12227.0,38.1633300,-122.4554500,7.6,24.9,0,0,0
125.40,88.9,55.3,6895,0.0,2,8.7,0,0,12227.0,38.1633160,-122.4554290,7.6,24.9,0,0,0
125.50,87.5,54.4,6783,0.0,2,10.3,0,0,12227.0,38.1633020,-122.4554090,7.6,24.9,0,0,0
125.60,86.0,53.5,6629,0.0,2,11.8,0,0,12227.0,38.1632890,-122.4553900,7.6,24.9,0,0,0
125.70,84.3,52.4,6514,0.0,2,13.7,0,0,12227.0,38.1632760,-122.4553710,7.6,24.9,0,0,0
125.80,83.0,51.5,6453,0.0,2,15.8,0,0,12227.0,38.1632620,-122.4553530,6.8,22.3,0,0,0
125.90,82.2,51.1,6355,0.0,2,18.2,0,0,12227.0,38.1632490,-122.4553340,6.8,22.3,0,0,0
126.00,80.8,50.2,6295,0.0,2,20.7,0,0,12227.0,38.1632360,-122.4553170,6.8,22.3,0,0,0
126.10,79.7,49.5,6180,0.0,2,22.3,0,0,12227.0,38.1632230,-122.4553000,6.8,22.3,0,0,0
126.20,78.2,48.6,6078,0.0,2,23.4,0,0,12227.0,38.1632090,-122.4552830,6.8,22.3,0,0,0
126.30,76.8,47.7,5961,0.0,2,24.6,0,0,12227.0,38.1631960,-122.4552680,6.8,22.3,0,0,0
126.40,75.4,46.9,5880,0.0,2,25.4,0,0,12227.0,38.1631830,-122.4552540,6.8,22.3,0,0,0
126.50,74.4,46.2,5761,0.0,2,26.3,0,0,12227.0,38.1631700,-122.4552390,6.8,22.3,0,0,0
126.60,73.0,45.4,5675,0.0,2,27.2,0,0,12227.0,38.1631570,-122.4552260,6.8,22.3,0,0,0
126.70,71.8,44.6,5595,0.0,2,28.1,0,0,12227.0,38.1631440,-122.4552130,6.8,22.3,0,0,0
126.80,70.7,44.0,5464,0.0,2,28.7,0,0,12227.0,38.1631310,-122.4552010,6.0,19.7,0,0,0
126.90,69.7,43.3,5365,0.0,2,29.5,0,0,12227.0,38.1631180,-122.4551890,6.0,19.7,0,0,0
127.00,68.2,42.4,5289,0.0,2,30.3,0,0,12227.0,38.1631050,-122.4551790,6.0,19.7,0,0,0
127.10,67.2,41.8,5169,0.0,2,30.6,0,0,12227.0,38.1630920,-122.4551680,6.0,19.7,0,0,0
127.20,65.8,40.9,5103,0.0,2,30.7,0,0,12227.0,38.1630790,-122.4551590,6.0,19.7,0,0,0
127.30,64.7,40.2,5065,0.0,2,31.0,0,0,12227.0,38.1630660,-122.4551500,6.0,19.7,0,0,0
127.40,63.9,39.7,4986,0.0,2,31.9,0,0,12227.0,38.1630530,-122.4551420,6.0,19.7,0,0,0
127.50,63.2,39.3,4984,0.0,2,32.8,0,0,12227.0,38.1630390,-122.4551350,6.0,19.7,0,0,0
127.60,63.1,39.2,4957,0.0,2,33.5,0,0,12227.0,38.1630260,-122.4551280,6.0,19.7,0,0,0
127.70,62.7,39.0,4820,0.0,2,34.2,0,0,12227.0,38.1630120,-122.4551220,6.0,19.7,0,0,0
127.80,61.6,38.2,4837,0.0,2,34.8,0,0,12227.0,38.1629990,-122.4551160,5.3,17.4,0,0,0
127.90,61.0,37.9,4805,0.0,2,35.0,0,0,12227.0,38.1629850,-122.4551120,5.3,17.4,0,0,0
128.00,60.8,37.8,4717,0.0,2,35.0,0,0,12227.0,38.1629720,-122.4551090,5.3,17.4,0,0,0
128.10,59.9,37.2,4606,0.0,2,34.7,0,0,12227.0,38.1629580,-122.4551060,5.3,17.4,0,0,0
128.20,58.6,36.4,4549,0.0,2,33.4,0,0,12227.0,38.1629450,-122.4551040,5.3,17.4,0,0,0
128.30,57.8,35.9,4436,0.0,2,31.0,0,0,12227.0,38.1629310,-122.4551030,5.3,17.4,0,0,0
128.40,56.0,34.8,4363,0.0,2,28.0,0,0,12227.0,38.1629170,-122.4551020,5.3,17.4,0,0,0
128.50,55.0,34.2,4239,0.0,2,25.3,0,0,12227.0,38.1629030,-122.4551020,5.3,17.4,0,0,0
128.60,53.8,33.4,4146,0.0,2,22.6,0,0,12227.0,38.1628900,-122.4551040,5.3,17.4,0,0,0
128.70,52.5,32.6,4053,0.5,2,17.6,0,0,12227.0,38.1628770,-122.4551050,5.3,17.4,0,0,0
128.80,51.1,31.8,4101,11.0,2,9.7,0,0,12227.0,38.1628640,-122.4551070,5.6,18.4,0,0,0
128.90,51.3,31.9,4355,13.5,2,2.6,0,0,12227.0,38.1628520,-122.4551080,5.6,18.4,0,0,0
129.00,52.5,32.6,3978,16.0,2,-4.0,0,0,12227.0,38.1628400,-122.4551100,5.6,18.4,0,0,0
129.10,51.7,32.1,4126,23.0,2,-11.8,0,0,12227.0,38.1628270,-122.4551120,5.6,18.4,0,0,0
129.20,52.3,32.5,4255,22.0,2,-19.2,0,0,12227.0,38.1628150,-122.4551130,5.6,18.4,0,0,0
129.30,54.3,33.8,4332,21.0,2,-24.7,0,0,12227.0,38.1628030,-122.4551150,5.6,18.4,0,0,0
129.40,54.6,33.9,4404,27.0,2,-28.2,0,0,12227.0,38.1627910,-122.4551160,5.6,18.4,0,0,0
129.50,56.3,35.0,4471,28.5,2,-30.3,0,0,12227.0,38.1627790,-122.4551170,5.6,18.4,0,0,0
129.60,57.2,35.6,4541,32.0,2,-31.4,0,0,12227.0,38.1627660,-122.4551170,5.6,18.4,0,0,0
129.70,57.6,35.8,4586,32.5,2,-31.6,0,0,12227.0,38.1627530,-122.4551160,5.6,18.4,0,0,0
129.80,58.0,36.0,4604,32.5,2,-31.6,0,0,12227.0,38.1627410,-122.4551140,5.7,18.7,0,0,0
129.90,58.7,36.5,4660,30.0,2,-31.9,0,0,12227.0,38.1627270,-122.4551120,5.7,18.7,0,0,0
130.00,60.0,37.3,4704,31.0,2,-32.4,0,0,12227.0,38.1627140,-122.4551080,5.7,18.7,0,0,0
130.10,60.5,37.6,4790,34.5,2,-33.0,0,0,12227.0,38.1627010,-122.4551030,5.7,18.7,0,0,0
130.20,61.4,38.1,4892,34.0,2,-33.6,0,0,12227.0,38.1626890,-122.4550980,5.7,18.7,0,0,0
130.30,62.3,38.7,4916,34.5,2,-34.1,0,0,12227.0,38.1626760,-122.4550920,5.7,18.7,0,0,0
130.40,62.9,39.1,4991,34.5,2,-34.8,0,0,12227.0,38.1626630,-122.4550860,5.7,18.7,0,0,0
130.50,63.6,39.5,5110,36.0,2,-35.3,0,0,12227.0,38.1626510,-122.4550780,5.7,18.7,0,0,0
130.60,64.6,40.1,5157,40.0,2,-35.1,0,0,12227.0,38.1626390,-122.4550700,5.7,18.7,0,0,0
130.70,65.1,40.5,5231,40.0,2,-35.3,0,0,12227.0,38.1626270,-122.4550610,5.7,18.7,0,0,0
130.80,67.3,41.8,5292,42.5,2,-34.9,0,0,12227.0,38.1626140,-122.4550510,6.0,19.7,0,0,0
130.90,67.1,41.7,5395,45.5,2,-34.4,0,0,12227.0,38.1626030,-122.4550410,6.0,19.7,0,0,0
131.00,68.9,42.8,5543,49.5,2,-34.1,0,0,12227.0,38.1625910,-122.4550290,6.0,19.7,0,0,0
131.10,70.2,43.6,5626,50.0,2,-34.1,0,0,12227.0,38.1625800,-122.4550170,6.0,19.7,0,0,0
131.20,72.3,44.9,5741,50.0,2,-33.8,0,0,12227.0,38.1625680,-122.4550040,6.0,19.7,0,0,0
131.30,73.0,45.4,5887,55.0,2,-33.5,0,0,12227.0,38.1625570,-122.4549900,6.0,19.7,0,0,0
131.40,74.5,46.3,6013,59.0,2,-33.1,0,0,12227.0,38.1625460,-122.4549750,6.0,19.7,0,0,0
131.50,76.0,47.2,6168,59.5,2,-33.0,0,0,12227.0,38.1625360,-122.4549600,6.0,19.7,0,0,0
131.60,78.1,48.5,6265,60.0,2,-32.9,0,0,12227.0,38.1625250,-122.4549430,6.0,19.7,0,0,0
131.70,79.8,49.6,6416,61.0,2,-32.7,0,0,12227.0,38.1625150,-122.4549260,6.0,19.7,0,0,0
131.80,81.6,50.7,6571,64.5,2,-32.5,0,0,12227.0,38.1625050,-122.4549080,5.9,19.4,0,0,0
131.90,83.3,51.8,6739,67.5,2,-32.4,0,0,12227.0,38.1624950,-122.4548890,5.9,19.4,0,0,0
132.00,85.9,53.4,6909,69.5,2,-32.2,0,0,12227.0,38.1624860,-122.4548690,5.9,19.4,0,0,0
132.10,87.7,54.5,6994,70.5,2,-31.8,0,0,12227.0,38.1624760,-122.4548480,5.9,19.4,0,0,0
132.20,89.1,55.4,7159,72.5,2,-31.1,0,0,12227.0,38.1624680,-122.4548270,5.9,19.4,0,0,0
132.30,91.0,56.5,7287,73.5,2,-30.4,0,0,12227.0,38.1624590,-122.4548050,5.9,19.4,0,0,0
132.40,92.3,57.3,7491,73.5,2,-30.0,0,0,12227.0,38.1624510,-122.4547820,5.9,19.4,0,0,0
132.50,95.0,59.0,7616,75.5,2,-29.7,0,0,12227.0,38.1624430,-122.4547580,5.9,19.4,0,0,0
132.60,96.8,60.1,7825,76.0,2,-29.4,0,0,12227.0,38.1624360,-122.4547330,5.9,19.4,0,0,0
132.70,99.3,61.7,7945,77.0,2,-28.9,0,0,12227.0,38.1624280,-122.4547080,5.9,19.4,0,0,0
132.80,100.3,62.3,8108,77.5,2,-28.2,0,0,12227.0,38.1624210,-122.4546810,5.6,18.4,0,0,0
132.90,103.0,64.0,8263,77.0,2,-27.4,0,0,12227.0,38.1624150,-122.4546540,5.6,18.4,0,0,0
133.00,104.6,65.0,8376,75.0,2,-26.4,0,0,12227.0,38.1624090,-122.4546270,5.6,18.4,0,0,0
133.10,106.0,65.9,8480,72.0,2,-25.0,0,0,12227.0,38.1624030,-122.4545980,5.6,18.4,0,0,0
133.20,107.5,66.8,8545,69.5,2,-23.3,0,0,12227.0,38.1623970,-122.4545690,5.6,18.4,0,0,0
133.30,108.7,67.5,8671,68.5,2,-21.5,0,0,12227.0,38.1623920,-122.4545390,5.6,18.4,0,0,0
133.40,110.6,68.7,8684,61.5,2,-19.8,0,0,12227.0,38.1623870,-122.4545080,5.6,18.4,0,0,0
133.50,110.3,68.5,8739,58.0,2,-17.6,0,0,12227.0,38.1623830,-122.4544770,5.6,18.4,0,0,0
133.60,111.4,69.2,8778,54.0,2,-15.2,0,0,12227.0,38.1623790,-122.4544460,5.6,18.4,0,0,0
133.70,111.8,69.4,8829,48.5,2,-12.4,0,0,12227.0,38.1623750,-122.4544140,5.6,18.4,0,0,0
133.80,112.7,70.0,8876,45.5,2,-11.3,0,0,12227.0,38.1623720,-122.4543810,5.4,17.7,0,0,0
133.90,113.2,70.3,8884,41.5,2,-8.0,0,0,12227.0,38.1623680,-122.4543480,5.4,17.7,0,0,0
134.00,113.3,70.4,8932,41.5,2,-2.3,0,0,12227.0,38.1623650,-122.4543150,5.4,17.7,0,0,0
134.10,113.7,70.7,9004,41.5,2,2.3,0,0,12227.0,38.1623610,-122.4542810,5.4,17.7,0,0,0
134.20,114.5,71.1,8732,43.5,2,6.3,0,0,12227.0,38.1623580,-122.4542480,5.4,17.7,0,0,0
134.30,114.5,71.1,7265,43.5,3,10.1,0,0,12227.0,38.1623530,-122.4542140,5.4,17.7,0,0,0
134.40,116.0,72.1,7348,43.0,3,14.1,0,0,12227.0,38.1623490,-122.4541810,5.4,17.7,0,0,0
134.50,117.2,72.8,7448,41.5,3,18.1,0,0,12227.0,38.1623450,-122.4541470,5.4,17.7,0,0,0
134.60,118.7,73.7,7517,41.5,3,21.0,0,0,12227.0,38.1623400,-122.4541130,5.4,17.7,0,0,0
134.70,119.5,74.3,7607,40.5,3,23.4,0,0,12227.0,38.1623350,-122.4540800,5.4,17.7,0,0,0
134.80,121.1,75.3,7681,40.5,3,26.0,0,0,12227.0,38.1623300,-122.4540460,4.8,15.7,0,0,0
134.90,122.3,76.0,7776,39.5,3,28.7,0,0,12227.0,38.1623240,-122.4540130,4.8,15.7,0,0,0
135.00,123.6,76.8,7815,40.5,3,31.1,0,0,12227.0,38.1623180,-122.4539790,4.8,15.7,0,0,0
135.10,124.4,77.3,7870,42.5,3,32.6,0,0,12227.0,38.1623110,-122.4539450,4.8,15.7,0,0,0
135.20,124.9,77.6,7935,44.0,3,33.6,0,0,12227.0,38.1623040,-122.4539120,4.8,15.7,0,0,0
135.30,126.3,78.5,7958,44.5,3,34.6,0,0,12227.0,38.1622960,-122.4538790,4.8,15.7,0,0,0
135.40,126.8,78.8,8018,47.0,3,35.4,0,0,12227.0,38.1622870,-122.4538470,4.8,15.7,0,0,0
135.50,127.1,79.0,8045,51.0,3,35.6,0,0,12227.0,38.1622780,-122.4538140,4.8,15.7,0,0,0
135.60,128.4,79.8,8067,50.5,3,35.4,0,0,12227.0,38.1622680,-122.4537810,4.8,15.7,0,0,0
135.70,128.2,79.7,8115,49.5,3,35.7,0,0,12227.0,38.1622570,-122.4537490,4.8,15.7,0,0,0
135.80,129.2,80.3,8197,49.0,3,36.5,0,0,12227.0,38.1622460,-122.4537170,4.1,13.5,0,0,0
135.90,130.3,81.0,8269,48.5,3,37.2,0,0,12227.0,38.1622340,-122.4536850,4.1,13.5,0,0,0
136.00,131.4,81.6,8226,48.5,3,38.0,0,0,12227.0,38.1622220,-122.4536530,4.1,13.5,0,0,0
136.10,131.4,81.6,8267,48.5,3,38.3,0,0,12227.0,38.1622090,-122.4536220,4.1,13.5,0,0,0
136.20,131.6,81.8,8334,48.0,3,38.6,0,0,12227.0,38.1621960,-122.4535910,4.1,13.5,0,0,0
136.30,132.6,82.4,8306,46.5,3,38.7,0,0,12227.0,38.1621820,-122.4535610,4.1,13.5,0,0,0
136.40,132.5,82.3,8366,47.0,3,38.7,0,0,12227.0,38.1621660,-122.4535310,4.1,13.5,0,0,0
136.50,132.6,82.4,8362,47.0,3,38.6,0,0,12227.0,38.1621490,-122.4535010,4.1,13.5,0,0,0
136.60,132.9,82.6,8376,47.0,3,38.2,0,0,12227.0,38.1621320,-122.4534710,4.1,13.5,0,0,0
136.70,133.5,82.9,8366,46.5,3,37.8,0,0,12227.0,38.1621140,-122.4534420,4.1,13.5,0,0,0
136.80,133.6,83.0,8439,48.0,3,37.6,0,0,12227.0,38.1620960,-122.4534140,3.6,11.8,0,0,0
136.90,133.8,83.1,8501,55.5,3,37.6,0,0,12227.0,38.1620770,-122.4533860,3.6,11.8,0,0,0
137.00,134.9,83.8,8480,56.5,3,37.8,0,0,12227.0,38.1620580,-122.4533590,3.6,11.8,0,0,0
137.10,135.3,84.0,8589,60.0,3,37.6,0,0,12227.0,38.1620390,-122.4533320,3.6,11.8,0,0,0
137.20,136.7,84.9,8671,60.5,3,37.3,0,0,12227.0,38.1620180,-122.4533060,3.6,11.8,0,0,0
137.30,137.9,85.7,8762,62.0,3,37.3,0,0,12227.0,38.1619960,-122.4532800,3.6,11.8,0,0,0
137.40,138.9,86.3,8772,62.5,3,37.4,0,0,12227.0,38.1619750,-122.4532550,3.6,11.8,0,0,0
137.50,139.4,86.6,8811,65.5,3,37.0,0,0,12227.0,38.1619520,-122.4532300,3.6,11.8,0,0,0
137.60,139.8,86.9,8873,70.5,3,36.3,0,0,12227.0,38.1619290,-122.4532050,3.6,11.8,0,0,0
137.70,141.4,87.9,8969,71.5,3,35.5,0,0,12227.0,38.1619060,-122.4531810,3.6,11.8,0,0,0
137.80,143.1,88.9,9077,72.0,3,34.7,0,0,12227.0,38.1618820,-122.4531580,3.7,12.1,0,0,0
137.90,144.8,90.0,9172,72.0,3,34.1,0,0,12227.0,38.1618570,-122.4531350,3.7,12.1,0,0,0
138.00,146.0,90.7,9225,72.0,3,33.8,0,0,12227.0,38.1618320,-122.4531120,3.7,12.1,0,0,0
138.10,147.3,91.5,9300,72.0,3,33.3,0,0,12227.0,38.1618060,-122.4530900,3.7,12.1,0,0,0
138.20,147.8,91.8,9361,72.0,3,32.7,0,0,12227.0,38.1617800,-122.4530680,3.7,12.1,0,0,0
138.30,148.8,92.4,9420,72.0,3,32.4,0,0,12227.0,38.1617530,-122.4530460,3.7,12.1,0,0,0
138.40,149.6,93.0,9461,74.5,3,31.8,0,0,12227.0,38.1617260,-122.4530250,3.7,12.1,0,0,0
138.50,150.5,93.5,9546,77.0,3,31.0,0,0,12227.0,38.1616970,-122.4530040,3.7,12.1,0,0,0
138.60,152.4,94.7,9634,77.0,3,29.8,0,0,12227.0,38.1616690,-122.4529840,3.7,12.1,0,0,0
138.70,153.6,95.5,9697,77.5,3,28.9,0,0,12227.0,38.1616400,-122.4529640,3.7,12.1,0,0,0
138.80,154.3,95.9,9734,78.0,3,28.1,0,0,12227.0,38.1616110,-122.4529440,3.4,11.2,0,0,0
138.90,155.1,96.4,9808,78.0,3,26.9,0,0,12227.0,38.1615810,-122.4529250,3.4,11.2,0,0,0
139.00,155.7,96.8,9846,77.0,3,25.7,0,0,12227.0,38.1615500,-122.4529060,3.4,11.2,0,0,0
139.10,156.8,97.5,9891,75.0,3,24.6,0,0,12227.0,38.1615190,-122.4528880,3.4,11.2,0,0,0
139.20,157.4,97.8,9928,72.5,3,23.9,0,0,12227.0,38.1614880,-122.4528690,3.4,11.2,0,0,0
139.30,158.4,98.4,9941,70.0,3,23.2,0,0,12227.0,38.1614550,-122.4528510,3.4,11.2,0,0,0
139.40,157.8,98.0,9950,68.0,3,22.1,0,0,12227.0,38.1614230,-122.4528330,3.4,11.2,0,0,0
139.50,158.3,98.4,9928,66.0,3,20.6,0,0,12227.0,38.1613910,-122.4528160,3.4,11.2,0,0,0
139.60,157.8,98.0,9898,64.5,3,18.6,0,0,12227.0,38.1613570,-122.4527990,3.4,11.2,0,0,0
139.70,157.7,98.0,9817,57.5,3,16.5,0,0,12227.0,38.1613240,-122.4527820,3.4,11.2,0,0,0
139.80,156.7,97.4,9656,44.0,3,15.0,0,0,12227.0,38.1612900,-122.4527660,3.3,10.8,0,0,0
139.90,155.0,96.3,9243,0.0,3,13.3,0,0,12227.0,38.1612560,-122.4527500,3.3,10.8,0,0,0
140.00,148.6,92.3,9476,0.0,3,10.9,0,0,12227.0,38.1612230,-122.4527340,3.3,10.8,0,0,0
140.10,150.9,93.7,9390,0.0,3,9.2,0,0,12227.0,38.1611890,-122.4527190,3.3,10.8,0,0,0
140.20,149.0,92.6,9282,0.0,3,8.7,0,0,12227.0,38.1611560,-122.4527030,3.3,10.8,0,0,0
140.30,147.9,91.9,8942,0.0,3,8.5,0,0,12227.0,38.1611220,-122.4526880,3.3,10.8,0,0,0
140.40,143.1,88.9,8757,0.0,3,7.6,0,0,12227.0,38.1610890,-122.4526730,3.3,10.8,0,0,0
140.50,138.3,86.0,8352,0.0,3,6.2,0,0,12227.0,38.1610560,-122.4526590,3.3,10.8,0,0,0
140.60,132.9,82.6,8119,0.0,3,5.5,0,0,12227.0,38.1610230,-122.4526450,3.3,10.8,0,0,0
140.70,126.1,78.4,7970,0.0,3,5.1,0,0,12227.0,38.1609910,-122.4526310,3.3,10.8,0,0,0
140.80,122.7,76.2,7377,0.0,3,4.8,0,0,12227.0,38.1609590,-122.4526180,3.1,10.2,0,0,0
140.90,120.0,74.5,7131,0.0,3,4.4,0,0,12227.0,38.1609290,-122.4526050,3.1,10.2,0,0,0
141.00,113.6,70.6,6982,0.0,3,4.2,0,0,12227.0,38.1608990,-122.4525920,3.1,10.2,0,0,0
141.10,106.2,66.0,6808,0.0,3,4.1,0,0,12227.0,38.1608690,-122.4525800,3.1,10.2,0,0,0
141.20,104.5,65.0,6861,0.0,3,3.7,0,0,12227.0,38.1608410,-122.4525680,3.1,10.2,0,0,0
141.30,108.9,67.7,7089,0.0,3,2.7,0,0,12227.0,38.1608130,-122.4525570,3.1,10.2,0,0,0
141.40,113.1,70.3,7959,0.0,3,2.6,0,0,12227.0,38.1607850,-122.4525460,3.1,10.2,0,0,0
141.50,105.7,65.7,8900,0.0,2,3.1,0,0,12227.0,38.1607580,-122.4525350,3.1,10.2,0,0,0
141.60,113.2,70.3,8736,0.0,2,2.7,0,0,12227.0,38.1607320,-122.4525240,3.1,10.2,0,0,0
141.70,111.2,69.1,8547,0.0,2,2.1,0,0,12227.0,38.1607060,-122.4525140,3.1,10.2,0,0,0
141.80,109.0,67.7,8373,0.0,2,2.0,0,0,12227.0,38.1606800,-122.4525040,2.5,8.2,0,0,0
141.90,106.2,66.0,8163,0.0,2,1.7,0,0,12227.0,38.1606560,-122.4524950,2.5,8.2,0,0,0
142.00,104.0,64.6,7912,0.0,2,1.4,0,0,12227.0,38.1606310,-122.4524850,2.5,8.2,0,0,0
142.10,100.7,62.6,7628,0.0,2,1.2,0,0,12227.0,38.1606070,-122.4524760,2.5,8.2,0,0,0
142.20,97.5,60.6,7408,0.0,2,1.5,0,0,12227.0,38.1605830,-122.4524670,2.5,8.2,0,0,0
142.30,94.1,58.5,7267,0.0,2,2.1,0,0,12227.0,38.1605610,-122.4524580,2.5,8.2,0,0,0
142.40,92.5,57.5,7442,0.0,2,2.5,0,0,12227.0,38.1605380,-122.4524500,2.5,8.2,0,0,0
142.50,93.6,58.2,8624,0.0,1,2.6,0,0,12227.0,38.1605160,-122.4524420,2.5,8.2,0,0,0
142.60,83.4,51.8,9020,0.0,1,3.1,0,0,12227.0,38.1604950,-122.4524340,2.5,8.2,0,0,0
142.70,87.1,54.1,8759,0.0,1,3.1,0,0,12227.0,38.1604740,-122.4524270,2.5,8.2,0,0,0
142.80,84.9,52.7,8484,0.0,1,3.7,0,0,12227.0,38.1604540,-122.4524190,2.2,7.2,0,0,0
142.90,82.0,50.9,8292,0.0,1,4.5,0,0,12227.0,38.1604340,-122.4524120,2.2,7.2,0,0,0
143.00,80.1,49.8,8022,0.0,1,5.5,0,0,12227.0,38.1604150,-122.4524060,2.2,7.2,0,0,0
143.10,77.5,48.2,7821,0.0,1,6.9,0,0,12227.0,38.1603960,-122.4523990,2.2,7.2,0,0,0
143.20,75.5,46.9,7630,0.0,1,8.0,0,0,12227.0,38.1603770,-122.4523930,2.2,7.2,0,0,0
143.30,73.6,45.8,7478,0.0,1,9.6,0,0,12227.0,38.1603600,-122.4523870,2.2,7.2,0,0,0
143.40,72.3,44.9,7333,0.0,1,11.8,0,0,12227.0,38.1603420,-122.4523820,2.2,7.2,0,0,0
143.50,70.8,44.0,7198,0.0,1,13.8,0,0,12227.0,38.1603250,-122.4523770,2.2,7.2,0,0,0
143.60,69.4,43.1,7092,0.0,1,15.4,0,0,12227.0,38.1603090,-122.4523720,2.2,7.2,0,0,0
143.70,68.2,42.4,6906,0.0,1,16.3,0,0,12227.0,38.1602940,-122.4523680,2.2,7.2,0,0,0
143.80,66.8,41.5,6720,0.0,1,17.2,0,0,12227.0,38.1602780,-122.4523640,2.5,8.2,0,0,0
143.90,65.0,40.4,6621,0.0,1,18.5,0,0,12227.0,38.1602620,-122.4523610,2.5,8.2,0,0,0
144.00,64.0,39.8,6526,0.0,1,19.9,0,0,12227.0,38.1602470,-122.4523570,2.5,8.2,0,0,0
144.10,63.2,39.3,6412,0.0,1,22.2,0,0,12227.0,38.1602310,-122.4523550,2.5,8.2,0,0,0
144.20,62.0,38.5,6284,0.0,1,24.4,0,0,12227.0,38.1602170,-122.4523530,2.5,8.2,0,0,0
144.30,60.8,37.8,6152,0.0,1,26.1,0,0,12227.0,38.1602030,-122.4523510,2.5,8.2,0,0,0
144.40,59.5,37.0,6026,0.0,1,27.7,0,0,12227.0,38.1601890,-122.4523500,2.5,8.2,0,0,0
144.50,58.1,36.1,5883,0.0,1,29.0,0,0,12227.0,38.1601760,-122.4523490,2.5,8.2,0,0,0
144.60,56.8,35.3,5723,0.0,1,30.5,0,0,12227.0,38.1601620,-122.4523490,2.5,8.2,0,0,0
144.70,55.5,34.5,5615,0.0,1,31.9,0,0,12227.0,38.1601490,-122.4523500,2.5,8.2,0,0,0
144.80,54.0,33.6,5471,0.0,1,33.0,0,0,12227.0,38.1601360,-122.4523510,2.4,7.9,0,0,0
144.90,53.0,32.9,5338,0.0,1,33.7,0,0,12227.0,38.1601240,-122.4523520,2.4,7.9,0,0,0
145.00,51.4,31.9,5251,0.0,1,33.9,0,0,12227.0,38.1601120,-122.4523550,2.4,7.9,0,0,0
145.10,50.7,31.5,5141,0.0,1,34.6,0,0,12227.0,38.1601010,-122.4523570,2.4,7.9,0,0,0
145.20,49.7,30.9,5064,0.0,1,35.6,0,0,12227.0,38.1600900,-122.4523610,2.4,7.9,0,0,0
145.30,48.8,30.3,4976,0.0,1,36.4,0,0,12227.0,38.1600800,-122.4523660,2.4,7.9,0,0,0
145.40,48.0,29.8,4904,0.0,1,37.1,0,0,12227.0,38.1600710,-122.4523710,2.4,7.9,0,0,0
145.50,47.2,29.4,4800,0.0,1,37.3,0,0,12227.0,38.1600640,-122.4523770,2.4,7.9,0,0,0
145.60,46.2,28.7,4705,0.0,1,37.0,0,0,12227.0,38.1600570,-122.4523840,2.4,7.9,0,0,0
145.70,45.3,28.2,4594,0.0,1,35.9,0,0,12227.0,38.1600490,-122.4523910,2.4,7.9,0,0,0
145.80,44.3,27.5,4479,0.0,1,35.3,0,0,12227.0,38.1600420,-122.4523980,2.8,9.2,0,0,0
145.90,43.3,26.9,4425,3.0,1,35.3,0,0,12227.0,38.1600340,-122.4524050,2.8,9.2,0,0,0
146.00,43.1,26.8,4439,9.0,1,35.9,0,0,12227.0,38.1600270,-122.4524130,2.8,9.2,0,0,0
146.10,42.4,26.3,4315,9.0,1,37.0,0,0,12227.0,38.1600210,-122.4524220,2.8,9.2,0,0,0
146.20,42.2,26.2,4371,10.0,1,37.9,0,0,12227.0,38.1600150,-122.4524300,2.8,9.2,0,0,0
146.30,41.9,26.1,4322,13.0,1,38.6,0,0,12227.0,38.1600100,-122.4524400,2.8,9.2,0,0,0
146.40,41.8,26.0,4699,16.5,1,39.4,0,0,12227.0,38.1600050,-122.4524490,2.8,9.2,0,0,0
146.50,41.8,26.0,4389,20.0,1,39.8,0,0,12227.0,38.1600010,-122.4524580,2.8,9.2,0,0,0
146.60,42.9,26.6,4595,28.0,1,39.8,0,0,12227.0,38.1599970,-122.4524680,2.8,9.2,0,0,0
146.70,44.1,27.4,4612,28.5,1,39.4,0,0,12227.0,38.1599930,-122.4524780,2.8,9.2,0,0,0
146.80,44.6,27.7,4708,34.0,1,38.9,0,0,12227.0,38.1599900,-122.4524890,2.5,8.2,0,0,0
146.90,45.5,28.3,4793,36.0,1,38.6,0,0,12227.0,38.1599870,-122.4525010,2.5,8.2,0,0,0
147.00,46.5,28.9,4902,38.5,1,38.6,0,0,12227.0,38.1599850,-122.4525120,2.5,8.2,0,0,0
147.10,47.5,29.5,5042,40.5,1,38.6,0,0,12227.0,38.1599810,-122.4525230,2.5,8.2,0,0,0
147.20,49.0,30.4,5198,42.5,1,38.3,0,0,12227.0,38.1599800,-122.4525360,2.5,8.2,0,0,0
147.30,49.9,31.0,5348,45.5,1,38.3,0,0,12227.0,38.1599790,-122.4525490,2.5,8.2,0,0,0
147.40,51.6,32.1,5559,51.0,1,38.0,0,0,12227.0,38.1599800,-122.4525620,2.5,8.2,0,0,0
147.50,53.6,33.3,5766,55.5,1,37.2,0,0,12227.0,38.1599830,-122.4525760,2.5,8.2,0,0,0
147.60,55.8,34.7,5942,55.5,1,36.3,0,0,12227.0,38.1599860,-122.4525900,2.5,8.2,0,0,0
147.70,57.5,35.7,6107,56.0,1,35.3,0,0,12227.0,38.1599900,-122.4526040,2.5,8.2,0,0,0
147.80,59.5,36.9,6265,56.5,1,34.1,0,0,12227.0,38.1599940,-122.4526180,1.4,4.6,0,0,0
147.90,61.0,37.9,6509,59.0,1,33.2,0,0,12227.0,38.1599980,-122.4526330,1.4,4.6,0,0,0
148.00,62.7,38.9,6686,60.5,1,32.5,0,0,12227.0,38.1600060,-122.4526470,1.4,4.6,0,0,0
148.10,64.5,40.1,6918,64.0,1,31.8,0,0,12227.0,38.1600140,-122.4526620,1.4,4.6,0,0,0
148.20,66.3,41.2,7083,65.0,1,31.2,0,0,12227.0,38.1600210,-122.4526780,1.4,4.6,0,0,0
148.30,68.4,42.5,7333,66.5,1,30.4,0,0,12227.0,38.1600280,-122.4526930,1.4,4.6,0,0,0
148.40,70.7,44.0,7533,69.0,1,29.1,0,0,12227.0,38.1600370,-122.4527090,1.4,4.6,0,0,0
148.50,72.3,44.9,7705,70.0,1,27.1,0,0,12227.0,38.1600460,-122.4527250,1.4,4.6,0,0,0
148.60,74.5,46.3,7939,70.0,1,25.0,0,0,12227.0,38.1600560,-122.4527410,1.4,4.6,0,0,0
148.70,76.9,47.8,8126,70.0,1,22.9,0,0,12227.0,38.1600660,-122.4527570,1.4,4.6,0,0,0
148.80,78.3,48.6,8278,70.0,1,20.7,0,0,12227.0,38.1600770,-122.4527730,3.0,9.8,0,0,0
148.90,80.0,49.7,8506,70.0,1,18.7,0,0,12227.0,38.1600890,-122.4527900,3.0,9.8,0,0,0
149.00,82.1,51.0,8616,70.0,1,16.8,0,0,12227.0,38.1601000,-122.4528050,3.0,9.8,0,0,0
149.10,83.4,51.8,8803,69.5,1,14.7,0,0,12227.0,38.1601120,-122.4528220,3.0,9.8,0,0,0
149.20,85.4,53.1,9034,69.5,1,12.7,0,0,12227.0,38.1601250,-122.4528390,3.0,9.8,0,0,0
149.30,87.3,54.2,9242,69.5,1,10.8,0,0,12227.0,38.1601390,-122.4528560,3.0,9.8,0,0,0
149.40,89.3,55.5,9399,69.5,1,9.0,0,0,12227.0,38.1601530,-122.4528740,3.0,9.8,0,0,0
149.50,91.0,56.6,9619,69.5,1,7.5,0,0,12227.0,38.1601680,-122.4528920,3.0,9.8,0,0,0
149.60,93.0,57.8,9804,68.5,1,6.1,0,0,12227.0,38.1601830,-122.4529110,3.0,9.8,0,0,0
149.70,94.8,58.9,9773,68.5,1,4.7,0,0,12227.0,38.1601990,-122.4529290,3.0,9.8,0,0,0
149.80,95.9,59.6,7713,92.5,1,3.0,0,18,12227.0,38.1602160,-122.4529480,3.7,12.1,0,0,0
149.90,98.6,61.2,7858,100.0,2,1.9,0,15,12227.0,38.1602320,-122.4529680,3.7,12.1,0,0,0
150.00,99.6,61.9,7994,100.0,2,0.9,0,0,12227.0,38.1602490,-122.4529870,3.7,12.1,0,0,0
150.10,101.2,62.9,8177,100.0,2,-0.4,0,0,12227.0,38.1602660,-122.4530070,3.7,12.1,0,0,0
150.20,103.0,64.0,8274,100.0,2,-1.6,0,0,12227.0,38.1602840,-122.4530260,3.7,12.1,0,0,0
150.30,105.0,65.2,8480,100.0,2,-2.3,0,0,12227.0,38.1603020,-122.4530470,3.7,12.1,0,0,0
150.40,107.0,66.5,8619,100.0,2,-3.1,0,0,12227.0,38.1603200,-122.4530670,3.7,12.1,0,0,0
150.50,109.2,67.9,8790,100.0,2,-4.2,0,0,12227.0,38.1603390,-122.4530880,3.7,12.1,0,0,0
150.60,111.2,69.1,8991,100.0,2,-5.7,0,0,12227.0,38.1603580,-122.4531090,3.7,12.1,0,0,0
150.70,113.8,70.7,9136,100.0,2,-6.7,0,0,12227.0,38.1603770,-122.4531310,3.7,12.1,0,0,0
150.80,115.7,71.9,9332,100.0,2,-7.3,0,0,12227.0,38.1603970,-122.4531530,3.9,12.8,0,0,0
150.90,118.1,73.4,9524,100.0,2,-8.1,0,0,12227.0,38.1604170,-122.4531760,3.9,12.8,0,0,0
151.00,120.5,74.9,9684,100.0,2,-9.1,0,0,12227.0,38.1604370,-122.4531990,3.9,12.8,0,0,0
151.10,123.2,76.5,9859,100.0,2,-10.2,0,0,12227.0,38.1604580,-122.4532220,3.9,12.8,0,0,0
151.20,125.2,77.8,10027,100.0,2,-11.2,0,0,12227.0,38.1604790,-122.4532460,3.9,12.8,0,0,0
151.30,127.2,79.0,10197,100.0,2,-12.2,0,0,12227.0,38.1605010,-122.4532710,3.9,12.8,0,0,0
151.40,129.6,80.5,10349,100.0,2,-13.0,0,0,12227.0,38.1605230,-122.4532960,3.9,12.8,0,0,0
151.50,131.8,81.9,10523,100.0,2,-13.6,0,0,12227.0,38.1605450,-122.4533210,3.9,12.8,0,0,0
151.60,133.6,83.0,10669,100.0,2,-14.1,0,0,12227.0,38.1605670,-122.4533480,3.9,12.8,0,0,0
151.70,135.7,84.3,9833,100.0,2,-15.0,0,0,12228.0,38.1605890,-122.4533740,3.9,12.8,0,0,0
151.80,133.3,82.9,8731,100.0,3,-15.9,0,0,12228.0,38.1606120,-122.4534010,4.2,13.8,0,0,0
151.90,138.5,86.0,8783,100.0,3,-16.1,0,0,12228.0,38.1606340,-122.4534290,4.2,13.8,0,0,0
152.00,138.8,86.2,8855,100.0,3,-15.7,0,0,12228.0,38.1606570,-122.4534560,4.2,13.8,0,0,0
152.10,140.4,87.2,8948,100.0,3,-14.7,0,0,12228.0,38.1606800,-122.4534850,4.2,13.8,0,0,0
152.20,141.6,88.0,9026,100.0,3,-14.0,0,0,12228.0,38.1607030,-122.4535140,4.2,13.8,0,0,0
152.30,142.7,88.7,9103,100.0,3,-13.2,0,0,12228.0,38.1607260,-122.4535430,4.2,13.8,0,0,0
152.40,144.1,89.5,9192,100.0,3,-12.4,0,0,12228.0,38.1607490,-122.4535720,4.2,13.8,0,0,0
152.50,145.1,90.2,9248,100.0,3,-12.0,0,0,12228.0,38.1607720,-122.4536020,4.2,13.8,0,0,0
152.60,147.0,91.3,9355,100.0,3,-11.8,0,0,12228.0,38.1607960,-122.4536330,4.2,13.8,0,0,0
152.70,148.6,92.3,9458,100.0,3,-12.0,0,0,12228.0,38.1608190,-122.4536640,4.2,13.8,0,0,0
152.80,150.0,93.2,9506,100.0,3,-12.4,0,0,12228.0,38.1608430,-122.4536950,4.5,14.8,0,0,0
152.90,151.0,93.8,9582,100.0,3,-12.1,0,0,12228.0,38.1608670,-122.4537270,4.5,14.8,0,0,0
153.00,152.3,94.6,9650,100.0,3,-11.8,0,0,12228.0,38.1608910,-122.4537590,4.5,14.8,0,0,0
153.10,153.6,95.4,9725,100.0,3,-11.6,0,0,12228.0,38.1609160,-122.4537910,4.5,14.8,0,0,0
153.20,154.8,96.2,9811,100.0,3,-11.3,0,0,12228.0,38.1609400,-122.4538240,4.5,14.8,0,0,0
153.30,156.4,97.2,9872,100.0,3,-10.8,0,0,12228.0,38.1609640,-122.4538570,4.5,14.8,0,0,0
153.40,157.0,97.5,9937,100.0,3,-10.1,0,0,12228.0,38.1609890,-122.4538910,4.5,14.8,0,0,0
153.50,158.3,98.4,10010,100.0,3,-9.6,0,0,12228.0,38.1610130,-122.4539250,4.5,14.8,0,0,0
153.60,159.3,99.0,10074,100.0,3,-9.3,0,0,12228.0,38.1610380,-122.4539590,4.5,14.8,0,0,0
153.70,160.3,99.6,10149,100.0,3,-9.4,0,0,12228.0,38.1610630,-122.4539940,4.5,14.8,0,0,0
153.80,161.6,100.4,10250,100.0,3,-9.4,0,0,12228.0,38.1610880,-122.4540290,4.9,16.1,0,0,0
153.90,162.9,101.3,10341,100.0,3,-9.4,0,0,12228.0,38.1611130,-122.4540640,4.9,16.1,0,0,0
154.00,164.3,102.1,10424,100.0,3,-9.6,0,0,12228.0,38.1611390,-122.4541000,4.9,16.1,0,0,0
154.10,166.0,103.2,10479,100.0,3,-9.6,0,0,12228.0,38.1611640,-122.4541360,4.9,16.1,0,0,0
154.20,167.1,103.9,10549,100.0,3,-9.5,0,0,12228.0,38.1611890,-122.4541720,4.9,16.1,0,0,0
154.30,167.7,104.2,10609,99.5,3,-9.7,0,0,12228.0,38.1612150,-122.4542090,4.9,16.1,0,0,0
154.40,168.8,104.9,10677,89.5,3,-10.2,0,0,12228.0,38.1612410,-122.4542460,4.9,16.1,0,0,0
154.50,170.0,105.7,10741,88.5,3,-9.9,0,0,12228.0,38.1612670,-122.4542830,4.9,16.1,0,0,0
154.60,171.4,106.5,10722,80.0,3,-9.7,0,0,12228.0,38.1612930,-122.4543210,4.9,16.1,0,0,0
154.70,171.0,106.2,10320,4.0,3,-9.3,0,0,12228.0,38.1613190,-122.4543590,4.9,16.1,0,0,0
154.80,169.0,105.0,10381,0.0,3,-8.6,0,0,12228.0,38.1613450,-122.4543970,5.4,17.7,0,0,0
154.90,165.2,102.7,10324,0.0,3,-6.2,0,0,12228.0,38.1613710,-122.4544350,5.4,17.7,0,0,0
155.00,164.8,102.4,10218,0.0,3,-4.3,0,0,12228.0,38.1613970,-122.4544730,5.4,17.7,0,0,0
155.10,162.9,101.3,10201,0.0,3,-5.2,0,0,12228.0,38.1614220,-122.4545100,5.4,17.7,0,0,0
155.20,161.8,100.6,10023,0.0,3,-4.7,0,0,12228.0,38.1614470,-122.4545480,5.4,17.7,0,0,0
155.30,159.0,98.8,9757,0.0,3,-4.0,0,0,12228.0,38.1614720,-122.4545840,5.4,17.7,0,0,0
155.40,154.6,96.1,9446,0.0,3,-3.3,0,0,12228.0,38.1614960,-122.4546200,5.4,17.7,0,0,0
155.50,150.5,93.5,9358,0.0,3,-3.1,0,0,12228.0,38.1615200,-122.4546560,5.4,17.7,0,0,0
155.60,148.8,92.5,9234,0.0,3,-2.9,0,0,12228.0,38.1615440,-122.4546910,5.4,17.7,0,0,0
155.70,146.5,91.1,9099,0.0,3,-3.5,0,0,12228.0,38.1615670,-122.4547250,5.4,17.7,0,0,0
155.80,144.2,89.6,8889,0.0,3,-4.2,0,0,12228.0,38.1615900,-122.4547590,6.0,19.7,0,0,0
155.90,141.0,87.6,8666,0.0,3,-4.9,0,0,12228.0,38.1616130,-122.4547920,6.0,19.7,0,0,0
156.00,137.9,85.7,8513,0.0,3,-5.1,0,0,12228.0,38.1616350,-122.4548240,6.0,19.7,0,0,0
156.10,135.3,84.1,8331,0.0,3,-4.6,0,0,12228.0,38.1616570,-122.4548560,6.0,19.7,0,0,0
156.20,132.2,82.1,8181,0.0,3,-4.2,0,0,12228.0,38.1616780,-122.4548870,6.0,19.7,0,0,0
156.30,130.1,80.9,8071,0.0,3,-4.2,0,0,12228.0,38.1616980,-122.4549170,6.0,19.7,0,0,0
156.40,128.4,79.8,7949,0.0,3,-3.7,0,0,12228.0,38.1617170,-122.4549470,6.0,19.7,0,0,0
156.50,126.1,78.3,7780,0.0,3,-2.8,0,0,12228.0,38.1617370,-122.4549770,6.0,19.7,0,0,0
156.60,123.6,76.8,7673,0.0,3,-2.0,0,0,12228.0,38.1617560,-122.4550050,6.0,19.7,0,0,0
156.70,122.0,75.8,7542,0.0,3,-2.1,0,0,12228.0,38.1617750,-122.4550340,6.0,19.7,0,0,0
156.80,119.5,74.3,7453,3.5,3,-2.7,0,0,7379.0,38.1617930,-122.4550620,6.4,21.0,0,0,0
156.90,117.2,72.8,7239,0.0,3,-2.8,0,0,7379.0,38.1618110,-122.4550890,6.4,21.0,0,0,0
157.00,115.0,71.4,7101,0.0,3,-2.7,0,0,7379.0,38.1618290,-122.4551150,6.4,21.0,0,0,0
157.10,112.5,69.9,6964,0.0,3,-3.1,0,0,7379.0,38.1618470,-122.4551420,6.4,21.0,0,0,0
157.20,110.9,68.9,6854,0.0,3,-4.0,0,0,7379.0,38.1618640,-122.4551680,6.4,21.0,0,0,0
157.30,108.8,67.6,6747,0.0,3,-5.2,0,0,7379.0,38.1618810,-122.4551930,6.4,21.0,0,0,0
157.40,107.0,66.5,6642,0.0,3,-5.9,0,0,7379.0,38.1618980,-122.4552180,6.4,21.0,0,0,0
157.50,105.5,65.6,6539,0.0,3,-6.4,0,0,7379.0,38.1619140,-122.4552420,6.4,21.0,0,0,0
157.60,104.0,64.6,6459,0.0,3,-6.3,0,0,7379.0,38.1619300,-122.4552660,6.4,21.0,0,0,0
157.70,102.4,63.6,6350,0.0,3,-5.6,0,0,12228.0,38.1619460,-122.4552900,6.4,21.0,0,0,0
157.80,100.6,62.5,6215,0.0,3,-5.5,0,0,12228.0,38.1619610,-122.4553130,6.6,21.7,0,0,0
157.90,98.8,61.4,6155,0.0,3,-6.7,0,0,12228.0,38.1619760,-122.4553370,6.6,21.7,0,0,0
158.00,97.3,60.5,6046,0.0,3,-8.0,0,0,12228.0,38.1619910,-122.4553600,6.6,21.7,0,0,0
158.10,96.0,59.7,5979,0.0,3,-9.8,0,0,12228.0,38.1620060,-122.4553820,6.6,21.7,0,0,0
158.20,95.0,59.0,5862,0.0,3,-11.4,0,0,12228.0,38.1620200,-122.4554050,6.6,21.7,0,0,0
158.30,93.5,58.1,5824,0.0,3,-11.9,0,0,12228.0,38.1620330,-122.4554270,6.6,21.7,0,0,0
158.40,92.1,57.3,5760,0.0,3,-12.9,0,0,12228.0,38.1620470,-122.4554490,6.6,21.7,0,0,0
158.50,91.5,56.9,5720,0.0,3,-14.4,0,0,12228.0,38.1620600,-122.4554710,6.6,21.7,0,0,0
158.60,91.0,56.6,5650,0.0,3,-16.1,0,0,12228.0,38.1620720,-122.4554930,6.6,21.7,0,0,0
158.70,90.1,56.0,5620,0.0,3,-17.9,0,0,12228.0,38.1620850,-122.4555150,6.6,21.7,0,0,0
158.80,89.1,55.3,5603,7.5,3,-19.6,0,0,12228.0,38.1620970,-122.4555370,6.6,21.7,0,0,0
158.90,88.9,55.2,5614,18.5,3,-21.8,0,0,12228.0,38.1621080,-122.4555590,6.6,21.7,0,0,0
159.00,88.6,55.0,5958,22.0,3,-24.0,0,0,12228.0,38.1621190,-122.4555810,6.6,21.7,0,0,0
159.10,91.4,56.8,5674,20.0,3,-26.6,0,0,12228.0,38.1621300,-122.4556020,6.6,21.7,0,0,0
159.20,89.8,55.8,5615,19.0,3,-29.8,0,0,12228.0,38.1621400,-122.4556250,6.6,21.7,0,0,0
159.30,91.0,56.6,5585,15.5,3,-32.5,0,0,12228.0,38.1621500,-122.4556470,6.6,21.7,0,0,0
159.40,89.3,55.5,5670,18.5,3,-33.5,0,0,12228.0,38.1621590,-122.4556700,6.6,21.7,0,0,0
159.50,88.4,54.9,5645,23.0,3,-34.1,0,0,12228.0,38.1621680,-122.4556920,6.6,21.7,0,0,0
159.60,89.2,55.4,5655,30.5,3,-33.9,0,0,12228.0,38.1621760,-122.4557160,6.6,21.7,0,0,0
159.70,90.2,56.1,5599,31.5,3,-32.7,0,0,12228.0,38.1621840,-122.4557390,6.6,21.7,0,0,0
159.80,89.0,55.3,5614,36.0,3,-31.3,0,0,12228.0,38.1621910,-122.4557620,6.9,22.6,0,0,0
159.90,89.1,55.3,5606,37.5,3,-30.4,0,0,12228.0,38.1621980,-122.4557860,6.9,22.6,0,0,0
160.00,89.5,55.6,5670,41.0,3,-29.8,0,0,12228.0,38.1622040,-122.4558100,6.9,22.6,0,0,0
160.10,90.1,56.0,5644,39.5,3,-29.3,0,0,12228.0,38.1622090,-122.4558350,6.9,22.6,0,0,0
160.20,90.1,56.0,5635,35.5,3,-28.2,0,0,12228.0,38.1622140,-122.4558590,6.9,22.6,0,0,0
160.30,89.9,55.9,5638,37.0,3,-27.2,0,0,12228.0,38.1622190,-122.4558840,6.9,22.6,0,0,0
160.40,89.7,55.7,5768,38.0,3,-27.5,0,0,12228.0,38.1622230,-122.4559090,6.9,22.6,0,0,0
160.50,90.4,56.2,5778,44.0,3,-28.5,0,0,12228.0,38.1622260,-122.4559340,6.9,22.6,0,0,0
160.60,91.2,56.6,5895,58.0,3,-29.3,0,0,12228.0,38.1622290,-122.4559600,6.9,22.6,0,0,0
160.70,94.0,58.4,5879,82.0,3,-30.5,0,0,12228.0,38.1622320,-122.4559850,6.9,22.6,0,0,0
160.80,94.9,59.0,5993,84.5,3,-30.9,0,0,12228.0,38.1622340,-122.4560110,7.2,23.6,0,0,0
160.90,95.7,59.5,5965,93.0,3,-30.0,0,0,12228.0,38.1622350,-122.4560370,7.2,23.6,0,0,0
161.00,95.7,59.5,6044,100.0,3,-28.4,0,0,12228.0,38.1622370,-122.4560640,7.2,23.6,0,0,0
161.10,97.2,60.4,6118,100.0,3,-26.2,0,0,12228.0,38.1622370,-122.4560910,7.2,23.6,0,0,0
161.20,98.0,60.9,6119,100.0,3,-23.4,0,0,12228.0,38.1622360,-122.4561170,7.2,23.6,0,0,0
161.30,96.9,60.2,6172,100.0,3,-20.8,0,0,12228.0,38.1622350,-122.4561450,7.2,23.6,0,0,0
161.40,97.8,60.8,6194,100.0,3,-17.7,0,0,12228.0,38.1622340,-122.4561730,7.2,23.6,0,0,0
161.50,98.1,61.0,6269,100.0,3,-14.3,0,0,12228.0,38.1622330,-122.4562010,7.2,23.6,0,0,0
161.60,99.3,61.7,6275,100.0,3,-11.2,0,0,12228.0,38.1622300,-122.4562290,7.2,23.6,0,0,0
161.70,99.9,62.1,6372,100.0,3,-9.6,0,0,12228.0,38.1622280,-122.4562580,7.2,23.6,0,0,0
161.80,101.2,62.9,6414,100.0,3,-8.7,0,0,12228.0,38.1622260,-122.4562870,7.9,25.9,0,0,0
161.90,101.9,63.3,6542,100.0,3,-7.5,0,0,12228.0,38.1622230,-122.4563170,7.9,25.9,0,0,0
162.00,103.5,64.3,6582,100.0,3,-6.1,0,0,12228.0,38.1622210,-122.4563470,7.9,25.9,0,0,0
162.10,104.9,65.2,6680,100.0,3,-4.1,0,0,12228.0,38.1622180,-122.4563770,7.9,25.9,0,0,0
162.20,106.4,66.1,6747,100.0,3,-2.3,0,0,12228.0,38.1622140,-122.4564080,7.9,25.9,0,0,0
162.30,106.7,66.3,6799,100.0,3,-1.0,0,0,12228.0,38.1622110,-122.4564380,7.9,25.9,0,0,0
162.40,109.3,67.9,7014,100.0,3,-0.2,0,0,12228.0,38.1622070,-122.4564690,7.9,25.9,0,0,0
162.50,110.1,68.4,6895,96.0,3,0.1,0,0,12228.0,38.1622030,-122.4565010,7.9,25.9,0,0,0
162.60,109.5,68.1,6953,95.0,3,0.4,0,0,12228.0,38.1622000,-122.4565330,7.9,25.9,0,0,0
162.70,110.4,68.6,7027,94.5,3,0.7,0,0,12228.0,38.1621960,-122.4565650,7.9,25.9,0,0,0
162.80,112.3,69.8,7104,94.5,3,0.5,0,0,12228.0,38.1621920,-122.4565970,8.8,28.9,0,0,0
162.90,113.1,70.3,7179,93.0,3,-0.2,0,0,12228.0,38.1621880,-122.4566300,8.8,28.9,0,0,0
163.00,114.0,70.8,7212,89.5,3,-0.8,0,0,12228.0,38.1621840,-122.4566620,8.8,28.9,0,0,0
163.10,115.0,71.5,7325,89.5,3,-1.7,0,0,12228.0,38.1621800,-122.4566960,8.8,28.9,0,0,0
163.20,116.6,72.4,7379,87.5,3,-2.6,0,0,12228.0,38.1621750,-122.4567290,8.8,28.9,0,0,0
163.30,117.3,72.9,7441,83.0,3,-3.4,0,0,12228.0,38.1621710,-122.4567630,8.8,28.9,0,0,0
163.40,118.5,73.6,7510,75.5,3,-4.0,0,0,12228.0,38.1621660,-122.4567970,8.8,28.9,0,0,0
163.50,119.0,73.9,7534,67.0,3,-5.4,0,0,12228.0,38.1621610,-122.4568310,8.8,28.9,0,0,0
163.60,120.4,74.8,7588,59.0,3,-7.4,0,0,12228.0,38.1621570,-122.4568660,8.8,28.9,0,0,0
163.70,120.8,75.0,7607,54.5,3,-9.6,0,0,12228.0,38.1621510,-122.4569010,8.8,28.9,0,0,0
163.80,121.0,75.2,7663,54.5,3,-11.6,0,0,12228.0,38.1621460,-122.4569350,10.8,35.4,0,0,0
163.90,122.4,76.0,7740,59.0,3,-14.2,0,0,12228.0,38.1621410,-122.4569710,10.8,35.4,0,0,0
164.00,123.4,76.7,7787,60.0,3,-17.1,0,0,12228.0,38.1621350,-122.4570060,10.8,35.4,0,0,0
164.10,124.4,77.3,7874,61.5,3,-19.5,0,0,12228.0,38.1621290,-122.4570410,10.8,35.4,0,0,0
164.20,125.7,78.1,7950,65.0,3,-21.2,0,0,12228.0,38.1621230,-122.4570760,10.8,35.4,0,0,0
164.30,126.5,78.6,8005,65.5,3,-22.0,0,0,12228.0,38.1621160,-122.4571110,10.8,35.4,0,0,0
164.40,126.9,78.9,8011,60.5,3,-22.5,0,0,12228.0,38.1621080,-122.4571460,10.8,35.4,0,0,0
164.50,128.2,79.6,8060,50.0,3,-23.5,0,0,12228.0,38.1621010,-122.4571820,10.8,35.4,0,0,0
164.60,127.9,79.5,8074,50.5,3,-24.7,0,0,12228.0,38.1620930,-122.4572170,10.8,35.4,0,0,0
164.70,128.2,79.7,8146,57.5,3,-25.7,0,0,12228.0,38.1620850,-122.4572530,10.8,35.4,0,0,0
164.80,129.6,80.5,8164,58.0,3,-26.5,0,0,12228.0,38.1620760,-122.4572880,12.9,42.3,0,0,0
164.90,130.7,81.2,8233,58.0,3,-27.1,0,0,12228.0,38.1620660,-122.4573230,12.9,42.3,0,0,0
165.00,130.6,81.1,8256,59.0,3,-27.5,0,0,12228.0,38.1620560,-122.4573580,12.9,42.3,0,0,0
165.10,131.4,81.7,8311,61.0,3,-27.9,0,0,12228.0,38.1620460,-122.4573930,12.9,42.3,0,0,0
165.20,132.1,82.1,8320,57.5,3,-28.3,0,0,12228.0,38.1620350,-122.4574270,12.9,42.3,0,0,0
165.30,132.4,82.2,8299,53.0,3,-28.9,0,0,12228.0,38.1620240,-122.4574620,12.9,42.3,0,0,0
165.40,131.6,81.8,8297,55.0,3,-29.2,0,0,12228.0,38.1620120,-122.4574960,12.9,42.3,0,0,0
165.50,132.1,82.1,8359,57.5,3,-29.4,0,0,12228.0,38.1619990,-122.4575290,12.9,42.3,0,0,0
165.60,132.2,82.1,8315,57.5,3,-29.4,0,0,12228.0,38.1619860,-122.4575630,12.9,42.3,0,0,0
165.70,131.8,81.9,8285,56.0,3,-29.7,0,0,12228.0,38.1619720,-122.4575950,12.9,42.3,0,0,0
165.80,132.0,82.0,8285,52.5,3,-30.5,0,0,12228.0,38.1619580,-122.4576280,16.1,52.8,0,0,0
165.90,132.4,82.3,8357,53.5,3,-31.6,0,0,12228.0,38.1619430,-122.4576600,16.1,52.8,0,0,0
166.00,133.0,82.7,8364,51.0,3,-32.5,0,0,12228.0,38.1619270,-122.4576910,16.1,52.8,0,0,0
166.10,131.9,82.0,8267,50.0,3,-33.3,0,0,12228.0,38.1619110,-122.4577220,16.1,52.8,0,0,0
166.20,131.5,81.7,8269,50.5,3,-33.4,0,0,12228.0,38.1618950,-122.4577530,16.1,52.8,0,0,0
166.30,131.8,81.9,8297,47.5,3,-33.3,0,0,12228.0,38.1618780,-122.4577840,16.1,52.8,0,0,0
166.40,132.0,82.0,8290,43.5,3,-33.8,0,0,12228.0,38.1618610,-122.4578140,16.1,52.8,0,0,0
166.50,131.2,81.5,8249,44.5,3,-34.2,0,0,12228.0,38.1618450,-122.4578440,16.1,52.8,0,0,0
166.60,130.3,80.9,8204,48.5,3,-33.8,0,0,12228.0,38.1618280,-122.4578740,16.1,52.8,0,0,0
166.70,130.4,81.0,8148,47.0,3,-32.8,0,0,12228.0,38.1618110,-122.4579040,16.1,52.8,0,0,0
166.80,129.7,80.6,8100,41.0,3,-32.6,0,0,12228.0,38.1617930,-122.4579340,20.1,65.9,0,0,0
166.90,129.2,80.3,8082,37.0,3,-32.6,0,0,12228.0,38.1617740,-122.4579610,20.1,65.9,0,0,0
167.00,128.6,79.9,8067,36.0,3,-32.3,0,0,12228.0,38.1617540,-122.4579880,20.1,65.9,0,0,0
167.10,127.2,79.0,8046,36.5,3,-31.9,0,0,12228.0,38.1617340,-122.4580150,20.1,65.9,0,0,0
167.20,126.5,78.6,7912,39.0,3,-30.9,0,0,12228.0,38.1617120,-122.4580360,20.1,65.9,0,0,0
167.30,125.6,78.0,7776,38.0,3,-29.1,0,0,12228.0,38.1616910,-122.4580590,20.1,65.9,0,0,0
167.40,123.4,76.7,7628,0.0,3,-27.7,0,0,12228.0,38.1616710,-122.4580820,20.1,65.9,0,0,0
167.50,121.5,75.5,7397,0.0,3,-26.4,0,0,12228.0,38.1616500,-122.4581040,20.1,65.9,0,0,0
167.60,117.7,73.1,7369,0.0,3,-24.3,0,0,12228.0,38.1616290,-122.4581260,20.1,65.9,0,0,0
167.70,116.9,72.6,7222,0.0,3,-20.7,0,0,12228.0,38.1616080,-122.4581470,20.1,65.9,0,0,0
167.80,114.8,71.3,7135,0.0,3,-16.9,0,0,12228.0,38.1615880,-122.4581670,24.4,80.1,0,0,0
167.90,112.9,70.2,6985,0.0,3,-14.3,0,0,12228.0,38.1615670,-122.4581860,24.4,80.1,0,0,0
168.00,111.0,69.0,6854,0.0,3,-12.0,0,0,12228.0,38.1615460,-122.4582050,24.4,80.1,0,0,0
168.10,108.9,67.6,6741,0.0,3,-9.8,0,0,12228.0,38.1615240,-122.4582240,24.4,80.1,0,0,0
168.20,107.0,66.5,7140,0.0,3,-7.6,0,0,12228.0,38.1615030,-122.4582430,24.4,80.1,0,0,0
168.30,100.8,62.6,8251,0.0,2,-4.9,0,0,12228.0,38.1614830,-122.4582610,24.4,80.1,0,0,0
168.40,103.8,64.5,8017,0.0,2,-3.6,0,0,12228.0,38.1614630,-122.4582800,24.4,80.1,0,0,0
168.50,102.7,63.8,7893,0.0,2,-2.4,0,0,12228.0,38.1614440,-122.4582970,24.4,80.1,0,0,0
168.60,100.2,62.3,7732,0.0,2,0.2,0,0,12228.0,38.1614250,-122.4583150,24.4,80.1,0,0,0
168.70,98.3,61.1,7607,0.0,2,3.5,0,0,12228.0,38.1614060,-122.4583330,24.4,80.1,0,0,0
168.80,96.7,60.1,7510,0.0,2,7.5,0,0,12228.0,38.1613870,-122.4583500,29.1,95.5,0,0,0
168.90,95.4,59.2,7410,0.0,2,11.5,0,0,12228.0,38.1613690,-122.4583670,29.1,95.5,0,0,0
169.00,94.1,58.5,7351,0.0,2,14.5,0,0,12228.0,38.1613510,-122.4583840,29.1,95.5,0,0,0
169.10,92.9,57.7,7234,0.0,2,17.4,0,0,12228.0,38.1613340,-122.4584010,29.1,95.5,0,0,0
169.20,91.9,57.1,7164,0.0,2,20.2,0,0,12228.0,38.1613170,-122.4584170,29.1,95.5,0,0,0
169.30,90.9,56.5,7069,0.0,2,22.3,0,0,12228.0,38.1613000,-122.4584340,29.1,95.5,0,0,0
169.40,89.9,55.9,6991,0.0,2,24.4,0,0,12228.0,38.1612840,-122.4584510,29.1,95.5,0,0,0
169.50,88.7,55.1,6913,0.0,2,26.2,0,0,12228.0,38.1612690,-122.4584680,29.1,95.5,0,0,0
169.60,87.7,54.5,6808,0.0,2,27.6,0,0,12228.0,38.1612540,-122.4584860,29.1,95.5,0,0,0
169.70,86.2,53.6,6707,0.0,2,28.6,0,0,12228.0,38.1612400,-122.4585030,29.1,95.5,0,0,0
169.80,85.2,52.9,6556,2.5,2,29.1,0,0,12228.0,38.1612270,-122.4585210,32.5,106.6,0,0,0
169.90,83.4,51.8,6549,9.0,2,29.7,0,0,12228.0,38.1612140,-122.4585380,32.5,106.6,0,0,0
170.00,83.2,51.7,6452,10.0,2,29.8,0,0,12228.0,38.1612010,-122.4585560,32.5,106.6,0,0,0
170.10,82.6,51.3,6403,11.0,2,30.5,0,0,12228.0,38.1611890,-122.4585740,32.5,106.6,0,0,0
170.20,80.8,50.2,6307,12.0,2,31.1,0,0,12228.0,38.1611780,-122.4585920,32.5,106.6,0,0,0
170.30,80.1,49.8,6321,12.0,2,30.9,0,0,12228.0,38.1611670,-122.4586110,32.5,106.6,0,0,0
170.40,78.7,48.9,6381,12.0,2,31.0,0,0,12228.0,38.1611570,-122.4586290,32.5,106.6,0,0,0
170.50,78.9,49.1,6029,10.0,2,31.4,0,0,12228.0,38.1611480,-122.4586480,32.5,106.6,0,0,0
170.60,77.2,48.0,5929,10.0,2,32.9,0,0,12228.0,38.1611390,-122.4586670,32.5,106.6,0,0,0
170.70,76.9,47.8,5919,12.0,2,33.7,0,0,12228.0,38.1611300,-122.4586860,32.5,106.6,0,0,0
170.80,75.9,47.1,6192,21.0,2,33.9,0,0,12228.0,38.1611220,-122.4587040,35.7,117.1,0,0,0
170.90,74.7,46.4,5912,22.0,2,34.5,0,0,12228.0,38.1611140,-122.4587230,35.7,117.1,0,0,0
171.00,75.6,47.0,6054,29.0,2,34.9,0,0,12228.0,38.1611070,-122.4587430,35.7,117.1,0,0,0
171.10,76.8,47.8,6054,31.5,2,35.4,0,0,12228.0,38.1611000,-122.4587620,35.7,117.1,0,0,0
171.20,76.7,47.7,6049,33.5,2,35.4,0,0,12228.0,38.1610940,-122.4587820,35.7,117.1,0,0,0
171.30,76.2,47.3,6040,33.5,2,35.2,0,0,12228.0,38.1610890,-122.4588010,35.7,117.1,0,0,0
171.40,76.3,47.4,6054,37.5,2,35.2,0,0,12228.0,38.1610840,-122.4588220,35.7,117.1,0,0,0
171.50,77.1,47.9,6087,37.5,2,35.4,0,0,12228.0,38.1610800,-122.4588420,35.7,117.1,0,0,0
171.60,77.4,48.1,6097,37.5,2,35.9,0,0,12228.0,38.1610760,-122.4588620,35.7,117.1,0,0,0
171.70,77.4,48.1,6133,37.5,2,36.5,0,0,12228.0,38.1610720,-122.4588830,35.7,117.1,0,0,0
171.80,77.7,48.3,6166,38.0,2,37.1,0,0,12228.0,38.1610690,-122.4589040,38.0,124.7,0,0,0
171.90,78.4,48.7,6200,39.0,2,37.6,0,0,12228.0,38.1610670,-122.4589250,38.0,124.7,0,0,0
172.00,78.7,48.9,6205,39.0,2,37.6,0,0,12228.0,38.1610650,-122.4589460,38.0,124.7,0,0,0
172.10,78.7,48.9,6210,45.0,2,37.0,0,0,12228.0,38.1610640,-122.4589680,38.0,124.7,0,0,0
172.20,79.1,49.2,6367,49.5,2,36.4,0,0,12228.0,38.1610640,-122.4589890,38.0,124.7,0,0,0
172.30,81.0,50.3,6455,50.0,2,36.0,0,0,12228.0,38.1610640,-122.4590110,38.0,124.7,0,0,0
172.40,81.9,50.9,6471,49.5,2,36.3,0,0,12228.0,38.1610650,-122.4590330,38.0,124.7,0,0,0
172.50,82.4,51.2,6512,49.5,2,36.3,0,0,12228.0,38.1610670,-122.4590560,38.0,124.7,0,0,0
172.60,82.9,51.5,6497,49.5,2,36.4,0,0,12228.0,38.1610690,-122.4590780,38.0,124.7,0,0,0
172.70,83.2,51.7,6699,51.0,2,36.4,0,0,12228.0,38.1610720,-122.4591010,38.0,124.7,0,0,0
172.80,84.7,52.6,6783,56.5,2,36.2,0,0,12228.0,38.1610760,-122.4591240,39.6,129.9,0,0,0
172.90,86.0,53.4,6932,70.0,2,35.9,0,0,12228.0,38.1610810,-122.4591470,39.6,129.9,0,0,0
173.00,88.1,54.7,7062,70.5,2,35.7,0,0,12228.0,38.1610860,-122.4591710,39.6,129.9,0,0,0
173.10,89.2,55.4,7155,72.5,2,34.9,0,0,12228.0,38.1610940,-122.4591940,39.6,129.9,0,0,0
173.20,90.4,56.2,7227,73.5,2,33.8,0,0,12228.0,38.1611010,-122.4592180,39.6,129.9,0,0,0
173.30,91.6,56.9,7330,75.0,2,32.7,0,0,12228.0,38.1611070,-122.4592420,39.6,129.9,0,0,0
173.40,93.0,57.8,7496,77.0,2,31.9,0,0,12228.0,38.1611140,-122.4592650,39.6,129.9,0,0,0
173.50,95.2,59.1,7642,79.5,2,31.6,0,0,12228.0,38.1611220,-122.4592890,39.6,129.9,0,0,0
173.60,96.5,60.0,7728,83.0,2,31.1,0,0,12228.0,38.1611300,-122.4593130,39.6,129.9,0,0,0
173.70,98.2,61.0,7860,84.5,2,30.3,0,0,12228.0,38.1611390,-122.4593370,39.6,129.9,0,0,0
173.80,99.6,61.9,8016,85.0,2,29.3,0,0,12228.0,38.1611480,-122.4593610,41.0,134.5,0,0,0
173.90,101.6,63.1,8184,85.0,2,28.8,0,0,12228.0,38.1611580,-122.4593850,41.0,134.5,0,0,0
174.00,103.8,64.5,8336,85.5,2,28.7,0,0,12228.0,38.1611690,-122.4594100,41.0,134.5,0,0,0
174.10,105.9,65.8,8533,86.0,2,28.6,0,0,12228.0,38.1611800,-122.4594350,41.0,134.5,0,0,0
174.20,108.4,67.4,8636,86.0,2,28.2,0,0,12228.0,38.1611920,-122.4594600,41.0,134.5,0,0,0
174.30,109.6,68.1,8863,84.5,2,27.5,0,0,12228.0,38.1612050,-122.4594850,41.0,134.5,0,0,0
174.40,112.3,69.8,8988,81.5,2,27.0,0,0,12228.0,38.1612180,-122.4595100,41.0,134.5,0,0,0
174.50,113.4,70.5,9015,77.5,2,26.4,0,0,12228.0,38.1612320,-122.4595350,41.0,134.5,0,0,0
174.60,114.5,71.1,9124,76.0,2,25.2,0,0,12228.0,38.1612460,-122.4595610,41.0,134.5,0,0,0
174.70,116.3,72.3,9265,76.0,2,23.8,0,0,12228.0,38.1612610,-122.4595870,41.0,134.5,0,0,0
174.80,117.9,73.3,9317,76.0,2,22.9,0,0,12228.0,38.1612760,-122.4596130,42.0,137.8,0,0,0
174.90,118.5,73.6,9467,76.0,2,22.2,0,0,12228.0,38.1612920,-122.4596390,42.0,137.8,0,0,0
175.00,120.6,74.9,8772,77.5,2,20.9,0,0,12228.0,38.1613090,-122.4596650,42.0,137.8,0,0,0
175.10,116.3,72.3,7271,86.0,3,19.5,0,0,12228.0,38.1613260,-122.4596910,42.0,137.8,0,0,0
175.20,118.3,73.5,7685,95.5,3,19.1,0,0,12228.0,38.1613430,-122.4597170,42.0,137.8,0,0,0
175.30,121.8,75.7,7787,100.0,3,19.7,0,0,12228.0,38.1613600,-122.4597430,42.0,137.8,0,0,0
175.40,123.2,76.6,7858,100.0,3,20.1,0,0,12228.0,38.1613790,-122.4597690,42.0,137.8,0,0,0
175.50,124.6,77.4,7968,100.0,3,20.1,0,0,12228.0,38.1613970,-122.4597960,42.0,137.8,0,0,0
175.60,126.1,78.4,8035,100.0,3,20.2,0,0,12228.0,38.1614170,-122.4598220,42.0,137.8,0,0,0
175.70,128.0,79.5,8139,100.0,3,20.7,0,0,12228.0,38.1614360,-122.4598480,42.0,137.8,0,0,0
175.80,128.9,80.1,8276,99.0,3,21.9,0,0,12228.0,38.1614560,-122.4598740,43.0,141.1,0,0,0
175.90,130.6,81.1,8352,95.5,3,23.0,0,0,12228.0,38.1614770,-122.4599000,43.0,141.1,0,0,0
176.00,132.4,82.3,8451,92.5,3,23.6,0,0,12228.0,38.1614970,-122.4599270,43.0,141.1,0,0,0
176.10,134.4,83.5,8547,91.5,3,23.7,0,0,12228.0,38.1615180,-122.4599530,43.0,141.1,0,0,0
176.20,135.5,84.2,8656,91.5,3,23.1,0,0,12228.0,38.1615390,-122.4599790,43.0,141.1,0,0,0
176.30,136.4,84.7,8709,86.0,3,22.2,0,0,12228.0,38.1615610,-122.4600050,43.0,141.1,0,0,0
176.40,138.1,85.8,8704,79.5,3,21.4,0,0,12228.0,38.1615830,-122.4600310,43.0,141.1,0,0,0
176.50,138.1,85.8,8808,78.5,3,20.7,0,0,12228.0,38.1616060,-122.4600570,43.0,141.1,0,0,0
176.60,139.9,86.9,8806,75.5,3,19.8,0,0,12228.0,38.1616290,-122.4600830,43.0,141.1,0,0,0
176.70,140.2,87.1,8793,69.0,3,19.0,0,0,12228.0,38.1616520,-122.4601090,43.0,141.1,0,0,0
176.80,139.7,86.8,8217,2.0,3,18.4,0,0,12228.0,38.1616760,-122.4601350,43.6,143.0,0,0,0
176.90,136.6,84.9,8418,0.0,3,17.5,0,0,12228.0,38.1617000,-122.4601600,43.6,143.0,0,0,0
177.00,133.8,83.1,8373,0.0,3,16.6,0,0,12228.0,38.1617250,-122.4601860,43.6,143.0,0,0,0
177.10,133.1,82.7,8276,0.0,3,16.1,0,0,12228.0,38.1617490,-122.4602110,43.6,143.0,0,0,0
177.20,131.3,81.6,8195,0.0,3,15.8,0,0,12228.0,38.1617730,-122.4602350,43.6,143.0,0,0,0
177.30,130.2,80.9,8124,0.0,3,14.4,0,0,12228.0,38.1617980,-122.4602580,43.6,143.0,0,0,0
177.40,129.1,80.2,8015,0.0,3,13.3,0,0,12228.0,38.1618220,-122.4602820,43.6,143.0,0,0,0
177.50,127.8,79.4,7943,0.0,3,13.7,0,0,12228.0,38.1618460,-122.4603040,43.6,143.0,0,0,0
177.60,126.9,78.8,7899,0.0,3,13.3,0,0,12228.0,38.1618700,-122.4603270,43.6,143.0,0,0,0
177.70,125.7,78.1,7821,0.0,3,13.2,0,0,12228.0,38.1618940,-122.4603490,43.6,143.0,0,0,0
177.80,124.4,77.3,7734,0.0,3,12.5,0,0,12228.0,38.1619180,-122.4603700,43.1,141.4,0,0,0
177.90,123.0,76.4,7651,0.0,3,10.9,0,0,12228.0,38.1619420,-122.4603920,43.1,141.4,0,0,0
178.00,121.7,75.6,7570,0.0,3,10.3,0,0,12228.0,38.1619660,-122.4604130,43.1,141.4,0,0,0
178.10,120.3,74.7,7478,0.0,3,9.1,0,0,12228.0,38.1619900,-122.4604330,43.1,141.4,0,0,0
178.20,118.9,73.9,7413,0.0,3,7.0,0,0,12228.0,38.1620130,-122.4604540,43.1,141.4,0,0,0
178.30,117.9,73.3,7296,0.0,3,4.4,0,0,12228.0,38.1620360,-122.4604740,43.1,141.4,0,0,0
178.40,116.0,72.1,7205,0.0,3,1.5,0,0,12228.0,38.1620590,-122.4604940,43.1,141.4,0,0,0
178.50,114.8,71.3,7167,0.0,3,-1.5,0,0,12228.0,38.1620820,-122.4605140,43.1,141.4,0,0,0
178.60,113.5,70.5,7065,0.0,3,-4.7,0,0,12228.0,38.1621040,-122.4605330,43.1,141.4,0,0,0
178.70,112.7,70.0,7064,0.0,3,-7.9,0,0,12228.0,38.1621260,-122.4605530,43.1,141.4,0,0,0
178.80,112.2,69.7,7019,0.0,3,-10.5,0,0,12228.0,38.1621480,-122.4605720,42.7,140.1,0,0,0
178.90,111.6,69.4,6977,0.0,3,-13.3,0,0,12228.0,38.1621690,-122.4605910,42.7,140.1,0,0,0
179.00,110.5,68.7,6948,0.0,3,-16.6,0,0,12228.0,38.1621900,-122.4606100,42.7,140.1,0,0,0
179.10,110.2,68.5,6916,0.0,3,-20.1,0,0,12228.0,38.1622110,-122.4606290,42.7,140.1,0,0,0
179.20,109.9,68.3,6910,0.0,3,-23.1,0,0,12228.0,38.1622310,-122.4606490,42.7,140.1,0,0,0
179.30,109.7,68.1,6879,0.0,3,-25.2,0,0,12228.0,38.1622510,-122.4606680,42.7,140.1,0,0,0
179.40,109.5,68.1,6847,0.0,3,-26.8,0,0,12228.0,38.1622700,-122.4606870,42.7,140.1,0,0,0
179.50,108.9,67.6,6803,0.0,3,-28.2,0,0,12228.0,38.1622890,-122.4607070,42.7,140.1,0,0,0
179.60,108.2,67.2,6729,0.0,3,-28.5,0,0,12228.0,38.1623080,-122.4607280,42.7,140.1,0,0,0
179.70,106.8,66.4,6714,2.5,3,-28.1,0,0,12228.0,38.1623260,-122.4607480,42.7,140.1,0,0,0
179.80,106.6,66.2,6668,16.0,3,-27.6,0,0,12228.0,38.1623430,-122.4607690,41.4,135.8,0,0,0
179.90,106.2,66.0,6886,13.0,3,-27.9,0,0,12228.0,38.1623600,-122.4607900,41.4,135.8,0,0,0
180.00,105.3,65.4,6506,7.0,3,-28.0,0,0,12228.0,38.1623750,-122.4608130,41.4,135.8,0,0,0
180.10,105.7,65.7,6585,18.5,3,-28.7,0,0,12228.0,38.1623920,-122.4608340,41.4,135.8,0,0,0
180.20,104.8,65.1,6638,25.5,3,-28.7,0,0,12228.0,38.1624080,-122.4608570,41.4,135.8,0,0,0
180.30,105.5,65.5,6562,23.0,3,-28.6,0,0,12228.0,38.1624230,-122.4608800,41.4,135.8,0,0,0
180.40,104.6,65.0,6555,19.0,3,-28.6,0,0,12228.0,38.1624380,-122.4609030,41.4,135.8,0,0,0
180.50,103.8,64.5,6521,23.5,3,-28.8,0,0,12228.0,38.1624520,-122.4609270,41.4,135.8,0,0,0
180.60,104.1,64.7,6514,26.0,3,-29.2,0,0,12228.0,38.1624660,-122.4609510,41.4,135.8,0,0,0
180.70,103.6,64.3,6546,30.0,3,-29.6,0,0,12228.0,38.1624790,-122.4609760,41.4,135.8,0,0,0
180.80,104.0,64.6,6527,31.0,3,-30.0,0,0,12228.0,38.1624920,-122.4610010,41.3,135.5,0,0,0
180.90,104.2,64.8,6526,33.0,3,-30.4,0,0,12228.0,38.1625040,-122.4610260,41.3,135.5,0,0,0
181.00,103.8,64.5,6502,31.5,3,-30.9,0,0,12228.0,38.1625150,-122.4610520,41.3,135.5,0,0,0
181.10,103.8,64.5,6498,33.0,3,-31.3,0,0,12228.0,38.1625260,-122.4610780,41.3,135.5,0,0,0
181.20,103.3,64.2,6481,38.5,3,-31.4,0,0,12228.0,38.1625360,-122.4611040,41.3,135.5,0,0,0
181.30,102.8,63.9,6543,45.0,3,-31.3,0,0,12228.0,38.1625450,-122.4611310,41.3,135.5,0,0,0
181.40,103.0,64.0,6557,50.5,3,-31.0,0,0,12228.0,38.1625540,-122.4611580,41.3,135.5,0,0,0
181.50,104.3,64.8,6641,55.0,3,-30.9,0,0,12228.0,38.1625620,-122.4611850,41.3,135.5,0,0,0
181.60,105.2,65.4,6623,60.5,3,-31.2,0,0,12228.0,38.1625700,-122.4612120,41.3,135.5,0,0,0
181.70,105.6,65.6,6668,61.0,3,-31.4,0,0,12228.0,38.1625760,-122.4612400,41.3,135.5,0,0,0
181.80,105.4,65.5,6646,59.5,3,-30.7,0,0,12228.0,38.1625820,-122.4612680,43.0,141.1,0,0,0
181.90,105.3,65.4,6642,58.0,3,-29.7,0,0,12228.0,38.1625880,-122.4612970,43.0,141.1,0,0,0
182.00,105.7,65.7,6632,58.0,3,-28.4,0,0,12228.0,38.1625920,-122.4613250,43.0,141.1,0,0,0
182.10,105.7,65.7,6677,60.5,3,-27.5,0,0,12228.0,38.1625970,-122.4613540,43.0,141.1,0,0,0
182.20,106.6,66.2,6680,51.5,3,-27.0,0,0,12228.0,38.1626000,-122.4613840,43.0,141.1,0,0,0
182.30,106.1,65.9,6620,47.5,3,-26.6,0,0,12228.0,38.1626040,-122.4614130,43.0,141.1,0,0,0
182.40,105.4,65.5,6587,45.5,3,-25.7,0,0,12228.0,38.1626070,-122.4614420,43.0,141.1,0,0,0
182.50,105.0,65.2,6594,46.0,3,-24.6,0,0,12228.0,38.1626090,-122.4614720,43.0,141.1,0,0,0
182.60,104.6,65.0,6523,44.0,3,-22.8,0,0,12228.0,38.1626110,-122.4615020,43.0,141.1,0,0,0
182.70,104.1,64.7,6452,38.5,3,-20.4,0,0,12228.0,38.1626130,-122.4615310,43.0,141.1,0,0,0
182.80,102.2,63.5,6416,35.5,3,-17.4,0,0,12228.0,38.1626140,-122.4615610,46.6,152.9,0,0,0
182.90,102.0,63.4,6378,35.0,3,-13.2,0,0,12228.0,38.1626150,-122.4615900,46.6,152.9,0,0,0
183.00,101.5,63.1,6333,33.0,3,-8.3,0,0,12228.0,38.1626150,-122.4616190,46.6,152.9,0,0,0
183.10,100.5,62.4,6318,31.5,3,-3.4,0,0,12228.0,38.1626150,-122.4616490,46.6,152.9,0,0,0
183.20,100.1,62.2,6261,28.5,3,3.5,0,0,12228.0,38.1626160,-122.4616790,46.6,152.9,0,0,0
183.30,99.8,62.0,6289,27.5,3,11.2,0,0,12228.0,38.1626160,-122.4617080,46.6,152.9,0,0,0
183.40,99.9,62.1,6299,27.5,3,17.7,0,0,12228.0,38.1626170,-122.4617380,46.6,152.9,0,0,0
183.50,99.6,61.9,6278,27.5,3,22.7,0,0,12228.0,38.1626180,-122.4617670,46.6,152.9,0,0,0
183.60,100.2,62.3,6352,27.5,3,27.9,0,0,12228.0,38.1626190,-122.4617960,46.6,152.9,0,0,0
183.70,101.4,63.0,6418,28.0,3,32.0,0,0,12228.0,38.1626200,-122.4618240,46.6,152.9,0,0,0
183.80,101.9,63.3,6389,31.0,3,34.2,0,0,12228.0,38.1626220,-122.4618530,49.8,163.4,0,0,0
183.90,101.3,63.0,6329,32.0,3,34.7,0,0,12228.0,38.1626250,-122.4618810,49.8,163.4,0,0,0
184.00,101.1,62.8,6371,32.0,3,34.7,0,0,12228.0,38.1626280,-122.4619080,49.8,163.4,0,0,0
184.10,101.1,62.8,6374,32.0,3,35.5,0,0,12228.0,38.1626320,-122.4619360,49.8,163.4,0,0,0
184.20,101.1,62.8,6369,37.0,3,36.5,0,0,12228.0,38.1626370,-122.4619640,49.8,163.4,0,0,0
184.30,101.1,62.8,6332,37.5,3,36.9,0,0,12228.0,38.1626410,-122.4619910,49.8,163.4,0,0,0
184.40,100.5,62.5,6335,37.5,3,37.4,0,0,12228.0,38.1626470,-122.4620180,49.8,163.4,0,0,0
184.50,101.3,62.9,6416,37.0,3,38.6,0,0,12228.0,38.1626540,-122.4620450,49.8,163.4,0,0,0
184.60,101.7,63.2,6392,35.0,3,39.7,0,0,12228.0,38.1626610,-122.4620710,49.8,163.4,0,0,0
184.70,100.7,62.6,6354,40.5,3,40.3,0,0,12229.0,38.1626680,-122.4620970,49.8,163.4,0,0,0
184.80,100.7,62.6,6383,44.5,3,40.6,0,0,12229.0,38.1626760,-122.4621230,52.4,171.9,0,0,0
184.90,101.9,63.3,6445,44.5,3,41.0,0,0,12229.0,38.1626840,-122.4621480,52.4,171.9,0,0,0
185.00,101.8,63.2,6427,58.5,3,41.1,0,0,12229.0,38.1626940,-122.4621730,52.4,171.9,0,0,0
185.10,102.7,63.8,6508,61.0,3,41.4,0,0,12229.0,38.1627040,-122.4621980,52.4,171.9,0,0,0
185.20,103.4,64.2,6547,66.0,3,41.1,0,0,12229.0,38.1627140,-122.4622220,52.4,171.9,0,0,0
185.30,104.7,65.0,6587,73.5,3,40.6,0,0,12229.0,38.1627260,-122.4622460,52.4,171.9,0,0,0
185.40,105.2,65.4,6627,74.5,3,39.7,0,0,12229.0,38.1627370,-122.4622700,52.4,171.9,0,0,0
185.50,105.6,65.6,6708,78.5,3,38.6,0,0,12229.0,38.1627500,-122.4622940,52.4,171.9,0,0,0
185.60,106.6,66.2,6751,83.0,3,37.8,0,0,12229.0,38.1627630,-122.4623170,52.4,171.9,0,0,0
185.70,107.5,66.8,6798,88.0,3,37.2,0,0,12229.0,38.1627760,-122.4623410,52.4,171.9,0,0,0
185.80,107.1,66.5,6842,95.0,3,36.5,0,0,12229.0,38.1627900,-122.4623640,54.0,177.2,0,0,0
185.90,109.3,67.9,6902,96.0,3,35.3,0,0,12229.0,38.1628050,-122.4623870,54.0,177.2,0,0,0
186.00,109.6,68.1,6910,98.0,3,33.8,0,0,12229.0,38.1628200,-122.4624100,54.0,177.2,0,0,0
186.10,110.8,68.8,7021,99.0,3,32.0,0,0,12229.0,38.1628360,-122.4624330,54.0,177.2,0,0,0
186.20,111.3,69.2,7028,99.0,3,30.4,0,0,12229.0,38.1628530,-122.4624550,54.0,177.2,0,0,0
186.30,112.4,69.9,7111,99.0,3,28.9,0,0,12229.0,38.1628700,-122.4624780,54.0,177.2,0,0,0
186.40,113.1,70.3,7154,98.0,3,27.9,0,0,12229.0,38.1628880,-122.4625000,54.0,177.2,0,0,0
186.50,113.7,70.7,7210,92.0,3,27.0,0,0,12229.0,38.1629060,-122.4625220,54.0,177.2,0,0,0
186.60,114.5,71.1,7289,88.5,3,26.1,0,0,12229.0,38.1629250,-122.4625450,54.0,177.2,0,0,0
186.70,116.0,72.1,7371,86.5,3,25.4,0,0,12229.0,38.1629440,-122.4625670,54.0,177.2,0,0,0
186.80,117.1,72.8,7447,85.0,3,24.6,0,0,12229.0,38.1629640,-122.4625890,54.2,177.8,0,0,0
186.90,118.4,73.6,7510,85.0,3,23.7,0,0,12229.0,38.1629840,-122.4626110,54.2,177.8,0,0,0
187.00,118.9,73.9,7563,82.0,3,22.2,0,0,12229.0,38.1630040,-122.4626330,54.2,177.8,0,0,0
187.10,120.3,74.7,7626,79.5,3,20.0,0,0,12229.0,38.1630250,-122.4626550,54.2,177.8,0,0,0
187.20,121.4,75.4,7584,72.0,3,17.2,0,0,12229.0,38.1630460,-122.4626770,54.2,177.8,0,0,0
187.30,120.7,75.0,7478,48.5,3,14.1,0,0,12229.0,38.1630670,-122.4626980,54.2,177.8,0,0,0
187.40,119.7,74.4,6914,0.0,3,10.4,0,0,12229.0,38.1630890,-122.4627200,54.2,177.8,0,0,0
187.50,113.8,70.7,7351,0.0,3,8.3,0,0,12229.0,38.1631120,-122.4627410,54.2,177.8,0,0,0
187.60,116.9,72.7,7294,0.0,3,8.7,0,0,12229.0,38.1631340,-122.4627620,54.2,177.8,0,0,0
187.70,116.0,72.1,7332,0.0,3,7.8,0,0,12229.0,38.1631560,-122.4627840,54.2,177.8,0,0,0
187.80,116.3,72.3,7271,0.0,3,6.6,0,0,12229.0,38.1631780,-122.4628050,52.6,172.6,0,0,0
187.90,115.5,71.8,7174,0.0,3,6.9,0,0,12229.0,38.1632000,-122.4628250,52.6,172.6,0,0,0
188.00,113.9,70.8,6941,0.0,3,7.5,0,0,12229.0,38.1632220,-122.4628460,52.6,172.6,0,0,0
188.10,110.4,68.6,6774,0.0,3,7.8,0,0,12229.0,38.1632430,-122.4628660,52.6,172.6,0,0,0
188.20,108.2,67.2,6882,0.0,3,7.3,0,0,12229.0,38.1632650,-122.4628860,52.6,172.6,0,0,0
188.30,109.2,67.9,6783,0.0,3,6.6,0,0,12229.0,38.1632850,-122.4629060,52.6,172.6,0,0,0
188.40,107.9,67.0,6698,0.0,3,7.0,0,0,12229.0,38.1633060,-122.4629250,52.6,172.6,0,0,0
188.50,106.8,66.3,7829,0.0,3,6.8,0,0,12229.0,38.1633270,-122.4629430,52.6,172.6,0,0,0
188.60,101.1,62.8,8164,0.0,2,6.2,0,0,12229.0,38.1633470,-122.4629620,52.6,172.6,0,0,0
188.70,102.6,63.7,7762,0.0,2,5.3,0,0,12229.0,38.1633670,-122.4629790,52.6,172.6,0,0,0
188.80,99.7,61.9,7786,0.0,2,4.9,0,0,12229.0,38.1633870,-122.4629970,49.8,163.4,0,0,0
188.90,98.6,61.3,7553,0.0,2,4.8,0,0,12229.0,38.1634060,-122.4630140,49.8,163.4,0,0,0
189.00,96.5,59.9,7496,0.0,2,4.3,0,0,12229.0,38.1634260,-122.4630310,49.8,163.4,0,0,0
189.10,95.5,59.3,7404,0.0,2,4.0,0,0,12229.0,38.1634450,-122.4630470,49.8,163.4,0,0,0
189.20,93.9,58.4,7236,0.0,2,3.6,0,0,12229.0,38.1634630,-122.4630630,49.8,163.4,0,0,0
189.30,92.2,57.3,7134,0.0,2,3.3,0,0,12229.0,38.1634820,-122.4630790,49.8,163.4,0,0,0
189.40,90.7,56.4,7013,0.0,2,3.4,0,0,12229.0,38.1635000,-122.4630940,49.8,163.4,0,0,0
189.50,89.2,55.4,6868,0.0,2,3.8,0,0,12229.0,38.1635170,-122.4631090,49.8,163.4,0,0,0
189.60,87.5,54.4,6736,0.0,2,4.8,0,0,12229.0,38.1635350,-122.4631240,49.8,163.4,0,0,0
189.70,86.4,53.7,6672,0.0,2,5.0,0,0,12229.0,38.1635520,-122.4631380,49.8,163.4,0,0,0
189.80,84.9,52.8,6664,0.0,2,4.8,0,0,12229.0,38.1635690,-122.4631530,47.9,157.2,0,0,0
189.90,84.3,52.4,6534,0.0,2,4.4,0,0,12229.0,38.1635860,-122.4631660,47.9,157.2,0,0,0
190.00,83.0,51.5,6444,0.0,2,3.7,0,0,12229.0,38.1636020,-122.4631800,47.9,157.2,0,0,0
190.10,82.1,51.0,6356,0.0,2,3.3,0,0,12229.0,38.1636190,-122.4631940,47.9,157.2,0,0,0
190.20,80.9,50.3,6332,0.0,2,3.6,0,0,12229.0,38.1636350,-122.4632070,47.9,157.2,0,0,0
190.30,80.2,49.8,6252,0.0,2,3.7,0,0,12229.0,38.1636510,-122.4632200,47.9,157.2,0,0,0
190.40,79.3,49.3,6134,0.0,2,4.2,0,0,12229.0,38.1636670,-122.4632330,47.9,157.2,0,0,0
190.50,78.0,48.4,6039,0.0,2,6.3,0,0,12229.0,38.1636820,-122.4632450,47.9,157.2,0,0,0
190.60,77.0,47.8,5998,0.0,2,8.6,0,0,12229.0,38.1636980,-122.4632570,47.9,157.2,0,0,0
190.70,76.3,47.4,5921,0.0,2,12.0,0,0,12229.0,38.1637140,-122.4632700,47.9,157.2,0,0,0
190.80,75.4,46.9,5862,0.0,2,16.5,0,0,12229.0,38.1637290,-122.4632810,46.5,152.6,0,0,0
190.90,74.7,46.4,5844,0.0,2,20.5,0,0,12229.0,38.1637450,-122.4632920,46.5,152.6,0,0,0
191.00,74.2,46.1,5824,0.0,2,22.6,0,0,12229.0,38.1637600,-122.4633030,46.5,152.6,0,0,0
191.10,73.8,45.8,5814,0.0,2,24.5,0,0,12229.0,38.1637750,-122.4633130,46.5,152.6,0,0,0
191.20,73.8,45.8,5767,0.0,2,26.3,0,0,12229.0,38.1637910,-122.4633230,46.5,152.6,0,0,0
191.30,73.4,45.6,5719,0.0,2,27.9,0,0,12229.0,38.1638060,-122.4633320,46.5,152.6,0,0,0
191.40,72.7,45.2,5663,0.0,2,29.2,0,0,12229.0,38.1638210,-122.4633400,46.5,152.6,0,0,0
191.50,71.9,44.7,5640,0.0,2,31.0,0,0,12229.0,38.1638370,-122.4633480,46.5,152.6,0,0,0
191.60,71.8,44.6,5609,0.0,2,32.4,0,0,12229.0,38.1638520,-122.4633550,46.5,152.6,0,0,0
191.70,71.4,44.4,5596,0.0,2,33.5,0,0,12229.0,38.1638680,-122.4633610,46.5,152.6,0,0,0
191.80,71.2,44.2,5520,0.0,2,34.2,0,0,12229.0,38.1638830,-122.4633660,45.2,148.3,0,0,0
191.90,70.2,43.6,5548,0.0,2,35.0,0,0,12229.0,38.1638980,-122.4633710,45.2,148.3,0,0,0
192.00,70.3,43.7,5526,0.0,2,35.6,0,0,12229.0,38.1639140,-122.4633750,45.2,148.3,0,0,0
192.10,69.9,43.4,5441,0.0,2,36.0,0,0,12229.0,38.1639290,-122.4633780,45.2,148.3,0,0,0
192.20,69.0,42.9,5389,1.0,2,36.7,0,0,12229.0,38.1639450,-122.4633810,45.2,148.3,0,0,0
192.30,68.5,42.6,5378,5.0,2,37.1,0,0,12229.0,38.1639600,-122.4633830,45.2,148.3,0,0,0
192.40,68.8,42.7,5448,13.5,2,37.2,0,0,12229.0,38.1639750,-122.4633840,45.2,148.3,0,0,0
192.50,69.0,42.9,5693,19.0,2,37.1,0,0,12229.0,38.1639900,-122.4633840,45.2,148.3,0,0,0
192.60,69.0,42.9,5428,19.5,2,37.2,0,0,12229.0,38.1640050,-122.4633830,45.2,148.3,0,0,0
192.70,69.6,43.2,5547,19.0,2,37.8,0,0,12229.0,38.1640200,-122.4633810,45.2,148.3,0,0,0
192.80,70.7,43.9,5595,23.0,2,38.5,0,0,12229.0,38.1640350,-122.4633790,43.9,144.0,0,0,0
192.90,70.9,44.1,5682,30.5,2,38.9,0,0,12229.0,38.1640500,-122.4633760,43.9,144.0,0,0,0
193.00,72.5,45.0,5742,30.5,2,39.1,0,0,12229.0,38.1640650,-122.4633720,43.9,144.0,0,0,0
193.10,73.0,45.3,5789,30.5,2,39.4,0,0,12229.0,38.1640800,-122.4633670,43.9,144.0,0,0,0
193.20,73.8,45.8,5884,31.0,2,39.4,0,0,12229.0,38.1640950,-122.4633610,43.9,144.0,0,0,0
193.30,74.9,46.6,5871,32.5,2,39.3,0,0,12229.0,38.1641090,-122.4633550,43.9,144.0,0,0,0
193.40,75.1,46.7,5991,35.0,2,39.6,0,0,12229.0,38.1641240,-122.4633470,43.9,144.0,0,0,0
193.50,76.6,47.6,6079,37.0,2,39.7,0,0,12229.0,38.1641390,-122.4633390,43.9,144.0,0,0,0
193.60,77.6,48.2,6209,42.0,2,39.7,0,0,12229.0,38.1641530,-122.4633290,43.9,144.0,0,0,0
193.70,79.3,49.3,6284,43.5,2,39.5,0,0,12229.0,38.1641680,-122.4633190,43.9,144.0,0,0,0
193.80,80.2,49.8,6474,51.5,2,39.4,0,0,12229.0,38.1641820,-122.4633070,42.3,138.8,0,0,0
193.90,82.6,51.3,6591,53.5,2,39.3,0,0,12229.0,38.1641960,-122.4632950,42.3,138.8,0,0,0
194.00,84.1,52.2,6760,53.5,2,39.5,0,0,12229.0,38.1642100,-122.4632820,42.3,138.8,0,0,0
194.10,86.4,53.7,6866,54.5,2,39.6,0,0,12229.0,38.1642230,-122.4632680,42.3,138.8,0,0,0
194.20,87.3,54.3,7012,59.0,2,39.6,0,0,12229.0,38.1642370,-122.4632520,42.3,138.8,0,0,0
194.30,89.2,55.4,7179,59.0,2,39.7,0,0,12229.0,38.1642500,-122.4632360,42.3,138.8,0,0,0
194.40,91.5,56.9,7312,60.5,2,39.8,0,0,12229.0,38.1642630,-122.4632190,42.3,138.8,0,0,0
194.50,93.3,57.9,7465,64.0,2,39.7,0,0,12229.0,38.1642760,-122.4632010,42.3,138.8,0,0,0
194.60,94.9,59.0,7626,67.5,2,39.1,0,0,12229.0,38.1642880,-122.4631820,42.3,138.8,0,0,0
194.70,97.1,60.4,7777,67.5,2,38.2,0,0,12229.0,38.1643010,-122.4631610,42.3,138.8,0,0,0
194.80,99.1,61.6,7967,68.5,2,37.4,0,0,12229.0,38.1643120,-122.4631400,40.1,131.6,0,0,0
194.90,101.5,63.0,8113,69.0,2,36.5,0,0,12229.0,38.1643240,-122.4631170,40.1,131.6,0,0,0
195.00,102.9,63.9,8274,70.0,2,35.4,0,0,12229.0,38.1643350,-122.4630940,40.1,131.6,0,0,0
195.10,105.2,65.4,8376,70.0,2,34.1,0,0,12229.0,38.1643460,-122.4630690,40.1,131.6,0,0,0
195.20,106.4,66.1,8526,71.0,2,32.7,0,0,12229.0,38.1643570,-122.4630440,40.1,131.6,0,0,0
195.30,108.7,67.6,8724,70.5,2,31.5,0,0,12229.0,38.1643680,-122.4630170,40.1,131.6,0,0,0
195.40,110.8,68.8,8829,70.5,2,30.7,0,0,12229.0,38.1643780,-122.4629900,40.1,131.6,0,0,0
195.50,112.5,69.9,8336,73.5,2,29.2,0,0,12229.0,38.1643870,-122.4629620,40.1,131.6,0,0,0
195.60,109.6,68.1,6985,84.0,3,27.2,0,0,12229.0,38.1643980,-122.4629330,40.1,131.6,0,0,0
195.70,112.3,69.8,7205,92.0,3,25.5,0,0,12229.0,38.1644070,-122.4629040,40.1,131.6,0,0,0
195.80,114.8,71.3,7325,96.5,3,24.6,0,0,12229.0,38.1644160,-122.4628740,37.2,122.0,0,0,0
195.90,116.1,72.1,7430,100.0,3,23.3,0,0,12229.0,38.1644250,-122.4628440,37.2,122.0,0,0,0
196.00,118.3,73.5,7508,100.0,3,21.8,0,0,12229.0,38.1644340,-122.4628120,37.2,122.0,0,0,0
196.10,119.4,74.2,7673,100.0,3,20.5,0,0,12229.0,38.1644420,-122.4627800,37.2,122.0,0,0,0
196.20,122.0,75.8,7734,100.0,3,19.6,0,0,12229.0,38.1644510,-122.4627480,37.2,122.0,0,0,0
196.30,122.7,76.3,7845,100.0,3,18.6,0,0,12229.0,38.1644590,-122.4627150,37.2,122.0,0,0,0
196.40,124.7,77.5,7966,98.0,3,17.4,0,0,12229.0,38.1644670,-122.4626810,37.2,122.0,0,0,0
196.50,126.5,78.6,8059,86.5,3,16.4,0,0,12229.0,38.1644740,-122.4626460,37.2,122.0,0,0,0
196.60,128.6,79.9,8098,70.5,3,16.3,0,0,12229.0,38.1644810,-122.4626110,37.2,122.0,0,0,0
196.70,129.2,80.3,8251,63.0,3,16.8,0,0,12229.0,38.1644880,-122.4625750,37.2,122.0,0,0,0
196.80,130.9,81.4,8315,63.0,3,17.5,0,0,12229.0,38.1644950,-122.4625380,33.6,110.2,0,0,0
196.90,132.4,82.3,8362,59.5,3,18.5,0,0,12229.0,38.1645010,-122.4625010,33.6,110.2,0,0,0
197.00,133.7,83.1,8477,56.5,3,19.8,0,0,12229.0,38.1645070,-122.4624640,33.6,110.2,0,0,0
197.10,135.2,84.0,8569,55.0,3,21.5,0,0,12229.0,38.1645130,-122.4624260,33.6,110.2,0,0,0
197.20,136.2,84.6,8552,49.5,3,23.3,0,0,12229.0,38.1645180,-122.4623880,33.6,110.2,0,0,0
197.30,136.6,84.9,8574,37.0,3,25.1,0,0,12229.0,38.1645220,-122.4623490,33.6,110.2,0,0,0
197.40,136.8,85.0,8664,33.5,3,26.3,0,0,12229.0,38.1645270,-122.4623100,33.6,110.2,0,0,0
197.50,137.5,85.4,8684,30.0,3,28.0,0,0,12229.0,38.1645300,-122.4622710,33.6,110.2,0,0,0
197.60,138.2,85.9,8714,28.0,3,29.8,0,0,12229.0,38.1645340,-122.4622320,33.6,110.2,0,0,0
197.70,138.9,86.3,8746,32.0,3,31.0,0,0,12229.0,38.1645360,-122.4621930,33.6,110.2,0,0,0
197.80,139.6,86.7,8795,32.5,3,31.6,0,0,12229.0,38.1645380,-122.4621540,31.8,104.3,0,0,0
197.90,139.8,86.9,8787,31.5,3,32.3,0,0,12229.0,38.1645400,-122.4621150,31.8,104.3,0,0,0
198.00,139.7,86.8,8795,31.5,3,33.2,0,0,12229.0,38.1645410,-122.4620750,31.8,104.3,0,0,0
198.10,139.7,86.8,8814,31.5,3,34.1,0,0,12229.0,38.1645420,-122.4620360,31.8,104.3,0,0,0
198.20,140.4,87.3,8857,31.5,3,35.1,0,0,12229.0,38.1645430,-122.4619970,31.8,104.3,0,0,0
198.30,141.1,87.7,8863,31.5,3,35.7,0,0,12229.0,38.1645420,-122.4619580,31.8,104.3,0,0,0
198.40,141.0,87.6,8824,31.5,3,35.6,0,0,12229.0,38.1645410,-122.4619190,31.8,104.3,0,0,0
198.50,140.4,87.3,8850,31.5,3,35.9,0,0,12229.0,38.1645400,-122.4618800,31.8,104.3,0,0,0
198.60,140.8,87.5,8863,31.5,3,36.5,0,0,12229.0,38.1645370,-122.4618410,31.8,104.3,0,0,0
198.70,141.0,87.6,8878,31.5,3,37.0,0,0,12229.0,38.1645350,-122.4618020,31.8,104.3,0,0,0
198.80,141.1,87.7,8847,31.5,3,37.5,0,0,12229.0,38.1645310,-122.4617640,30.1,98.8,0,0,0
198.90,140.8,87.5,8865,31.5,3,37.6,0,0,12229.0,38.1645270,-122.4617250,30.1,98.8,0,0,0
199.00,141.1,87.7,8874,31.5,3,38.3,0,0,12229.0,38.1645220,-122.4616870,30.1,98.8,0,0,0
199.10,141.4,87.8,8881,31.5,3,38.7,0,0,12229.0,38.1645170,-122.4616480,30.1,98.8,0,0,0
199.20,141.0,87.6,8837,31.5,3,38.8,0,0,12229.0,38.1645110,-122.4616100,30.1,98.8,0,0,0
199.30,140.8,87.5,8860,31.5,3,38.8,0,0,12229.0,38.1645050,-122.4615720,30.1,98.8,0,0,0
199.40,140.8,87.5,8892,35.0,3,39.3,0,0,12229.0,38.1644970,-122.4615350,30.1,98.8,0,0,0
199.50,141.2,87.7,8929,43.0,3,39.5,0,0,12229.0,38.1644890,-122.4614980,30.1,98.8,0,0,0
199.60,142.1,88.3,8972,48.0,3,39.3,0,0,12229.0,38.1644810,-122.4614600,30.1,98.8,0,0,0
199.70,143.1,88.9,9004,48.0,3,39.2,0,0,12229.0,38.1644710,-122.4614240,30.1,98.8,0,0,0
199.80,143.5,89.2,9077,52.5,3,38.9,0,0,12229.0,38.1644610,-122.4613870,27.9,91.5,0,0,0
199.90,144.8,90.0,9127,54.0,3,39.1,0,0,12229.0,38.1644500,-122.4613500,27.9,91.5,0,0,0
200.00,145.2,90.2,9147,54.0,3,39.1,0,0,12229.0,38.1644380,-122.4613140,27.9,91.5,0,0,0
200.10,144.9,90.0,9127,54.5,3,38.8,0,0,12229.0,38.1644260,-122.4612780,27.9,91.5,0,0,0
200.20,145.4,90.3,9166,55.0,3,38.5,0,0,12229.0,38.1644130,-122.4612420,27.9,91.5,0,0,0
200.30,145.8,90.6,9228,55.5,3,38.0,0,0,12229.0,38.1644000,-122.4612060,27.9,91.5,0,0,0
200.40,146.5,91.0,9245,55.5,3,37.4,0,0,12229.0,38.1643850,-122.4611710,27.9,91.5,0,0,0
200.50,146.8,91.2,9271,55.5,3,37.5,0,0,12229.0,38.1643700,-122.4611350,27.9,91.5,0,0,0
200.60,147.5,91.7,9305,55.5,3,37.4,0,0,12229.0,38.1643550,-122.4611000,27.9,91.5,0,0,0
200.70,147.7,91.7,9294,58.5,3,37.1,0,0,12229.0,38.1643380,-122.4610660,27.9,91.5,0,0,0
200.80,148.4,92.2,9384,59.0,3,36.9,0,0,12229.0,38.1643210,-122.4610310,26.1,85.6,0,0,0
200.90,149.4,92.8,9449,60.0,3,36.7,0,0,12229.0,38.1643030,-122.4609970,26.1,85.6,0,0,0
201.00,150.2,93.3,9509,61.5,3,36.6,0,0,12229.0,38.1642850,-122.4609640,26.1,85.6,0,0,0
201.10,151.2,94.0,9545,62.0,3,36.3,0,0,12229.0,38.1642660,-122.4609310,26.1,85.6,0,0,0
201.20,152.1,94.5,9567,62.5,3,35.7,0,0,12229.0,38.1642440,-122.4608980,26.1,85.6,0,0,0
201.30,152.7,94.9,9616,62.5,3,35.0,0,0,12229.0,38.1642220,-122.4608650,26.1,85.6,0,0,0
201.40,153.5,95.4,9665,65.0,3,34.3,0,0,12229.0,38.1642000,-122.4608330,26.1,85.6,0,0,0
201.50,153.8,95.6,9690,65.0,3,33.8,0,0,12229.0,38.1641770,-122.4608020,26.1,85.6,0,0,0
201.60,153.8,95.5,9722,66.5,3,33.2,0,0,12229.0,38.1641540,-122.4607700,26.1,85.6,0,0,0
201.70,154.2,95.8,9565,70.5,3,32.5,0,0,12229.0,38.1641300,-122.4607400,26.1,85.6,0,0,0
201.80,152.2,94.6,8009,77.0,3,31.6,0,0,12229.0,38.1641050,-122.4607090,26.9,88.3,0,0,0
201.90,153.2,95.2,8175,81.0,4,30.4,0,0,12229.0,38.1640800,-122.4606800,26.9,88.3,0,0,0
202.00,155.7,96.7,8233,81.5,4,29.6,0,0,12229.0,38.1640540,-122.4606510,26.9,88.3,0,0,0
202.10,156.9,97.5,8265,84.5,4,29.2,0,0,12229.0,38.1640280,-122.4606220,26.9,88.3,0,0,0
202.20,157.0,97.5,8260,87.5,4,28.6,0,0,12229.0,38.1640010,-122.4605930,26.9,88.3,0,0,0
202.30,156.7,97.4,8286,89.0,4,27.4,0,0,12229.0,38.1639740,-122.4605650,26.9,88.3,0,0,0
202.40,157.8,98.1,8281,90.5,4,26.1,0,0,12229.0,38.1639470,-122.4605380,26.9,88.3,0,0,0
202.50,158.6,98.5,8350,89.5,4,25.3,0,0,12229.0,38.1639180,-122.4605110,26.9,88.3,0,0,0
202.60,160.0,99.4,8292,79.5,4,24.4,0,0,12229.0,38.1638890,-122.4604840,26.9,88.3,0,0,0
202.70,158.7,98.6,8206,63.0,4,22.9,0,0,12229.0,38.1638600,-122.4604580,26.9,88.3,0,0,0
202.80,156.6,97.3,7553,0.0,4,20.9,0,0,12229.0,38.1638300,-122.4604320,29.4,96.5,0,0,0
202.90,150.0,93.2,7914,0.0,4,18.8,0,0,12229.0,38.1638000,-122.4604060,29.4,96.5,0,0,0
203.00,150.9,93.7,7837,0.0,4,17.1,0,0,12229.0,38.1637700,-122.4603810,29.4,96.5,0,0,0
203.10,149.7,93.0,7744,0.0,4,14.8,0,0,12229.0,38.1637400,-122.4603570,29.4,96.5,0,0,0
203.20,148.1,92.0,7710,0.0,4,13.3,0,0,12229.0,38.1637100,-122.4603340,29.4,96.5,0,0,0
203.30,147.1,91.4,7624,0.0,4,11.3,0,0,12229.0,38.1636810,-122.4603110,29.4,96.5,0,0,0
203.40,145.3,90.3,7523,0.0,4,8.6,0,0,12229.0,38.1636510,-122.4602870,29.4,96.5,0,0,0
203.50,143.6,89.2,7443,0.0,4,5.4,0,0,12229.0,38.1636220,-122.4602650,29.4,96.5,0,0,0
203.60,142.2,88.4,7372,0.0,4,3.7,0,0,12229.0,38.1635930,-122.4602420,29.4,96.5,0,0,0
203.70,140.6,87.3,7312,0.0,4,2.1,0,0,12229.0,38.1635630,-122.4602200,29.4,96.5,0,0,0
203.80,139.1,86.4,8557,0.0,4,1.5,0,0,12229.0,38.1635360,-122.4601980,31.8,104.3,0,0,0
203.90,135.3,84.1,8716,0.0,3,0.9,0,0,12229.0,38.1635080,-122.4601770,31.8,104.3,0,0,0
204.00,135.9,84.5,8308,0.0,3,-0.2,0,0,12229.0,38.1634810,-122.4601550,31.8,104.3,0,0,0
204.10,134.9,83.8,8099,0.0,3,-1.6,0,0,12229.0,38.1634530,-122.4601340,31.8,104.3,0,0,0
204.20,128.8,80.0,7950,0.0,3,-3.4,0,0,12229.0,38.1634260,-122.4601140,31.8,104.3,0,0,0
204.30,126.5,78.6,7862,0.0,3,-4.9,0,0,12229.0,38.1633990,-122.4600930,31.8,104.3,0,0,0
204.40,125.4,77.9,7928,0.0,3,-6.6,0,0,12229.0,38.1633730,-122.4600730,31.8,104.3,0,0,0
204.50,125.8,78.2,7874,0.0,3,-7.6,0,0,12229.0,38.1633460,-122.4600520,31.8,104.3,0,0,0
204.60,125.5,78.0,7843,0.0,3,-8.3,0,0,12229.0,38.1633210,-122.4600330,31.8,104.3,0,0,0
204.70,124.7,77.5,7788,0.0,3,-9.0,0,0,12229.0,38.1632960,-122.4600130,31.8,104.3,0,0,0
204.80,123.5,76.7,7698,0.0,3,-9.8,0,0,12229.0,38.1632710,-122.4599930,32.3,106.0,0,0,0
204.90,122.5,76.1,7645,0.0,3,-9.4,0,0,12229.0,38.1632460,-122.4599730,32.3,106.0,0,0,0
205.00,121.5,75.5,7591,0.0,3,-8.3,0,0,12229.0,38.1632210,-122.4599540,32.3,106.0,0,0,0
205.10,120.5,74.9,7454,0.0,3,-8.5,0,0,12229.0,38.1631960,-122.4599340,32.3,106.0,0,0,0
205.20,118.7,73.7,7409,0.0,3,-10.1,0,0,12229.0,38.1631720,-122.4599150,32.3,106.0,0,0,0
205.30,118.0,73.3,7366,0.0,3,-11.3,0,0,12229.0,38.1631490,-122.4598950,32.3,106.0,0,0,0
205.40,117.1,72.7,7301,0.0,3,-13.2,0,0,12229.0,38.1631260,-122.4598750,32.3,106.0,0,0,0
205.50,116.0,72.1,7261,0.0,3,-16.0,0,0,12229.0,38.1631030,-122.4598560,32.3,106.0,0,0,0
205.60,115.7,71.9,7243,0.0,3,-18.6,0,0,12229.0,38.1630800,-122.4598360,32.3,106.0,0,0,0
205.70,114.8,71.4,7207,0.0,3,-20.8,0,0,12229.0,38.1630580,-122.4598160,32.3,106.0,0,0,0
205.80,114.9,71.4,7212,0.0,3,-23.1,0,0,12229.0,38.1630360,-122.4597960,31.3,102.7,0,0,0
205.90,114.2,71.0,7131,0.0,3,-24.2,0,0,12229.0,38.1630140,-122.4597760,31.3,102.7,0,0,0
206.00,113.5,70.5,7119,0.0,3,-25.8,0,0,12229.0,38.1629930,-122.4597560,31.3,102.7,0,0,0
206.10,112.9,70.2,7087,0.0,3,-27.0,0,0,12229.0,38.1629720,-122.4597350,31.3,102.7,0,0,0
206.20,112.5,69.9,7033,0.0,3,-28.7,0,0,12229.0,38.1629510,-122.4597150,31.3,102.7,0,0,0
206.30,112.1,69.6,6983,0.0,3,-29.7,0,0,12229.0,38.1629310,-122.4596940,31.3,102.7,0,0,0
206.40,111.3,69.2,6908,0.0,3,-30.2,0,0,12229.0,38.1629120,-122.4596720,31.3,102.7,0,0,0
206.50,110.1,68.4,6890,0.0,3,-30.8,0,0,12229.0,38.1628930,-122.4596510,31.3,102.7,0,0,0
206.60,109.6,68.1,6854,0.0,3,-30.5,0,0,12229.0,38.1628740,-122.4596290,31.3,102.7,0,0,0
206.70,108.7,67.5,6788,0.0,3,-30.8,0,0,12229.0,38.1628560,-122.4596070,31.3,102.7,0,0,0
206.80,108.1,67.2,6777,0.0,3,-31.2,0,0,12229.0,38.1628390,-122.4595850,29.1,95.5,0,0,0
206.90,107.6,66.8,6711,0.0,3,-31.3,0,0,12229.0,38.1628220,-122.4595620,29.1,95.5,0,0,0
207.00,106.6,66.2,6692,0.0,3,-31.5,0,0,12229.0,38.1628050,-122.4595390,29.1,95.5,0,0,0
207.10,106.4,66.1,6681,0.0,3,-32.0,0,0,12229.0,38.1627880,-122.4595150,29.1,95.5,0,0,0
207.20,106.2,66.0,6663,0.0,3,-32.7,0,0,12229.0,38.1627720,-122.4594920,29.1,95.5,0,0,0
207.30,106.1,65.9,6651,0.0,3,-33.9,0,0,12229.0,38.1627570,-122.4594680,29.1,95.5,0,0,0
207.40,105.8,65.7,6639,0.0,3,-35.2,0,0,12229.0,38.1627430,-122.4594430,29.1,95.5,0,0,0
207.50,105.6,65.6,6605,0.0,3,-36.4,0,0,12229.0,38.1627300,-122.4594180,29.1,95.5,0,0,0
207.60,105.0,65.2,6544,0.0,3,-36.9,0,0,12229.0,38.1627170,-122.4593930,29.1,95.5,0,0,0
207.70,104.2,64.8,6532,0.0,3,-37.5,0,0,12229.0,38.1627040,-122.4593680,29.1,95.5,0,0,0
207.80,103.8,64.5,6494,0.0,3,-38.2,0,0,12229.0,38.1626920,-122.4593420,26.5,86.9,0,0,0
207.90,103.2,64.1,6472,0.0,3,-38.6,0,0,12229.0,38.1626800,-122.4593160,26.5,86.9,0,0,0
208.00,102.9,63.9,6428,0.0,3,-39.1,0,0,12229.0,38.1626700,-122.4592900,26.5,86.9,0,0,0
208.10,102.2,63.5,6404,0.0,3,-39.6,0,0,12229.0,38.1626600,-122.4592630,26.5,86.9,0,0,0
208.20,102.1,63.4,6401,0.0,3,-40.0,0,0,12229.0,38.1626500,-122.4592360,26.5,86.9,0,0,0
208.30,101.5,63.1,6348,0.0,3,-39.9,0,0,12229.0,38.1626420,-122.4592090,26.5,86.9,0,0,0
208.40,101.1,62.8,6359,5.0,3,-40.1,0,0,12229.0,38.1626350,-122.4591820,26.5,86.9,0,0,0
208.50,100.9,62.7,6339,6.5,3,-40.5,0,0,12229.0,38.1626280,-122.4591550,26.5,86.9,0,0,0
208.60,100.3,62.3,6320,9.5,3,-40.3,0,0,12229.0,38.1626220,-122.4591270,26.5,86.9,0,0,0
208.70,100.1,62.2,6370,12.5,3,-40.5,0,0,12229.0,38.1626170,-122.4591000,26.5,86.9,0,0,0
208.80,100.7,62.6,6597,19.0,3,-40.6,0,0,12229.0,38.1626130,-122.4590720,24.2,79.4,0,0,0
208.90,100.3,62.3,6395,22.5,3,-40.3,0,0,12229.0,38.1626120,-122.4590440,24.2,79.4,0,0,0
209.00,101.7,63.2,6426,28.5,3,-40.0,0,0,12229.0,38.1626100,-122.4590160,24.2,79.4,0,0,0
209.10,102.2,63.5,6446,29.0,3,-39.7,0,0,12229.0,38.1626080,-122.4589880,24.2,79.4,0,0,0
209.20,102.1,63.4,6433,26.0,3,-39.4,0,0,12229.0,38.1626070,-122.4589590,24.2,79.4,0,0,0
209.30,102.7,63.8,6466,25.0,3,-39.6,0,0,12229.0,38.1626070,-122.4589300,24.2,79.4,0,0,0
209.40,103.1,64.1,6521,24.0,3,-40.2,0,0,12229.0,38.1626070,-122.4589020,24.2,79.4,0,0,0
209.50,103.5,64.3,6553,24.0,3,-40.6,0,0,12229.0,38.1626070,-122.4588730,24.2,79.4,0,0,0
209.60,103.8,64.5,6502,23.5,3,-41.0,0,0,12229.0,38.1626090,-122.4588440,24.2,79.4,0,0,0
209.70,104.0,64.6,6582,21.0,3,-41.2,0,0,12229.0,38.1626110,-122.4588150,24.2,79.4,0,0,0
209.80,104.5,64.9,6572,21.0,3,-41.4,0,0,12229.0,38.1626140,-122.4587860,22.5,73.8,0,0,0
209.90,104.5,65.0,6589,21.0,3,-41.7,0,0,12229.0,38.1626170,-122.4587570,22.5,73.8,0,0,0
210.00,104.6,65.0,6613,23.0,3,-41.9,0,0,12229.0,38.1626220,-122.4587290,22.5,73.8,0,0,0
210.10,105.1,65.3,6605,24.0,3,-41.9,0,0,12229.0,38.1626270,-122.4587010,22.5,73.8,0,0,0
210.20,105.7,65.7,6661,27.0,3,-41.9,0,0,12229.0,38.1626340,-122.4586720,22.5,73.8,0,0,0
210.30,105.9,65.8,6670,25.0,3,-42.0,0,0,12229.0,38.1626410,-122.4586450,22.5,73.8,0,0,0
210.40,106.2,66.0,6688,25.0,3,-41.9,0,0,12229.0,38.1626490,-122.4586170,22.5,73.8,0,0,0
210.50,106.3,66.1,6699,25.0,3,-41.6,0,0,12229.0,38.1626580,-122.4585900,22.5,73.8,0,0,0
210.60,106.6,66.2,6661,23.0,3,-41.6,0,0,12229.0,38.1626680,-122.4585630,22.5,73.8,0,0,0
210.70,106.6,66.2,6725,21.5,3,-41.5,0,0,12229.0,38.1626780,-122.4585370,22.5,73.8,0,0,0
210.80,106.5,66.2,6694,20.5,3,-41.5,0,0,12229.0,38.1626890,-122.4585110,20.3,66.6,0,0,0
210.90,106.8,66.3,6757,22.5,3,-41.6,0,0,12229.0,38.1627010,-122.4584850,20.3,66.6,0,0,0
211.00,107.0,66.5,6746,25.5,3,-41.5,0,0,12229.0,38.1627130,-122.4584600,20.3,66.6,0,0,0
211.10,107.4,66.7,6769,26.5,3,-41.5,0,0,12229.0,38.1627260,-122.4584360,20.3,66.6,0,0,0
211.20,108.0,67.1,6779,28.0,3,-41.5,0,0,12229.0,38.1627400,-122.4584120,20.3,66.6,0,0,0
211.30,107.8,67.0,6777,28.0,3,-41.4,0,0,12229.0,38.1627550,-122.4583880,20.3,66.6,0,0,0
211.40,108.0,67.1,6825,30.0,3,-41.2,0,0,12229.0,38.1627700,-122.4583660,20.3,66.6,0,0,0
211.50,108.2,67.2,6818,29.0,3,-41.1,0,0,12229.0,38.1627860,-122.4583440,20.3,66.6,0,0,0
211.60,108.5,67.4,6860,28.5,3,-41.3,0,0,12229.0,38.1628030,-122.4583220,20.3,66.6,0,0,0
211.70,108.8,67.6,6867,30.5,3,-41.3,0,0,12229.0,38.1628200,-122.4583010,20.3,66.6,0,0,0
211.80,109.3,67.9,6861,33.5,3,-41.0,0,0,12229.0,38.1628380,-122.4582820,17.7,58.1,0,0,0
211.90,109.3,67.9,6924,35.5,3,-40.8,0,0,12229.0,38.1628560,-122.4582620,17.7,58.1,0,0,0
212.00,109.9,68.3,6889,34.5,3,-40.8,0,0,12229.0,38.1628750,-122.4582440,17.7,58.1,0,0,0
212.10,110.4,68.6,6977,35.0,3,-40.8,0,0,12229.0,38.1628940,-122.4582260,17.7,58.1,0,0,0
212.20,110.7,68.8,6975,34.5,3,-40.6,0,0,12229.0,38.1629140,-122.4582090,17.7,58.1,0,0,0
212.30,111.2,69.1,7016,35.0,3,-40.4,0,0,12229.0,38.1629350,-122.4581930,17.7,58.1,0,0,0
212.40,111.6,69.4,7044,39.5,3,-40.2,0,0,12229.0,38.1629560,-122.4581770,17.7,58.1,0,0,0
212.50,112.4,69.9,7094,43.0,3,-39.8,0,0,12229.0,38.1629770,-122.4581630,17.7,58.1,0,0,0
212.60,112.9,70.2,7163,47.0,3,-39.7,0,0,12229.0,38.1629980,-122.4581480,17.7,58.1,0,0,0
212.70,114.2,71.0,7221,48.5,3,-39.4,0,0,12229.0,38.1630210,-122.4581350,17.7,58.1,0,0,0
212.80,114.8,71.4,7240,48.5,3,-39.1,0,0,12229.0,38.1630430,-122.4581230,14.8,48.6,0,0,0
212.90,115.0,71.5,7280,45.5,3,-39.1,0,0,12229.0,38.1630670,-122.4581110,14.8,48.6,0,0,0
213.00,115.6,71.8,7273,46.0,3,-38.8,0,0,12229.0,38.1630910,-122.4581010,14.8,48.6,0,0,0
213.10,116.5,72.4,7377,46.5,3,-38.8,0,0,12229.0,38.1631150,-122.4580920,14.8,48.6,0,0,0
213.20,117.3,72.9,7415,49.5,3,-38.7,0,0,12229.0,38.1631400,-122.4580830,14.8,48.6,0,0,0
213.30,117.9,73.3,7442,49.5,3,-38.6,0,0,12229.0,38.1631640,-122.4580750,14.8,48.6,0,0,0
213.40,118.5,73.6,7487,50.5,3,-38.6,0,0,12229.0,38.1631890,-122.4580680,14.8,48.6,0,0,0
213.50,119.1,74.0,7497,51.0,3,-38.5,0,0,12229.0,38.1632150,-122.4580630,14.8,48.6,0,0,0
213.60,119.4,74.2,7504,49.0,3,-38.5,0,0,12229.0,38.1632410,-122.4580590,14.8,48.6,0,0,0
213.70,119.6,74.3,7552,48.5,3,-38.2,0,0,12229.0,38.1632670,-122.4580550,14.8,48.6,0,0,0
213.80,120.2,74.7,7553,48.5,3,-37.7,0,0,12229.0,38.1632930,-122.4580530,12.4,40.7,0,0,0
213.90,120.0,74.5,7582,51.0,3,-37.4,0,0,12229.0,38.1633190,-122.4580530,12.4,40.7,0,0,0
214.00,121.1,75.3,7651,51.5,3,-37.1,0,0,12229.0,38.1633460,-122.4580530,12.4,40.7,0,0,0
214.10,121.5,75.5,7663,52.0,3,-37.1,0,0,12229.0,38.1633720,-122.4580540,12.4,40.7,0,0,0
214.20,121.5,75.5,7689,57.0,3,-37.2,0,0,12229.0,38.1633990,-122.4580570,12.4,40.7,0,0,0
214.30,122.9,76.3,7785,59.0,3,-37.5,0,0,12229.0,38.1634250,-122.4580610,12.4,40.7,0,0,0
214.40,123.8,76.9,7809,59.5,3,-37.8,0,0,12229.0,38.1634520,-122.4580660,12.4,40.7,0,0,0
214.50,124.6,77.4,7874,61.0,3,-38.0,0,0,12229.0,38.1634790,-122.4580720,12.4,40.7,0,0,0
214.60,125.5,78.0,7956,61.0,3,-38.2,0,0,12229.0,38.1635060,-122.4580790,12.4,40.7,0,0,0
214.70,126.1,78.3,7973,63.0,3,-38.2,0,0,12229.0,38.1635330,-122.4580870,12.4,40.7,0,0,0
214.80,126.9,78.9,8052,64.5,3,-37.8,0,0,12229.0,38.1635590,-122.4580970,12.3,40.4,0,0,0
214.90,128.5,79.8,8128,65.0,3,-37.6,0,0,12229.0,38.1635860,-122.4581070,12.3,40.4,0,0,0
215.00,128.5,79.8,8122,67.5,3,-37.3,0,0,12229.0,38.1636120,-122.4581180,12.3,40.4,0,0,0
215.10,129.7,80.6,8224,68.0,3,-36.9,0,0,12229.0,38.1636370,-122.4581290,12.3,40.4,0,0,0
215.20,130.7,81.2,8283,68.0,3,-36.4,0,0,12229.0,38.1636630,-122.4581420,12.3,40.4,0,0,0
215.30,131.2,81.5,8299,68.0,3,-36.0,0,0,12229.0,38.1636890,-122.4581550,12.3,40.4,0,0,0
215.40,132.2,82.1,8362,68.5,3,-36.1,0,0,12229.0,38.1637150,-122.4581700,12.3,40.4,0,0,0
215.50,133.3,82.9,8383,71.0,3,-36.1,0,0,12229.0,38.1637400,-122.4581850,12.3,40.4,0,0,0
215.60,133.9,83.2,8550,73.5,3,-36.1,0,0,12229.0,38.1637660,-122.4582000,12.3,40.4,0,0,0
215.70,135.8,84.4,8599,75.0,3,-35.7,0,0,12229.0,38.1637920,-122.4582180,12.3,40.4,0,0,0
215.80,136.2,84.6,8681,77.5,3,-35.3,0,0,12229.0,38.1638170,-122.4582350,14.3,46.9,0,0,0
215.90,137.9,85.7,8752,77.5,3,-34.8,0,0,12229.0,38.1638430,-122.4582540,14.3,46.9,0,0,0
216.00,138.7,86.2,8749,75.0,3,-34.4,0,0,12229.0,38.1638680,-122.4582740,14.3,46.9,0,0,0
216.10,139.8,86.9,8790,75.0,3,-34.0,0,0,12229.0,38.1638940,-122.4582960,14.3,46.9,0,0,0
216.20,139.9,86.9,8900,76.5,3,-33.7,0,0,12229.0,38.1639190,-122.4583170,14.3,46.9,0,0,0
216.30,141.3,87.8,9012,76.5,3,-33.7,0,0,12229.0,38.1639440,-122.4583390,14.3,46.9,0,0,0
216.40,142.6,88.6,9075,79.0,3,-33.7,0,0,12229.0,38.1639680,-122.4583620,14.3,46.9,0,0,0
216.50,143.1,88.9,9119,82.0,3,-32.8,0,0,12229.0,38.1639930,-122.4583860,14.3,46.9,0,0,0
216.60,144.1,89.5,9163,81.5,3,-31.8,0,0,12229.0,38.1640170,-122.4584110,14.3,46.9,0,0,0
216.70,145.5,90.4,9169,77.0,3,-30.7,0,0,12229.0,38.1640410,-122.4584360,14.3,46.9,0,0,0
216.80,146.1,90.8,9175,73.5,3,-29.4,0,0,12229.0,38.1640650,-122.4584630,16.1,52.8,0,0,0
216.90,146.3,90.9,9206,75.5,3,-28.4,0,0,12229.0,38.1640890,-122.4584900,16.1,52.8,0,0,0
217.00,146.5,91.1,9237,75.5,3,-27.5,0,0,12229.0,38.1641130,-122.4585180,16.1,52.8,0,0,0
217.10,147.1,91.4,9237,76.0,3,-26.8,0,0,12229.0,38.1641370,-122.4585470,16.1,52.8,0,0,0
217.20,147.0,91.3,9364,78.0,3,-25.3,0,0,12229.0,38.1641610,-122.4585760,16.1,52.8,0,0,0
217.30,149.6,93.0,9609,82.5,3,-24.6,0,0,12229.0,38.1641840,-122.4586070,16.1,52.8,0,0,0
217.40,153.0,95.1,9609,83.5,3,-26.5,0,0,12229.0,38.1642070,-122.4586370,16.1,52.8,0,0,0
217.50,152.1,94.5,9576,83.5,3,-26.7,0,0,12229.0,38.1642310,-122.4586680,16.1,52.8,0,0,0
217.60,151.6,94.2,9540,92.0,3,-24.5,0,0,12229.0,38.1642540,-122.4586990,16.1,52.8,0,0,0
217.70,152.2,94.6,9725,100.0,3,-24.0,0,0,12230.0,38.1642770,-122.4587310,16.1,52.8,0,0,0
217.80,155.5,96.6,9795,100.0,3,-24.5,0,0,12230.0,38.1642990,-122.4587640,17.8,58.4,0,0,0
217.90,156.1,97.0,9820,100.0,3,-24.4,0,0,12230.0,38.1643220,-122.4587970,17.8,58.4,0,0,0
218.00,155.9,96.9,9866,100.0,3,-24.1,0,0,12230.0,38.1643450,-122.4588310,17.8,58.4,0,0,0
218.10,157.2,97.7,9004,100.0,3,-23.8,0,0,12230.0,38.1643670,-122.4588650,17.8,58.4,0,0,0
218.20,154.3,95.9,8269,100.0,4,-22.8,0,0,12230.0,38.1643900,-122.4589000,17.8,58.4,0,0,0
218.30,157.0,97.6,8258,100.0,4,-22.9,0,0,12230.0,38.1644120,-122.4589350,17.8,58.4,0,0,0
218.40,157.1,97.6,8245,100.0,4,-22.5,0,0,12230.0,38.1644340,-122.4589710,17.8,58.4,0,0,0
218.50,157.4,97.8,8304,100.0,4,-21.6,0,0,12230.0,38.1644560,-122.4590060,17.8,58.4,0,0,0
218.60,158.0,98.2,8316,100.0,4,-21.4,0,0,12230.0,38.1644780,-122.4590420,17.8,58.4,0,0,0
218.70,157.8,98.1,8345,100.0,4,-21.2,0,0,12230.0,38.1644990,-122.4590790,17.8,58.4,0,0,0
218.80,158.2,98.3,8369,100.0,4,-20.8,0,0,12230.0,38.1645210,-122.4591160,19.5,64.0,0,0,0
218.90,158.6,98.5,8392,100.0,4,-20.7,0,0,12230.0,38.1645420,-122.4591530,19.5,64.0,0,0,0
219.00,159.5,99.1,8425,100.0,4,-20.2,0,0,12230.0,38.1645630,-122.4591900,19.5,64.0,0,0,0
219.10,160.3,99.6,8485,100.0,4,-20.0,0,0,12230.0,38.1645840,-122.4592280,19.5,64.0,0,0,0
219.20,161.2,100.1,8565,100.0,4,-20.3,0,0,12230.0,38.1646050,-122.4592670,19.5,64.0,0,0,0
219.30,163.3,101.5,8572,100.0,4,-21.0,0,0,12230.0,38.1646250,-122.4593050,19.5,64.0,0,0,0
219.40,163.4,101.5,8616,100.0,4,-21.2,0,0,12230.0,38.1646460,-122.4593440,19.5,64.0,0,0,0
219.50,163.5,101.6,8624,100.0,4,-20.4,0,0,12230.0,38.1646660,-122.4593840,19.5,64.0,0,0,0
219.60,163.8,101.8,8646,100.0,4,-19.7,0,0,12230.0,38.1646860,-122.4594240,19.5,64.0,0,0,0
219.70,164.4,102.1,8634,100.0,4,-18.5,0,0,12230.0,38.1647060,-122.4594640,19.5,64.0,0,0,0
219.80,163.8,101.8,8654,100.0,4,-16.8,0,0,12230.0,38.1647260,-122.4595040,21.5,70.5,0,0,0
219.90,165.6,102.9,8684,100.0,4,-15.8,0,0,12230.0,38.1647460,-122.4595450,21.5,70.5,0,0,0
220.00,165.8,103.0,8739,100.0,4,-15.5,0,0,12230.0,38.1647660,-122.4595860,21.5,70.5,0,0,0
220.10,166.5,103.5,8785,100.0,4,-15.6,0,0,12230.0,38.1647850,-122.4596280,21.5,70.5,0,0,0
220.20,166.8,103.6,8829,100.0,4,-15.7,0,0,12230.0,38.1648050,-122.4596700,21.5,70.5,0,0,0
220.30,167.9,104.3,8895,100.0,4,-16.0,0,0,12230.0,38.1648240,-122.4597120,21.5,70.5,0,0,0
220.40,169.0,105.0,8895,100.0,4,-16.0,0,0,12230.0,38.1648430,-122.4597540,21.5,70.5,0,0,0
220.50,169.6,105.4,8942,100.0,4,-15.6,0,0,12230.0,38.1648630,-122.4597970,21.5,70.5,0,0,0
220.60,170.0,105.7,8977,100.0,4,-14.6,0,0,12230.0,38.1648820,-122.4598400,21.5,70.5,0,0,0
220.70,170.0,105.7,9004,100.0,4,-13.7,0,0,12230.0,38.1649000,-122.4598830,21.5,70.5,0,0,0
220.80,170.9,106.2,9026,100.0,4,-13.0,0,0,12230.0,38.1649190,-122.4599270,23.4,76.8,0,0,0
220.90,171.5,106.6,9047,100.0,4,-11.8,0,0,12230.0,38.1649380,-122.4599710,23.4,76.8,0,0,0
221.00,171.7,106.7,9007,100.0,4,-9.6,0,0,12230.0,38.1649560,-122.4600160,23.4,76.8,0,0,0
221.10,172.7,107.3,9086,100.0,4,-7.3,0,0,12230.0,38.1649750,-122.4600610,23.4,76.8,0,0,0
221.20,173.6,107.9,9149,100.0,4,-5.6,0,0,12230.0,38.1649940,-122.4601060,23.4,76.8,0,0,0
221.30,173.9,108.1,9197,100.0,4,-4.4,0,0,12230.0,38.1650120,-122.4601510,23.4,76.8,0,0,0
221.40,174.0,108.1,9228,100.0,4,-3.1,0,0,12230.0,38.1650300,-122.4601960,23.4,76.8,0,0,0
221.50,175.2,108.9,9262,100.0,4,-2.3,0,0,12230.0,38.1650490,-122.4602420,23.4,76.8,0,0,0
221.60,176.3,109.5,9297,100.0,4,-1.7,0,0,12230.0,38.1650670,-122.4602880,23.4,76.8,0,0,0
221.70,176.7,109.8,9369,100.0,4,-0.9,0,0,12230.0,38.1650850,-122.4603340,23.4,76.8,0,0,0
221.80,177.3,110.1,9349,100.0,4,-0.0,0,0,12230.0,38.1651040,-122.4603810,25.4,83.3,0,0,0
221.90,177.6,110.3,9334,88.0,4,0.7,0,0,12230.0,38.1651220,-122.4604270,25.4,83.3,0,0,0
222.00,177.8,110.5,9283,77.5,4,1.3,0,0,12230.0,38.1651400,-122.4604740,25.4,83.3,0,0,0
222.10,177.6,110.4,9186,43.5,4,1.4,0,0,12230.0,38.1651590,-122.4605210,25.4,83.3,0,0,0
222.20,175.3,109.0,9042,15.0,4,1.6,0,0,12230.0,38.1651770,-122.4605680,25.4,83.3,0,0,0
222.30,173.2,107.6,8744,4.5,4,0.1,0,0,12230.0,38.1651950,-122.4606150,25.4,83.3,0,0,0
222.40,170.1,105.7,8897,0.0,4,-0.1,0,0,12230.0,38.1652130,-122.4606620,25.4,83.3,0,0,0
222.50,170.2,105.7,8842,0.0,4,-0.0,0,0,12230.0,38.1652320,-122.4607080,25.4,83.3,0,0,0
222.60,168.8,104.9,8741,0.0,4,0.3,0,0,12230.0,38.1652490,-122.4607530,25.4,83.3,0,0,0
222.70,167.0,103.7,8654,0.0,4,1.0,0,0,12230.0,38.1652670,-122.4607980,25.4,83.3,0,0,0
222.80,165.4,102.8,8555,0.0,4,1.2,0,0,12230.0,38.1652840,-122.4608430,27.3,89.6,0,0,0
222.90,163.5,101.6,8470,0.0,4,0.6,0,0,12230.0,38.1653020,-122.4608870,27.3,89.6,0,0,0
223.00,161.8,100.5,8340,0.0,4,0.1,0,0,12230.0,38.1653190,-122.4609310,27.3,89.6,0,0,0
223.10,159.1,98.8,8226,0.0,4,-0.2,0,0,12230.0,38.1653360,-122.4609740,27.3,89.6,0,0,0
223.20,156.8,97.5,8132,0.0,4,-1.3,0,0,12230.0,38.1653530,-122.4610160,27.3,89.6,0,0,0
223.30,155.3,96.5,8022,0.0,4,-1.5,0,0,12230.0,38.1653700,-122.4610580,27.3,89.6,0,0,0
223.40,153.1,95.1,7895,0.0,4,-1.9,0,0,12230.0,38.1653860,-122.4611000,27.3,89.6,0,0,0
223.50,150.5,93.5,7760,0.0,4,-1.9,0,0,12230.0,38.1654020,-122.4611410,27.3,89.6,0,0,0
223.60,148.2,92.1,7632,0.0,4,-1.2,0,0,12230.0,38.1654180,-122.4611810,27.3,89.6,0,0,0
223.70,145.6,90.4,7512,0.0,4,-0.8,0,0,12230.0,38.1654340,-122.4612210,27.3,89.6,0,0,0
223.80,143.4,89.1,7384,0.0,4,-0.4,0,0,12230.0,38.1654500,-122.4612600,29.4,96.5,0,0,0
223.90,141.0,87.6,7344,0.0,4,0.1,0,0,12230.0,38.1654650,-122.4612990,29.4,96.5,0,0,0
224.00,139.4,86.6,8567,0.0,3,0.4,0,0,12230.0,38.1654800,-122.4613370,29.4,96.5,0,0,0
224.10,136.0,84.5,8547,0.0,3,1.1,0,0,12230.0,38.1654950,-122.4613740,29.4,96.5,0,0,0
224.20,134.1,83.3,8050,0.0,3,1.9,0,0,12230.0,38.1655100,-122.4614100,29.4,96.5,0,0,0
224.30,131.6,81.8,8126,0.0,3,2.7,0,0,12230.0,38.1655250,-122.4614460,29.4,96.5,0,0,0
224.40,128.9,80.1,8013,0.0,3,2.9,0,0,12230.0,38.1655390,-122.4614820,29.4,96.5,0,0,0
224.50,127.0,78.9,7895,0.0,3,2.4,0,0,12230.0,38.1655530,-122.4615160,29.4,96.5,0,0,0
224.60,125.1,77.7,7730,0.0,3,2.1,0,0,12230.0,38.1655670,-122.4615500,29.4,96.5,0,0,0
224.70,122.7,76.2,7589,0.0,3,1.7,0,0,12230.0,38.1655800,-122.4615830,29.4,96.5,0,0,0
224.80,120.5,74.9,8440,0.0,3,1.0,0,0,12230.0,38.1655920,-122.4616150,31.7,104.0,0,0,0
224.90,110.4,68.6,9302,0.0,2,0.7,0,0,12230.0,38.1656050,-122.4616470,31.7,104.0,0,0,0
225.00,116.3,72.3,8947,0.0,2,1.0,0,0,12230.0,38.1656180,-122.4616790,31.7,104.0,0,0,0
225.10,115.2,71.6,8772,0.0,2,0.9,0,0,12230.0,38.1656300,-122.4617100,31.7,104.0,0,0,0
225.20,112.0,69.6,8699,0.0,2,0.5,0,0,12230.0,38.1656420,-122.4617400,31.7,104.0,0,0,0
225.30,110.2,68.5,8550,0.0,2,0.5,0,0,12230.0,38.1656540,-122.4617700,31.7,104.0,0,0,0
225.40,108.8,67.6,8470,0.0,2,-0.1,0,0,12230.0,38.1656660,-122.4618000,31.7,104.0,0,0,0
225.50,107.2,66.6,8290,0.0,2,-0.8,0,0,12230.0,38.1656780,-122.4618290,31.7,104.0,0,0,0
225.60,105.5,65.6,8186,0.0,2,-0.8,0,0,12230.0,38.1656890,-122.4618580,31.7,104.0,0,0,0
225.70,104.0,64.6,8061,0.0,2,-1.2,0,0,12230.0,38.1657000,-122.4618870,31.7,104.0,0,0,0
225.80,102.6,63.7,7985,0.0,2,-0.8,0,0,12230.0,38.1657110,-122.4619140,33.0,108.3,0,0,0
225.90,101.7,63.2,7897,0.0,2,-0.3,0,0,12230.0,38.1657220,-122.4619420,33.0,108.3,0,0,0
226.00,100.0,62.1,7772,0.0,2,-0.5,0,0,12230.0,38.1657330,-122.4619690,33.0,108.3,0,0,0
226.10,98.8,61.4,7671,0.0,2,-0.6,0,0,12230.0,38.1657430,-122.4619960,33.0,108.3,0,0,0
226.20,97.5,60.6,7560,0.0,2,0.2,0,0,12230.0,38.1657540,-122.4620220,33.0,108.3,0,0,0
226.30,95.8,59.5,7467,0.0,2,1.2,0,0,12230.0,38.1657640,-122.4620480,33.0,108.3,0,0,0
226.40,94.6,58.8,7298,0.0,2,3.0,0,0,12230.0,38.1657750,-122.4620740,33.0,108.3,0,0,0
226.50,93.1,57.9,7196,0.0,2,6.1,0,0,12230.0,38.1657850,-122.4620990,33.0,108.3,0,0,0
226.60,91.5,56.8,7108,0.0,2,9.1,0,0,12230.0,38.1657950,-122.4621240,33.0,108.3,0,0,0
226.70,90.4,56.2,7039,0.0,2,11.5,0,0,12230.0,38.1658050,-122.4621480,33.0,108.3,0,0,0
226.80,89.4,55.5,6946,0.0,2,13.6,0,0,12230.0,38.1658160,-122.4621720,34.2,112.2,0,0,0
226.90,88.2,54.8,6870,0.0,2,15.3,0,0,12230.0,38.1658260,-122.4621950,34.2,112.2,0,0,0
227.00,87.1,54.1,6744,0.0,2,17.3,0,0,12230.0,38.1658360,-122.4622170,34.2,112.2,0,0,0
227.10,85.9,53.4,6702,0.0,2,19.6,0,0,12230.0,38.1658460,-122.4622400,34.2,112.2,0,0,0
227.20,85.0,52.8,6629,0.0,2,21.5,0,0,12230.0,38.1658560,-122.4622620,34.2,112.2,0,0,0
227.30,84.3,52.4,6528,0.0,2,23.4,0,0,12230.0,38.1658670,-122.4622830,34.2,112.2,0,0,0
227.40,83.0,51.5,6505,0.0,2,25.5,0,0,12230.0,38.1658770,-122.4623030,34.2,112.2,0,0,0
227.50,82.4,51.2,6375,0.0,2,26.4,0,0,12230.0,38.1658880,-122.4623240,34.2,112.2,0,0,0
227.60,81.2,50.5,6325,0.0,2,27.5,0,0,12230.0,38.1658980,-122.4623430,34.2,112.2,0,0,0
227.70,80.4,50.0,6284,0.0,2,28.5,0,0,12230.0,38.1659100,-122.4623620,34.2,112.2,0,0,0
227.80,80.0,49.7,6208,0.0,2,29.7,0,0,12230.0,38.1659210,-122.4623800,35.0,114.8,0,0,0
227.90,78.7,48.9,6139,0.0,2,30.9,0,0,12230.0,38.1659330,-122.4623980,35.0,114.8,0,0,0
228.00,78.0,48.4,6079,0.0,2,31.8,0,0,12230.0,38.1659450,-122.4624150,35.0,114.8,0,0,0
228.10,77.2,48.0,6025,0.0,2,33.2,0,0,12230.0,38.1659570,-122.4624320,35.0,114.8,0,0,0
228.20,76.7,47.6,5970,0.0,2,34.6,0,0,12230.0,38.1659700,-122.4624480,35.0,114.8,0,0,0
228.30,75.7,47.0,5948,0.0,2,35.7,0,0,12230.0,38.1659820,-122.4624630,35.0,114.8,0,0,0
228.40,75.2,46.7,5878,0.0,2,36.6,0,0,12230.0,38.1659950,-122.4624770,35.0,114.8,0,0,0
228.50,74.6,46.4,5792,0.0,2,37.7,0,0,12230.0,38.1660080,-122.4624910,35.0,114.8,0,0,0
228.60,74.0,46.0,5732,0.0,2,38.7,0,0,12230.0,38.1660210,-122.4625040,35.0,114.8,0,0,0
228.70,72.5,45.0,5633,0.0,2,38.9,0,0,12230.0,38.1660350,-122.4625160,35.0,114.8,0,0,0
228.80,71.4,44.4,5543,0.0,2,38.9,0,0,12230.0,38.1660490,-122.4625270,35.0,114.8,0,0,0
228.90,70.4,43.8,5501,2.0,2,39.3,0,0,12230.0,38.1660630,-122.4625370,35.0,114.8,0,0,0
229.00,69.9,43.4,5470,4.5,2,40.0,0,0,12230.0,38.1660770,-122.4625470,35.0,114.8,0,0,0
229.10,69.4,43.1,5456,11.5,2,41.0,0,0,12230.0,38.1660900,-122.4625550,35.0,114.8,0,0,0
229.20,69.3,43.1,5601,13.0,2,41.7,0,0,12230.0,38.1661040,-122.4625630,35.0,114.8,0,0,0
229.30,69.0,42.9,5616,23.0,2,41.9,0,0,12230.0,38.1661180,-122.4625700,35.0,114.8,0,0,0
229.40,70.2,43.6,5543,26.5,2,41.6,0,0,12230.0,38.1661330,-122.4625750,35.0,114.8,0,0,0
229.50,70.2,43.6,5498,26.5,2,41.5,0,0,12230.0,38.1661470,-122.4625800,35.0,114.8,0,0,0
229.60,70.0,43.5,5508,26.0,2,41.8,0,0,12230.0,38.1661620,-122.4625840,35.0,114.8,0,0,0
229.70,70.2,43.6,5544,26.0,2,42.4,0,0,12230.0,38.1661770,-122.4625870,35.0,114.8,0,0,0
229.80,70.5,43.8,5577,26.0,2,43.3,0,0,12230.0,38.1661920,-122.4625890,35.1,115.2,0,0,0
229.90,70.9,44.1,5650,26.0,2,44.2,0,0,12230.0,38.1662070,-122.4625900,35.1,115.2,0,0,0
230.00,72.0,44.7,5636,26.0,2,44.4,0,0,12230.0,38.1662220,-122.4625900,35.1,115.2,0,0,0
230.10,71.5,44.4,5670,26.0,2,44.5,0,0,12230.0,38.1662370,-122.4625890,35.1,115.2,0,0,0
230.20,71.8,44.6,5666,26.0,2,44.6,0,0,12230.0,38.1662520,-122.4625870,35.1,115.2,0,0,0
230.30,72.4,45.0,5700,25.5,2,45.0,0,0,12230.0,38.1662670,-122.4625840,35.1,115.2,0,0,0
230.40,72.6,45.1,5730,25.5,2,45.3,0,0,12230.0,38.1662820,-122.4625800,35.1,115.2,0,0,0
230.50,72.5,45.0,5737,25.5,2,45.0,0,0,12230.0,38.1662970,-122.4625750,35.1,115.2,0,0,0
230.60,72.8,45.2,5718,25.5,2,44.7,0,0,12230.0,38.1663120,-122.4625690,35.1,115.2,0,0,0
230.70,72.8,45.2,5743,25.5,2,44.3,0,0,12230.0,38.1663260,-122.4625620,35.1,115.2,0,0,0
230.80,72.9,45.3,5755,25.5,2,44.0,0,0,12230.0,38.1663400,-122.4625540,35.5,116.5,0,0,0
230.90,73.2,45.5,5792,25.5,2,43.7,0,0,12230.0,38.1663540,-122.4625450,35.5,116.5,0,0,0
231.00,73.5,45.7,5759,25.5,2,43.6,0,0,12230.0,38.1663670,-122.4625350,35.5,116.5,0,0,0
231.10,73.5,45.7,5806,25.5,2,43.5,0,0,12230.0,38.1663800,-122.4625250,35.5,116.5,0,0,0
231.20,74.0,46.0,5875,28.0,2,43.5,0,0,12230.0,38.1663930,-122.4625130,35.5,116.5,0,0,0
231.30,74.9,46.5,5865,28.5,2,43.1,0,0,12230.0,38.1664050,-122.4625000,35.5,116.5,0,0,0
231.40,74.9,46.6,5905,28.5,2,43.0,0,0,12230.0,38.1664170,-122.4624870,35.5,116.5,0,0,0
231.50,75.2,46.7,5886,29.5,2,42.4,0,0,12230.0,38.1664280,-122.4624730,35.5,116.5,0,0,0
231.60,75.1,46.6,5931,31.5,2,41.6,0,0,12230.0,38.1664390,-122.4624580,35.5,116.5,0,0,0
231.70,75.3,46.8,5961,32.0,2,40.9,0,0,12230.0,38.1664490,-122.4624420,35.5,116.5,0,0,0
231.80,75.8,47.1,5964,32.0,2,40.0,0,0,12230.0,38.1664590,-122.4624250,35.5,116.5,0,0,0
231.90,75.9,47.2,6010,33.5,2,38.9,0,0,12230.0,38.1664680,-122.4624080,35.5,116.5,0,0,0
232.00,76.3,47.4,6032,34.5,2,38.1,0,0,12230.0,38.1664770,-122.4623910,35.5,116.5,0,0,0
232.10,77.0,47.8,6119,37.0,2,38.0,0,0,12230.0,38.1664850,-122.4623720,35.5,116.5,0,0,0
232.20,77.9,48.4,6186,40.5,2,37.8,0,0,12230.0,38.1664920,-122.4623530,35.5,116.5,0,0,0
232.30,78.9,49.1,6266,43.0,2,37.5,0,0,12230.0,38.1664990,-122.4623340,35.5,116.5,0,0,0
232.40,79.9,49.6,6367,43.5,2,37.1,0,0,12230.0,38.1665060,-122.4623140,35.5,116.5,0,0,0
232.50,80.8,50.2,6394,43.5,2,37.2,0,0,12230.0,38.1665120,-122.4622940,35.5,116.5,0,0,0
232.60,81.3,50.5,6591,42.5,2,38.0,0,0,12230.0,38.1665170,-122.4622730,35.5,116.5,0,0,0
232.70,83.3,51.8,6603,41.5,2,38.5,0,0,12230.0,38.1665220,-122.4622510,35.5,116.5,0,0,0
232.80,84.1,52.3,6607,41.5,2,38.9,0,0,12230.0,38.1665270,-122.4622290,35.3,115.8,0,0,0
232.90,84.5,52.5,6688,42.0,2,39.0,0,0,12230.0,38.1665300,-122.4622070,35.3,115.8,0,0,0
233.00,85.4,53.1,6782,43.0,2,38.9,0,0,12230.0,38.1665330,-122.4621840,35.3,115.8,0,0,0
233.10,86.4,53.7,6817,43.0,2,39.1,0,0,12230.0,38.1665340,-122.4621610,35.3,115.8,0,0,0
233.20,87.2,54.2,6979,50.0,2,39.4,0,0,12230.0,38.1665360,-122.4621380,35.3,115.8,0,0,0
233.30,88.7,55.1,7052,51.5,2,39.1,0,0,12230.0,38.1665360,-122.4621150,35.3,115.8,0,0,0
233.40,89.4,55.6,7138,55.5,2,38.9,0,0,12230.0,38.1665360,-122.4620910,35.3,115.8,0,0,0
233.50,89.6,55.7,7234,60.5,2,38.2,0,0,12230.0,38.1665360,-122.4620670,35.3,115.8,0,0,0
233.60,92.7,57.6,7350,57.5,2,37.6,0,0,12230.0,38.1665340,-122.4620430,35.3,115.8,0,0,0
233.70,94.6,58.8,7448,56.0,2,37.4,0,0,12230.0,38.1665320,-122.4620180,35.3,115.8,0,0,0
233.80,94.8,58.9,7568,56.5,2,37.1,0,0,12230.0,38.1665280,-122.4619930,34.8,114.2,0,0,0
233.90,96.3,59.9,7655,56.5,2,37.1,0,0,12230.0,38.1665240,-122.4619680,34.8,114.2,0,0,0
234.00,97.3,60.4,7764,56.5,2,37.0,0,0,12230.0,38.1665190,-122.4619420,34.8,114.2,0,0,0
234.10,98.8,61.4,7881,56.5,2,36.6,0,0,12230.0,38.1665130,-122.4619170,34.8,114.2,0,0,0
234.20,100.1,62.2,8005,57.0,2,36.4,0,0,12230.0,38.1665070,-122.4618910,34.8,114.2,0,0,0
234.30,101.8,63.2,8091,57.0,2,36.0,0,0,12230.0,38.1665010,-122.4618650,34.8,114.2,0,0,0
234.40,103.4,64.2,8217,56.5,2,35.8,0,0,12230.0,38.1664930,-122.4618390,34.8,114.2,0,0,0
234.50,104.1,64.7,8281,56.5,2,35.3,0,0,12230.0,38.1664850,-122.4618130,34.8,114.2,0,0,0
234.60,105.3,65.4,8399,56.5,2,34.7,0,0,12230.0,38.1664760,-122.4617870,34.8,114.2,0,0,0
234.70,106.8,66.3,8475,56.5,2,34.2,0,0,12230.0,38.1664670,-122.4617610,34.8,114.2,0,0,0
234.80,107.6,66.8,8577,59.0,2,33.5,0,0,12230.0,38.1664560,-122.4617350,34.5,113.2,0,0,0
234.90,109.1,67.8,8711,61.5,2,32.6,0,0,12230.0,38.1664450,-122.4617090,34.5,113.2,0,0,0
235.00,111.0,69.0,8783,63.5,2,31.5,0,0,12230.0,38.1664340,-122.4616830,34.5,113.2,0,0,0
235.10,111.9,69.5,8980,66.5,2,30.2,0,0,12230.0,38.1664210,-122.4616560,34.5,113.2,0,0,0
235.20,113.7,70.7,8961,67.5,2,28.5,0,0,12230.0,38.1664090,-122.4616300,34.5,113.2,0,0,0
235.30,113.9,70.8,9102,71.0,2,26.5,0,0,12230.0,38.1663950,-122.4616040,34.5,113.2,0,0,0
235.40,115.8,71.9,9191,70.5,2,24.3,0,0,12230.0,38.1663800,-122.4615780,34.5,113.2,0,0,0
235.50,117.1,72.8,9231,70.5,2,21.8,0,0,12230.0,38.1663650,-122.4615510,34.5,113.2,0,0,0
235.60,117.8,73.2,8629,78.0,2,18.7,0,0,12230.0,38.1663490,-122.4615240,34.5,113.2,0,0,0
235.70,115.2,71.6,7244,96.0,3,15.3,0,0,12230.0,38.1663330,-122.4614970,34.5,113.2,0,0,0
235.80,117.9,73.3,7480,100.0,3,12.4,0,0,12230.0,38.1663170,-122.4614710,33.7,110.6,0,0,0
235.90,119.8,74.5,7596,100.0,3,9.7,0,0,12230.0,38.1662990,-122.4614440,33.7,110.6,0,0,0
236.00,120.6,74.9,7681,100.0,3,6.8,0,0,12230.0,38.1662820,-122.4614170,33.7,110.6,0,0,0
236.10,121.9,75.8,7789,100.0,3,3.6,0,0,12230.0,38.1662640,-122.4613900,33.7,110.6,0,0,0
236.20,124.0,77.0,7943,100.0,3,0.5,0,0,12230.0,38.1662460,-122.4613620,33.7,110.6,0,0,0
236.30,126.0,78.3,8026,100.0,3,-2.3,0,0,12230.0,38.1662270,-122.4613340,33.7,110.6,0,0,0
236.40,126.9,78.8,8135,100.0,3,-4.3,0,0,12230.0,38.1662080,-122.4613060,33.7,110.6,0,0,0
236.50,129.6,80.5,8279,100.0,3,-6.1,0,0,12230.0,38.1661890,-122.4612770,33.7,110.6,0,0,0
236.60,131.1,81.4,8378,100.0,3,-7.6,0,0,12230.0,38.1661690,-122.4612480,33.7,110.6,0,0,0
236.70,132.4,82.3,8542,100.0,3,-9.2,0,0,12230.0,38.1661500,-122.4612190,33.7,110.6,0,0,0
236.80,135.2,84.0,8681,100.0,3,-9.6,0,0,12230.0,38.1661290,-122.4611890,32.7,107.3,0,0,0
236.90,137.9,85.7,8826,100.0,3,-10.3,0,0,12230.0,38.1661090,-122.4611590,32.7,107.3,0,0,0
237.00,139.3,86.5,8945,100.0,3,-12.9,0,0,12230.0,38.1660890,-122.4611280,32.7,107.3,0,0,0
237.10,141.4,87.8,9083,100.0,3,-15.2,0,0,12230.0,38.1660690,-122.4610970,32.7,107.3,0,0,0
237.20,143.8,89.3,9277,93.0,3,-17.7,0,0,12230.0,38.1660480,-122.4610650,32.7,107.3,0,0,0
237.30,147.3,91.5,9479,100.0,3,-20.5,0,0,12230.0,38.1660270,-122.4610330,32.7,107.3,0,0,0
237.40,149.8,93.1,9622,100.0,3,-22.9,0,0,12230.0,38.1660060,-122.4610000,32.7,107.3,0,0,0
237.50,152.4,94.7,9656,76.5,3,-24.9,0,0,12230.0,38.1659850,-122.4609660,32.7,107.3,0,0,0
237.60,153.4,95.3,9824,73.5,3,-26.8,0,0,12230.0,38.1659640,-122.4609320,32.7,107.3,0,0,0
237.70,156.3,97.1,9967,75.5,3,-28.3,0,0,12230.0,38.1659430,-122.4608970,32.7,107.3,0,0,0
237.80,158.7,98.6,10105,75.0,3,-29.1,0,0,12230.0,38.1659230,-122.4608610,31.3,102.7,0,0,0
237.90,160.9,100.0,10044,66.5,3,-29.8,0,0,12230.0,38.1659020,-122.4608250,31.3,102.7,0,0,0
238.00,160.3,99.6,10146,64.5,3,-30.4,0,0,12230.0,38.1658820,-122.4607890,31.3,102.7,0,0,0
238.10,161.3,100.2,10050,55.0,3,-30.8,0,0,12230.0,38.1658610,-122.4607520,31.3,102.7,0,0,0
238.20,159.9,99.4,9967,45.5,3,-30.1,0,0,12230.0,38.1658410,-122.4607140,31.3,102.7,0,0,0
238.30,159.0,98.8,10037,50.5,3,-28.5,0,0,12230.0,38.1658210,-122.4606760,31.3,102.7,0,0,0
238.40,159.0,98.8,10010,50.0,3,-26.6,0,0,12230.0,38.1658010,-122.4606370,31.3,102.7,0,0,0
238.50,158.9,98.8,10098,66.5,3,-24.5,0,0,12230.0,38.1657830,-122.4605980,31.3,102.7,0,0,0
238.60,160.5,99.7,8146,24.5,3,-21.7,0,0,12230.0,38.1657640,-122.4605590,31.3,102.7,0,0,0
238.70,156.5,97.3,8080,0.0,4,-19.7,0,0,12230.0,38.1657450,-122.4605190,31.3,102.7,0,0,0
238.80,153.8,95.6,8052,0.0,4,-17.0,0,0,12230.0,38.1657270,-122.4604790,29.7,97.4,0,0,0
238.90,153.0,95.1,7970,0.0,4,-13.5,0,0,12230.0,38.1657090,-122.4604390,29.7,97.4,0,0,0
239.00,151.9,94.4,7895,0.0,4,-9.9,0,0,12230.0,38.1656910,-122.4603990,29.7,97.4,0,0,0
239.10,150.7,93.7,7845,0.0,4,-4.5,0,0,12230.0,38.1656740,-122.4603600,29.7,97.4,0,0,0
239.20,150.2,93.3,7831,0.0,4,1.5,0,0,12230.0,38.1656570,-122.4603210,29.7,97.4,0,0,0
239.30,149.7,93.0,7837,0.0,4,7.1,0,0,12230.0,38.1656390,-122.4602810,29.7,97.4,0,0,0
239.40,149.5,92.9,7876,0.0,4,13.1,0,0,12230.0,38.1656220,-122.4602420,29.7,97.4,0,0,0
239.50,149.9,93.1,7853,0.0,4,18.0,0,0,12230.0,38.1656040,-122.4602030,29.7,97.4,0,0,0
239.60,150.2,93.3,7895,0.0,4,22.6,0,0,12230.0,38.1655870,-122.4601650,29.7,97.4,0,0,0
239.70,150.9,93.8,7870,0.0,4,25.7,0,0,12230.0,38.1655690,-122.4601270,29.7,97.4,0,0,0
239.80,150.3,93.4,7870,0.0,4,26.5,0,0,12230.0,38.1655520,-122.4600900,28.0,91.9,0,0,0
239.90,148.7,92.4,7624,0.0,4,26.4,0,0,12230.0,38.1655340,-122.4600530,28.0,91.9,0,0,0
240.00,145.3,90.3,7595,0.0,4,25.8,0,0,12230.0,38.1655150,-122.4600170,28.0,91.9,0,0,0
240.10,145.1,90.2,7557,0.0,4,25.1,0,0,12230.0,38.1654970,-122.4599810,28.0,91.9,0,0,0
240.20,144.4,89.7,7452,0.0,4,22.9,0,0,12230.0,38.1654780,-122.4599470,28.0,91.9,0,0,0
240.30,142.4,88.5,7397,0.0,4,21.2,0,0,12230.0,38.1654580,-122.4599130,28.0,91.9,0,0,0
240.40,141.0,87.6,7333,0.0,4,20.4,0,0,12230.0,38.1654390,-122.4598790,28.0,91.9,0,0,0
240.50,139.3,86.6,7224,0.0,4,18.8,0,0,12230.0,38.1654200,-122.4598460,28.0,91.9,0,0,0
240.60,137.9,85.7,7165,0.0,4,16.7,0,0,12230.0,38.1654000,-122.4598130,28.0,91.9,0,0,0
240.70,136.7,84.9,7120,0.0,4,14.7,0,0,12230.0,38.1653800,-122.4597820,28.0,91.9,0,0,0
240.80,135.5,84.2,7008,0.0,4,12.2,0,0,12230.0,38.1653610,-122.4597500,26.5,86.9,0,0,0
240.90,134.1,83.3,6959,0.0,4,9.0,0,0,12230.0,38.1653410,-122.4597190,26.5,86.9,0,0,0
241.00,133.1,82.7,6912,0.0,4,5.2,0,0,12230.0,38.1653200,-122.4596880,26.5,86.9,0,0,0
241.10,131.7,81.8,6834,0.0,4,0.4,0,0,12230.0,38.1653000,-122.4596580,26.5,86.9,0,0,0
241.20,130.3,81.0,6777,0.0,4,-5.6,0,0,12230.0,38.1652800,-122.4596280,26.5,86.9,0,0,0
241.30,129.7,80.6,6818,0.0,4,-11.9,0,0,12230.0,38.1652600,-122.4595980,26.5,86.9,0,0,0
241.40,129.9,80.7,6820,0.0,4,-17.3,0,0,12230.0,38.1652410,-122.4595670,26.5,86.9,0,0,0
241.50,129.9,80.7,6802,0.0,4,-21.6,0,0,12230.0,38.1652220,-122.4595380,26.5,86.9,0,0,0
241.60,130.3,81.0,6817,0.0,4,-24.2,0,0,12230.0,38.1652030,-122.4595070,26.5,86.9,0,0,0
241.70,129.7,80.6,6809,0.0,4,-26.6,0,0,12230.0,38.1651840,-122.4594770,26.5,86.9,0,0,0
241.80,129.7,80.6,6802,0.0,4,-29.4,0,0,12230.0,38.1651670,-122.4594470,25.4,83.3,0,0,0
241.90,129.9,80.7,6789,0.0,4,-31.5,0,0,12230.0,38.1651490,-122.4594160,25.4,83.3,0,0,0
242.00,129.9,80.7,6812,7.0,4,-33.1,0,0,12230.0,38.1651320,-122.4593850,25.4,83.3,0,0,0
242.10,130.0,80.8,6820,8.0,4,-34.8,0,0,12230.0,38.1651160,-122.4593550,25.4,83.3,0,0,0
242.20,130.2,80.9,6863,10.5,4,-36.4,0,0,12230.0,38.1651000,-122.4593230,25.4,83.3,0,0,0
242.30,131.1,81.4,6887,14.5,4,-37.6,0,0,12230.0,38.1650850,-122.4592920,25.4,83.3,0,0,0
242.40,130.7,81.2,7013,16.0,4,-38.5,0,0,12230.0,38.1650700,-122.4592600,25.4,83.3,0,0,0
242.50,130.4,81.0,6794,25.0,4,-38.6,0,0,12230.0,38.1650560,-122.4592280,25.4,83.3,0,0,0
242.60,130.2,80.9,6834,31.0,4,-38.6,0,0,12230.0,38.1650420,-122.4591960,25.4,83.3,0,0,0
242.70,131.1,81.5,6898,35.5,4,-38.6,0,0,12230.0,38.1650300,-122.4591630,25.4,83.3,0,0,0
242.80,131.6,81.8,6925,39.5,4,-38.5,0,0,12230.0,38.1650180,-122.4591300,24.2,79.4,0,0,0
242.90,131.8,81.9,6907,40.5,4,-38.4,0,0,12230.0,38.1650060,-122.4590970,24.2,79.4,0,0,0
243.00,132.3,82.2,6930,45.0,4,-38.0,0,0,12230.0,38.1649950,-122.4590630,24.2,79.4,0,0,0
243.10,132.6,82.4,7018,59.0,4,-37.5,0,0,12230.0,38.1649850,-122.4590280,24.2,79.4,0,0,0
243.20,134.1,83.3,7123,67.0,4,-37.1,0,0,12230.0,38.1649750,-122.4589940,24.2,79.4,0,0,0
243.30,135.3,84.1,7094,70.5,4,-36.5,0,0,12230.0,38.1649660,-122.4589590,24.2,79.4,0,0,0
243.40,135.9,84.5,7111,71.5,4,-35.4,0,0,12230.0,38.1649570,-122.4589230,24.2,79.4,0,0,0
243.50,136.3,84.7,7176,77.0,4,-34.3,0,0,12230.0,38.1649490,-122.4588870,24.2,79.4,0,0,0
243.60,136.8,85.0,7177,80.0,4,-33.2,0,0,12230.0,38.1649420,-122.4588500,24.2,79.4,0,0,0
243.70,137.6,85.5,7217,77.5,4,-31.4,0,0,12230.0,38.1649350,-122.4588130,24.2,79.4,0,0,0
243.80,137.3,85.3,7224,80.5,4,-28.7,0,0,12230.0,38.1649290,-122.4587760,22.8,74.8,0,0,0
243.90,137.6,85.5,7177,76.5,4,-24.7,0,0,12230.0,38.1649230,-122.4587380,22.8,74.8,0,0,0
244.00,137.3,85.3,7166,71.5,4,-20.9,0,0,12230.0,38.1649170,-122.4586990,22.8,74.8,0,0,0
244.10,137.0,85.1,7205,70.5,4,-17.7,0,0,12230.0,38.1649130,-122.4586600,22.8,74.8,0,0,0
244.20,137.7,85.6,7236,66.0,4,-13.9,0,0,12230.0,38.1649090,-122.4586200,22.8,74.8,0,0,0
244.30,137.6,85.5,7207,60.5,4,-8.3,0,0,12230.0,38.1649050,-122.4585810,22.8,74.8,0,0,0
244.40,137.9,85.7,7261,60.0,4,-1.4,0,0,12230.0,38.1649010,-122.4585400,22.8,74.8,0,0,0
244.50,138.9,86.3,7390,59.0,4,7.4,0,0,12230.0,38.1648970,-122.4585000,22.8,74.8,0,0,0
244.60,141.4,87.8,7506,59.0,4,15.8,0,0,12230.0,38.1648920,-122.4584590,22.8,74.8,0,0,0
244.70,143.5,89.1,7646,58.5,4,22.5,0,0,12230.0,38.1648880,-122.4584180,22.8,74.8,0,0,0
244.80,146.2,90.9,7776,55.5,4,28.0,0,0,12230.0,38.1648830,-122.4583770,21.3,69.9,0,0,0
244.90,148.5,92.3,7903,60.5,4,31.9,0,0,12230.0,38.1648780,-122.4583350,21.3,69.9,0,0,0
245.00,151.5,94.1,8033,64.5,4,34.3,0,0,12230.0,38.1648720,-122.4582940,21.3,69.9,0,0,0
245.10,153.7,95.5,8098,65.0,4,35.7,0,0,12230.0,38.1648660,-122.4582540,21.3,69.9,0,0,0
245.20,154.3,95.9,8161,66.5,4,36.5,0,0,12230.0,38.1648590,-122.4582130,21.3,69.9,0,0,0
245.30,155.9,96.8,8199,67.5,4,37.1,0,0,12230.0,38.1648510,-122.4581720,21.3,69.9,0,0,0
245.40,156.5,97.3,8217,68.5,4,37.8,0,0,12230.0,38.1648410,-122.4581310,21.3,69.9,0,0,0
245.50,157.2,97.7,8274,75.5,4,37.7,0,0,12230.0,38.1648310,-122.4580900,21.3,69.9,0,0,0
245.60,158.8,98.7,8369,79.5,4,37.4,0,0,12230.0,38.1648210,-122.4580490,21.3,69.9,0,0,0
245.70,160.7,99.8,8449,81.5,4,37.0,0,0,12230.0,38.1648100,-122.4580080,21.3,69.9,0,0,0
245.80,161.6,100.4,8497,82.0,4,36.6,0,0,12230.0,38.1647970,-122.4579670,20.0,65.6,0,0,0
245.90,161.8,100.5,8552,83.5,4,36.6,0,0,12230.0,38.1647850,-122.4579260,20.0,65.6,0,0,0
246.00,162.5,101.0,8646,85.0,4,36.3,0,0,12230.0,38.1647710,-122.4578860,20.0,65.6,0,0,0
246.10,164.8,102.4,8722,86.0,4,35.9,0,0,12230.0,38.1647560,-122.4578460,20.0,65.6,0,0,0
246.20,165.4,102.8,8727,87.0,4,35.3,0,0,12230.0,38.1647410,-122.4578050,20.0,65.6,0,0,0
246.30,166.7,103.6,8831,87.5,4,34.7,0,0,12230.0,38.1647250,-122.4577650,20.0,65.6,0,0,0
246.40,168.5,104.7,8908,87.5,4,34.4,0,0,12230.0,38.1647090,-122.4577250,20.0,65.6,0,0,0
246.50,169.0,105.0,8916,89.0,4,34.1,0,0,12230.0,38.1646910,-122.4576850,20.0,65.6,0,0,0
246.60,170.1,105.7,8980,92.0,4,33.5,0,0,12230.0,38.1646730,-122.4576440,20.0,65.6,0,0,0
246.70,170.6,106.0,9012,93.5,4,32.4,0,0,12230.0,38.1646550,-122.4576040,20.0,65.6,0,0,0
246.80,171.5,106.6,9083,94.0,4,31.3,0,0,12230.0,38.1646360,-122.4575640,20.0,65.6,0,0,0
246.90,172.8,107.4,9152,94.0,4,30.2,0,0,12230.0,38.1646160,-122.4575230,20.0,65.6,0,0,0
247.00,173.4,107.7,9149,94.0,4,29.2,0,0,12230.0,38.1645950,-122.4574830,20.0,65.6,0,0,0
247.10,174.4,108.3,9205,94.0,4,27.8,0,0,12230.0,38.1645740,-122.4574430,20.0,65.6,0,0,0
247.20,175.0,108.7,9206,94.0,4,25.9,0,0,12230.0,38.1645530,-122.4574030,20.0,65.6,0,0,0
247.30,174.8,108.6,9231,94.0,4,23.7,0,0,12230.0,38.1645320,-122.4573630,20.0,65.6,0,0,0
247.40,175.9,109.3,9274,94.0,4,21.6,0,0,12230.0,38.1645090,-122.4573230,20.0,65.6,0,0,0
247.50,177.0,110.0,9211,93.5,4,19.2,0,0,12230.0,38.1644870,-122.4572820,20.0,65.6,0,0,0
247.60,175.3,108.9,9226,93.0,4,16.9,0,0,12230.0,38.1644630,-122.4572420,20.0,65.6,0,0,0
247.70,175.2,108.8,9245,91.0,4,14.6,0,0,12231.0,38.1644400,-122.4572020,20.0,65.6,0,0,0
247.80,176.2,109.5,9274,91.0,4,13.2,0,0,12231.0,38.1644160,-122.4571610,19.5,64.0,0,0,0
247.90,176.1,109.4,9323,96.0,4,12.1,0,0,12231.0,38.1643920,-122.4571200,19.5,64.0,0,0,0
248.00,177.8,110.5,9393,96.5,4,10.4,0,0,12231.0,38.1643670,-122.4570790,19.5,64.0,0,0,0
248.10,178.7,111.0,9470,97.0,4,8.6,0,0,12231.0,38.1643420,-122.4570380,19.5,64.0,0,0,0
248.20,180.0,111.9,9527,97.5,4,7.3,0,0,12231.0,38.1643170,-122.4569970,19.5,64.0,0,0,0
248.30,181.3,112.7,9549,98.0,4,5.9,0,0,12231.0,38.1642910,-122.4569550,19.5,64.0,0,0,0
248.40,182.4,113.3,9628,96.0,4,4.9,0,0,12231.0,38.1642660,-122.4569130,19.5,64.0,0,0,0
248.50,183.6,114.1,9254,18.5,4,3.8,0,0,12231.0,38.1642400,-122.4568710,19.5,64.0,0,0,0
248.60,180.1,111.9,9340,0.0,4,3.5,0,0,12231.0,38.1642140,-122.4568290,19.5,64.0,0,0,0
248.70,178.4,110.8,9320,0.0,4,3.6,0,0,12231.0,38.1641880,-122.4567860,19.5,64.0,0,0,0
248.80,177.8,110.5,9271,0.0,4,2.1,0,0,12231.0,38.1641610,-122.4567450,16.9,55.4,0,0,0
248.90,177.3,110.2,9285,0.0,4,1.1,0,0,12231.0,38.1641360,-122.4567030,16.9,55.4,0,0,0
249.00,176.7,109.8,9228,0.0,4,0.3,0,0,12231.0,38.1641090,-122.4566610,16.9,55.4,0,0,0
249.10,175.9,109.3,9194,0.0,4,-0.2,0,0,12231.0,38.1640840,-122.4566200,16.9,55.4,0,0,0
249.20,175.3,108.9,9094,0.0,4,-0.4,0,0,12231.0,38.1640580,-122.4565790,16.9,55.4,0,0,0
249.30,173.2,107.7,8972,0.0,4,0.2,0,0,12231.0,38.1640320,-122.4565380,16.9,55.4,0,0,0
249.40,171.0,106.2,8884,0.0,4,0.4,0,0,12231.0,38.1640070,-122.4564980,16.9,55.4,0,0,0
249.50,169.4,105.2,8806,0.0,4,0.6,0,0,12231.0,38.1639810,-122.4564580,16.9,55.4,0,0,0
249.60,168.3,104.6,8676,0.0,4,1.2,0,0,12231.0,38.1639560,-122.4564180,16.9,55.4,0,0,0
249.70,165.7,103.0,8555,0.0,4,1.2,0,0,12231.0,38.1639310,-122.4563790,16.9,55.4,0,0,0
249.80,163.1,101.4,8397,0.0,4,1.2,0,0,12231.0,38.1639070,-122.4563400,14.4,47.2,0,0,0
249.90,160.4,99.7,8283,0.0,4,1.2,0,0,12231.0,38.1638820,-122.4563020,14.4,47.2,0,0,0
250.00,158.0,98.2,8148,0.0,4,1.4,0,0,12231.0,38.1638580,-122.4562640,14.4,47.2,0,0,0
250.10,155.5,96.6,8056,0.0,4,1.4,0,0,12231.0,38.1638350,-122.4562270,14.4,47.2,0,0,0
250.20,153.5,95.4,7935,0.0,4,1.0,0,0,12231.0,38.1638110,-122.4561910,14.4,47.2,0,0,0
250.30,151.5,94.1,7790,0.0,4,0.9,0,0,12231.0,38.1637880,-122.4561550,14.4,47.2,0,0,0
250.40,148.8,92.5,7924,0.0,4,0.7,0,0,12231.0,38.1637650,-122.4561200,14.4,47.2,0,0,0
250.50,148.1,92.0,9047,0.0,3,0.4,0,0,12231.0,38.1637430,-122.4560850,14.4,47.2,0,0,0
250.60,144.3,89.7,9020,0.0,3,0.6,0,0,12231.0,38.1637210,-122.4560510,14.4,47.2,0,0,0
250.70,143.7,89.3,8777,0.0,3,0.7,0,0,12231.0,38.1636990,-122.4560170,14.4,47.2,0,0,0
250.80,139.7,86.8,8669,0.0,3,0.6,0,0,12231.0,38.1636770,-122.4559840,13.1,43.0,0,0,0
250.90,138.1,85.8,8569,0.0,3,0.7,0,0,12231.0,38.1636560,-122.4559510,13.1,43.0,0,0,0
251.00,136.4,84.7,8409,0.0,3,0.7,0,0,12231.0,38.1636350,-122.4559190,13.1,43.0,0,0,0
251.10,133.6,83.0,8276,0.0,3,0.5,0,0,12231.0,38.1636140,-122.4558870,13.1,43.0,0,0,0
251.20,131.4,81.6,8161,0.0,3,-0.0,0,0,12231.0,38.1635940,-122.4558560,13.1,43.0,0,0,0
251.30,129.8,80.7,7952,0.0,3,-0.2,0,0,12231.0,38.1635740,-122.4558260,13.1,43.0,0,0,0
251.40,126.0,78.3,7634,0.0,3,-0.2,0,0,12231.0,38.1635540,-122.4557960,13.1,43.0,0,0,0
251.50,121.1,75.3,7437,0.0,3,-0.4,0,0,12231.0,38.1635340,-122.4557660,13.1,43.0,0,0,0
251.60,118.0,73.3,7341,0.0,3,-0.4,0,0,12231.0,38.1635150,-122.4557380,13.1,43.0,0,0,0
251.70,116.5,72.4,7321,0.0,3,-0.4,0,0,12231.0,38.1634970,-122.4557090,13.1,43.0,0,0,0
251.80,116.8,72.6,7188,0.0,3,-0.1,0,0,12231.0,38.1634780,-122.4556820,12.1,39.7,0,0,0
251.90,114.5,71.1,7033,0.0,3,0.3,0,0,12231.0,38.1634600,-122.4556550,12.1,39.7,0,0,0
252.00,112.0,69.6,6873,0.0,3,0.9,0,0,12231.0,38.1634430,-122.4556290,12.1,39.7,0,0,0
252.10,109.2,67.9,7764,0.0,3,1.6,0,0,12231.0,38.1634250,-122.4556030,12.1,39.7,0,0,0
252.20,98.1,61.0,8269,0.0,2,2.4,0,0,12231.0,38.1634090,-122.4555780,12.1,39.7,0,0,0
252.30,106.1,65.9,8087,0.0,2,3.1,0,0,12231.0,38.1633920,-122.4555530,12.1,39.7,0,0,0
252.40,103.3,64.2,7851,0.0,2,3.8,0,0,12231.0,38.1633750,-122.4555290,12.1,39.7,0,0,0
252.50,100.1,62.2,7710,0.0,2,4.6,0,0,12231.0,38.1633590,-122.4555050,12.1,39.7,0,0,0
252.60,98.3,61.1,7508,0.0,2,5.3,0,0,12231.0,38.1633440,-122.4554830,12.1,39.7,0,0,0
252.70,95.4,59.2,7373,0.0,2,5.9,0,0,12231.0,38.1633290,-122.4554600,12.1,39.7,0,0,0
252.80,93.6,58.2,7184,0.0,2,6.5,0,0,12231.0,38.1633130,-122.4554390,11.5,37.7,0,0,0
252.90,91.5,56.8,7049,0.0,2,7.2,0,0,12231.0,38.1632990,-122.4554180,11.5,37.7,0,0,0
253.00,89.6,55.7,6893,0.0,2,8.0,0,0,12231.0,38.1632840,-122.4553970,11.5,37.7,0,0,0
253.10,87.7,54.5,6738,0.0,2,9.0,0,0,12231.0,38.1632700,-122.4553770,11.5,37.7,0,0,0
253.20,85.6,53.2,6568,0.0,2,10.2,0,0,12231.0,38.1632550,-122.4553580,11.5,37.7,0,0,0
253.30,83.8,52.1,6435,0.0,2,11.6,0,0,12231.0,38.1632420,-122.4553390,11.5,37.7,0,0,0
253.40,81.7,50.8,6276,0.0,2,13.5,0,0,12231.0,38.1632280,-122.4553210,11.5,37.7,0,0,0
253.50,80.0,49.7,6168,0.0,2,15.0,0,0,12231.0,38.1632150,-122.4553040,11.5,37.7,0,0,0
253.60,78.2,48.6,6041,0.0,2,16.3,0,0,12231.0,38.1632020,-122.4552860,11.5,37.7,0,0,0
253.70,76.7,47.6,5907,0.0,2,17.7,0,0,12231.0,38.1631890,-122.4552700,11.5,37.7,0,0,0
253.80,74.9,46.6,5784,0.0,2,19.1,0,0,12231.0,38.1631760,-122.4552550,11.0,36.1,0,0,0
253.90,73.5,45.7,5615,0.0,2,20.2,0,0,12231.0,38.1631630,-122.4552400,11.0,36.1,0,0,0
254.00,71.5,44.4,5482,0.0,2,21.5,0,0,12231.0,38.1631510,-122.4552250,11.0,36.1,0,0,0
254.10,69.6,43.3,5398,0.0,2,23.0,0,0,12231.0,38.1631380,-122.4552120,11.0,36.1,0,0,0
254.20,68.5,42.6,5291,0.0,2,24.4,0,0,12231.0,38.1631260,-122.4551990,11.0,36.1,0,0,0
254.30,67.3,41.8,5240,0.0,2,26.3,0,0,12231.0,38.1631140,-122.4551860,11.0,36.1,0,0,0
254.40,66.2,41.1,5129,0.0,2,28.5,0,0,12231.0,38.1631010,-122.4551750,11.0,36.1,0,0,0
254.50,65.2,40.5,5038,0.0,2,30.3,0,0,12231.0,38.1630890,-122.4551640,11.0,36.1,0,0,0
254.60,64.0,39.8,4972,0.0,2,31.8,0,0,12231.0,38.1630770,-122.4551530,11.0,36.1,0,0,0
254.70,63.1,39.2,4918,0.0,2,32.7,0,0,12231.0,38.1630640,-122.4551440,11.0,36.1,0,0,0
254.80,62.7,38.9,4885,0.0,2,33.7,0,0,12231.0,38.1630520,-122.4551350,10.5,34.4,0,0,0
254.90,61.8,38.4,4823,0.0,2,34.3,0,0,12231.0,38.1630400,-122.4551270,10.5,34.4,0,0,0
255.00,61.2,38.0,4780,0.0,2,34.4,0,0,12231.0,38.1630270,-122.4551200,10.5,34.4,0,0,0
255.10,60.3,37.5,4750,0.0,2,34.3,0,0,12231.0,38.1630150,-122.4551130,10.5,34.4,0,0,0
255.20,60.2,37.4,4749,9.5,2,34.2,0,0,12231.0,38.1630020,-122.4551070,10.5,34.4,0,0,0
255.30,60.1,37.4,4796,10.0,2,34.4,0,0,12231.0,38.1629900,-122.4551020,10.5,34.4,0,0,0
255.40,60.2,37.4,4551,6.5,2,34.6,0,0,12231.0,38.1629770,-122.4550980,10.5,34.4,0,0,0
255.50,59.0,36.7,4695,8.0,2,34.2,0,0,12231.0,38.1629640,-122.4550930,10.5,34.4,0,0,0
255.60,59.5,36.9,4604,8.5,2,33.8,0,0,12231.0,38.1629510,-122.4550900,10.5,34.4,0,0,0
255.70,58.7,36.5,4655,10.0,2,32.8,0,0,12231.0,38.1629370,-122.4550880,10.5,34.4,0,0,0
255.80,58.5,36.3,4550,10.0,2,31.6,0,0,12231.0,38.1629240,-122.4550870,10.1,33.1,0,0,0
255.90,57.6,35.8,4505,8.5,2,29.1,0,0,12231.0,38.1629120,-122.4550860,10.1,33.1,0,0,0
256.00,57.0,35.4,4327,7.0,2,24.8,0,0,12231.0,38.1628980,-122.4550860,10.1,33.1,0,0,0
256.10,55.7,34.6,4269,7.0,2,19.0,0,0,12231.0,38.1628840,-122.4550860,10.1,33.1,0,0,0
256.20,54.3,33.7,4187,8.5,2,13.1,0,0,12231.0,38.1628710,-122.4550880,10.1,33.1,0,0,0
256.30,53.2,33.1,4341,16.0,2,7.3,0,0,12231.0,38.1628590,-122.4550900,10.1,33.1,0,0,0
256.40,53.4,33.2,4387,15.0,2,2.6,0,0,12231.0,38.1628460,-122.4550920,10.1,33.1,0,0,0
256.50,54.5,33.8,4275,21.0,2,-2.3,0,0,12231.0,38.1628340,-122.4550940,10.1,33.1,0,0,0
256.60,54.0,33.6,4211,21.5,2,-7.4,0,0,12231.0,38.1628210,-122.4550960,10.1,33.1,0,0,0
256.70,54.2,33.7,4359,18.0,2,-14.3,0,0,12231.0,38.1628090,-122.4550980,10.1,33.1,0,0,0
256.80,55.4,34.4,4508,24.5,2,-20.7,0,0,12231.0,38.1627960,-122.4550990,10.8,35.4,0,0,0
256.90,57.7,35.8,4622,27.5,2,-25.8,0,0,12231.0,38.1627830,-122.4551010,10.8,35.4,0,0,0
257.00,58.9,36.6,4687,23.5,2,-29.6,0,0,12231.0,38.1627700,-122.4551020,10.8,35.4,0,0,0
257.10,59.4,36.9,4766,25.5,2,-32.0,0,0,12231.0,38.1627570,-122.4551020,10.8,35.4,0,0,0
257.20,60.4,37.6,4810,24.0,2,-33.5,0,0,12231.0,38.1627440,-122.4551010,10.8,35.4,0,0,0
257.30,60.8,37.8,4816,22.5,2,-34.7,0,0,12231.0,38.1627310,-122.4551000,10.8,35.4,0,0,0
257.40,61.2,38.0,4906,22.5,2,-36.1,0,0,12231.0,38.1627180,-122.4550980,10.8,35.4,0,0,0
257.50,62.0,38.5,4955,23.0,2,-37.4,0,0,12231.0,38.1627050,-122.4550950,10.8,35.4,0,0,0
257.60,62.4,38.8,4981,26.0,2,-38.2,0,0,12231.0,38.1626920,-122.4550910,10.8,35.4,0,0,0
257.70,63.7,39.6,5052,26.0,2,-38.9,0,0,12231.0,38.1626780,-122.4550870,10.8,35.4,0,0,0
257.80,64.7,40.2,5086,30.5,2,-39.3,0,0,12231.0,38.1626660,-122.4550820,10.5,34.4,0,0,0
257.90,64.7,40.2,5124,29.5,2,-39.6,0,0,12231.0,38.1626530,-122.4550750,10.5,34.4,0,0,0
258.00,65.2,40.5,5191,29.5,2,-39.7,0,0,12231.0,38.1626410,-122.4550680,10.5,34.4,0,0,0
258.10,66.4,41.3,5245,35.5,2,-39.4,0,0,12231.0,38.1626290,-122.4550600,10.5,34.4,0,0,0
258.20,66.6,41.4,5305,36.0,2,-39.5,0,0,12231.0,38.1626170,-122.4550520,10.5,34.4,0,0,0
258.30,67.1,41.7,5409,40.5,2,-39.1,0,0,12231.0,38.1626050,-122.4550410,10.5,34.4,0,0,0
258.40,69.2,43.0,5489,41.0,2,-38.8,0,0,12231.0,38.1625930,-122.4550310,10.5,34.4,0,0,0
258.50,69.4,43.1,5561,41.0,2,-38.7,0,0,12231.0,38.1625820,-122.4550190,10.5,34.4,0,0,0
258.60,70.9,44.0,5634,42.5,2,-38.5,0,0,12231.0,38.1625710,-122.4550060,10.5,34.4,0,0,0
258.70,71.9,44.7,5752,47.5,2,-38.3,0,0,12231.0,38.1625600,-122.4549930,10.5,34.4,0,0,0
258.80,72.9,45.3,5928,56.0,2,-38.3,0,0,12231.0,38.1625490,-122.4549790,10.2,33.5,0,0,0
258.90,75.4,46.9,6009,56.5,2,-38.3,0,0,12231.0,38.1625390,-122.4549630,10.2,33.5,0,0,0
259.00,76.7,47.6,6125,56.5,2,-38.0,0,0,12231.0,38.1625280,-122.4549470,10.2,33.5,0,0,0
259.10,77.9,48.4,6289,62.0,2,-37.1,0,0,12231.0,38.1625190,-122.4549300,10.2,33.5,0,0,0
259.20,79.6,49.5,6469,65.5,2,-36.0,0,0,12231.0,38.1625090,-122.4549120,10.2,33.5,0,0,0
259.30,82.4,51.2,6626,68.0,2,-35.4,0,0,12231.0,38.1625000,-122.4548930,10.2,33.5,0,0,0
259.40,83.9,52.1,6734,69.5,2,-34.8,0,0,12231.0,38.1624920,-122.4548730,10.2,33.5,0,0,0
259.50,85.6,53.2,6890,69.5,2,-34.2,0,0,12231.0,38.1624830,-122.4548530,10.2,33.5,0,0,0
259.60,87.2,54.2,7010,69.5,2,-33.5,0,0,12231.0,38.1624750,-122.4548310,10.2,33.5,0,0,0
259.70,89.0,55.3,7170,69.5,2,-32.6,0,0,12231.0,38.1624680,-122.4548090,10.2,33.5,0,0,0
259.80,91.1,56.6,7292,68.5,2,-31.8,0,0,12231.0,38.1624610,-122.4547860,10.0,32.8,0,0,0
259.90,92.8,57.7,7377,65.0,2,-30.8,0,0,12231.0,38.1624540,-122.4547630,10.0,32.8,0,0,0
260.00,93.7,58.2,7443,60.5,2,-29.7,0,0,12231.0,38.1624470,-122.4547380,10.0,32.8,0,0,0
260.10,94.6,58.8,7536,59.0,2,-28.4,0,0,12231.0,38.1624410,-122.4547130,10.0,32.8,0,0,0
260.20,96.1,59.7,7595,57.5,2,-27.4,0,0,12231.0,38.1624350,-122.4546870,10.0,32.8,0,0,0
260.30,97.1,60.4,7687,57.5,2,-25.8,0,0,12231.0,38.1624300,-122.4546610,10.0,32.8,0,0,0
260.40,97.4,60.5,7677,56.0,2,-23.0,0,0,12231.0,38.1624250,-122.4546340,10.0,32.8,0,0,0
260.50,97.8,60.8,7746,56.0,2,-20.8,0,0,12231.0,38.1624200,-122.4546070,10.0,32.8,0,0,0
260.60,98.6,61.3,7829,56.0,2,-18.2,0,0,12231.0,38.1624160,-122.4545790,10.0,32.8,0,0,0
260.70,100.4,62.4,8011,56.0,2,-16.3,0,0,12231.0,38.1624120,-122.4545500,10.0,32.8,0,0,0
260.80,101.7,63.2,8056,56.0,2,-14.3,0,0,12231.0,38.1624080,-122.4545220,9.8,32.2,0,0,0
260.90,102.3,63.6,8067,56.0,2,-9.8,0,0,12231.0,38.1624050,-122.4544920,9.8,32.2,0,0,0
261.00,103.0,64.0,8168,56.0,2,-4.1,0,0,12231.0,38.1624010,-122.4544630,9.8,32.2,0,0,0
261.10,103.5,64.3,8256,57.5,2,1.0,0,0,12231.0,38.1623970,-122.4544330,9.8,32.2,0,0,0
261.20,105.3,65.4,8444,61.5,2,3.9,0,0,12231.0,38.1623940,-122.4544020,9.8,32.2,0,0,0
261.30,107.3,66.7,8567,64.5,2,6.0,0,0,12231.0,38.1623900,-122.4543710,9.8,32.2,0,0,0
261.40,109.0,67.7,8729,64.5,2,7.6,0,0,12231.0,38.1623850,-122.4543400,9.8,32.2,0,0,0
261.50,110.8,68.8,8855,64.5,2,9.8,0,0,12231.0,38.1623810,-122.4543080,9.8,32.2,0,0,0
261.60,112.5,69.9,9020,64.5,2,11.6,0,0,12231.0,38.1623770,-122.4542760,9.8,32.2,0,0,0
261.70,114.9,71.4,9161,61.5,2,13.7,0,0,12231.0,38.1623720,-122.4542440,9.8,32.2,0,0,0
261.80,116.3,72.3,9280,60.5,2,16.2,0,0,12231.0,38.1623670,-122.4542110,9.3,30.5,0,0,0
261.90,118.5,73.6,8056,60.5,2,18.7,0,0,12231.0,38.1623610,-122.4541780,9.3,30.5,0,0,0
262.00,124.0,77.1,7630,59.0,3,21.2,0,0,12231.0,38.1623550,-122.4541450,9.3,30.5,0,0,0
262.10,121.1,75.2,7699,59.0,3,23.5,0,0,12231.0,38.1623500,-122.4541110,9.3,30.5,0,0,0
262.20,123.3,76.6,7829,56.0,3,25.7,0,0,12231.0,38.1623430,-122.4540780,9.3,30.5,0,0,0
262.30,124.2,77.2,7846,48.5,3,27.2,0,0,12231.0,38.1623360,-122.4540440,9.3,30.5,0,0,0
262.40,124.8,77.5,7912,46.5,3,28.5,0,0,12231.0,38.1623290,-122.4540100,9.3,30.5,0,0,0
262.50,126.2,78.4,8035,47.0,3,29.8,0,0,12231.0,38.1623210,-122.4539760,9.3,30.5,0,0,0
262.60,127.4,79.1,8124,54.5,3,31.5,0,0,12231.0,38.1623130,-122.4539430,9.3,30.5,0,0,0
262.70,129.0,80.1,8177,56.0,3,32.4,0,0,12231.0,38.1623040,-122.4539090,9.3,30.5,0,0,0
262.80,130.4,81.0,8265,58.5,3,32.6,0,0,12231.0,38.1622950,-122.4538760,8.7,28.5,0,0,0
262.90,132.0,82.0,8355,59.0,3,32.6,0,0,12231.0,38.1622850,-122.4538420,8.7,28.5,0,0,0
263.00,132.6,82.4,8401,59.0,3,32.7,0,0,12231.0,38.1622740,-122.4538090,8.7,28.5,0,0,0
263.10,133.7,83.1,8473,58.5,3,33.5,0,0,12231.0,38.1622630,-122.4537750,8.7,28.5,0,0,0
263.20,135.5,84.2,8559,58.5,3,34.1,0,0,12231.0,38.1622510,-122.4537420,8.7,28.5,0,0,0
263.30,136.2,84.7,8666,58.5,3,34.9,0,0,12231.0,38.1622380,-122.4537080,8.7,28.5,0,0,0
263.40,137.3,85.3,8744,58.5,3,35.8,0,0,12231.0,38.1622250,-122.4536750,8.7,28.5,0,0,0
263.50,138.8,86.2,8734,59.0,3,36.4,0,0,12231.0,38.1622110,-122.4536420,8.7,28.5,0,0,0
263.60,139.3,86.6,8866,60.0,3,36.5,0,0,12231.0,38.1621960,-122.4536090,8.7,28.5,0,0,0
263.70,141.4,87.9,8937,59.0,3,36.6,0,0,12231.0,38.1621810,-122.4535760,8.7,28.5,0,0,0
263.80,142.8,88.7,8929,51.0,3,37.2,0,0,12231.0,38.1621650,-122.4535440,8.1,26.6,0,0,0
263.90,141.9,88.2,8908,51.5,3,37.8,0,0,12231.0,38.1621480,-122.4535120,8.1,26.6,0,0,0
264.00,141.8,88.1,9012,55.0,3,38.2,0,0,12231.0,38.1621310,-122.4534800,8.1,26.6,0,0,0
264.10,142.9,88.8,9147,57.0,3,38.8,0,0,12231.0,38.1621130,-122.4534490,8.1,26.6,0,0,0
264.20,144.8,90.0,9108,56.5,3,39.5,0,0,12231.0,38.1620940,-122.4534180,8.1,26.6,0,0,0
264.30,145.3,90.3,9108,56.5,3,39.6,0,0,12231.0,38.1620740,-122.4533870,8.1,26.6,0,0,0
264.40,145.5,90.4,9149,57.0,3,39.3,0,0,12231.0,38.1620550,-122.4533570,8.1,26.6,0,0,0
264.50,145.8,90.6,9260,57.0,3,39.3,0,0,12231.0,38.1620340,-122.4533280,8.1,26.6,0,0,0
264.60,147.6,91.7,9297,56.0,3,39.3,0,0,12231.0,38.1620120,-122.4532990,8.1,26.6,0,0,0
264.70,148.4,92.2,9311,56.0,3,39.4,0,0,12231.0,38.1619900,-122.4532710,8.1,26.6,0,0,0
264.80,148.6,92.4,9355,55.5,3,39.3,0,0,12231.0,38.1619670,-122.4532430,7.9,25.9,0,0,0
264.90,149.2,92.7,9358,52.5,3,39.2,0,0,12231.0,38.1619440,-122.4532160,7.9,25.9,0,0,0
265.00,149.1,92.6,9358,52.0,3,39.2,0,0,12231.0,38.1619200,-122.4531890,7.9,25.9,0,0,0
265.10,148.6,92.3,9402,56.0,3,39.1,0,0,12231.0,38.1618960,-122.4531630,7.9,25.9,0,0,0
265.20,150.0,93.2,9500,61.5,3,38.6,0,0,12231.0,38.1618710,-122.4531380,7.9,25.9,0,0,0
265.30,151.3,94.0,9515,63.0,3,37.6,0,0,12231.0,38.1618460,-122.4531130,7.9,25.9,0,0,0
265.40,151.8,94.3,9588,63.0,3,37.0,0,0,12231.0,38.1618200,-122.4530890,7.9,25.9,0,0,0
265.50,152.8,94.9,9653,61.5,3,37.0,0,0,12231.0,38.1617930,-122.4530650,7.9,25.9,0,0,0
265.60,153.8,95.6,9604,57.5,3,36.9,0,0,12231.0,38.1617660,-122.4530420,7.9,25.9,0,0,0
265.70,152.5,94.8,9619,57.5,3,36.4,0,0,12231.0,38.1617390,-122.4530200,7.9,25.9,0,0,0
265.80,152.6,94.8,9576,56.5,3,35.5,0,0,12231.0,38.1617110,-122.4529970,7.8,25.6,0,0,0
265.90,153.1,95.1,9625,57.5,3,34.7,0,0,12231.0,38.1616830,-122.4529760,7.8,25.6,0,0,0
266.00,153.5,95.4,9681,58.0,3,34.1,0,0,12231.0,38.1616540,-122.4529550,7.8,25.6,0,0,0
266.10,153.7,95.5,9690,59.0,3,33.2,0,0,12231.0,38.1616250,-122.4529350,7.8,25.6,0,0,0
266.20,154.5,96.0,9668,58.0,3,32.2,0,0,12231.0,38.1615950,-122.4529150,7.8,25.6,0,0,0
266.30,154.0,95.7,9616,55.0,3,31.1,0,0,12231.0,38.1615650,-122.4528960,7.8,25.6,0,0,0
266.40,153.3,95.3,9506,48.0,3,29.6,0,0,12231.0,38.1615350,-122.4528780,7.8,25.6,0,0,0
266.50,151.9,94.4,8796,0.0,3,27.8,0,0,12231.0,38.1615050,-122.4528600,7.8,25.6,0,0,0
266.60,147.9,91.9,9080,0.0,3,25.3,0,0,12231.0,38.1614730,-122.4528430,7.8,25.6,0,0,0
266.70,144.6,89.9,8993,0.0,3,22.6,0,0,12231.0,38.1614420,-122.4528270,7.8,25.6,0,0,0
266.80,142.6,88.6,8900,0.0,3,20.4,0,0,12231.0,38.1614110,-122.4528110,7.7,25.3,0,0,0
266.90,141.4,87.9,8811,0.0,3,18.6,0,0,12231.0,38.1613800,-122.4527950,7.7,25.3,0,0,0
267.00,140.8,87.5,8787,0.0,3,17.3,0,0,12231.0,38.1613480,-122.4527800,7.7,25.3,0,0,0
267.10,139.6,86.7,8676,0.0,3,16.1,0,0,12231.0,38.1613170,-122.4527650,7.7,25.3,0,0,0
267.20,137.8,85.6,8562,0.0,3,15.0,0,0,12231.0,38.1612870,-122.4527500,7.7,25.3,0,0,0
267.30,136.2,84.6,8430,0.0,3,13.8,0,0,12231.0,38.1612560,-122.4527360,7.7,25.3,0,0,0
267.40,134.1,83.3,8301,0.0,3,12.4,0,0,12231.0,38.1612260,-122.4527220,7.7,25.3,0,0,0
267.50,131.8,81.9,8141,0.0,3,10.5,0,0,12231.0,38.1611960,-122.4527080,7.7,25.3,0,0,0
267.60,129.0,80.1,7935,0.0,3,8.8,0,0,12231.0,38.1611660,-122.4526950,7.7,25.3,0,0,0
267.70,126.3,78.5,7758,0.0,3,7.6,0,0,12231.0,38.1611370,-122.4526830,7.7,25.3,0,0,0
267.80,123.5,76.7,7591,0.0,3,6.2,0,0,12231.0,38.1611080,-122.4526700,7.7,25.3,0,0,0
267.90,120.8,75.1,7459,0.0,3,4.7,0,0,12231.0,38.1610790,-122.4526580,7.7,25.3,0,0,0
268.00,118.5,73.6,7319,0.0,3,3.7,0,0,12231.0,38.1610520,-122.4526470,7.7,25.3,0,0,0
268.10,116.4,72.3,7136,0.0,3,3.1,0,0,12231.0,38.1610250,-122.4526350,7.7,25.3,0,0,0
268.20,113.7,70.6,7099,0.0,3,2.7,0,0,12231.0,38.1609990,-122.4526240,7.7,25.3,0,0,0
268.30,113.1,70.3,6977,0.0,3,2.5,0,0,12231.0,38.1609730,-122.4526130,7.7,25.3,0,0,0
268.40,110.3,68.5,7298,0.0,3,2.1,0,0,12231.0,38.1609470,-122.4526030,7.7,25.3,0,0,0
268.50,106.3,66.1,8423,0.0,2,1.6,0,0,12231.0,38.1609220,-122.4525920,7.7,25.3,0,0,0
268.60,106.4,66.1,8246,0.0,2,1.8,0,0,12231.0,38.1608970,-122.4525830,7.7,25.3,0,0,0
268.70,105.2,65.4,8039,0.0,2,2.3,0,0,12231.0,38.1608730,-122.4525730,7.7,25.3,0,0,0
268.80,102.0,63.4,7903,0.0,2,2.4,0,0,12231.0,38.1608490,-122.4525630,7.6,24.9,0,0,0
268.90,100.1,62.2,7738,0.0,2,2.3,0,0,12231.0,38.1608260,-122.4525540,7.6,24.9,0,0,0
269.00,98.6,61.2,7618,0.0,2,2.3,0,0,12231.0,38.1608030,-122.4525450,7.6,24.9,0,0,0
269.10,96.7,60.1,7476,0.0,2,2.2,0,0,12231.0,38.1607800,-122.4525360,7.6,24.9,0,0,0
269.20,95.0,59.0,7368,0.0,2,2.3,0,0,12231.0,38.1607580,-122.4525270,7.6,24.9,0,0,0
269.30,93.5,58.1,7325,0.0,2,2.5,0,0,12231.0,38.1607360,-122.4525190,7.6,24.9,0,0,0
269.40,93.1,57.9,8842,0.0,0,2.5,0,0,12231.0,38.1607150,-122.4525100,7.6,24.9,0,0,0
269.50,85.8,53.3,9506,0.0,1,2.5,0,0,12231.0,38.1606940,-122.4525020,7.6,24.9,0,0,0
269.60,89.6,55.7,8754,0.0,1,2.6,0,0,12231.0,38.1606740,-122.4524930,7.6,24.9,0,0,0
269.70,86.7,53.9,8816,0.0,1,2.9,0,0,12231.0,38.1606530,-122.4524850,7.6,24.9,0,0,0
269.80,85.1,52.9,8586,0.0,1,2.9,0,0,12231.0,38.1606330,-122.4524780,7.4,24.3,0,0,0
269.90,82.9,51.5,8411,0.0,1,3.2,0,0,12231.0,38.1606140,-122.4524700,7.4,24.3,0,0,0
270.00,81.2,50.4,8213,0.0,1,3.1,0,0,12231.0,38.1605950,-122.4524630,7.4,24.3,0,0,0
270.10,79.3,49.3,8069,0.0,1,3.6,0,0,12231.0,38.1605760,-122.4524560,7.4,24.3,0,0,0
270.20,77.8,48.4,7880,0.0,1,4.1,0,0,12231.0,38.1605580,-122.4524490,7.4,24.3,0,0,0
270.30,76.4,47.5,7740,0.0,1,4.3,0,0,12231.0,38.1605400,-122.4524430,7.4,24.3,0,0,0
270.40,74.6,46.4,7589,0.0,1,4.3,0,0,12231.0,38.1605230,-122.4524360,7.4,24.3,0,0,0
270.50,73.4,45.6,7472,0.0,1,4.6,0,0,12231.0,38.1605050,-122.4524300,7.4,24.3,0,0,0
270.60,72.1,44.8,7368,0.0,1,4.6,0,0,12231.0,38.1604880,-122.4524240,7.4,24.3,0,0,0
270.70,71.3,44.3,7207,0.0,1,3.5,0,0,12231.0,38.1604720,-122.4524180,7.4,24.3,0,0,0
270.80,69.8,43.3,7046,0.0,1,1.8,0,0,12231.0,38.1604550,-122.4524130,7.6,24.9,0,0,0
270.90,68.0,42.2,6903,0.0,1,1.2,0,0,12231.0,38.1604390,-122.4524070,7.6,24.9,0,0,0
271.00,66.5,41.3,6781,0.0,1,2.6,0,0,12231.0,38.1604230,-122.4524020,7.6,24.9,0,0,0
271.10,65.3,40.6,6701,0.0,1,4.8,0,0,12231.0,38.1604080,-122.4523970,7.6,24.9,0,0,0
271.20,64.6,40.1,6558,0.0,1,6.9,0,0,12231.0,38.1603920,-122.4523920,7.6,24.9,0,0,0
271.30,63.3,39.4,6424,0.0,1,9.9,0,0,12231.0,38.1603770,-122.4523880,7.6,24.9,0,0,0
271.40,62.1,38.6,6356,0.0,1,13.0,0,0,12231.0,38.1603630,-122.4523830,7.6,24.9,0,0,0
271.50,61.2,38.0,6291,0.0,1,16.0,0,0,12231.0,38.1603490,-122.4523790,7.6,24.9,0,0,0
271.60,60.6,37.6,6236,0.0,1,18.8,0,0,12231.0,38.1603350,-122.4523760,7.6,24.9,0,0,0
271.70,60.2,37.4,6213,0.0,1,21.1,0,0,12231.0,38.1603210,-122.4523720,7.6,24.9,0,0,0
271.80,60.0,37.3,6156,0.0,1,22.8,0,0,12231.0,38.1603070,-122.4523690,7.6,24.9,0,0,0
271.90,59.5,36.9,6081,0.0,1,24.3,0,0,12231.0,38.1602940,-122.4523660,7.6,24.9,0,0,0
272.00,58.7,36.5,6057,0.0,1,25.6,0,0,12231.0,38.1602810,-122.4523640,7.6,24.9,0,0,0
272.10,58.2,36.2,5996,0.0,1,26.7,0,0,12231.0,38.1602670,-122.4523620,7.6,24.9,0,0,0
272.20,57.9,36.0,5914,0.0,1,27.7,0,0,12231.0,38.1602540,-122.4523610,7.6,24.9,0,0,0
272.30,57.5,35.7,5867,0.0,1,28.2,0,0,12231.0,38.1602410,-122.4523610,7.6,24.9,0,0,0
272.40,56.7,35.2,5812,0.0,1,28.8,0,0,12231.0,38.1602280,-122.4523600,7.6,24.9,0,0,0
272.50,55.8,34.7,5726,0.0,1,29.6,0,0,12231.0,38.1602150,-122.4523610,7.6,24.9,0,0,0
272.60,55.4,34.4,5670,0.0,1,30.5,0,0,12231.0,38.1602030,-122.4523620,7.6,24.9,0,0,0
272.70,54.6,33.9,5608,0.0,1,31.6,0,0,12231.0,38.1601900,-122.4523640,7.6,24.9,0,0,0
272.80,54.0,33.6,5548,0.0,1,32.6,0,0,12231.0,38.1601780,-122.4523660,7.5,24.6,0,0,0
272.90,53.5,33.2,5447,0.0,1,33.8,0,0,12231.0,38.1601660,-122.4523690,7.5,24.6,0,0,0
273.00,52.8,32.8,5399,0.0,1,35.0,0,0,12231.0,38.1601550,-122.4523730,7.5,24.6,0,0,0
273.10,52.0,32.3,5387,0.0,1,36.3,0,0,12231.0,38.1601440,-122.4523770,7.5,24.6,0,0,0
273.20,51.7,32.1,5286,0.0,1,37.3,0,0,12231.0,38.1601330,-122.4523810,7.5,24.6,0,0,0
273.30,51.0,31.7,5193,0.0,1,38.5,0,0,12231.0,38.1601250,-122.4523870,7.5,24.6,0,0,0
273.40,50.3,31.2,5175,0.0,1,39.6,0,0,12231.0,38.1601160,-122.4523930,7.5,24.6,0,0,0
273.50,49.5,30.8,5090,0.0,1,40.3,0,0,12231.0,38.1601070,-122.4524000,7.5,24.6,0,0,0
273.60,48.6,30.2,4942,0.0,1,40.6,0,0,12231.0,38.1600980,-122.4524070,7.5,24.6,0,0,0
273.70,47.8,29.7,4916,0.0,1,41.0,0,0,12231.0,38.1600900,-122.4524150,7.5,24.6,0,0,0
273.80,47.2,29.4,4756,0.0,1,41.0,0,0,12231.0,38.1600820,-122.4524230,8.1,26.6,0,0,0
273.90,45.8,28.5,4761,7.0,1,41.9,0,0,12231.0,38.1600750,-122.4524320,8.1,26.6,0,0,0
274.00,46.1,28.6,4689,7.5,1,42.5,0,0,12231.0,38.1600680,-122.4524420,8.1,26.6,0,0,0
274.10,45.6,28.3,4678,10.0,1,42.6,0,0,12231.0,38.1600620,-122.4524510,8.1,26.6,0,0,0
274.20,45.1,28.0,4883,14.0,1,42.6,0,0,12231.0,38.1600570,-122.4524620,8.1,26.6,0,0,0
274.30,45.1,28.1,5149,24.0,1,42.6,0,0,12231.0,38.1600530,-122.4524730,8.1,26.6,0,0,0
274.40,48.3,30.0,4947,29.5,1,42.6,0,0,12231.0,38.1600490,-122.4524840,8.1,26.6,0,0,0
274.50,47.8,29.7,4939,33.0,1,42.7,0,0,12231.0,38.1600460,-122.4524950,8.1,26.6,0,0,0
274.60,48.0,29.8,5079,36.0,1,42.7,0,0,12231.0,38.1600430,-122.4525070,8.1,26.6,0,0,0
274.70,48.9,30.4,5242,43.0,1,42.5,0,0,12231.0,38.1600410,-122.4525190,8.1,26.6,0,0,0
274.80,50.6,31.4,5439,48.5,1,42.3,0,0,12231.0,38.1600400,-122.4525320,8.6,28.2,0,0,0
274.90,53.2,33.1,5612,48.5,1,42.0,0,0,12231.0,38.1600390,-122.4525450,8.6,28.2,0,0,0
275.00,53.9,33.5,5742,48.5,1,41.3,0,0,12231.0,38.1600390,-122.4525580,8.6,28.2,0,0,0
275.10,55.5,34.5,5882,50.0,1,40.0,0,0,12231.0,38.1600410,-122.4525720,8.6,28.2,0,0,0
275.20,57.1,35.5,6060,51.5,1,38.6,0,0,12231.0,38.1600430,-122.4525860,8.6,28.2,0,0,0
275.30,58.9,36.6,6261,56.0,1,37.1,0,0,12231.0,38.1600470,-122.4526010,8.6,28.2,0,0,0
275.40,60.3,37.5,6450,60.0,1,35.8,0,0,12231.0,38.1600510,-122.4526160,8.6,28.2,0,0,0
275.50,62.9,39.1,6649,60.5,1,34.7,0,0,12231.0,38.1600560,-122.4526300,8.6,28.2,0,0,0
275.60,64.2,39.9,6843,60.5,1,33.8,0,0,12231.0,38.1600610,-122.4526460,8.6,28.2,0,0,0
275.70,66.0,41.0,7039,60.5,1,33.0,0,0,12231.0,38.1600670,-122.4526610,8.6,28.2,0,0,0
275.80,68.0,42.2,7184,61.0,1,32.0,0,0,12231.0,38.1600740,-122.4526760,8.5,27.9,0,0,0
275.90,69.3,43.1,7362,64.0,1,30.8,0,0,12231.0,38.1600810,-122.4526920,8.5,27.9,0,0,0
276.00,71.1,44.2,7555,64.5,1,29.4,0,0,12231.0,38.1600890,-122.4527080,8.5,27.9,0,0,0
276.10,73.4,45.6,7768,64.5,1,28.0,0,0,12231.0,38.1600980,-122.4527240,8.5,27.9,0,0,0
276.20,75.0,46.6,7893,65.5,1,26.1,0,0,12231.0,38.1601070,-122.4527400,8.5,27.9,0,0,0
276.30,76.8,47.7,8124,66.5,1,24.2,0,0,12231.0,38.1601170,-122.4527560,8.5,27.9,0,0,0
276.40,78.9,49.1,8258,67.0,1,22.0,0,0,12231.0,38.1601280,-122.4527720,8.5,27.9,0,0,0
276.50,79.9,49.7,8381,67.0,1,19.8,0,0,12231.0,38.1601380,-122.4527890,8.5,27.9,0,0,0
276.60,81.1,50.4,8602,67.0,1,17.6,0,0,12231.0,38.1601500,-122.4528060,8.5,27.9,0,0,0
276.70,83.3,51.7,8793,67.0,1,15.7,0,0,12231.0,38.1601620,-122.4528230,8.5,27.9,0,0,0
276.80,84.9,52.8,8983,67.0,1,14.1,0,0,12231.0,38.1601750,-122.4528410,8.6,28.2,0,0,0
276.90,86.6,53.8,9172,67.5,1,12.9,0,0,12231.0,38.1601880,-122.4528580,8.6,28.2,0,0,0
277.00,88.9,55.2,9417,67.5,1,11.8,0,0,12231.0,38.1602030,-122.4528760,8.6,28.2,0,0,0
277.10,90.8,56.4,9497,67.5,1,10.8,0,0,12231.0,38.1602190,-122.4528940,8.6,28.2,0,0,0
277.20,92.0,57.2,9779,68.0,1,9.7,0,0,12231.0,38.1602340,-122.4529130,8.6,28.2,0,0,0
277.30,94.0,58.4,8855,68.5,1,8.3,0,0,12231.0,38.1602490,-122.4529320,8.6,28.2,0,0,0
277.40,92.6,57.5,7387,69.5,2,6.8,0,0,12231.0,38.1602650,-122.4529510,8.6,28.2,0,0,0
277.50,94.9,59.0,7573,73.0,2,5.2,0,0,12231.0,38.1602810,-122.4529700,8.6,28.2,0,0,0
277.60,97.6,60.6,7799,75.5,2,3.7,0,0,12231.0,38.1602980,-122.4529890,8.6,28.2,0,0,0
277.70,99.4,61.8,7952,80.0,2,2.1,0,0,12231.0,38.1603140,-122.4530090,8.6,28.2,0,0,0
277.80,101.1,62.8,8111,82.0,2,0.5,0,0,12231.0,38.1603310,-122.4530280,9.4,30.8,0,0,0
277.90,102.9,63.9,8290,83.0,2,-0.9,0,0,12231.0,38.1603490,-122.4530480,9.4,30.8,0,0,0
278.00,104.5,64.9,8451,84.5,2,-2.2,0,0,12231.0,38.1603670,-122.4530690,9.4,30.8,0,0,0
278.10,107.0,66.5,8609,84.5,2,-3.5,0,0,12231.0,38.1603850,-122.4530890,9.4,30.8,0,0,0
278.20,108.7,67.5,8780,84.5,2,-4.2,0,0,12231.0,38.1604030,-122.4531100,9.4,30.8,0,0,0
278.30,111.4,69.2,8966,84.5,2,-4.8,0,0,12231.0,38.1604220,-122.4531320,9.4,30.8,0,0,0
278.40,113.8,70.7,9155,84.5,2,-5.4,0,0,12231.0,38.1604410,-122.4531540,9.4,30.8,0,0,0
278.50,115.9,72.0,9320,84.0,2,-5.8,0,0,12231.0,38.1604600,-122.4531760,9.4,30.8,0,0,0
278.60,117.9,73.3,9464,83.5,2,-6.4,0,0,12231.0,38.1604800,-122.4531990,9.4,30.8,0,0,0
278.70,120.3,74.7,9564,82.0,2,-7.0,0,0,12231.0,38.1605000,-122.4532220,9.4,30.8,0,0,0
278.80,121.5,75.5,9715,82.0,2,-7.7,0,0,12231.0,38.1605210,-122.4532460,9.7,31.8,0,0,0
278.90,124.2,77.2,9911,82.0,2,-8.3,0,0,12231.0,38.1605410,-122.4532700,9.7,31.8,0,0,0
279.00,125.9,78.3,10020,84.0,2,-9.2,0,0,12231.0,38.1605620,-122.4532940,9.7,31.8,0,0,0
279.10,127.6,79.3,10166,84.5,2,-9.8,0,0,12231.0,38.1605830,-122.4533190,9.7,31.8,0,0,0
279.20,129.9,80.7,10341,84.5,2,-10.3,0,0,12231.0,38.1606050,-122.4533450,9.7,31.8,0,0,0
279.30,131.6,81.8,10490,84.0,2,-10.8,0,0,12231.0,38.1606260,-122.4533710,9.7,31.8,0,0,0
279.40,133.5,82.9,9293,100.0,2,-11.4,0,0,12231.0,38.1606480,-122.4533970,9.7,31.8,0,0,0
279.50,138.1,85.8,8584,100.0,3,-11.9,0,0,12231.0,38.1606700,-122.4534240,9.7,31.8,0,0,0
279.60,136.0,84.5,8656,100.0,3,-12.2,0,0,12231.0,38.1606920,-122.4534510,9.7,31.8,0,0,0
279.70,136.3,84.7,8706,100.0,3,-12.4,0,0,12231.0,38.1607140,-122.4534780,9.7,31.8,0,0,0
279.80,137.7,85.6,8806,100.0,3,-12.2,0,0,12231.0,38.1607370,-122.4535060,10.2,33.5,0,0,0
279.90,139.5,86.7,8905,100.0,3,-12.4,0,0,12231.0,38.1607590,-122.4535340,10.2,33.5,0,0,0
280.00,140.8,87.5,8999,100.0,3,-12.6,0,0,12231.0,38.1607820,-122.4535630,10.2,33.5,0,0,0
280.10,142.9,88.8,9058,100.0,3,-12.2,0,0,12231.0,38.1608050,-122.4535920,10.2,33.5,0,0,0
280.20,143.7,89.3,9141,100.0,3,-11.8,0,0,12231.0,38.1608280,-122.4536210,10.2,33.5,0,0,0
280.30,145.3,90.3,9262,100.0,3,-11.6,0,0,12231.0,38.1608510,-122.4536510,10.2,33.5,0,0,0
280.40,146.3,90.9,9355,100.0,3,-12.2,0,0,12231.0,38.1608750,-122.4536820,10.2,33.5,0,0,0
280.50,148.1,92.0,9423,100.0,3,-12.6,0,0,12231.0,38.1608980,-122.4537130,10.2,33.5,0,0,0
280.60,149.3,92.8,9500,100.0,3,-12.9,0,0,12231.0,38.1609220,-122.4537440,10.2,33.5,0,0,0
280.70,150.5,93.5,9561,100.0,3,-13.5,0,0,12231.0,38.1609450,-122.4537750,10.2,33.5,0,0,0
280.80,152.1,94.5,9634,100.0,3,-14.0,0,0,12231.0,38.1609690,-122.4538070,10.4,34.1,0,0,0
280.90,153.1,95.1,9728,100.0,3,-14.2,0,0,12231.0,38.1609930,-122.4538400,10.4,34.1,0,0,0
281.00,154.5,96.0,9804,100.0,3,-14.3,0,0,12231.0,38.1610170,-122.4538730,10.4,34.1,0,0,0
281.10,155.9,96.8,9879,100.0,3,-14.5,0,0,12231.0,38.1610410,-122.4539060,10.4,34.1,0,0,0
281.20,157.1,97.6,9931,100.0,3,-14.1,0,0,12231.0,38.1610650,-122.4539400,10.4,34.1,0,0,0
281.30,158.2,98.3,9997,100.0,3,-13.2,0,0,12231.0,38.1610900,-122.4539740,10.4,34.1,0,0,0
281.40,159.5,99.1,10057,96.0,3,-12.6,0,0,12231.0,38.1611140,-122.4540080,10.4,34.1,0,0,0
281.50,160.5,99.7,10119,91.0,3,-12.0,0,0,12231.0,38.1611380,-122.4540430,10.4,34.1,0,0,0
281.60,161.6,100.4,10225,89.0,3,-11.5,0,0,12231.0,38.1611630,-122.4540780,10.4,34.1,0,0,0
281.70,162.4,100.9,10260,83.5,3,-11.1,0,0,12231.0,38.1611880,-122.4541130,10.4,34.1,0,0,0
281.80,163.3,101.5,10324,79.0,3,-10.7,0,0,12231.0,38.1612130,-122.4541490,10.7,35.1,0,0,0
281.90,164.1,101.9,10367,72.5,3,-10.4,0,0,12231.0,38.1612370,-122.4541850,10.7,35.1,0,0,0
282.00,164.7,102.4,10324,63.0,3,-10.3,0,0,12231.0,38.1612620,-122.4542220,10.7,35.1,0,0,0
282.10,164.7,102.3,10324,60.0,3,-10.1,0,0,12231.0,38.1612870,-122.4542590,10.7,35.1,0,0,0
282.20,164.7,102.4,10222,45.5,3,-9.8,0,0,12231.0,38.1613120,-122.4542950,10.7,35.1,0,0,0
282.30,162.9,101.3,9830,0.0,3,-9.6,0,0,12231.0,38.1613370,-122.4543320,10.7,35.1,0,0,0
282.40,156.4,97.2,9964,0.0,3,-9.1,0,0,12231.0,38.1613620,-122.4543690,10.7,35.1,0,0,0
282.50,158.1,98.2,9843,0.0,3,-7.9,0,0,12231.0,38.1613870,-122.4544060,10.7,35.1,0,0,0
282.60,156.6,97.3,9785,0.0,3,-8.1,0,0,12231.0,38.1614110,-122.4544420,10.7,35.1,0,0,0
282.70,155.4,96.6,9690,0.0,3,-8.1,0,0,12231.0,38.1614350,-122.4544780,10.7,35.1,0,0,0
282.80,154.1,95.7,9600,0.0,3,-7.1,0,0,12231.0,38.1614590,-122.4545140,11.0,36.1,0,0,0
282.90,153.0,95.1,9476,0.0,3,-6.3,0,0,12231.0,38.1614820,-122.4545490,11.0,36.1,0,0,0
283.00,150.7,93.7,9245,0.0,3,-5.0,0,0,12231.0,38.1615060,-122.4545840,11.0,36.1,0,0,0
283.10,146.6,91.1,9026,0.0,3,-4.9,0,0,12231.0,38.1615290,-122.4546190,11.0,36.1,0,0,0
283.20,143.7,89.3,8897,0.0,3,-4.8,0,0,12231.0,38.1615510,-122.4546530,11.0,36.1,0,0,0
283.30,141.8,88.1,8762,0.0,3,-4.0,0,0,12231.0,38.1615730,-122.4546870,11.0,36.1,0,0,0
283.40,139.4,86.6,8659,0.0,3,-3.4,0,0,12231.0,38.1615950,-122.4547200,11.0,36.1,0,0,0
283.50,137.4,85.4,8499,0.0,3,-3.0,0,0,12231.0,38.1616160,-122.4547520,11.0,36.1,0,0,0
283.60,134.8,83.8,8322,0.0,3,-2.7,0,0,12231.0,38.1616370,-122.4547840,11.0,36.1,0,0,0
283.70,132.4,82.2,8195,0.0,3,-2.7,0,0,12232.0,38.1616580,-122.4548160,11.0,36.1,0,0,0
283.80,130.4,81.0,8115,0.0,3,-2.6,0,0,12232.0,38.1616790,-122.4548470,11.1,36.4,0,0,0
283.90,128.8,80.0,7977,0.0,3,-2.7,0,0,12232.0,38.1616990,-122.4548770,11.1,36.4,0,0,0
284.00,126.9,78.8,7872,0.0,3,-2.6,0,0,12232.0,38.1617180,-122.4549070,11.1,36.4,0,0,0
284.10,125.0,77.7,7774,0.0,3,-2.9,0,0,12232.0,38.1617370,-122.4549370,11.1,36.4,0,0,0
284.20,123.4,76.7,7634,0.0,3,-2.9,0,0,12232.0,38.1617560,-122.4549660,11.1,36.4,0,0,0
284.30,121.3,75.4,7529,0.0,3,-2.3,0,0,12232.0,38.1617750,-122.4549940,11.1,36.4,0,0,0
284.40,119.6,74.3,7428,0.0,3,-1.9,0,0,12232.0,38.1617940,-122.4550230,11.1,36.4,0,0,0
284.50,117.8,73.2,7277,0.0,3,-1.4,0,0,12232.0,38.1618120,-122.4550510,11.1,36.4,0,0,0
284.60,115.7,71.9,7196,0.0,3,-1.3,0,0,12232.0,38.1618290,-122.4550780,11.1,36.4,0,0,0
284.70,114.6,71.2,7140,0.0,3,-1.2,0,0,12232.0,38.1618470,-122.4551050,11.1,36.4,0,0,0
284.80,113.0,70.2,7021,0.0,3,-1.5,0,0,12232.0,38.1618640,-122.4551310,11.1,36.4,0,0,0
284.90,112.0,69.6,6963,0.0,3,-1.8,0,0,12232.0,38.1618810,-122.4551580,11.1,36.4,0,0,0
285.00,110.2,68.5,6859,0.0,3,-1.4,0,0,12232.0,38.1618980,-122.4551840,11.1,36.4,0,0,0
285.10,108.8,67.6,6763,0.0,3,-0.8,0,0,12232.0,38.1619150,-122.4552090,11.1,36.4,0,0,0
285.20,107.6,66.8,6673,0.0,3,0.2,0,0,12232.0,38.1619310,-122.4552340,11.1,36.4,0,0,0
285.30,105.9,65.8,6554,0.0,3,0.5,0,0,12232.0,38.1619470,-122.4552590,11.1,36.4,0,0,0
285.40,104.2,64.8,6463,0.0,3,-0.8,0,0,12232.0,38.1619620,-122.4552830,11.1,36.4,0,0,0
285.50,102.5,63.7,6375,0.0,3,-2.5,0,0,12232.0,38.1619780,-122.4553080,11.1,36.4,0,0,0
285.60,101.3,63.0,6299,0.0,3,-4.8,0,0,12232.0,38.1619930,-122.4553320,11.1,36.4,0,0,0
285.70,99.8,62.0,6227,0.0,3,-7.5,0,0,12232.0,38.1620080,-122.4553550,11.1,36.4,0,0,0
285.80,98.7,61.3,6159,0.0,3,-9.0,0,0,12232.0,38.1620230,-122.4553790,11.3,37.1,0,0,0
285.90,97.7,60.7,6074,0.0,3,-11.0,0,0,12232.0,38.1620380,-122.4554020,11.3,37.1,0,0,0
286.00,96.7,60.1,6073,0.0,3,-14.2,0,0,12232.0,38.1620520,-122.4554250,11.3,37.1,0,0,0
286.10,96.3,59.8,6009,0.0,3,-18.3,0,0,12232.0,38.1620650,-122.4554470,11.3,37.1,0,0,0
286.20,95.5,59.3,5967,0.0,3,-22.2,0,0,12232.0,38.1620790,-122.4554700,11.3,37.1,0,0,0
286.30,95.3,59.2,5940,0.0,3,-24.9,0,0,12232.0,38.1620920,-122.4554930,11.3,37.1,0,0,0
286.40,94.6,58.8,5923,0.0,3,-26.9,0,0,12232.0,38.1621050,-122.4555160,11.3,37.1,0,0,0
286.50,94.2,58.5,5874,11.0,3,-28.0,0,0,12232.0,38.1621160,-122.4555390,11.3,37.1,0,0,0
286.60,93.2,57.9,5987,14.5,3,-29.0,0,0,12232.0,38.1621280,-122.4555620,11.3,37.1,0,0,0
286.70,93.1,57.8,5931,8.0,3,-30.5,0,0,12232.0,38.1621390,-122.4555850,11.3,37.1,0,0,0
286.80,93.4,58.0,5692,8.5,3,-32.3,0,0,12232.0,38.1621490,-122.4556090,11.4,37.4,0,0,0
286.90,93.8,58.3,5853,16.0,3,-33.4,0,0,12232.0,38.1621590,-122.4556320,11.4,37.4,0,0,0
287.00,92.6,57.5,6132,33.0,3,-33.7,0,0,12232.0,38.1621680,-122.4556560,11.4,37.4,0,0,0
287.10,95.8,59.5,5909,42.5,3,-34.2,0,0,12232.0,38.1621760,-122.4556790,11.4,37.4,0,0,0
287.20,94.2,58.6,6030,44.5,3,-34.7,0,0,12232.0,38.1621840,-122.4557040,11.4,37.4,0,0,0
287.30,95.9,59.6,6096,52.0,3,-34.9,0,0,12232.0,38.1621920,-122.4557280,11.4,37.4,0,0,0
287.40,96.1,59.7,6156,57.5,3,-35.4,0,0,12232.0,38.1621990,-122.4557530,11.4,37.4,0,0,0
287.50,97.5,60.6,6257,70.5,3,-35.7,0,0,12232.0,38.1622060,-122.4557780,11.4,37.4,0,0,0
287.60,99.9,62.1,6355,73.5,3,-35.8,0,0,12232.0,38.1622110,-122.4558040,11.4,37.4,0,0,0
287.70,101.1,62.8,6427,78.0,3,-35.4,0,0,12232.0,38.1622160,-122.4558310,11.4,37.4,0,0,0
287.80,101.9,63.3,6467,93.5,3,-34.3,0,0,12232.0,38.1622210,-122.4558570,11.5,37.7,0,0,0
287.90,103.6,64.3,6573,100.0,3,-33.5,0,0,12232.0,38.1622250,-122.4558850,11.5,37.7,0,0,0
288.00,104.9,65.2,6671,100.0,3,-32.6,0,0,12232.0,38.1622290,-122.4559130,11.5,37.7,0,0,0
288.10,106.1,65.9,6749,100.0,3,-31.9,0,0,12232.0,38.1622320,-122.4559410,11.5,37.7,0,0,0
288.20,107.0,66.5,6717,100.0,3,-31.4,0,0,12232.0,38.1622340,-122.4559700,11.5,37.7,0,0,0
288.30,107.0,66.5,6794,100.0,3,-30.3,0,0,12232.0,38.1622360,-122.4559990,11.5,37.7,0,0,0
288.40,108.0,67.1,6805,100.0,3,-29.1,0,0,12232.0,38.1622380,-122.4560290,11.5,37.7,0,0,0
288.50,108.3,67.3,6911,100.0,3,-28.4,0,0,12232.0,38.1622390,-122.4560590,11.5,37.7,0,0,0
288.60,110.1,68.4,6963,100.0,3,-27.4,0,0,12232.0,38.1622390,-122.4560900,11.5,37.7,0,0,0
288.70,110.0,68.3,7018,100.0,3,-26.0,0,0,12232.0,38.1622380,-122.4561200,11.5,37.7,0,0,0
288.80,111.4,69.2,7095,100.0,3,-24.6,0,0,12232.0,38.1622380,-122.4561520,11.7,38.4,0,0,0
288.90,112.5,69.9,7104,100.0,3,-22.5,0,0,12232.0,38.1622360,-122.4561830,11.7,38.4,0,0,0
289.00,113.2,70.3,7128,100.0,3,-20.0,0,0,12232.0,38.1622350,-122.4562150,11.7,38.4,0,0,0
289.10,113.1,70.3,7205,100.0,3,-17.9,0,0,12232.0,38.1622330,-122.4562480,11.7,38.4,0,0,0
289.20,114.0,70.8,7176,100.0,3,-15.9,0,0,12232.0,38.1622300,-122.4562800,11.7,38.4,0,0,0
289.30,114.3,71.0,7280,100.0,3,-14.0,0,0,12232.0,38.1622280,-122.4563130,11.7,38.4,0,0,0
289.40,114.7,71.3,7323,100.0,3,-11.8,0,0,12232.0,38.1622250,-122.4563470,11.7,38.4,0,0,0
289.50,116.0,72.1,7436,100.0,3,-9.6,0,0,12232.0,38.1622210,-122.4563800,11.7,38.4,0,0,0
289.60,119.3,74.1,7589,100.0,3,-8.1,0,0,12232.0,38.1622170,-122.4564140,11.7,38.4,0,0,0
289.70,119.2,74.1,7721,100.0,3,-6.9,0,0,12232.0,38.1622130,-122.4564470,11.7,38.4,0,0,0
289.80,123.6,76.8,7970,89.5,3,-5.3,0,0,12232.0,38.1622090,-122.4564810,12.2,40.0,0,0,0
289.90,122.3,76.0,7671,84.0,3,-5.5,0,5,12232.0,38.1622050,-122.4565160,12.2,40.0,0,0,0
290.00,121.4,75.4,7752,78.5,3,-4.8,0,0,12232.0,38.1622000,-122.4565510,12.2,40.0,0,0,0
290.10,122.1,75.9,7781,76.5,3,-4.0,0,0,12232.0,38.1621960,-122.4565860,12.2,40.0,0,0,0
290.20,123.2,76.6,7862,76.5,3,-4.2,0,0,12232.0,38.1621910,-122.4566210,12.2,40.0,0,0,0
290.30,125.0,77.7,7885,70.5,3,-3.8,0,0,12232.0,38.1621860,-122.4566570,12.2,40.0,0,0,0
290.40,125.2,77.8,7866,65.0,3,-3.5,0,0,12232.0,38.1621800,-122.4566930,12.2,40.0,0,0,0
290.50,125.6,78.0,7973,63.5,3,-4.5,0,0,12232.0,38.1621750,-122.4567300,12.2,40.0,0,0,0
290.60,127.2,79.1,8009,60.5,3,-6.1,0,0,12232.0,38.1621700,-122.4567660,12.2,40.0,0,0,0
290.70,127.2,79.0,7975,56.0,3,-7.1,0,0,12232.0,38.1621640,-122.4568030,12.2,40.0,0,0,0
290.80,126.9,78.8,8035,55.0,3,-8.4,0,0,12232.0,38.1621590,-122.4568390,13.6,44.6,0,0,0
290.90,128.4,79.8,8115,60.5,3,-9.7,0,0,12232.0,38.1621520,-122.4568760,13.6,44.6,0,0,0
291.00,128.6,79.9,8146,64.0,3,-10.5,0,0,12232.0,38.1621460,-122.4569130,13.6,44.6,0,0,0
291.10,129.7,80.6,8179,64.0,3,-11.5,0,0,12232.0,38.1621400,-122.4569500,13.6,44.6,0,0,0
291.20,130.1,80.8,8215,57.0,3,-13.2,0,0,12232.0,38.1621340,-122.4569870,13.6,44.6,0,0,0
291.30,130.7,81.2,8235,49.5,3,-15.5,0,0,12232.0,38.1621270,-122.4570240,13.6,44.6,0,0,0
291.40,130.9,81.3,8228,46.5,3,-18.0,0,0,12232.0,38.1621200,-122.4570610,13.6,44.6,0,0,0
291.50,131.1,81.5,8260,46.0,3,-20.3,0,0,12232.0,38.1621130,-122.4570980,13.6,44.6,0,0,0
291.60,131.5,81.7,8288,45.5,3,-21.8,0,0,12232.0,38.1621050,-122.4571350,13.6,44.6,0,0,0
291.70,131.9,82.0,8285,46.0,3,-23.0,0,0,12232.0,38.1620970,-122.4571720,13.6,44.6,0,0,0
291.80,132.0,82.0,8287,47.5,3,-24.4,0,0,12232.0,38.1620890,-122.4572080,15.9,52.2,0,0,0
291.90,132.6,82.4,8320,50.5,3,-24.6,0,0,12232.0,38.1620800,-122.4572450,15.9,52.2,0,0,0
292.00,132.6,82.4,8383,52.0,3,-25.3,0,0,12232.0,38.1620710,-122.4572810,15.9,52.2,0,0,0
292.10,133.5,82.9,8434,52.0,3,-26.7,0,0,12232.0,38.1620610,-122.4573170,15.9,52.2,0,0,0
292.20,134.2,83.4,8423,51.0,3,-28.4,0,0,12232.0,38.1620510,-122.4573530,15.9,52.2,0,0,0
292.30,134.2,83.4,8397,46.0,3,-28.9,0,0,12232.0,38.1620410,-122.4573890,15.9,52.2,0,0,0
292.40,133.9,83.2,8415,44.5,3,-29.3,0,0,12232.0,38.1620300,-122.4574240,15.9,52.2,0,0,0
292.50,133.3,82.9,8345,44.5,3,-29.7,0,0,12232.0,38.1620190,-122.4574590,15.9,52.2,0,0,0
292.60,132.7,82.5,8355,48.5,3,-29.7,0,0,12232.0,38.1620070,-122.4574930,15.9,52.2,0,0,0
292.70,132.3,82.2,8260,48.5,3,-29.2,0,0,12232.0,38.1619940,-122.4575270,15.9,52.2,0,0,0
292.80,131.3,81.6,8224,46.5,3,-29.1,0,0,12232.0,38.1619810,-122.4575610,19.0,62.3,0,0,0
292.90,130.9,81.4,8246,46.5,3,-29.2,0,0,12232.0,38.1619670,-122.4575940,19.0,62.3,0,0,0
293.00,131.1,81.4,8233,48.5,3,-29.6,0,0,12232.0,38.1619530,-122.4576260,19.0,62.3,0,0,0
293.10,131.2,81.5,8237,50.0,3,-30.5,0,0,12232.0,38.1619380,-122.4576590,19.0,62.3,0,0,0
293.20,131.2,81.6,8164,49.5,3,-31.4,0,0,12232.0,38.1619230,-122.4576900,19.0,62.3,0,0,0
293.30,130.8,81.3,8204,47.0,3,-32.0,0,0,12232.0,38.1619070,-122.4577210,19.0,62.3,0,0,0
293.40,130.9,81.4,8202,42.5,3,-32.6,0,0,12232.0,38.1618910,-122.4577520,19.0,62.3,0,0,0
293.50,130.9,81.4,8199,37.0,3,-33.4,0,0,12232.0,38.1618750,-122.4577820,19.0,62.3,0,0,0
293.60,130.7,81.2,8150,35.5,3,-34.3,0,0,12232.0,38.1618580,-122.4578130,19.0,62.3,0,0,0
293.70,129.7,80.6,8091,41.0,3,-34.9,0,0,12232.0,38.1618410,-122.4578430,19.0,62.3,0,0,0
293.80,128.9,80.1,8130,45.0,3,-35.4,0,0,12232.0,38.1618240,-122.4578710,23.3,76.4,0,0,0
293.90,129.9,80.7,8106,41.0,3,-35.5,0,0,12232.0,38.1618060,-122.4578980,23.3,76.4,0,0,0
294.00,129.2,80.3,8102,41.0,3,-35.2,0,0,12232.0,38.1617890,-122.4579250,23.3,76.4,0,0,0
294.10,128.3,79.7,7977,39.5,3,-34.7,0,0,12232.0,38.1617700,-122.4579520,23.3,76.4,0,0,0
294.20,127.2,79.0,7960,38.0,3,-33.9,0,0,12232.0,38.1617520,-122.4579770,23.3,76.4,0,0,0
294.30,125.7,78.1,7891,37.0,3,-33.5,0,0,12232.0,38.1617330,-122.4580020,23.3,76.4,0,0,0
294.40,123.4,76.7,7714,39.0,3,-32.3,0,0,12232.0,38.1617130,-122.4580270,23.3,76.4,0,0,0
294.50,123.2,76.5,7665,36.0,3,-30.4,0,0,12232.0,38.1616930,-122.4580500,23.3,76.4,0,0,0
294.60,121.7,75.6,7555,24.5,3,-28.6,0,0,12232.0,38.1616730,-122.4580720,23.3,76.4,0,0,0
294.70,120.4,74.8,7326,0.0,3,-26.4,0,0,12232.0,38.1616530,-122.4580940,23.3,76.4,0,0,0
294.80,118.0,73.3,7217,0.0,3,-23.6,0,0,12232.0,38.1616320,-122.4581160,27.6,90.6,0,0,0
294.90,114.3,71.0,7101,0.0,3,-20.7,0,0,12232.0,38.1616110,-122.4581370,27.6,90.6,0,0,0
295.00,112.9,70.2,6985,0.0,3,-17.8,0,0,12232.0,38.1615900,-122.4581570,27.6,90.6,0,0,0
295.10,111.0,69.0,6902,0.0,3,-15.8,0,0,12232.0,38.1615690,-122.4581760,27.6,90.6,0,0,0
295.20,109.7,68.1,6775,0.0,3,-15.1,0,0,12232.0,38.1615480,-122.4581950,27.6,90.6,0,0,0
295.30,108.2,67.2,7049,0.0,3,-14.2,0,0,12232.0,38.1615270,-122.4582140,27.6,90.6,0,0,0
295.40,107.4,66.8,8341,0.0,2,-12.8,0,0,12232.0,38.1615070,-122.4582330,27.6,90.6,0,0,0
295.50,105.3,65.4,8240,0.0,2,-10.5,0,0,12232.0,38.1614870,-122.4582510,27.6,90.6,0,0,0
295.60,104.1,64.7,7872,0.0,2,-7.6,0,0,12232.0,38.1614670,-122.4582690,27.6,90.6,0,0,0
295.70,100.5,62.5,7854,0.0,2,-3.6,0,0,12232.0,38.1614480,-122.4582860,27.6,90.6,0,0,0
295.80,100.1,62.2,7796,0.0,2,0.3,0,0,12232.0,38.1614280,-122.4583030,32.3,106.0,0,0,0
295.90,98.9,61.5,7661,0.0,2,4.5,0,0,12232.0,38.1614090,-122.4583200,32.3,106.0,0,0,0
296.00,97.6,60.6,7576,0.0,2,8.3,0,0,12232.0,38.1613900,-122.4583370,32.3,106.0,0,0,0
296.10,96.3,59.8,7463,0.0,2,11.0,0,0,12232.0,38.1613710,-122.4583540,32.3,106.0,0,0,0
296.20,95.2,59.1,7424,0.0,2,14.5,0,0,12232.0,38.1613530,-122.4583710,32.3,106.0,0,0,0
296.30,94.0,58.4,7355,0.0,2,18.7,0,0,12232.0,38.1613360,-122.4583880,32.3,106.0,0,0,0
296.40,93.4,58.0,7303,0.0,2,23.1,0,0,12232.0,38.1613180,-122.4584050,32.3,106.0,0,0,0
296.50,92.9,57.7,7198,0.0,2,26.3,0,0,12232.0,38.1613010,-122.4584220,32.3,106.0,0,0,0
296.60,91.7,57.0,7147,0.0,2,28.3,0,0,12232.0,38.1612850,-122.4584380,32.3,106.0,0,0,0
296.70,90.6,56.3,7026,0.0,2,29.6,0,0,12232.0,38.1612690,-122.4584560,32.3,106.0,0,0,0
296.80,89.3,55.5,6954,0.0,2,30.5,0,0,12232.0,38.1612540,-122.4584730,35.5,116.5,0,0,0
296.90,88.4,54.9,6834,0.0,2,31.4,0,0,12232.0,38.1612400,-122.4584910,35.5,116.5,0,0,0
297.00,87.1,54.1,6696,8.5,2,32.3,0,0,12232.0,38.1612260,-122.4585090,35.5,116.5,0,0,0
297.10,85.6,53.2,6746,9.0,2,33.1,0,0,12232.0,38.1612130,-122.4585270,35.5,116.5,0,0,0
297.20,85.8,53.3,6649,11.0,2,33.7,0,0,12232.0,38.1612000,-122.4585450,35.5,116.5,0,0,0
297.30,84.5,52.5,6672,16.5,2,34.6,0,0,12232.0,38.1611870,-122.4585630,35.5,116.5,0,0,0
297.40,83.0,51.6,6834,11.0,2,35.2,0,0,12232.0,38.1611760,-122.4585810,35.5,116.5,0,0,0
297.50,84.5,52.5,6363,12.0,2,35.7,0,0,12232.0,38.1611650,-122.4586000,35.5,116.5,0,0,0
297.60,82.5,51.3,6453,16.0,2,36.6,0,0,12232.0,38.1611550,-122.4586190,35.5,116.5,0,0,0
297.70,81.2,50.5,6468,16.5,2,36.8,0,0,12232.0,38.1611460,-122.4586380,35.5,116.5,0,0,0
297.80,82.2,51.1,6356,15.0,2,37.6,0,0,12232.0,38.1611370,-122.4586570,39.0,128.0,0,0,0
297.90,81.1,50.4,6395,16.0,2,38.5,0,0,12232.0,38.1611290,-122.4586770,39.0,128.0,0,0,0
298.00,81.2,50.4,6288,24.5,2,39.3,0,0,12232.0,38.1611210,-122.4586970,39.0,128.0,0,0,0
298.10,80.1,49.8,6313,25.0,2,39.7,0,0,12232.0,38.1611140,-122.4587170,39.0,128.0,0,0,0
298.20,80.8,50.2,6339,28.0,2,39.2,0,0,12232.0,38.1611070,-122.4587370,39.0,128.0,0,0,0
298.30,80.9,50.2,6317,35.0,2,38.5,0,0,12232.0,38.1611010,-122.4587570,39.0,128.0,0,0,0
298.40,80.4,50.0,6323,38.5,2,38.0,0,0,12232.0,38.1610960,-122.4587780,39.0,128.0,0,0,0
298.50,80.4,50.0,6327,38.5,2,37.8,0,0,12232.0,38.1610910,-122.4587980,39.0,128.0,0,0,0
298.60,81.1,50.4,6409,38.0,2,38.3,0,0,12232.0,38.1610870,-122.4588200,39.0,128.0,0,0,0
298.70,81.6,50.7,6435,38.5,2,39.1,0,0,12232.0,38.1610840,-122.4588410,39.0,128.0,0,0,0
298.80,81.5,50.6,6450,38.5,2,39.0,0,0,12232.0,38.1610800,-122.4588620,41.5,136.2,0,0,0
298.90,81.9,50.9,6437,39.0,2,38.5,0,0,12232.0,38.1610780,-122.4588840,41.5,136.2,0,0,0
299.00,81.6,50.7,6452,39.5,2,38.3,0,0,12232.0,38.1610760,-122.4589060,41.5,136.2,0,0,0
299.10,82.2,51.1,6515,39.5,2,38.3,0,0,12232.0,38.1610750,-122.4589290,41.5,136.2,0,0,0
299.20,82.9,51.5,6545,40.0,2,38.7,0,0,12232.0,38.1610750,-122.4589510,41.5,136.2,0,0,0
299.30,83.1,51.7,6633,42.0,2,39.3,0,0,12232.0,38.1610740,-122.4589730,41.5,136.2,0,0,0
299.40,84.5,52.5,6749,49.0,2,39.7,0,0,12232.0,38.1610740,-122.4589960,41.5,136.2,0,0,0
299.50,84.8,52.7,6748,49.0,2,39.7,0,0,12232.0,38.1610750,-122.4590180,41.5,136.2,0,0,0
299.60,85.6,53.2,6814,54.0,2,39.1,0,0,12232.0,38.1610760,-122.4590410,41.5,136.2,0,0,0
299.70,86.6,53.8,6831,57.5,2,38.5,0,0,12232.0,38.1610780,-122.4590640,41.5,136.2,0,0,0
299.80,87.0,54.0,7138,65.5,2,38.2,0,0,12232.0,38.1610800,-122.4590870,42.9,140.7,0,0,0
299.90,90.2,56.0,7168,66.0,2,38.0,0,0,12232.0,38.1610840,-122.4591100,42.9,140.7,0,0,0
300.00,91.0,56.5,7198,69.0,2,37.4,0,0,12232.0,38.1610880,-122.4591330,42.9,140.7,0,0,0
300.10,91.4,56.8,7343,69.0,2,36.5,0,0,12232.0,38.1610920,-122.4591570,42.9,140.7,0,0,0
300.20,93.6,58.1,7433,69.0,2,35.3,0,0,12232.0,38.1610980,-122.4591800,42.9,140.7,0,0,0
300.30,94.6,58.8,7555,69.0,2,34.2,0,0,12232.0,38.1611040,-122.4592040,42.9,140.7,0,0,0
300.40,95.4,59.2,7657,70.0,2,33.4,0,0,12232.0,38.1611110,-122.4592280,42.9,140.7,0,0,0
300.50,97.3,60.4,7805,70.5,2,33.0,0,0,12232.0,38.1611190,-122.4592530,42.9,140.7,0,0,0
300.60,99.4,61.7,7893,73.0,2,32.4,0,0,12232.0,38.1611270,-122.4592770,42.9,140.7,0,0,0
300.70,100.1,62.2,8048,75.0,2,31.6,0,0,12232.0,38.1611360,-122.4593020,42.9,140.7,0,0,0
300.80,101.7,63.2,8204,75.0,2,30.9,0,0,12232.0,38.1611450,-122.4593260,44.0,144.4,0,0,0
300.90,104.5,64.9,8361,75.0,2,30.6,0,0,12232.0,38.1611550,-122.4593510,44.0,144.4,0,0,0
301.00,106.0,65.9,8473,75.0,2,30.8,0,0,12232.0,38.1611660,-122.4593770,44.0,144.4,0,0,0
301.10,107.9,67.0,8631,73.5,2,31.1,0,0,12232.0,38.1611770,-122.4594020,44.0,144.4,0,0,0
301.20,109.9,68.3,8754,72.0,2,31.5,0,0,12232.0,38.1611890,-122.4594270,44.0,144.4,0,0,0
301.30,111.0,69.0,8853,72.0,2,31.6,0,0,12232.0,38.1612010,-122.4594530,44.0,144.4,0,0,0
301.40,112.9,70.1,9044,72.0,2,31.3,0,0,12232.0,38.1612150,-122.4594790,44.0,144.4,0,0,0
301.50,115.2,71.6,9099,72.0,2,30.7,0,0,12232.0,38.1612280,-122.4595040,44.0,144.4,0,0,0
301.60,115.2,71.6,9180,72.0,2,29.9,0,0,12232.0,38.1612420,-122.4595300,44.0,144.4,0,0,0
301.70,116.9,72.6,9309,72.0,2,29.1,0,0,12232.0,38.1612570,-122.4595560,44.0,144.4,0,0,0
301.80,118.7,73.8,8516,75.5,2,27.6,0,0,12232.0,38.1612730,-122.4595820,44.9,147.3,0,0,0
301.90,115.9,72.0,7444,84.5,3,25.7,0,0,12232.0,38.1612890,-122.4596080,44.9,147.3,0,0,0
302.00,118.2,73.4,7519,87.0,3,24.4,0,0,12232.0,38.1613050,-122.4596330,44.9,147.3,0,0,0
302.10,119.4,74.2,7590,93.0,3,23.9,0,0,12232.0,38.1613220,-122.4596590,44.9,147.3,0,0,0
302.20,120.6,74.9,7657,98.0,3,24.0,0,0,12232.0,38.1613390,-122.4596840,44.9,147.3,0,0,0
302.30,121.5,75.5,7774,100.0,3,24.3,0,0,12232.0,38.1613570,-122.4597090,44.9,147.3,0,0,0
302.40,123.2,76.5,7839,100.0,3,24.7,0,0,12232.0,38.1613750,-122.4597350,44.9,147.3,0,0,0
302.50,123.8,76.9,7900,100.0,3,24.7,0,0,12232.0,38.1613930,-122.4597600,44.9,147.3,0,0,0
302.60,125.1,77.7,8003,100.0,3,24.3,0,0,12232.0,38.1614130,-122.4597860,44.9,147.3,0,0,0
302.70,126.8,78.8,8043,100.0,3,23.7,0,0,12232.0,38.1614320,-122.4598110,44.9,147.3,0,0,0
302.80,127.8,79.4,8106,100.0,3,22.8,0,0,12232.0,38.1614520,-122.4598370,45.8,150.3,0,0,0
302.90,128.5,79.8,8157,100.0,3,21.8,0,0,12232.0,38.1614730,-122.4598620,45.8,150.3,0,0,0
303.00,129.4,80.4,8193,100.0,3,20.2,0,0,12232.0,38.1614930,-122.4598870,45.8,150.3,0,0,0
303.10,129.2,80.3,8258,100.0,3,18.5,0,0,12232.0,38.1615140,-122.4599130,45.8,150.3,0,0,0
303.20,130.6,81.1,8295,98.0,3,16.9,0,0,12232.0,38.1615360,-122.4599380,45.8,150.3,0,0,0
303.30,132.0,82.0,8341,95.5,3,15.7,0,0,12232.0,38.1615580,-122.4599630,45.8,150.3,0,0,0
303.40,132.6,82.4,8395,93.0,3,14.4,0,0,12232.0,38.1615800,-122.4599890,45.8,150.3,0,0,0
303.50,133.3,82.8,8509,87.0,3,13.3,0,0,12232.0,38.1616030,-122.4600140,45.8,150.3,0,0,0
303.60,134.7,83.7,8589,83.0,3,12.8,0,0,12232.0,38.1616260,-122.4600400,45.8,150.3,0,0,0
303.70,136.0,84.5,8644,81.0,3,12.5,0,0,12232.0,38.1616490,-122.4600650,45.8,150.3,0,0,0
303.80,136.8,85.0,8724,79.0,3,12.4,0,0,12232.0,38.1616730,-122.4600910,46.0,150.9,0,0,0
303.90,138.7,86.2,8777,77.0,3,11.6,0,0,12232.0,38.1616980,-122.4601170,46.0,150.9,0,0,0
304.00,139.5,86.7,8806,71.5,3,10.9,0,0,12232.0,38.1617220,-122.4601430,46.0,150.9,0,0,0
304.10,140.0,87.0,8752,59.5,3,10.3,0,0,12232.0,38.1617470,-122.4601680,46.0,150.9,0,0,0
304.20,139.8,86.9,8709,47.0,3,9.2,0,0,12232.0,38.1617720,-122.4601940,46.0,150.9,0,0,0
304.30,139.1,86.4,8631,22.5,3,8.0,0,0,12232.0,38.1617980,-122.4602200,46.0,150.9,0,0,0
304.40,137.9,85.7,8254,0.0,3,7.0,0,0,12232.0,38.1618230,-122.4602460,46.0,150.9,0,0,0
304.50,132.9,82.6,8468,0.0,3,6.3,0,0,12232.0,38.1618490,-122.4602710,46.0,150.9,0,0,0
304.60,134.8,83.8,8373,0.0,3,6.4,0,0,12232.0,38.1618740,-122.4602960,46.0,150.9,0,0,0
304.70,133.7,83.1,8331,0.0,3,6.6,0,0,12232.0,38.1618990,-122.4603200,46.0,150.9,0,0,0
304.80,132.8,82.5,8260,0.0,3,7.3,0,0,12232.0,38.1619240,-122.4603450,45.6,149.6,0,0,0
304.90,131.4,81.7,8170,0.0,3,8.0,0,0,12232.0,38.1619490,-122.4603680,45.6,149.6,0,0,0
305.00,130.5,81.1,8110,0.0,3,7.8,0,0,12232.0,38.1619740,-122.4603920,45.6,149.6,0,0,0
305.10,129.5,80.5,8028,0.0,3,6.4,0,0,12232.0,38.1619990,-122.4604150,45.6,149.6,0,0,0
305.20,127.6,79.3,7911,0.0,3,3.7,0,0,12232.0,38.1620230,-122.4604380,45.6,149.6,0,0,0
305.30,126.0,78.3,7868,0.0,3,1.6,0,0,12232.0,38.1620480,-122.4604600,45.6,149.6,0,0,0
305.40,125.5,78.0,7841,0.0,3,-0.8,0,0,12232.0,38.1620720,-122.4604830,45.6,149.6,0,0,0
305.50,124.4,77.3,7708,0.0,3,-3.8,0,0,12232.0,38.1620950,-122.4605050,45.6,149.6,0,0,0
305.60,122.7,76.2,7665,0.0,3,-6.8,0,0,12232.0,38.1621190,-122.4605270,45.6,149.6,0,0,0
305.70,122.3,76.0,7614,0.0,3,-9.6,0,0,12232.0,38.1621420,-122.4605490,45.6,149.6,0,0,0
305.80,121.1,75.2,7557,0.0,3,-12.9,0,0,12232.0,38.1621650,-122.4605710,44.9,147.3,0,0,0
305.90,120.3,74.7,7519,0.0,3,-15.3,0,0,12232.0,38.1621880,-122.4605930,44.9,147.3,0,0,0
306.00,119.5,74.3,7478,0.0,3,-17.7,0,0,12232.0,38.1622100,-122.4606150,44.9,147.3,0,0,0
306.10,118.5,73.6,7426,0.0,3,-20.1,0,0,12232.0,38.1622320,-122.4606370,44.9,147.3,0,0,0
306.20,118.4,73.6,7431,0.0,3,-21.9,0,0,12232.0,38.1622540,-122.4606590,44.9,147.3,0,0,0
306.30,117.9,73.3,7380,0.0,3,-23.8,0,0,12232.0,38.1622750,-122.4606810,44.9,147.3,0,0,0
306.40,117.5,73.0,7353,0.0,3,-25.8,0,0,12232.0,38.1622950,-122.4607040,44.9,147.3,0,0,0
306.50,116.9,72.6,7316,0.0,3,-27.4,0,0,12232.0,38.1623160,-122.4607260,44.9,147.3,0,0,0
306.60,116.4,72.3,7219,0.0,3,-28.1,0,0,12232.0,38.1623350,-122.4607490,44.9,147.3,0,0,0
306.70,114.6,71.2,7224,8.5,3,-28.8,0,0,12232.0,38.1623540,-122.4607730,44.9,147.3,0,0,0
306.80,114.5,71.1,7227,3.0,3,-29.2,0,0,12232.0,38.1623720,-122.4607960,43.7,143.4,0,0,0
306.90,114.1,70.9,7182,7.5,3,-30.2,0,0,12232.0,38.1623900,-122.4608200,43.7,143.4,0,0,0
307.00,114.0,70.8,7445,24.5,3,-31.0,0,0,12232.0,38.1624070,-122.4608440,43.7,143.4,0,0,0
307.10,112.9,70.1,7153,27.5,3,-31.5,0,0,12232.0,38.1624240,-122.4608690,43.7,143.4,0,0,0
307.20,114.1,70.9,7152,28.5,3,-31.6,0,0,12232.0,38.1624400,-122.4608940,43.7,143.4,0,0,0
307.30,113.7,70.6,7133,29.0,3,-32.1,0,0,12232.0,38.1624550,-122.4609190,43.7,143.4,0,0,0
307.40,113.5,70.5,7062,34.0,3,-32.7,0,0,12232.0,38.1624710,-122.4609450,43.7,143.4,0,0,0
307.50,112.4,69.9,7113,37.0,3,-33.3,0,0,12232.0,38.1624840,-122.4609710,43.7,143.4,0,0,0
307.60,112.5,69.9,7123,42.5,3,-33.9,0,0,12232.0,38.1624980,-122.4609980,43.7,143.4,0,0,0
307.70,112.9,70.2,7114,43.5,3,-34.4,0,0,12232.0,38.1625110,-122.4610260,43.7,143.4,0,0,0
307.80,113.3,70.4,7081,44.0,3,-34.3,0,0,12232.0,38.1625220,-122.4610540,43.9,144.0,0,0,0
307.90,112.4,69.9,7094,50.5,3,-33.9,0,0,12232.0,38.1625340,-122.4610830,43.9,144.0,0,0,0
308.00,112.9,70.2,7196,52.0,3,-33.6,0,0,12232.0,38.1625450,-122.4611120,43.9,144.0,0,0,0
308.10,113.7,70.7,7191,51.0,3,-33.8,0,0,12232.0,38.1625540,-122.4611420,43.9,144.0,0,0,0
308.20,114.5,71.1,7205,49.0,3,-34.1,0,0,12232.0,38.1625640,-122.4611720,43.9,144.0,0,0,0
308.30,114.3,71.0,7152,50.5,3,-33.9,0,0,12232.0,38.1625720,-122.4612020,43.9,144.0,0,0,0
308.40,113.7,70.7,7174,56.0,3,-33.1,0,0,12232.0,38.1625800,-122.4612320,43.9,144.0,0,0,0
308.50,114.0,70.8,7111,53.5,3,-32.4,0,0,12232.0,38.1625870,-122.4612620,43.9,144.0,0,0,0
308.60,114.3,71.0,7169,53.0,3,-32.1,0,0,12232.0,38.1625930,-122.4612930,43.9,144.0,0,0,0
308.70,114.1,70.9,7188,58.5,3,-31.7,0,0,12232.0,38.1625990,-122.4613230,43.9,144.0,0,0,0
308.80,114.6,71.2,7234,60.5,3,-31.1,0,0,12232.0,38.1626050,-122.4613540,46.4,152.2,0,0,0
308.90,114.9,71.4,7109,51.0,3,-30.6,0,0,12232.0,38.1626100,-122.4613850,46.4,152.2,0,0,0
309.00,113.4,70.5,7074,48.0,3,-29.9,0,0,12232.0,38.1626140,-122.4614160,46.4,152.2,0,0,0
309.10,112.5,69.9,7082,47.0,3,-29.2,0,0,12232.0,38.1626180,-122.4614480,46.4,152.2,0,0,0
309.20,112.1,69.6,7074,47.0,3,-28.5,0,0,12232.0,38.1626210,-122.4614790,46.4,152.2,0,0,0
309.30,112.4,69.9,7039,45.5,3,-27.5,0,0,12232.0,38.1626240,-122.4615110,46.4,152.2,0,0,0
309.40,112.2,69.7,6969,43.0,3,-25.8,0,0,12232.0,38.1626260,-122.4615430,46.4,152.2,0,0,0
309.50,110.3,68.5,6826,37.5,3,-22.5,0,0,12232.0,38.1626280,-122.4615750,46.4,152.2,0,0,0
309.60,108.9,67.6,6746,32.0,3,-17.5,0,0,12232.0,38.1626290,-122.4616060,46.4,152.2,0,0,0
309.70,107.2,66.6,6652,28.0,3,-11.5,0,0,12232.0,38.1626300,-122.4616380,46.4,152.2,0,0,0
309.80,106.1,65.9,6610,26.0,3,-4.4,0,0,12232.0,38.1626300,-122.4616700,50.2,164.7,0,0,0
309.90,105.3,65.4,6604,24.5,3,2.7,0,0,12232.0,38.1626300,-122.4617010,50.2,164.7,0,0,0
310.00,105.0,65.2,6630,22.0,3,10.9,0,0,12232.0,38.1626310,-122.4617320,50.2,164.7,0,0,0
310.10,105.3,65.4,6626,17.5,3,19.0,0,0,12232.0,38.1626310,-122.4617630,50.2,164.7,0,0,0
310.20,104.9,65.2,6664,16.0,3,25.7,0,0,12232.0,38.1626310,-122.4617940,50.2,164.7,0,0,0
310.30,105.5,65.5,6640,15.5,3,29.6,0,0,12232.0,38.1626320,-122.4618240,50.2,164.7,0,0,0
310.40,105.1,65.3,6562,14.0,3,32.7,0,0,12232.0,38.1626340,-122.4618540,50.2,164.7,0,0,0
310.50,104.9,65.2,6546,7.0,3,35.4,0,0,12232.0,38.1626370,-122.4618840,50.2,164.7,0,0,0
310.60,104.0,64.6,6148,3.5,3,36.9,0,0,12232.0,38.1626390,-122.4619130,50.2,164.7,0,0,0
310.70,100.2,62.3,6357,3.0,3,37.6,0,0,12232.0,38.1626430,-122.4619420,50.2,164.7,0,0,0
310.80,100.9,62.7,6258,2.5,3,37.6,0,0,12232.0,38.1626470,-122.4619710,53.0,173.9,0,0,0
310.90,99.8,62.0,6196,9.0,3,37.3,0,0,12232.0,38.1626520,-122.4619990,53.0,173.9,0,0,0
311.00,98.1,61.0,6261,19.0,3,37.4,0,0,12232.0,38.1626570,-122.4620260,53.0,173.9,0,0,0
311.10,97.7,60.7,6339,24.5,3,37.2,0,0,12232.0,38.1626620,-122.4620520,53.0,173.9,0,0,0
311.20,99.8,62.0,6242,39.0,3,37.0,0,0,12232.0,38.1626690,-122.4620780,53.0,173.9,0,0,0
311.30,99.4,61.7,6200,42.5,3,37.1,0,0,12232.0,38.1626750,-122.4621040,53.0,173.9,0,0,0
311.40,98.5,61.2,6267,44.0,3,37.3,0,0,12232.0,38.1626820,-122.4621300,53.0,173.9,0,0,0
311.50,99.5,61.8,6230,44.0,3,37.6,0,0,12232.0,38.1626900,-122.4621550,53.0,173.9,0,0,0
311.60,99.6,61.9,6338,52.0,3,38.2,0,0,12232.0,38.1626980,-122.4621800,53.0,173.9,0,0,0
311.70,100.5,62.4,6351,54.0,3,38.8,0,0,12232.0,38.1627070,-122.4622050,53.0,173.9,0,0,0
311.80,101.1,62.8,6463,63.0,3,38.9,0,0,12232.0,38.1627160,-122.4622290,55.4,181.8,0,0,0
311.90,102.1,63.4,6475,63.5,3,38.8,0,0,12232.0,38.1627270,-122.4622540,55.4,181.8,0,0,0
312.00,103.2,64.1,6535,63.5,3,38.6,0,0,12232.0,38.1627370,-122.4622780,55.4,181.8,0,0,0
312.10,104.2,64.8,6582,63.5,3,38.5,0,0,12232.0,38.1627490,-122.4623020,55.4,181.8,0,0,0
312.20,104.6,65.0,6629,65.5,3,38.5,0,0,12232.0,38.1627610,-122.4623270,55.4,181.8,0,0,0
312.30,106.5,66.2,6706,66.0,3,38.5,0,0,12232.0,38.1627730,-122.4623510,55.4,181.8,0,0,0
312.40,107.6,66.8,6740,67.0,3,38.1,0,0,12232.0,38.1627860,-122.4623740,55.4,181.8,0,0,0
312.50,108.2,67.2,6875,67.5,3,37.7,0,0,12232.0,38.1628000,-122.4623980,55.4,181.8,0,0,0
312.60,109.3,67.9,6918,67.0,3,37.5,0,0,12232.0,38.1628140,-122.4624210,55.4,181.8,0,0,0
312.70,110.6,68.7,6979,65.5,3,37.7,0,0,12232.0,38.1628300,-122.4624440,55.4,181.8,0,0,0
312.80,110.9,68.9,7066,63.5,3,38.1,0,0,12232.0,38.1628450,-122.4624670,56.6,185.7,0,0,0
312.90,112.3,69.8,7104,56.0,3,38.4,0,0,12232.0,38.1628610,-122.4624890,56.6,185.7,0,0,0
313.00,112.9,70.1,7119,53.5,3,38.5,0,0,12232.0,38.1628780,-122.4625120,56.6,185.7,0,0,0
313.10,113.5,70.5,7143,55.0,3,38.2,0,0,12232.0,38.1628950,-122.4625340,56.6,185.7,0,0,0
313.20,113.2,70.3,7300,72.5,3,37.4,0,0,12232.0,38.1629130,-122.4625560,56.6,185.7,0,0,0
313.30,115.7,71.9,7277,72.5,3,35.8,0,0,12232.0,38.1629310,-122.4625770,56.6,185.7,0,0,0
313.40,116.1,72.1,7296,71.5,3,33.5,0,0,12232.0,38.1629490,-122.4625980,56.6,185.7,0,0,0
313.50,116.4,72.3,7352,71.5,3,30.5,0,0,12232.0,38.1629680,-122.4626190,56.6,185.7,0,0,0
313.60,116.6,72.4,7353,70.5,3,27.8,0,0,12232.0,38.1629880,-122.4626400,56.6,185.7,0,0,0
313.70,116.3,72.3,7316,68.5,3,25.0,0,0,12232.0,38.1630080,-122.4626610,56.6,185.7,0,0,0
313.80,116.4,72.3,7287,61.0,3,21.7,0,0,12232.0,38.1630290,-122.4626810,56.1,184.1,0,0,0
313.90,115.6,71.8,7221,45.5,3,18.3,0,0,12232.0,38.1630500,-122.4627020,56.1,184.1,0,0,0
314.00,115.0,71.5,7033,26.5,3,16.0,0,0,12232.0,38.1630720,-122.4627220,56.1,184.1,0,0,0
314.10,113.7,70.7,6868,0.0,3,14.3,0,0,12232.0,38.1630930,-122.4627420,56.1,184.1,0,0,0
314.20,110.4,68.6,7069,0.0,3,12.6,0,0,12232.0,38.1631150,-122.4627630,56.1,184.1,0,0,0
314.30,112.0,69.6,7029,0.0,3,11.1,0,0,12232.0,38.1631370,-122.4627830,56.1,184.1,0,0,0
314.40,111.8,69.4,6979,0.0,3,10.3,0,0,12232.0,38.1631590,-122.4628030,56.1,184.1,0,0,0
314.50,111.0,69.0,6943,0.0,3,8.5,0,0,12232.0,38.1631810,-122.4628220,56.1,184.1,0,0,0
314.60,110.2,68.5,6879,0.0,3,7.3,0,0,12232.0,38.1632020,-122.4628410,56.1,184.1,0,0,0
314.70,109.4,68.0,6823,0.0,3,6.2,0,0,12232.0,38.1632230,-122.4628600,56.1,184.1,0,0,0
314.80,108.3,67.3,6789,0.0,3,5.1,0,0,12232.0,38.1632450,-122.4628780,53.2,174.5,0,0,0
314.90,107.3,66.7,7937,0.0,3,3.1,0,0,12232.0,38.1632670,-122.4628960,53.2,174.5,0,0,0
315.00,102.8,63.9,8269,0.0,2,1.5,0,0,12232.0,38.1632880,-122.4629140,53.2,174.5,0,0,0
315.10,103.7,64.4,7928,0.0,2,1.0,0,0,12232.0,38.1633090,-122.4629320,53.2,174.5,0,0,0
315.20,102.4,63.7,7661,0.0,2,0.4,0,0,12232.0,38.1633290,-122.4629490,53.2,174.5,0,0,0
315.30,97.7,60.7,7582,0.0,2,-0.2,0,0,12232.0,38.1633490,-122.4629670,53.2,174.5,0,0,0
315.40,96.5,60.0,7580,0.0,2,-0.3,0,0,12232.0,38.1633690,-122.4629830,53.2,174.5,0,0,0
315.50,95.8,59.5,7435,0.0,2,-0.3,0,0,12232.0,38.1633880,-122.4630000,53.2,174.5,0,0,0
315.60,93.8,58.3,7305,0.0,2,-0.2,0,0,12232.0,38.1634070,-122.4630160,53.2,174.5,0,0,0
315.70,93.2,57.9,7266,0.0,2,-0.3,0,0,12232.0,38.1634260,-122.4630320,53.2,174.5,0,0,0
315.80,92.5,57.5,7200,0.0,2,-0.1,0,0,12232.0,38.1634440,-122.4630470,50.2,164.7,0,0,0
315.90,91.6,56.9,7097,0.0,2,0.7,0,0,12232.0,38.1634620,-122.4630630,50.2,164.7,0,0,0
316.00,90.1,56.0,7029,0.0,2,1.4,0,0,12232.0,38.1634800,-122.4630780,50.2,164.7,0,0,0
316.10,89.2,55.5,6967,0.0,2,1.8,0,0,12232.0,38.1634980,-122.4630920,50.2,164.7,0,0,0
316.20,88.1,54.7,6890,0.0,2,1.8,0,0,12232.0,38.1635150,-122.4631070,50.2,164.7,0,0,0
316.30,87.6,54.4,6794,0.0,2,1.3,0,0,12232.0,38.1635330,-122.4631220,50.2,164.7,0,0,0
316.40,86.8,53.9,6751,0.0,2,1.4,0,0,12232.0,38.1635500,-122.4631360,50.2,164.7,0,0,0
316.50,85.6,53.2,6720,0.0,2,1.7,0,0,12232.0,38.1635670,-122.4631500,50.2,164.7,0,0,0
316.60,85.2,52.9,6685,0.0,2,2.1,0,0,12232.0,38.1635840,-122.4631650,50.2,164.7,0,0,0
316.70,84.9,52.7,6616,0.0,2,2.8,0,0,12232.0,38.1636010,-122.4631790,50.2,164.7,0,0,0
316.80,83.9,52.2,6545,0.0,2,3.5,0,0,12232.0,38.1636170,-122.4631930,48.6,159.4,0,0,0
316.90,83.1,51.6,6462,0.0,2,5.7,0,0,12232.0,38.1636340,-122.4632070,48.6,159.4,0,0,0
317.00,82.2,51.1,6445,0.0,2,9.3,0,0,12232.0,38.1636500,-122.4632200,48.6,159.4,0,0,0
317.10,81.7,50.8,6416,0.0,2,13.6,0,0,12232.0,38.1636660,-122.4632330,48.6,159.4,0,0,0
317.20,81.3,50.5,6385,0.0,2,18.0,0,0,12232.0,38.1636830,-122.4632470,48.6,159.4,0,0,0
317.30,81.2,50.4,6333,0.0,2,21.5,0,0,12232.0,38.1636990,-122.4632590,48.6,159.4,0,0,0
317.40,80.7,50.2,6276,0.0,2,24.6,0,0,12232.0,38.1637150,-122.4632720,48.6,159.4,0,0,0
317.50,79.9,49.6,6254,0.0,2,27.0,0,0,12232.0,38.1637320,-122.4632830,48.6,159.4,0,0,0
317.60,79.3,49.3,6200,0.0,2,28.3,0,0,12232.0,38.1637480,-122.4632940,48.6,159.4,0,0,0
317.70,79.0,49.1,6178,0.0,2,29.1,0,0,12233.0,38.1637640,-122.4633040,48.6,159.4,0,0,0
317.80,78.2,48.6,6079,0.0,2,30.0,0,0,12233.0,38.1637800,-122.4633140,47.3,155.2,0,0,0
317.90,77.4,48.1,6032,0.0,2,30.5,0,0,12233.0,38.1637960,-122.4633230,47.3,155.2,0,0,0
318.00,76.6,47.6,6005,0.0,2,30.9,0,0,12233.0,38.1638130,-122.4633320,47.3,155.2,0,0,0
318.10,76.3,47.4,5942,0.0,2,31.3,0,0,12233.0,38.1638290,-122.4633400,47.3,155.2,0,0,0
318.20,75.4,46.9,5928,0.0,2,31.9,0,0,12233.0,38.1638450,-122.4633470,47.3,155.2,0,0,0
318.30,75.1,46.7,5855,0.0,2,32.5,0,0,12233.0,38.1638620,-122.4633530,47.3,155.2,0,0,0
318.40,74.7,46.4,5826,0.0,2,33.1,0,0,12233.0,38.1638780,-122.4633590,47.3,155.2,0,0,0
318.50,74.0,46.0,5776,0.0,2,33.4,0,0,12233.0,38.1638950,-122.4633640,47.3,155.2,0,0,0
318.60,73.7,45.8,5741,0.0,2,33.7,0,0,12233.0,38.1639110,-122.4633680,47.3,155.2,0,0,0
318.70,73.0,45.3,5689,0.0,2,34.1,0,0,12233.0,38.1639270,-122.4633720,47.3,155.2,0,0,0
318.80,72.4,45.0,5655,0.0,2,35.2,0,0,12233.0,38.1639440,-122.4633750,45.9,150.6,0,0,0
318.90,72.2,44.9,5665,0.0,2,35.5,0,0,12233.0,38.1639600,-122.4633760,45.9,150.6,0,0,0
319.00,71.7,44.6,5628,0.0,2,35.2,0,0,12233.0,38.1639760,-122.4633780,45.9,150.6,0,0,0
319.10,71.2,44.2,5568,5.5,2,35.2,0,0,12233.0,38.1639910,-122.4633790,45.9,150.6,0,0,0
319.20,70.9,44.0,5566,5.5,2,36.4,0,0,12233.0,38.1640070,-122.4633780,45.9,150.6,0,0,0
319.30,70.7,43.9,5569,6.5,2,37.1,0,0,12233.0,38.1640230,-122.4633770,45.9,150.6,0,0,0
319.40,70.6,43.9,5553,12.0,2,38.1,0,0,12233.0,38.1640390,-122.4633750,45.9,150.6,0,0,0
319.50,70.9,44.1,5922,20.5,2,39.3,0,0,12233.0,38.1640540,-122.4633730,45.9,150.6,0,0,0
319.60,71.1,44.2,5683,18.5,2,40.4,0,0,12233.0,38.1640690,-122.4633690,45.9,150.6,0,0,0
319.70,72.9,45.3,5804,24.0,2,41.3,0,0,12233.0,38.1640840,-122.4633640,45.9,150.6,0,0,0
319.80,73.8,45.8,5895,27.5,2,41.9,0,0,12233.0,38.1640990,-122.4633600,44.5,146.0,0,0,0
319.90,74.8,46.5,5879,35.0,2,41.6,0,0,12233.0,38.1641140,-122.4633540,44.5,146.0,0,0,0
320.00,75.7,47.1,6018,36.0,2,41.9,0,0,12233.0,38.1641290,-122.4633470,44.5,146.0,0,0,0
320.10,76.8,47.8,6128,40.5,2,42.4,0,0,12233.0,38.1641440,-122.4633400,44.5,146.0,0,0,0
320.20,78.2,48.6,6240,44.0,2,42.4,0,0,12233.0,38.1641580,-122.4633310,44.5,146.0,0,0,0
320.30,79.4,49.3,6380,50.5,2,42.1,0,0,12233.0,38.1641730,-122.4633210,44.5,146.0,0,0,0
320.40,81.4,50.6,6519,52.5,2,41.7,0,0,12233.0,38.1641870,-122.4633110,44.5,146.0,0,0,0
320.50,83.0,51.5,6635,52.5,2,41.3,0,0,12233.0,38.1642010,-122.4632990,44.5,146.0,0,0,0
320.60,84.6,52.6,6776,52.5,2,41.3,0,0,12233.0,38.1642150,-122.4632870,44.5,146.0,0,0,0
320.70,86.4,53.7,6887,53.0,2,41.2,0,0,12233.0,38.1642290,-122.4632730,44.5,146.0,0,0,0
320.80,87.9,54.6,7012,54.0,2,41.5,0,0,12233.0,38.1642430,-122.4632580,42.4,139.1,0,0,0
320.90,89.6,55.7,7186,56.0,2,41.6,0,0,12233.0,38.1642570,-122.4632420,42.4,139.1,0,0,0
321.00,91.5,56.9,7321,56.5,2,41.6,0,0,12233.0,38.1642700,-122.4632260,42.4,139.1,0,0,0
321.10,93.1,57.8,7428,58.0,2,41.6,0,0,12233.0,38.1642830,-122.4632070,42.4,139.1,0,0,0
321.20,95.0,59.0,7553,58.5,2,41.4,0,0,12233.0,38.1642950,-122.4631880,42.4,139.1,0,0,0
321.30,96.4,59.9,7714,61.5,2,41.1,0,0,12233.0,38.1643070,-122.4631690,42.4,139.1,0,0,0
321.40,98.7,61.3,7916,66.0,2,40.9,0,0,12233.0,38.1643190,-122.4631480,42.4,139.1,0,0,0
321.50,101.1,62.8,8044,68.0,2,40.4,0,0,12233.0,38.1643310,-122.4631260,42.4,139.1,0,0,0
321.60,102.2,63.5,8159,69.5,2,39.0,0,0,12233.0,38.1643420,-122.4631030,42.4,139.1,0,0,0
321.70,104.3,64.8,8350,72.5,2,37.0,0,0,12233.0,38.1643520,-122.4630790,42.4,139.1,0,0,0
321.80,106.3,66.1,8540,76.5,2,34.6,0,0,12233.0,38.1643620,-122.4630540,40.1,131.6,0,0,0
321.90,109.1,67.8,8711,76.0,2,32.7,0,0,12233.0,38.1643720,-122.4630270,40.1,131.6,0,0,0
322.00,110.6,68.8,8821,76.0,2,30.8,0,0,12233.0,38.1643810,-122.4630000,40.1,131.6,0,0,0
322.10,112.6,70.0,8953,76.0,2,28.0,0,0,12233.0,38.1643900,-122.4629710,40.1,131.6,0,0,0
322.20,113.8,70.7,9069,76.5,2,25.4,0,0,12233.0,38.1643990,-122.4629430,40.1,131.6,0,0,0
322.30,115.9,72.0,9245,76.5,2,23.2,0,0,12233.0,38.1644080,-122.4629130,40.1,131.6,0,0,0
322.40,117.3,72.9,7685,78.0,2,21.4,0,0,12233.0,38.1644160,-122.4628820,40.1,131.6,0,0,0
322.50,114.3,71.0,7178,80.0,3,18.8,0,0,12233.0,38.1644250,-122.4628500,40.1,131.6,0,0,0
322.60,115.8,72.0,7506,80.5,3,16.6,0,0,12233.0,38.1644330,-122.4628180,40.1,131.6,0,0,0
322.70,119.5,74.3,7657,80.5,3,15.9,0,0,12233.0,38.1644400,-122.4627860,40.1,131.6,0,0,0
322.80,121.3,75.4,7772,80.0,3,15.7,0,0,12233.0,38.1644480,-122.4627520,36.8,120.7,0,0,0
322.90,122.9,76.4,7897,79.5,3,15.4,0,0,12233.0,38.1644560,-122.4627180,36.8,120.7,0,0,0
323.00,125.0,77.7,7914,73.5,3,15.8,0,0,12233.0,38.1644630,-122.4626840,36.8,120.7,0,0,0
323.10,126.5,78.6,8039,67.5,3,16.4,0,0,12233.0,38.1644700,-122.4626490,36.8,120.7,0,0,0
323.20,128.4,79.8,8157,59.5,3,16.8,0,0,12233.0,38.1644780,-122.4626130,36.8,120.7,0,0,0
323.30,129.9,80.7,8231,59.5,3,17.4,0,0,12233.0,38.1644850,-122.4625770,36.8,120.7,0,0,0
323.40,131.1,81.5,8288,59.5,3,18.3,0,0,12233.0,38.1644910,-122.4625400,36.8,120.7,0,0,0
323.50,132.2,82.2,8371,58.5,3,19.3,0,0,12233.0,38.1644970,-122.4625030,36.8,120.7,0,0,0
323.60,133.5,83.0,8425,51.0,3,20.5,0,0,12233.0,38.1645030,-122.4624650,36.8,120.7,0,0,0
323.70,134.5,83.6,8472,48.0,3,21.8,0,0,12233.0,38.1645080,-122.4624270,36.8,120.7,0,0,0
323.80,135.1,84.0,8518,44.0,3,23.6,0,0,12233.0,38.1645130,-122.4623880,33.9,111.2,0,0,0
323.90,136.3,84.7,8581,37.0,3,26.3,0,0,12233.0,38.1645170,-122.4623500,33.9,111.2,0,0,0
324.00,136.4,84.8,8646,38.0,3,28.5,0,0,12233.0,38.1645210,-122.4623110,33.9,111.2,0,0,0
324.10,137.5,85.4,8661,40.5,3,29.4,0,0,12233.0,38.1645240,-122.4622720,33.9,111.2,0,0,0
324.20,138.2,85.9,8736,40.5,3,30.4,0,0,12233.0,38.1645270,-122.4622330,33.9,111.2,0,0,0
324.30,139.1,86.4,8762,37.5,3,31.9,0,0,12233.0,38.1645300,-122.4621940,33.9,111.2,0,0,0
324.40,139.3,86.6,8795,35.0,3,33.3,0,0,12233.0,38.1645320,-122.4621540,33.9,111.2,0,0,0
324.50,139.9,86.9,8793,34.5,3,34.2,0,0,12233.0,38.1645330,-122.4621150,33.9,111.2,0,0,0
324.60,139.7,86.8,8826,34.5,3,34.8,0,0,12233.0,38.1645340,-122.4620760,33.9,111.2,0,0,0
324.70,140.4,87.3,8858,34.5,3,35.2,0,0,12233.0,38.1645340,-122.4620370,33.9,111.2,0,0,0
324.80,141.0,87.6,8850,34.5,3,35.6,0,0,12233.0,38.1645340,-122.4619980,32.9,107.9,0,0,0
324.90,141.0,87.6,8855,35.0,3,35.8,0,0,12233.0,38.1645330,-122.4619580,32.9,107.9,0,0,0
325.00,140.6,87.3,8879,37.0,3,35.8,0,0,12233.0,38.1645320,-122.4619190,32.9,107.9,0,0,0
325.10,141.0,87.6,8887,37.0,3,35.8,0,0,12233.0,38.1645300,-122.4618810,32.9,107.9,0,0,0
325.20,141.2,87.7,8876,38.5,3,35.8,0,0,12233.0,38.1645270,-122.4618410,32.9,107.9,0,0,0
325.30,141.2,87.7,8892,39.0,3,35.8,0,0,12233.0,38.1645240,-122.4618020,32.9,107.9,0,0,0
325.40,141.4,87.9,8921,39.0,3,35.7,0,0,12233.0,38.1645200,-122.4617630,32.9,107.9,0,0,0
325.50,142.0,88.2,8966,39.0,3,36.0,0,0,12233.0,38.1645160,-122.4617250,32.9,107.9,0,0,0
325.60,142.3,88.4,8966,39.0,3,36.7,0,0,12233.0,38.1645110,-122.4616860,32.9,107.9,0,0,0
325.70,142.8,88.7,8977,39.0,3,37.3,0,0,12233.0,38.1645050,-122.4616470,32.9,107.9,0,0,0
325.80,142.7,88.7,8910,37.5,3,37.3,0,0,12233.0,38.1644990,-122.4616090,31.0,101.7,0,0,0
325.90,141.3,87.8,8800,37.5,3,34.2,0,0,12233.0,38.1644910,-122.4615700,31.0,101.7,0,0,0
326.00,140.3,87.2,8757,37.0,3,30.7,0,0,12233.0,38.1644840,-122.4615320,31.0,101.7,0,0,0
326.10,139.2,86.5,8701,33.5,3,28.1,0,0,12233.0,38.1644750,-122.4614940,31.0,101.7,0,0,0
326.20,139.3,86.5,8699,33.5,3,25.9,0,0,12233.0,38.1644660,-122.4614570,31.0,101.7,0,0,0
326.30,138.3,86.0,8696,34.0,3,24.2,0,0,12233.0,38.1644570,-122.4614190,31.0,101.7,0,0,0
326.40,137.9,85.7,8681,34.0,3,23.2,0,0,12233.0,38.1644460,-122.4613810,31.0,101.7,0,0,0
326.50,138.0,85.8,8716,27.0,3,25.4,0,0,12233.0,38.1644360,-122.4613430,31.0,101.7,0,0,0
326.60,139.3,86.6,8719,21.5,3,27.9,0,0,12233.0,38.1644250,-122.4613060,31.0,101.7,0,0,0
326.70,138.5,86.0,8731,21.5,3,29.1,0,0,12233.0,38.1644140,-122.4612680,31.0,101.7,0,0,0
326.80,139.1,86.4,8739,21.5,3,31.1,0,0,12233.0,38.1644030,-122.4612320,29.2,95.8,0,0,0
326.90,139.3,86.6,8754,21.5,3,32.8,0,0,12233.0,38.1643900,-122.4611950,29.2,95.8,0,0,0
327.00,139.1,86.4,8731,21.5,3,32.9,0,0,12233.0,38.1643780,-122.4611590,29.2,95.8,0,0,0
327.10,138.9,86.3,8734,21.5,3,33.9,0,0,12233.0,38.1643650,-122.4611230,29.2,95.8,0,0,0
327.20,138.9,86.3,8736,21.5,3,34.8,0,0,12233.0,38.1643510,-122.4610870,29.2,95.8,0,0,0
327.30,139.3,86.5,8694,21.5,3,35.3,0,0,12233.0,38.1643370,-122.4610530,29.2,95.8,0,0,0
327.40,138.7,86.2,8706,21.5,3,35.7,0,0,12233.0,38.1643220,-122.4610180,29.2,95.8,0,0,0
327.50,138.5,86.1,8669,21.5,3,35.7,0,0,12233.0,38.1643060,-122.4609840,29.2,95.8,0,0,0
327.60,137.6,85.5,8636,21.5,3,35.5,0,0,12233.0,38.1642900,-122.4609510,29.2,95.8,0,0,0
327.70,137.4,85.4,8621,25.5,3,35.4,0,0,12233.0,38.1642720,-122.4609190,29.2,95.8,0,0,0
327.80,137.6,85.5,8609,27.0,3,35.1,0,0,12233.0,38.1642530,-122.4608870,28.7,94.2,0,0,0
327.90,137.4,85.3,8584,27.0,3,34.9,0,0,12233.0,38.1642360,-122.4608550,28.7,94.2,0,0,0
328.00,136.6,84.9,8577,34.0,3,34.6,0,0,12233.0,38.1642170,-122.4608250,28.7,94.2,0,0,0
328.10,136.3,84.7,8581,38.5,3,34.2,0,0,12233.0,38.1641990,-122.4607950,28.7,94.2,0,0,0
328.20,136.2,84.6,8584,40.5,3,34.2,0,0,12233.0,38.1641790,-122.4607650,28.7,94.2,0,0,0
328.30,136.6,84.9,8592,42.5,3,34.2,0,0,12233.0,38.1641590,-122.4607360,28.7,94.2,0,0,0
328.40,136.8,85.0,8639,50.0,3,34.1,0,0,12233.0,38.1641380,-122.4607080,28.7,94.2,0,0,0
328.50,137.4,85.4,8669,51.0,3,33.9,0,0,12233.0,38.1641160,-122.4606800,28.7,94.2,0,0,0
328.60,138.1,85.8,8709,54.0,3,33.7,0,0,12233.0,38.1640950,-122.4606520,28.7,94.2,0,0,0
328.70,138.1,85.8,8706,56.5,3,33.1,0,0,12233.0,38.1640720,-122.4606260,28.7,94.2,0,0,0
328.80,138.6,86.1,8724,58.5,3,32.3,0,0,12233.0,38.1640500,-122.4606000,29.9,98.1,0,0,0
328.90,138.8,86.2,8742,60.5,3,31.4,0,0,12233.0,38.1640270,-122.4605740,29.9,98.1,0,0,0
329.00,139.7,86.8,8780,61.0,3,30.4,0,0,12233.0,38.1640040,-122.4605490,29.9,98.1,0,0,0
329.10,139.3,86.6,8788,61.5,3,29.2,0,0,12233.0,38.1639800,-122.4605250,29.9,98.1,0,0,0
329.20,139.9,86.9,8782,63.5,3,28.0,0,0,12233.0,38.1639560,-122.4605010,29.9,98.1,0,0,0
329.30,139.7,86.8,8811,63.5,3,26.7,0,0,12233.0,38.1639310,-122.4604770,29.9,98.1,0,0,0
329.40,139.9,86.9,8839,62.0,3,25.5,0,0,12233.0,38.1639050,-122.4604540,29.9,98.1,0,0,0
329.50,140.7,87.4,8853,61.5,3,24.5,0,0,12233.0,38.1638790,-122.4604320,29.9,98.1,0,0,0
329.60,141.0,87.6,8847,59.0,3,23.4,0,0,12233.0,38.1638530,-122.4604090,29.9,98.1,0,0,0
329.70,140.8,87.5,8813,58.0,3,21.7,0,0,12233.0,38.1638260,-122.4603870,29.9,98.1,0,0,0
329.80,140.0,87.0,8788,57.0,3,19.3,0,0,12233.0,38.1637990,-122.4603660,32.2,105.6,0,0,0
329.90,139.7,86.8,8749,53.0,3,16.2,0,0,12233.0,38.1637710,-122.4603440,32.2,105.6,0,0,0
330.00,139.1,86.4,8699,48.0,3,12.7,0,0,12233.0,38.1637440,-122.4603230,32.2,105.6,0,0,0
330.10,138.7,86.2,8619,32.5,3,9.5,0,0,12233.0,38.1637170,-122.4603020,32.2,105.6,0,0,0
330.20,137.2,85.3,8050,0.0,3,7.6,0,0,12233.0,38.1636890,-122.4602820,32.2,105.6,0,0,0
330.30,130.3,81.0,8408,0.0,3,5.6,0,0,12233.0,38.1636610,-122.4602610,32.2,105.6,0,0,0
330.40,133.1,82.7,8288,0.0,3,4.5,0,0,12233.0,38.1636330,-122.4602420,32.2,105.6,0,0,0
330.50,131.9,82.0,8271,0.0,3,2.6,0,0,12233.0,38.1636050,-122.4602220,32.2,105.6,0,0,0
330.60,131.5,81.7,8244,0.0,3,0.7,0,0,12233.0,38.1635780,-122.4602020,32.2,105.6,0,0,0
330.70,130.8,81.3,8168,0.0,3,0.1,0,0,12233.0,38.1635510,-122.4601820,32.2,105.6,0,0,0
330.80,129.5,80.5,8119,0.0,3,-0.4,0,0,12233.0,38.1635240,-122.4601630,34.3,112.5,0,0,0
330.90,129.1,80.2,8067,0.0,3,-1.8,0,0,12233.0,38.1634970,-122.4601430,34.3,112.5,0,0,0
331.00,128.3,79.7,7985,0.0,3,-2.4,0,0,12233.0,38.1634710,-122.4601240,34.3,112.5,0,0,0
331.10,126.7,78.7,7866,0.0,3,-3.2,0,0,12233.0,38.1634440,-122.4601050,34.3,112.5,0,0,0
331.20,125.1,77.7,7784,0.0,3,-4.3,0,0,12233.0,38.1634180,-122.4600860,34.3,112.5,0,0,0
331.30,124.0,77.0,7716,0.0,3,-5.6,0,0,12233.0,38.1633930,-122.4600670,34.3,112.5,0,0,0
331.40,122.7,76.3,7675,0.0,3,-6.4,0,0,12233.0,38.1633670,-122.4600480,34.3,112.5,0,0,0
331.50,122.0,75.8,7616,0.0,3,-7.6,0,0,12233.0,38.1633420,-122.4600290,34.3,112.5,0,0,0
331.60,120.9,75.1,7528,0.0,3,-9.0,0,0,12233.0,38.1633170,-122.4600110,34.3,112.5,0,0,0
331.70,119.4,74.2,7467,0.0,3,-10.5,0,0,12233.0,38.1632920,-122.4599920,34.3,112.5,0,0,0
331.80,118.8,73.8,7439,0.0,3,-12.0,0,0,12233.0,38.1632680,-122.4599740,34.7,113.8,0,0,0
331.90,117.9,73.3,7367,0.0,3,-12.5,0,0,12233.0,38.1632430,-122.4599560,34.7,113.8,0,0,0
332.00,117.1,72.8,7289,0.0,3,-11.6,0,0,12233.0,38.1632190,-122.4599380,34.7,113.8,0,0,0
332.10,116.0,72.1,7227,0.0,3,-11.2,0,0,12233.0,38.1631960,-122.4599200,34.7,113.8,0,0,0
332.20,114.7,71.3,7131,0.0,3,-11.7,0,0,12233.0,38.1631720,-122.4599010,34.7,113.8,0,0,0
332.30,113.5,70.5,7131,0.0,3,-13.8,0,0,12233.0,38.1631490,-122.4598830,34.7,113.8,0,0,0
332.40,113.5,70.5,7123,0.0,3,-16.4,0,0,12233.0,38.1631270,-122.4598640,34.7,113.8,0,0,0
332.50,113.1,70.3,7077,0.0,3,-18.7,0,0,12233.0,38.1631050,-122.4598460,34.7,113.8,0,0,0
332.60,112.9,70.1,7074,0.0,3,-20.7,0,0,12233.0,38.1630830,-122.4598270,34.7,113.8,0,0,0
332.70,112.3,69.8,7024,0.0,3,-22.3,0,0,12233.0,38.1630610,-122.4598080,34.7,113.8,0,0,0
332.80,111.8,69.4,7033,0.0,3,-24.2,0,0,12233.0,38.1630400,-122.4597890,34.0,111.5,0,0,0
332.90,111.8,69.4,7022,0.0,3,-26.5,0,0,12233.0,38.1630190,-122.4597700,34.0,111.5,0,0,0
333.00,111.8,69.4,7006,0.0,3,-28.3,0,0,12233.0,38.1629980,-122.4597500,34.0,111.5,0,0,0
333.10,111.3,69.2,6997,0.0,3,-29.3,0,0,12233.0,38.1629770,-122.4597300,34.0,111.5,0,0,0
333.20,111.2,69.1,6980,0.0,3,-30.3,0,0,12233.0,38.1629570,-122.4597090,34.0,111.5,0,0,0
333.30,110.8,68.9,6967,0.0,3,-31.3,0,0,12233.0,38.1629370,-122.4596890,34.0,111.5,0,0,0
333.40,110.6,68.7,6908,0.0,3,-32.0,0,0,12233.0,38.1629180,-122.4596680,34.0,111.5,0,0,0
333.50,109.9,68.3,6870,0.0,3,-32.5,0,0,12233.0,38.1628990,-122.4596460,34.0,111.5,0,0,0
333.60,109.2,67.9,6872,0.0,3,-32.5,0,0,12233.0,38.1628810,-122.4596240,34.0,111.5,0,0,0
333.70,108.9,67.7,6798,0.0,3,-33.0,0,0,12233.0,38.1628630,-122.4596020,34.0,111.5,0,0,0
333.80,108.0,67.1,6784,0.0,3,-33.8,0,0,12233.0,38.1628450,-122.4595790,31.9,104.7,0,0,0
333.90,108.0,67.1,6780,0.0,3,-34.6,0,0,12233.0,38.1628290,-122.4595560,31.9,104.7,0,0,0
334.00,107.4,66.8,6748,0.0,3,-35.7,0,0,12233.0,38.1628130,-122.4595330,31.9,104.7,0,0,0
334.10,107.6,66.9,6748,0.0,3,-37.1,0,0,12233.0,38.1627970,-122.4595100,31.9,104.7,0,0,0
334.20,107.1,66.5,6719,0.0,3,-38.2,0,0,12233.0,38.1627810,-122.4594860,31.9,104.7,0,0,0
334.30,107.0,66.5,6686,0.0,3,-38.7,0,0,12233.0,38.1627670,-122.4594620,31.9,104.7,0,0,0
334.40,106.4,66.1,6663,0.0,3,-39.2,0,0,12233.0,38.1627530,-122.4594370,31.9,104.7,0,0,0
334.50,105.6,65.6,6630,0.0,3,-39.3,0,0,12233.0,38.1627400,-122.4594120,31.9,104.7,0,0,0
334.60,105.3,65.4,6581,0.0,3,-39.1,0,0,12233.0,38.1627270,-122.4593860,31.9,104.7,0,0,0
334.70,104.6,65.0,6543,0.0,3,-39.4,0,0,12233.0,38.1627150,-122.4593600,31.9,104.7,0,0,0
334.80,104.1,64.7,6528,0.0,3,-39.6,0,0,12233.0,38.1627040,-122.4593340,29.1,95.5,0,0,0
334.90,103.6,64.3,6473,0.0,3,-39.7,0,0,12233.0,38.1626930,-122.4593070,29.1,95.5,0,0,0
335.00,102.6,63.7,6442,1.0,3,-39.6,0,0,12233.0,38.1626830,-122.4592800,29.1,95.5,0,0,0
335.10,102.2,63.5,6394,0.0,3,-39.9,0,0,12233.0,38.1626750,-122.4592530,29.1,95.5,0,0,0
335.20,101.9,63.3,6387,0.0,3,-40.2,0,0,12233.0,38.1626670,-122.4592260,29.1,95.5,0,0,0
335.30,101.3,63.0,6362,6.5,3,-39.9,0,0,12233.0,38.1626600,-122.4591980,29.1,95.5,0,0,0
335.40,101.0,62.8,6466,13.0,3,-40.1,0,0,12233.0,38.1626540,-122.4591710,29.1,95.5,0,0,0
335.50,102.0,63.4,6727,21.5,3,-39.9,0,0,12233.0,38.1626480,-122.4591430,29.1,95.5,0,0,0
335.60,104.2,64.8,6529,26.0,3,-39.8,0,0,12233.0,38.1626460,-122.4591160,29.1,95.5,0,0,0
335.70,103.8,64.5,6511,25.5,3,-39.8,0,0,12233.0,38.1626420,-122.4590880,29.1,95.5,0,0,0
335.80,103.2,64.1,6426,16.5,3,-39.6,0,0,12233.0,38.1626380,-122.4590600,26.7,87.6,0,0,0
335.90,102.3,63.6,6508,17.0,3,-39.6,0,0,12233.0,38.1626360,-122.4590310,26.7,87.6,0,0,0
336.00,103.2,64.1,6504,17.5,3,-40.3,0,0,12233.0,38.1626330,-122.4590020,26.7,87.6,0,0,0
336.10,103.9,64.6,6524,17.5,3,-41.5,0,0,12233.0,38.1626320,-122.4589730,26.7,87.6,0,0,0
336.20,104.5,65.0,6556,22.0,3,-42.0,0,0,12233.0,38.1626310,-122.4589450,26.7,87.6,0,0,0
336.30,104.0,64.6,6607,24.5,3,-41.7,0,0,12233.0,38.1626320,-122.4589160,26.7,87.6,0,0,0
336.40,104.6,65.0,6595,24.0,3,-41.4,0,0,12233.0,38.1626330,-122.4588870,26.7,87.6,0,0,0
336.50,105.2,65.4,6615,23.5,3,-41.3,0,0,12233.0,38.1626350,-122.4588580,26.7,87.6,0,0,0
336.60,105.5,65.6,6655,22.5,3,-41.0,0,0,12233.0,38.1626380,-122.4588290,26.7,87.6,0,0,0
336.70,105.6,65.6,6658,22.5,3,-40.9,0,0,12233.0,38.1626420,-122.4588000,26.7,87.6,0,0,0
336.80,106.1,65.9,6696,21.5,3,-40.8,0,0,12233.0,38.1626460,-122.4587710,24.0,78.7,0,0,0
336.90,106.1,65.9,6692,21.5,3,-40.8,0,0,12233.0,38.1626510,-122.4587420,24.0,78.7,0,0,0
337.00,106.4,66.1,6691,20.5,3,-40.8,0,0,12233.0,38.1626570,-122.4587130,24.0,78.7,0,0,0
337.10,106.8,66.3,6730,21.0,3,-40.8,0,0,12233.0,38.1626640,-122.4586850,24.0,78.7,0,0,0
337.20,106.8,66.3,6733,22.0,3,-40.9,0,0,12233.0,38.1626720,-122.4586570,24.0,78.7,0,0,0
337.30,107.4,66.7,6763,23.5,3,-41.1,0,0,12233.0,38.1626810,-122.4586300,24.0,78.7,0,0,0
337.40,107.3,66.7,6806,27.0,3,-40.9,0,0,12233.0,38.1626900,-122.4586020,24.0,78.7,0,0,0
337.50,108.0,67.1,6814,26.5,3,-40.9,0,0,12233.0,38.1627000,-122.4585750,24.0,78.7,0,0,0
337.60,108.3,67.3,6811,25.0,3,-40.6,0,0,12233.0,38.1627100,-122.4585480,24.0,78.7,0,0,0
337.70,108.2,67.2,6778,25.0,3,-40.4,0,0,12233.0,38.1627220,-122.4585220,24.0,78.7,0,0,0
337.80,108.3,67.3,6837,24.5,3,-40.3,0,0,12233.0,38.1627340,-122.4584960,21.5,70.5,0,0,0
337.90,108.7,67.6,6859,24.5,3,-40.8,0,0,12233.0,38.1627470,-122.4584710,21.5,70.5,0,0,0
338.00,109.5,68.0,6897,25.0,3,-41.4,0,0,12233.0,38.1627610,-122.4584460,21.5,70.5,0,0,0
338.10,109.8,68.2,6927,25.5,3,-41.8,0,0,12233.0,38.1627750,-122.4584220,21.5,70.5,0,0,0
338.20,110.1,68.4,6919,26.5,3,-41.9,0,0,12233.0,38.1627900,-122.4583980,21.5,70.5,0,0,0
338.30,110.6,68.7,6953,26.0,3,-41.6,0,0,12233.0,38.1628060,-122.4583750,21.5,70.5,0,0,0
338.40,110.7,68.8,6911,26.0,3,-41.5,0,0,12233.0,38.1628220,-122.4583530,21.5,70.5,0,0,0
338.50,111.2,69.1,6964,20.5,3,-41.6,0,0,12233.0,38.1628390,-122.4583310,21.5,70.5,0,0,0
338.60,110.5,68.7,6911,16.5,3,-41.7,0,0,12233.0,38.1628570,-122.4583100,21.5,70.5,0,0,0
338.70,110.1,68.4,6862,13.0,3,-41.4,0,0,12233.0,38.1628750,-122.4582900,21.5,70.5,0,0,0
338.80,109.5,68.0,6895,16.5,3,-41.2,0,0,12233.0,38.1628940,-122.4582710,18.5,60.7,0,0,0
338.90,110.1,68.4,6889,22.5,3,-40.4,0,0,12233.0,38.1629140,-122.4582520,18.5,60.7,0,0,0
339.00,108.9,67.6,6956,24.5,3,-39.8,0,0,12233.0,38.1629330,-122.4582350,18.5,60.7,0,0,0
339.10,110.0,68.3,6927,25.5,3,-39.3,0,0,12233.0,38.1629530,-122.4582180,18.5,60.7,0,0,0
339.20,110.1,68.4,6971,33.5,3,-38.9,0,0,12233.0,38.1629740,-122.4582020,18.5,60.7,0,0,0
339.30,110.7,68.8,6910,31.5,3,-38.7,0,0,12233.0,38.1629950,-122.4581860,18.5,60.7,0,0,0
339.40,111.0,69.0,7005,34.0,3,-38.2,0,0,12233.0,38.1630160,-122.4581720,18.5,60.7,0,0,0
339.50,111.6,69.4,7081,35.0,3,-37.9,0,0,12233.0,38.1630370,-122.4581580,18.5,60.7,0,0,0
339.60,111.8,69.5,7056,34.5,3,-37.8,0,0,12233.0,38.1630580,-122.4581450,18.5,60.7,0,0,0
339.70,112.0,69.6,7064,34.5,3,-37.9,0,0,12233.0,38.1630800,-122.4581330,18.5,60.7,0,0,0
339.80,112.5,69.9,7101,35.0,3,-37.8,0,0,12233.0,38.1631020,-122.4581210,15.6,51.2,0,0,0
339.90,112.5,69.9,7097,36.0,3,-37.7,0,0,12233.0,38.1631250,-122.4581110,15.6,51.2,0,0,0
340.00,113.3,70.4,7113,36.0,3,-37.4,0,0,12233.0,38.1631480,-122.4581020,15.6,51.2,0,0,0
340.10,112.9,70.2,7091,36.0,3,-36.6,0,0,12233.0,38.1631720,-122.4580940,15.6,51.2,0,0,0
340.20,113.4,70.5,7128,37.0,3,-36.1,0,0,12233.0,38.1631960,-122.4580870,15.6,51.2,0,0,0
340.30,113.2,70.3,7128,37.0,3,-36.0,0,0,12233.0,38.1632200,-122.4580810,15.6,51.2,0,0,0
340.40,113.8,70.7,7153,37.0,3,-36.0,0,0,12233.0,38.1632450,-122.4580760,15.6,51.2,0,0,0
340.50,113.5,70.5,7172,38.5,3,-36.3,0,0,12233.0,38.1632700,-122.4580730,15.6,51.2,0,0,0
340.60,113.9,70.7,7210,42.5,3,-36.6,0,0,12233.0,38.1632950,-122.4580700,15.6,51.2,0,0,0
340.70,114.2,71.0,7259,48.0,3,-36.7,0,0,12233.0,38.1633200,-122.4580690,15.6,51.2,0,0,0
340.80,115.2,71.6,7275,46.0,3,-36.9,0,0,12233.0,38.1633450,-122.4580690,13.3,43.6,0,0,0
340.90,115.0,71.4,7255,48.0,3,-37.1,0,0,12233.0,38.1633710,-122.4580710,13.3,43.6,0,0,0
341.00,115.4,71.7,7325,52.0,3,-37.3,0,0,12233.0,38.1633960,-122.4580730,13.3,43.6,0,0,0
341.10,116.9,72.7,7361,53.5,3,-37.8,0,0,12233.0,38.1634260,-122.4580780,13.3,43.6,0,0,0
341.20,117.7,73.1,7388,53.5,3,-38.0,0,0,12233.0,38.1634520,-122.4580830,13.3,43.6,0,0,0
341.30,117.5,73.0,7472,56.0,3,-37.7,0,0,12233.0,38.1634780,-122.4580890,13.3,43.6,0,0,0
341.40,118.5,73.6,7495,54.0,3,-37.7,0,0,12233.0,38.1635040,-122.4580950,13.3,43.6,0,0,0
341.50,119.2,74.1,7480,54.0,3,-37.7,0,0,12233.0,38.1635290,-122.4581030,13.3,43.6,0,0,0
341.60,119.4,74.2,7544,54.0,3,-37.4,0,0,12233.0,38.1635550,-122.4581120,13.3,43.6,0,0,0
341.70,120.5,74.9,7593,54.0,3,-37.3,0,0,12233.0,38.1635800,-122.4581210,13.3,43.6,0,0,0
341.80,120.5,74.9,7622,55.0,3,-37.5,0,0,12233.0,38.1636050,-122.4581320,13.4,44.0,0,0,0
341.90,121.2,75.3,7701,63.0,3,-37.7,0,0,12233.0,38.1636280,-122.4581430,13.4,44.0,0,0,0
342.00,122.4,76.0,7734,63.5,3,-37.6,0,0,12233.0,38.1636540,-122.4581550,13.4,44.0,0,0,0
342.10,123.3,76.6,7787,64.5,3,-37.3,0,0,12233.0,38.1636780,-122.4581680,13.4,44.0,0,0,0
342.20,124.2,77.2,7852,67.5,3,-36.6,0,0,12233.0,38.1637020,-122.4581810,13.4,44.0,0,0,0
342.30,124.8,77.5,7858,70.0,3,-35.9,0,0,12233.0,38.1637260,-122.4581960,13.4,44.0,0,0,0
342.40,125.5,78.0,7918,71.0,3,-35.0,0,0,12233.0,38.1637490,-122.4582120,13.4,44.0,0,0,0
342.50,126.2,78.4,7981,73.5,3,-34.1,0,0,12233.0,38.1637730,-122.4582280,13.4,44.0,0,0,0
342.60,126.3,78.5,8015,72.5,3,-33.1,0,0,12233.0,38.1637970,-122.4582450,13.4,44.0,0,0,0
342.70,126.6,78.7,8035,74.5,3,-32.0,0,0,12233.0,38.1638200,-122.4582640,13.4,44.0,0,0,0
342.80,128.4,79.8,8113,71.5,3,-30.9,0,0,12233.0,38.1638430,-122.4582830,15.0,49.2,0,0,0
342.90,128.6,79.9,8113,70.0,3,-30.7,0,0,12233.0,38.1638660,-122.4583020,15.0,49.2,0,0,0
343.00,129.3,80.3,8200,76.0,3,-30.2,0,0,12233.0,38.1638890,-122.4583220,15.0,49.2,0,0,0
343.10,130.7,81.2,8290,76.0,3,-29.8,0,0,12233.0,38.1639120,-122.4583430,15.0,49.2,0,0,0
343.20,131.2,81.5,8385,75.5,3,-29.0,0,0,12233.0,38.1639350,-122.4583650,15.0,49.2,0,0,0
343.30,133.0,82.6,8525,75.5,3,-28.7,0,0,12233.0,38.1639570,-122.4583880,15.0,49.2,0,0,0
343.40,135.9,84.5,8621,75.0,3,-30.8,0,0,12233.0,38.1639800,-122.4584120,15.0,49.2,0,0,0
343.50,137.6,85.5,8624,75.0,3,-31.0,0,0,12233.0,38.1640020,-122.4584360,15.0,49.2,0,0,0
343.60,137.1,85.2,8696,77.5,3,-31.0,0,0,12233.0,38.1640250,-122.4584600,15.0,49.2,0,0,0
343.70,138.8,86.2,8824,91.0,3,-31.1,0,0,12233.0,38.1640480,-122.4584860,15.0,49.2,0,0,0
343.80,140.2,87.1,8974,100.0,3,-31.1,0,0,12233.0,38.1640700,-122.4585120,16.7,54.8,0,0,0
343.90,141.6,88.0,9045,100.0,3,-30.5,0,0,12233.0,38.1640920,-122.4585390,16.7,54.8,0,0,0
344.00,143.0,88.9,9092,100.0,3,-30.0,0,0,12233.0,38.1641140,-122.4585670,16.7,54.8,0,0,0
344.10,143.7,89.3,9152,100.0,3,-29.2,0,0,12233.0,38.1641360,-122.4585950,16.7,54.8,0,0,0
344.20,145.3,90.3,9217,100.0,3,-28.4,0,0,12233.0,38.1641590,-122.4586240,16.7,54.8,0,0,0
344.30,146.6,91.1,9323,100.0,3,-27.5,0,0,12233.0,38.1641810,-122.4586530,16.7,54.8,0,0,0
344.40,147.4,91.6,9408,100.0,3,-27.2,0,0,12233.0,38.1642030,-122.4586830,16.7,54.8,0,0,0
344.50,149.2,92.7,9476,100.0,3,-27.7,0,0,12233.0,38.1642240,-122.4587140,16.7,54.8,0,0,0
344.60,150.2,93.3,9506,100.0,3,-27.9,0,0,12233.0,38.1642460,-122.4587450,16.7,54.8,0,0,0
344.70,150.9,93.7,9536,100.0,3,-26.9,0,0,12233.0,38.1642680,-122.4587770,16.7,54.8,0,0,0
344.80,151.2,94.0,9613,100.0,3,-25.0,0,0,12233.0,38.1642900,-122.4588100,18.4,60.4,0,0,0
344.90,152.2,94.6,9637,100.0,3,-23.3,0,0,12233.0,38.1643110,-122.4588430,18.4,60.4,0,0,0
345.00,152.8,95.0,9659,100.0,3,-21.7,0,0,12233.0,38.1643330,-122.4588770,18.4,60.4,0,0,0
345.10,153.3,95.3,9684,100.0,3,-20.3,0,0,12233.0,38.1643540,-122.4589110,18.4,60.4,0,0,0
345.20,154.0,95.7,9703,100.0,3,-19.0,0,0,12233.0,38.1643760,-122.4589460,18.4,60.4,0,0,0
345.30,154.7,96.1,9769,100.0,3,-17.6,0,0,12233.0,38.1643970,-122.4589810,18.4,60.4,0,0,0
345.40,155.8,96.8,9830,100.0,3,-17.1,0,0,12233.0,38.1644190,-122.4590170,18.4,60.4,0,0,0
345.50,156.2,97.1,9895,100.0,3,-17.1,0,0,12233.0,38.1644410,-122.4590530,18.4,60.4,0,0,0
345.60,157.6,97.9,9957,100.0,3,-16.4,0,0,12233.0,38.1644620,-122.4590890,18.4,60.4,0,0,0
345.70,158.2,98.3,9997,100.0,3,-15.2,0,0,12233.0,38.1644840,-122.4591260,18.4,60.4,0,0,0
345.80,159.3,99.0,9024,100.0,3,-14.4,0,0,12233.0,38.1645050,-122.4591640,20.1,65.9,0,0,0
345.90,159.4,99.0,8521,100.0,4,-13.7,0,0,12233.0,38.1645270,-122.4592020,20.1,65.9,0,0,0
346.00,158.5,98.5,8399,100.0,4,-14.2,0,0,12233.0,38.1645480,-122.4592390,20.1,65.9,0,0,0
346.10,159.0,98.8,8409,100.0,4,-14.5,0,0,12233.0,38.1645690,-122.4592770,20.1,65.9,0,0,0
346.20,159.5,99.1,8466,100.0,4,-14.5,0,0,12233.0,38.1645900,-122.4593150,20.1,65.9,0,0,0
346.30,160.7,99.8,8516,100.0,4,-15.4,0,0,12233.0,38.1646110,-122.4593540,20.1,65.9,0,0,0
346.40,161.6,100.4,8562,100.0,4,-16.8,0,0,12233.0,38.1646320,-122.4593920,20.1,65.9,0,0,0
346.50,163.1,101.3,8574,100.0,4,-17.4,0,0,12233.0,38.1646530,-122.4594310,20.1,65.9,0,0,0
346.60,163.4,101.5,8594,100.0,4,-17.9,0,0,12233.0,38.1646740,-122.4594700,20.1,65.9,0,0,0
346.70,163.4,101.5,8651,100.0,4,-18.7,0,0,12233.0,38.1646950,-122.4595100,20.1,65.9,0,0,0
346.80,165.2,102.6,8717,100.0,4,-19.6,0,0,12233.0,38.1647160,-122.4595500,22.1,72.5,0,0,0
346.90,166.0,103.1,8782,100.0,4,-20.6,0,0,12233.0,38.1647370,-122.4595900,22.1,72.5,0,0,0
347.00,167.5,104.1,8860,100.0,4,-21.9,0,0,12233.0,38.1647570,-122.4596300,22.1,72.5,0,0,0
347.10,168.5,104.7,8903,100.0,4,-23.1,0,0,12233.0,38.1647780,-122.4596710,22.1,72.5,0,0,0
347.20,168.8,104.9,8942,100.0,4,-23.6,0,0,12233.0,38.1647980,-122.4597120,22.1,72.5,0,0,0
347.30,168.9,104.9,8935,100.0,4,-22.9,0,0,12233.0,38.1648180,-122.4597530,22.1,72.5,0,0,0
347.40,169.8,105.5,8948,100.0,4,-21.8,0,0,12233.0,38.1648380,-122.4597950,22.1,72.5,0,0,0
347.50,170.6,106.0,8953,100.0,4,-20.5,0,0,12233.0,38.1648580,-122.4598370,22.1,72.5,0,0,0
347.60,171.2,106.4,8974,100.0,4,-19.1,0,0,12233.0,38.1648780,-122.4598800,22.1,72.5,0,0,0
347.70,171.0,106.2,8977,100.0,4,-17.8,0,0,12233.0,38.1648980,-122.4599230,22.1,72.5,0,0,0
347.80,170.8,106.1,9015,100.0,4,-16.3,0,0,12233.0,38.1649170,-122.4599660,24.1,79.1,0,0,0
347.90,171.4,106.5,9039,100.0,4,-14.6,0,0,12233.0,38.1649360,-122.4600090,24.1,79.1,0,0,0
348.00,172.2,107.0,9097,100.0,4,-13.2,0,0,12233.0,38.1649560,-122.4600530,24.1,79.1,0,0,0
348.10,172.0,106.9,9066,100.0,4,-11.3,0,0,12233.0,38.1649750,-122.4600970,24.1,79.1,0,0,0
348.20,173.0,107.5,9124,100.0,4,-9.8,0,0,12233.0,38.1649940,-122.4601420,24.1,79.1,0,0,0
348.30,173.4,107.8,9110,86.5,4,-8.8,0,0,12233.0,38.1650130,-122.4601870,24.1,79.1,0,0,0
348.40,173.7,107.9,9122,81.5,4,-7.6,0,0,12233.0,38.1650310,-122.4602320,24.1,79.1,0,0,0
348.50,174.7,108.5,9135,72.0,4,-6.9,0,0,12233.0,38.1650500,-122.4602770,24.1,79.1,0,0,0
348.60,174.2,108.3,9053,65.5,4,-6.7,0,0,12233.0,38.1650690,-122.4603220,24.1,79.1,0,0,0
348.70,173.8,108.0,8689,15.5,4,-6.5,0,0,12234.0,38.1650870,-122.4603680,24.1,79.1,0,0,0
348.80,171.6,106.6,8826,0.0,4,-6.6,0,0,12234.0,38.1651060,-122.4604130,26.2,86.0,0,0,0
348.90,168.4,104.6,8785,0.0,4,-7.2,0,0,12234.0,38.1651240,-122.4604590,26.2,86.0,0,0,0
349.00,167.3,103.9,8661,0.0,4,-7.5,0,0,12234.0,38.1651430,-122.4605040,26.2,86.0,0,0,0
349.10,165.6,102.9,8601,0.0,4,-7.9,0,0,12234.0,38.1651610,-122.4605490,26.2,86.0,0,0,0
349.20,164.2,102.0,8562,0.0,4,-7.0,0,0,12234.0,38.1651780,-122.4605940,26.2,86.0,0,0,0
349.30,163.1,101.4,8480,0.0,4,-6.4,0,0,12234.0,38.1651960,-122.4606380,26.2,86.0,0,0,0
349.40,161.4,100.3,8369,0.0,4,-5.2,0,0,12234.0,38.1652130,-122.4606820,26.2,86.0,0,0,0
349.50,159.3,99.0,8283,0.0,4,-4.7,0,0,12234.0,38.1652300,-122.4607250,26.2,86.0,0,0,0
349.60,157.6,97.9,8163,0.0,4,-4.7,0,0,12234.0,38.1652470,-122.4607670,26.2,86.0,0,0,0
349.70,155.5,96.6,8022,0.0,4,-3.4,0,0,12234.0,38.1652640,-122.4608100,26.2,86.0,0,0,0
349.80,153.6,95.4,7951,0.0,4,-2.5,0,0,12234.0,38.1652800,-122.4608510,27.9,91.5,0,0,0
349.90,152.0,94.4,7885,0.0,4,-2.6,0,0,12234.0,38.1652970,-122.4608930,27.9,91.5,0,0,0
350.00,150.5,93.5,7770,0.0,4,-1.6,0,0,12234.0,38.1653130,-122.4609330,27.9,91.5,0,0,0
350.10,148.3,92.2,7700,0.0,4,-0.7,0,0,12234.0,38.1653290,-122.4609730,27.9,91.5,0,0,0
350.20,146.5,91.1,7605,0.0,4,-0.4,0,0,12234.0,38.1653440,-122.4610130,27.9,91.5,0,0,0
350.30,144.9,90.0,7487,0.0,4,-0.3,0,0,12234.0,38.1653590,-122.4610530,27.9,91.5,0,0,0
350.40,143.1,88.9,7361,0.0,4,-0.2,0,0,12234.0,38.1653750,-122.4610910,27.9,91.5,0,0,0
350.50,140.9,87.5,7310,0.0,4,-0.4,0,0,12234.0,38.1653900,-122.4611300,27.9,91.5,0,0,0
350.60,139.0,86.4,7615,0.0,4,-1.1,0,0,12234.0,38.1654050,-122.4611680,27.9,91.5,0,0,0
350.70,133.8,83.1,8985,0.0,3,-1.8,0,0,12234.0,38.1654200,-122.4612050,27.9,91.5,0,0,0
350.80,136.7,84.9,8390,0.0,3,-2.1,0,0,12234.0,38.1654340,-122.4612410,29.8,97.8,0,0,0
350.90,135.5,84.2,8128,0.0,3,-2.4,0,0,12234.0,38.1654480,-122.4612780,29.8,97.8,0,0,0
351.00,131.3,81.6,8255,0.0,3,-2.4,0,0,12234.0,38.1654620,-122.4613140,29.8,97.8,0,0,0
351.10,131.1,81.4,8174,0.0,3,-1.8,0,0,12234.0,38.1654770,-122.4613490,29.8,97.8,0,0,0
351.20,129.7,80.6,8054,0.0,3,-1.2,0,0,12234.0,38.1654900,-122.4613850,29.8,97.8,0,0,0
351.30,127.6,79.3,7899,0.0,3,-0.5,0,0,12234.0,38.1655040,-122.4614190,29.8,97.8,0,0,0
351.40,125.7,78.1,7848,0.0,3,0.1,0,0,12234.0,38.1655180,-122.4614530,29.8,97.8,0,0,0
351.50,125.1,77.8,7825,0.0,3,0.5,0,0,12234.0,38.1655310,-122.4614870,29.8,97.8,0,0,0
351.60,124.1,77.1,7686,0.0,3,0.9,0,0,12234.0,38.1655440,-122.4615210,29.8,97.8,0,0,0
351.70,121.9,75.7,7568,0.0,3,1.3,0,0,12234.0,38.1655570,-122.4615540,29.8,97.8,0,0,0
351.80,120.6,74.9,7517,0.0,3,2.1,0,0,12234.0,38.1655700,-122.4615870,31.9,104.7,0,0,0
351.90,119.4,74.2,7433,0.0,3,3.0,0,0,12234.0,38.1655820,-122.4616190,31.9,104.7,0,0,0
352.00,118.0,73.3,7368,0.0,3,3.7,0,0,12234.0,38.1655950,-122.4616510,31.9,104.7,0,0,0
352.10,116.5,72.4,7277,0.0,3,4.0,0,0,12234.0,38.1656080,-122.4616820,31.9,104.7,0,0,0
352.20,115.5,71.8,8214,0.0,3,4.1,0,0,12234.0,38.1656200,-122.4617140,31.9,104.7,0,0,0
352.30,108.8,67.6,9034,0.0,2,4.3,0,0,12234.0,38.1656320,-122.4617450,31.9,104.7,0,0,0
352.40,113.6,70.6,8691,0.0,2,4.2,0,0,12234.0,38.1656450,-122.4617750,31.9,104.7,0,0,0
352.50,112.0,69.6,8661,0.0,2,3.7,0,0,12234.0,38.1656570,-122.4618050,31.9,104.7,0,0,0
352.60,110.1,68.4,8574,0.0,2,2.6,0,0,12234.0,38.1656690,-122.4618350,31.9,104.7,0,0,0
352.70,108.5,67.4,8448,0.0,2,1.5,0,0,12234.0,38.1656810,-122.4618640,31.9,104.7,0,0,0
352.80,107.2,66.6,8327,0.0,2,1.0,0,0,12234.0,38.1656930,-122.4618940,33.5,109.9,0,0,0
352.90,106.0,65.9,8260,0.0,2,1.2,0,0,12234.0,38.1657050,-122.4619220,33.5,109.9,0,0,0
353.00,104.8,65.1,8181,0.0,2,1.4,0,0,12234.0,38.1657160,-122.4619510,33.5,109.9,0,0,0
353.10,104.0,64.6,8074,0.0,2,1.7,0,0,12234.0,38.1657280,-122.4619790,33.5,109.9,0,0,0
353.20,102.0,63.4,7929,0.0,2,1.8,0,0,12234.0,38.1657390,-122.4620060,33.5,109.9,0,0,0
353.30,100.5,62.5,7778,0.0,2,1.8,0,0,12234.0,38.1657510,-122.4620330,33.5,109.9,0,0,0
353.40,98.7,61.3,7673,0.0,2,3.7,0,0,12234.0,38.1657620,-122.4620600,33.5,109.9,0,0,0
353.50,97.4,60.5,7582,0.0,2,6.9,0,0,12234.0,38.1657730,-122.4620870,33.5,109.9,0,0,0
353.60,96.3,59.8,7493,0.0,2,10.5,0,0,12234.0,38.1657830,-122.4621120,33.5,109.9,0,0,0
353.70,95.3,59.2,7419,0.0,2,13.3,0,0,12234.0,38.1657940,-122.4621370,33.5,109.9,0,0,0
353.80,94.4,58.7,7373,0.0,2,15.9,0,0,12234.0,38.1658050,-122.4621620,34.9,114.5,0,0,0
353.90,93.5,58.1,7289,0.0,2,18.3,0,0,12234.0,38.1658160,-122.4621860,34.9,114.5,0,0,0
354.00,92.2,57.3,7187,0.0,2,20.9,0,0,12234.0,38.1658270,-122.4622100,34.9,114.5,0,0,0
354.10,91.8,57.0,7133,0.0,2,23.1,0,0,12234.0,38.1658380,-122.4622330,34.9,114.5,0,0,0
354.20,90.8,56.4,7065,0.0,2,25.3,0,0,12234.0,38.1658490,-122.4622550,34.9,114.5,0,0,0
354.30,90.0,55.9,6990,0.0,2,27.5,0,0,12234.0,38.1658600,-122.4622770,34.9,114.5,0,0,0
354.40,88.5,55.0,6883,0.0,2,29.1,0,0,12234.0,38.1658710,-122.4622980,34.9,114.5,0,0,0
354.50,87.7,54.5,6774,0.0,2,29.7,0,0,12234.0,38.1658830,-122.4623190,34.9,114.5,0,0,0
354.60,86.0,53.4,6695,0.0,2,29.7,0,0,12234.0,38.1658950,-122.4623390,34.9,114.5,0,0,0
354.70,84.9,52.7,6604,0.0,2,29.6,0,0,12234.0,38.1659070,-122.4623590,34.9,114.5,0,0,0
354.80,83.6,52.0,6484,0.0,2,29.6,0,0,12234.0,38.1659200,-122.4623780,35.9,117.8,0,0,0
354.90,82.2,51.1,6325,0.0,2,29.3,0,0,12234.0,38.1659320,-122.4623960,35.9,117.8,0,0,0
355.00,80.3,49.9,6239,0.0,2,28.9,0,0,12234.0,38.1659450,-122.4624130,35.9,117.8,0,0,0
355.10,79.1,49.2,6149,0.0,2,28.6,0,0,12234.0,38.1659580,-122.4624290,35.9,117.8,0,0,0
355.20,78.2,48.6,6089,0.0,2,29.3,0,0,12234.0,38.1659710,-122.4624440,35.9,117.8,0,0,0
355.30,77.2,48.0,6002,0.0,2,30.8,0,0,12234.0,38.1659850,-122.4624590,35.9,117.8,0,0,0
355.40,76.4,47.5,5954,0.0,2,32.4,0,0,12234.0,38.1659990,-122.4624740,35.9,117.8,0,0,0
355.50,75.6,47.0,5903,0.0,2,33.9,0,0,12234.0,38.1660130,-122.4624880,35.9,117.8,0,0,0
355.60,74.9,46.6,5800,0.0,2,34.9,0,0,12234.0,38.1660270,-122.4625010,35.9,117.8,0,0,0
355.70,73.6,45.7,5736,0.0,2,35.4,0,0,12234.0,38.1660410,-122.4625130,35.9,117.8,0,0,0
355.80,72.6,45.1,5597,0.0,2,35.9,0,0,12234.0,38.1660540,-122.4625240,36.1,118.4,0,0,0
355.90,71.2,44.2,5559,0.0,2,36.5,0,0,12234.0,38.1660690,-122.4625340,36.1,118.4,0,0,0
356.00,70.5,43.8,5491,0.0,2,37.0,0,0,12234.0,38.1660830,-122.4625440,36.1,118.4,0,0,0
356.10,69.4,43.1,5427,0.0,2,37.7,0,0,12234.0,38.1660970,-122.4625530,36.1,118.4,0,0,0
356.20,68.9,42.8,5344,0.0,2,38.0,0,0,12234.0,38.1661110,-122.4625610,36.1,118.4,0,0,0
356.30,67.7,42.1,5275,0.0,2,38.1,0,0,12234.0,38.1661250,-122.4625690,36.1,118.4,0,0,0
356.40,66.9,41.6,5193,0.0,2,38.2,0,0,12234.0,38.1661390,-122.4625750,36.1,118.4,0,0,0
356.50,66.0,41.0,5117,0.0,2,38.0,0,0,12234.0,38.1661530,-122.4625810,36.1,118.4,0,0,0
356.60,64.7,40.2,5045,0.0,2,37.8,0,0,12234.0,38.1661680,-122.4625860,36.1,118.4,0,0,0
356.70,63.7,39.6,4976,0.0,2,38.5,0,0,12234.0,38.1661820,-122.4625900,36.1,118.4,0,0,0
356.80,63.1,39.2,4892,0.0,2,39.4,0,0,12234.0,38.1661960,-122.4625930,36.1,118.4,0,0,0
356.90,62.2,38.7,4877,6.0,2,40.3,0,0,12234.0,38.1662100,-122.4625950,36.1,118.4,0,0,0
357.00,62.0,38.5,4863,6.0,2,40.8,0,0,12234.0,38.1662240,-122.4625970,36.1,118.4,0,0,0
357.10,61.8,38.4,4880,13.0,2,41.2,0,0,12234.0,38.1662380,-122.4625970,36.1,118.4,0,0,0
357.20,61.6,38.2,5130,15.5,2,41.9,0,0,12234.0,38.1662510,-122.4625970,36.1,118.4,0,0,0
357.30,61.7,38.3,4898,25.5,2,42.2,0,0,12234.0,38.1662640,-122.4625950,36.1,118.4,0,0,0
357.40,63.2,39.3,5021,38.0,2,42.4,0,0,12234.0,38.1662770,-122.4625920,36.1,118.4,0,0,0
357.50,64.5,40.1,5064,39.0,2,41.9,0,0,12234.0,38.1662910,-122.4625890,36.1,118.4,0,0,0
357.60,64.2,39.9,5105,39.5,2,41.3,0,0,12234.0,38.1663040,-122.4625850,36.1,118.4,0,0,0
357.70,64.8,40.3,5185,39.5,2,41.3,0,0,12234.0,38.1663170,-122.4625800,36.1,118.4,0,0,0
357.80,66.5,41.3,5285,42.5,2,41.5,0,0,12234.0,38.1663300,-122.4625740,36.5,119.8,0,0,0
357.90,67.3,41.8,5394,45.0,2,41.7,0,0,12234.0,38.1663430,-122.4625670,36.5,119.8,0,0,0
358.00,68.9,42.8,5478,45.5,2,41.4,0,0,12234.0,38.1663550,-122.4625590,36.5,119.8,0,0,0
358.10,69.5,43.2,5543,45.5,2,40.8,0,0,12234.0,38.1663680,-122.4625500,36.5,119.8,0,0,0
358.20,71.3,44.3,5594,39.5,2,40.3,0,0,12234.0,38.1663800,-122.4625400,36.5,119.8,0,0,0
358.30,71.2,44.2,5650,31.0,2,40.5,0,0,12234.0,38.1663930,-122.4625290,36.5,119.8,0,0,0
358.40,71.5,44.4,5697,31.0,2,41.1,0,0,12234.0,38.1664050,-122.4625160,36.5,119.8,0,0,0
358.50,72.8,45.2,5757,31.0,2,41.9,0,0,12234.0,38.1664170,-122.4625040,36.5,119.8,0,0,0
358.60,73.2,45.5,5804,31.0,2,42.4,0,0,12234.0,38.1664280,-122.4624900,36.5,119.8,0,0,0
358.70,73.6,45.8,5848,31.0,2,42.5,0,0,12234.0,38.1664390,-122.4624760,36.5,119.8,0,0,0
358.80,74.0,46.0,5877,31.5,2,42.4,0,0,12234.0,38.1664490,-122.4624610,36.4,119.4,0,0,0
358.90,74.8,46.5,5903,33.5,2,41.8,0,0,12234.0,38.1664590,-122.4624460,36.4,119.4,0,0,0
359.00,75.4,46.9,5956,33.5,2,41.1,0,0,12234.0,38.1664680,-122.4624290,36.4,119.4,0,0,0
359.10,76.0,47.2,5991,33.0,2,40.8,0,0,12234.0,38.1664770,-122.4624120,36.4,119.4,0,0,0
359.20,76.7,47.6,6056,33.0,2,41.0,0,0,12234.0,38.1664850,-122.4623940,36.4,119.4,0,0,0
359.30,77.4,48.1,6089,33.0,2,41.3,0,0,12234.0,38.1664930,-122.4623760,36.4,119.4,0,0,0
359.40,77.8,48.4,6144,33.0,2,41.6,0,0,12234.0,38.1665000,-122.4623570,36.4,119.4,0,0,0
359.50,78.2,48.6,6201,33.0,2,41.7,0,0,12234.0,38.1665060,-122.4623380,36.4,119.4,0,0,0
359.60,79.0,49.1,6238,33.0,2,41.6,0,0,12234.0,38.1665120,-122.4623180,36.4,119.4,0,0,0
359.70,79.3,49.3,6271,33.5,2,41.4,0,0,12234.0,38.1665170,-122.4622970,36.4,119.4,0,0,0
359.80,80.1,49.8,6389,33.5,2,41.4,0,0,12234.0,38.1665220,-122.4622770,36.2,118.8,0,0,0
359.90,81.4,50.6,6393,33.5,2,41.2,0,0,12234.0,38.1665260,-122.4622550,36.2,118.8,0,0,0
360.00,81.7,50.8,6437,33.5,2,41.1,0,0,12234.0,38.1665290,-122.4622340,36.2,118.8,0,0,0
360.10,81.6,50.7,6498,34.0,2,40.9,0,0,12234.0,38.1665310,-122.4622120,36.2,118.8,0,0,0
360.20,82.9,51.5,6554,40.5,2,40.6,0,0,12234.0,38.1665330,-122.4621890,36.2,118.8,0,0,0
360.30,83.7,52.0,6673,45.5,2,40.7,0,0,12234.0,38.1665340,-122.4621670,36.2,118.8,0,0,0
360.40,84.9,52.8,6765,45.0,2,40.9,0,0,12234.0,38.1665350,-122.4621450,36.2,118.8,0,0,0
360.50,86.3,53.6,6825,45.0,2,41.2,0,0,12234.0,38.1665340,-122.4621210,36.2,118.8,0,0,0
360.60,87.3,54.3,6933,49.0,2,41.3,0,0,12234.0,38.1665340,-122.4620980,36.2,118.8,0,0,0
360.70,88.7,55.1,6987,57.0,2,40.9,0,0,12234.0,38.1665320,-122.4620750,36.2,118.8,0,0,0
360.80,89.1,55.3,7189,60.5,2,40.8,0,0,12234.0,38.1665290,-122.4620520,35.7,117.1,0,0,0
360.90,92.3,57.3,7332,59.5,2,40.3,0,0,12234.0,38.1665250,-122.4620280,35.7,117.1,0,0,0
361.00,93.3,57.9,7432,60.0,2,39.5,0,0,12234.0,38.1665200,-122.4620040,35.7,117.1,0,0,0
361.10,94.4,58.6,7498,61.5,2,38.3,0,0,12234.0,38.1665150,-122.4619800,35.7,117.1,0,0,0
361.20,95.9,59.6,7663,63.0,2,37.3,0,0,12234.0,38.1665090,-122.4619560,35.7,117.1,0,0,0
361.30,97.8,60.8,7799,65.5,2,36.5,0,0,12234.0,38.1665020,-122.4619310,35.7,117.1,0,0,0
361.40,99.5,61.8,7889,67.5,2,35.7,0,0,12234.0,38.1664940,-122.4619070,35.7,117.1,0,0,0
361.50,101.0,62.8,8074,70.5,2,34.9,0,0,12234.0,38.1664860,-122.4618820,35.7,117.1,0,0,0
361.60,103.1,64.1,8278,73.5,2,33.8,0,0,12234.0,38.1664770,-122.4618570,35.7,117.1,0,0,0
361.70,105.5,65.5,8385,74.5,2,32.4,0,0,12234.0,38.1664670,-122.4618320,35.7,117.1,0,0,0
361.80,107.0,66.5,8569,75.5,2,30.8,0,0,12234.0,38.1664560,-122.4618070,35.4,116.1,0,0,0
361.90,109.5,68.0,8747,76.5,2,29.2,0,0,12234.0,38.1664450,-122.4617820,35.4,116.1,0,0,0
362.00,110.9,68.9,8902,78.0,2,27.5,0,0,12234.0,38.1664320,-122.4617560,35.4,116.1,0,0,0
362.10,113.0,70.2,9056,78.5,2,25.5,0,0,12234.0,38.1664190,-122.4617300,35.4,116.1,0,0,0
362.20,115.1,71.5,9164,78.5,2,23.2,0,0,12234.0,38.1664060,-122.4617040,35.4,116.1,0,0,0
362.30,115.8,71.9,9260,78.5,2,20.6,0,0,12234.0,38.1663920,-122.4616770,35.4,116.1,0,0,0
362.40,117.8,73.2,9393,78.5,2,18.3,0,0,12234.0,38.1663780,-122.4616490,35.4,116.1,0,0,0
362.50,119.4,74.2,9506,78.5,2,16.4,0,0,12234.0,38.1663630,-122.4616220,35.4,116.1,0,0,0
362.60,121.7,75.6,9604,78.5,2,14.4,0,0,12234.0,38.1663470,-122.4615940,35.4,116.1,0,0,0
362.70,122.5,76.1,9773,79.0,2,12.3,0,0,12234.0,38.1663310,-122.4615670,35.4,116.1,0,0,0
362.80,124.6,77.4,9679,79.0,2,9.7,0,0,12234.0,38.1663140,-122.4615380,34.7,113.8,0,0,0
362.90,122.4,76.0,7849,79.5,2,6.8,0,0,12234.0,38.1662970,-122.4615100,34.7,113.8,0,0,0
363.00,126.2,78.4,7994,80.0,3,3.6,0,0,12234.0,38.1662800,-122.4614810,34.7,113.8,0,0,0
363.10,128.1,79.6,8161,81.5,3,0.5,0,0,12234.0,38.1662620,-122.4614530,34.7,113.8,0,0,0
363.20,129.3,80.4,8244,82.5,3,-2.4,0,0,12234.0,38.1662440,-122.4614230,34.7,113.8,0,0,0
363.30,131.4,81.6,8409,84.5,3,-5.3,0,0,12234.0,38.1662260,-122.4613940,34.7,113.8,0,0,0
363.40,133.3,82.9,8496,77.0,3,-8.3,0,0,12234.0,38.1662070,-122.4613640,34.7,113.8,0,0,0
363.50,135.5,84.2,8644,77.0,3,-11.4,0,0,12234.0,38.1661880,-122.4613340,34.7,113.8,0,0,0
363.60,137.4,85.4,8808,78.5,3,-14.9,0,0,12234.0,38.1661690,-122.4613030,34.7,113.8,0,0,0
363.70,140.2,87.1,9009,84.5,3,-18.3,0,0,12234.0,38.1661490,-122.4612710,34.7,113.8,0,0,0
363.80,142.9,88.8,9153,87.0,3,-20.2,0,0,12234.0,38.1661290,-122.4612390,33.7,110.6,0,0,0
363.90,144.8,90.0,9280,87.0,3,-21.4,0,0,12234.0,38.1661090,-122.4612060,33.7,110.6,0,0,0
364.00,147.0,91.3,9435,86.5,3,-22.5,0,0,12234.0,38.1660890,-122.4611730,33.7,110.6,0,0,0
364.10,150.4,93.5,9616,85.5,3,-24.0,0,0,12234.0,38.1660680,-122.4611390,33.7,110.6,0,0,0
364.20,153.3,95.3,9728,82.5,3,-25.5,0,0,12234.0,38.1660480,-122.4611040,33.7,110.6,0,0,0
364.30,155.1,96.4,9872,82.0,3,-26.8,0,0,12234.0,38.1660290,-122.4610690,33.7,110.6,0,0,0
364.40,156.7,97.4,8235,83.5,3,-27.4,0,0,12234.0,38.1660090,-122.4610340,33.7,110.6,0,0,0
364.50,157.0,97.5,8334,81.0,4,-28.3,0,0,12234.0,38.1659900,-122.4609980,33.7,110.6,0,0,0
364.60,158.4,98.4,8392,78.0,4,-29.5,0,0,12234.0,38.1659700,-122.4609620,33.7,110.6,0,0,0
364.70,160.1,99.5,8444,77.0,4,-30.1,0,0,12234.0,38.1659510,-122.4609250,33.7,110.6,0,0,0
364.80,161.4,100.3,8528,74.0,4,-30.0,0,0,12234.0,38.1659310,-122.4608870,32.4,106.3,0,0,0
364.90,162.9,101.3,8557,65.5,4,-30.1,0,0,12234.0,38.1659120,-122.4608490,32.4,106.3,0,0,0
365.00,163.8,101.8,8451,56.0,4,-29.7,0,0,12234.0,38.1658930,-122.4608100,32.4,106.3,0,0,0
365.10,160.9,100.0,8408,55.0,4,-27.7,0,0,12234.0,38.1658740,-122.4607710,32.4,106.3,0,0,0
365.20,160.0,99.4,8334,52.0,4,-24.4,0,0,12234.0,38.1658550,-122.4607320,32.4,106.3,0,0,0
365.30,158.7,98.6,8251,40.0,4,-20.6,0,0,12234.0,38.1658370,-122.4606920,32.4,106.3,0,0,0
365.40,157.4,97.8,8186,27.0,4,-16.4,0,0,12234.0,38.1658190,-122.4606510,32.4,106.3,0,0,0
365.50,156.2,97.1,8166,31.5,4,-12.0,0,0,12234.0,38.1658010,-122.4606110,32.4,106.3,0,0,0
365.60,156.5,97.2,8217,35.0,4,-7.7,0,0,12234.0,38.1657830,-122.4605700,32.4,106.3,0,0,0
365.70,156.8,97.5,8208,29.0,4,-3.9,0,0,12234.0,38.1657650,-122.4605300,32.4,106.3,0,0,0
365.80,156.5,97.2,8175,25.0,4,-0.0,0,0,12234.0,38.1657480,-122.4604890,30.8,101.0,0,0,0
365.90,156.5,97.2,8183,22.5,4,1.8,0,0,12234.0,38.1657300,-122.4604480,30.8,101.0,0,0,0
366.00,155.4,96.6,8110,11.0,4,5.4,0,0,12234.0,38.1657120,-122.4604080,30.8,101.0,0,0,0
366.10,156.1,97.0,8009,0.0,4,11.1,0,0,12234.0,38.1656940,-122.4603670,30.8,101.0,0,0,0
366.20,154.1,95.7,8137,0.0,4,16.5,0,0,12234.0,38.1656770,-122.4603270,30.8,101.0,0,0,0
366.30,155.8,96.8,8179,0.0,4,20.3,0,0,12234.0,38.1656590,-122.4602870,30.8,101.0,0,0,0
366.40,156.3,97.1,8206,0.0,4,24.5,0,0,12234.0,38.1656410,-122.4602470,30.8,101.0,0,0,0
366.50,156.6,97.3,8215,0.0,4,26.9,0,0,12234.0,38.1656220,-122.4602080,30.8,101.0,0,0,0
366.60,156.5,97.2,8117,0.0,4,27.1,0,0,12234.0,38.1656040,-122.4601690,30.8,101.0,0,0,0
366.70,154.7,96.2,8067,0.0,4,26.4,0,0,12234.0,38.1655850,-122.4601310,30.8,101.0,0,0,0
366.80,154.3,95.9,8017,0.0,4,26.6,0,0,12234.0,38.1655660,-122.4600940,29.0,95.1,0,0,0
366.90,153.4,95.3,8013,0.0,4,26.6,0,0,12234.0,38.1655460,-122.4600560,29.0,95.1,0,0,0
367.00,153.0,95.1,7962,0.0,4,26.1,0,0,12234.0,38.1655270,-122.4600200,29.0,95.1,0,0,0
367.10,151.9,94.4,7887,0.0,4,25.8,0,0,12234.0,38.1655060,-122.4599840,29.0,95.1,0,0,0
367.20,150.3,93.4,7748,0.0,4,23.7,0,0,12234.0,38.1654860,-122.4599480,29.0,95.1,0,0,0
367.30,148.1,92.0,7730,0.0,4,21.5,0,0,12234.0,38.1654660,-122.4599130,29.0,95.1,0,0,0
367.40,147.5,91.7,7691,0.0,4,19.1,0,0,12234.0,38.1654450,-122.4598790,29.0,95.1,0,0,0
367.50,145.6,90.5,7553,0.0,4,14.3,0,0,12234.0,38.1654240,-122.4598450,29.0,95.1,0,0,0
367.60,144.2,89.6,7465,0.0,4,10.8,0,0,12234.0,38.1654030,-122.4598110,29.0,95.1,0,0,0
367.70,142.8,88.7,7408,0.0,4,7.9,0,0,12234.0,38.1653810,-122.4597780,29.0,95.1,0,0,0
367.80,141.6,88.0,7386,0.0,4,4.9,0,0,12234.0,38.1653600,-122.4597450,27.4,89.9,0,0,0
367.90,140.6,87.4,7346,0.0,4,2.0,0,0,12234.0,38.1653390,-122.4597130,27.4,89.9,0,0,0
368.00,139.7,86.8,7308,0.0,4,-2.5,0,0,12234.0,38.1653170,-122.4596810,27.4,89.9,0,0,0
368.10,139.5,86.7,7275,0.0,4,-8.3,0,0,12234.0,38.1652960,-122.4596480,27.4,89.9,0,0,0
368.20,139.3,86.6,7291,0.0,4,-14.1,0,0,12234.0,38.1652750,-122.4596160,27.4,89.9,0,0,0
368.30,139.4,86.6,7344,0.0,4,-19.9,0,0,12234.0,38.1652550,-122.4595840,27.4,89.9,0,0,0
368.40,139.6,86.7,7346,0.0,4,-25.0,0,0,12234.0,38.1652340,-122.4595520,27.4,89.9,0,0,0
368.50,139.9,86.9,7339,2.0,4,-29.2,0,0,12234.0,38.1652150,-122.4595190,27.4,89.9,0,0,0
368.60,140.3,87.2,7417,9.0,4,-31.8,0,0,12234.0,38.1651950,-122.4594870,27.4,89.9,0,0,0
368.70,141.0,87.6,7441,16.5,4,-33.6,0,0,12234.0,38.1651770,-122.4594550,27.4,89.9,0,0,0
368.80,141.6,88.0,7788,25.5,4,-35.0,0,0,12234.0,38.1651580,-122.4594220,26.2,86.0,0,0,0
368.90,142.9,88.8,7461,25.5,4,-35.1,0,0,12234.0,38.1651410,-122.4593880,26.2,86.0,0,0,0
369.00,142.8,88.7,7450,19.0,4,-35.8,0,0,12234.0,38.1651230,-122.4593550,26.2,86.0,0,0,0
369.10,142.4,88.5,7437,15.5,4,-37.2,0,0,12234.0,38.1651070,-122.4593200,26.2,86.0,0,0,0
369.20,141.9,88.2,7437,16.5,4,-38.3,0,0,12234.0,38.1650910,-122.4592860,26.2,86.0,0,0,0
369.30,142.1,88.3,7461,21.0,4,-39.2,0,0,12234.0,38.1650750,-122.4592520,26.2,86.0,0,0,0
369.40,142.1,88.3,7432,24.0,4,-39.4,0,0,12234.0,38.1650600,-122.4592160,26.2,86.0,0,0,0
369.50,142.5,88.5,7415,24.0,4,-38.8,0,0,12234.0,38.1650460,-122.4591810,26.2,86.0,0,0,0
369.60,141.2,87.7,7395,30.0,4,-37.2,0,0,12234.0,38.1650330,-122.4591450,26.2,86.0,0,0,0
369.70,141.1,87.7,7393,34.0,4,-37.0,0,0,12234.0,38.1650200,-122.4591090,26.2,86.0,0,0,0
369.80,141.4,87.9,7452,36.0,4,-37.1,0,0,12234.0,38.1650080,-122.4590720,25.1,82.3,0,0,0
369.90,141.9,88.2,7446,44.5,4,-37.0,0,0,12234.0,38.1649960,-122.4590360,25.1,82.3,0,0,0
370.00,142.1,88.3,7582,52.0,4,-37.2,0,0,12234.0,38.1649850,-122.4589990,25.1,82.3,0,0,0
370.10,144.5,89.8,7652,60.5,4,-37.8,0,0,12234.0,38.1649740,-122.4589610,25.1,82.3,0,0,0
370.20,145.6,90.4,7588,61.0,4,-37.5,0,0,12234.0,38.1649650,-122.4589240,25.1,82.3,0,0,0
370.30,144.5,89.8,7595,64.5,4,-36.4,0,0,12234.0,38.1649550,-122.4588860,25.1,82.3,0,0,0
370.40,145.4,90.3,7605,65.5,4,-35.2,0,0,12234.0,38.1649460,-122.4588470,25.1,82.3,0,0,0
370.50,146.7,91.1,7654,64.5,4,-34.0,0,0,12234.0,38.1649390,-122.4588070,25.1,82.3,0,0,0
370.60,145.7,90.5,7620,69.0,4,-32.4,0,0,12234.0,38.1649310,-122.4587680,25.1,82.3,0,0,0
370.70,145.4,90.3,7557,65.0,4,-29.0,0,0,12234.0,38.1649240,-122.4587280,25.1,82.3,0,0,0
370.80,144.9,90.0,7544,61.5,4,-24.1,0,0,12234.0,38.1649180,-122.4586870,23.8,78.1,0,0,0
370.90,143.3,89.1,7538,61.5,4,-19.6,0,0,12234.0,38.1649120,-122.4586460,23.8,78.1,0,0,0
371.00,143.9,89.4,7542,61.5,4,-15.2,0,0,12234.0,38.1649070,-122.4586050,23.8,78.1,0,0,0
371.10,143.5,89.2,7519,56.5,4,-9.2,0,0,12234.0,38.1649020,-122.4585640,23.8,78.1,0,0,0
371.20,143.8,89.3,7540,52.0,4,-2.4,0,0,12234.0,38.1648970,-122.4585220,23.8,78.1,0,0,0
371.30,143.8,89.3,7607,45.0,4,6.2,0,0,12234.0,38.1648930,-122.4584800,23.8,78.1,0,0,0
371.40,145.1,90.2,7665,46.5,4,13.9,0,0,12234.0,38.1648870,-122.4584380,23.8,78.1,0,0,0
371.50,146.7,91.1,7736,48.5,4,18.6,0,0,12234.0,38.1648820,-122.4583960,23.8,78.1,0,0,0
371.60,148.2,92.1,7829,50.0,4,21.5,0,0,12234.0,38.1648770,-122.4583540,23.8,78.1,0,0,0
371.70,150.3,93.4,7935,48.0,4,24.3,0,0,12234.0,38.1648700,-122.4583110,23.8,78.1,0,0,0
371.80,152.1,94.5,8011,45.0,4,27.9,0,0,12234.0,38.1648640,-122.4582690,22.2,72.8,0,0,0
371.90,152.8,94.9,8046,46.5,4,30.3,0,0,12234.0,38.1648570,-122.4582270,22.2,72.8,0,0,0
372.00,153.9,95.6,8124,53.0,4,32.2,0,0,12234.0,38.1648500,-122.4581850,22.2,72.8,0,0,0
372.10,155.9,96.8,8279,54.0,4,34.7,0,0,12234.0,38.1648420,-122.4581430,22.2,72.8,0,0,0
372.20,158.3,98.4,8260,54.5,4,36.5,0,0,12234.0,38.1648340,-122.4581010,22.2,72.8,0,0,0
372.30,157.6,97.9,8297,57.0,4,37.4,0,0,12234.0,38.1648240,-122.4580590,22.2,72.8,0,0,0
372.40,158.4,98.4,8415,59.5,4,37.6,0,0,12234.0,38.1648140,-122.4580180,22.2,72.8,0,0,0
372.50,159.9,99.3,8446,69.0,4,37.8,0,0,12234.0,38.1648040,-122.4579760,22.2,72.8,0,0,0
372.60,161.2,100.1,8572,72.0,4,38.2,0,0,12234.0,38.1647920,-122.4579350,22.2,72.8,0,0,0
372.70,163.1,101.3,8621,73.5,4,38.3,0,0,12234.0,38.1647800,-122.4578940,22.2,72.8,0,0,0
372.80,164.9,102.5,8624,74.5,4,38.3,0,0,12234.0,38.1647670,-122.4578530,20.9,68.6,0,0,0
372.90,164.9,102.5,8699,74.5,4,38.0,0,0,12234.0,38.1647540,-122.4578120,20.9,68.6,0,0,0
373.00,166.3,103.3,8754,79.5,4,37.9,0,0,12234.0,38.1647400,-122.4577710,20.9,68.6,0,0,0
373.10,167.2,103.9,8831,86.0,4,37.4,0,0,12234.0,38.1647240,-122.4577310,20.9,68.6,0,0,0
373.20,168.7,104.8,8948,90.0,4,36.8,0,0,12234.0,38.1647090,-122.4576900,20.9,68.6,0,0,0
373.30,170.8,106.1,8961,89.0,4,35.8,0,0,12234.0,38.1646920,-122.4576490,20.9,68.6,0,0,0
373.40,171.3,106.5,8980,75.0,4,34.9,0,0,12234.0,38.1646750,-122.4576090,20.9,68.6,0,0,0
373.50,171.0,106.2,9007,67.0,4,35.0,0,0,12234.0,38.1646570,-122.4575680,20.9,68.6,0,0,0
373.60,171.4,106.5,9023,66.5,4,35.4,0,0,12234.0,38.1646380,-122.4575280,20.9,68.6,0,0,0
373.70,172.2,107.0,9133,66.0,4,35.1,0,0,12234.0,38.1646200,-122.4574870,20.9,68.6,0,0,0
373.80,174.0,108.1,9039,65.0,4,35.2,0,0,12234.0,38.1646000,-122.4574470,20.5,67.3,0,0,0
373.90,172.7,107.3,9099,65.0,4,34.8,0,0,12234.0,38.1645800,-122.4574070,20.5,67.3,0,0,0
374.00,173.7,107.9,9086,65.5,4,33.8,0,0,12234.0,38.1645590,-122.4573680,20.5,67.3,0,0,0
374.10,173.2,107.6,9144,70.0,4,32.3,0,0,12234.0,38.1645380,-122.4573280,20.5,67.3,0,0,0
374.20,174.4,108.3,9108,69.0,4,30.4,0,0,12234.0,38.1645170,-122.4572890,20.5,67.3,0,0,0
374.30,173.7,107.9,8956,69.0,4,26.9,0,0,12234.0,38.1644940,-122.4572500,20.5,67.3,0,0,0
374.40,171.6,106.6,8932,67.0,4,23.1,0,0,12234.0,38.1644720,-122.4572100,20.5,67.3,0,0,0
374.50,170.9,106.2,8900,63.5,4,20.8,0,0,12234.0,38.1644490,-122.4571720,20.5,67.3,0,0,0
374.60,169.4,105.3,8879,62.0,4,18.3,0,0,12234.0,38.1644260,-122.4571320,20.5,67.3,0,0,0
374.70,169.2,105.2,8863,61.0,4,14.8,0,0,12234.0,38.1644030,-122.4570930,20.5,67.3,0,0,0
374.80,169.2,105.1,8821,56.5,4,11.4,0,0,12234.0,38.1643790,-122.4570550,19.4,63.6,0,0,0
374.90,168.9,105.0,8762,40.0,4,8.5,0,0,12234.0,38.1643540,-122.4570160,19.4,63.6,0,0,0
375.00,167.2,103.9,8311,0.0,4,5.9,0,0,12234.0,38.1643290,-122.4569770,19.4,63.6,0,0,0
375.10,165.7,103.0,8509,0.0,4,4.0,0,0,12234.0,38.1643050,-122.4569380,19.4,63.6,0,0,0
375.20,162.8,101.2,8521,0.0,4,2.8,0,0,12234.0,38.1642800,-122.4568990,19.4,63.6,0,0,0
375.30,163.1,101.3,8508,0.0,4,1.3,0,0,12234.0,38.1642560,-122.4568610,19.4,63.6,0,0,0
375.40,163.0,101.3,8497,0.0,4,-0.3,0,0,12234.0,38.1642310,-122.4568230,19.4,63.6,0,0,0
375.50,162.4,100.9,8523,0.0,4,-1.2,0,0,12234.0,38.1642070,-122.4567850,19.4,63.6,0,0,0
375.60,162.4,100.9,8499,0.0,4,-1.5,0,0,12234.0,38.1641820,-122.4567470,19.4,63.6,0,0,0
375.70,161.8,100.5,8468,0.0,4,-2.1,0,0,12234.0,38.1641580,-122.4567090,19.4,63.6,0,0,0
375.80,161.0,100.0,8423,0.0,4,-2.0,0,0,12234.0,38.1641340,-122.4566710,17.0,55.8,0,0,0
375.90,160.5,99.7,8355,0.0,4,-2.0,0,0,12234.0,38.1641100,-122.4566330,17.0,55.8,0,0,0
376.00,159.5,99.1,8341,0.0,4,-2.1,0,0,12234.0,38.1640860,-122.4565950,17.0,55.8,0,0,0
376.10,159.0,98.8,8283,0.0,4,-1.8,0,0,12234.0,38.1640620,-122.4565580,17.0,55.8,0,0,0
376.20,158.3,98.4,8253,0.0,4,-1.1,0,0,12234.0,38.1640390,-122.4565210,17.0,55.8,0,0,0
376.30,157.6,97.9,8195,0.0,4,-0.9,0,0,12234.0,38.1640150,-122.4564850,17.0,55.8,0,0,0
376.40,156.7,97.4,8181,0.0,4,-1.5,0,0,12234.0,38.1639920,-122.4564480,17.0,55.8,0,0,0
376.50,155.8,96.8,8087,0.0,4,-1.7,0,0,12234.0,38.1639680,-122.4564120,17.0,55.8,0,0,0
376.60,154.5,96.0,7985,0.0,4,-1.4,0,0,12234.0,38.1639450,-122.4563760,17.0,55.8,0,0,0
376.70,152.4,94.7,7866,0.0,4,-1.2,0,0,12234.0,38.1639220,-122.4563400,17.0,55.8,0,0,0
376.80,150.5,93.5,7770,0.0,4,-1.3,0,0,12234.0,38.1638990,-122.4563050,15.0,49.2,0,0,0
376.90,148.2,92.1,7632,0.0,4,-1.3,0,0,12234.0,38.1638760,-122.4562700,15.0,49.2,0,0,0
377.00,145.4,90.4,7487,0.0,4,-1.2,0,0,12234.0,38.1638540,-122.4562360,15.0,49.2,0,0,0
377.10,142.7,88.7,7357,0.0,4,-1.2,0,0,12234.0,38.1638320,-122.4562020,15.0,49.2,0,0,0
377.20,140.5,87.3,7248,0.0,4,-1.1,0,0,12234.0,38.1638100,-122.4561680,15.0,49.2,0,0,0
377.30,138.8,86.2,8352,0.0,4,-1.0,0,0,12234.0,38.1637880,-122.4561350,15.0,49.2,0,0,0
377.40,131.1,81.5,8746,0.0,3,-0.9,0,0,12234.0,38.1637670,-122.4561030,15.0,49.2,0,0,0
377.50,136.4,84.8,8567,0.0,3,-0.7,0,0,12234.0,38.1637460,-122.4560710,15.0,49.2,0,0,0
377.60,135.1,83.9,7979,0.0,3,-0.5,0,0,12234.0,38.1637260,-122.4560400,15.0,49.2,0,0,0
377.70,127.9,79.5,8141,0.0,3,-0.3,0,0,12234.0,38.1637060,-122.4560090,15.0,49.2,0,0,0
377.80,129.2,80.3,8032,0.0,3,-0.0,0,0,12234.0,38.1636860,-122.4559780,14.1,46.3,0,0,0
377.90,127.7,79.4,7939,0.0,3,0.3,0,0,12234.0,38.1636660,-122.4559480,14.1,46.3,0,0,0
378.00,126.2,78.4,7746,0.0,3,0.7,0,0,12234.0,38.1636460,-122.4559180,14.1,46.3,0,0,0
378.10,123.4,76.7,7601,0.0,3,0.9,0,0,12234.0,38.1636270,-122.4558890,14.1,46.3,0,0,0
378.20,120.9,75.1,7480,0.0,3,1.2,0,0,12234.0,38.1636080,-122.4558600,14.1,46.3,0,0,0
378.30,119.2,74.1,7389,0.0,3,1.3,0,0,12234.0,38.1635890,-122.4558320,14.1,46.3,0,0,0
378.40,117.1,72.8,7170,0.0,3,1.4,0,0,12234.0,38.1635710,-122.4558040,14.1,46.3,0,0,0
378.50,114.1,70.9,7037,0.0,3,1.5,0,0,12234.0,38.1635530,-122.4557770,14.1,46.3,0,0,0
378.60,112.2,69.7,8026,0.0,3,1.5,0,0,12234.0,38.1635350,-122.4557500,14.1,46.3,0,0,0
378.70,103.5,64.3,8489,0.0,2,1.7,0,0,12235.0,38.1635180,-122.4557240,14.1,46.3,0,0,0
378.80,108.5,67.4,8434,0.0,2,1.8,0,0,12235.0,38.1635010,-122.4556980,13.1,43.0,0,0,0
378.90,107.0,66.5,8251,0.0,2,1.5,0,0,12235.0,38.1634840,-122.4556730,13.1,43.0,0,0,0
379.00,105.3,65.4,8148,0.0,2,1.2,0,0,12235.0,38.1634670,-122.4556480,13.1,43.0,0,0,0
379.10,103.5,64.3,7985,0.0,2,0.9,0,0,12235.0,38.1634510,-122.4556240,13.1,43.0,0,0,0
379.20,101.5,63.0,7815,0.0,2,0.5,0,0,12235.0,38.1634350,-122.4556010,13.1,43.0,0,0,0
379.30,99.2,61.7,7663,0.0,2,0.4,0,0,12235.0,38.1634190,-122.4555770,13.1,43.0,0,0,0
379.40,97.5,60.6,7510,0.0,2,0.6,0,0,12235.0,38.1634040,-122.4555550,13.1,43.0,0,0,0
379.50,95.5,59.4,7370,0.0,2,1.2,0,0,12235.0,38.1633890,-122.4555320,13.1,43.0,0,0,0
379.60,93.6,58.2,7264,0.0,2,2.1,0,0,12235.0,38.1633740,-122.4555100,13.1,43.0,0,0,0
379.70,92.5,57.5,7163,0.0,2,3.1,0,0,12235.0,38.1633590,-122.4554890,13.1,43.0,0,0,0
379.80,91.0,56.6,7089,0.0,2,4.2,0,0,12235.0,38.1633450,-122.4554680,12.5,41.0,0,0,0
379.90,90.0,55.9,7029,0.0,2,4.9,0,0,12235.0,38.1633310,-122.4554470,12.5,41.0,0,0,0
380.00,89.2,55.4,6966,0.0,2,5.9,0,0,12235.0,38.1633160,-122.4554270,12.5,41.0,0,0,0
380.10,88.4,54.9,6869,0.0,2,6.6,0,0,12235.0,38.1633030,-122.4554070,12.5,41.0,0,0,0
380.20,87.2,54.2,6800,0.0,2,7.8,0,0,12235.0,38.1632890,-122.4553870,12.5,41.0,0,0,0
380.30,86.4,53.7,6708,0.0,2,10.7,0,0,12235.0,38.1632750,-122.4553680,12.5,41.0,0,0,0
380.40,85.4,53.1,6670,0.0,2,13.6,0,0,12235.0,38.1632610,-122.4553490,12.5,41.0,0,0,0
380.50,84.7,52.6,6595,0.0,2,15.3,0,0,12235.0,38.1632480,-122.4553310,12.5,41.0,0,0,0
380.60,83.7,52.0,6531,0.0,2,17.6,0,0,12235.0,38.1632340,-122.4553120,12.5,41.0,0,0,0
380.70,82.8,51.5,6466,0.0,2,20.5,0,0,12235.0,38.1632200,-122.4552950,12.5,41.0,0,0,0
380.80,82.0,50.9,6405,0.0,2,22.7,0,0,12235.0,38.1632060,-122.4552780,11.9,39.0,0,0,0
380.90,81.2,50.5,6316,0.0,2,24.2,0,0,12235.0,38.1631920,-122.4552610,11.9,39.0,0,0,0
381.00,80.2,49.8,6209,0.0,2,25.7,0,0,12235.0,38.1631790,-122.4552450,11.9,39.0,0,0,0
381.10,78.8,48.9,6153,0.0,2,27.7,0,0,12235.0,38.1631650,-122.4552300,11.9,39.0,0,0,0
381.20,77.9,48.4,6079,0.0,2,29.2,0,0,12235.0,38.1631510,-122.4552150,11.9,39.0,0,0,0
381.30,77.2,48.0,6015,0.0,2,30.3,0,0,12235.0,38.1631370,-122.4552020,11.9,39.0,0,0,0
381.40,76.3,47.4,5928,0.0,2,31.6,0,0,12235.0,38.1631230,-122.4551890,11.9,39.0,0,0,0
381.50,75.1,46.7,5853,0.0,2,32.7,0,0,12235.0,38.1631090,-122.4551760,11.9,39.0,0,0,0
381.60,74.3,46.2,5783,0.0,2,33.6,0,0,12235.0,38.1630950,-122.4551640,11.9,39.0,0,0,0
381.70,73.4,45.6,5680,0.0,2,33.5,0,0,12235.0,38.1630810,-122.4551530,11.9,39.0,0,0,0
381.80,72.3,44.9,5612,0.0,2,33.4,0,0,12235.0,38.1630670,-122.4551430,11.1,36.4,0,0,0
381.90,71.0,44.1,5531,0.0,2,33.7,0,0,12235.0,38.1630530,-122.4551340,11.1,36.4,0,0,0
382.00,70.0,43.5,5500,0.0,2,34.4,0,0,12235.0,38.1630390,-122.4551250,11.1,36.4,0,0,0
382.10,69.6,43.2,5464,0.0,2,35.3,0,0,12235.0,38.1630250,-122.4551170,11.1,36.4,0,0,0
382.20,69.2,43.0,5432,0.0,2,36.2,0,0,12235.0,38.1630100,-122.4551100,11.1,36.4,0,0,0
382.30,68.6,42.7,5382,0.0,2,37.5,0,0,12235.0,38.1629950,-122.4551030,11.1,36.4,0,0,0
382.40,68.2,42.4,5328,0.0,2,38.2,0,0,12235.0,38.1629800,-122.4550980,11.1,36.4,0,0,0
382.50,68.1,42.3,5261,0.0,2,38.0,0,0,12235.0,38.1629660,-122.4550930,11.1,36.4,0,0,0
382.60,67.1,41.7,5161,0.0,2,37.4,0,0,12235.0,38.1629510,-122.4550890,11.1,36.4,0,0,0
382.70,65.4,40.7,5101,0.0,2,36.1,0,0,12235.0,38.1629360,-122.4550870,11.1,36.4,0,0,0
382.80,64.8,40.2,5047,0.0,2,34.4,0,0,12235.0,38.1629210,-122.4550850,10.7,35.1,0,0,0
382.90,64.0,39.8,4932,0.0,2,31.6,0,0,12235.0,38.1629070,-122.4550840,10.7,35.1,0,0,0
383.00,62.2,38.7,4821,0.0,2,28.0,0,0,12235.0,38.1628920,-122.4550830,10.7,35.1,0,0,0
383.10,61.0,37.9,4640,0.0,2,23.7,0,0,12235.0,38.1628780,-122.4550840,10.7,35.1,0,0,0
383.20,59.3,36.8,4561,0.0,2,17.6,0,0,12235.0,38.1628640,-122.4550850,10.7,35.1,0,0,0
383.30,57.9,36.0,4476,0.0,2,9.6,0,0,12235.0,38.1628500,-122.4550870,10.7,35.1,0,0,0
383.40,56.7,35.2,4427,0.0,2,0.9,0,0,12235.0,38.1628370,-122.4550890,10.7,35.1,0,0,0
383.50,56.2,34.9,4440,0.0,2,-7.5,0,0,12235.0,38.1628240,-122.4550910,10.7,35.1,0,0,0
383.60,56.3,35.0,4425,0.0,2,-15.1,0,0,12235.0,38.1628100,-122.4550930,10.7,35.1,0,0,0
383.70,56.3,35.0,4462,0.0,2,-21.8,0,0,12235.0,38.1627970,-122.4550950,10.7,35.1,0,0,0
383.80,56.6,35.2,4468,0.0,2,-26.1,0,0,12235.0,38.1627840,-122.4550960,10.7,35.1,0,0,0
383.90,56.5,35.1,4449,4.0,2,-28.5,0,0,12235.0,38.1627720,-122.4550970,10.7,35.1,0,0,0
384.00,56.7,35.2,4600,13.0,2,-29.7,0,0,12235.0,38.1627590,-122.4550970,10.7,35.1,0,0,0
384.10,56.4,35.1,4713,26.0,2,-30.9,0,0,12235.0,38.1627460,-122.4550960,10.7,35.1,0,0,0
384.20,57.6,35.8,4660,30.0,2,-32.1,0,0,12235.0,38.1627330,-122.4550940,10.7,35.1,0,0,0
384.30,58.3,36.3,4742,36.0,2,-33.5,0,0,12235.0,38.1627210,-122.4550920,10.7,35.1,0,0,0
384.40,59.9,37.2,4777,36.0,2,-34.4,0,0,12235.0,38.1627080,-122.4550890,10.7,35.1,0,0,0
384.50,60.6,37.6,4822,33.0,2,-35.2,0,0,12235.0,38.1626960,-122.4550850,10.7,35.1,0,0,0
384.60,61.4,38.2,4921,33.0,2,-35.9,0,0,12235.0,38.1626830,-122.4550800,10.7,35.1,0,0,0
384.70,62.3,38.7,4948,34.5,2,-36.5,0,0,12235.0,38.1626700,-122.4550750,10.7,35.1,0,0,0
384.80,62.9,39.1,5050,34.5,2,-37.0,0,0,12235.0,38.1626580,-122.4550680,10.2,33.5,0,0,0
384.90,64.6,40.1,5138,35.5,2,-36.9,0,0,12235.0,38.1626450,-122.4550610,10.2,33.5,0,0,0
385.00,65.6,40.7,5126,40.0,2,-36.6,0,0,12235.0,38.1626330,-122.4550530,10.2,33.5,0,0,0
385.10,65.7,40.8,5308,43.0,2,-36.8,0,0,12235.0,38.1626210,-122.4550440,10.2,33.5,0,0,0
385.20,66.9,41.6,5423,50.0,2,-37.3,0,0,12235.0,38.1626090,-122.4550340,10.2,33.5,0,0,0
385.30,70.0,43.5,5584,56.0,2,-37.5,0,0,12235.0,38.1625980,-122.4550230,10.2,33.5,0,0,0
385.40,71.3,44.3,5719,56.0,2,-37.7,0,0,12235.0,38.1625860,-122.4550110,10.2,33.5,0,0,0
385.50,72.5,45.0,5817,56.0,2,-37.6,0,0,12235.0,38.1625750,-122.4549990,10.2,33.5,0,0,0
385.60,74.0,46.0,5986,62.5,2,-37.2,0,0,12235.0,38.1625630,-122.4549850,10.2,33.5,0,0,0
385.70,76.4,47.5,6143,62.5,2,-36.9,0,0,12235.0,38.1625530,-122.4549700,10.2,33.5,0,0,0
385.80,78.4,48.7,6279,62.5,2,-36.7,0,0,12235.0,38.1625420,-122.4549550,9.6,31.5,0,0,0
385.90,80.1,49.7,6413,62.5,2,-36.6,0,0,12235.0,38.1625310,-122.4549380,9.6,31.5,0,0,0
386.00,82.1,51.0,6560,66.0,2,-36.3,0,0,12235.0,38.1625210,-122.4549210,9.6,31.5,0,0,0
386.10,84.5,52.5,6727,68.0,2,-35.8,0,0,12235.0,38.1625110,-122.4549030,9.6,31.5,0,0,0
386.20,86.1,53.5,6859,69.0,2,-35.5,0,0,12235.0,38.1625010,-122.4548830,9.6,31.5,0,0,0
386.30,87.8,54.6,7039,69.5,2,-35.0,0,0,12235.0,38.1624910,-122.4548630,9.6,31.5,0,0,0
386.40,90.2,56.1,7182,70.0,2,-34.6,0,0,12235.0,38.1624820,-122.4548420,9.6,31.5,0,0,0
386.50,91.7,57.0,7346,70.0,2,-34.1,0,0,12235.0,38.1624730,-122.4548200,9.6,31.5,0,0,0
386.60,93.5,58.1,7459,70.0,2,-33.5,0,0,12235.0,38.1624650,-122.4547970,9.6,31.5,0,0,0
386.70,94.9,59.0,7648,70.0,2,-33.0,0,0,12235.0,38.1624570,-122.4547740,9.6,31.5,0,0,0
386.80,97.6,60.6,7770,71.5,2,-32.6,0,0,12235.0,38.1624490,-122.4547490,9.2,30.2,0,0,0
386.90,99.2,61.7,7939,72.0,2,-31.8,0,0,12235.0,38.1624420,-122.4547240,9.2,30.2,0,0,0
387.00,101.0,62.8,8048,72.0,2,-30.7,0,0,12235.0,38.1624350,-122.4546980,9.2,30.2,0,0,0
387.10,102.2,63.5,8195,71.5,2,-29.3,0,0,12235.0,38.1624280,-122.4546720,9.2,30.2,0,0,0
387.20,104.5,65.0,8292,70.5,2,-27.8,0,0,12235.0,38.1624220,-122.4546440,9.2,30.2,0,0,0
387.30,105.4,65.5,8350,68.5,2,-25.7,0,0,12235.0,38.1624160,-122.4546160,9.2,30.2,0,0,0
387.40,106.1,65.9,8390,65.0,2,-23.1,0,0,12235.0,38.1624100,-122.4545870,9.2,30.2,0,0,0
387.50,106.4,66.1,8385,63.0,2,-20.0,0,0,12235.0,38.1624050,-122.4545570,9.2,30.2,0,0,0
387.60,107.1,66.5,8538,62.5,2,-17.2,0,0,12235.0,38.1624010,-122.4545270,9.2,30.2,0,0,0
387.70,108.5,67.4,8624,58.5,2,-14.6,0,0,12235.0,38.1623960,-122.4544960,9.2,30.2,0,0,0
387.80,110.5,68.7,8734,56.5,2,-13.3,0,0,12235.0,38.1623920,-122.4544650,8.9,29.2,0,0,0
387.90,110.7,68.8,8780,56.5,2,-9.9,0,0,12235.0,38.1623880,-122.4544330,8.9,29.2,0,0,0
388.00,111.6,69.4,8798,55.5,2,-4.9,0,0,12235.0,38.1623840,-122.4544010,8.9,29.2,0,0,0
388.10,112.0,69.6,8945,55.0,2,-0.8,0,0,12235.0,38.1623800,-122.4543680,8.9,29.2,0,0,0
388.20,113.5,70.5,8504,55.0,2,2.9,0,0,12235.0,38.1623760,-122.4543350,8.9,29.2,0,0,0
388.30,112.5,69.9,7039,55.5,3,5.2,0,0,12235.0,38.1623710,-122.4543020,8.9,29.2,0,0,0
388.40,114.9,71.4,7334,56.0,3,7.8,0,0,12235.0,38.1623670,-122.4542690,8.9,29.2,0,0,0
388.50,116.9,72.7,7402,56.0,3,10.8,0,0,12235.0,38.1623620,-122.4542350,8.9,29.2,0,0,0
388.60,118.2,73.4,7517,54.5,3,14.0,0,0,12235.0,38.1623570,-122.4542020,8.9,29.2,0,0,0
388.70,119.2,74.1,7595,52.5,3,17.8,0,0,12235.0,38.1623520,-122.4541670,8.9,29.2,0,0,0
388.80,121.3,75.4,7699,52.5,3,21.4,0,0,12235.0,38.1623470,-122.4541330,8.2,26.9,0,0,0
388.90,123.1,76.5,7797,52.5,3,23.3,0,0,12235.0,38.1623410,-122.4540990,8.2,26.9,0,0,0
389.00,124.6,77.4,7901,50.5,3,25.6,0,0,12235.0,38.1623350,-122.4540640,8.2,26.9,0,0,0
389.10,126.1,78.4,8000,49.5,3,27.9,0,0,12235.0,38.1623280,-122.4540300,8.2,26.9,0,0,0
389.20,127.1,79.0,8074,49.0,3,29.9,0,0,12235.0,38.1623220,-122.4539960,8.2,26.9,0,0,0
389.30,128.4,79.8,8141,49.0,3,31.4,0,0,12235.0,38.1623150,-122.4539620,8.2,26.9,0,0,0
389.40,129.7,80.6,8183,47.5,3,32.1,0,0,12235.0,38.1623070,-122.4539270,8.2,26.9,0,0,0
389.50,130.3,81.0,8229,42.5,3,33.2,0,0,12235.0,38.1622980,-122.4538930,8.2,26.9,0,0,0
389.60,130.4,81.0,8233,35.0,3,34.2,0,0,12235.0,38.1622890,-122.4538590,8.2,26.9,0,0,0
389.70,130.9,81.4,8253,41.5,3,35.0,0,0,12235.0,38.1622790,-122.4538250,8.2,26.9,0,0,0
389.80,131.4,81.6,8315,47.5,3,34.8,0,0,12235.0,38.1622690,-122.4537910,7.5,24.6,0,0,0
389.90,132.5,82.3,8380,51.0,3,34.9,0,0,12235.0,38.1622580,-122.4537570,7.5,24.6,0,0,0
390.00,133.5,83.0,8422,50.5,3,35.8,0,0,12235.0,38.1622470,-122.4537240,7.5,24.6,0,0,0
390.10,134.5,83.6,8477,50.5,3,36.8,0,0,12235.0,38.1622350,-122.4536910,7.5,24.6,0,0,0
390.20,135.2,84.0,8511,46.0,3,37.9,0,0,12235.0,38.1622220,-122.4536580,7.5,24.6,0,0,0
390.30,135.5,84.2,8572,44.0,3,38.7,0,0,12235.0,38.1622080,-122.4536250,7.5,24.6,0,0,0
390.40,135.3,84.1,8557,44.5,3,39.2,0,0,12235.0,38.1621940,-122.4535920,7.5,24.6,0,0,0
390.50,136.6,84.9,8631,44.5,3,39.4,0,0,12235.0,38.1621790,-122.4535600,7.5,24.6,0,0,0
390.60,137.7,85.6,8654,44.5,3,39.4,0,0,12235.0,38.1621630,-122.4535290,7.5,24.6,0,0,0
390.70,137.4,85.3,8669,44.5,3,39.9,0,0,12235.0,38.1621470,-122.4534970,7.5,24.6,0,0,0
390.80,137.8,85.6,8649,44.5,3,40.3,0,0,12235.0,38.1621310,-122.4534660,6.9,22.6,0,0,0
390.90,137.7,85.6,8696,44.5,3,40.6,0,0,12235.0,38.1621130,-122.4534360,6.9,22.6,0,0,0
391.00,138.3,86.0,8726,46.0,3,40.6,0,0,12235.0,38.1620950,-122.4534060,6.9,22.6,0,0,0
391.10,139.3,86.5,8752,48.0,3,40.5,0,0,12235.0,38.1620770,-122.4533770,6.9,22.6,0,0,0
391.20,139.7,86.8,8772,48.5,3,40.6,0,0,12235.0,38.1620570,-122.4533480,6.9,22.6,0,0,0
391.30,139.3,86.6,8821,48.5,3,40.6,0,0,12235.0,38.1620370,-122.4533200,6.9,22.6,0,0,0
391.40,140.6,87.4,8871,49.5,3,40.6,0,0,12235.0,38.1620170,-122.4532920,6.9,22.6,0,0,0
391.50,141.2,87.7,8902,53.0,3,40.5,0,0,12235.0,38.1619960,-122.4532650,6.9,22.6,0,0,0
391.60,141.6,88.0,8916,55.0,3,40.2,0,0,12235.0,38.1619740,-122.4532390,6.9,22.6,0,0,0
391.70,141.9,88.2,8974,54.0,3,39.9,0,0,12235.0,38.1619520,-122.4532130,6.9,22.6,0,0,0
391.80,142.7,88.7,8988,54.0,3,39.8,0,0,12235.0,38.1619290,-122.4531870,6.9,22.6,0,0,0
391.90,143.1,88.9,9061,57.0,3,39.8,0,0,12235.0,38.1619050,-122.4531620,6.9,22.6,0,0,0
392.00,144.0,89.5,9147,60.5,3,39.4,0,0,12235.0,38.1618820,-122.4531380,6.9,22.6,0,0,0
392.10,145.5,90.4,9203,63.0,3,38.8,0,0,12235.0,38.1618570,-122.4531140,6.9,22.6,0,0,0
392.20,146.6,91.1,9226,63.0,3,38.1,0,0,12235.0,38.1618320,-122.4530910,6.9,22.6,0,0,0
392.30,146.6,91.1,9384,63.0,3,37.4,0,0,12235.0,38.1618070,-122.4530690,6.9,22.6,0,0,0
392.40,149.0,92.6,9329,65.5,3,36.9,0,0,12235.0,38.1617800,-122.4530460,6.9,22.6,0,0,0
392.50,148.6,92.4,9372,65.0,3,36.0,0,0,12235.0,38.1617540,-122.4530250,6.9,22.6,0,0,0
392.60,149.5,92.9,9402,64.5,3,35.3,0,0,12235.0,38.1617270,-122.4530040,6.9,22.6,0,0,0
392.70,149.0,92.6,9405,64.5,3,34.5,0,0,12235.0,38.1616990,-122.4529830,6.9,22.6,0,0,0
392.80,149.4,92.8,9491,65.0,3,33.6,0,0,12235.0,38.1616710,-122.4529630,6.6,21.7,0,0,0
392.90,150.8,93.7,9464,65.5,3,32.4,0,0,12235.0,38.1616420,-122.4529430,6.6,21.7,0,0,0
393.00,151.1,93.9,9518,65.5,3,31.0,0,0,12235.0,38.1616130,-122.4529230,6.6,21.7,0,0,0
393.10,151.1,93.9,9521,64.5,3,29.6,0,0,12235.0,38.1615840,-122.4529050,6.6,21.7,0,0,0
393.20,151.3,94.0,9503,62.0,3,28.2,0,0,12235.0,38.1615540,-122.4528860,6.6,21.7,0,0,0
393.30,151.2,94.0,9503,61.5,3,26.6,0,0,12235.0,38.1615230,-122.4528680,6.6,21.7,0,0,0
393.40,151.6,94.2,9473,57.5,3,24.6,0,0,12235.0,38.1614930,-122.4528510,6.6,21.7,0,0,0
393.50,150.9,93.7,9408,54.5,3,22.0,0,0,12235.0,38.1614610,-122.4528340,6.6,21.7,0,0,0
393.60,149.1,92.6,9279,42.0,3,19.7,0,0,12235.0,38.1614300,-122.4528170,6.6,21.7,0,0,0
393.70,147.9,91.9,8626,0.0,3,17.3,0,0,12235.0,38.1613980,-122.4528010,6.6,21.7,0,0,0
393.80,142.5,88.6,9036,0.0,3,14.4,0,0,12235.0,38.1613670,-122.4527850,6.4,21.0,0,0,0
393.90,143.7,89.3,8950,0.0,3,12.7,0,0,12235.0,38.1613350,-122.4527700,6.4,21.0,0,0,0
394.00,142.9,88.8,8892,0.0,3,12.5,0,0,12235.0,38.1613040,-122.4527550,6.4,21.0,0,0,0
394.10,142.0,88.2,8829,0.0,3,12.1,0,0,12235.0,38.1612730,-122.4527400,6.4,21.0,0,0,0
394.20,140.1,87.1,8780,0.0,3,11.6,0,0,12235.0,38.1612410,-122.4527250,6.4,21.0,0,0,0
394.30,139.7,86.8,8706,0.0,3,11.4,0,0,12235.0,38.1612110,-122.4527100,6.4,21.0,0,0,0
394.40,138.4,86.0,8508,0.0,3,11.3,0,0,12235.0,38.1611790,-122.4526960,6.4,21.0,0,0,0
394.50,135.6,84.2,8399,0.0,3,10.0,0,0,12235.0,38.1611490,-122.4526820,6.4,21.0,0,0,0
394.60,133.9,83.2,8274,0.0,3,8.6,0,0,12235.0,38.1611180,-122.4526690,6.4,21.0,0,0,0
394.70,131.7,81.8,8179,0.0,3,7.9,0,0,12235.0,38.1610890,-122.4526550,6.4,21.0,0,0,0
394.80,129.5,80.5,8007,0.0,3,6.6,0,0,12235.0,38.1610590,-122.4526430,6.1,20.0,0,0,0
394.90,126.9,78.9,7794,0.0,3,5.5,0,0,12235.0,38.1610300,-122.4526300,6.1,20.0,0,0,0
395.00,124.0,77.0,7700,0.0,3,5.0,0,0,12235.0,38.1610010,-122.4526180,6.1,20.0,0,0,0
395.10,122.2,75.9,7461,0.0,3,4.3,0,0,12235.0,38.1609730,-122.4526060,6.1,20.0,0,0,0
395.20,118.7,73.7,7382,0.0,3,4.1,0,0,12235.0,38.1609450,-122.4525940,6.1,20.0,0,0,0
395.30,117.9,73.3,8467,0.0,3,3.4,0,0,12235.0,38.1609180,-122.4525830,6.1,20.0,0,0,0
395.40,111.0,69.0,8940,0.0,2,2.8,0,0,12235.0,38.1608910,-122.4525720,6.1,20.0,0,0,0
395.50,114.0,70.8,8719,0.0,2,2.7,0,0,12235.0,38.1608650,-122.4525610,6.1,20.0,0,0,0
395.60,111.3,69.2,8545,0.0,2,2.4,0,0,12235.0,38.1608390,-122.4525510,6.1,20.0,0,0,0
395.70,108.5,67.4,8387,0.0,2,2.0,0,0,12235.0,38.1608140,-122.4525400,6.1,20.0,0,0,0
395.80,106.5,66.2,8213,0.0,2,1.9,0,0,12235.0,38.1607890,-122.4525310,5.7,18.7,0,0,0
395.90,104.3,64.8,8045,0.0,2,2.0,0,0,12235.0,38.1607640,-122.4525210,5.7,18.7,0,0,0
396.00,102.2,63.5,7906,0.0,2,2.0,0,0,12235.0,38.1607400,-122.4525110,5.7,18.7,0,0,0
396.10,100.3,62.3,7714,0.0,2,2.0,0,0,12235.0,38.1607170,-122.4525020,5.7,18.7,0,0,0
396.20,98.1,61.0,7603,0.0,2,1.9,0,0,12235.0,38.1606940,-122.4524930,5.7,18.7,0,0,0
396.30,96.3,59.9,7431,0.0,2,1.9,0,0,12235.0,38.1606720,-122.4524840,5.7,18.7,0,0,0
396.40,94.2,58.5,7273,0.0,2,2.0,0,0,12235.0,38.1606500,-122.4524750,5.7,18.7,0,0,0
396.50,92.1,57.2,7069,0.0,2,2.4,0,0,12235.0,38.1606280,-122.4524670,5.7,18.7,0,0,0
396.60,89.6,55.7,7147,0.0,2,2.7,0,0,12235.0,38.1606060,-122.4524580,5.7,18.7,0,0,0
396.70,87.9,54.6,8265,0.0,1,3.0,0,0,12235.0,38.1605850,-122.4524500,5.7,18.7,0,0,0
396.80,80.7,50.1,8606,0.0,1,3.4,0,0,12235.0,38.1605650,-122.4524420,5.7,18.7,0,0,0
396.90,82.9,51.5,8352,0.0,1,3.4,0,0,12235.0,38.1605440,-122.4524350,5.7,18.7,0,0,0
397.00,80.4,50.0,8108,0.0,1,3.7,0,0,12235.0,38.1605240,-122.4524270,5.7,18.7,0,0,0
397.10,78.2,48.6,7939,0.0,1,4.4,0,0,12235.0,38.1605050,-122.4524200,5.7,18.7,0,0,0
397.20,76.5,47.5,7690,0.0,1,5.2,0,0,12235.0,38.1604860,-122.4524130,5.7,18.7,0,0,0
397.30,74.0,46.0,7532,0.0,1,6.3,0,0,12235.0,38.1604680,-122.4524060,5.7,18.7,0,0,0
397.40,72.6,45.1,7398,0.0,1,7.5,0,0,12235.0,38.1604510,-122.4524000,5.7,18.7,0,0,0
397.50,71.3,44.3,7317,0.0,1,9.1,0,0,12235.0,38.1604330,-122.4523940,5.7,18.7,0,0,0
397.60,70.2,43.6,7124,0.0,1,10.5,0,0,12235.0,38.1604170,-122.4523880,5.7,18.7,0,0,0
397.70,68.5,42.6,6932,0.0,1,11.9,0,0,12235.0,38.1604010,-122.4523830,5.7,18.7,0,0,0
397.80,66.7,41.5,6797,0.0,1,14.0,0,0,12235.0,38.1603850,-122.4523780,5.8,19.0,0,0,0
397.90,65.6,40.7,6713,0.0,1,16.8,0,0,12235.0,38.1603700,-122.4523730,5.8,19.0,0,0,0
398.00,64.8,40.3,6622,0.0,1,19.3,0,0,12235.0,38.1603550,-122.4523690,5.8,19.0,0,0,0
398.10,64.0,39.8,6595,0.0,1,22.1,0,0,12235.0,38.1603400,-122.4523650,5.8,19.0,0,0,0
398.20,63.7,39.6,6539,0.0,1,24.7,0,0,12235.0,38.1603240,-122.4523620,5.8,19.0,0,0,0
398.30,63.1,39.2,6501,0.0,1,26.5,0,0,12235.0,38.1603100,-122.4523590,5.8,19.0,0,0,0
398.40,62.5,38.9,6442,0.0,1,28.1,0,0,12235.0,38.1602960,-122.4523560,5.8,19.0,0,0,0
398.50,62.2,38.7,6377,0.0,1,29.3,0,0,12235.0,38.1602820,-122.4523540,5.8,19.0,0,0,0
398.60,61.5,38.2,6279,0.0,1,30.4,0,0,12235.0,38.1602680,-122.4523530,5.8,19.0,0,0,0
398.70,60.6,37.6,6232,0.0,1,31.3,0,0,12235.0,38.1602540,-122.4523520,5.8,19.0,0,0,0
398.80,60.1,37.4,6143,0.0,1,32.3,0,0,12235.0,38.1602400,-122.4523510,5.5,18.0,0,0,0
398.90,59.3,36.8,6062,0.0,1,32.8,0,0,12235.0,38.1602270,-122.4523520,5.5,18.0,0,0,0
399.00,58.5,36.3,5973,0.0,1,33.3,0,0,12235.0,38.1602130,-122.4523520,5.5,18.0,0,0,0
399.10,57.8,35.9,5878,0.0,1,34.0,0,0,12235.0,38.1602000,-122.4523540,5.5,18.0,0,0,0
399.20,56.8,35.3,5795,0.0,1,34.6,0,0,12235.0,38.1601870,-122.4523570,5.5,18.0,0,0,0
399.30,55.8,34.7,5703,0.0,1,35.2,0,0,12235.0,38.1601750,-122.4523600,5.5,18.0,0,0,0
399.40,54.8,34.0,5605,0.0,1,36.0,0,0,12235.0,38.1601630,-122.4523630,5.5,18.0,0,0,0
399.50,54.2,33.7,5499,0.0,1,36.7,0,0,12235.0,38.1601520,-122.4523680,5.5,18.0,0,0,0
399.60,53.1,33.0,5393,0.0,1,37.4,0,0,12235.0,38.1601410,-122.4523730,5.5,18.0,0,0,0
399.70,51.8,32.2,5280,0.0,1,37.5,0,0,12235.0,38.1601300,-122.4523780,5.5,18.0,0,0,0
399.80,50.7,31.5,5114,0.0,1,37.6,0,0,12235.0,38.1601230,-122.4523850,5.5,18.0,0,0,0
399.90,49.4,30.7,5082,0.0,1,37.9,0,0,12235.0,38.1601140,-122.4523920,5.5,18.0,0,0,0
400.00,48.8,30.3,4967,0.0,1,38.6,0,0,12235.0,38.1601060,-122.4523990,5.5,18.0,0,0,0
400.10,47.8,29.7,4866,0.0,1,39.8,0,0,12235.0,38.1600970,-122.4524070,5.5,18.0,0,0,0
400.20,46.9,29.2,4845,0.0,1,40.3,0,0,12235.0,38.1600890,-122.4524150,5.5,18.0,0,0,0
400.30,46.5,28.9,4689,0.0,1,39.4,0,0,12235.0,38.1600820,-122.4524240,5.5,18.0,0,0,0
400.40,45.2,28.1,4603,0.0,1,39.2,0,0,12235.0,38.1600750,-122.4524320,5.5,18.0,0,0,0
400.50,44.4,27.6,4546,2.0,1,39.3,0,0,12235.0,38.1600680,-122.4524420,5.5,18.0,0,0,0
400.60,44.1,27.4,4508,5.0,1,40.0,0,0,12235.0,38.1600620,-122.4524520,5.5,18.0,0,0,0
400.70,43.6,27.1,4518,6.5,1,40.5,0,0,12235.0,38.1600570,-122.4524620,5.5,18.0,0,0,0
400.80,43.6,27.1,4646,13.5,1,40.9,0,0,12235.0,38.1600520,-122.4524720,5.6,18.4,0,0,0
400.90,43.6,27.1,5004,19.5,1,41.4,0,0,12235.0,38.1600480,-122.4524820,5.6,18.4,0,0,0
401.00,45.9,28.5,4734,26.0,1,41.5,0,0,12235.0,38.1600450,-122.4524930,5.6,18.4,0,0,0
401.10,45.5,28.3,4776,30.0,1,41.2,0,0,12235.0,38.1600420,-122.4525040,5.6,18.4,0,0,0
401.20,45.9,28.5,4856,31.5,1,40.6,0,0,12235.0,38.1600400,-122.4525160,5.6,18.4,0,0,0
401.30,46.9,29.1,4953,35.5,1,40.2,0,0,12235.0,38.1600390,-122.4525280,5.6,18.4,0,0,0
401.40,47.7,29.6,5134,41.5,1,40.0,0,0,12235.0,38.1600390,-122.4525400,5.6,18.4,0,0,0
401.50,49.8,31.0,5255,44.0,1,39.7,0,0,12235.0,38.1600390,-122.4525530,5.6,18.4,0,0,0
401.60,51.4,31.9,5410,46.0,1,38.9,0,0,12235.0,38.1600400,-122.4525660,5.6,18.4,0,0,0
401.70,52.1,32.4,5577,48.5,1,37.8,0,0,12235.0,38.1600410,-122.4525790,5.6,18.4,0,0,0
401.80,54.0,33.6,5788,53.0,1,36.6,0,0,12235.0,38.1600440,-122.4525930,5.8,19.0,0,0,0
401.90,56.5,35.1,5987,59.0,1,35.5,0,0,12235.0,38.1600480,-122.4526060,5.8,19.0,0,0,0
402.00,58.5,36.4,6260,62.0,1,34.4,0,0,12235.0,38.1600520,-122.4526200,5.8,19.0,0,0,0
402.10,60.6,37.7,6375,61.0,1,33.1,0,0,12235.0,38.1600560,-122.4526340,5.8,19.0,0,0,0
402.20,61.9,38.5,6542,61.0,1,31.6,0,0,12235.0,38.1600610,-122.4526490,5.8,19.0,0,0,0
402.30,63.7,39.6,6820,60.5,1,30.3,0,0,12235.0,38.1600680,-122.4526640,5.8,19.0,0,0,0
402.40,65.9,40.9,6922,60.5,1,28.7,0,0,12235.0,38.1600750,-122.4526790,5.8,19.0,0,0,0
402.50,67.1,41.7,7076,61.5,1,27.1,0,0,12235.0,38.1600820,-122.4526940,5.8,19.0,0,0,0
402.60,68.9,42.8,7215,61.5,1,25.6,0,0,12235.0,38.1600900,-122.4527100,5.8,19.0,0,0,0
402.70,70.0,43.5,7419,63.0,1,24.2,0,0,12235.0,38.1600990,-122.4527250,5.8,19.0,0,0,0
402.80,71.9,44.7,7567,63.0,1,22.5,0,0,12235.0,38.1601080,-122.4527410,5.2,17.1,0,0,0
402.90,73.6,45.8,7781,64.5,1,20.9,0,0,12235.0,38.1601180,-122.4527570,5.2,17.1,0,0,0
403.00,75.5,46.9,7916,64.5,1,19.0,0,0,12235.0,38.1601280,-122.4527730,5.2,17.1,0,0,0
403.10,76.7,47.7,8076,64.5,1,16.8,0,0,12235.0,38.1601390,-122.4527900,5.2,17.1,0,0,0
403.20,78.4,48.7,8251,64.5,1,14.6,0,0,12235.0,38.1601500,-122.4528060,5.2,17.1,0,0,0
403.30,79.7,49.5,8468,64.5,1,12.6,0,0,12235.0,38.1601620,-122.4528230,5.2,17.1,0,0,0
403.40,81.8,50.8,8584,64.5,1,11.0,0,0,12235.0,38.1601750,-122.4528400,5.2,17.1,0,0,0
403.50,83.7,52.0,8808,64.5,1,9.7,0,0,12235.0,38.1601880,-122.4528570,5.2,17.1,0,0,0
403.60,85.3,53.0,8945,64.5,1,8.5,0,0,12235.0,38.1602000,-122.4528750,5.2,17.1,0,0,0
403.70,86.8,53.9,9237,66.5,1,7.7,0,0,12235.0,38.1602150,-122.4528920,5.2,17.1,0,0,0
403.80,88.9,55.3,9399,66.5,1,6.7,0,0,12235.0,38.1602290,-122.4529100,5.1,16.7,0,0,0
403.90,90.9,56.5,9558,66.0,1,5.6,0,0,12235.0,38.1602430,-122.4529280,5.1,16.7,0,0,0
404.00,92.7,57.6,9756,66.0,1,4.6,0,0,12235.0,38.1602580,-122.4529470,5.1,16.7,0,0,0
404.10,94.4,58.7,9944,66.0,1,3.4,0,0,12235.0,38.1602740,-122.4529650,5.1,16.7,0,0,0
404.20,95.9,59.6,10122,66.0,1,2.3,0,0,12235.0,38.1602910,-122.4529840,5.1,16.7,0,0,0
404.30,97.9,60.8,10324,66.0,1,1.3,0,0,12235.0,38.1603070,-122.4530040,5.1,16.7,0,0,0
404.40,99.2,61.6,7965,67.0,1,0.3,0,0,12235.0,38.1603240,-122.4530230,5.1,16.7,0,0,0
404.50,98.3,61.1,7689,68.0,2,-0.8,0,0,12235.0,38.1603410,-122.4530430,5.1,16.7,0,0,0
404.60,99.4,61.7,8067,69.0,2,-1.6,0,0,12235.0,38.1603580,-122.4530630,5.1,16.7,0,0,0
404.70,102.6,63.7,8206,69.0,2,-2.5,0,0,12235.0,38.1603750,-122.4530830,5.1,16.7,0,0,0
404.80,104.6,65.0,8343,70.5,2,-3.9,0,0,12235.0,38.1603930,-122.4531040,5.4,17.7,0,0,0
404.90,106.3,66.1,8487,71.5,2,-5.1,0,0,12235.0,38.1604110,-122.4531250,5.4,17.7,0,0,0
405.00,108.3,67.3,8604,71.5,2,-5.9,0,0,12235.0,38.1604290,-122.4531460,5.4,17.7,0,0,0
405.10,109.2,67.9,8719,73.5,2,-6.8,0,0,12235.0,38.1604470,-122.4531670,5.4,17.7,0,0,0
405.20,111.4,69.2,8887,74.5,2,-7.9,0,0,12235.0,38.1604650,-122.4531890,5.4,17.7,0,0,0
405.30,112.8,70.1,9031,75.5,2,-8.7,0,0,12235.0,38.1604840,-122.4532110,5.4,17.7,0,0,0
405.40,114.6,71.2,9177,76.0,2,-9.4,0,0,12235.0,38.1605030,-122.4532340,5.4,17.7,0,0,0
405.50,116.7,72.5,9326,77.5,2,-9.8,0,0,12235.0,38.1605220,-122.4532570,5.4,17.7,0,0,0
405.60,119.2,74.1,9449,77.5,2,-10.1,0,0,12235.0,38.1605420,-122.4532800,5.4,17.7,0,0,0
405.70,120.4,74.8,9576,77.5,2,-10.3,0,0,12235.0,38.1605620,-122.4533040,5.4,17.7,0,0,0
405.80,122.1,75.9,9693,77.5,2,-10.2,0,0,12235.0,38.1605820,-122.4533290,5.4,17.7,0,0,0
405.90,123.8,76.9,9830,77.5,2,-10.2,0,0,12235.0,38.1606020,-122.4533530,5.4,17.7,0,0,0
406.00,125.4,77.9,9984,77.5,2,-10.2,0,0,12235.0,38.1606220,-122.4533790,5.4,17.7,0,0,0
406.10,127.4,79.2,10101,77.5,2,-10.2,0,0,12235.0,38.1606430,-122.4534040,5.4,17.7,0,0,0
406.20,128.3,79.7,10215,77.5,2,-10.3,0,0,12235.0,38.1606640,-122.4534300,5.4,17.7,0,0,0
406.30,129.1,80.2,8466,81.5,2,-10.5,0,0,12235.0,38.1606850,-122.4534570,5.4,17.7,0,0,0
406.40,130.4,81.0,8329,85.0,3,-10.5,0,0,12235.0,38.1607060,-122.4534830,5.4,17.7,0,0,0
406.50,130.7,81.2,8366,88.0,3,-10.4,0,0,12235.0,38.1607270,-122.4535110,5.4,17.7,0,0,0
406.60,132.6,82.4,8475,88.0,3,-10.4,0,0,12235.0,38.1607490,-122.4535380,5.4,17.7,0,0,0
406.70,134.1,83.3,8616,88.5,3,-10.2,0,0,12235.0,38.1607700,-122.4535660,5.4,17.7,0,0,0
406.80,136.0,84.5,8674,88.5,3,-10.3,0,0,12235.0,38.1607920,-122.4535940,5.6,18.4,0,0,0
406.90,137.9,85.7,8734,88.5,3,-10.4,0,0,12235.0,38.1608140,-122.4536230,5.6,18.4,0,0,0
407.00,138.3,86.0,8845,89.0,3,-10.4,0,0,12235.0,38.1608360,-122.4536520,5.6,18.4,0,0,0
407.10,139.9,86.9,8937,92.5,3,-10.3,0,0,12235.0,38.1608580,-122.4536810,5.6,18.4,0,0,0
407.20,141.8,88.1,9010,96.0,3,-10.2,0,0,12235.0,38.1608800,-122.4537110,5.6,18.4,0,0,0
407.30,142.9,88.8,9086,97.0,3,-10.5,0,0,12235.0,38.1609020,-122.4537410,5.6,18.4,0,0,0
407.40,144.4,89.7,9172,100.0,3,-11.0,0,0,12235.0,38.1609250,-122.4537720,5.6,18.4,0,0,0
407.50,145.3,90.3,9274,100.0,3,-11.1,0,0,12235.0,38.1609480,-122.4538030,5.6,18.4,0,0,0
407.60,147.4,91.6,9375,100.0,3,-10.9,0,0,12235.0,38.1609710,-122.4538340,5.6,18.4,0,0,0
407.70,148.8,92.4,9440,100.0,3,-10.7,0,0,12235.0,38.1609930,-122.4538660,5.6,18.4,0,0,0
407.80,150.1,93.3,9500,100.0,3,-10.4,0,0,12235.0,38.1610160,-122.4538980,5.9,19.4,0,0,0
407.90,150.8,93.7,9576,100.0,3,-10.2,0,0,12235.0,38.1610400,-122.4539300,5.9,19.4,0,0,0
408.00,152.2,94.6,9650,100.0,3,-9.8,0,0,12235.0,38.1610630,-122.4539630,5.9,19.4,0,0,0
408.10,153.6,95.4,9725,100.0,3,-9.4,0,0,12235.0,38.1610870,-122.4539960,5.9,19.4,0,0,0
408.20,155.1,96.4,9805,100.0,3,-9.3,0,0,12235.0,38.1611100,-122.4540300,5.9,19.4,0,0,0
408.30,156.5,97.2,9862,100.0,3,-9.2,0,0,12235.0,38.1611340,-122.4540640,5.9,19.4,0,0,0
408.40,157.2,97.7,9914,100.0,3,-8.7,0,0,12235.0,38.1611580,-122.4540980,5.9,19.4,0,0,0
408.50,158.2,98.3,9991,98.0,3,-8.3,0,0,12235.0,38.1611820,-122.4541330,5.9,19.4,0,0,0
408.60,158.8,98.7,10085,93.5,3,-8.0,0,0,12235.0,38.1612070,-122.4541680,5.9,19.4,0,0,0
408.70,160.4,99.7,10159,88.0,3,-7.5,0,0,12235.0,38.1612310,-122.4542030,5.9,19.4,0,0,0
408.80,161.4,100.3,10225,83.5,3,-7.2,0,0,12235.0,38.1612550,-122.4542390,6.1,20.0,0,0,0
408.90,162.6,101.0,10208,75.5,3,-6.7,0,0,12235.0,38.1612800,-122.4542750,6.1,20.0,0,0,0
409.00,162.0,100.7,10201,62.5,3,-6.4,0,0,12235.0,38.1613050,-122.4543110,6.1,20.0,0,0,0
409.10,162.6,101.0,10064,43.0,3,-6.3,0,0,12235.0,38.1613290,-122.4543470,6.1,20.0,0,0,0
409.20,160.7,99.8,9728,0.0,3,-5.6,0,0,12235.0,38.1613540,-122.4543840,6.1,20.0,0,0,0
409.30,155.5,96.6,9823,0.0,3,-4.7,0,0,12235.0,38.1613780,-122.4544200,6.1,20.0,0,0,0
409.40,156.5,97.2,9722,0.0,3,-4.3,0,0,12235.0,38.1614030,-122.4544570,6.1,20.0,0,0,0
409.50,155.0,96.3,9696,0.0,3,-4.0,0,0,12235.0,38.1614270,-122.4544920,6.1,20.0,0,0,0
409.60,153.8,95.5,9588,0.0,3,-4.0,0,0,12235.0,38.1614500,-122.4545270,6.1,20.0,0,0,0
409.70,152.1,94.5,9461,0.0,3,-3.9,0,0,12235.0,38.1614740,-122.4545620,6.1,20.0,0,0,0
409.80,150.0,93.2,9343,0.0,3,-3.6,0,0,12235.0,38.1614970,-122.4545970,6.4,21.0,0,0,0
409.90,148.1,92.0,9127,0.0,3,-3.2,0,0,12235.0,38.1615200,-122.4546310,6.4,21.0,0,0,0
410.00,145.0,90.1,8979,0.0,3,-3.0,0,0,12235.0,38.1615430,-122.4546650,6.4,21.0,0,0,0
410.10,142.5,88.6,8860,0.0,3,-3.8,0,0,12235.0,38.1615650,-122.4546990,6.4,21.0,0,0,0
410.20,140.4,87.2,8684,0.0,3,-4.1,0,0,12235.0,38.1615870,-122.4547320,6.4,21.0,0,0,0
410.30,137.7,85.6,8520,0.0,3,-4.1,0,0,12235.0,38.1616090,-122.4547640,6.4,21.0,0,0,0
410.40,135.3,84.0,8350,0.0,3,-4.2,0,0,12235.0,38.1616300,-122.4547960,6.4,21.0,0,0,0
410.50,132.4,82.2,8157,0.0,3,-4.2,0,0,12235.0,38.1616510,-122.4548270,6.4,21.0,0,0,0
410.60,129.7,80.6,8093,0.0,3,-4.0,0,0,12235.0,38.1616710,-122.4548580,6.4,21.0,0,0,0
410.70,128.6,79.9,7989,0.0,3,-3.7,0,0,12235.0,38.1616910,-122.4548880,6.4,21.0,0,0,0
410.80,126.7,78.7,7841,0.0,3,-3.2,0,0,12235.0,38.1617110,-122.4549170,6.6,21.7,0,0,0
410.90,124.2,77.2,7716,0.0,3,-2.7,0,0,12235.0,38.1617300,-122.4549470,6.6,21.7,0,0,0
411.00,122.5,76.1,7632,0.0,3,-1.8,0,0,12235.0,38.1617490,-122.4549750,6.6,21.7,0,0,0
411.10,120.9,75.1,7525,0.0,3,-0.9,0,0,12235.0,38.1617670,-122.4550040,6.6,21.7,0,0,0
411.20,119.4,74.2,7408,0.0,3,-0.4,0,0,12235.0,38.1617860,-122.4550320,6.6,21.7,0,0,0
411.30,117.7,73.2,7289,0.0,3,-0.4,0,0,12235.0,38.1618040,-122.4550590,6.6,21.7,0,0,0
411.40,116.0,72.1,7201,0.0,3,-0.8,0,0,12235.0,38.1618210,-122.4550860,6.6,21.7,0,0,0
411.50,114.3,71.0,7106,0.0,3,-1.4,0,0,12235.0,38.1618390,-122.4551120,6.6,21.7,0,0,0
411.60,112.9,70.1,7031,0.0,3,-1.8,0,0,12235.0,38.1618560,-122.4551390,6.6,21.7,0,0,0
411.70,111.4,69.2,6932,0.0,3,-2.0,0,0,12235.0,38.1618730,-122.4551650,6.6,21.7,0,0,0
411.80,110.2,68.5,6872,0.0,3,-1.7,0,0,12235.0,38.1618900,-122.4551900,6.8,22.3,0,0,0
411.90,108.7,67.5,6768,0.0,3,-1.8,0,0,12235.0,38.1619070,-122.4552160,6.8,22.3,0,0,0
412.00,107.8,67.0,6688,0.0,3,-1.1,0,0,12235.0,38.1619230,-122.4552400,6.8,22.3,0,0,0
412.10,106.1,65.9,6617,0.0,3,-0.4,0,0,12235.0,38.1619400,-122.4552650,6.8,22.3,0,0,0
412.20,104.7,65.0,6508,0.0,3,-1.7,0,0,12235.0,38.1619560,-122.4552890,6.8,22.3,0,0,0
412.30,103.4,64.2,6439,0.0,3,-4.1,0,0,12235.0,38.1619720,-122.4553130,6.8,22.3,0,0,0
412.40,101.7,63.2,6323,0.0,3,-7.5,0,0,12235.0,38.1619880,-122.4553370,6.8,22.3,0,0,0
412.50,100.3,62.3,6266,0.0,3,-13.1,0,0,12235.0,38.1620030,-122.4553610,6.8,22.3,0,0,0
412.60,99.5,61.8,6211,0.0,3,-17.4,0,0,12235.0,38.1620180,-122.4553840,6.8,22.3,0,0,0
412.70,98.6,61.3,6182,0.0,3,-21.4,0,0,12235.0,38.1620320,-122.4554070,6.8,22.3,0,0,0
412.80,98.0,60.9,6139,0.0,3,-24.1,0,0,12235.0,38.1620470,-122.4554300,6.9,22.6,0,0,0
412.90,97.7,60.7,6121,0.0,3,-25.8,0,0,12235.0,38.1620600,-122.4554530,6.9,22.6,0,0,0
413.00,97.3,60.5,6072,0.0,3,-27.4,0,0,12235.0,38.1620730,-122.4554760,6.9,22.6,0,0,0
413.10,96.3,59.9,6027,0.0,3,-28.4,0,0,12235.0,38.1620860,-122.4555000,6.9,22.6,0,0,0
413.20,95.4,59.3,5969,5.0,3,-28.3,0,0,12235.0,38.1620970,-122.4555230,6.9,22.6,0,0,0
413.30,94.5,58.7,6049,15.0,3,-28.1,0,0,12235.0,38.1621090,-122.4555470,6.9,22.6,0,0,0
413.40,94.2,58.5,6003,20.0,3,-27.5,0,0,12235.0,38.1621200,-122.4555700,6.9,22.6,0,0,0
413.50,94.3,58.6,5950,29.5,3,-26.5,0,0,12235.0,38.1621300,-122.4555940,6.9,22.6,0,0,0
413.60,94.8,58.9,5976,27.5,3,-26.0,0,0,12235.0,38.1621400,-122.4556190,6.9,22.6,0,0,0
413.70,94.8,58.9,5946,23.5,3,-26.1,0,0,12235.0,38.1621500,-122.4556430,6.9,22.6,0,0,0
413.80,94.3,58.6,5944,26.5,3,-27.0,0,0,12235.0,38.1621590,-122.4556670,7.1,23.3,0,0,0
413.90,94.8,58.9,5979,27.5,3,-28.8,0,0,12235.0,38.1621680,-122.4556920,7.1,23.3,0,0,0
414.00,95.8,59.5,6055,23.5,3,-31.2,0,0,12235.0,38.1621760,-122.4557170,7.1,23.3,0,0,0
414.10,95.7,59.5,6061,25.5,3,-33.4,0,0,12235.0,38.1621840,-122.4557420,7.1,23.3,0,0,0
414.20,96.1,59.7,6093,33.5,3,-35.0,0,0,12235.0,38.1621910,-122.4557680,7.1,23.3,0,0,0
414.30,97.0,60.3,6095,35.0,3,-36.0,0,0,12235.0,38.1621980,-122.4557930,7.1,23.3,0,0,0
414.40,97.3,60.4,6167,39.5,3,-36.7,0,0,12235.0,38.1622040,-122.4558190,7.1,23.3,0,0,0
414.50,98.4,61.1,6221,51.0,3,-36.3,0,0,12235.0,38.1622100,-122.4558450,7.1,23.3,0,0,0
414.60,99.2,61.6,6302,60.5,3,-35.7,0,0,12235.0,38.1622150,-122.4558710,7.1,23.3,0,0,0
414.70,100.3,62.3,6418,66.0,3,-35.1,0,0,12235.0,38.1622190,-122.4558980,7.1,23.3,0,0,0
414.80,102.6,63.8,6396,68.5,3,-34.5,0,0,12235.0,38.1622220,-122.4559250,7.2,23.6,0,0,0
414.90,102.4,63.6,6514,70.0,3,-34.0,0,0,12235.0,38.1622250,-122.4559520,7.2,23.6,0,0,0
415.00,103.8,64.5,6578,72.5,3,-33.7,0,0,12235.0,38.1622280,-122.4559800,7.2,23.6,0,0,0
415.10,104.0,64.6,6639,74.0,3,-33.1,0,0,12235.0,38.1622300,-122.4560090,7.2,23.6,0,0,0
415.20,104.2,64.8,6639,84.5,3,-32.5,0,0,12235.0,38.1622310,-122.4560370,7.2,23.6,0,0,0
415.30,105.8,65.7,6757,88.5,3,-31.6,0,0,12235.0,38.1622320,-122.4560660,7.2,23.6,0,0,0
415.40,107.5,66.8,6802,89.5,3,-30.3,0,0,12235.0,38.1622320,-122.4560960,7.2,23.6,0,0,0
415.50,108.2,67.2,6891,92.0,3,-29.2,0,0,12235.0,38.1622310,-122.4561260,7.2,23.6,0,0,0
415.60,109.6,68.1,6918,100.0,3,-27.7,0,0,12235.0,38.1622300,-122.4561560,7.2,23.6,0,0,0
415.70,109.8,68.2,6937,100.0,3,-25.3,0,0,12236.0,38.1622280,-122.4561870,7.2,23.6,0,0,0
415.80,109.9,68.3,6972,100.0,3,-21.6,0,0,12236.0,38.1622260,-122.4562180,7.6,24.9,0,0,0
415.90,109.7,68.2,6934,100.0,3,-17.0,0,0,12236.0,38.1622240,-122.4562490,7.6,24.9,0,0,0
416.00,110.3,68.5,6966,100.0,3,-12.4,0,0,12236.0,38.1622210,-122.4562810,7.6,24.9,0,0,0
416.10,110.7,68.8,7046,100.0,3,-8.3,0,0,12236.0,38.1622180,-122.4563120,7.6,24.9,0,0,0
416.20,111.2,69.1,7150,100.0,3,-5.3,0,0,12236.0,38.1622150,-122.4563450,7.6,24.9,0,0,0
416.30,112.2,69.7,7226,93.5,3,-3.1,0,0,12236.0,38.1622110,-122.4563770,7.6,24.9,0,0,0
416.40,113.1,70.3,7301,91.0,3,-1.2,0,0,12236.0,38.1622070,-122.4564100,7.6,24.9,0,0,0
416.50,115.0,71.4,7497,90.5,3,-0.1,0,0,12236.0,38.1622040,-122.4564430,7.6,24.9,0,0,0
416.60,119.0,73.9,7332,84.5,3,0.1,0,0,12236.0,38.1622000,-122.4564770,7.6,24.9,0,0,0
416.70,117.1,72.7,7495,82.5,3,0.2,0,0,12236.0,38.1621960,-122.4565110,7.6,24.9,0,0,0
416.80,118.7,73.8,7544,82.0,3,0.4,0,0,12236.0,38.1621910,-122.4565450,8.0,26.2,0,0,0
416.90,119.6,74.3,7546,81.5,3,0.7,0,0,12236.0,38.1621870,-122.4565790,8.0,26.2,0,0,0
417.00,120.9,75.2,7699,78.5,3,0.2,0,0,12236.0,38.1621830,-122.4566140,8.0,26.2,0,0,0
417.10,122.0,75.8,7777,71.5,3,-0.1,0,0,12236.0,38.1621780,-122.4566490,8.0,26.2,0,0,0
417.20,122.9,76.3,7762,68.5,3,-0.7,0,0,12236.0,38.1621730,-122.4566850,8.0,26.2,0,0,0
417.30,124.1,77.1,7827,67.5,3,-1.6,0,0,12236.0,38.1621680,-122.4567200,8.0,26.2,0,0,0
417.40,124.7,77.5,7866,67.5,3,-2.9,0,0,12236.0,38.1621640,-122.4567560,8.0,26.2,0,0,0
417.50,125.4,77.9,7935,67.0,3,-4.3,0,0,12236.0,38.1621590,-122.4567930,8.0,26.2,0,0,0
417.60,126.2,78.4,7985,67.0,3,-5.9,0,0,12236.0,38.1621540,-122.4568290,8.0,26.2,0,0,0
417.70,127.2,79.1,8059,66.0,3,-7.7,0,0,12236.0,38.1621480,-122.4568660,8.0,26.2,0,0,0
417.80,128.0,79.5,8080,62.0,3,-9.9,0,0,12236.0,38.1621430,-122.4569020,9.6,31.5,0,0,0
417.90,128.4,79.8,8139,60.0,3,-11.7,0,0,12236.0,38.1621380,-122.4569390,9.6,31.5,0,0,0
418.00,129.9,80.7,8204,59.5,3,-13.3,0,0,12236.0,38.1621320,-122.4569770,9.6,31.5,0,0,0
418.10,130.2,80.9,8228,58.5,3,-15.2,0,0,12236.0,38.1621260,-122.4570140,9.6,31.5,0,0,0
418.20,131.0,81.4,8247,55.0,3,-17.1,0,0,12236.0,38.1621200,-122.4570510,9.6,31.5,0,0,0
418.30,131.4,81.6,8263,47.0,3,-18.8,0,0,12236.0,38.1621130,-122.4570890,9.6,31.5,0,0,0
418.40,131.2,81.5,8285,45.5,3,-20.6,0,0,12236.0,38.1621060,-122.4571260,9.6,31.5,0,0,0
418.50,131.2,81.5,8260,45.5,3,-22.3,0,0,12236.0,38.1620990,-122.4571630,9.6,31.5,0,0,0
418.60,131.9,82.0,8336,46.0,3,-23.6,0,0,12236.0,38.1620910,-122.4572000,9.6,31.5,0,0,0
418.70,132.3,82.2,8338,43.5,3,-25.2,0,0,12236.0,38.1620830,-122.4572370,9.6,31.5,0,0,0
418.80,132.2,82.2,8320,35.5,3,-27.0,0,0,12236.0,38.1620750,-122.4572730,11.5,37.7,0,0,0
418.90,132.2,82.1,8310,31.0,3,-28.7,0,0,12236.0,38.1620660,-122.4573090,11.5,37.7,0,0,0
419.00,132.9,82.6,8352,32.0,3,-30.1,0,0,12236.0,38.1620570,-122.4573450,11.5,37.7,0,0,0
419.10,132.9,82.6,8359,35.0,3,-31.3,0,0,12236.0,38.1620470,-122.4573800,11.5,37.7,0,0,0
419.20,132.6,82.4,8315,37.0,3,-31.9,0,0,12236.0,38.1620360,-122.4574150,11.5,37.7,0,0,0
419.30,131.9,82.0,8283,38.0,3,-32.0,0,0,12236.0,38.1620250,-122.4574500,11.5,37.7,0,0,0
419.40,131.4,81.6,8269,44.5,3,-31.8,0,0,12236.0,38.1620140,-122.4574840,11.5,37.7,0,0,0
419.50,131.6,81.8,8265,45.0,3,-31.6,0,0,12236.0,38.1620010,-122.4575170,11.5,37.7,0,0,0
419.60,130.8,81.3,8135,42.0,3,-32.0,0,0,12236.0,38.1619880,-122.4575500,11.5,37.7,0,0,0
419.70,129.9,80.7,8168,40.5,3,-32.6,0,0,12236.0,38.1619750,-122.4575830,11.5,37.7,0,0,0
419.80,129.9,80.7,8130,44.5,3,-33.8,0,0,12236.0,38.1619610,-122.4576150,14.7,48.2,0,0,0
419.90,129.5,80.5,8195,51.5,3,-34.6,0,0,12236.0,38.1619460,-122.4576460,14.7,48.2,0,0,0
420.00,130.5,81.1,8206,50.0,3,-34.8,0,0,12236.0,38.1619310,-122.4576770,14.7,48.2,0,0,0
420.10,130.7,81.2,8224,47.5,3,-35.0,0,0,12236.0,38.1619160,-122.4577070,14.7,48.2,0,0,0
420.20,130.0,80.8,8181,46.5,3,-35.3,0,0,12236.0,38.1619000,-122.4577370,14.7,48.2,0,0,0
420.30,129.4,80.4,8111,46.5,3,-35.3,0,0,12236.0,38.1618840,-122.4577660,14.7,48.2,0,0,0
420.40,129.1,80.2,8141,49.0,3,-35.3,0,0,12236.0,38.1618670,-122.4577950,14.7,48.2,0,0,0
420.50,129.0,80.2,8102,52.5,3,-35.2,0,0,12236.0,38.1618500,-122.4578230,14.7,48.2,0,0,0
420.60,128.4,79.8,8063,57.0,3,-35.3,0,0,12236.0,38.1618330,-122.4578520,14.7,48.2,0,0,0
420.70,129.0,80.1,8155,60.0,3,-35.4,0,0,12236.0,38.1618150,-122.4578800,14.7,48.2,0,0,0
420.80,129.9,80.7,8170,57.5,3,-34.8,0,0,12236.0,38.1617980,-122.4579080,18.9,62.0,0,0,0
420.90,129.3,80.4,8071,53.5,3,-34.1,0,0,12236.0,38.1617770,-122.4579310,18.9,62.0,0,0,0
421.00,127.8,79.4,8026,52.0,3,-33.2,0,0,12236.0,38.1617560,-122.4579560,18.9,62.0,0,0,0
421.10,127.9,79.5,7891,51.5,3,-31.7,0,0,12236.0,38.1617350,-122.4579800,18.9,62.0,0,0,0
421.20,125.9,78.3,7728,48.5,3,-30.3,0,0,12236.0,38.1617150,-122.4580050,18.9,62.0,0,0,0
421.30,124.0,77.1,7801,49.0,3,-27.9,0,0,12236.0,38.1616950,-122.4580280,18.9,62.0,0,0,0
421.40,124.1,77.1,7734,47.5,3,-24.9,0,0,12236.0,38.1616740,-122.4580510,18.9,62.0,0,0,0
421.50,123.1,76.5,7665,45.0,3,-22.6,0,0,12236.0,38.1616530,-122.4580730,18.9,62.0,0,0,0
421.60,122.5,76.1,7572,27.0,3,-19.9,0,0,12236.0,38.1616310,-122.4580950,18.9,62.0,0,0,0
421.70,120.4,74.8,6981,0.0,3,-16.6,0,0,12236.0,38.1616090,-122.4581160,18.9,62.0,0,0,0
421.80,115.8,71.9,7259,0.0,3,-13.6,0,0,12236.0,38.1615870,-122.4581370,24.1,79.1,0,0,0
421.90,115.7,71.9,7191,0.0,3,-10.7,0,0,12236.0,38.1615650,-122.4581570,24.1,79.1,0,0,0
422.00,114.0,70.8,7064,0.0,3,-10.3,0,0,12236.0,38.1615430,-122.4581760,24.1,79.1,0,0,0
422.10,112.5,69.9,6988,0.0,3,-8.8,0,0,12236.0,38.1615220,-122.4581960,24.1,79.1,0,0,0
422.20,110.7,68.8,7184,0.0,3,-6.7,0,0,12236.0,38.1615000,-122.4582150,24.1,79.1,0,0,0
422.30,110.3,68.5,8601,0.0,2,-3.6,0,0,12236.0,38.1614790,-122.4582340,24.1,79.1,0,0,0
422.40,108.9,67.7,8554,0.0,2,0.3,0,0,12236.0,38.1614590,-122.4582530,24.1,79.1,0,0,0
422.50,107.0,66.5,8076,0.0,2,4.3,0,0,12236.0,38.1614380,-122.4582720,24.1,79.1,0,0,0
422.60,105.8,65.7,8069,0.0,2,8.0,0,0,12236.0,38.1614180,-122.4582900,24.1,79.1,0,0,0
422.70,102.6,63.8,8011,0.0,2,11.4,0,0,12236.0,38.1613990,-122.4583090,24.1,79.1,0,0,0
422.80,101.5,63.1,7883,0.0,2,14.7,0,0,12236.0,38.1613800,-122.4583280,28.6,93.8,0,0,0
422.90,100.3,62.3,7784,0.0,2,18.6,0,0,12236.0,38.1613610,-122.4583460,28.6,93.8,0,0,0
423.00,98.8,61.4,7706,0.0,2,21.3,0,0,12236.0,38.1613420,-122.4583640,28.6,93.8,0,0,0
423.10,98.0,60.9,7640,0.0,2,22.7,0,0,12236.0,38.1613240,-122.4583820,28.6,93.8,0,0,0
423.20,96.7,60.1,7485,0.0,2,24.9,0,0,12236.0,38.1613080,-122.4584010,28.6,93.8,0,0,0
423.30,95.2,59.2,7402,0.0,2,27.4,0,0,12236.0,38.1612910,-122.4584190,28.6,93.8,0,0,0
423.40,93.8,58.3,7289,0.0,2,29.0,0,0,12236.0,38.1612750,-122.4584370,28.6,93.8,0,0,0
423.50,92.4,57.4,7182,0.0,2,29.9,0,0,12236.0,38.1612590,-122.4584550,28.6,93.8,0,0,0
423.60,91.3,56.7,7051,0.0,2,30.4,0,0,12236.0,38.1612440,-122.4584730,28.6,93.8,0,0,0
423.70,89.9,55.9,6959,0.0,2,31.0,0,0,12236.0,38.1612300,-122.4584920,28.6,93.8,0,0,0
423.80,88.1,54.8,6771,0.0,2,31.7,0,0,12236.0,38.1612160,-122.4585100,31.8,104.3,0,0,0
423.90,86.6,53.8,6739,0.0,2,32.1,0,0,12236.0,38.1612030,-122.4585290,31.8,104.3,0,0,0
424.00,85.4,53.1,6643,0.0,2,32.2,0,0,12236.0,38.1611910,-122.4585480,31.8,104.3,0,0,0
424.10,84.3,52.4,6525,2.0,2,32.6,0,0,12236.0,38.1611790,-122.4585670,31.8,104.3,0,0,0
424.20,82.6,51.3,6561,12.0,2,33.2,0,0,12236.0,38.1611680,-122.4585860,31.8,104.3,0,0,0
424.30,82.6,51.3,6629,9.5,2,33.9,0,0,12236.0,38.1611570,-122.4586050,31.8,104.3,0,0,0
424.40,82.1,51.0,6356,11.0,2,35.2,0,0,12236.0,38.1611470,-122.4586240,31.8,104.3,0,0,0
424.50,80.8,50.2,6393,15.0,2,35.4,0,0,12236.0,38.1611380,-122.4586440,31.8,104.3,0,0,0
424.60,81.4,50.6,6334,18.5,2,35.9,0,0,12236.0,38.1611290,-122.4586630,31.8,104.3,0,0,0
424.70,80.6,50.1,6319,20.5,2,35.7,0,0,12236.0,38.1611200,-122.4586830,31.8,104.3,0,0,0
424.80,80.1,49.7,6283,28.5,2,35.7,0,0,12236.0,38.1611130,-122.4587020,34.9,114.5,0,0,0
424.90,79.9,49.7,6311,28.0,2,36.4,0,0,12236.0,38.1611050,-122.4587220,34.9,114.5,0,0,0
425.00,80.3,49.9,6303,28.0,2,36.4,0,0,12236.0,38.1610990,-122.4587430,34.9,114.5,0,0,0
425.10,79.9,49.6,6267,28.0,2,36.4,0,0,12236.0,38.1610930,-122.4587630,34.9,114.5,0,0,0
425.20,79.9,49.6,6236,28.0,2,36.4,0,0,12236.0,38.1610870,-122.4587830,34.9,114.5,0,0,0
425.30,79.5,49.4,6268,28.0,2,36.7,0,0,12236.0,38.1610820,-122.4588040,34.9,114.5,0,0,0
425.40,79.7,49.5,6292,27.5,2,37.7,0,0,12236.0,38.1610770,-122.4588250,34.9,114.5,0,0,0
425.50,80.5,50.0,6323,27.5,2,38.8,0,0,12236.0,38.1610730,-122.4588460,34.9,114.5,0,0,0
425.60,80.0,49.7,6325,28.0,2,39.6,0,0,12236.0,38.1610700,-122.4588670,34.9,114.5,0,0,0
425.70,80.2,49.8,6301,30.5,2,39.9,0,0,12236.0,38.1610670,-122.4588890,34.9,114.5,0,0,0
425.80,80.2,49.8,6378,39.0,2,39.8,0,0,12236.0,38.1610640,-122.4589100,36.9,121.1,0,0,0
425.90,81.2,50.5,6431,42.5,2,39.5,0,0,12236.0,38.1610630,-122.4589320,36.9,121.1,0,0,0
426.00,81.8,50.8,6466,46.5,2,39.1,0,0,12236.0,38.1610620,-122.4589540,36.9,121.1,0,0,0
426.10,82.2,51.1,6584,49.0,2,39.1,0,0,12236.0,38.1610610,-122.4589760,36.9,121.1,0,0,0
426.20,84.1,52.3,6739,51.5,2,39.3,0,0,12236.0,38.1610610,-122.4589980,36.9,121.1,0,0,0
426.30,84.3,52.4,6742,53.0,2,39.5,0,0,12236.0,38.1610620,-122.4590200,36.9,121.1,0,0,0
426.40,85.2,52.9,6736,54.0,2,39.1,0,0,12236.0,38.1610630,-122.4590430,36.9,121.1,0,0,0
426.50,86.3,53.6,6785,57.5,2,38.6,0,0,12236.0,38.1610640,-122.4590660,36.9,121.1,0,0,0
426.60,86.6,53.8,7010,59.5,2,38.2,0,0,12236.0,38.1610670,-122.4590890,36.9,121.1,0,0,0
426.70,88.6,55.0,7060,60.5,2,37.6,0,0,12236.0,38.1610700,-122.4591120,36.9,121.1,0,0,0
426.80,89.7,55.7,7099,67.5,2,37.1,0,0,12236.0,38.1610740,-122.4591350,37.9,124.3,0,0,0
426.90,90.6,56.3,7332,69.0,2,36.4,0,0,12236.0,38.1610780,-122.4591590,37.9,124.3,0,0,0
427.00,92.1,57.2,7413,72.0,2,35.7,0,0,12236.0,38.1610830,-122.4591830,37.9,124.3,0,0,0
427.10,93.6,58.1,7508,72.0,2,35.1,0,0,12236.0,38.1610890,-122.4592070,37.9,124.3,0,0,0
427.20,95.8,59.5,7628,72.0,2,34.5,0,0,12236.0,38.1610950,-122.4592310,37.9,124.3,0,0,0
427.30,96.8,60.1,7750,72.0,2,34.1,0,0,12236.0,38.1611020,-122.4592550,37.9,124.3,0,0,0
427.40,98.4,61.2,7891,72.0,2,33.9,0,0,12236.0,38.1611100,-122.4592800,37.9,124.3,0,0,0
427.50,100.1,62.2,8015,71.5,2,34.1,0,0,12236.0,38.1611180,-122.4593050,37.9,124.3,0,0,0
427.60,102.1,63.4,8195,71.5,2,34.7,0,0,12236.0,38.1611270,-122.4593300,37.9,124.3,0,0,0
427.70,104.3,64.8,8343,71.5,2,35.2,0,0,12236.0,38.1611370,-122.4593550,37.9,124.3,0,0,0
427.80,106.7,66.3,8489,71.5,2,35.2,0,0,12236.0,38.1611470,-122.4593800,38.6,126.6,0,0,0
427.90,108.2,67.2,8569,71.5,2,34.8,0,0,12236.0,38.1611580,-122.4594050,38.6,126.6,0,0,0
428.00,109.4,68.0,8737,71.5,2,34.3,0,0,12236.0,38.1611700,-122.4594310,38.6,126.6,0,0,0
428.10,111.4,69.2,8863,71.0,2,34.1,0,0,12236.0,38.1611820,-122.4594560,38.6,126.6,0,0,0
428.20,112.8,70.1,8972,71.0,2,34.1,0,0,12236.0,38.1611940,-122.4594820,38.6,126.6,0,0,0
428.30,114.1,70.9,9094,71.0,2,33.5,0,0,12236.0,38.1612080,-122.4595080,38.6,126.6,0,0,0
428.40,115.3,71.6,9197,71.0,2,33.0,0,0,12236.0,38.1612220,-122.4595330,38.6,126.6,0,0,0
428.50,117.1,72.8,9265,71.0,2,32.0,0,0,12236.0,38.1612360,-122.4595590,38.6,126.6,0,0,0
428.60,118.5,73.6,9426,71.0,2,31.2,0,0,12236.0,38.1612520,-122.4595840,38.6,126.6,0,0,0
428.70,119.7,74.4,9542,71.0,2,30.5,0,0,12236.0,38.1612680,-122.4596100,38.6,126.6,0,0,0
428.80,121.3,75.4,9594,71.0,2,29.9,0,0,12236.0,38.1612850,-122.4596350,39.4,129.3,0,0,0
428.90,121.9,75.8,9653,71.0,2,28.7,0,0,12236.0,38.1613020,-122.4596610,39.4,129.3,0,0,0
429.00,122.9,76.3,9175,71.5,2,27.3,0,0,12236.0,38.1613190,-122.4596860,39.4,129.3,0,0,0
429.10,118.5,73.6,7615,73.5,2,25.5,0,0,12236.0,38.1613380,-122.4597110,39.4,129.3,0,0,0
429.20,123.0,76.4,7777,74.5,3,24.2,0,0,12236.0,38.1613560,-122.4597370,39.4,129.3,0,0,0
429.30,123.6,76.8,7805,78.0,3,23.2,0,0,12236.0,38.1613750,-122.4597610,39.4,129.3,0,0,0
429.40,124.2,77.2,7880,81.5,3,22.4,0,0,12236.0,38.1613950,-122.4597860,39.4,129.3,0,0,0
429.50,125.2,77.8,7920,84.0,3,21.5,0,0,12236.0,38.1614140,-122.4598110,39.4,129.3,0,0,0
429.60,125.9,78.2,7973,85.5,3,20.5,0,0,12236.0,38.1614350,-122.4598360,39.4,129.3,0,0,0
429.70,126.0,78.3,8015,86.5,3,19.6,0,0,12236.0,38.1614550,-122.4598610,39.4,129.3,0,0,0
429.80,127.1,78.9,8048,90.5,3,18.5,0,0,12236.0,38.1614760,-122.4598860,40.2,131.9,0,0,0
429.90,128.3,79.7,8104,94.0,3,17.0,0,0,12236.0,38.1614970,-122.4599100,40.2,131.9,0,0,0
430.00,128.2,79.7,8186,99.5,3,15.6,0,0,12236.0,38.1615190,-122.4599350,40.2,131.9,0,0,0
430.10,130.3,81.0,8292,100.0,3,14.2,0,0,12236.0,38.1615410,-122.4599600,40.2,131.9,0,0,0
430.20,131.4,81.6,8334,100.0,3,13.1,0,0,12236.0,38.1615640,-122.4599850,40.2,131.9,0,0,0
430.30,132.1,82.1,8380,100.0,3,12.2,0,0,12236.0,38.1615860,-122.4600100,40.2,131.9,0,0,0
430.40,133.0,82.6,8521,96.0,3,11.8,0,0,12236.0,38.1616090,-122.4600360,40.2,131.9,0,0,0
430.50,135.1,83.9,8631,90.0,3,12.0,0,0,12236.0,38.1616330,-122.4600610,40.2,131.9,0,0,0
430.60,136.6,84.9,8696,86.0,3,12.1,0,0,12236.0,38.1616570,-122.4600870,40.2,131.9,0,0,0
430.70,137.3,85.3,8780,80.0,3,12.2,0,0,12236.0,38.1616810,-122.4601120,40.2,131.9,0,0,0
430.80,139.6,86.7,8757,70.5,3,12.1,0,0,12236.0,38.1617050,-122.4601380,40.2,131.9,0,0,0
430.90,139.6,86.7,8764,57.0,3,11.8,0,0,12236.0,38.1617300,-122.4601640,40.2,131.9,0,0,0
431.00,139.1,86.4,8413,17.0,3,11.3,0,0,12236.0,38.1617550,-122.4601900,40.2,131.9,0,0,0
431.10,137.2,85.3,8439,0.0,3,10.4,0,0,12236.0,38.1617810,-122.4602160,40.2,131.9,0,0,0
431.20,134.4,83.5,8427,0.0,3,8.6,0,0,12236.0,38.1618060,-122.4602410,40.2,131.9,0,0,0
431.30,133.7,83.1,8355,0.0,3,6.6,0,0,12236.0,38.1618310,-122.4602660,40.2,131.9,0,0,0
431.40,132.4,82.3,8247,0.0,3,5.9,0,0,12236.0,38.1618560,-122.4602900,40.2,131.9,0,0,0
431.50,131.4,81.6,8190,0.0,3,5.8,0,0,12236.0,38.1618810,-122.4603140,40.2,131.9,0,0,0
431.60,130.4,81.0,8165,0.0,3,5.7,0,0,12236.0,38.1619050,-122.4603380,40.2,131.9,0,0,0
431.70,129.2,80.3,8065,0.0,3,5.5,0,0,12236.0,38.1619290,-122.4603610,40.2,131.9,0,0,0
431.80,127.8,79.4,7956,0.0,3,5.1,0,0,12236.0,38.1619540,-122.4603840,39.6,129.9,0,0,0
431.90,126.4,78.5,7895,0.0,3,4.1,0,0,12236.0,38.1619780,-122.4604070,39.6,129.9,0,0,0
432.00,125.2,77.8,7794,0.0,3,3.4,0,0,12236.0,38.1620020,-122.4604290,39.6,129.9,0,0,0
432.10,123.9,77.0,7688,0.0,3,2.1,0,0,12236.0,38.1620260,-122.4604510,39.6,129.9,0,0,0
432.20,122.8,76.3,7614,0.0,3,-0.0,0,0,12236.0,38.1620500,-122.4604730,39.6,129.9,0,0,0
432.30,120.8,75.1,7538,0.0,3,-2.3,0,0,12236.0,38.1620740,-122.4604940,39.6,129.9,0,0,0
432.40,119.8,74.4,7476,0.0,3,-5.3,0,0,12236.0,38.1620970,-122.4605150,39.6,129.9,0,0,0
432.50,119.0,73.9,7452,0.0,3,-8.3,0,0,12236.0,38.1621190,-122.4605370,39.6,129.9,0,0,0
432.60,118.5,73.6,7369,0.0,3,-11.0,0,0,12236.0,38.1621420,-122.4605580,39.6,129.9,0,0,0
432.70,117.3,72.9,7337,0.0,3,-14.4,0,0,12236.0,38.1621640,-122.4605790,39.6,129.9,0,0,0
432.80,116.5,72.4,7298,0.0,3,-17.2,0,0,12236.0,38.1621860,-122.4606000,38.8,127.3,0,0,0
432.90,115.7,71.9,7248,0.0,3,-19.3,0,0,12236.0,38.1622080,-122.4606220,38.8,127.3,0,0,0
433.00,115.2,71.6,7217,0.0,3,-20.9,0,0,12236.0,38.1622290,-122.4606420,38.8,127.3,0,0,0
433.10,114.6,71.2,7191,0.0,3,-22.3,0,0,12236.0,38.1622500,-122.4606640,38.8,127.3,0,0,0
433.20,114.0,70.8,7153,0.0,3,-23.7,0,0,12236.0,38.1622700,-122.4606850,38.8,127.3,0,0,0
433.30,113.4,70.5,7125,0.0,3,-25.1,0,0,12236.0,38.1622900,-122.4607070,38.8,127.3,0,0,0
433.40,112.9,70.1,7042,0.0,3,-26.1,0,0,12236.0,38.1623090,-122.4607290,38.8,127.3,0,0,0
433.50,112.1,69.6,7026,0.0,3,-26.9,0,0,12236.0,38.1623280,-122.4607520,38.8,127.3,0,0,0
433.60,111.2,69.1,6998,2.0,3,-27.5,0,0,12236.0,38.1623470,-122.4607740,38.8,127.3,0,0,0
433.70,110.6,68.8,6927,2.0,3,-27.9,0,0,12236.0,38.1623640,-122.4607970,38.8,127.3,0,0,0
433.80,109.7,68.2,6916,6.0,3,-28.6,0,0,12236.0,38.1623820,-122.4608200,37.6,123.4,0,0,0
433.90,109.2,67.9,6889,12.0,3,-29.6,0,0,12236.0,38.1623980,-122.4608440,37.6,123.4,0,0,0
434.00,109.3,67.9,6948,17.0,3,-30.7,0,0,12236.0,38.1624140,-122.4608670,37.6,123.4,0,0,0
434.10,108.5,67.4,6910,18.0,3,-31.4,0,0,12236.0,38.1624290,-122.4608920,37.6,123.4,0,0,0
434.20,109.2,67.9,6883,22.0,3,-31.4,0,0,12236.0,38.1624440,-122.4609160,37.6,123.4,0,0,0
434.30,108.3,67.3,6789,26.0,3,-31.4,0,0,12236.0,38.1624590,-122.4609410,37.6,123.4,0,0,0
434.40,108.3,67.3,6794,32.0,3,-31.5,0,0,12236.0,38.1624720,-122.4609660,37.6,123.4,0,0,0
434.50,108.5,67.4,6795,32.5,3,-31.5,0,0,12236.0,38.1624850,-122.4609920,37.6,123.4,0,0,0
434.60,108.5,67.4,6780,33.0,3,-31.8,0,0,12236.0,38.1624980,-122.4610180,37.6,123.4,0,0,0
434.70,108.7,67.6,6806,33.0,3,-32.5,0,0,12236.0,38.1625100,-122.4610440,37.6,123.4,0,0,0
434.80,108.5,67.4,6800,39.5,3,-33.2,0,0,12236.0,38.1625210,-122.4610710,38.0,124.7,0,0,0
434.90,108.7,67.6,6802,45.0,3,-33.6,0,0,12236.0,38.1625320,-122.4610990,38.0,124.7,0,0,0
435.00,108.3,67.3,6838,49.0,3,-34.0,0,0,12236.0,38.1625420,-122.4611270,38.0,124.7,0,0,0
435.10,108.5,67.4,6903,56.0,3,-34.1,0,0,12236.0,38.1625500,-122.4611560,38.0,124.7,0,0,0
435.20,109.9,68.3,6958,56.0,3,-33.6,0,0,12236.0,38.1625590,-122.4611850,38.0,124.7,0,0,0
435.30,109.8,68.2,6934,56.5,3,-33.5,0,0,12236.0,38.1625660,-122.4612140,38.0,124.7,0,0,0
435.40,110.5,68.7,6937,57.0,3,-33.1,0,0,12236.0,38.1625740,-122.4612430,38.0,124.7,0,0,0
435.50,110.1,68.4,6891,56.5,3,-32.7,0,0,12236.0,38.1625800,-122.4612730,38.0,124.7,0,0,0
435.60,110.8,68.8,6941,54.0,3,-32.1,0,0,12236.0,38.1625860,-122.4613030,38.0,124.7,0,0,0
435.70,110.1,68.4,6938,54.0,3,-31.2,0,0,12236.0,38.1625910,-122.4613320,38.0,124.7,0,0,0
435.80,110.4,68.6,6931,53.5,3,-30.2,0,0,12236.0,38.1625960,-122.4613620,40.2,131.9,0,0,0
435.90,109.9,68.3,6867,50.5,3,-28.8,0,0,12236.0,38.1626000,-122.4613930,40.2,131.9,0,0,0
436.00,109.3,67.9,6820,48.5,3,-26.9,0,0,12236.0,38.1626030,-122.4614240,40.2,131.9,0,0,0
436.10,108.2,67.2,6760,48.5,3,-24.3,0,0,12236.0,38.1626060,-122.4614550,40.2,131.9,0,0,0
436.20,107.7,66.9,6704,44.0,3,-21.2,0,0,12236.0,38.1626080,-122.4614860,40.2,131.9,0,0,0
436.30,106.4,66.1,6647,43.0,3,-17.9,0,0,12236.0,38.1626100,-122.4615170,40.2,131.9,0,0,0
436.40,105.5,65.6,6618,43.0,3,-14.8,0,0,12236.0,38.1626110,-122.4615470,40.2,131.9,0,0,0
436.50,105.3,65.4,6568,43.0,3,-11.8,0,0,12236.0,38.1626120,-122.4615780,40.2,131.9,0,0,0
436.60,104.7,65.1,6546,41.5,3,-7.0,0,0,12236.0,38.1626130,-122.4616090,40.2,131.9,0,0,0
436.70,104.5,65.0,6538,38.5,3,-1.5,0,0,12236.0,38.1626140,-122.4616390,40.2,131.9,0,0,0
436.80,104.3,64.8,6545,37.0,3,4.9,0,0,12236.0,38.1626140,-122.4616700,43.5,142.7,0,0,0
436.90,104.1,64.7,6578,33.0,3,11.6,0,0,12236.0,38.1626160,-122.4617010,43.5,142.7,0,0,0
437.00,104.6,65.0,6587,32.5,3,18.9,0,0,12236.0,38.1626160,-122.4617320,43.5,142.7,0,0,0
437.10,104.9,65.2,6626,32.5,3,24.1,0,0,12236.0,38.1626180,-122.4617620,43.5,142.7,0,0,0
437.20,105.0,65.2,6586,32.5,3,26.9,0,0,12236.0,38.1626190,-122.4617920,43.5,142.7,0,0,0
437.30,105.3,65.4,6617,32.0,3,28.5,0,0,12236.0,38.1626210,-122.4618220,43.5,142.7,0,0,0
437.40,105.1,65.3,6587,21.5,3,29.8,0,0,12236.0,38.1626240,-122.4618520,43.5,142.7,0,0,0
437.50,104.8,65.1,6547,18.5,3,31.8,0,0,12236.0,38.1626270,-122.4618820,43.5,142.7,0,0,0
437.60,104.7,65.1,6532,18.5,3,33.6,0,0,12236.0,38.1626300,-122.4619110,43.5,142.7,0,0,0
437.70,104.0,64.6,6506,18.0,3,34.9,0,0,12236.0,38.1626350,-122.4619400,43.5,142.7,0,0,0
437.80,102.8,63.9,6481,18.5,3,35.3,0,0,12236.0,38.1626390,-122.4619690,46.5,152.6,0,0,0
437.90,102.8,63.9,6397,19.0,3,35.4,0,0,12236.0,38.1626440,-122.4619970,46.5,152.6,0,0,0
438.00,101.7,63.2,6396,19.0,3,35.5,0,0,12236.0,38.1626500,-122.4620240,46.5,152.6,0,0,0
438.10,101.6,63.1,6374,19.0,3,35.8,0,0,12236.0,38.1626560,-122.4620520,46.5,152.6,0,0,0
438.20,101.2,62.9,6391,24.5,3,36.3,0,0,12236.0,38.1626630,-122.4620790,46.5,152.6,0,0,0
438.30,101.1,62.8,6333,32.5,3,37.1,0,0,12236.0,38.1626700,-122.4621060,46.5,152.6,0,0,0
438.40,100.8,62.6,6438,37.0,3,38.0,0,0,12236.0,38.1626780,-122.4621320,46.5,152.6,0,0,0
438.50,102.2,63.5,6408,36.5,3,38.8,0,0,12236.0,38.1626860,-122.4621580,46.5,152.6,0,0,0
438.60,101.5,63.1,6374,38.5,3,39.3,0,0,12236.0,38.1626940,-122.4621830,46.5,152.6,0,0,0
438.70,102.0,63.4,6459,43.5,3,39.9,0,0,12236.0,38.1627040,-122.4622090,46.5,152.6,0,0,0
438.80,102.9,63.9,6588,54.0,3,40.5,0,0,12236.0,38.1627140,-122.4622340,48.9,160.4,0,0,0
438.90,104.0,64.6,6568,56.0,3,41.0,0,0,12236.0,38.1627240,-122.4622580,48.9,160.4,0,0,0
439.00,105.1,65.3,6629,58.0,3,40.9,0,0,12236.0,38.1627350,-122.4622830,48.9,160.4,0,0,0
439.10,105.8,65.7,6694,60.5,3,40.5,0,0,12236.0,38.1627470,-122.4623070,48.9,160.4,0,0,0
439.20,106.3,66.1,6718,60.5,3,40.4,0,0,12236.0,38.1627600,-122.4623310,48.9,160.4,0,0,0
439.30,107.5,66.8,6745,60.5,3,40.9,0,0,12236.0,38.1627730,-122.4623550,48.9,160.4,0,0,0
439.40,108.5,67.4,6833,64.5,3,41.1,0,0,12236.0,38.1627860,-122.4623780,48.9,160.4,0,0,0
439.50,109.7,68.2,6953,67.0,3,40.9,0,0,12236.0,38.1628000,-122.4624010,48.9,160.4,0,0,0
439.60,109.7,68.2,7013,74.0,3,40.3,0,0,12236.0,38.1628150,-122.4624240,48.9,160.4,0,0,0
439.70,111.2,69.1,7086,76.5,3,39.3,0,0,12236.0,38.1628310,-122.4624470,48.9,160.4,0,0,0
439.80,112.7,70.0,7154,76.5,3,38.2,0,0,12236.0,38.1628470,-122.4624700,50.0,164.0,0,0,0
439.90,114.4,71.1,7243,77.0,3,37.7,0,0,12236.0,38.1628630,-122.4624920,50.0,164.0,0,0,0
440.00,115.4,71.7,7287,82.0,3,37.1,0,0,12236.0,38.1628800,-122.4625140,50.0,164.0,0,0,0
440.10,116.0,72.1,7323,82.0,3,35.8,0,0,12236.0,38.1628980,-122.4625350,50.0,164.0,0,0,0
440.20,116.2,72.2,7379,81.5,3,33.7,0,0,12236.0,38.1629160,-122.4625570,50.0,164.0,0,0,0
440.30,117.0,72.7,7410,81.0,3,31.5,0,0,12236.0,38.1629350,-122.4625780,50.0,164.0,0,0,0
440.40,117.2,72.8,7425,80.0,3,28.8,0,0,12236.0,38.1629550,-122.4625990,50.0,164.0,0,0,0
440.50,118.2,73.4,7514,76.0,3,25.7,0,0,12236.0,38.1629750,-122.4626210,50.0,164.0,0,0,0
440.60,118.3,73.5,7432,71.5,3,22.3,0,0,12236.0,38.1629950,-122.4626420,50.0,164.0,0,0,0
440.70,118.4,73.6,7460,69.5,3,18.7,0,0,12236.0,38.1630160,-122.4626630,50.0,164.0,0,0,0
440.80,118.7,73.8,7447,66.0,3,15.2,0,0,12236.0,38.1630370,-122.4626840,49.7,163.1,0,0,0
440.90,118.7,73.7,7476,59.5,3,12.5,0,0,12236.0,38.1630580,-122.4627060,49.7,163.1,0,0,0
441.00,119.0,73.9,7074,9.0,3,10.8,0,0,12236.0,38.1630800,-122.4627270,49.7,163.1,0,0,0
441.10,117.3,72.9,7219,0.0,3,10.1,0,0,12236.0,38.1631020,-122.4627490,49.7,163.1,0,0,0
441.20,115.4,71.7,7261,0.0,3,10.9,0,0,12236.0,38.1631240,-122.4627710,49.7,163.1,0,0,0
441.30,115.2,71.6,7248,0.0,3,9.6,0,0,12236.0,38.1631460,-122.4627910,49.7,163.1,0,0,0
441.40,115.0,71.5,7208,0.0,3,7.5,0,0,12236.0,38.1631680,-122.4628120,49.7,163.1,0,0,0
441.50,114.6,71.2,7183,0.0,3,6.6,0,0,12236.0,38.1631900,-122.4628330,49.7,163.1,0,0,0
441.60,113.8,70.7,7061,0.0,3,6.4,0,0,12236.0,38.1632120,-122.4628530,49.7,163.1,0,0,0
441.70,112.0,69.6,6988,0.0,3,6.1,0,0,12236.0,38.1632340,-122.4628740,49.7,163.1,0,0,0
441.80,111.2,69.1,6927,0.0,3,5.3,0,0,12236.0,38.1632550,-122.4628940,46.7,153.2,0,0,0
441.90,109.9,68.3,6938,0.0,3,4.7,0,0,12236.0,38.1632770,-122.4629130,46.7,153.2,0,0,0
442.00,109.1,67.8,8219,0.0,2,4.3,0,0,12236.0,38.1632980,-122.4629320,46.7,153.2,0,0,0
442.10,105.2,65.4,8272,0.0,2,4.4,0,0,12236.0,38.1633190,-122.4629510,46.7,153.2,0,0,0
442.20,105.4,65.5,8074,0.0,2,4.6,0,0,12236.0,38.1633400,-122.4629690,46.7,153.2,0,0,0
442.30,102.6,63.8,8041,0.0,2,4.5,0,0,12236.0,38.1633600,-122.4629880,46.7,153.2,0,0,0
442.40,101.4,63.0,7932,0.0,2,4.1,0,0,12236.0,38.1633800,-122.4630050,46.7,153.2,0,0,0
442.50,100.3,62.3,7744,0.0,2,4.2,0,0,12236.0,38.1634000,-122.4630230,46.7,153.2,0,0,0
442.60,98.6,61.2,7636,0.0,2,4.4,0,0,12236.0,38.1634200,-122.4630400,46.7,153.2,0,0,0
442.70,97.3,60.4,7551,0.0,2,4.2,0,0,12236.0,38.1634390,-122.4630560,46.7,153.2,0,0,0
442.80,95.7,59.5,7410,0.0,2,4.1,0,0,12236.0,38.1634590,-122.4630730,43.8,143.7,0,0,0
442.90,94.3,58.6,7271,0.0,2,4.3,0,0,12236.0,38.1634780,-122.4630890,43.8,143.7,0,0,0
443.00,92.5,57.5,7203,0.0,2,5.1,0,0,12236.0,38.1634960,-122.4631040,43.8,143.7,0,0,0
443.10,91.5,56.9,7089,0.0,2,6.3,0,0,12236.0,38.1635150,-122.4631200,43.8,143.7,0,0,0
443.20,90.2,56.0,7019,0.0,2,7.5,0,0,12236.0,38.1635320,-122.4631350,43.8,143.7,0,0,0
443.30,89.4,55.6,6930,0.0,2,8.5,0,0,12236.0,38.1635500,-122.4631490,43.8,143.7,0,0,0
443.40,88.4,54.9,6879,0.0,2,9.1,0,0,12236.0,38.1635670,-122.4631640,43.8,143.7,0,0,0
443.50,87.8,54.6,6820,0.0,2,9.1,0,0,12236.0,38.1635850,-122.4631780,43.8,143.7,0,0,0
443.60,86.9,54.0,6762,0.0,2,8.9,0,0,12236.0,38.1636020,-122.4631920,43.8,143.7,0,0,0
443.70,85.8,53.3,6698,0.0,2,9.7,0,0,12236.0,38.1636200,-122.4632050,43.8,143.7,0,0,0
443.80,84.9,52.8,6669,0.0,2,11.3,0,0,12236.0,38.1636370,-122.4632190,42.0,137.8,0,0,0
443.90,84.7,52.6,6565,0.0,2,12.7,0,0,12236.0,38.1636540,-122.4632320,42.0,137.8,0,0,0
444.00,83.7,52.0,6540,0.0,2,14.3,0,0,12236.0,38.1636710,-122.4632450,42.0,137.8,0,0,0
444.10,83.0,51.6,6480,0.0,2,16.3,0,0,12236.0,38.1636890,-122.4632570,42.0,137.8,0,0,0
444.20,82.5,51.3,6453,0.0,2,19.0,0,0,12236.0,38.1637060,-122.4632690,42.0,137.8,0,0,0
444.30,81.9,50.9,6383,0.0,2,21.5,0,0,12236.0,38.1637230,-122.4632810,42.0,137.8,0,0,0
444.40,81.2,50.5,6344,0.0,2,23.8,0,0,12236.0,38.1637390,-122.4632920,42.0,137.8,0,0,0
444.50,80.9,50.2,6292,0.0,2,25.5,0,0,12236.0,38.1637560,-122.4633020,42.0,137.8,0,0,0
444.60,80.2,49.8,6240,0.0,2,26.7,0,0,12236.0,38.1637730,-122.4633120,42.0,137.8,0,0,0
444.70,79.4,49.3,6226,0.0,2,28.3,0,0,12236.0,38.1637900,-122.4633220,42.0,137.8,0,0,0
444.80,79.2,49.2,6192,0.0,2,29.6,0,0,12236.0,38.1638070,-122.4633300,40.6,133.2,0,0,0
444.90,78.7,48.9,6164,0.0,2,30.4,0,0,12236.0,38.1638240,-122.4633380,40.6,133.2,0,0,0
445.00,78.4,48.7,6078,0.0,2,30.9,0,0,12236.0,38.1638400,-122.4633460,40.6,133.2,0,0,0
445.10,77.4,48.1,6035,0.0,2,31.8,0,0,12236.0,38.1638570,-122.4633520,40.6,133.2,0,0,0
445.20,76.8,47.7,6014,0.0,2,32.8,0,0,12236.0,38.1638740,-122.4633590,40.6,133.2,0,0,0
445.30,76.4,47.5,5961,0.0,2,33.8,0,0,12236.0,38.1638910,-122.4633640,40.6,133.2,0,0,0
445.40,75.9,47.1,5924,0.0,2,34.5,0,0,12236.0,38.1639080,-122.4633690,40.6,133.2,0,0,0
445.50,75.3,46.8,5828,0.0,2,34.4,0,0,12236.0,38.1639250,-122.4633730,40.6,133.2,0,0,0
445.60,74.2,46.1,5765,0.0,2,34.8,0,0,12236.0,38.1639410,-122.4633760,40.6,133.2,0,0,0
445.70,73.4,45.6,5760,0.0,2,35.7,0,0,12236.0,38.1639580,-122.4633790,40.6,133.2,0,0,0
445.80,73.2,45.5,5710,0.0,2,36.0,0,0,12236.0,38.1639740,-122.4633800,39.0,128.0,0,0,0
445.90,72.7,45.2,5661,0.0,2,36.7,0,0,12236.0,38.1639910,-122.4633810,39.0,128.0,0,0,0
446.00,72.2,44.9,5632,0.0,2,37.4,0,0,12236.0,38.1640070,-122.4633810,39.0,128.0,0,0,0
446.10,71.7,44.6,5635,0.0,2,37.7,0,0,12236.0,38.1640230,-122.4633810,39.0,128.0,0,0,0
446.20,71.5,44.4,5539,0.0,2,38.3,0,0,12236.0,38.1640380,-122.4633790,39.0,128.0,0,0,0
446.30,70.5,43.8,5504,0.0,2,39.1,0,0,12236.0,38.1640540,-122.4633770,39.0,128.0,0,0,0
446.40,70.1,43.6,5486,0.0,2,39.7,0,0,12236.0,38.1640700,-122.4633730,39.0,128.0,0,0,0
446.50,69.8,43.4,5462,0.0,2,40.1,0,0,12236.0,38.1640850,-122.4633700,39.0,128.0,0,0,0
446.60,69.4,43.1,5497,1.0,2,40.3,0,0,12236.0,38.1641000,-122.4633650,39.0,128.0,0,0,0
446.70,69.0,42.9,5483,14.0,2,39.4,0,0,12236.0,38.1641140,-122.4633590,39.0,128.0,0,0,0
446.80,69.6,43.2,5772,19.0,2,39.6,0,0,12236.0,38.1641280,-122.4633530,37.5,123.0,0,0,0
446.90,70.0,43.5,5577,24.5,2,40.2,0,0,12236.0,38.1641430,-122.4633460,37.5,123.0,0,0,0
447.00,71.8,44.6,5740,31.5,2,40.8,0,0,12236.0,38.1641560,-122.4633380,37.5,123.0,0,0,0
447.10,73.0,45.3,5802,34.0,2,41.0,0,0,12236.0,38.1641700,-122.4633300,37.5,123.0,0,0,0
447.20,73.8,45.8,5898,37.0,2,41.3,0,0,12236.0,38.1641840,-122.4633210,37.5,123.0,0,0,0
447.30,75.0,46.6,6013,41.5,2,41.6,0,0,12236.0,38.1641970,-122.4633100,37.5,123.0,0,0,0
447.40,76.7,47.6,6165,47.0,2,41.9,0,0,12236.0,38.1642100,-122.4632990,37.5,123.0,0,0,0
447.50,78.6,48.9,6303,51.5,2,41.9,0,0,12236.0,38.1642230,-122.4632860,37.5,123.0,0,0,0
447.60,80.3,49.9,6441,56.5,2,41.5,0,0,12236.0,38.1642350,-122.4632730,37.5,123.0,0,0,0
447.70,82.3,51.1,6638,61.5,2,40.8,0,0,12236.0,38.1642470,-122.4632600,37.5,123.0,0,0,0
447.80,84.6,52.6,6811,62.0,2,40.1,0,0,12236.0,38.1642590,-122.4632450,35.4,116.1,0,0,0
447.90,87.0,54.0,6889,62.0,2,39.8,0,0,12236.0,38.1642710,-122.4632280,35.4,116.1,0,0,0
448.00,87.3,54.3,7025,64.0,2,39.4,0,0,12236.0,38.1642830,-122.4632110,35.4,116.1,0,0,0
448.10,89.8,55.8,7201,64.5,2,38.9,0,0,12236.0,38.1642950,-122.4631930,35.4,116.1,0,0,0
448.20,92.1,57.2,7408,70.5,2,38.3,0,0,12236.0,38.1643060,-122.4631730,35.4,116.1,0,0,0
448.30,94.2,58.5,7567,72.5,2,37.4,0,0,12236.0,38.1643170,-122.4631530,35.4,116.1,0,0,0
448.40,95.9,59.6,7667,73.0,2,35.9,0,0,12236.0,38.1643290,-122.4631310,35.4,116.1,0,0,0
448.50,97.4,60.5,7787,73.5,2,33.9,0,0,12236.0,38.1643390,-122.4631090,35.4,116.1,0,0,0
448.60,99.1,61.6,7902,73.5,2,31.7,0,0,12236.0,38.1643500,-122.4630850,35.4,116.1,0,0,0
448.70,100.5,62.5,8102,74.5,2,30.0,0,0,12236.0,38.1643580,-122.4630600,35.4,116.1,0,0,0
448.80,103.3,64.2,8290,75.5,2,28.8,0,0,12236.0,38.1643670,-122.4630340,33.1,108.6,0,0,0
448.90,105.3,65.4,8465,75.5,2,27.7,0,0,12236.0,38.1643760,-122.4630080,33.1,108.6,0,0,0
449.00,107.2,66.6,8592,76.0,2,26.4,0,0,12236.0,38.1643850,-122.4629810,33.1,108.6,0,0,0
449.10,109.5,68.0,8734,76.5,2,24.3,0,0,12236.0,38.1643940,-122.4629530,33.1,108.6,0,0,0
449.20,111.1,69.0,8956,77.0,2,22.0,0,0,12236.0,38.1644020,-122.4629240,33.1,108.6,0,0,0
449.30,114.3,71.0,9092,77.0,2,20.4,0,0,12236.0,38.1644100,-122.4628940,33.1,108.6,0,0,0
449.40,115.5,71.8,8501,77.0,2,18.8,0,0,12236.0,38.1644190,-122.4628630,33.1,108.6,0,0,0
449.50,113.7,70.7,7268,76.5,2,16.9,0,0,12236.0,38.1644260,-122.4628320,33.1,108.6,0,0,0
449.60,116.9,72.7,7447,73.5,3,15.3,0,0,12236.0,38.1644340,-122.4628000,33.1,108.6,0,0,0
449.70,119.6,74.3,7605,73.5,3,14.4,0,0,12236.0,38.1644420,-122.4627670,33.1,108.6,0,0,0
449.80,120.5,74.9,7651,68.5,3,14.2,0,0,12236.0,38.1644490,-122.4627340,30.2,99.1,0,0,0
449.90,121.3,75.4,7722,65.0,3,14.2,0,0,12236.0,38.1644570,-122.4627000,30.2,99.1,0,0,0
450.00,123.5,76.7,7854,65.0,3,14.7,0,0,12236.0,38.1644640,-122.4626660,30.2,99.1,0,0,0
450.10,125.4,77.9,7928,59.5,3,15.8,0,0,12236.0,38.1644710,-122.4626310,30.2,99.1,0,0,0
450.20,126.1,78.4,8002,54.5,3,16.9,0,0,12236.0,38.1644770,-122.4625950,30.2,99.1,0,0,0
450.30,127.6,79.3,8054,51.5,3,18.2,0,0,12236.0,38.1644840,-122.4625590,30.2,99.1,0,0,0
450.40,128.5,79.8,8143,51.5,3,19.5,0,0,12236.0,38.1644900,-122.4625230,30.2,99.1,0,0,0
450.50,129.3,80.4,8183,47.5,3,20.4,0,0,12236.0,38.1644960,-122.4624870,30.2,99.1,0,0,0
450.60,130.6,81.1,8217,42.5,3,21.5,0,0,12236.0,38.1645020,-122.4624500,30.2,99.1,0,0,0
450.70,130.9,81.3,8271,42.5,3,23.0,0,0,12236.0,38.1645070,-122.4624130,30.2,99.1,0,0,0
450.80,131.6,81.8,8329,42.0,3,24.5,0,0,12236.0,38.1645120,-122.4623750,27.4,89.9,0,0,0
450.90,132.3,82.2,8343,39.0,3,25.8,0,0,12236.0,38.1645160,-122.4623380,27.4,89.9,0,0,0
451.00,133.2,82.7,8371,36.0,3,26.9,0,0,12236.0,38.1645200,-122.4623000,27.4,89.9,0,0,0
451.10,133.3,82.8,8439,36.0,3,28.6,0,0,12236.0,38.1645240,-122.4622620,27.4,89.9,0,0,0
451.20,133.9,83.2,8467,36.0,3,30.4,0,0,12236.0,38.1645260,-122.4622240,27.4,89.9,0,0,0
451.30,134.7,83.7,8494,36.0,3,31.6,0,0,12236.0,38.1645290,-122.4621860,27.4,89.9,0,0,0
451.40,135.6,84.2,8572,35.5,3,32.7,0,0,12236.0,38.1645300,-122.4621480,27.4,89.9,0,0,0
451.50,136.4,84.7,8589,35.5,3,33.7,0,0,12236.0,38.1645310,-122.4621090,27.4,89.9,0,0,0
451.60,136.6,84.9,8579,36.5,3,34.7,0,0,12236.0,38.1645320,-122.4620710,27.4,89.9,0,0,0
451.70,136.4,84.7,8606,37.0,3,35.2,0,0,12237.0,38.1645320,-122.4620330,27.4,89.9,0,0,0
451.80,137.3,85.3,8654,37.0,3,35.6,0,0,12237.0,38.1645320,-122.4619950,26.5,86.9,0,0,0
451.90,137.7,85.6,8649,37.0,3,35.5,0,0,12237.0,38.1645310,-122.4619570,26.5,86.9,0,0,0
452.00,137.2,85.3,8649,37.5,3,35.2,0,0,12237.0,38.1645300,-122.4619180,26.5,86.9,0,0,0
452.10,137.9,85.7,8679,37.5,3,35.2,0,0,12237.0,38.1645290,-122.4618800,26.5,86.9,0,0,0
452.20,137.4,85.3,8674,37.5,3,35.3,0,0,12237.0,38.1645260,-122.4618420,26.5,86.9,0,0,0
452.30,137.9,85.7,8691,37.5,3,35.7,0,0,12237.0,38.1645230,-122.4618040,26.5,86.9,0,0,0
452.40,138.5,86.0,8719,37.5,3,36.3,0,0,12237.0,38.1645200,-122.4617660,26.5,86.9,0,0,0
452.50,139.0,86.4,8726,37.5,3,36.5,0,0,12237.0,38.1645160,-122.4617270,26.5,86.9,0,0,0
452.60,138.5,86.0,8716,37.5,3,36.5,0,0,12237.0,38.1645120,-122.4616900,26.5,86.9,0,0,0
452.70,138.6,86.1,8721,37.5,3,36.6,0,0,12237.0,38.1645060,-122.4616520,26.5,86.9,0,0,0
452.80,138.5,86.0,8734,37.5,3,37.1,0,0,12237.0,38.1645000,-122.4616140,24.4,80.1,0,0,0
452.90,139.6,86.7,8814,37.5,3,37.9,0,0,12237.0,38.1644940,-122.4615760,24.4,80.1,0,0,0
453.00,140.2,87.1,8829,37.5,3,38.6,0,0,12237.0,38.1644860,-122.4615390,24.4,80.1,0,0,0
453.10,140.2,87.1,8811,37.5,3,39.0,0,0,12237.0,38.1644780,-122.4615020,24.4,80.1,0,0,0
453.20,140.4,87.2,8845,38.0,3,38.8,0,0,12237.0,38.1644690,-122.4614650,24.4,80.1,0,0,0
453.30,140.6,87.4,8887,37.5,3,39.0,0,0,12237.0,38.1644600,-122.4614280,24.4,80.1,0,0,0
453.40,141.0,87.6,8924,37.0,3,39.7,0,0,12237.0,38.1644500,-122.4613920,24.4,80.1,0,0,0
453.50,141.6,88.0,8908,37.0,3,40.6,0,0,12237.0,38.1644390,-122.4613550,24.4,80.1,0,0,0
453.60,141.8,88.1,8900,37.0,3,41.0,0,0,12237.0,38.1644280,-122.4613190,24.4,80.1,0,0,0
453.70,142.3,88.4,8881,37.0,3,41.1,0,0,12237.0,38.1644160,-122.4612840,24.4,80.1,0,0,0
453.80,141.2,87.8,8892,37.5,3,40.4,0,0,12237.0,38.1644030,-122.4612490,22.9,75.1,0,0,0
453.90,140.6,87.4,8926,39.0,3,39.6,0,0,12237.0,38.1643890,-122.4612140,22.9,75.1,0,0,0
454.00,141.7,88.0,8860,39.0,3,39.7,0,0,12237.0,38.1643750,-122.4611800,22.9,75.1,0,0,0
454.10,141.0,87.6,8934,43.5,3,39.4,0,0,12237.0,38.1643600,-122.4611450,22.9,75.1,0,0,0
454.20,142.2,88.4,8913,43.5,3,39.3,0,0,12237.0,38.1643450,-122.4611120,22.9,75.1,0,0,0
454.30,142.1,88.3,8921,48.0,3,38.7,0,0,12237.0,38.1643290,-122.4610790,22.9,75.1,0,0,0
454.40,141.8,88.1,8969,54.5,3,37.9,0,0,12237.0,38.1643130,-122.4610460,22.9,75.1,0,0,0
454.50,142.9,88.8,9001,56.0,3,37.7,0,0,12237.0,38.1642950,-122.4610140,22.9,75.1,0,0,0
454.60,143.3,89.1,9097,57.0,3,37.4,0,0,12237.0,38.1642770,-122.4609820,22.9,75.1,0,0,0
454.70,144.3,89.7,9111,58.0,3,37.2,0,0,12237.0,38.1642580,-122.4609510,22.9,75.1,0,0,0
454.80,144.9,90.0,9208,63.0,3,36.8,0,0,12237.0,38.1642390,-122.4609200,22.2,72.8,0,0,0
454.90,146.3,90.9,9243,64.5,3,36.7,0,0,12237.0,38.1642200,-122.4608900,22.2,72.8,0,0,0
455.00,146.6,91.1,9260,67.0,3,36.5,0,0,12237.0,38.1641990,-122.4608600,22.2,72.8,0,0,0
455.10,148.1,92.0,9343,68.5,3,36.0,0,0,12237.0,38.1641780,-122.4608300,22.2,72.8,0,0,0
455.20,148.1,92.0,9372,70.0,3,35.2,0,0,12237.0,38.1641550,-122.4608000,22.2,72.8,0,0,0
455.30,149.1,92.6,9387,70.5,3,34.2,0,0,12237.0,38.1641320,-122.4607710,22.2,72.8,0,0,0
455.40,149.4,92.8,9467,74.0,3,32.8,0,0,12237.0,38.1641080,-122.4607420,22.2,72.8,0,0,0
455.50,150.7,93.7,9503,74.5,3,31.5,0,0,12237.0,38.1640840,-122.4607140,22.2,72.8,0,0,0
455.60,151.6,94.2,9555,74.0,3,30.0,0,0,12237.0,38.1640590,-122.4606860,22.2,72.8,0,0,0
455.70,152.1,94.5,9567,73.5,3,28.5,0,0,12237.0,38.1640330,-122.4606590,22.2,72.8,0,0,0
455.80,152.1,94.5,9619,73.5,3,26.9,0,0,12237.0,38.1640070,-122.4606320,22.8,74.8,0,0,0
455.90,153.4,95.3,9625,73.5,3,25.8,0,0,12237.0,38.1639800,-122.4606050,22.8,74.8,0,0,0
456.00,153.5,95.4,9628,73.5,3,24.8,0,0,12237.0,38.1639530,-122.4605790,22.8,74.8,0,0,0
456.10,153.6,95.4,9659,73.0,3,23.5,0,0,12237.0,38.1639260,-122.4605530,22.8,74.8,0,0,0
456.20,154.1,95.7,9485,55.5,3,21.8,0,0,12237.0,38.1638980,-122.4605270,22.8,74.8,0,0,0
456.30,151.5,94.2,9381,38.5,3,19.7,0,0,12237.0,38.1638690,-122.4605010,22.8,74.8,0,0,0
456.40,149.6,93.0,9323,30.0,3,17.4,0,0,12237.0,38.1638400,-122.4604760,22.8,74.8,0,0,0
456.50,148.6,92.4,8798,0.0,3,14.4,0,0,12237.0,38.1638110,-122.4604520,22.8,74.8,0,0,0
456.60,143.0,88.9,9091,0.0,3,11.2,0,0,12237.0,38.1637820,-122.4604270,22.8,74.8,0,0,0
456.70,144.3,89.7,9048,0.0,3,8.1,0,0,12237.0,38.1637530,-122.4604040,22.8,74.8,0,0,0
456.80,143.5,89.2,8921,0.0,3,5.9,0,0,12237.0,38.1637240,-122.4603800,25.4,83.3,0,0,0
456.90,142.0,88.2,8845,0.0,3,4.2,0,0,12237.0,38.1636950,-122.4603570,25.4,83.3,0,0,0
457.00,140.4,87.3,8770,0.0,3,2.5,0,0,12237.0,38.1636660,-122.4603340,25.4,83.3,0,0,0
457.10,139.7,86.8,8716,0.0,3,1.9,0,0,12237.0,38.1636380,-122.4603110,25.4,83.3,0,0,0
457.20,138.4,86.0,8626,0.0,3,1.5,0,0,12237.0,38.1636100,-122.4602890,25.4,83.3,0,0,0
457.30,137.1,85.2,8521,0.0,3,0.8,0,0,12237.0,38.1635820,-122.4602660,25.4,83.3,0,0,0
457.40,135.5,84.2,8489,0.0,3,0.3,0,0,12237.0,38.1635540,-122.4602450,25.4,83.3,0,0,0
457.50,135.2,84.0,8423,0.0,3,0.5,0,0,12237.0,38.1635260,-122.4602230,25.4,83.3,0,0,0
457.60,133.9,83.2,8352,0.0,3,0.8,0,0,12237.0,38.1634990,-122.4602010,25.4,83.3,0,0,0
457.70,132.4,82.3,8240,0.0,3,1.2,0,0,12237.0,38.1634720,-122.4601800,25.4,83.3,0,0,0
457.80,130.9,81.4,8184,0.0,3,1.7,0,0,12237.0,38.1634450,-122.4601590,27.3,89.6,0,0,0
457.90,130.1,80.9,8099,0.0,3,0.7,0,0,12237.0,38.1634180,-122.4601380,27.3,89.6,0,0,0
458.00,128.4,79.8,7983,0.0,3,-0.9,0,0,12237.0,38.1633920,-122.4601180,27.3,89.6,0,0,0
458.10,126.7,78.7,7911,0.0,3,-2.0,0,0,12237.0,38.1633670,-122.4600970,27.3,89.6,0,0,0
458.20,126.1,78.3,7870,0.0,3,-3.1,0,0,12237.0,38.1633410,-122.4600770,27.3,89.6,0,0,0
458.30,124.9,77.6,7786,0.0,3,-4.3,0,0,12237.0,38.1633160,-122.4600570,27.3,89.6,0,0,0
458.40,124.2,77.2,7788,0.0,3,-5.9,0,0,12237.0,38.1632910,-122.4600370,27.3,89.6,0,0,0
458.50,123.6,76.8,7768,0.0,3,-7.3,0,0,12237.0,38.1632660,-122.4600170,27.3,89.6,0,0,0
458.60,123.0,76.4,7673,0.0,3,-8.5,0,0,12237.0,38.1632420,-122.4599970,27.3,89.6,0,0,0
458.70,122.1,75.8,7632,0.0,3,-9.9,0,0,12237.0,38.1632180,-122.4599770,27.3,89.6,0,0,0
458.80,121.3,75.4,7576,0.0,3,-10.7,0,0,12237.0,38.1631940,-122.4599570,27.4,89.9,0,0,0
458.90,120.2,74.7,7525,0.0,3,-12.2,0,0,12237.0,38.1631700,-122.4599360,27.4,89.9,0,0,0
459.00,119.6,74.3,7515,0.0,3,-13.6,0,0,12237.0,38.1631470,-122.4599160,27.4,89.9,0,0,0
459.10,119.2,74.1,7452,0.0,3,-14.7,0,0,12237.0,38.1631230,-122.4598950,27.4,89.9,0,0,0
459.20,118.7,73.7,7411,0.0,3,-16.0,0,0,12237.0,38.1631000,-122.4598750,27.4,89.9,0,0,0
459.30,117.9,73.3,7393,0.0,3,-17.3,0,0,12237.0,38.1630780,-122.4598540,27.4,89.9,0,0,0
459.40,117.7,73.1,7353,0.0,3,-18.8,0,0,12237.0,38.1630550,-122.4598330,27.4,89.9,0,0,0
459.50,116.7,72.5,7323,0.0,3,-20.8,0,0,12237.0,38.1630330,-122.4598110,27.4,89.9,0,0,0
459.60,116.7,72.5,7316,0.0,3,-22.9,0,0,12237.0,38.1630110,-122.4597900,27.4,89.9,0,0,0
459.70,116.2,72.2,7298,0.0,3,-25.0,0,0,12237.0,38.1629900,-122.4597690,27.4,89.9,0,0,0
459.80,116.0,72.1,7283,0.0,3,-26.8,0,0,12237.0,38.1629690,-122.4597470,26.1,85.6,0,0,0
459.90,115.3,71.6,7232,0.0,3,-28.2,0,0,12237.0,38.1629480,-122.4597250,26.1,85.6,0,0,0
460.00,115.0,71.4,7200,0.0,3,-29.7,0,0,12237.0,38.1629280,-122.4597030,26.1,85.6,0,0,0
460.10,114.6,71.2,7169,0.0,3,-31.2,0,0,12237.0,38.1629090,-122.4596810,26.1,85.6,0,0,0
460.20,114.2,71.0,7160,0.0,3,-32.5,0,0,12237.0,38.1628890,-122.4596580,26.1,85.6,0,0,0
460.30,113.9,70.8,7155,0.0,3,-33.7,0,0,12237.0,38.1628710,-122.4596350,26.1,85.6,0,0,0
460.40,113.6,70.6,7134,0.0,3,-34.3,0,0,12237.0,38.1628520,-122.4596110,26.1,85.6,0,0,0
460.50,113.1,70.3,7087,0.0,3,-35.4,0,0,12237.0,38.1628350,-122.4595870,26.1,85.6,0,0,0
460.60,112.6,70.0,7082,0.0,3,-36.4,0,0,12237.0,38.1628180,-122.4595630,26.1,85.6,0,0,0
460.70,112.5,69.9,7024,0.0,3,-36.1,0,0,12237.0,38.1628010,-122.4595380,26.1,85.6,0,0,0
460.80,111.6,69.3,7023,0.0,3,-37.1,0,0,12237.0,38.1627860,-122.4595130,23.4,76.8,0,0,0
460.90,111.6,69.4,6982,0.0,3,-36.4,0,0,12237.0,38.1627710,-122.4594880,23.4,76.8,0,0,0
461.00,110.9,68.9,6943,0.0,3,-36.7,0,0,12237.0,38.1627560,-122.4594630,23.4,76.8,0,0,0
461.10,110.4,68.6,6913,0.0,3,-37.4,0,0,12237.0,38.1627420,-122.4594370,23.4,76.8,0,0,0
461.20,110.1,68.4,6892,0.0,3,-37.3,0,0,12237.0,38.1627290,-122.4594100,23.4,76.8,0,0,0
461.30,109.4,68.0,6843,0.0,3,-37.7,0,0,12237.0,38.1627160,-122.4593840,23.4,76.8,0,0,0
461.40,109.2,67.9,6856,0.0,3,-38.2,0,0,12237.0,38.1627040,-122.4593560,23.4,76.8,0,0,0
461.50,108.5,67.4,6788,0.0,3,-38.7,0,0,12237.0,38.1626930,-122.4593290,23.4,76.8,0,0,0
461.60,108.1,67.2,6757,0.0,3,-38.9,0,0,12237.0,38.1626830,-122.4593010,23.4,76.8,0,0,0
461.70,107.4,66.7,6714,0.0,3,-39.1,0,0,12237.0,38.1626730,-122.4592730,23.4,76.8,0,0,0
461.80,106.8,66.4,6689,0.0,3,-39.4,0,0,12237.0,38.1626640,-122.4592440,20.7,67.9,0,0,0
461.90,106.6,66.2,6670,0.0,3,-39.5,0,0,12237.0,38.1626560,-122.4592150,20.7,67.9,0,0,0
462.00,106.1,65.9,6614,0.0,3,-39.4,0,0,12237.0,38.1626490,-122.4591870,20.7,67.9,0,0,0
462.10,105.6,65.6,6634,0.0,3,-39.5,0,0,12237.0,38.1626430,-122.4591580,20.7,67.9,0,0,0
462.20,105.1,65.3,6571,0.0,3,-39.7,0,0,12237.0,38.1626370,-122.4591290,20.7,67.9,0,0,0
462.30,104.5,65.0,6569,0.0,3,-40.2,0,0,12237.0,38.1626320,-122.4591000,20.7,67.9,0,0,0
462.40,104.3,64.8,6546,0.0,3,-40.5,0,0,12237.0,38.1626270,-122.4590710,20.7,67.9,0,0,0
462.50,103.8,64.5,6528,0.0,3,-41.0,0,0,12237.0,38.1626230,-122.4590420,20.7,67.9,0,0,0
462.60,103.7,64.4,6506,0.0,3,-41.4,0,0,12237.0,38.1626200,-122.4590130,20.7,67.9,0,0,0
462.70,103.5,64.3,6487,0.0,3,-41.8,0,0,12237.0,38.1626180,-122.4589830,20.7,67.9,0,0,0
462.80,103.1,64.1,6450,0.0,3,-42.0,0,0,12237.0,38.1626170,-122.4589540,18.1,59.4,0,0,0
462.90,102.6,63.7,6446,5.5,3,-42.0,0,0,12237.0,38.1626160,-122.4589250,18.1,59.4,0,0,0
463.00,102.6,63.7,6476,10.0,3,-42.0,0,0,12237.0,38.1626170,-122.4588970,18.1,59.4,0,0,0
463.10,102.4,63.6,6575,14.5,3,-41.9,0,0,12237.0,38.1626180,-122.4588680,18.1,59.4,0,0,0
463.20,102.6,63.8,6470,17.5,3,-41.7,0,0,12237.0,38.1626200,-122.4588390,18.1,59.4,0,0,0
463.30,102.8,63.9,6528,26.0,3,-41.5,0,0,12237.0,38.1626230,-122.4588110,18.1,59.4,0,0,0
463.40,103.6,64.3,6545,26.0,3,-41.1,0,0,12237.0,38.1626260,-122.4587820,18.1,59.4,0,0,0
463.50,104.3,64.8,6545,26.0,3,-40.9,0,0,12237.0,38.1626290,-122.4587540,18.1,59.4,0,0,0
463.60,104.3,64.8,6591,26.0,3,-41.0,0,0,12237.0,38.1626340,-122.4587250,18.1,59.4,0,0,0
463.70,105.2,65.4,6611,26.0,3,-41.1,0,0,12237.0,38.1626390,-122.4586970,18.1,59.4,0,0,0
463.80,105.3,65.4,6657,26.0,3,-41.6,0,0,12237.0,38.1626450,-122.4586690,15.6,51.2,0,0,0
463.90,105.7,65.7,6666,25.0,3,-42.0,0,0,12237.0,38.1626520,-122.4586410,15.6,51.2,0,0,0
464.00,106.3,66.1,6699,25.0,3,-42.6,0,0,12237.0,38.1626600,-122.4586140,15.6,51.2,0,0,0
464.10,106.6,66.2,6751,25.0,3,-43.0,0,0,12237.0,38.1626690,-122.4585870,15.6,51.2,0,0,0
464.20,107.6,66.8,6760,25.0,3,-43.0,0,0,12237.0,38.1626790,-122.4585600,15.6,51.2,0,0,0
464.30,107.5,66.8,6748,23.5,3,-43.0,0,0,12237.0,38.1626900,-122.4585340,15.6,51.2,0,0,0
464.40,107.8,67.0,6754,22.0,3,-43.0,0,0,12237.0,38.1627010,-122.4585090,15.6,51.2,0,0,0
464.50,108.0,67.1,6791,22.0,3,-43.0,0,0,12237.0,38.1627140,-122.4584840,15.6,51.2,0,0,0
464.60,108.0,67.1,6854,22.5,3,-42.9,0,0,12237.0,38.1627270,-122.4584590,15.6,51.2,0,0,0
464.70,108.5,67.4,6853,23.0,3,-42.9,0,0,12237.0,38.1627410,-122.4584350,15.6,51.2,0,0,0
464.80,108.5,67.4,6822,23.5,3,-42.8,0,0,12237.0,38.1627550,-122.4584110,13.0,42.7,0,0,0
464.90,108.7,67.6,6829,24.0,3,-42.8,0,0,12237.0,38.1627730,-122.4583900,13.0,42.7,0,0,0
465.00,108.7,67.6,6870,25.0,3,-42.6,0,0,12237.0,38.1627900,-122.4583680,13.0,42.7,0,0,0
465.10,109.2,67.9,6892,25.0,3,-42.2,0,0,12237.0,38.1628070,-122.4583460,13.0,42.7,0,0,0
465.20,109.6,68.1,6932,26.0,3,-42.5,0,0,12237.0,38.1628250,-122.4583260,13.0,42.7,0,0,0
465.30,109.8,68.2,6941,27.0,3,-42.5,0,0,12237.0,38.1628430,-122.4583050,13.0,42.7,0,0,0
465.40,110.4,68.6,6948,30.5,3,-41.9,0,0,12237.0,38.1628620,-122.4582860,13.0,42.7,0,0,0
465.50,110.2,68.5,6951,34.0,3,-41.2,0,0,12237.0,38.1628810,-122.4582680,13.0,42.7,0,0,0
465.60,111.0,69.0,6983,34.0,3,-40.5,0,0,12237.0,38.1629010,-122.4582500,13.0,42.7,0,0,0
465.70,110.8,68.9,7006,37.0,3,-39.4,0,0,12237.0,38.1629210,-122.4582340,13.0,42.7,0,0,0
465.80,111.3,69.2,7021,39.5,3,-38.1,0,0,12237.0,38.1629420,-122.4582170,10.2,33.5,0,0,0
465.90,111.6,69.4,7053,41.5,3,-37.2,0,0,12237.0,38.1629630,-122.4582020,10.2,33.5,0,0,0
466.00,112.2,69.7,7048,42.0,3,-36.8,0,0,12237.0,38.1629840,-122.4581870,10.2,33.5,0,0,0
466.10,112.4,69.9,7099,40.5,3,-36.3,0,0,12237.0,38.1630070,-122.4581730,10.2,33.5,0,0,0
466.20,113.3,70.4,7145,38.5,3,-36.1,0,0,12237.0,38.1630290,-122.4581600,10.2,33.5,0,0,0
466.30,113.9,70.8,7206,39.5,3,-36.0,0,0,12237.0,38.1630520,-122.4581470,10.2,33.5,0,0,0
466.40,114.1,70.9,7201,40.0,3,-36.3,0,0,12237.0,38.1630750,-122.4581350,10.2,33.5,0,0,0
466.50,114.8,71.3,7261,40.5,3,-36.7,0,0,12237.0,38.1630990,-122.4581250,10.2,33.5,0,0,0
466.60,115.8,71.9,7316,41.5,3,-37.2,0,0,12237.0,38.1631230,-122.4581150,10.2,33.5,0,0,0
466.70,116.6,72.4,7326,41.5,3,-37.5,0,0,12237.0,38.1631480,-122.4581060,10.2,33.5,0,0,0
466.80,116.6,72.4,7328,42.0,3,-37.2,0,0,12237.0,38.1631720,-122.4580980,7.5,24.6,0,0,0
466.90,116.7,72.5,7387,44.5,3,-36.9,0,0,12237.0,38.1631970,-122.4580910,7.5,24.6,0,0,0
467.00,117.5,73.0,7410,44.5,3,-36.8,0,0,12237.0,38.1632230,-122.4580850,7.5,24.6,0,0,0
467.10,118.2,73.4,7443,44.0,3,-37.0,0,0,12237.0,38.1632490,-122.4580800,7.5,24.6,0,0,0
467.20,118.3,73.5,7482,43.5,3,-37.5,0,0,12237.0,38.1632750,-122.4580770,7.5,24.6,0,0,0
467.30,118.8,73.8,7474,43.0,3,-38.1,0,0,12237.0,38.1633010,-122.4580750,7.5,24.6,0,0,0
467.40,118.9,73.9,7513,43.0,3,-38.2,0,0,12237.0,38.1633280,-122.4580740,7.5,24.6,0,0,0
467.50,119.4,74.2,7491,42.5,3,-38.2,0,0,12237.0,38.1633540,-122.4580740,7.5,24.6,0,0,0
467.60,119.2,74.1,7480,42.0,3,-38.0,0,0,12237.0,38.1633800,-122.4580760,7.5,24.6,0,0,0
467.70,118.8,73.8,7549,46.0,3,-38.2,0,0,12237.0,38.1634070,-122.4580780,7.5,24.6,0,0,0
467.80,119.8,74.4,7564,46.5,3,-38.7,0,0,12237.0,38.1634330,-122.4580820,5.9,19.4,0,0,0
467.90,120.6,74.9,7566,46.5,3,-38.9,0,0,12237.0,38.1634590,-122.4580870,5.9,19.4,0,0,0
468.00,120.2,74.7,7595,49.0,3,-39.1,0,0,12237.0,38.1634850,-122.4580930,5.9,19.4,0,0,0
468.10,121.3,75.4,7636,51.5,3,-39.1,0,0,12237.0,38.1635110,-122.4581000,5.9,19.4,0,0,0
468.20,121.7,75.6,7738,57.0,3,-39.1,0,0,12237.0,38.1635370,-122.4581080,5.9,19.4,0,0,0
468.30,122.5,76.1,7768,59.0,3,-39.0,0,0,12237.0,38.1635620,-122.4581170,5.9,19.4,0,0,0
468.40,123.5,76.7,7785,59.5,3,-38.7,0,0,12237.0,38.1635860,-122.4581270,5.9,19.4,0,0,0
468.50,123.8,76.9,7840,61.5,3,-38.2,0,0,12237.0,38.1636100,-122.4581380,5.9,19.4,0,0,0
468.60,124.7,77.5,7906,61.5,3,-37.7,0,0,12237.0,38.1636350,-122.4581490,5.9,19.4,0,0,0
468.70,125.7,78.1,7922,62.0,3,-37.3,0,0,12237.0,38.1636600,-122.4581620,5.9,19.4,0,0,0
468.80,126.3,78.5,7977,64.5,3,-37.2,0,0,12237.0,38.1636850,-122.4581750,7.1,23.3,0,0,0
468.90,127.4,79.1,8052,68.5,3,-37.1,0,0,12237.0,38.1637090,-122.4581890,7.1,23.3,0,0,0
469.00,128.0,79.6,8095,70.0,3,-36.9,0,0,12237.0,38.1637340,-122.4582040,7.1,23.3,0,0,0
469.10,129.0,80.2,8126,70.5,3,-36.3,0,0,12237.0,38.1637580,-122.4582200,7.1,23.3,0,0,0
469.20,129.2,80.3,8254,70.5,3,-35.5,0,0,12237.0,38.1637830,-122.4582370,7.1,23.3,0,0,0
469.30,130.5,81.1,8231,71.0,3,-35.0,0,0,12237.0,38.1638070,-122.4582550,7.1,23.3,0,0,0
469.40,131.6,81.8,8279,72.0,3,-34.6,0,0,12237.0,38.1638310,-122.4582740,7.1,23.3,0,0,0
469.50,132.0,82.0,8324,72.0,3,-33.9,0,0,12237.0,38.1638550,-122.4582930,7.1,23.3,0,0,0
469.60,131.8,81.9,8406,71.0,3,-32.9,0,0,12237.0,38.1638790,-122.4583130,7.1,23.3,0,0,0
469.70,133.7,83.1,8425,71.0,3,-31.7,0,0,12237.0,38.1639030,-122.4583340,7.1,23.3,0,0,0
469.80,133.6,83.0,8430,72.5,3,-30.5,0,0,12237.0,38.1639260,-122.4583560,8.6,28.2,0,0,0
469.90,133.7,83.1,8472,71.5,3,-29.7,0,0,12237.0,38.1639500,-122.4583790,8.6,28.2,0,0,0
470.00,134.1,83.3,8501,72.5,3,-29.1,0,0,12237.0,38.1639730,-122.4584030,8.6,28.2,0,0,0
470.10,135.6,84.2,8616,73.0,3,-28.4,0,0,12237.0,38.1639960,-122.4584270,8.6,28.2,0,0,0
470.20,138.0,85.8,8855,74.0,3,-29.2,0,0,12237.0,38.1640180,-122.4584520,8.6,28.2,0,0,0
470.30,140.8,87.5,8895,77.5,3,-31.0,0,0,12237.0,38.1640410,-122.4584780,8.6,28.2,0,0,0
470.40,140.2,87.1,8892,81.0,3,-30.3,0,0,12237.0,38.1640640,-122.4585040,8.6,28.2,0,0,0
470.50,140.8,87.5,8961,88.0,3,-29.9,0,0,12237.0,38.1640870,-122.4585300,8.6,28.2,0,0,0
470.60,142.7,88.7,9110,93.0,3,-29.9,0,0,12237.0,38.1641090,-122.4585570,8.6,28.2,0,0,0
470.70,144.6,89.9,9197,100.0,3,-29.7,0,0,12237.0,38.1641310,-122.4585850,8.6,28.2,0,0,0
470.80,146.1,90.8,9285,100.0,3,-29.7,0,0,12237.0,38.1641540,-122.4586140,10.3,33.8,0,0,0
470.90,147.1,91.4,9343,100.0,3,-29.3,0,0,12237.0,38.1641760,-122.4586430,10.3,33.8,0,0,0
471.00,148.0,92.0,9384,100.0,3,-28.8,0,0,12237.0,38.1641980,-122.4586730,10.3,33.8,0,0,0
471.10,149.1,92.6,9470,100.0,3,-28.5,0,0,12237.0,38.1642200,-122.4587030,10.3,33.8,0,0,0
471.20,150.6,93.6,9533,100.0,3,-28.6,0,0,12237.0,38.1642420,-122.4587340,10.3,33.8,0,0,0
471.30,151.5,94.2,9610,100.0,3,-28.3,0,0,12237.0,38.1642640,-122.4587660,10.3,33.8,0,0,0
471.40,152.7,94.9,9637,100.0,3,-27.7,0,0,12237.0,38.1642860,-122.4587980,10.3,33.8,0,0,0
471.50,153.3,95.3,9656,100.0,3,-26.5,0,0,12237.0,38.1643080,-122.4588310,10.3,33.8,0,0,0
471.60,153.6,95.4,9694,100.0,3,-25.5,0,0,12237.0,38.1643300,-122.4588650,10.3,33.8,0,0,0
471.70,154.5,96.0,9712,100.0,3,-24.2,0,0,12237.0,38.1643510,-122.4588990,10.3,33.8,0,0,0
471.80,154.9,96.3,9760,100.0,3,-23.0,0,0,12237.0,38.1643730,-122.4589330,12.1,39.7,0,0,0
471.90,155.3,96.5,9801,100.0,3,-21.8,0,0,12237.0,38.1643940,-122.4589680,12.1,39.7,0,0,0
472.00,156.1,97.0,9853,100.0,3,-20.4,0,0,12237.0,38.1644150,-122.4590040,12.1,39.7,0,0,0
472.10,156.8,97.5,9869,100.0,3,-19.4,0,0,12237.0,38.1644370,-122.4590400,12.1,39.7,0,0,0
472.20,157.2,97.7,9921,100.0,3,-18.5,0,0,12237.0,38.1644580,-122.4590770,12.1,39.7,0,0,0
472.30,158.2,98.3,9980,100.0,3,-17.5,0,0,12237.0,38.1644790,-122.4591140,12.1,39.7,0,0,0
472.40,158.7,98.6,10030,100.0,3,-16.4,0,0,12237.0,38.1645000,-122.4591510,12.1,39.7,0,0,0
472.50,159.8,99.3,10118,100.0,3,-15.6,0,0,12237.0,38.1645210,-122.4591890,12.1,39.7,0,0,0
472.60,160.9,100.0,10184,100.0,3,-15.3,0,0,12237.0,38.1645420,-122.4592270,12.1,39.7,0,0,0
472.70,162.3,100.8,10229,100.0,3,-14.7,0,0,12237.0,38.1645630,-122.4592660,12.1,39.7,0,0,0
472.80,162.8,101.1,10288,100.0,3,-14.1,0,0,12237.0,38.1645840,-122.4593050,14.0,45.9,0,0,0
472.90,163.9,101.9,10324,100.0,3,-13.7,0,0,12237.0,38.1646050,-122.4593450,14.0,45.9,0,0,0
473.00,164.3,102.1,10374,100.0,3,-13.7,0,0,12237.0,38.1646260,-122.4593840,14.0,45.9,0,0,0
473.10,165.5,102.8,10454,100.0,3,-13.6,0,0,12237.0,38.1646460,-122.4594250,14.0,45.9,0,0,0
473.20,166.5,103.5,10501,100.0,3,-13.3,0,0,12237.0,38.1646670,-122.4594650,14.0,45.9,0,0,0
473.30,167.3,103.9,10568,100.0,3,-13.1,0,0,12237.0,38.1646880,-122.4595060,14.0,45.9,0,0,0
473.40,168.5,104.7,10646,100.0,3,-12.6,0,0,12237.0,38.1647090,-122.4595470,14.0,45.9,0,0,0
473.50,169.6,105.4,10715,100.0,3,-12.0,0,0,12237.0,38.1647300,-122.4595890,14.0,45.9,0,0,0
473.60,170.4,105.9,10784,100.0,3,-11.9,0,0,12237.0,38.1647510,-122.4596310,14.0,45.9,0,0,0
473.70,171.3,106.5,10843,100.0,3,-12.2,0,0,12237.0,38.1647710,-122.4596740,14.0,45.9,0,0,0
473.80,172.4,107.1,10878,100.0,3,-12.6,0,0,12237.0,38.1647920,-122.4597160,16.1,52.8,0,0,0
473.90,173.2,107.7,10937,100.0,3,-12.7,0,0,12237.0,38.1648130,-122.4597590,16.1,52.8,0,0,0
474.00,174.0,108.1,9895,100.0,3,-12.8,0,0,12237.0,38.1648340,-122.4598030,16.1,52.8,0,0,0
474.10,176.9,109.9,9231,100.0,4,-12.5,0,0,12237.0,38.1648550,-122.4598460,16.1,52.8,0,0,0
474.20,175.1,108.8,9192,100.0,4,-13.3,0,0,12237.0,38.1648750,-122.4598900,16.1,52.8,0,0,0
474.30,174.4,108.3,9169,100.0,4,-13.1,0,0,12237.0,38.1648950,-122.4599340,16.1,52.8,0,0,0
474.40,175.0,108.7,9211,100.0,4,-12.6,0,0,12237.0,38.1649160,-122.4599780,16.1,52.8,0,0,0
474.50,175.4,109.0,9274,100.0,4,-13.1,0,0,12237.0,38.1649360,-122.4600230,16.1,52.8,0,0,0
474.60,176.4,109.6,9265,100.0,4,-13.2,0,0,12237.0,38.1649560,-122.4600670,16.1,52.8,0,0,0
474.70,177.2,110.1,9323,100.0,4,-13.3,0,0,12237.0,38.1649760,-122.4601120,16.1,52.8,0,0,0
474.80,177.5,110.3,9358,100.0,4,-13.1,0,0,12237.0,38.1649960,-122.4601570,18.1,59.4,0,0,0
474.90,177.8,110.5,9405,100.0,4,-12.3,0,0,12237.0,38.1650160,-122.4602030,18.1,59.4,0,0,0
475.00,178.7,111.0,9431,100.0,4,-12.1,0,0,12237.0,38.1650360,-122.4602490,18.1,59.4,0,0,0
475.10,179.4,111.4,9464,100.0,4,-12.0,0,0,12237.0,38.1650560,-122.4602950,18.1,59.4,0,0,0
475.20,180.0,111.9,9542,100.0,4,-11.6,0,0,12237.0,38.1650750,-122.4603410,18.1,59.4,0,0,0
475.30,180.7,112.3,9428,91.5,4,-11.0,0,0,12237.0,38.1650950,-122.4603880,18.1,59.4,0,0,0
475.40,180.6,112.2,9449,70.0,4,-10.7,0,0,12237.0,38.1651150,-122.4604350,18.1,59.4,0,0,0
475.50,179.9,111.8,8742,0.0,4,-10.4,0,0,12237.0,38.1651340,-122.4604820,18.1,59.4,0,0,0
475.60,173.0,107.5,9144,0.0,4,-9.8,0,0,12237.0,38.1651530,-122.4605290,18.1,59.4,0,0,0
475.70,173.9,108.1,9028,0.0,4,-9.3,0,0,12237.0,38.1651720,-122.4605760,18.1,59.4,0,0,0
475.80,172.4,107.1,8950,0.0,4,-10.0,0,0,12237.0,38.1651910,-122.4606230,20.1,65.9,0,0,0
475.90,170.9,106.2,8868,0.0,4,-9.1,0,0,12237.0,38.1652090,-122.4606690,20.1,65.9,0,0,0
476.00,169.2,105.2,8821,0.0,4,-6.6,0,0,12237.0,38.1652280,-122.4607150,20.1,65.9,0,0,0
476.10,168.1,104.5,8681,0.0,4,-5.4,0,0,12237.0,38.1652450,-122.4607600,20.1,65.9,0,0,0
476.20,165.4,102.8,8523,0.0,4,-5.3,0,0,12237.0,38.1652630,-122.4608050,20.1,65.9,0,0,0
476.30,162.8,101.2,8401,0.0,4,-4.5,0,0,12237.0,38.1652810,-122.4608500,20.1,65.9,0,0,0
476.40,160.7,99.8,8292,0.0,4,-4.4,0,0,12237.0,38.1652980,-122.4608930,20.1,65.9,0,0,0
476.50,158.4,98.4,8172,0.0,4,-4.3,0,0,12237.0,38.1653150,-122.4609370,20.1,65.9,0,0,0
476.60,155.9,96.9,8087,0.0,4,-3.8,0,0,12237.0,38.1653320,-122.4609790,20.1,65.9,0,0,0
476.70,153.8,95.5,7964,0.0,4,-3.6,0,0,12237.0,38.1653480,-122.4610210,20.1,65.9,0,0,0
476.80,151.8,94.3,7843,0.0,4,-2.9,0,0,12237.0,38.1653640,-122.4610620,22.1,72.5,0,0,0
476.90,149.6,92.9,7720,0.0,4,-2.7,0,0,12237.0,38.1653800,-122.4611030,22.1,72.5,0,0,0
477.00,147.1,91.4,8080,0.0,4,-2.7,0,0,12237.0,38.1653960,-122.4611440,22.1,72.5,0,0,0
477.10,139.2,86.5,9390,0.0,3,-2.5,0,0,12237.0,38.1654110,-122.4611830,22.1,72.5,0,0,0
477.20,143.8,89.4,8863,0.0,3,-2.4,0,0,12237.0,38.1654260,-122.4612220,22.1,72.5,0,0,0
477.30,142.6,88.6,8579,0.0,3,-2.4,0,0,12237.0,38.1654410,-122.4612600,22.1,72.5,0,0,0
477.40,139.4,86.6,8724,0.0,3,-2.4,0,0,12237.0,38.1654560,-122.4612990,22.1,72.5,0,0,0
477.50,138.3,86.0,8591,0.0,3,-2.6,0,0,12237.0,38.1654710,-122.4613360,22.1,72.5,0,0,0
477.60,136.7,84.9,8458,0.0,3,-2.7,0,0,12237.0,38.1654860,-122.4613730,22.1,72.5,0,0,0
477.70,134.5,83.6,8352,0.0,3,-2.5,0,0,12237.0,38.1655000,-122.4614100,22.1,72.5,0,0,0
477.80,132.7,82.5,8278,0.0,3,-2.4,0,0,12237.0,38.1655150,-122.4614460,24.2,79.4,0,0,0
477.90,131.8,81.9,8235,0.0,3,-2.3,0,0,12237.0,38.1655290,-122.4614820,24.2,79.4,0,0,0
478.00,130.1,80.9,8100,0.0,3,-2.1,0,0,12237.0,38.1655430,-122.4615170,24.2,79.4,0,0,0
478.10,128.4,79.8,7962,0.0,3,-1.8,0,0,12237.0,38.1655560,-122.4615510,24.2,79.4,0,0,0
478.20,126.3,78.5,7872,0.0,3,-1.8,0,0,12237.0,38.1655700,-122.4615860,24.2,79.4,0,0,0
478.30,124.8,77.6,9225,0.0,3,-1.7,0,0,12237.0,38.1655830,-122.4616200,24.2,79.4,0,0,0
478.40,120.0,74.5,9619,0.0,2,-1.8,0,0,12237.0,38.1655960,-122.4616530,24.2,79.4,0,0,0
478.50,121.7,75.6,9328,0.0,2,-1.5,0,0,12237.0,38.1656090,-122.4616860,24.2,79.4,0,0,0
478.60,118.4,73.6,9172,0.0,2,-1.0,0,0,12237.0,38.1656220,-122.4617180,24.2,79.4,0,0,0
478.70,116.7,72.5,9053,0.0,2,-0.9,0,0,12237.0,38.1656350,-122.4617490,24.2,79.4,0,0,0
478.80,115.0,71.5,8902,0.0,2,-0.7,0,0,12237.0,38.1656470,-122.4617810,26.2,86.0,0,0,0
478.90,112.9,70.1,8790,0.0,2,-0.4,0,0,12237.0,38.1656600,-122.4618120,26.2,86.0,0,0,0
479.00,111.7,69.4,8666,0.0,2,0.5,0,0,12237.0,38.1656720,-122.4618430,26.2,86.0,0,0,0
479.10,110.0,68.3,8530,0.0,2,1.4,0,0,12237.0,38.1656840,-122.4618730,26.2,86.0,0,0,0
479.20,108.2,67.2,8413,0.0,2,1.5,0,0,12237.0,38.1656950,-122.4619030,26.2,86.0,0,0,0
479.30,106.8,66.4,8329,0.0,2,1.5,0,0,12237.0,38.1657070,-122.4619320,26.2,86.0,0,0,0
479.40,105.6,65.6,8217,0.0,2,1.6,0,0,12237.0,38.1657180,-122.4619610,26.2,86.0,0,0,0
479.50,104.6,65.0,8095,0.0,2,2.5,0,0,12237.0,38.1657290,-122.4619890,26.2,86.0,0,0,0
479.60,103.0,64.0,7956,0.0,2,3.5,0,0,12237.0,38.1657400,-122.4620170,26.2,86.0,0,0,0
479.70,101.1,62.8,7804,0.0,2,5.1,0,0,12238.0,38.1657510,-122.4620440,26.2,86.0,0,0,0
479.80,99.4,61.7,7704,0.0,2,8.2,0,0,12238.0,38.1657630,-122.4620710,27.6,90.6,0,0,0
479.90,98.1,61.0,7643,0.0,2,11.2,0,0,12238.0,38.1657740,-122.4620970,27.6,90.6,0,0,0
480.00,97.1,60.3,7523,0.0,2,13.6,0,0,12238.0,38.1657850,-122.4621230,27.6,90.6,0,0,0
480.10,95.4,59.3,7411,0.0,2,15.5,0,0,12238.0,38.1657960,-122.4621480,27.6,90.6,0,0,0
480.20,94.3,58.6,7275,0.0,2,17.1,0,0,12238.0,38.1658060,-122.4621730,27.6,90.6,0,0,0
480.30,92.8,57.7,7226,0.0,2,18.3,0,0,12238.0,38.1658170,-122.4621970,27.6,90.6,0,0,0
480.40,91.4,56.8,7119,0.0,2,19.9,0,0,12238.0,38.1658290,-122.4622200,27.6,90.6,0,0,0
480.50,90.4,56.2,7039,0.0,2,21.3,0,0,12238.0,38.1658400,-122.4622430,27.6,90.6,0,0,0
480.60,89.3,55.5,6910,0.0,2,22.0,0,0,12238.0,38.1658510,-122.4622650,27.6,90.6,0,0,0
480.70,88.1,54.8,6795,0.0,2,22.8,0,0,12238.0,38.1658620,-122.4622870,27.6,90.6,0,0,0
480.80,86.4,53.7,6733,0.0,2,24.0,0,0,12238.0,38.1658740,-122.4623070,28.6,93.8,0,0,0
480.90,85.1,52.9,6591,0.0,2,25.2,0,0,12238.0,38.1658860,-122.4623280,28.6,93.8,0,0,0
481.00,83.5,51.9,6529,0.0,2,26.7,0,0,12238.0,38.1658980,-122.4623480,28.6,93.8,0,0,0
481.10,82.9,51.5,6439,0.0,2,27.4,0,0,12238.0,38.1659100,-122.4623680,28.6,93.8,0,0,0
481.20,81.8,50.8,6336,0.0,2,28.0,0,0,12238.0,38.1659220,-122.4623860,28.6,93.8,0,0,0
481.30,80.5,50.0,6209,0.0,2,28.9,0,0,12238.0,38.1659350,-122.4624040,28.6,93.8,0,0,0
481.40,78.9,49.0,6154,0.0,2,30.0,0,0,12238.0,38.1659470,-122.4624210,28.6,93.8,0,0,0
481.50,78.0,48.5,6054,0.0,2,30.9,0,0,12238.0,38.1659600,-122.4624380,28.6,93.8,0,0,0
481.60,77.0,47.9,5984,0.0,2,32.2,0,0,12238.0,38.1659730,-122.4624530,28.6,93.8,0,0,0
481.70,75.9,47.2,5898,0.0,2,33.2,0,0,12238.0,38.1659860,-122.4624680,28.6,93.8,0,0,0
481.80,75.0,46.6,5812,0.0,2,33.7,0,0,12238.0,38.1659990,-122.4624820,28.7,94.2,0,0,0
481.90,74.0,46.0,5759,0.0,2,34.0,0,0,12238.0,38.1660120,-122.4624960,28.7,94.2,0,0,0
482.00,73.2,45.5,5631,0.0,2,34.6,0,0,12238.0,38.1660250,-122.4625090,28.7,94.2,0,0,0
482.10,71.8,44.6,5555,0.0,2,35.4,0,0,12238.0,38.1660390,-122.4625200,28.7,94.2,0,0,0
482.20,70.7,43.9,5510,0.0,2,36.0,0,0,12238.0,38.1660520,-122.4625310,28.7,94.2,0,0,0
482.30,69.9,43.4,5427,0.0,2,36.5,0,0,12238.0,38.1660660,-122.4625410,28.7,94.2,0,0,0
482.40,68.8,42.7,5377,0.0,2,36.9,0,0,12238.0,38.1660800,-122.4625510,28.7,94.2,0,0,0
482.50,68.0,42.2,5297,0.0,2,37.5,0,0,12238.0,38.1660930,-122.4625600,28.7,94.2,0,0,0
482.60,67.4,41.9,5210,0.0,2,37.8,0,0,12238.0,38.1661070,-122.4625680,28.7,94.2,0,0,0
482.70,65.9,40.9,5135,0.0,2,38.3,0,0,12238.0,38.1661210,-122.4625750,28.7,94.2,0,0,0
482.80,65.0,40.4,5040,0.0,2,38.3,0,0,12238.0,38.1661350,-122.4625810,28.8,94.5,0,0,0
482.90,64.3,40.0,4940,0.5,2,38.6,0,0,12238.0,38.1661490,-122.4625860,28.8,94.5,0,0,0
483.00,62.9,39.1,4933,0.0,2,39.1,0,0,12238.0,38.1661620,-122.4625910,28.8,94.5,0,0,0
483.10,62.2,38.7,4856,0.0,2,39.5,0,0,12238.0,38.1661760,-122.4625950,28.8,94.5,0,0,0
483.20,61.7,38.3,4782,1.0,2,40.2,0,0,12238.0,38.1661890,-122.4625970,28.8,94.5,0,0,0
483.30,61.0,37.9,4867,13.5,2,40.8,0,0,12238.0,38.1662030,-122.4625990,28.8,94.5,0,0,0
483.40,61.4,38.2,5179,15.5,2,40.6,0,0,12238.0,38.1662160,-122.4626000,28.8,94.5,0,0,0
483.50,61.7,38.3,4889,22.5,2,40.9,0,0,12238.0,38.1662300,-122.4626000,28.8,94.5,0,0,0
483.60,62.0,38.5,4954,24.5,2,41.6,0,0,12238.0,38.1662430,-122.4625990,28.8,94.5,0,0,0
483.70,62.9,39.1,4927,24.5,2,42.1,0,0,12238.0,38.1662560,-122.4625980,28.8,94.5,0,0,0
483.80,62.9,39.1,5013,27.0,2,42.7,0,0,12238.0,38.1662690,-122.4625950,28.9,94.8,0,0,0
483.90,63.9,39.7,5063,32.0,2,42.6,0,0,12238.0,38.1662820,-122.4625920,28.9,94.8,0,0,0
484.00,64.6,40.2,5132,33.5,2,42.6,0,0,12238.0,38.1662960,-122.4625880,28.9,94.8,0,0,0
484.10,65.0,40.4,5180,36.0,2,42.3,0,0,12238.0,38.1663080,-122.4625820,28.9,94.8,0,0,0
484.20,65.5,40.7,5213,39.0,2,41.5,0,0,12238.0,38.1663210,-122.4625750,28.9,94.8,0,0,0
484.30,66.4,41.3,5243,39.0,2,40.6,0,0,12238.0,38.1663340,-122.4625680,28.9,94.8,0,0,0
484.40,66.5,41.3,5289,39.0,2,39.7,0,0,12238.0,38.1663460,-122.4625590,28.9,94.8,0,0,0
484.50,67.1,41.7,5356,39.0,2,39.1,0,0,12238.0,38.1663590,-122.4625500,28.9,94.8,0,0,0
484.60,68.5,42.6,5413,39.0,2,38.7,0,0,12238.0,38.1663700,-122.4625400,28.9,94.8,0,0,0
484.70,69.0,42.9,5532,39.0,2,38.9,0,0,12238.0,38.1663820,-122.4625290,28.9,94.8,0,0,0
484.80,70.6,43.9,5564,38.5,2,39.3,0,0,12238.0,38.1663940,-122.4625170,29.0,95.1,0,0,0
484.90,71.0,44.1,5609,32.5,2,39.8,0,0,12238.0,38.1664050,-122.4625050,29.0,95.1,0,0,0
485.00,71.3,44.3,5648,31.5,2,40.4,0,0,12238.0,38.1664170,-122.4624920,29.0,95.1,0,0,0
485.10,71.9,44.7,5710,31.5,2,40.8,0,0,12238.0,38.1664270,-122.4624780,29.0,95.1,0,0,0
485.20,73.2,45.5,5750,31.5,2,40.7,0,0,12238.0,38.1664380,-122.4624640,29.0,95.1,0,0,0
485.30,72.9,45.3,5768,31.5,2,40.0,0,0,12238.0,38.1664480,-122.4624480,29.0,95.1,0,0,0
485.40,73.2,45.5,5817,31.5,2,39.4,0,0,12238.0,38.1664570,-122.4624320,29.0,95.1,0,0,0
485.50,74.0,46.0,5867,31.5,2,39.1,0,0,12238.0,38.1664660,-122.4624150,29.0,95.1,0,0,0
485.60,74.7,46.4,5899,31.5,2,39.0,0,0,12238.0,38.1664740,-122.4623980,29.0,95.1,0,0,0
485.70,75.1,46.7,5971,31.5,2,38.9,0,0,12238.0,38.1664820,-122.4623800,29.0,95.1,0,0,0
485.80,76.0,47.2,6028,31.5,2,39.4,0,0,12238.0,38.1664890,-122.4623620,28.9,94.8,0,0,0
485.90,76.7,47.7,6085,31.5,2,40.4,0,0,12238.0,38.1664960,-122.4623430,28.9,94.8,0,0,0
486.00,77.4,48.1,6171,31.5,2,41.3,0,0,12238.0,38.1665020,-122.4623230,28.9,94.8,0,0,0
486.10,78.2,48.6,6150,32.0,2,41.9,0,0,12238.0,38.1665080,-122.4623040,28.9,94.8,0,0,0
486.20,78.4,48.7,6236,32.5,2,42.0,0,0,12238.0,38.1665130,-122.4622840,28.9,94.8,0,0,0
486.30,79.5,49.4,6241,32.5,2,41.4,0,0,12238.0,38.1665170,-122.4622630,28.9,94.8,0,0,0
486.40,79.7,49.5,6364,32.5,2,41.1,0,0,12238.0,38.1665210,-122.4622420,28.9,94.8,0,0,0
486.50,80.7,50.2,6393,33.0,2,41.0,0,0,12238.0,38.1665230,-122.4622200,28.9,94.8,0,0,0
486.60,81.5,50.6,6437,38.5,2,40.8,0,0,12238.0,38.1665250,-122.4621980,28.9,94.8,0,0,0
486.70,81.8,50.8,6556,45.5,2,40.9,0,0,12238.0,38.1665270,-122.4621770,28.9,94.8,0,0,0
486.80,83.6,52.0,6642,49.5,2,40.9,0,0,12238.0,38.1665270,-122.4621540,28.4,93.2,0,0,0
486.90,84.6,52.6,6842,56.5,2,40.9,0,0,12238.0,38.1665270,-122.4621320,28.4,93.2,0,0,0
487.00,86.6,53.8,6892,59.5,2,40.2,0,0,12238.0,38.1665260,-122.4621090,28.4,93.2,0,0,0
487.10,87.9,54.6,6938,60.5,2,39.5,0,0,12238.0,38.1665250,-122.4620860,28.4,93.2,0,0,0
487.20,87.6,54.4,7064,61.0,2,38.6,0,0,12238.0,38.1665220,-122.4620620,28.4,93.2,0,0,0
487.30,90.2,56.1,7314,60.5,2,38.5,0,0,12238.0,38.1665190,-122.4620390,28.4,93.2,0,0,0
487.40,93.2,57.9,7437,60.5,2,38.9,0,0,12238.0,38.1665150,-122.4620150,28.4,93.2,0,0,0
487.50,94.8,58.9,7538,62.5,2,38.8,0,0,12238.0,38.1665100,-122.4619900,28.4,93.2,0,0,0
487.60,95.6,59.4,7613,64.5,2,38.5,0,0,12238.0,38.1665050,-122.4619660,28.4,93.2,0,0,0
487.70,97.0,60.3,7846,68.0,2,37.9,0,0,12238.0,38.1664980,-122.4619420,28.4,93.2,0,0,0
487.80,99.7,61.9,7948,68.5,2,37.1,0,0,12238.0,38.1664910,-122.4619170,28.1,92.2,0,0,0
487.90,100.7,62.6,8130,70.5,2,36.3,0,0,12238.0,38.1664830,-122.4618920,28.1,92.2,0,0,0
488.00,103.7,64.4,8290,71.5,2,35.1,0,0,12238.0,38.1664750,-122.4618670,28.1,92.2,0,0,0
488.10,105.0,65.2,8473,74.0,2,33.7,0,0,12238.0,38.1664660,-122.4618410,28.1,92.2,0,0,0
488.20,107.2,66.6,8607,75.5,2,32.3,0,0,12238.0,38.1664560,-122.4618160,28.1,92.2,0,0,0
488.30,109.3,67.9,8752,76.0,2,30.8,0,0,12238.0,38.1664450,-122.4617900,28.1,92.2,0,0,0
488.40,110.8,68.8,8924,77.0,2,29.2,0,0,12238.0,38.1664330,-122.4617640,28.1,92.2,0,0,0
488.50,113.3,70.4,9064,77.0,2,27.8,0,0,12238.0,38.1664210,-122.4617370,28.1,92.2,0,0,0
488.60,115.0,71.4,9183,77.0,2,26.2,0,0,12238.0,38.1664080,-122.4617100,28.1,92.2,0,0,0
488.70,116.6,72.4,9320,77.0,2,24.4,0,0,12238.0,38.1663940,-122.4616830,28.1,92.2,0,0,0
488.80,118.2,73.4,9378,77.5,2,22.2,0,0,12238.0,38.1663800,-122.4616560,27.4,89.9,0,0,0
488.90,119.2,74.1,9530,77.5,2,20.1,0,0,12238.0,38.1663660,-122.4616280,27.4,89.9,0,0,0
489.00,121.4,75.4,9591,78.0,2,17.9,0,0,12238.0,38.1663500,-122.4616000,27.4,89.9,0,0,0
489.10,122.1,75.8,9722,78.5,2,15.8,0,0,12238.0,38.1663340,-122.4615720,27.4,89.9,0,0,0
489.20,124.1,77.1,9901,78.0,2,13.5,0,0,12238.0,38.1663180,-122.4615440,27.4,89.9,0,0,0
489.30,125.7,78.1,8527,78.0,2,11.0,0,0,12238.0,38.1663000,-122.4615150,27.4,89.9,0,0,0
489.40,131.7,81.8,8083,78.0,3,8.1,0,0,12238.0,38.1662830,-122.4614860,27.4,89.9,0,0,0
489.50,127.8,79.4,8106,78.0,3,5.1,0,0,12238.0,38.1662650,-122.4614570,27.4,89.9,0,0,0
489.60,128.4,79.8,8220,78.0,3,2.4,0,0,12238.0,38.1662480,-122.4614280,27.4,89.9,0,0,0
489.70,130.3,80.9,8318,78.0,3,-0.6,0,0,12238.0,38.1662300,-122.4613980,27.4,89.9,0,0,0
489.80,132.2,82.1,8451,78.0,3,-4.3,0,0,12238.0,38.1662110,-122.4613680,26.3,86.3,0,0,0
489.90,134.5,83.6,8607,78.0,3,-7.9,0,0,12238.0,38.1661930,-122.4613380,26.3,86.3,0,0,0
490.00,136.1,84.6,8716,78.0,3,-10.9,0,0,12238.0,38.1661740,-122.4613070,26.3,86.3,0,0,0
490.10,138.1,85.8,8887,78.5,3,-13.6,0,0,12238.0,38.1661550,-122.4612760,26.3,86.3,0,0,0
490.20,141.0,87.6,9031,78.5,3,-16.0,0,0,12238.0,38.1661350,-122.4612440,26.3,86.3,0,0,0
490.30,143.7,89.3,9155,78.5,3,-18.2,0,0,12238.0,38.1661160,-122.4612120,26.3,86.3,0,0,0
490.40,145.1,90.2,9263,79.5,3,-19.3,0,0,12238.0,38.1660960,-122.4611790,26.3,86.3,0,0,0
490.50,147.1,91.4,9405,79.5,3,-19.5,0,0,12238.0,38.1660760,-122.4611460,26.3,86.3,0,0,0
490.60,149.4,92.8,9500,79.5,3,-20.1,0,0,12238.0,38.1660560,-122.4611110,26.3,86.3,0,0,0
490.70,151.3,94.0,9625,79.5,3,-20.6,0,0,12238.0,38.1660360,-122.4610770,26.3,86.3,0,0,0
490.80,153.4,95.3,9340,79.5,3,-21.3,0,0,12238.0,38.1660160,-122.4610420,25.2,82.7,0,0,0
490.90,150.6,93.6,7903,78.0,3,-21.2,0,0,12238.0,38.1659960,-122.4610060,25.2,82.7,0,0,0
491.00,152.0,94.4,8144,76.5,4,-22.0,0,0,12238.0,38.1659760,-122.4609700,25.2,82.7,0,0,0
491.10,156.0,96.9,8244,76.0,4,-23.5,0,0,12238.0,38.1659560,-122.4609330,25.2,82.7,0,0,0
491.20,157.4,97.8,8334,75.0,4,-24.3,0,0,12238.0,38.1659360,-122.4608960,25.2,82.7,0,0,0
491.30,159.1,98.8,8336,66.0,4,-25.5,0,0,12238.0,38.1659160,-122.4608590,25.2,82.7,0,0,0
491.40,160.0,99.4,8331,53.5,4,-26.8,0,0,12238.0,38.1658970,-122.4608210,25.2,82.7,0,0,0
491.50,159.0,98.8,8327,50.5,4,-26.8,0,0,12238.0,38.1658770,-122.4607830,25.2,82.7,0,0,0
491.60,159.3,99.0,8343,47.5,4,-25.8,0,0,12238.0,38.1658580,-122.4607440,25.2,82.7,0,0,0
491.70,158.7,98.6,8334,44.5,4,-24.9,0,0,12238.0,38.1658390,-122.4607050,25.2,82.7,0,0,0
491.80,158.6,98.5,8269,39.0,4,-23.5,0,0,12238.0,38.1658200,-122.4606660,23.4,76.8,0,0,0
491.90,157.6,97.9,8222,34.5,4,-20.7,0,0,12238.0,38.1658010,-122.4606260,23.4,76.8,0,0,0
492.00,156.3,97.1,8163,33.5,4,-16.4,0,0,12238.0,38.1657830,-122.4605870,23.4,76.8,0,0,0
492.10,155.9,96.9,8117,26.0,4,-11.4,0,0,12238.0,38.1657650,-122.4605470,23.4,76.8,0,0,0
492.20,155.1,96.4,8121,25.5,4,-6.1,0,0,12238.0,38.1657470,-122.4605060,23.4,76.8,0,0,0
492.30,154.7,96.2,8082,23.5,4,-3.6,0,0,12238.0,38.1657290,-122.4604660,23.4,76.8,0,0,0
492.40,154.5,96.0,8011,11.0,4,1.2,0,0,12238.0,38.1657110,-122.4604260,23.4,76.8,0,0,0
492.50,154.6,96.1,7939,0.0,4,7.4,0,0,12238.0,38.1656930,-122.4603860,23.4,76.8,0,0,0
492.60,151.5,94.2,8015,0.0,4,12.7,0,0,12238.0,38.1656760,-122.4603460,23.4,76.8,0,0,0
492.70,153.3,95.3,8071,0.0,4,16.9,0,0,12238.0,38.1656580,-122.4603060,23.4,76.8,0,0,0
492.80,154.0,95.7,8073,0.0,4,20.1,0,0,12238.0,38.1656400,-122.4602670,21.8,71.5,0,0,0
492.90,154.0,95.7,8043,0.0,4,22.2,0,0,12238.0,38.1656220,-122.4602280,21.8,71.5,0,0,0
493.00,153.6,95.4,8024,0.0,4,23.5,0,0,12238.0,38.1656040,-122.4601900,21.8,71.5,0,0,0
493.10,153.3,95.3,7983,0.0,4,24.6,0,0,12238.0,38.1655850,-122.4601510,21.8,71.5,0,0,0
493.20,152.8,95.0,7964,0.0,4,25.5,0,0,12238.0,38.1655670,-122.4601140,21.8,71.5,0,0,0
493.30,152.3,94.6,7960,0.0,4,26.4,0,0,12238.0,38.1655470,-122.4600770,21.8,71.5,0,0,0
493.40,151.9,94.4,7878,0.0,4,26.6,0,0,12238.0,38.1655280,-122.4600400,21.8,71.5,0,0,0
493.50,150.6,93.6,7891,0.0,4,26.5,0,0,12238.0,38.1655080,-122.4600040,21.8,71.5,0,0,0
493.60,150.1,93.3,7778,0.0,4,25.9,0,0,12238.0,38.1654880,-122.4599690,21.8,71.5,0,0,0
493.70,148.6,92.3,7708,0.0,4,24.0,0,0,12238.0,38.1654680,-122.4599340,21.8,71.5,0,0,0
493.80,147.1,91.4,7634,0.0,4,21.8,0,0,12238.0,38.1654480,-122.4598990,20.0,65.6,0,0,0
493.90,146.0,90.7,7576,0.0,4,19.6,0,0,12238.0,38.1654270,-122.4598660,20.0,65.6,0,0,0
494.00,144.4,89.8,7482,0.0,4,16.0,0,0,12238.0,38.1654060,-122.4598320,20.0,65.6,0,0,0
494.10,142.6,88.6,7377,0.0,4,11.6,0,0,12238.0,38.1653850,-122.4597990,20.0,65.6,0,0,0
494.20,141.0,87.6,7314,0.0,4,8.5,0,0,12238.0,38.1653630,-122.4597670,20.0,65.6,0,0,0
494.30,139.8,86.9,7250,0.0,4,3.8,0,0,12238.0,38.1653420,-122.4597350,20.0,65.6,0,0,0
494.40,138.4,86.0,7209,0.0,4,-1.5,0,0,12238.0,38.1653210,-122.4597030,20.0,65.6,0,0,0
494.50,137.6,85.5,7195,0.0,4,-7.9,0,0,12238.0,38.1652990,-122.4596720,20.0,65.6,0,0,0
494.60,137.6,85.5,7212,0.0,4,-13.5,0,0,12238.0,38.1652780,-122.4596400,20.0,65.6,0,0,0
494.70,137.4,85.4,7205,0.0,4,-17.9,0,0,12238.0,38.1652580,-122.4596090,20.0,65.6,0,0,0
494.80,137.4,85.3,7179,0.0,4,-21.2,0,0,12238.0,38.1652370,-122.4595770,18.9,62.0,0,0,0
494.90,137.3,85.3,7167,0.0,4,-24.4,0,0,12238.0,38.1652180,-122.4595450,18.9,62.0,0,0,0
495.00,137.4,85.4,7187,0.0,4,-27.0,0,0,12238.0,38.1651980,-122.4595130,18.9,62.0,0,0,0
495.10,137.6,85.5,7262,2.0,4,-30.0,0,0,12238.0,38.1651790,-122.4594810,18.9,62.0,0,0,0
495.20,137.4,85.3,7208,4.0,4,-32.4,0,0,12238.0,38.1651610,-122.4594490,18.9,62.0,0,0,0
495.30,137.5,85.4,7269,12.0,4,-34.0,0,0,12238.0,38.1651430,-122.4594160,18.9,62.0,0,0,0
495.40,138.2,85.9,7332,10.5,4,-35.3,0,0,12238.0,38.1651260,-122.4593840,18.9,62.0,0,0,0
495.50,138.7,86.2,7386,18.0,4,-36.5,0,0,12238.0,38.1651090,-122.4593510,18.9,62.0,0,0,0
495.60,138.4,86.0,7269,25.0,4,-37.1,0,0,12238.0,38.1650920,-122.4593170,18.9,62.0,0,0,0
495.70,138.7,86.2,7317,28.0,4,-37.1,0,0,12238.0,38.1650770,-122.4592840,18.9,62.0,0,0,0
495.80,139.5,86.7,7301,24.5,4,-37.5,0,0,12238.0,38.1650610,-122.4592490,17.6,57.7,0,0,0
495.90,138.5,86.0,7307,29.0,4,-37.6,0,0,12238.0,38.1650460,-122.4592150,17.6,57.7,0,0,0
496.00,139.6,86.7,7278,30.5,4,-37.7,0,0,12238.0,38.1650320,-122.4591800,17.6,57.7,0,0,0
496.10,139.1,86.4,7238,33.0,4,-37.7,0,0,12238.0,38.1650190,-122.4591450,17.6,57.7,0,0,0
496.20,138.7,86.2,7317,37.0,4,-38.1,0,0,12238.0,38.1650070,-122.4591090,17.6,57.7,0,0,0
496.30,139.6,86.7,7337,40.0,4,-38.0,0,0,12238.0,38.1649950,-122.4590740,17.6,57.7,0,0,0
496.40,139.3,86.6,7250,41.5,4,-38.1,0,0,12238.0,38.1649830,-122.4590380,17.6,57.7,0,0,0
496.50,138.9,86.3,7310,44.5,4,-38.2,0,0,12238.0,38.1649720,-122.4590010,17.6,57.7,0,0,0
496.60,140.8,87.5,7398,42.5,4,-38.1,0,0,12238.0,38.1649630,-122.4589640,17.6,57.7,0,0,0
496.70,141.0,87.6,7363,44.5,4,-37.5,0,0,12238.0,38.1649530,-122.4589270,17.6,57.7,0,0,0
496.80,140.6,87.3,7370,50.5,4,-36.3,0,0,12238.0,38.1649440,-122.4588900,16.2,53.1,0,0,0
496.90,140.4,87.3,7384,52.0,4,-35.0,0,0,12238.0,38.1649370,-122.4588520,16.2,53.1,0,0,0
497.00,140.3,87.2,7319,51.0,4,-33.6,0,0,12238.0,38.1649310,-122.4588150,16.2,53.1,0,0,0
497.10,140.1,87.1,7399,56.5,4,-31.7,0,0,12238.0,38.1649240,-122.4587760,16.2,53.1,0,0,0
497.20,140.6,87.3,7302,57.0,4,-29.0,0,0,12238.0,38.1649180,-122.4587380,16.2,53.1,0,0,0
497.30,139.4,86.6,7228,51.5,4,-25.8,0,0,12238.0,38.1649120,-122.4586990,16.2,53.1,0,0,0
497.40,138.5,86.0,7224,51.0,4,-21.3,0,0,12238.0,38.1649070,-122.4586590,16.2,53.1,0,0,0
497.50,138.2,85.9,7217,50.5,4,-16.4,0,0,12238.0,38.1649020,-122.4586200,16.2,53.1,0,0,0
497.60,137.6,85.5,7172,48.0,4,-12.0,0,0,12238.0,38.1648990,-122.4585800,16.2,53.1,0,0,0
497.70,137.2,85.2,7170,44.0,4,-7.4,0,0,12238.0,38.1648950,-122.4585400,16.2,53.1,0,0,0
497.80,137.1,85.2,7228,41.5,4,0.2,0,0,12238.0,38.1648900,-122.4585000,15.1,49.5,0,0,0
497.90,138.1,85.8,7292,39.5,4,9.3,0,0,12238.0,38.1648860,-122.4584590,15.1,49.5,0,0,0
498.00,139.6,86.7,7384,38.5,4,17.6,0,0,12238.0,38.1648820,-122.4584190,15.1,49.5,0,0,0
498.10,141.0,87.6,7482,38.5,4,24.2,0,0,12238.0,38.1648770,-122.4583780,15.1,49.5,0,0,0
498.20,143.3,89.0,7615,47.5,4,28.3,0,0,12238.0,38.1648720,-122.4583380,15.1,49.5,0,0,0
498.30,144.9,90.0,7699,50.5,4,31.0,0,0,12238.0,38.1648670,-122.4582980,15.1,49.5,0,0,0
498.40,146.9,91.3,7746,50.5,4,32.7,0,0,12238.0,38.1648610,-122.4582570,15.1,49.5,0,0,0
498.50,148.0,92.0,7793,49.0,4,34.4,0,0,12238.0,38.1648550,-122.4582170,15.1,49.5,0,0,0
498.60,148.8,92.5,7813,49.0,4,35.8,0,0,12238.0,38.1648480,-122.4581770,15.1,49.5,0,0,0
498.70,149.5,92.9,7910,49.0,4,37.1,0,0,12238.0,38.1648400,-122.4581370,15.1,49.5,0,0,0
498.80,150.4,93.5,7906,49.0,4,37.8,0,0,12238.0,38.1648310,-122.4580970,13.5,44.3,0,0,0
498.90,150.3,93.4,7950,60.0,4,38.1,0,0,12238.0,38.1648220,-122.4580570,13.5,44.3,0,0,0
499.00,152.2,94.6,7977,64.0,4,38.2,0,0,12238.0,38.1648120,-122.4580180,13.5,44.3,0,0,0
499.10,153.1,95.1,8030,67.0,4,38.0,0,0,12238.0,38.1648020,-122.4579790,13.5,44.3,0,0,0
499.20,152.8,95.0,8104,72.5,4,37.6,0,0,12238.0,38.1647900,-122.4579400,13.5,44.3,0,0,0
499.30,155.3,96.5,8206,76.0,4,37.6,0,0,12238.0,38.1647780,-122.4579010,13.5,44.3,0,0,0
499.40,156.2,97.1,8197,79.0,4,37.5,0,0,12238.0,38.1647650,-122.4578620,13.5,44.3,0,0,0
499.50,156.8,97.4,8272,85.5,4,37.1,0,0,12238.0,38.1647520,-122.4578240,13.5,44.3,0,0,0
499.60,158.1,98.2,8350,86.5,4,36.6,0,0,12238.0,38.1647380,-122.4577850,13.5,44.3,0,0,0
499.70,159.2,98.9,8418,86.5,4,36.3,0,0,12238.0,38.1647230,-122.4577470,13.5,44.3,0,0,0
499.80,160.7,99.9,8497,87.0,4,36.0,0,0,12238.0,38.1647070,-122.4577080,12.8,42.0,0,0,0
499.90,162.6,101.0,8550,89.0,4,35.8,0,0,12238.0,38.1646910,-122.4576700,12.8,42.0,0,0,0
500.00,163.5,101.6,8589,89.5,4,34.9,0,0,12238.0,38.1646740,-122.4576310,12.8,42.0,0,0,0
500.10,163.3,101.5,8589,90.0,4,33.2,0,0,12238.0,38.1646560,-122.4575930,12.8,42.0,0,0,0
500.20,163.8,101.8,8666,90.0,4,31.6,0,0,12238.0,38.1646380,-122.4575550,12.8,42.0,0,0,0
500.30,164.9,102.5,8681,90.0,4,30.3,0,0,12238.0,38.1646190,-122.4575170,12.8,42.0,0,0,0
500.40,164.5,102.2,8674,90.0,4,28.7,0,0,12238.0,38.1645990,-122.4574790,12.8,42.0,0,0,0
500.50,166.0,103.1,8651,90.0,4,26.2,0,0,12238.0,38.1645790,-122.4574400,12.8,42.0,0,0,0
500.60,165.2,102.6,8679,90.0,4,23.3,0,0,12238.0,38.1645590,-122.4574020,12.8,42.0,0,0,0
500.70,165.7,103.0,8622,89.5,4,20.5,0,0,12238.0,38.1645380,-122.4573640,12.8,42.0,0,0,0
500.80,165.4,102.8,8729,89.0,4,18.2,0,0,12238.0,38.1645160,-122.4573250,12.6,41.3,0,0,0
500.90,166.8,103.6,8791,87.5,4,16.3,0,0,12238.0,38.1644940,-122.4572870,12.6,41.3,0,0,0
501.00,167.0,103.7,8777,86.5,4,14.0,0,0,12238.0,38.1644720,-122.4572490,12.6,41.3,0,0,0
501.10,166.9,103.7,8767,82.5,4,12.4,0,0,12238.0,38.1644500,-122.4572100,12.6,41.3,0,0,0
501.20,167.2,103.9,8777,76.0,4,11.6,0,0,12238.0,38.1644270,-122.4571710,12.6,41.3,0,0,0
501.30,168.0,104.4,8858,76.0,4,10.9,0,0,12238.0,38.1644040,-122.4571320,12.6,41.3,0,0,0
501.40,168.9,105.0,8873,76.0,4,9.8,0,0,12238.0,38.1643800,-122.4570920,12.6,41.3,0,0,0
501.50,169.4,105.2,8871,69.0,4,8.3,0,0,12238.0,38.1643560,-122.4570530,12.6,41.3,0,0,0
501.60,170.1,105.7,8482,17.0,4,7.5,0,0,12238.0,38.1643320,-122.4570140,12.6,41.3,0,0,0
501.70,167.5,104.1,8571,0.0,4,6.4,0,0,12238.0,38.1643080,-122.4569740,12.6,41.3,0,0,0
501.80,164.1,102.0,8586,0.0,4,5.7,0,0,12238.0,38.1642830,-122.4569350,11.1,36.4,0,0,0
501.90,163.8,101.8,8535,0.0,4,4.6,0,0,12238.0,38.1642590,-122.4568960,11.1,36.4,0,0,0
502.00,162.8,101.2,8530,0.0,4,4.4,0,0,12238.0,38.1642350,-122.4568570,11.1,36.4,0,0,0
502.10,162.7,101.1,8562,0.0,4,3.8,0,0,12238.0,38.1642110,-122.4568180,11.1,36.4,0,0,0
502.20,163.2,101.4,8528,0.0,4,3.4,0,0,12238.0,38.1641870,-122.4567800,11.1,36.4,0,0,0
502.30,162.8,101.2,8460,0.0,4,3.1,0,0,12238.0,38.1641630,-122.4567420,11.1,36.4,0,0,0
502.40,161.6,100.4,8425,0.0,4,2.0,0,0,12238.0,38.1641390,-122.4567040,11.1,36.4,0,0,0
502.50,160.8,99.9,8369,0.0,4,1.6,0,0,12238.0,38.1641150,-122.4566660,11.1,36.4,0,0,0
502.60,159.9,99.4,8315,0.0,4,1.8,0,0,12238.0,38.1640920,-122.4566290,11.1,36.4,0,0,0
502.70,158.4,98.4,8244,0.0,4,1.0,0,0,12238.0,38.1640680,-122.4565910,11.1,36.4,0,0,0
502.80,157.0,97.5,8134,0.0,4,0.2,0,0,12238.0,38.1640440,-122.4565540,8.3,27.2,0,0,0
502.90,155.1,96.4,8026,0.0,4,0.2,0,0,12238.0,38.1640210,-122.4565180,8.3,27.2,0,0,0
503.00,153.1,95.1,7947,0.0,4,-0.3,0,0,12238.0,38.1639980,-122.4564820,8.3,27.2,0,0,0
503.10,151.9,94.4,7930,0.0,4,-0.2,0,0,12238.0,38.1639750,-122.4564460,8.3,27.2,0,0,0
503.20,151.5,94.2,7885,0.0,4,0.1,0,0,12238.0,38.1639520,-122.4564110,8.3,27.2,0,0,0
503.30,150.2,93.3,8598,0.0,4,0.3,0,0,12238.0,38.1639300,-122.4563750,8.3,27.2,0,0,0
503.40,144.6,89.9,9323,0.0,3,0.7,0,0,12238.0,38.1639070,-122.4563410,8.3,27.2,0,0,0
503.50,147.0,91.3,8991,0.0,3,1.2,0,0,12238.0,38.1638850,-122.4563060,8.3,27.2,0,0,0
503.60,144.1,89.5,8961,0.0,3,1.1,0,0,12238.0,38.1638630,-122.4562720,8.3,27.2,0,0,0
503.70,142.1,88.3,8863,0.0,3,1.2,0,0,12238.0,38.1638420,-122.4562380,8.3,27.2,0,0,0
503.80,140.8,87.5,8775,0.0,3,1.3,0,0,12238.0,38.1638200,-122.4562050,6.6,21.7,0,0,0
503.90,139.4,86.6,8636,0.0,3,1.4,0,0,12238.0,38.1637990,-122.4561720,6.6,21.7,0,0,0
504.00,137.4,85.3,8508,0.0,3,1.2,0,0,12238.0,38.1637780,-122.4561400,6.6,21.7,0,0,0
504.10,135.3,84.1,8436,0.0,3,1.0,0,0,12238.0,38.1637570,-122.4561080,6.6,21.7,0,0,0
504.20,133.9,83.2,8296,0.0,3,0.9,0,0,12238.0,38.1637360,-122.4560760,6.6,21.7,0,0,0
504.30,131.7,81.8,8159,0.0,3,0.7,0,0,12238.0,38.1637160,-122.4560450,6.6,21.7,0,0,0
504.40,129.8,80.7,8082,0.0,3,0.3,0,0,12238.0,38.1636960,-122.4560140,6.6,21.7,0,0,0
504.50,128.3,79.7,7962,0.0,3,-0.2,0,0,12238.0,38.1636760,-122.4559840,6.6,21.7,0,0,0
504.60,126.3,78.5,7786,0.0,3,-0.3,0,0,12238.0,38.1636570,-122.4559540,6.6,21.7,0,0,0
504.70,123.8,76.9,7786,0.0,3,-0.4,0,0,12238.0,38.1636370,-122.4559240,6.6,21.7,0,0,0
504.80,123.0,76.4,8932,0.0,2,-0.5,0,0,12238.0,38.1636180,-122.4558950,5.6,18.4,0,0,0
504.90,113.5,70.5,9352,0.0,2,-0.4,0,0,12238.0,38.1636000,-122.4558670,5.6,18.4,0,0,0
505.00,119.2,74.1,9231,0.0,2,-0.2,0,0,12238.0,38.1635810,-122.4558390,5.6,18.4,0,0,0
505.10,117.2,72.8,9055,0.0,2,-0.0,0,0,12238.0,38.1635630,-122.4558110,5.6,18.4,0,0,0
505.20,115.0,71.4,8873,0.0,2,0.3,0,0,12238.0,38.1635460,-122.4557840,5.6,18.4,0,0,0
505.30,112.9,70.2,8714,0.0,2,0.3,0,0,12238.0,38.1635280,-122.4557570,5.6,18.4,0,0,0
505.40,110.6,68.7,8584,0.0,2,0.4,0,0,12238.0,38.1635110,-122.4557310,5.6,18.4,0,0,0
505.50,109.3,67.9,8499,0.0,2,0.4,0,0,12238.0,38.1634940,-122.4557050,5.6,18.4,0,0,0
505.60,108.0,67.1,8383,0.0,2,0.7,0,0,12238.0,38.1634770,-122.4556800,5.6,18.4,0,0,0
505.70,106.6,66.2,8262,0.0,2,0.8,0,0,12238.0,38.1634610,-122.4556550,5.6,18.4,0,0,0
505.80,104.7,65.1,8130,0.0,2,1.2,0,0,12238.0,38.1634450,-122.4556300,4.7,15.4,0,0,0
505.90,103.0,64.0,7975,0.0,2,1.6,0,0,12238.0,38.1634290,-122.4556060,4.7,15.4,0,0,0
506.00,101.3,63.0,7858,0.0,2,2.4,0,0,12238.0,38.1634130,-122.4555820,4.7,15.4,0,0,0
506.10,99.3,61.7,7696,0.0,2,3.4,0,0,12238.0,38.1633970,-122.4555590,4.7,15.4,0,0,0
506.20,97.8,60.8,7587,0.0,2,3.8,0,0,12238.0,38.1633820,-122.4555360,4.7,15.4,0,0,0
506.30,96.3,59.8,7478,0.0,2,4.6,0,0,12238.0,38.1633670,-122.4555130,4.7,15.4,0,0,0
506.40,95.2,59.1,7395,0.0,2,5.7,0,0,12238.0,38.1633520,-122.4554910,4.7,15.4,0,0,0
506.50,93.9,58.4,7260,0.0,2,6.3,0,0,12238.0,38.1633370,-122.4554690,4.7,15.4,0,0,0
506.60,92.1,57.3,7169,0.0,2,7.3,0,0,12238.0,38.1633230,-122.4554480,4.7,15.4,0,0,0
506.70,90.8,56.4,7049,0.0,2,8.6,0,0,12238.0,38.1633090,-122.4554270,4.7,15.4,0,0,0
506.80,89.6,55.7,7013,0.0,2,10.2,0,0,12238.0,38.1632940,-122.4554070,4.2,13.8,0,0,0
506.90,88.9,55.2,6894,0.0,2,11.9,0,0,12238.0,38.1632800,-122.4553870,4.2,13.8,0,0,0
507.00,87.3,54.2,6786,0.0,2,13.6,0,0,12238.0,38.1632660,-122.4553670,4.2,13.8,0,0,0
507.10,86.2,53.5,6666,0.0,2,15.6,0,0,12238.0,38.1632520,-122.4553480,4.2,13.8,0,0,0
507.20,84.7,52.6,6541,0.0,2,17.6,0,0,12238.0,38.1632380,-122.4553290,4.2,13.8,0,0,0
507.30,83.0,51.5,6421,0.0,2,19.8,0,0,12238.0,38.1632240,-122.4553120,4.2,13.8,0,0,0
507.40,81.6,50.7,6319,0.0,2,21.7,0,0,12238.0,38.1632100,-122.4552940,4.2,13.8,0,0,0
507.50,80.3,49.9,6219,0.0,2,23.5,0,0,12238.0,38.1631960,-122.4552770,4.2,13.8,0,0,0
507.60,79.1,49.2,6102,0.0,2,25.2,0,0,12238.0,38.1631820,-122.4552610,4.2,13.8,0,0,0
507.70,77.7,48.3,6015,0.0,2,26.4,0,0,12238.0,38.1631680,-122.4552460,4.2,13.8,0,0,0
507.80,76.5,47.5,5908,0.0,2,27.3,0,0,12238.0,38.1631540,-122.4552310,4.4,14.4,0,0,0
507.90,75.2,46.7,5804,0.0,2,27.9,0,0,12238.0,38.1631400,-122.4552170,4.4,14.4,0,0,0
508.00,73.7,45.8,5698,0.0,2,28.3,0,0,12238.0,38.1631270,-122.4552050,4.4,14.4,0,0,0
508.10,72.5,45.0,5612,0.0,2,28.7,0,0,12238.0,38.1631130,-122.4551930,4.4,14.4,0,0,0
508.20,71.4,44.4,5550,0.0,2,29.0,0,0,12238.0,38.1630990,-122.4551810,4.4,14.4,0,0,0
508.30,70.5,43.8,5448,0.0,2,29.2,0,0,12238.0,38.1630850,-122.4551700,4.4,14.4,0,0,0
508.40,69.3,43.1,5384,0.0,2,29.5,0,0,12238.0,38.1630710,-122.4551590,4.4,14.4,0,0,0
508.50,68.5,42.6,5295,0.0,2,30.4,0,0,12238.0,38.1630570,-122.4551500,4.4,14.4,0,0,0
508.60,67.1,41.7,5206,0.0,2,31.6,0,0,12238.0,38.1630430,-122.4551410,4.4,14.4,0,0,0
508.70,66.3,41.2,5163,0.0,2,33.3,0,0,12238.0,38.1630290,-122.4551330,4.4,14.4,0,0,0
508.80,65.3,40.6,5083,0.0,2,34.1,0,0,12238.0,38.1630160,-122.4551250,4.1,13.5,0,0,0
508.90,64.4,40.0,5019,0.0,2,34.6,0,0,12238.0,38.1630020,-122.4551180,4.1,13.5,0,0,0
509.00,63.1,39.2,4922,0.0,2,35.2,0,0,12238.0,38.1629890,-122.4551120,4.1,13.5,0,0,0
509.10,62.8,39.0,4870,0.0,2,35.4,0,0,12238.0,38.1629750,-122.4551070,4.1,13.5,0,0,0
509.20,61.8,38.4,4877,0.0,2,35.4,0,0,12238.0,38.1629620,-122.4551020,4.1,13.5,0,0,0
509.30,61.5,38.2,4793,0.0,2,35.1,0,0,12238.0,38.1629480,-122.4550980,4.1,13.5,0,0,0
509.40,60.4,37.5,4711,0.0,2,35.0,0,0,12238.0,38.1629340,-122.4550960,4.1,13.5,0,0,0
509.50,60.2,37.4,4638,0.0,2,34.2,0,0,12238.0,38.1629210,-122.4550940,4.1,13.5,0,0,0
509.60,58.7,36.5,4604,0.0,2,32.5,0,0,12238.0,38.1629080,-122.4550920,4.1,13.5,0,0,0
509.70,57.9,36.0,4465,0.0,2,29.7,0,0,12238.0,38.1628940,-122.4550910,4.1,13.5,0,0,0
509.80,56.3,35.0,4386,0.0,2,26.4,0,0,12238.0,38.1628810,-122.4550910,3.9,12.8,0,0,0
509.90,55.4,34.4,4255,0.0,2,22.8,0,0,12238.0,38.1628680,-122.4550920,3.9,12.8,0,0,0
510.00,53.9,33.5,4167,0.0,2,18.0,0,0,12238.0,38.1628540,-122.4550940,3.9,12.8,0,0,0
510.10,53.0,32.9,4078,0.0,2,11.6,0,0,12238.0,38.1628420,-122.4550960,3.9,12.8,0,0,0
510.20,51.7,32.1,4032,0.0,2,3.9,0,0,12238.0,38.1628290,-122.4550980,3.9,12.8,0,0,0
510.30,51.4,31.9,4012,4.5,2,-4.2,0,0,12238.0,38.1628180,-122.4551010,3.9,12.8,0,0,0
510.40,51.0,31.7,4272,13.5,2,-12.3,0,0,12238.0,38.1628060,-122.4551030,3.9,12.8,0,0,0
510.50,51.9,32.3,4168,13.5,2,-18.7,0,0,12238.0,38.1627940,-122.4551050,3.9,12.8,0,0,0
510.60,52.8,32.8,4441,30.0,2,-23.9,0,0,12238.0,38.1627820,-122.4551070,3.9,12.8,0,0,0
510.70,55.7,34.6,4429,28.5,2,-27.9,0,0,12238.0,38.1627700,-122.4551090,3.9,12.8,0,0,0
510.80,55.7,34.6,4457,26.5,2,-31.1,0,0,12238.0,38.1627580,-122.4551090,4.0,13.1,0,0,0
510.90,57.0,35.4,4593,35.5,2,-33.1,0,0,12238.0,38.1627460,-122.4551090,4.0,13.1,0,0,0
511.00,59.2,36.8,4640,32.5,2,-34.6,0,0,12238.0,38.1627330,-122.4551080,4.0,13.1,0,0,0
511.10,59.5,37.0,4705,32.5,2,-36.0,0,0,12238.0,38.1627210,-122.4551070,4.0,13.1,0,0,0
511.20,60.2,37.4,4783,31.5,2,-37.2,0,0,12238.0,38.1627080,-122.4551040,4.0,13.1,0,0,0
511.30,60.6,37.7,4871,35.0,2,-37.7,0,0,12238.0,38.1626950,-122.4551000,4.0,13.1,0,0,0
511.40,62.1,38.6,4912,35.0,2,-37.8,0,0,12238.0,38.1626830,-122.4550960,4.0,13.1,0,0,0
511.50,63.0,39.1,4973,37.0,2,-37.8,0,0,12238.0,38.1626710,-122.4550910,4.0,13.1,0,0,0
511.60,63.7,39.6,5078,43.5,2,-37.8,0,0,12238.0,38.1626580,-122.4550840,4.0,13.1,0,0,0
511.70,65.1,40.5,5206,43.5,2,-38.0,0,0,12238.0,38.1626460,-122.4550770,4.0,13.1,0,0,0
511.80,66.0,41.0,5298,43.5,2,-37.8,0,0,12238.0,38.1626340,-122.4550690,3.9,12.8,0,0,0
511.90,67.5,42.0,5361,49.0,2,-37.7,0,0,12238.0,38.1626220,-122.4550600,3.9,12.8,0,0,0
512.00,68.2,42.4,5503,51.0,2,-37.2,0,0,12238.0,38.1626100,-122.4550500,3.9,12.8,0,0,0
512.10,70.7,43.9,5672,54.0,2,-37.2,0,0,12238.0,38.1625990,-122.4550390,3.9,12.8,0,0,0
512.20,71.9,44.7,5811,56.5,2,-37.0,0,0,12238.0,38.1625870,-122.4550260,3.9,12.8,0,0,0
512.30,74.0,46.0,5936,59.5,2,-37.0,0,0,12238.0,38.1625750,-122.4550140,3.9,12.8,0,0,0
512.40,75.9,47.2,6107,61.5,2,-36.9,0,0,12238.0,38.1625640,-122.4550000,3.9,12.8,0,0,0
512.50,77.9,48.4,6258,67.5,2,-36.7,0,0,12238.0,38.1625530,-122.4549850,3.9,12.8,0,0,0
512.60,79.9,49.7,6411,68.0,2,-36.7,0,0,12238.0,38.1625420,-122.4549690,3.9,12.8,0,0,0
512.70,81.9,50.9,6572,68.0,2,-36.6,0,0,12238.0,38.1625310,-122.4549520,3.9,12.8,0,0,0
512.80,84.1,52.2,6717,72.0,2,-36.1,0,0,12238.0,38.1625210,-122.4549350,3.6,11.8,0,0,0
512.90,85.4,53.1,6908,72.0,2,-35.5,0,0,12238.0,38.1625100,-122.4549160,3.6,11.8,0,0,0
513.00,87.7,54.5,7023,72.0,2,-34.9,0,0,12238.0,38.1625000,-122.4548960,3.6,11.8,0,0,0
513.10,90.0,55.9,7215,72.5,2,-34.6,0,0,12238.0,38.1624910,-122.4548760,3.6,11.8,0,0,0
513.20,92.1,57.2,7386,72.5,2,-34.3,0,0,12238.0,38.1624810,-122.4548540,3.6,11.8,0,0,0
513.30,94.0,58.4,7559,73.0,2,-33.9,0,0,12238.0,38.1624720,-122.4548320,3.6,11.8,0,0,0
513.40,95.6,59.4,7669,73.0,2,-33.3,0,0,12238.0,38.1624630,-122.4548080,3.6,11.8,0,0,0
513.50,97.8,60.8,7823,72.5,2,-32.4,0,0,12238.0,38.1624550,-122.4547840,3.6,11.8,0,0,0
513.60,100.1,62.2,7966,72.5,2,-31.5,0,0,12238.0,38.1624470,-122.4547590,3.6,11.8,0,0,0
513.70,101.5,63.0,8122,73.0,2,-30.7,0,0,12239.0,38.1624390,-122.4547330,3.6,11.8,0,0,0
513.80,102.9,63.9,8286,73.0,2,-29.9,0,0,12239.0,38.1624320,-122.4547070,3.3,10.8,0,0,0
513.90,105.7,65.7,8420,72.5,2,-29.2,0,0,12239.0,38.1624250,-122.4546790,3.3,10.8,0,0,0
514.00,107.0,66.5,8535,71.5,2,-28.2,0,0,12239.0,38.1624190,-122.4546510,3.3,10.8,0,0,0
514.10,108.5,67.4,8582,70.5,2,-26.6,0,0,12239.0,38.1624130,-122.4546230,3.3,10.8,0,0,0
514.20,109.2,67.9,8686,66.5,2,-24.7,0,0,12239.0,38.1624070,-122.4545930,3.3,10.8,0,0,0
514.30,110.9,68.9,8689,61.5,2,-22.5,0,0,12239.0,38.1624010,-122.4545630,3.3,10.8,0,0,0
514.40,110.5,68.7,8742,60.0,2,-20.5,0,0,12239.0,38.1623960,-122.4545320,3.3,10.8,0,0,0
514.50,111.7,69.4,8855,60.0,2,-17.6,0,0,12239.0,38.1623910,-122.4545000,3.3,10.8,0,0,0
514.60,112.8,70.1,8937,59.0,2,-15.3,0,0,12239.0,38.1623870,-122.4544690,3.3,10.8,0,0,0
514.70,113.9,70.8,9061,58.5,2,-13.2,0,0,12239.0,38.1623820,-122.4544360,3.3,10.8,0,0,0
514.80,115.3,71.6,9110,58.0,2,-8.1,0,0,12239.0,38.1623780,-122.4544030,3.0,9.8,0,0,0
514.90,115.2,71.6,9113,56.0,2,-2.5,0,0,12239.0,38.1623740,-122.4543690,3.0,9.8,0,0,0
515.00,116.2,72.2,9248,56.0,2,1.5,0,0,12239.0,38.1623700,-122.4543360,3.0,9.8,0,0,0
515.10,118.1,73.4,7712,55.0,2,5.4,0,0,12239.0,38.1623650,-122.4543020,3.0,9.8,0,0,0
515.20,118.1,73.4,7523,51.0,3,10.5,0,0,12239.0,38.1623610,-122.4542670,3.0,9.8,0,0,0
515.30,119.7,74.4,7603,46.0,3,14.8,0,0,12239.0,38.1623560,-122.4542330,3.0,9.8,0,0,0
515.40,120.8,75.0,7657,46.5,3,18.4,0,0,12239.0,38.1623510,-122.4541990,3.0,9.8,0,0,0
515.50,122.7,76.2,7774,46.5,3,21.1,0,0,12239.0,38.1623460,-122.4541640,3.0,9.8,0,0,0
515.60,123.9,77.0,7835,46.5,3,23.2,0,0,12239.0,38.1623400,-122.4541290,3.0,9.8,0,0,0
515.70,124.6,77.4,7874,47.0,3,24.0,0,0,12239.0,38.1623340,-122.4540950,3.0,9.8,0,0,0
515.80,125.5,78.0,7914,47.0,3,23.6,0,0,12239.0,38.1623290,-122.4540600,2.3,7.5,0,0,0
515.90,125.9,78.3,7924,46.5,3,23.0,0,0,12239.0,38.1623230,-122.4540260,2.3,7.5,0,0,0
516.00,126.0,78.3,7988,46.5,3,24.0,0,0,12239.0,38.1623160,-122.4539920,2.3,7.5,0,0,0
516.10,127.4,79.2,8054,43.0,3,25.9,0,0,12239.0,38.1623090,-122.4539570,2.3,7.5,0,0,0
516.20,128.4,79.8,8097,42.0,3,27.6,0,0,12239.0,38.1623020,-122.4539230,2.3,7.5,0,0,0
516.30,129.0,80.1,8168,42.0,3,29.6,0,0,12239.0,38.1622940,-122.4538890,2.3,7.5,0,0,0
516.40,130.3,81.0,8251,42.0,3,31.5,0,0,12239.0,38.1622850,-122.4538540,2.3,7.5,0,0,0
516.50,131.6,81.8,8327,42.0,3,33.2,0,0,12239.0,38.1622750,-122.4538200,2.3,7.5,0,0,0
516.60,132.2,82.1,8359,42.0,3,34.8,0,0,12239.0,38.1622650,-122.4537860,2.3,7.5,0,0,0
516.70,132.8,82.5,8394,41.5,3,36.1,0,0,12239.0,38.1622540,-122.4537520,2.3,7.5,0,0,0
516.80,133.7,83.1,8454,41.0,3,37.4,0,0,12239.0,38.1622400,-122.4537170,1.7,5.6,0,0,0
516.90,134.5,83.6,8470,40.5,3,38.3,0,0,12239.0,38.1622260,-122.4536830,1.7,5.6,0,0,0
517.00,134.9,83.8,8441,40.5,3,38.6,0,0,12239.0,38.1622130,-122.4536500,1.7,5.6,0,0,0
517.10,134.5,83.6,8446,40.5,3,38.4,0,0,12239.0,38.1621980,-122.4536170,1.7,5.6,0,0,0
517.20,135.1,84.0,8513,40.0,3,38.5,0,0,12239.0,38.1621840,-122.4535850,1.7,5.6,0,0,0
517.30,135.6,84.3,8496,38.5,3,38.3,0,0,12239.0,38.1621690,-122.4535530,1.7,5.6,0,0,0
517.40,135.1,83.9,8489,38.0,3,38.3,0,0,12239.0,38.1621540,-122.4535210,1.7,5.6,0,0,0
517.50,134.7,83.7,8489,36.5,3,38.4,0,0,12239.0,38.1621380,-122.4534900,1.7,5.6,0,0,0
517.60,135.1,83.9,8520,36.0,3,38.5,0,0,12239.0,38.1621210,-122.4534600,1.7,5.6,0,0,0
517.70,136.0,84.5,8506,34.5,3,38.7,0,0,12239.0,38.1621040,-122.4534300,1.7,5.6,0,0,0
517.80,135.4,84.1,8520,33.0,3,38.8,0,0,12239.0,38.1620870,-122.4534000,1.4,4.6,0,0,0
517.90,135.1,84.0,8499,33.5,3,38.8,0,0,12239.0,38.1620680,-122.4533710,1.4,4.6,0,0,0
518.00,135.4,84.1,8511,33.5,3,39.2,0,0,12239.0,38.1620490,-122.4533430,1.4,4.6,0,0,0
518.10,135.6,84.2,8554,37.5,3,39.6,0,0,12239.0,38.1620300,-122.4533150,1.4,4.6,0,0,0
518.20,135.8,84.4,8594,44.0,3,39.5,0,0,12239.0,38.1620100,-122.4532880,1.4,4.6,0,0,0
518.30,136.8,85.0,8631,47.5,3,39.6,0,0,12239.0,38.1619900,-122.4532610,1.4,4.6,0,0,0
518.40,137.2,85.2,8641,48.5,3,39.3,0,0,12239.0,38.1619690,-122.4532350,1.4,4.6,0,0,0
518.50,137.1,85.2,8669,50.0,3,38.9,0,0,12239.0,38.1619470,-122.4532100,1.4,4.6,0,0,0
518.60,138.1,85.8,8734,60.0,3,38.5,0,0,12239.0,38.1619250,-122.4531850,1.4,4.6,0,0,0
518.70,138.9,86.3,8824,61.5,3,38.0,0,0,12239.0,38.1619030,-122.4531600,1.4,4.6,0,0,0
518.80,140.4,87.3,8884,61.0,3,37.5,0,0,12239.0,38.1618800,-122.4531360,1.2,3.9,0,0,0
518.90,141.4,87.9,8918,60.5,3,37.2,0,0,12239.0,38.1618560,-122.4531130,1.2,3.9,0,0,0
519.00,141.8,88.1,8969,60.5,3,37.1,0,0,12239.0,38.1618310,-122.4530900,1.2,3.9,0,0,0
519.10,142.6,88.6,9018,60.5,3,37.0,0,0,12239.0,38.1618060,-122.4530670,1.2,3.9,0,0,0
519.20,144.0,89.5,9119,60.5,3,37.0,0,0,12239.0,38.1617800,-122.4530450,1.2,3.9,0,0,0
519.30,144.9,90.0,9044,55.5,3,37.0,0,0,12239.0,38.1617540,-122.4530240,1.2,3.9,0,0,0
519.40,144.6,89.8,9177,55.5,3,37.0,0,0,12239.0,38.1617280,-122.4530030,1.2,3.9,0,0,0
519.50,146.2,90.9,9200,59.0,3,36.8,0,0,12239.0,38.1617010,-122.4529820,1.2,3.9,0,0,0
519.60,146.3,90.9,9279,60.5,3,36.7,0,0,12239.0,38.1616740,-122.4529620,1.2,3.9,0,0,0
519.70,148.1,92.0,9334,61.5,3,36.3,0,0,12239.0,38.1616460,-122.4529420,1.2,3.9,0,0,0
519.80,147.9,91.9,9337,61.5,3,35.6,0,0,12239.0,38.1616180,-122.4529230,1.2,3.9,0,0,0
519.90,148.8,92.5,9254,60.5,3,34.3,0,0,12239.0,38.1615890,-122.4529050,1.2,3.9,0,0,0
520.00,146.3,90.9,9288,59.5,3,32.3,0,0,12239.0,38.1615600,-122.4528870,1.2,3.9,0,0,0
520.10,148.0,92.0,9263,57.5,3,29.9,0,0,12239.0,38.1615310,-122.4528700,1.2,3.9,0,0,0
520.20,147.1,91.4,9245,56.5,3,27.5,0,0,12239.0,38.1615010,-122.4528540,1.2,3.9,0,0,0
520.30,146.5,91.0,9152,55.0,3,24.5,0,0,12239.0,38.1614700,-122.4528370,1.2,3.9,0,0,0
520.40,145.2,90.2,9108,51.0,3,21.7,0,0,12239.0,38.1614400,-122.4528210,1.2,3.9,0,0,0
520.50,144.9,90.0,8852,7.5,3,19.6,0,0,12239.0,38.1614090,-122.4528060,1.2,3.9,0,0,0
520.60,142.1,88.3,8679,0.0,3,17.8,0,0,12239.0,38.1613780,-122.4527910,1.2,3.9,0,0,0
520.70,138.8,86.2,8724,0.0,3,16.3,0,0,12239.0,38.1613470,-122.4527760,1.2,3.9,0,0,0
520.80,139.0,86.4,8664,0.0,3,14.6,0,0,12239.0,38.1613160,-122.4527620,1.3,4.3,0,0,0
520.90,137.4,85.3,8629,0.0,3,13.6,0,0,12239.0,38.1612850,-122.4527480,1.3,4.3,0,0,0
521.00,137.4,85.4,8574,0.0,3,12.2,0,0,12239.0,38.1612550,-122.4527340,1.3,4.3,0,0,0
521.10,136.2,84.6,8475,0.0,3,10.1,0,0,12239.0,38.1612240,-122.4527210,1.3,4.3,0,0,0
521.20,134.6,83.6,8375,0.0,3,8.8,0,0,12239.0,38.1611940,-122.4527080,1.3,4.3,0,0,0
521.30,133.1,82.7,8294,0.0,3,8.6,0,0,12239.0,38.1611640,-122.4526950,1.3,4.3,0,0,0
521.40,131.5,81.7,8177,0.0,3,7.7,0,0,12239.0,38.1611340,-122.4526820,1.3,4.3,0,0,0
521.50,129.7,80.6,8024,0.0,3,6.8,0,0,12239.0,38.1611040,-122.4526690,1.3,4.3,0,0,0
521.60,127.4,79.2,7878,0.0,3,5.4,0,0,12239.0,38.1610750,-122.4526570,1.3,4.3,0,0,0
521.70,125.0,77.7,7730,0.0,3,4.1,0,0,12239.0,38.1610470,-122.4526450,1.3,4.3,0,0,0
521.80,122.5,76.1,7551,0.0,3,3.4,0,0,12239.0,38.1610180,-122.4526330,1.1,3.6,0,0,0
521.90,120.0,74.5,7452,0.0,3,2.6,0,0,12239.0,38.1609900,-122.4526220,1.1,3.6,0,0,0
522.00,118.4,73.6,7250,0.0,3,2.1,0,0,12239.0,38.1609630,-122.4526100,1.1,3.6,0,0,0
522.10,116.2,72.2,8369,0.0,3,1.8,0,0,12239.0,38.1609360,-122.4525990,1.1,3.6,0,0,0
522.20,108.0,67.1,8844,0.0,2,1.8,0,0,12239.0,38.1609090,-122.4525880,1.1,3.6,0,0,0
522.30,112.7,70.1,8621,0.0,2,1.7,0,0,12239.0,38.1608830,-122.4525780,1.1,3.6,0,0,0
522.40,109.7,68.1,8336,0.0,2,1.6,0,0,12239.0,38.1608580,-122.4525680,1.1,3.6,0,0,0
522.50,106.0,65.9,8141,0.0,2,1.5,0,0,12239.0,38.1608330,-122.4525570,1.1,3.6,0,0,0
522.60,103.3,64.2,7910,0.0,2,1.8,0,0,12239.0,38.1608090,-122.4525480,1.1,3.6,0,0,0
522.70,100.6,62.5,7782,0.0,2,2.3,0,0,12239.0,38.1607850,-122.4525380,1.1,3.6,0,0,0
522.80,99.0,61.5,7659,0.0,2,2.4,0,0,12239.0,38.1607620,-122.4525290,0.9,3.0,0,0,0
522.90,97.5,60.6,7562,0.0,2,2.3,0,0,12239.0,38.1607390,-122.4525190,0.9,3.0,0,0,0
523.00,95.9,59.6,7705,0.0,2,2.2,0,0,12239.0,38.1607160,-122.4525110,0.9,3.0,0,0,0
523.10,89.1,55.3,9010,0.0,1,2.5,0,0,12239.0,38.1606950,-122.4525020,0.9,3.0,0,0,0
523.20,87.2,54.2,9300,0.0,1,2.6,0,0,12239.0,38.1606730,-122.4524940,0.9,3.0,0,0,0
523.30,90.1,56.0,9074,0.0,1,2.3,0,0,12239.0,38.1606520,-122.4524860,0.9,3.0,0,0,0
523.40,87.4,54.3,8879,0.0,1,2.3,0,0,12239.0,38.1606320,-122.4524780,0.9,3.0,0,0,0
523.50,85.6,53.2,8762,0.0,1,2.4,0,0,12239.0,38.1606120,-122.4524700,0.9,3.0,0,0,0
523.60,84.6,52.6,8601,0.0,1,2.7,0,0,12239.0,38.1605920,-122.4524630,0.9,3.0,0,0,0
523.70,82.8,51.5,8427,0.0,1,3.1,0,0,12239.0,38.1605730,-122.4524560,0.9,3.0,0,0,0
523.80,81.2,50.5,8303,0.0,1,3.5,0,0,12239.0,38.1605540,-122.4524480,0.7,2.3,0,0,0
523.90,79.9,49.7,8132,0.0,1,3.2,0,0,12239.0,38.1605350,-122.4524410,0.7,2.3,0,0,0
524.00,78.2,48.6,7960,0.0,1,3.0,0,0,12239.0,38.1605170,-122.4524340,0.7,2.3,0,0,0
524.10,76.5,47.5,7750,0.0,1,2.7,0,0,12239.0,38.1604990,-122.4524280,0.7,2.3,0,0,0
524.20,74.9,46.5,7653,0.0,1,3.2,0,0,12239.0,38.1604810,-122.4524210,0.7,2.3,0,0,0
524.30,73.7,45.8,7529,0.0,1,4.2,0,0,12239.0,38.1604640,-122.4524150,0.7,2.3,0,0,0
524.40,72.7,45.2,7395,0.0,1,5.3,0,0,12239.0,38.1604470,-122.4524090,0.7,2.3,0,0,0
524.50,71.2,44.2,7221,0.0,1,5.6,0,0,12239.0,38.1604310,-122.4524030,0.7,2.3,0,0,0
524.60,69.8,43.3,7069,0.0,1,6.2,0,0,12239.0,38.1604150,-122.4523970,0.7,2.3,0,0,0
524.70,68.2,42.4,6962,0.0,1,7.9,0,0,12239.0,38.1603980,-122.4523920,0.7,2.3,0,0,0
524.80,66.8,41.5,6831,0.0,1,10.1,0,0,12239.0,38.1603830,-122.4523870,0.5,1.6,0,0,0
524.90,65.9,40.9,6692,0.0,1,12.7,0,0,12239.0,38.1603670,-122.4523830,0.5,1.6,0,0,0
525.00,64.6,40.2,6597,0.0,1,15.3,0,0,12239.0,38.1603520,-122.4523780,0.5,1.6,0,0,0
525.10,63.5,39.4,6493,0.0,1,18.0,0,0,12239.0,38.1603380,-122.4523740,0.5,1.6,0,0,0
525.20,62.7,38.9,6383,0.0,1,20.7,0,0,12239.0,38.1603230,-122.4523700,0.5,1.6,0,0,0
525.30,61.6,38.2,6288,0.0,1,23.2,0,0,12239.0,38.1603090,-122.4523660,0.5,1.6,0,0,0
525.40,60.5,37.6,6171,0.0,1,25.2,0,0,12239.0,38.1602950,-122.4523630,0.5,1.6,0,0,0
525.50,59.5,37.0,6095,0.0,1,27.0,0,0,12239.0,38.1602820,-122.4523600,0.5,1.6,0,0,0
525.60,58.8,36.5,6011,0.0,1,28.8,0,0,12239.0,38.1602680,-122.4523580,0.5,1.6,0,0,0
525.70,57.9,36.0,5946,0.0,1,30.6,0,0,12239.0,38.1602550,-122.4523560,0.5,1.6,0,0,0
525.80,57.4,35.6,5904,0.0,1,31.9,0,0,12239.0,38.1602420,-122.4523560,6552.9,21499.0,0,0,0
525.90,56.8,35.3,5847,0.0,1,32.4,0,0,12239.0,38.1602290,-122.4523550,6552.9,21499.0,0,0,0
526.00,56.2,34.9,5717,0.0,1,32.9,0,0,12239.0,38.1602170,-122.4523560,6552.9,21499.0,0,0,0
526.10,55.3,34.4,5633,0.0,1,33.7,0,0,12239.0,38.1602040,-122.4523570,6552.9,21499.0,0,0,0
526.20,54.3,33.7,5534,0.0,1,33.9,0,0,12239.0,38.1601910,-122.4523590,6552.9,21499.0,0,0,0
526.30,53.2,33.1,5450,0.0,1,34.6,0,0,12239.0,38.1601790,-122.4523610,6552.9,21499.0,0,0,0
526.40,52.8,32.8,5398,0.0,1,35.5,0,0,12239.0,38.1601680,-122.4523650,6552.9,21499.0,0,0,0
526.50,52.1,32.4,5310,0.0,1,36.6,0,0,12239.0,38.1601570,-122.4523690,6552.9,21499.0,0,0,0
526.60,51.1,31.7,5268,0.0,1,37.5,0,0,12239.0,38.1601460,-122.4523740,6552.9,21499.0,0,0,0
526.70,51.0,31.7,5168,0.0,1,38.3,0,0,12239.0,38.1601360,-122.4523790,6552.9,21499.0,0,0,0
526.80,49.9,31.0,5098,0.0,1,38.9,0,0,12239.0,38.1601250,-122.4523850,6552.9,21499.0,0,0,0
526.90,49.2,30.5,5006,0.0,1,39.1,0,0,12239.0,38.1601160,-122.4523910,6552.9,21499.0,0,0,0
527.00,48.4,30.1,4904,0.0,1,39.1,0,0,12239.0,38.1601070,-122.4523980,6552.9,21499.0,0,0,0
527.10,47.2,29.4,4824,0.0,1,39.0,0,0,12239.0,38.1600980,-122.4524060,6552.9,21499.0,0,0,0
527.20,46.4,28.8,4715,0.0,1,39.3,0,0,12239.0,38.1600900,-122.4524140,6552.9,21499.0,0,0,0
527.30,45.7,28.4,4681,0.0,1,39.0,0,0,12239.0,38.1600830,-122.4524230,6552.9,21499.0,0,0,0
527.40,44.7,27.8,4567,0.0,1,39.4,0,0,12239.0,38.1600760,-122.4524310,6552.9,21499.0,0,0,0
527.50,44.0,27.3,4509,0.5,1,39.8,0,0,12239.0,38.1600700,-122.4524410,6552.9,21499.0,0,0,0
527.60,43.1,26.8,4466,4.0,1,40.2,0,0,12239.0,38.1600640,-122.4524510,6552.9,21499.0,0,0,0
527.70,43.1,26.8,4605,12.5,1,40.6,0,0,12239.0,38.1600590,-122.4524600,6552.9,21499.0,0,0,0
527.80,43.5,27.0,4985,19.0,1,40.8,0,0,12239.0,38.1600550,-122.4524710,6553.2,21500.0,0,0,0
527.90,46.1,28.7,4617,25.0,1,40.8,0,0,12239.0,38.1600500,-122.4524810,6553.2,21500.0,0,0,0
528.00,45.0,28.0,4720,30.5,1,40.5,0,0,12239.0,38.1600470,-122.4524920,6553.2,21500.0,0,0,0
528.10,45.8,28.5,4820,36.0,1,40.3,0,0,12239.0,38.1600440,-122.4525030,6553.2,21500.0,0,0,0
528.20,47.1,29.2,4956,39.0,1,40.2,0,0,12239.0,38.1600420,-122.4525150,6553.2,21500.0,0,0,0
528.30,48.5,30.1,5096,39.5,1,40.6,0,0,12239.0,38.1600400,-122.4525280,6553.2,21500.0,0,0,0
528.40,49.2,30.5,5192,39.5,1,40.8,0,0,12239.0,38.1600390,-122.4525410,6553.2,21500.0,0,0,0
528.50,50.3,31.2,5328,41.0,1,40.5,0,0,12239.0,38.1600390,-122.4525540,6553.2,21500.0,0,0,0
528.60,52.0,32.3,5554,45.0,1,39.9,0,0,12239.0,38.1600400,-122.4525670,6553.2,21500.0,0,0,0
528.70,53.2,33.1,5703,49.5,1,38.6,0,0,12239.0,38.1600410,-122.4525800,6553.2,21500.0,0,0,0
528.80,55.1,34.3,5873,53.5,1,37.1,0,0,12239.0,38.1600440,-122.4525940,6553.5,21501.0,0,0,0
528.90,57.4,35.6,6061,56.5,1,35.4,0,0,12239.0,38.1600480,-122.4526080,6553.5,21501.0,0,0,0
529.00,59.0,36.7,6294,57.5,1,33.9,0,0,12239.0,38.1600520,-122.4526230,6553.5,21501.0,0,0,0
529.10,60.8,37.8,6400,57.5,1,32.3,0,0,12239.0,38.1600560,-122.4526380,6553.5,21501.0,0,0,0
529.20,62.1,38.6,6607,60.0,1,30.9,0,0,12239.0,38.1600610,-122.4526530,6553.5,21501.0,0,0,0
529.30,64.0,39.8,6842,61.5,1,29.6,0,0,12239.0,38.1600670,-122.4526680,6553.5,21501.0,0,0,0
529.40,66.0,41.0,7005,64.5,1,28.4,0,0,12239.0,38.1600740,-122.4526830,6553.5,21501.0,0,0,0
529.50,67.9,42.2,7174,66.0,1,27.2,0,0,12239.0,38.1600810,-122.4526990,6553.5,21501.0,0,0,0
529.60,69.6,43.3,7393,66.5,1,25.8,0,0,12239.0,38.1600890,-122.4527150,6553.5,21501.0,0,0,0
529.70,71.6,44.5,7648,69.0,1,24.7,0,0,12239.0,38.1600970,-122.4527310,6553.5,21501.0,0,0,0
529.80,73.6,45.8,7854,69.5,1,23.7,0,0,12239.0,38.1601060,-122.4527480,6553.4,21500.7,0,0,0
529.90,75.4,46.9,8041,69.0,1,22.6,0,0,12239.0,38.1601160,-122.4527640,6553.4,21500.7,0,0,0
530.00,78.2,48.6,8222,68.0,1,21.1,0,0,12239.0,38.1601260,-122.4527810,6553.4,21500.7,0,0,0
530.10,79.5,49.4,8392,68.0,1,19.4,0,0,12239.0,38.1601370,-122.4527990,6553.4,21500.7,0,0,0
530.20,81.6,50.7,8597,68.0,1,17.5,0,0,12239.0,38.1601480,-122.4528160,6553.4,21500.7,0,0,0
530.30,83.1,51.7,8834,67.5,1,15.7,0,0,12239.0,38.1601600,-122.4528340,6553.4,21500.7,0,0,0
530.40,85.4,53.1,8988,67.5,1,13.6,0,0,12239.0,38.1601730,-122.4528510,6553.4,21500.7,0,0,0
530.50,87.5,54.4,9183,67.5,1,11.6,0,0,12239.0,38.1601860,-122.4528700,6553.4,21500.7,0,0,0
530.60,88.8,55.2,9366,67.5,1,9.9,0,0,12239.0,38.1602000,-122.4528880,6553.4,21500.7,0,0,0
530.70,90.6,56.3,9567,67.5,1,8.5,0,0,12239.0,38.1602140,-122.4529070,6553.4,21500.7,0,0,0
530.80,92.5,57.5,9769,67.5,1,7.3,0,0,12239.0,38.1602290,-122.4529260,0.1,0.3,0,0,0
530.90,94.4,58.7,9951,67.0,1,5.9,0,0,12239.0,38.1602440,-122.4529450,0.1,0.3,0,0,0
531.00,96.8,60.1,7876,67.5,1,4.5,0,0,12239.0,38.1602590,-122.4529640,0.1,0.3,0,0,0
531.10,97.3,60.4,7676,67.5,2,3.4,0,0,12239.0,38.1602750,-122.4529840,0.1,0.3,0,0,0
531.20,97.3,60.5,7811,67.0,2,2.0,0,0,12239.0,38.1602920,-122.4530040,0.1,0.3,0,0,0
531.30,98.6,61.3,7885,67.5,2,1.1,0,0,12239.0,38.1603080,-122.4530240,0.1,0.3,0,0,0
531.40,100.2,62.3,8058,69.5,2,0.7,0,0,12239.0,38.1603240,-122.4530440,0.1,0.3,0,0,0
531.50,102.3,63.6,8166,71.0,2,-0.0,0,0,12239.0,38.1603420,-122.4530650,0.1,0.3,0,0,0
531.60,103.3,64.2,8327,73.5,2,-1.0,0,0,12239.0,38.1603590,-122.4530860,0.1,0.3,0,0,0
531.70,105.7,65.7,8454,74.5,2,-1.7,0,0,12239.0,38.1603760,-122.4531070,0.1,0.3,0,0,0
531.80,107.2,66.6,8611,76.5,2,-2.4,0,0,12239.0,38.1603940,-122.4531280,0.4,1.3,0,0,0
531.90,109.2,67.9,8775,77.5,2,-2.9,0,0,12239.0,38.1604120,-122.4531500,0.4,1.3,0,0,0
532.00,111.3,69.2,8937,79.5,2,-3.2,0,0,12239.0,38.1604310,-122.4531720,0.4,1.3,0,0,0
532.10,113.3,70.4,9127,80.5,2,-3.4,0,0,12239.0,38.1604490,-122.4531950,0.4,1.3,0,0,0
532.20,115.4,71.7,9231,80.5,2,-3.8,0,0,12239.0,38.1604680,-122.4532180,0.4,1.3,0,0,0
532.30,117.7,73.1,9390,80.0,2,-4.2,0,0,12239.0,38.1604880,-122.4532410,0.4,1.3,0,0,0
532.40,119.2,74.1,9512,78.5,2,-4.8,0,0,12239.0,38.1605070,-122.4532650,0.4,1.3,0,0,0
532.50,121.0,75.2,9653,78.0,2,-5.5,0,0,12239.0,38.1605270,-122.4532890,0.4,1.3,0,0,0
532.60,123.0,76.5,9808,78.5,2,-6.3,0,0,12239.0,38.1605480,-122.4533140,0.4,1.3,0,0,0
532.70,124.8,77.6,9941,78.5,2,-7.0,0,0,12239.0,38.1605680,-122.4533390,0.4,1.3,0,0,0
532.80,126.9,78.8,10057,78.5,2,-7.5,0,0,12239.0,38.1605890,-122.4533640,0.5,1.6,0,0,0
532.90,128.2,79.7,10229,78.5,2,-7.7,0,0,12239.0,38.1606100,-122.4533900,0.5,1.6,0,0,0
533.00,130.2,80.9,9922,79.0,2,-8.2,0,0,12239.0,38.1606310,-122.4534160,0.5,1.6,0,0,0
533.10,128.2,79.6,8113,84.5,2,-8.9,0,0,12239.0,38.1606530,-122.4534420,0.5,1.6,0,0,0
533.20,130.6,81.1,8359,87.5,3,-9.3,0,0,12239.0,38.1606740,-122.4534690,0.5,1.6,0,0,0
533.30,133.0,82.6,8497,96.5,3,-10.0,0,0,12239.0,38.1606960,-122.4534960,0.5,1.6,0,0,0
533.40,134.7,83.7,8582,100.0,3,-10.1,0,0,12239.0,38.1607180,-122.4535230,0.5,1.6,0,0,0
533.50,135.9,84.5,8669,100.0,3,-10.0,0,0,12239.0,38.1607400,-122.4535510,0.5,1.6,0,0,0
533.60,137.8,85.6,8796,100.0,3,-10.1,0,0,12239.0,38.1607620,-122.4535790,0.5,1.6,0,0,0
533.70,138.4,86.0,8858,100.0,3,-10.3,0,0,12239.0,38.1607850,-122.4536080,0.5,1.6,0,0,0
533.80,140.6,87.4,8956,100.0,3,-10.4,0,0,12239.0,38.1608080,-122.4536370,0.7,2.3,0,0,0
533.90,141.8,88.1,9028,100.0,3,-10.3,0,0,12239.0,38.1608300,-122.4536660,0.7,2.3,0,0,0
534.00,143.1,88.9,9116,100.0,3,-10.1,0,0,12239.0,38.1608530,-122.4536960,0.7,2.3,0,0,0
534.10,144.2,89.6,9217,100.0,3,-9.5,0,0,12239.0,38.1608760,-122.4537270,0.7,2.3,0,0,0
534.20,146.1,90.8,9291,100.0,3,-9.3,0,0,12239.0,38.1608990,-122.4537570,0.7,2.3,0,0,0
534.30,147.3,91.5,9361,100.0,3,-9.2,0,0,12239.0,38.1609230,-122.4537880,0.7,2.3,0,0,0
534.40,148.4,92.2,9446,100.0,3,-9.2,0,0,12239.0,38.1609460,-122.4538200,0.7,2.3,0,0,0
534.50,149.9,93.1,9533,100.0,3,-9.4,0,0,12239.0,38.1609700,-122.4538520,0.7,2.3,0,0,0
534.60,151.7,94.2,9609,100.0,3,-9.2,0,0,12239.0,38.1609940,-122.4538840,0.7,2.3,0,0,0
534.70,153.0,95.1,9678,100.0,3,-9.1,0,0,12239.0,38.1610180,-122.4539160,0.7,2.3,0,0,0
534.80,154.0,95.7,9750,100.0,3,-9.4,0,0,12239.0,38.1610420,-122.4539490,1.1,3.6,0,0,0
534.90,155.1,96.4,9808,100.0,3,-9.8,0,0,12239.0,38.1610660,-122.4539820,1.1,3.6,0,0,0
535.00,156.5,97.3,9898,100.0,3,-9.9,0,0,12239.0,38.1610900,-122.4540160,1.1,3.6,0,0,0
535.10,158.0,98.2,9984,100.0,3,-10.1,0,0,12239.0,38.1611150,-122.4540500,1.1,3.6,0,0,0
535.20,158.8,98.7,10081,100.0,3,-10.2,0,0,12239.0,38.1611390,-122.4540840,1.1,3.6,0,0,0
535.30,160.1,99.5,10153,100.0,3,-10.1,0,0,12239.0,38.1611640,-122.4541190,1.1,3.6,0,0,0
535.40,161.2,100.2,10218,100.0,3,-9.8,0,0,12239.0,38.1611890,-122.4541540,1.1,3.6,0,0,0
535.50,162.6,101.0,10285,96.5,3,-9.4,0,0,12239.0,38.1612140,-122.4541890,1.1,3.6,0,0,0
535.60,163.5,101.6,10327,93.0,3,-9.0,0,0,12239.0,38.1612390,-122.4542250,1.1,3.6,0,0,0
535.70,164.7,102.4,10388,88.5,3,-8.7,0,0,12239.0,38.1612640,-122.4542610,1.1,3.6,0,0,0
535.80,165.6,102.9,10435,81.5,3,-8.6,0,0,12239.0,38.1612890,-122.4542970,1.5,4.9,0,0,0
535.90,166.7,103.6,10384,65.0,3,-8.4,0,0,12239.0,38.1613140,-122.4543340,1.5,4.9,0,0,0
536.00,165.2,102.7,9779,0.0,3,-8.1,0,0,12239.0,38.1613400,-122.4543710,1.5,4.9,0,0,0
536.10,158.4,98.4,10084,0.0,3,-7.6,0,0,12239.0,38.1613650,-122.4544080,1.5,4.9,0,0,0
536.20,160.2,99.5,9980,0.0,3,-6.2,0,0,12239.0,38.1613900,-122.4544450,1.5,4.9,0,0,0
536.30,158.4,98.4,9901,0.0,3,-5.7,0,0,12239.0,38.1614150,-122.4544810,1.5,4.9,0,0,0
536.40,157.5,97.9,9798,0.0,3,-6.3,0,0,12239.0,38.1614400,-122.4545170,1.5,4.9,0,0,0
536.50,155.9,96.9,9687,0.0,3,-5.2,0,0,12239.0,38.1614640,-122.4545530,1.5,4.9,0,0,0
536.60,154.5,96.0,9512,0.0,3,-4.9,0,0,12239.0,38.1614880,-122.4545880,1.5,4.9,0,0,0
536.70,151.5,94.1,9363,0.0,3,-4.5,0,0,12239.0,38.1615110,-122.4546230,1.5,4.9,0,0,0
536.80,148.6,92.4,9254,0.0,3,-4.7,0,0,12239.0,38.1615350,-122.4546580,1.8,5.9,0,0,0
536.90,147.0,91.3,9172,0.0,3,-4.3,0,0,12239.0,38.1615580,-122.4546920,1.8,5.9,0,0,0
537.00,145.8,90.6,9028,0.0,3,-2.9,0,0,12239.0,38.1615800,-122.4547250,1.8,5.9,0,0,0
537.10,143.8,89.4,8937,0.0,3,-2.4,0,0,12239.0,38.1616030,-122.4547590,1.8,5.9,0,0,0
537.20,142.1,88.3,8826,0.0,3,-2.1,0,0,12239.0,38.1616250,-122.4547910,1.8,5.9,0,0,0
537.30,139.9,86.9,8656,0.0,3,-1.7,0,0,12239.0,38.1616460,-122.4548240,1.8,5.9,0,0,0
537.40,137.5,85.4,8511,0.0,3,-1.4,0,0,12239.0,38.1616680,-122.4548560,1.8,5.9,0,0,0
537.50,135.3,84.1,8378,0.0,3,-1.6,0,0,12239.0,38.1616890,-122.4548870,1.8,5.9,0,0,0
537.60,133.1,82.7,8247,0.0,3,-2.1,0,0,12239.0,38.1617100,-122.4549180,1.8,5.9,0,0,0
537.70,130.7,81.2,8085,0.0,3,-2.4,0,0,12239.0,38.1617300,-122.4549480,1.8,5.9,0,0,0
537.80,128.4,79.8,7956,0.0,3,-2.5,0,0,12239.0,38.1617500,-122.4549780,2.1,6.9,0,0,0
537.90,126.5,78.6,7848,0.0,3,-2.7,0,0,12239.0,38.1617700,-122.4550080,2.1,6.9,0,0,0
538.00,124.4,77.3,7692,0.0,3,-3.2,0,0,12239.0,38.1617900,-122.4550370,2.1,6.9,0,0,0
538.10,122.2,75.9,7564,0.0,3,-3.6,0,0,12239.0,38.1618090,-122.4550650,2.1,6.9,0,0,0
538.20,120.4,74.8,7467,0.0,3,-4.6,0,0,12239.0,38.1618280,-122.4550930,2.1,6.9,0,0,0
538.30,118.4,73.6,7332,0.0,3,-5.3,0,0,12239.0,38.1618460,-122.4551210,2.1,6.9,0,0,0
538.40,116.5,72.4,7245,0.0,3,-5.2,0,0,12239.0,38.1618640,-122.4551480,2.1,6.9,0,0,0
538.50,114.8,71.4,7126,0.0,3,-4.9,0,0,12239.0,38.1618820,-122.4551750,2.1,6.9,0,0,0
538.60,112.8,70.1,6995,0.0,3,-4.4,0,0,12239.0,38.1618990,-122.4552010,2.1,6.9,0,0,0
538.70,111.0,69.0,6873,0.0,3,-4.2,0,0,12239.0,38.1619160,-122.4552270,2.1,6.9,0,0,0
538.80,109.3,67.9,6768,0.0,3,-4.1,0,0,12239.0,38.1619330,-122.4552530,2.3,7.5,0,0,0
538.90,107.5,66.8,6696,0.0,3,-3.5,0,0,12239.0,38.1619500,-122.4552780,2.3,7.5,0,0,0
539.00,106.3,66.1,6572,0.0,3,-2.9,0,0,12239.0,38.1619660,-122.4553030,2.3,7.5,0,0,0
539.10,104.3,64.8,6488,0.0,3,-4.4,0,0,12239.0,38.1619810,-122.4553270,2.3,7.5,0,0,0
539.20,103.1,64.1,6426,0.0,3,-6.4,0,0,12239.0,38.1619970,-122.4553520,2.3,7.5,0,0,0
539.30,102.1,63.4,6372,0.0,3,-9.7,0,0,12239.0,38.1620120,-122.4553760,2.3,7.5,0,0,0
539.40,101.3,62.9,6356,0.0,3,-13.6,0,0,12239.0,38.1620270,-122.4554000,2.3,7.5,0,0,0
539.50,101.0,62.8,6320,0.0,3,-17.7,0,0,12239.0,38.1620410,-122.4554230,2.3,7.5,0,0,0
539.60,100.7,62.6,6319,0.0,3,-21.6,0,0,12239.0,38.1620550,-122.4554470,2.3,7.5,0,0,0
539.70,100.1,62.2,6251,0.0,3,-24.9,0,0,12239.0,38.1620690,-122.4554710,2.3,7.5,0,0,0
539.80,99.3,61.7,6233,0.0,3,-27.5,0,0,12239.0,38.1620820,-122.4554950,2.5,8.2,0,0,0
539.90,99.1,61.6,6191,0.0,3,-29.5,0,0,12239.0,38.1620950,-122.4555190,2.5,8.2,0,0,0
540.00,98.6,61.3,6174,0.0,3,-31.2,0,0,12239.0,38.1621070,-122.4555430,2.5,8.2,0,0,0
540.10,98.0,60.9,6136,5.0,3,-32.0,0,0,12239.0,38.1621190,-122.4555670,2.5,8.2,0,0,0
540.20,97.1,60.4,6072,7.0,3,-32.6,0,0,12239.0,38.1621300,-122.4555910,2.5,8.2,0,0,0
540.30,96.8,60.1,6115,19.5,3,-33.4,0,0,12239.0,38.1621410,-122.4556160,2.5,8.2,0,0,0
540.40,96.9,60.2,6311,18.0,3,-33.7,0,0,12239.0,38.1621510,-122.4556400,2.5,8.2,0,0,0
540.50,98.8,61.4,6187,35.5,3,-34.2,0,0,12239.0,38.1621600,-122.4556650,2.5,8.2,0,0,0
540.60,98.6,61.3,6154,38.5,3,-34.2,0,0,12239.0,38.1621690,-122.4556900,2.5,8.2,0,0,0
540.70,98.1,61.0,6253,40.5,3,-33.7,0,0,12239.0,38.1621770,-122.4557150,2.5,8.2,0,0,0
540.80,98.9,61.5,6191,39.5,3,-32.8,0,0,12239.0,38.1621840,-122.4557410,2.8,9.2,0,0,0
540.90,98.7,61.3,6248,45.0,3,-32.2,0,0,12239.0,38.1621920,-122.4557670,2.8,9.2,0,0,0
541.00,99.4,61.7,6295,44.0,3,-32.0,0,0,12239.0,38.1621980,-122.4557930,2.8,9.2,0,0,0
541.10,100.1,62.2,6311,43.0,3,-32.3,0,0,12239.0,38.1622040,-122.4558200,2.8,9.2,0,0,0
541.20,100.4,62.4,6273,38.5,3,-32.6,0,0,12239.0,38.1622100,-122.4558470,2.8,9.2,0,0,0
541.30,100.1,62.2,6381,42.5,3,-33.1,0,0,12239.0,38.1622150,-122.4558740,2.8,9.2,0,0,0
541.40,101.0,62.8,6409,43.0,3,-33.9,0,0,12239.0,38.1622200,-122.4559020,2.8,9.2,0,0,0
541.50,102.0,63.4,6625,58.5,3,-34.6,0,0,12239.0,38.1622240,-122.4559290,2.8,9.2,0,0,0
541.60,103.8,64.5,6613,66.0,3,-34.3,0,0,12239.0,38.1622270,-122.4559570,2.8,9.2,0,0,0
541.70,105.0,65.2,6625,66.0,3,-33.7,0,0,12239.0,38.1622300,-122.4559850,2.8,9.2,0,0,0
541.80,105.5,65.6,6721,64.5,3,-32.9,0,0,12239.0,38.1622330,-122.4560140,3.0,9.8,0,0,0
541.90,106.2,66.0,6714,66.0,3,-32.2,0,0,12239.0,38.1622340,-122.4560430,3.0,9.8,0,0,0
542.00,106.6,66.3,6736,70.5,3,-30.9,0,0,12239.0,38.1622360,-122.4560720,3.0,9.8,0,0,0
542.10,107.9,67.0,6825,68.5,3,-29.0,0,0,12239.0,38.1622360,-122.4561020,3.0,9.8,0,0,0
542.20,108.6,67.5,6908,66.5,3,-28.0,0,0,12239.0,38.1622360,-122.4561320,3.0,9.8,0,0,0
542.30,109.7,68.1,6886,75.0,3,-26.7,0,0,12239.0,38.1622350,-122.4561630,3.0,9.8,0,0,0
542.40,108.9,67.7,6902,81.0,3,-24.0,0,0,12239.0,38.1622340,-122.4561940,3.0,9.8,0,0,0
542.50,109.8,68.2,6924,83.0,3,-20.2,0,0,12239.0,38.1622330,-122.4562250,3.0,9.8,0,0,0
542.60,109.7,68.2,6940,83.5,3,-16.5,0,0,12239.0,38.1622310,-122.4562560,3.0,9.8,0,0,0
542.70,110.1,68.4,7048,81.0,3,-14.3,0,0,12239.0,38.1622280,-122.4562880,3.0,9.8,0,0,0
542.80,111.8,69.5,7164,77.0,3,-13.5,0,0,12239.0,38.1622260,-122.4563200,3.6,11.8,0,0,0
542.90,113.0,70.2,7028,67.5,3,-13.7,0,0,12239.0,38.1622230,-122.4563520,3.6,11.8,0,0,0
543.00,113.0,70.2,7053,58.0,3,-13.7,0,0,12239.0,38.1622200,-122.4563850,3.6,11.8,0,0,0
543.10,113.5,70.5,7200,56.5,3,-12.0,0,0,12239.0,38.1622160,-122.4564170,3.6,11.8,0,0,0
543.20,116.2,72.2,7453,64.5,3,-11.1,0,0,12239.0,38.1622130,-122.4564510,3.6,11.8,0,0,0
543.30,118.7,73.7,7510,72.0,3,-10.9,0,0,12239.0,38.1622080,-122.4564840,3.6,11.8,0,0,0
543.40,117.4,73.0,7762,75.5,3,-10.3,0,0,12239.0,38.1622040,-122.4565170,3.6,11.8,0,0,0
543.50,118.9,73.9,7456,70.5,3,-9.5,0,0,12239.0,38.1622000,-122.4565500,3.6,11.8,0,0,0
543.60,117.2,72.8,7412,73.0,3,-9.2,0,0,12239.0,38.1621950,-122.4565840,3.6,11.8,0,0,0
543.70,118.1,73.4,7502,73.5,3,-9.1,0,0,12239.0,38.1621910,-122.4566180,3.6,11.8,0,0,0
543.80,120.2,74.7,7613,73.5,3,-9.3,0,0,12239.0,38.1621860,-122.4566530,4.4,14.4,0,0,0
543.90,120.8,75.1,7640,73.5,3,-9.2,0,0,12239.0,38.1621800,-122.4566870,4.4,14.4,0,0,0
544.00,121.4,75.4,7570,79.0,3,-8.8,0,0,12239.0,38.1621750,-122.4567220,4.4,14.4,0,0,0
544.10,121.5,75.5,7748,81.5,3,-9.1,0,0,12239.0,38.1621690,-122.4567570,4.4,14.4,0,0,0
544.20,124.0,77.1,7837,75.0,3,-9.4,0,0,12239.0,38.1621630,-122.4567920,4.4,14.4,0,0,0
544.30,124.9,77.6,7897,75.0,3,-9.5,0,0,12239.0,38.1621570,-122.4568280,4.4,14.4,0,0,0
544.40,125.9,78.2,8001,74.5,3,-9.6,0,0,12239.0,38.1621510,-122.4568630,4.4,14.4,0,0,0
544.50,127.0,78.9,8043,73.0,3,-9.5,0,0,12239.0,38.1621440,-122.4568990,4.4,14.4,0,0,0
544.60,127.4,79.1,8082,73.0,3,-9.3,0,0,12239.0,38.1621370,-122.4569350,4.4,14.4,0,0,0
544.70,128.7,80.0,8186,73.0,3,-9.7,0,0,12239.0,38.1621300,-122.4569720,4.4,14.4,0,0,0
544.80,129.9,80.7,8272,73.0,3,-10.7,0,0,12239.0,38.1621220,-122.4570080,6.2,20.3,0,0,0
544.90,131.1,81.5,8306,72.5,3,-11.8,0,0,12239.0,38.1621150,-122.4570450,6.2,20.3,0,0,0
545.00,132.7,82.5,8355,63.5,3,-12.6,0,0,12239.0,38.1621070,-122.4570820,6.2,20.3,0,0,0
545.10,133.1,82.7,8359,53.0,3,-13.3,0,0,12239.0,38.1620990,-122.4571200,6.2,20.3,0,0,0
545.20,132.0,82.0,8331,46.0,3,-14.3,0,0,12239.0,38.1620910,-122.4571570,6.2,20.3,0,0,0
545.30,131.8,81.9,8406,51.0,3,-16.0,0,0,12239.0,38.1620820,-122.4571940,6.2,20.3,0,0,0
545.40,132.8,82.5,8425,56.0,3,-18.3,0,0,12239.0,38.1620730,-122.4572320,6.2,20.3,0,0,0
545.50,133.9,83.2,8461,54.5,3,-20.7,0,0,12239.0,38.1620640,-122.4572680,6.2,20.3,0,0,0
545.60,134.5,83.6,8465,48.0,3,-22.9,0,0,12239.0,38.1620540,-122.4573050,6.2,20.3,0,0,0
545.70,134.7,83.7,8475,44.0,3,-25.2,0,0,12239.0,38.1620450,-122.4573420,6.2,20.3,0,0,0
545.80,134.5,83.6,8453,37.5,3,-26.8,0,0,12239.0,38.1620340,-122.4573780,8.5,27.9,0,0,0
545.90,134.0,83.3,8411,35.0,3,-27.4,0,0,12239.0,38.1620240,-122.4574140,8.5,27.9,0,0,0
546.00,134.2,83.4,8430,34.5,3,-28.2,0,0,12239.0,38.1620120,-122.4574500,8.5,27.9,0,0,0
546.10,134.3,83.5,8463,32.0,3,-29.7,0,0,12239.0,38.1620010,-122.4574850,8.5,27.9,0,0,0
546.20,134.1,83.3,8442,36.0,3,-31.0,0,0,12239.0,38.1619880,-122.4575200,8.5,27.9,0,0,0
546.30,133.5,82.9,8333,37.0,3,-31.6,0,0,12239.0,38.1619760,-122.4575540,8.5,27.9,0,0,0
546.40,132.8,82.5,8288,41.5,3,-31.9,0,0,12239.0,38.1619620,-122.4575880,8.5,27.9,0,0,0
546.50,132.3,82.2,8278,41.0,3,-32.0,0,0,12239.0,38.1619480,-122.4576210,8.5,27.9,0,0,0
546.60,131.4,81.7,8256,42.5,3,-32.1,0,0,12239.0,38.1619340,-122.4576540,8.5,27.9,0,0,0
546.70,131.2,81.5,8228,40.5,3,-31.9,0,0,12239.0,38.1619190,-122.4576850,8.5,27.9,0,0,0
546.80,130.7,81.2,8199,39.5,3,-31.8,0,0,12239.0,38.1619030,-122.4577170,12.5,41.0,0,0,0
546.90,130.3,81.0,8168,40.0,3,-31.7,0,0,12239.0,38.1618880,-122.4577480,12.5,41.0,0,0,0
547.00,129.6,80.5,8139,44.5,3,-31.6,0,0,12239.0,38.1618710,-122.4577780,12.5,41.0,0,0,0
547.10,130.1,80.8,8157,43.0,3,-31.9,0,0,12239.0,38.1618550,-122.4578090,12.5,41.0,0,0,0
547.20,129.2,80.3,8139,41.5,3,-32.1,0,0,12239.0,38.1618390,-122.4578390,12.5,41.0,0,0,0
547.30,128.7,80.0,8067,40.0,3,-32.7,0,0,12239.0,38.1618220,-122.4578690,12.5,41.0,0,0,0
547.40,128.2,79.7,8035,32.5,3,-33.5,0,0,12239.0,38.1618040,-122.4578990,12.5,41.0,0,0,0
547.50,128.2,79.6,7948,24.0,3,-33.7,0,0,12239.0,38.1617860,-122.4579290,12.5,41.0,0,0,0
547.60,126.3,78.5,7866,26.0,3,-33.5,0,0,12239.0,38.1617680,-122.4579550,12.5,41.0,0,0,0
547.70,125.2,77.8,7862,28.0,3,-32.8,0,0,12239.0,38.1617500,-122.4579790,12.5,41.0,0,0,0
547.80,125.1,77.7,7827,30.5,3,-32.6,0,0,12239.0,38.1617320,-122.4580040,16.4,53.8,0,0,0
547.90,124.1,77.1,7686,30.5,3,-32.2,0,0,12239.0,38.1617130,-122.4580290,16.4,53.8,0,0,0
548.00,121.8,75.7,7588,14.0,3,-31.2,0,0,12239.0,38.1616940,-122.4580520,16.4,53.8,0,0,0
548.10,120.5,74.9,7041,0.0,3,-30.4,0,0,12239.0,38.1616750,-122.4580750,16.4,53.8,0,0,0
548.20,115.0,71.5,7289,0.0,3,-28.8,0,0,12239.0,38.1616550,-122.4580970,16.4,53.8,0,0,0
548.30,115.7,71.9,7172,0.0,3,-26.9,0,0,12239.0,38.1616360,-122.4581180,16.4,53.8,0,0,0
548.40,113.8,70.7,7069,0.0,3,-24.4,0,0,12239.0,38.1616160,-122.4581390,16.4,53.8,0,0,0
548.50,112.2,69.7,6937,0.0,3,-22.2,0,0,12239.0,38.1615960,-122.4581590,16.4,53.8,0,0,0
548.60,110.1,68.4,6842,0.0,3,-20.7,0,0,12239.0,38.1615760,-122.4581790,16.4,53.8,0,0,0
548.70,108.5,67.4,6711,0.0,3,-20.4,0,0,12240.0,38.1615550,-122.4581970,16.4,53.8,0,0,0
548.80,106.8,66.3,6614,0.0,3,-19.7,0,0,12240.0,38.1615350,-122.4582150,21.2,69.6,0,0,0
548.90,105.0,65.2,6459,0.0,3,-18.5,0,0,12240.0,38.1615150,-122.4582330,21.2,69.6,0,0,0
549.00,102.6,63.8,6303,0.0,3,-15.2,0,0,12240.0,38.1614950,-122.4582510,21.2,69.6,0,0,0
549.10,100.0,62.1,6771,0.0,3,-11.1,0,0,12240.0,38.1614740,-122.4582680,21.2,69.6,0,0,0
549.20,98.8,61.4,7778,0.0,2,-6.3,0,0,12240.0,38.1614550,-122.4582850,21.2,69.6,0,0,0
549.30,96.6,60.0,7642,0.0,2,-0.9,0,0,12240.0,38.1614360,-122.4583010,21.2,69.6,0,0,0
549.40,95.7,59.5,7031,0.0,2,3.8,0,0,12240.0,38.1614170,-122.4583170,21.2,69.6,0,0,0
549.50,93.7,58.2,7241,0.0,2,7.9,0,0,12240.0,38.1613990,-122.4583330,21.2,69.6,0,0,0
549.60,91.7,57.0,7119,0.0,2,11.0,0,0,12240.0,38.1613810,-122.4583480,21.2,69.6,0,0,0
549.70,90.3,56.1,7044,0.0,2,13.3,0,0,12240.0,38.1613630,-122.4583640,21.2,69.6,0,0,0
549.80,89.4,55.6,6954,0.0,2,15.8,0,0,12240.0,38.1613460,-122.4583800,25.0,82.0,0,0,0
549.90,88.5,55.0,6893,0.0,2,18.0,0,0,12240.0,38.1613290,-122.4583960,25.0,82.0,0,0,0
550.00,87.2,54.2,6802,0.0,2,20.2,0,0,12240.0,38.1613130,-122.4584110,25.0,82.0,0,0,0
550.10,86.4,53.7,6723,0.0,2,22.2,0,0,12240.0,38.1612970,-122.4584270,25.0,82.0,0,0,0
550.20,85.3,53.0,6637,0.0,2,24.2,0,0,12240.0,38.1612820,-122.4584430,25.0,82.0,0,0,0
550.30,84.4,52.4,6546,0.0,2,25.8,0,0,12240.0,38.1612670,-122.4584600,25.0,82.0,0,0,0
550.40,83.3,51.8,6559,10.0,2,27.4,0,0,12240.0,38.1612530,-122.4584760,25.0,82.0,0,0,0
550.50,83.2,51.7,6454,10.5,2,28.7,0,0,12240.0,38.1612400,-122.4584920,25.0,82.0,0,0,0
550.60,82.6,51.3,6487,14.5,2,29.9,0,0,12240.0,38.1612260,-122.4585090,25.0,82.0,0,0,0
550.70,81.4,50.6,6724,22.5,2,31.2,0,0,12240.0,38.1612140,-122.4585260,25.0,82.0,0,0,0
550.80,83.9,52.2,6477,23.0,2,32.1,0,0,12240.0,38.1612020,-122.4585430,27.9,91.5,0,0,0
550.90,81.6,50.7,6406,23.0,2,32.7,0,0,12240.0,38.1611900,-122.4585600,27.9,91.5,0,0,0
551.00,81.1,50.4,6325,22.5,2,33.1,0,0,12240.0,38.1611790,-122.4585780,27.9,91.5,0,0,0
551.10,80.9,50.2,6349,19.0,2,34.3,0,0,12240.0,38.1611680,-122.4585960,27.9,91.5,0,0,0
551.20,80.7,50.1,6329,20.0,2,35.3,0,0,12240.0,38.1611580,-122.4586140,27.9,91.5,0,0,0
551.30,80.3,49.9,6323,22.0,2,36.0,0,0,12240.0,38.1611480,-122.4586330,27.9,91.5,0,0,0
551.40,79.5,49.4,6278,28.5,2,35.9,0,0,12240.0,38.1611390,-122.4586510,27.9,91.5,0,0,0
551.50,80.6,50.1,6336,32.0,2,35.9,0,0,12240.0,38.1611310,-122.4586710,27.9,91.5,0,0,0
551.60,80.5,50.0,6308,32.0,2,35.5,0,0,12240.0,38.1611230,-122.4586900,27.9,91.5,0,0,0
551.70,80.1,49.8,6248,34.5,2,35.4,0,0,12240.0,38.1611150,-122.4587100,27.9,91.5,0,0,0
551.80,79.7,49.5,6296,34.5,2,35.5,0,0,12240.0,38.1611080,-122.4587300,31.1,102.0,0,0,0
551.90,80.5,50.0,6258,26.0,2,35.6,0,0,12240.0,38.1611020,-122.4587500,31.1,102.0,0,0,0
552.00,79.7,49.5,6241,26.0,2,35.9,0,0,12240.0,38.1610960,-122.4587700,31.1,102.0,0,0,0
552.10,79.7,49.5,6246,26.5,2,36.6,0,0,12240.0,38.1610910,-122.4587910,31.1,102.0,0,0,0
552.20,79.9,49.6,6297,33.0,2,37.5,0,0,12240.0,38.1610860,-122.4588120,31.1,102.0,0,0,0
552.30,80.2,49.8,6324,34.0,2,38.1,0,0,12240.0,38.1610810,-122.4588330,31.1,102.0,0,0,0
552.40,81.0,50.3,6355,34.0,2,38.3,0,0,12240.0,38.1610780,-122.4588540,31.1,102.0,0,0,0
552.50,80.7,50.2,6379,35.0,2,38.4,0,0,12240.0,38.1610750,-122.4588760,31.1,102.0,0,0,0
552.60,80.9,50.2,6378,36.0,2,38.5,0,0,12240.0,38.1610720,-122.4588970,31.1,102.0,0,0,0
552.70,81.1,50.4,6420,38.0,2,38.9,0,0,12240.0,38.1610700,-122.4589190,31.1,102.0,0,0,0
552.80,81.8,50.8,6453,38.5,2,39.5,0,0,12240.0,38.1610690,-122.4589410,33.3,109.3,0,0,0
552.90,81.7,50.8,6479,39.0,2,39.7,0,0,12240.0,38.1610680,-122.4589630,33.3,109.3,0,0,0
553.00,82.0,50.9,6500,40.5,2,39.1,0,0,12240.0,38.1610680,-122.4589850,33.3,109.3,0,0,0
553.10,83.1,51.6,6607,47.0,2,38.0,0,0,12240.0,38.1610680,-122.4590070,33.3,109.3,0,0,0
553.20,83.7,52.0,6654,52.0,2,37.1,0,0,12240.0,38.1610690,-122.4590290,33.3,109.3,0,0,0
553.30,84.5,52.5,6751,55.0,2,36.7,0,0,12240.0,38.1610710,-122.4590520,33.3,109.3,0,0,0
553.40,85.8,53.3,6724,57.5,2,37.0,0,0,12240.0,38.1610730,-122.4590740,33.3,109.3,0,0,0
553.50,86.2,53.5,6974,63.0,2,37.3,0,0,12240.0,38.1610760,-122.4590970,33.3,109.3,0,0,0
553.60,88.0,54.7,7028,62.5,2,37.3,0,0,12240.0,38.1610790,-122.4591200,33.3,109.3,0,0,0
553.70,89.2,55.5,7081,63.5,2,37.3,0,0,12240.0,38.1610830,-122.4591430,33.3,109.3,0,0,0
553.80,90.1,56.0,7207,65.5,2,36.9,0,0,12240.0,38.1610880,-122.4591660,34.2,112.2,0,0,0
553.90,91.8,57.0,7309,68.0,2,35.8,0,0,12240.0,38.1610930,-122.4591900,34.2,112.2,0,0,0
554.00,93.5,58.1,7439,72.5,2,34.4,0,0,12240.0,38.1610990,-122.4592130,34.2,112.2,0,0,0
554.10,94.1,58.5,7548,74.0,2,33.0,0,0,12240.0,38.1611060,-122.4592370,34.2,112.2,0,0,0
554.20,96.0,59.7,7663,74.5,2,31.9,0,0,12240.0,38.1611140,-122.4592610,34.2,112.2,0,0,0
554.30,97.3,60.5,7789,74.5,2,31.3,0,0,12240.0,38.1611220,-122.4592860,34.2,112.2,0,0,0
554.40,98.9,61.5,7954,76.0,2,31.0,0,0,12240.0,38.1611310,-122.4593100,34.2,112.2,0,0,0
554.50,100.5,62.4,8080,76.5,2,30.9,0,0,12240.0,38.1611400,-122.4593340,34.2,112.2,0,0,0
554.60,103.0,64.0,8224,77.0,2,30.2,0,0,12240.0,38.1611500,-122.4593590,34.2,112.2,0,0,0
554.70,104.3,64.8,8388,78.5,2,29.2,0,0,12240.0,38.1611610,-122.4593840,34.2,112.2,0,0,0
554.80,105.8,65.7,8528,78.5,2,28.3,0,0,12240.0,38.1611720,-122.4594090,35.1,115.2,0,0,0
554.90,108.3,67.3,8699,77.0,2,28.0,0,0,12240.0,38.1611840,-122.4594340,35.1,115.2,0,0,0
555.00,110.3,68.5,8651,67.0,2,27.9,0,0,12240.0,38.1611970,-122.4594590,35.1,115.2,0,0,0
555.10,110.1,68.4,8744,66.0,2,27.6,0,0,12240.0,38.1612100,-122.4594850,35.1,115.2,0,0,0
555.20,112.0,69.6,8934,67.0,2,28.0,0,0,12240.0,38.1612240,-122.4595110,35.1,115.2,0,0,0
555.30,113.5,70.5,9053,67.5,2,28.7,0,0,12240.0,38.1612380,-122.4595360,35.1,115.2,0,0,0
555.40,115.0,71.5,9122,67.5,2,28.8,0,0,12240.0,38.1612520,-122.4595620,35.1,115.2,0,0,0
555.50,116.5,72.4,9277,69.0,2,28.4,0,0,12240.0,38.1612670,-122.4595880,35.1,115.2,0,0,0
555.60,116.4,72.3,7479,77.0,2,28.1,0,0,12240.0,38.1612830,-122.4596130,35.1,115.2,0,0,0
555.70,117.7,73.1,7459,83.5,3,27.0,0,0,12240.0,38.1612990,-122.4596390,35.1,115.2,0,0,0
555.80,117.6,73.1,7474,94.5,3,25.8,0,0,12240.0,38.1613150,-122.4596640,36.0,118.1,0,0,0
555.90,118.8,73.8,7555,99.0,3,25.5,0,0,12240.0,38.1613320,-122.4596890,36.0,118.1,0,0,0
556.00,120.0,74.6,7605,100.0,3,25.1,0,0,12240.0,38.1613500,-122.4597140,36.0,118.1,0,0,0
556.10,121.5,75.5,7657,100.0,3,24.5,0,0,12240.0,38.1613680,-122.4597390,36.0,118.1,0,0,0
556.20,121.3,75.4,7697,100.0,3,23.4,0,0,12240.0,38.1613860,-122.4597640,36.0,118.1,0,0,0
556.30,121.9,75.7,7750,100.0,3,21.9,0,0,12240.0,38.1614050,-122.4597890,36.0,118.1,0,0,0
556.40,123.2,76.6,7811,100.0,3,20.4,0,0,12240.0,38.1614240,-122.4598140,36.0,118.1,0,0,0
556.50,123.8,76.9,7866,100.0,3,19.4,0,0,12240.0,38.1614440,-122.4598390,36.0,118.1,0,0,0
556.60,124.9,77.6,7924,100.0,3,18.4,0,0,12240.0,38.1614640,-122.4598640,36.0,118.1,0,0,0
556.70,125.2,77.8,7951,100.0,3,17.1,0,0,12240.0,38.1614840,-122.4598890,36.0,118.1,0,0,0
556.80,125.8,78.2,8013,100.0,3,15.9,0,0,12240.0,38.1615050,-122.4599140,36.9,121.1,0,0,0
556.90,127.4,79.2,8135,100.0,3,14.8,0,0,12240.0,38.1615260,-122.4599390,36.9,121.1,0,0,0
557.00,128.5,79.8,8173,100.0,3,14.0,0,0,12240.0,38.1615480,-122.4599640,36.9,121.1,0,0,0
557.10,129.7,80.6,8242,97.5,3,13.3,0,0,12240.0,38.1615700,-122.4599890,36.9,121.1,0,0,0
557.20,131.0,81.4,8359,95.0,3,13.0,0,0,12240.0,38.1615920,-122.4600140,36.9,121.1,0,0,0
557.30,132.4,82.3,8465,91.5,3,12.7,0,0,12240.0,38.1616150,-122.4600390,36.9,121.1,0,0,0
557.40,133.7,83.1,8530,89.0,3,12.1,0,0,12240.0,38.1616370,-122.4600650,36.9,121.1,0,0,0
557.50,135.1,84.0,8602,84.0,3,11.6,0,0,12240.0,38.1616610,-122.4600900,36.9,121.1,0,0,0
557.60,136.4,84.7,8656,78.5,3,11.2,0,0,12240.0,38.1616840,-122.4601160,36.9,121.1,0,0,0
557.70,137.2,85.3,8535,59.0,3,10.5,0,0,12240.0,38.1617080,-122.4601420,36.9,121.1,0,0,0
557.80,136.3,84.7,7952,0.0,3,10.1,0,0,12240.0,38.1617330,-122.4601680,36.9,121.1,0,0,0
557.90,132.6,82.4,8352,0.0,3,9.2,0,0,12240.0,38.1617570,-122.4601940,36.9,121.1,0,0,0
558.00,132.4,82.2,8272,0.0,3,8.8,0,0,12240.0,38.1617820,-122.4602190,36.9,121.1,0,0,0
558.10,131.6,81.8,8206,0.0,3,8.8,0,0,12240.0,38.1618060,-122.4602440,36.9,121.1,0,0,0
558.20,130.9,81.4,8166,0.0,3,9.3,0,0,12240.0,38.1618300,-122.4602680,36.9,121.1,0,0,0
558.30,129.7,80.6,8108,0.0,3,9.6,0,0,12240.0,38.1618540,-122.4602920,36.9,121.1,0,0,0
558.40,128.7,80.0,8009,0.0,3,9.2,0,0,12240.0,38.1618780,-122.4603160,36.9,121.1,0,0,0
558.50,127.2,79.1,7924,0.0,3,8.1,0,0,12240.0,38.1619020,-122.4603400,36.9,121.1,0,0,0
558.60,126.3,78.5,7854,0.0,3,7.1,0,0,12240.0,38.1619260,-122.4603620,36.9,121.1,0,0,0
558.70,125.0,77.6,7784,0.0,3,6.4,0,0,12240.0,38.1619500,-122.4603850,36.9,121.1,0,0,0
558.80,123.9,77.0,7692,0.0,3,6.2,0,0,12240.0,38.1619740,-122.4604070,36.5,119.8,0,0,0
558.90,122.7,76.3,7642,0.0,3,4.7,0,0,12240.0,38.1619970,-122.4604280,36.5,119.8,0,0,0
559.00,121.4,75.4,7547,0.0,3,2.7,0,0,12240.0,38.1620200,-122.4604500,36.5,119.8,0,0,0
559.10,119.9,74.5,7476,0.0,3,0.7,0,0,12240.0,38.1620440,-122.4604710,36.5,119.8,0,0,0
559.20,119.0,74.0,7439,0.0,3,-1.9,0,0,12240.0,38.1620670,-122.4604930,36.5,119.8,0,0,0
559.30,118.5,73.6,7375,0.0,3,-4.2,0,0,12240.0,38.1620890,-122.4605140,36.5,119.8,0,0,0
559.40,117.1,72.7,7326,0.0,3,-6.5,0,0,12240.0,38.1621120,-122.4605350,36.5,119.8,0,0,0
559.50,116.7,72.5,7282,0.0,3,-9.3,0,0,12240.0,38.1621340,-122.4605560,36.5,119.8,0,0,0
559.60,115.7,71.9,7207,0.0,3,-11.5,0,0,12240.0,38.1621560,-122.4605770,36.5,119.8,0,0,0
559.70,115.2,71.6,7205,0.0,3,-13.4,0,0,12240.0,38.1621780,-122.4605980,36.5,119.8,0,0,0
559.80,114.6,71.2,7163,0.0,3,-15.1,0,0,12240.0,38.1621990,-122.4606200,35.7,117.1,0,0,0
559.90,114.0,70.8,7138,0.0,3,-16.0,0,0,12240.0,38.1622200,-122.4606410,35.7,117.1,0,0,0
560.00,113.7,70.6,7094,0.0,3,-16.6,0,0,12240.0,38.1622400,-122.4606620,35.7,117.1,0,0,0
560.10,113.0,70.2,7066,0.0,3,-18.8,0,0,12240.0,38.1622610,-122.4606840,35.7,117.1,0,0,0
560.20,112.5,69.9,7061,0.0,3,-21.6,0,0,12240.0,38.1622810,-122.4607060,35.7,117.1,0,0,0
560.30,112.4,69.9,7053,0.0,3,-23.7,0,0,12240.0,38.1623000,-122.4607280,35.7,117.1,0,0,0
560.40,111.7,69.4,6993,0.0,3,-25.4,0,0,12240.0,38.1623190,-122.4607500,35.7,117.1,0,0,0
560.50,111.6,69.3,6954,2.5,3,-26.7,0,0,12240.0,38.1623380,-122.4607730,35.7,117.1,0,0,0
560.60,110.5,68.7,7049,11.0,3,-27.5,0,0,12240.0,38.1623560,-122.4607950,35.7,117.1,0,0,0
560.70,111.2,69.1,6959,5.0,3,-27.9,0,0,12240.0,38.1623740,-122.4608180,35.7,117.1,0,0,0
560.80,110.5,68.7,7021,16.5,3,-28.4,0,0,12240.0,38.1623900,-122.4608420,34.5,113.2,0,0,0
560.90,110.3,68.5,6899,19.0,3,-28.8,0,0,12240.0,38.1624070,-122.4608660,34.5,113.2,0,0,0
561.00,109.8,68.2,6906,18.5,3,-29.1,0,0,12240.0,38.1624230,-122.4608900,34.5,113.2,0,0,0
561.10,109.5,68.0,6837,18.0,3,-29.3,0,0,12240.0,38.1624380,-122.4609140,34.5,113.2,0,0,0
561.20,108.9,67.7,6850,19.0,3,-29.6,0,0,12240.0,38.1624530,-122.4609390,34.5,113.2,0,0,0
561.30,108.7,67.6,6803,21.5,3,-29.9,0,0,12240.0,38.1624670,-122.4609640,34.5,113.2,0,0,0
561.40,108.2,67.2,6775,23.0,3,-30.4,0,0,12240.0,38.1624810,-122.4609900,34.5,113.2,0,0,0
561.50,107.7,66.9,6834,28.0,3,-31.1,0,0,12240.0,38.1624940,-122.4610160,34.5,113.2,0,0,0
561.60,108.2,67.2,6831,35.0,3,-32.4,0,0,12240.0,38.1625060,-122.4610430,34.5,113.2,0,0,0
561.70,108.7,67.6,6834,36.0,3,-33.9,0,0,12240.0,38.1625180,-122.4610700,34.5,113.2,0,0,0
561.80,108.5,67.4,6825,41.5,3,-34.2,0,0,12240.0,38.1625290,-122.4610970,34.9,114.5,0,0,0
561.90,108.6,67.5,6934,49.5,3,-34.0,0,0,12240.0,38.1625400,-122.4611250,34.9,114.5,0,0,0
562.00,109.7,68.2,6940,48.0,3,-33.9,0,0,12240.0,38.1625490,-122.4611540,34.9,114.5,0,0,0
562.10,110.4,68.6,6929,46.0,3,-34.2,0,0,12240.0,38.1625570,-122.4611820,34.9,114.5,0,0,0
562.20,109.9,68.3,6858,45.0,3,-33.9,0,0,12240.0,38.1625660,-122.4612110,34.9,114.5,0,0,0
562.30,109.1,67.8,6894,46.0,3,-33.7,0,0,12240.0,38.1625730,-122.4612400,34.9,114.5,0,0,0
562.40,109.3,67.9,6893,47.0,3,-33.7,0,0,12240.0,38.1625800,-122.4612690,34.9,114.5,0,0,0
562.50,108.8,67.6,6897,53.5,3,-33.8,0,0,12240.0,38.1625860,-122.4612980,34.9,114.5,0,0,0
562.60,110.0,68.3,6901,58.5,3,-33.7,0,0,12240.0,38.1625920,-122.4613270,34.9,114.5,0,0,0
562.70,110.4,68.6,6932,59.0,3,-33.7,0,0,12240.0,38.1625970,-122.4613560,34.9,114.5,0,0,0
562.80,110.6,68.8,6922,54.5,3,-33.1,0,0,12240.0,38.1626010,-122.4613860,37.7,123.7,0,0,0
562.90,109.9,68.3,6881,51.5,3,-31.6,0,0,12240.0,38.1626040,-122.4614160,37.7,123.7,0,0,0
563.00,109.5,68.0,6806,50.5,3,-29.2,0,0,12240.0,38.1626080,-122.4614460,37.7,123.7,0,0,0
563.10,107.8,67.0,6715,46.0,3,-25.7,0,0,12240.0,38.1626100,-122.4614770,37.7,123.7,0,0,0
563.20,107.1,66.5,6656,40.0,3,-21.9,0,0,12240.0,38.1626120,-122.4615080,37.7,123.7,0,0,0
563.30,105.6,65.6,6577,38.0,3,-18.2,0,0,12240.0,38.1626130,-122.4615390,37.7,123.7,0,0,0
563.40,104.8,65.1,6528,34.5,3,-14.4,0,0,12240.0,38.1626140,-122.4615690,37.7,123.7,0,0,0
563.50,104.1,64.7,6497,34.0,3,-9.7,0,0,12240.0,38.1626140,-122.4616000,37.7,123.7,0,0,0
563.60,103.1,64.1,6479,33.5,3,-6.0,0,0,12240.0,38.1626150,-122.4616310,37.7,123.7,0,0,0
563.70,102.8,63.9,6383,27.0,3,-1.2,0,0,12240.0,38.1626150,-122.4616610,37.7,123.7,0,0,0
563.80,102.0,63.4,6413,18.5,3,5.8,0,0,12240.0,38.1626150,-122.4616920,41.1,134.8,0,0,0
563.90,101.8,63.2,6391,17.0,3,13.5,0,0,12240.0,38.1626160,-122.4617220,41.1,134.8,0,0,0
564.00,101.7,63.2,6390,12.0,3,20.9,0,0,12240.0,38.1626170,-122.4617520,41.1,134.8,0,0,0
564.10,102.1,63.4,6398,16.0,3,27.1,0,0,12240.0,38.1626180,-122.4617820,41.1,134.8,0,0,0
564.20,102.0,63.4,6532,21.5,3,31.0,0,0,12240.0,38.1626190,-122.4618110,41.1,134.8,0,0,0
564.30,102.6,63.7,6455,24.0,3,33.0,0,0,12240.0,38.1626210,-122.4618400,41.1,134.8,0,0,0
564.40,102.5,63.7,6435,25.0,3,34.4,0,0,12240.0,38.1626230,-122.4618690,41.1,134.8,0,0,0
564.50,102.1,63.4,6441,29.0,3,35.3,0,0,12240.0,38.1626270,-122.4618970,41.1,134.8,0,0,0
564.60,102.0,63.4,6402,32.0,3,35.5,0,0,12240.0,38.1626300,-122.4619250,41.1,134.8,0,0,0
564.70,101.7,63.2,6361,32.5,3,35.6,0,0,12240.0,38.1626340,-122.4619530,41.1,134.8,0,0,0
564.80,101.3,63.0,6356,35.0,3,35.8,0,0,12240.0,38.1626390,-122.4619800,43.9,144.0,0,0,0
564.90,101.6,63.1,6381,37.5,3,36.3,0,0,12240.0,38.1626450,-122.4620080,43.9,144.0,0,0,0
565.00,101.4,63.0,6435,40.5,3,37.1,0,0,12240.0,38.1626510,-122.4620350,43.9,144.0,0,0,0
565.10,102.3,63.6,6393,38.0,3,37.9,0,0,12240.0,38.1626570,-122.4620610,43.9,144.0,0,0,0
565.20,102.4,63.6,6423,38.0,3,38.7,0,0,12240.0,38.1626650,-122.4620880,43.9,144.0,0,0,0
565.30,101.7,63.2,6362,38.0,3,39.4,0,0,12240.0,38.1626720,-122.4621140,43.9,144.0,0,0,0
565.40,101.7,63.2,6452,40.5,3,39.6,0,0,12240.0,38.1626800,-122.4621400,43.9,144.0,0,0,0
565.50,102.8,63.9,6430,41.5,3,39.7,0,0,12240.0,38.1626890,-122.4621660,43.9,144.0,0,0,0
565.60,101.9,63.3,6531,54.0,3,39.8,0,0,12240.0,38.1626990,-122.4621920,43.9,144.0,0,0,0
565.70,104.0,64.6,6566,54.5,3,40.2,0,0,12240.0,38.1627090,-122.4622160,43.9,144.0,0,0,0
565.80,104.1,64.7,6591,56.0,3,40.6,0,0,12240.0,38.1627190,-122.4622410,46.3,151.9,0,0,0
565.90,104.5,65.0,6630,57.5,3,40.5,0,0,12240.0,38.1627300,-122.4622660,46.3,151.9,0,0,0
566.00,105.3,65.4,6683,60.0,3,40.2,0,0,12240.0,38.1627420,-122.4622900,46.3,151.9,0,0,0
566.10,106.5,66.2,6725,61.5,3,39.9,0,0,12240.0,38.1627550,-122.4623140,46.3,151.9,0,0,0
566.20,107.0,66.5,6800,66.0,3,39.7,0,0,12240.0,38.1627680,-122.4623380,46.3,151.9,0,0,0
566.30,108.5,67.4,6964,73.5,3,39.3,0,0,12240.0,38.1627810,-122.4623620,46.3,151.9,0,0,0
566.40,109.6,68.1,6935,77.5,3,38.6,0,0,12240.0,38.1627950,-122.4623850,46.3,151.9,0,0,0
566.50,110.3,68.5,6942,79.5,3,37.0,0,0,12240.0,38.1628100,-122.4624080,46.3,151.9,0,0,0
566.60,110.4,68.6,7015,81.5,3,35.3,0,0,12240.0,38.1628260,-122.4624310,46.3,151.9,0,0,0
566.70,111.4,69.2,7064,81.5,3,34.1,0,0,12240.0,38.1628420,-122.4624540,46.3,151.9,0,0,0
566.80,112.5,69.9,7169,81.5,3,33.5,0,0,12240.0,38.1628590,-122.4624760,47.5,155.8,0,0,0
566.90,114.3,71.0,7231,82.5,3,33.0,0,0,12240.0,38.1628760,-122.4624980,47.5,155.8,0,0,0
567.00,114.9,71.4,7270,84.0,3,32.1,0,0,12240.0,38.1628940,-122.4625200,47.5,155.8,0,0,0
567.10,116.2,72.2,7352,83.5,3,30.9,0,0,12240.0,38.1629120,-122.4625420,47.5,155.8,0,0,0
567.20,116.8,72.6,7397,81.0,3,29.6,0,0,12240.0,38.1629310,-122.4625640,47.5,155.8,0,0,0
567.30,118.0,73.3,7448,76.5,3,28.2,0,0,12240.0,38.1629500,-122.4625860,47.5,155.8,0,0,0
567.40,118.4,73.6,7478,76.5,3,25.9,0,0,12240.0,38.1629700,-122.4626080,47.5,155.8,0,0,0
567.50,118.9,73.9,7465,70.5,3,23.0,0,0,12240.0,38.1629900,-122.4626300,47.5,155.8,0,0,0
567.60,118.8,73.8,7359,48.5,3,19.8,0,0,12240.0,38.1630110,-122.4626520,47.5,155.8,0,0,0
567.70,117.4,73.0,6862,0.0,3,16.4,0,0,12240.0,38.1630310,-122.4626750,47.5,155.8,0,0,0
567.80,115.2,71.6,7113,0.0,3,14.3,0,0,12240.0,38.1630530,-122.4626960,46.9,153.9,0,0,0
567.90,113.7,70.7,7140,0.0,3,13.8,0,0,12240.0,38.1630740,-122.4627170,46.9,153.9,0,0,0
568.00,113.2,70.3,7066,0.0,3,12.5,0,0,12240.0,38.1630950,-122.4627380,46.9,153.9,0,0,0
568.10,112.5,69.9,7074,0.0,3,10.6,0,0,12240.0,38.1631160,-122.4627590,46.9,153.9,0,0,0
568.20,112.4,69.9,7034,0.0,3,9.6,0,0,12240.0,38.1631380,-122.4627800,46.9,153.9,0,0,0
568.30,112.0,69.6,6958,0.0,3,8.3,0,0,12240.0,38.1631590,-122.4628010,46.9,153.9,0,0,0
568.40,110.7,68.8,6857,0.0,3,8.1,0,0,12240.0,38.1631800,-122.4628210,46.9,153.9,0,0,0
568.50,108.9,67.7,6772,0.0,3,7.9,0,0,12240.0,38.1632010,-122.4628410,46.9,153.9,0,0,0
568.60,107.6,66.9,7394,0.0,3,6.4,0,0,12240.0,38.1632220,-122.4628610,46.9,153.9,0,0,0
568.70,99.0,61.5,8427,0.0,2,5.7,0,0,12240.0,38.1632430,-122.4628800,46.9,153.9,0,0,0
568.80,106.2,66.0,8217,0.0,2,5.3,0,0,12240.0,38.1632640,-122.4628990,44.0,144.4,0,0,0
568.90,105.1,65.3,8113,0.0,2,4.2,0,0,12240.0,38.1632840,-122.4629180,44.0,144.4,0,0,0
569.00,103.0,64.0,7966,0.0,2,2.9,0,0,12240.0,38.1633040,-122.4629360,44.0,144.4,0,0,0
569.10,101.3,62.9,7893,0.0,2,2.2,0,0,12240.0,38.1633240,-122.4629540,44.0,144.4,0,0,0
569.20,100.3,62.3,7766,0.0,2,2.1,0,0,12240.0,38.1633440,-122.4629720,44.0,144.4,0,0,0
569.30,98.7,61.3,7762,0.0,2,2.5,0,0,12240.0,38.1633630,-122.4629890,44.0,144.4,0,0,0
569.40,98.0,60.9,7636,0.0,2,3.1,0,0,12240.0,38.1633820,-122.4630060,44.0,144.4,0,0,0
569.50,96.5,60.0,7498,0.0,2,3.8,0,0,12240.0,38.1634010,-122.4630230,44.0,144.4,0,0,0
569.60,95.3,59.2,7388,0.0,2,4.2,0,0,12240.0,38.1634200,-122.4630400,44.0,144.4,0,0,0
569.70,94.2,58.6,7339,0.0,2,4.1,0,0,12240.0,38.1634390,-122.4630560,44.0,144.4,0,0,0
569.80,93.2,57.9,7233,0.0,2,3.9,0,0,12240.0,38.1634570,-122.4630720,41.3,135.5,0,0,0
569.90,91.6,56.9,7143,0.0,2,3.7,0,0,12240.0,38.1634750,-122.4630880,41.3,135.5,0,0,0
570.00,90.6,56.3,7010,0.0,2,3.9,0,0,12240.0,38.1634930,-122.4631030,41.3,135.5,0,0,0
570.10,89.2,55.5,6932,0.0,2,4.0,0,0,12240.0,38.1635110,-122.4631180,41.3,135.5,0,0,0
570.20,87.9,54.6,6825,0.0,2,4.2,0,0,12240.0,38.1635280,-122.4631330,41.3,135.5,0,0,0
570.30,86.4,53.7,6731,0.0,2,4.3,0,0,12240.0,38.1635450,-122.4631480,41.3,135.5,0,0,0
570.40,84.9,52.8,6575,0.0,2,5.1,0,0,12240.0,38.1635620,-122.4631620,41.3,135.5,0,0,0
570.50,83.2,51.7,6491,0.0,2,5.8,0,0,12240.0,38.1635790,-122.4631760,41.3,135.5,0,0,0
570.60,81.9,50.9,6368,0.0,2,6.2,0,0,12240.0,38.1635950,-122.4631890,41.3,135.5,0,0,0
570.70,80.7,50.2,6253,0.0,2,6.8,0,0,12240.0,38.1636120,-122.4632020,41.3,135.5,0,0,0
570.80,79.3,49.3,6168,0.0,2,7.9,0,0,12240.0,38.1636280,-122.4632150,39.9,130.9,0,0,0
570.90,78.6,48.9,6109,0.0,2,8.4,0,0,12240.0,38.1636430,-122.4632280,39.9,130.9,0,0,0
571.00,77.6,48.2,6009,0.0,2,9.0,0,0,12240.0,38.1636590,-122.4632400,39.9,130.9,0,0,0
571.10,76.4,47.5,5930,0.0,2,10.4,0,0,12240.0,38.1636750,-122.4632530,39.9,130.9,0,0,0
571.20,75.4,46.9,5915,0.0,2,13.2,0,0,12240.0,38.1636900,-122.4632650,39.9,130.9,0,0,0
571.30,75.0,46.6,5856,0.0,2,17.2,0,0,12240.0,38.1637060,-122.4632760,39.9,130.9,0,0,0
571.40,74.4,46.2,5841,0.0,2,21.4,0,0,12240.0,38.1637210,-122.4632870,39.9,130.9,0,0,0
571.50,74.3,46.2,5816,0.0,2,24.0,0,0,12240.0,38.1637360,-122.4632980,39.9,130.9,0,0,0
571.60,74.1,46.0,5772,0.0,2,25.5,0,0,12240.0,38.1637510,-122.4633080,39.9,130.9,0,0,0
571.70,73.4,45.6,5695,0.0,2,26.3,0,0,12240.0,38.1637670,-122.4633180,39.9,130.9,0,0,0
571.80,72.6,45.1,5653,0.0,2,26.6,0,0,12240.0,38.1637820,-122.4633260,38.4,126.0,0,0,0
571.90,71.8,44.6,5636,0.0,2,26.8,0,0,12240.0,38.1637980,-122.4633350,38.4,126.0,0,0,0
572.00,71.5,44.4,5609,0.0,2,27.3,0,0,12240.0,38.1638130,-122.4633420,38.4,126.0,0,0,0
572.10,71.3,44.3,5586,0.0,2,28.6,0,0,12240.0,38.1638280,-122.4633490,38.4,126.0,0,0,0
572.20,71.0,44.1,5572,0.0,2,29.2,0,0,12240.0,38.1638440,-122.4633560,38.4,126.0,0,0,0
572.30,70.4,43.7,5504,0.0,2,29.1,0,0,12240.0,38.1638590,-122.4633620,38.4,126.0,0,0,0
572.40,69.8,43.4,5455,0.0,2,29.6,0,0,12240.0,38.1638750,-122.4633670,38.4,126.0,0,0,0
572.50,69.2,43.0,5394,0.0,2,29.4,0,0,12240.0,38.1638900,-122.4633710,38.4,126.0,0,0,0
572.60,68.7,42.7,5353,0.0,2,29.6,0,0,12240.0,38.1639050,-122.4633750,38.4,126.0,0,0,0
572.70,68.1,42.3,5333,0.0,2,29.5,0,0,12240.0,38.1639210,-122.4633780,38.4,126.0,0,0,0
572.80,67.7,42.1,5274,1.5,2,29.7,0,0,12240.0,38.1639360,-122.4633800,37.1,121.7,0,0,0
572.90,67.1,41.7,5251,5.5,2,29.8,0,0,12240.0,38.1639510,-122.4633820,37.1,121.7,0,0,0
573.00,67.2,41.8,5305,8.5,2,29.9,0,0,12240.0,38.1639670,-122.4633830,37.1,121.7,0,0,0
573.10,67.2,41.8,5274,8.5,2,30.7,0,0,12240.0,38.1639820,-122.4633840,37.1,121.7,0,0,0
573.20,67.2,41.8,5356,15.5,2,32.2,0,0,12240.0,38.1639970,-122.4633840,37.1,121.7,0,0,0
573.30,67.5,42.0,5755,17.0,2,33.9,0,0,12240.0,38.1640120,-122.4633830,37.1,121.7,0,0,0
573.40,70.0,43.5,5405,14.5,2,35.2,0,0,12240.0,38.1640270,-122.4633820,37.1,121.7,0,0,0
573.50,69.2,43.0,5417,20.0,2,36.4,0,0,12240.0,38.1640420,-122.4633790,37.1,121.7,0,0,0
573.60,69.5,43.2,5566,19.5,2,37.6,0,0,12240.0,38.1640570,-122.4633770,37.1,121.7,0,0,0
573.70,70.8,44.0,5595,19.0,2,38.8,0,0,12240.0,38.1640720,-122.4633730,37.1,121.7,0,0,0
573.80,71.7,44.5,5667,20.5,2,39.8,0,0,12240.0,38.1640860,-122.4633680,35.7,117.1,0,0,0
573.90,72.3,44.9,5766,21.5,2,40.0,0,0,12240.0,38.1641010,-122.4633630,35.7,117.1,0,0,0
574.00,72.8,45.3,5734,27.0,2,40.0,0,0,12240.0,38.1641160,-122.4633570,35.7,117.1,0,0,0
574.10,73.6,45.7,5846,27.0,2,40.6,0,0,12240.0,38.1641310,-122.4633510,35.7,117.1,0,0,0
574.20,74.4,46.2,5937,27.0,2,41.1,0,0,12240.0,38.1641450,-122.4633430,35.7,117.1,0,0,0
574.30,75.6,47.0,5984,27.0,2,41.3,0,0,12240.0,38.1641590,-122.4633340,35.7,117.1,0,0,0
574.40,76.5,47.5,6056,27.5,2,41.6,0,0,12240.0,38.1641730,-122.4633240,35.7,117.1,0,0,0
574.50,77.2,48.0,6109,30.5,2,41.6,0,0,12240.0,38.1641870,-122.4633140,35.7,117.1,0,0,0
574.60,78.2,48.6,6179,32.0,2,41.4,0,0,12240.0,38.1642010,-122.4633030,35.7,117.1,0,0,0
574.70,78.8,48.9,6303,37.0,2,41.0,0,0,12240.0,38.1642150,-122.4632910,35.7,117.1,0,0,0
574.80,80.5,50.0,6385,38.5,2,40.8,0,0,12240.0,38.1642280,-122.4632780,33.8,110.9,0,0,0
574.90,81.4,50.6,6506,47.5,2,40.9,0,0,12240.0,38.1642410,-122.4632640,33.8,110.9,0,0,0
575.00,83.3,51.8,6685,52.5,2,41.0,0,0,12240.0,38.1642540,-122.4632490,33.8,110.9,0,0,0
575.10,85.1,52.9,6820,56.5,2,41.0,0,0,12240.0,38.1642660,-122.4632330,33.8,110.9,0,0,0
575.20,86.8,53.9,6927,60.5,2,40.5,0,0,12240.0,38.1642780,-122.4632170,33.8,110.9,0,0,0
575.30,88.1,54.8,7099,62.5,2,39.8,0,0,12240.0,38.1642900,-122.4631990,33.8,110.9,0,0,0
575.40,90.6,56.3,7257,66.5,2,38.8,0,0,12240.0,38.1643010,-122.4631800,33.8,110.9,0,0,0
575.50,92.5,57.5,7443,69.5,2,37.7,0,0,12240.0,38.1643120,-122.4631600,33.8,110.9,0,0,0
575.60,95.0,59.0,7617,71.0,2,36.7,0,0,12240.0,38.1643230,-122.4631400,33.8,110.9,0,0,0
575.70,96.4,59.9,7742,72.5,2,35.5,0,0,12240.0,38.1643330,-122.4631180,33.8,110.9,0,0,0
575.80,98.1,61.0,7860,73.5,2,34.0,0,0,12240.0,38.1643430,-122.4630950,31.3,102.7,0,0,0
575.90,99.4,61.7,7977,74.0,2,31.9,0,0,12240.0,38.1643530,-122.4630710,31.3,102.7,0,0,0
576.00,101.2,62.9,8168,76.5,2,29.8,0,0,12240.0,38.1643630,-122.4630470,31.3,102.7,0,0,0
576.10,104.3,64.8,8380,76.5,2,28.2,0,0,12240.0,38.1643720,-122.4630210,31.3,102.7,0,0,0
576.20,107.0,66.5,8533,77.0,2,26.6,0,0,12240.0,38.1643820,-122.4629950,31.3,102.7,0,0,0
576.30,108.2,67.2,8646,77.5,2,24.6,0,0,12240.0,38.1643910,-122.4629680,31.3,102.7,0,0,0
576.40,109.9,68.3,8808,79.0,2,22.3,0,0,12240.0,38.1644000,-122.4629400,31.3,102.7,0,0,0
576.50,112.0,69.6,9026,80.5,2,20.4,0,0,12240.0,38.1644090,-122.4629110,31.3,102.7,0,0,0
576.60,114.3,71.0,7243,81.0,2,18.3,0,0,12240.0,38.1644170,-122.4628810,31.3,102.7,0,0,0
576.70,113.5,70.5,7295,83.5,3,16.6,0,0,12240.0,38.1644250,-122.4628500,31.3,102.7,0,0,0
576.80,115.4,71.7,7391,82.0,3,15.5,0,0,12240.0,38.1644340,-122.4628190,28.2,92.5,0,0,0
576.90,117.1,72.8,7527,85.5,3,15.4,0,0,12240.0,38.1644420,-122.4627870,28.2,92.5,0,0,0
577.00,120.0,74.6,7657,81.5,3,15.4,0,0,12240.0,38.1644500,-122.4627540,28.2,92.5,0,0,0
577.10,121.3,75.4,7764,81.5,3,16.0,0,0,12240.0,38.1644580,-122.4627210,28.2,92.5,0,0,0
577.20,123.2,76.6,7900,78.5,3,16.4,0,0,12240.0,38.1644650,-122.4626870,28.2,92.5,0,0,0
577.30,124.9,77.6,8011,69.0,3,17.2,0,0,12240.0,38.1644730,-122.4626530,28.2,92.5,0,0,0
577.40,127.0,78.9,8054,55.5,3,18.5,0,0,12240.0,38.1644800,-122.4626180,28.2,92.5,0,0,0
577.50,128.6,79.9,8119,49.5,3,19.9,0,0,12240.0,38.1644870,-122.4625820,28.2,92.5,0,0,0
577.60,128.6,79.9,8192,52.5,3,21.3,0,0,12240.0,38.1644940,-122.4625460,28.2,92.5,0,0,0
577.70,130.2,80.9,8184,51.0,3,22.1,0,0,12240.0,38.1645010,-122.4625100,28.2,92.5,0,0,0
577.80,130.6,81.1,8249,42.0,3,23.1,0,0,12240.0,38.1645070,-122.4624730,24.9,81.7,0,0,0
577.90,131.6,81.8,8303,35.0,3,24.6,0,0,12240.0,38.1645120,-122.4624360,24.9,81.7,0,0,0
578.00,132.0,82.0,8336,35.0,3,26.2,0,0,12240.0,38.1645170,-122.4623990,24.9,81.7,0,0,0
578.10,132.1,82.1,8327,37.0,3,27.6,0,0,12240.0,38.1645220,-122.4623610,24.9,81.7,0,0,0
578.20,133.2,82.8,8375,36.5,3,28.1,0,0,12240.0,38.1645260,-122.4623230,24.9,81.7,0,0,0
578.30,133.9,83.2,8432,36.0,3,28.6,0,0,12240.0,38.1645290,-122.4622840,24.9,81.7,0,0,0
578.40,133.9,83.2,8397,29.5,3,29.3,0,0,12240.0,38.1645320,-122.4622460,24.9,81.7,0,0,0
578.50,133.7,83.1,8397,26.0,3,29.8,0,0,12240.0,38.1645350,-122.4622080,24.9,81.7,0,0,0
578.60,133.7,83.1,8350,19.5,3,30.2,0,0,12240.0,38.1645370,-122.4621700,24.9,81.7,0,0,0
578.70,133.5,82.9,8331,12.5,3,31.1,0,0,12240.0,38.1645380,-122.4621310,24.9,81.7,0,0,0
578.80,132.8,82.5,8226,12.0,3,32.1,0,0,12240.0,38.1645400,-122.4620930,23.6,77.4,0,0,0
578.90,133.0,82.6,8318,15.5,3,33.7,0,0,12240.0,38.1645400,-122.4620550,23.6,77.4,0,0,0
579.00,132.5,82.3,8520,20.0,3,34.6,0,0,12240.0,38.1645410,-122.4620180,23.6,77.4,0,0,0
579.10,132.6,82.4,8341,23.5,3,34.5,0,0,12240.0,38.1645400,-122.4619800,23.6,77.4,0,0,0
579.20,132.6,82.4,8392,28.5,3,34.6,0,0,12240.0,38.1645390,-122.4619420,23.6,77.4,0,0,0
579.30,133.2,82.7,8385,32.0,3,34.1,0,0,12240.0,38.1645370,-122.4619050,23.6,77.4,0,0,0
579.40,133.4,82.9,8378,34.0,3,33.6,0,0,12240.0,38.1645350,-122.4618680,23.6,77.4,0,0,0
579.50,133.3,82.9,8409,34.5,3,33.5,0,0,12240.0,38.1645320,-122.4618300,23.6,77.4,0,0,0
579.60,133.6,83.0,8441,34.0,3,34.1,0,0,12240.0,38.1645280,-122.4617930,23.6,77.4,0,0,0
579.70,134.3,83.5,8477,31.5,3,35.1,0,0,12240.0,38.1645250,-122.4617560,23.6,77.4,0,0,0
579.80,134.3,83.5,8482,31.5,3,35.9,0,0,12240.0,38.1645200,-122.4617190,22.3,73.2,0,0,0
579.90,135.0,83.9,8485,33.0,3,36.6,0,0,12240.0,38.1645150,-122.4616820,22.3,73.2,0,0,0
580.00,135.3,84.0,8499,34.5,3,37.1,0,0,12240.0,38.1645100,-122.4616450,22.3,73.2,0,0,0
580.10,135.2,84.0,8523,37.0,3,37.0,0,0,12240.0,38.1645040,-122.4616080,22.3,73.2,0,0,0
580.20,135.3,84.1,8557,41.5,3,36.7,0,0,12240.0,38.1644960,-122.4615710,22.3,73.2,0,0,0
580.30,136.1,84.6,8579,43.0,3,36.6,0,0,12240.0,38.1644890,-122.4615350,22.3,73.2,0,0,0
580.40,137.0,85.1,8579,43.0,3,35.9,0,0,12240.0,38.1644810,-122.4614990,22.3,73.2,0,0,0
580.50,136.8,85.0,8641,43.0,3,35.3,0,0,12240.0,38.1644710,-122.4614620,22.3,73.2,0,0,0
580.60,137.1,85.2,8671,43.0,3,35.4,0,0,12240.0,38.1644620,-122.4614270,22.3,73.2,0,0,0
580.70,137.8,85.6,8704,41.0,3,35.8,0,0,12240.0,38.1644520,-122.4613910,22.3,73.2,0,0,0
580.80,138.3,85.9,8731,41.0,3,36.8,0,0,12240.0,38.1644410,-122.4613550,20.8,68.2,0,0,0
580.90,139.1,86.4,8742,41.5,3,37.4,0,0,12240.0,38.1644300,-122.4613200,20.8,68.2,0,0,0
581.00,138.9,86.3,8767,45.5,3,37.4,0,0,12240.0,38.1644180,-122.4612850,20.8,68.2,0,0,0
581.10,139.5,86.7,8842,51.5,3,37.4,0,0,12240.0,38.1644060,-122.4612500,20.8,68.2,0,0,0
581.20,140.3,87.2,8934,53.5,3,37.0,0,0,12240.0,38.1643930,-122.4612150,20.8,68.2,0,0,0
581.30,141.4,87.9,8886,53.5,3,36.8,0,0,12240.0,38.1643790,-122.4611810,20.8,68.2,0,0,0
581.40,141.1,87.7,8969,53.5,3,36.8,0,0,12240.0,38.1643640,-122.4611460,20.8,68.2,0,0,0
581.50,142.7,88.7,8969,53.5,3,36.7,0,0,12240.0,38.1643490,-122.4611120,20.8,68.2,0,0,0
581.60,143.2,89.0,9015,53.5,3,36.7,0,0,12240.0,38.1643330,-122.4610790,20.8,68.2,0,0,0
581.70,143.5,89.2,9042,53.5,3,36.8,0,0,12240.0,38.1643170,-122.4610450,20.8,68.2,0,0,0
581.80,144.0,89.5,9080,53.5,3,37.0,0,0,12240.0,38.1643000,-122.4610120,19.3,63.3,0,0,0
581.90,144.6,89.8,9136,54.0,3,36.7,0,0,12240.0,38.1642820,-122.4609800,19.3,63.3,0,0,0
582.00,145.2,90.2,9169,54.5,3,36.5,0,0,12240.0,38.1642630,-122.4609470,19.3,63.3,0,0,0
582.10,146.0,90.7,9220,54.5,3,36.2,0,0,12240.0,38.1642430,-122.4609160,19.3,63.3,0,0,0
582.20,146.7,91.2,9219,54.5,3,35.8,0,0,12240.0,38.1642230,-122.4608840,19.3,63.3,0,0,0
582.30,146.0,90.7,9228,55.5,3,35.7,0,0,12240.0,38.1642030,-122.4608530,19.3,63.3,0,0,0
582.40,146.7,91.2,9251,56.5,3,35.4,0,0,12240.0,38.1641810,-122.4608220,19.3,63.3,0,0,0
582.50,147.4,91.6,9260,58.5,3,34.9,0,0,12240.0,38.1641600,-122.4607920,19.3,63.3,0,0,0
582.60,147.3,91.5,9311,62.0,3,34.1,0,0,12240.0,38.1641370,-122.4607630,19.3,63.3,0,0,0
582.70,148.2,92.1,9334,63.5,3,32.7,0,0,12240.0,38.1641140,-122.4607340,19.3,63.3,0,0,0
582.80,148.5,92.3,9331,64.0,3,31.1,0,0,12240.0,38.1640900,-122.4607060,19.5,64.0,0,0,0
582.90,148.8,92.4,9364,64.5,3,29.6,0,0,12240.0,38.1640660,-122.4606780,19.5,64.0,0,0,0
583.00,149.1,92.6,9402,64.5,3,28.2,0,0,12240.0,38.1640410,-122.4606500,19.5,64.0,0,0,0
583.10,149.6,92.9,9414,64.0,3,27.2,0,0,12240.0,38.1640150,-122.4606230,19.5,64.0,0,0,0
583.20,149.9,93.1,9414,63.5,3,26.4,0,0,12240.0,38.1639900,-122.4605970,19.5,64.0,0,0,0
583.30,149.6,92.9,9411,63.5,3,25.7,0,0,12240.0,38.1639630,-122.4605700,19.5,64.0,0,0,0
583.40,149.8,93.1,9384,61.5,3,24.7,0,0,12240.0,38.1639370,-122.4605440,19.5,64.0,0,0,0
583.50,150.3,93.4,9384,57.0,3,23.0,0,0,12240.0,38.1639090,-122.4605190,19.5,64.0,0,0,0
583.60,149.8,93.1,9263,42.5,3,21.2,0,0,12240.0,38.1638810,-122.4604940,19.5,64.0,0,0,0
583.70,147.1,91.4,8727,0.0,3,19.2,0,0,12241.0,38.1638530,-122.4604690,19.5,64.0,0,0,0
583.80,141.2,87.7,8931,0.0,3,16.4,0,0,12241.0,38.1638250,-122.4604450,21.5,70.5,0,0,0
583.90,142.3,88.4,8842,0.0,3,13.7,0,0,12241.0,38.1637970,-122.4604220,21.5,70.5,0,0,0
584.00,140.9,87.5,8813,0.0,3,12.2,0,0,12241.0,38.1637690,-122.4603990,21.5,70.5,0,0,0
584.10,139.4,86.6,8701,0.0,3,10.3,0,0,12241.0,38.1637410,-122.4603770,21.5,70.5,0,0,0
584.20,138.1,85.8,8619,0.0,3,8.8,0,0,12241.0,38.1637140,-122.4603550,21.5,70.5,0,0,0
584.30,137.0,85.1,8557,0.0,3,8.0,0,0,12241.0,38.1636860,-122.4603330,21.5,70.5,0,0,0
584.40,136.0,84.5,8494,0.0,3,7.1,0,0,12241.0,38.1636590,-122.4603110,21.5,70.5,0,0,0
584.50,135.2,84.0,8385,0.0,3,6.1,0,0,12241.0,38.1636320,-122.4602900,21.5,70.5,0,0,0
584.60,132.9,82.6,8235,0.0,3,4.8,0,0,12241.0,38.1636050,-122.4602690,21.5,70.5,0,0,0
584.70,131.0,81.4,8122,0.0,3,3.1,0,0,12241.0,38.1635780,-122.4602480,21.5,70.5,0,0,0
584.80,129.4,80.4,8063,0.0,3,1.6,0,0,12241.0,38.1635510,-122.4602270,23.8,78.1,0,0,0
584.90,127.9,79.5,7994,0.0,3,0.4,0,0,12241.0,38.1635250,-122.4602070,23.8,78.1,0,0,0
585.00,127.2,79.0,7937,0.0,3,-0.6,0,0,12241.0,38.1634990,-122.4601870,23.8,78.1,0,0,0
585.10,126.0,78.3,7897,0.0,3,-1.2,0,0,12241.0,38.1634730,-122.4601670,23.8,78.1,0,0,0
585.20,125.0,77.6,7782,0.0,3,-1.5,0,0,12241.0,38.1634470,-122.4601470,23.8,78.1,0,0,0
585.30,123.8,76.9,7710,0.0,3,-2.0,0,0,12241.0,38.1634220,-122.4601280,23.8,78.1,0,0,0
585.40,122.9,76.4,7683,0.0,3,-2.3,0,0,12241.0,38.1633970,-122.4601090,23.8,78.1,0,0,0
585.50,121.9,75.7,7599,0.0,3,-2.3,0,0,12241.0,38.1633720,-122.4600900,23.8,78.1,0,0,0
585.60,120.8,75.1,7540,0.0,3,-2.7,0,0,12241.0,38.1633470,-122.4600710,23.8,78.1,0,0,0
585.70,119.7,74.4,7476,0.0,3,-3.2,0,0,12241.0,38.1633230,-122.4600520,23.8,78.1,0,0,0
585.80,119.0,73.9,7461,0.0,3,-4.6,0,0,12241.0,38.1632990,-122.4600330,24.5,80.4,0,0,0
585.90,118.7,73.7,7409,0.0,3,-6.1,0,0,12241.0,38.1632750,-122.4600140,24.5,80.4,0,0,0
586.00,118.0,73.3,7393,0.0,3,-8.0,0,0,12241.0,38.1632510,-122.4599950,24.5,80.4,0,0,0
586.10,117.3,72.9,7317,0.0,3,-10.2,0,0,12241.0,38.1632280,-122.4599760,24.5,80.4,0,0,0
586.20,116.4,72.3,7312,0.0,3,-12.6,0,0,12241.0,38.1632050,-122.4599570,24.5,80.4,0,0,0
586.30,116.4,72.3,7301,0.0,3,-14.9,0,0,12241.0,38.1631820,-122.4599380,24.5,80.4,0,0,0
586.40,115.8,71.9,7274,0.0,3,-17.5,0,0,12241.0,38.1631590,-122.4599190,24.5,80.4,0,0,0
586.50,115.9,72.0,7243,0.0,3,-19.4,0,0,12241.0,38.1631360,-122.4598990,24.5,80.4,0,0,0
586.60,115.0,71.4,7203,0.0,3,-20.5,0,0,12241.0,38.1631140,-122.4598800,24.5,80.4,0,0,0
586.70,114.7,71.3,7214,0.0,3,-21.5,0,0,12241.0,38.1630920,-122.4598600,24.5,80.4,0,0,0
586.80,114.3,71.0,7189,0.0,3,-22.5,0,0,12241.0,38.1630700,-122.4598390,23.8,78.1,0,0,0
586.90,114.2,71.0,7153,0.0,3,-23.2,0,0,12241.0,38.1630480,-122.4598190,23.8,78.1,0,0,0
587.00,113.7,70.6,7106,0.0,3,-23.8,0,0,12241.0,38.1630270,-122.4597980,23.8,78.1,0,0,0
587.10,113.3,70.4,7079,0.0,3,-24.9,0,0,12241.0,38.1630060,-122.4597780,23.8,78.1,0,0,0
587.20,112.7,70.1,7043,0.0,3,-25.9,0,0,12241.0,38.1629860,-122.4597570,23.8,78.1,0,0,0
587.30,112.5,69.9,7089,0.0,3,-26.9,0,0,12241.0,38.1629650,-122.4597360,23.8,78.1,0,0,0
587.40,112.1,69.6,7036,0.0,3,-27.9,0,0,12241.0,38.1629460,-122.4597140,23.8,78.1,0,0,0
587.50,112.1,69.6,7039,0.0,3,-29.1,0,0,12241.0,38.1629260,-122.4596920,23.8,78.1,0,0,0
587.60,111.6,69.3,7000,0.0,3,-30.4,0,0,12241.0,38.1629080,-122.4596700,23.8,78.1,0,0,0
587.70,111.2,69.1,6972,0.0,3,-31.8,0,0,12241.0,38.1628890,-122.4596470,23.8,78.1,0,0,0
587.80,110.8,68.9,6949,0.0,3,-32.7,0,0,12241.0,38.1628710,-122.4596250,21.8,71.5,0,0,0
587.90,110.5,68.7,6906,0.0,3,-34.2,0,0,12241.0,38.1628540,-122.4596010,21.8,71.5,0,0,0
588.00,110.1,68.4,6922,0.0,3,-35.8,0,0,12241.0,38.1628370,-122.4595780,21.8,71.5,0,0,0
588.10,110.2,68.5,6911,0.0,3,-36.6,0,0,12241.0,38.1628210,-122.4595540,21.8,71.5,0,0,0
588.20,109.9,68.3,6895,0.0,3,-37.2,0,0,12241.0,38.1628050,-122.4595300,21.8,71.5,0,0,0
588.30,109.5,68.0,6884,0.0,3,-37.7,0,0,12241.0,38.1627890,-122.4595050,21.8,71.5,0,0,0
588.40,109.3,67.9,6833,0.0,3,-38.1,0,0,12241.0,38.1627740,-122.4594810,21.8,71.5,0,0,0
588.50,108.5,67.4,6809,0.0,3,-38.4,0,0,12241.0,38.1627600,-122.4594550,21.8,71.5,0,0,0
588.60,108.3,67.3,6772,0.0,3,-38.5,0,0,12241.0,38.1627470,-122.4594300,21.8,71.5,0,0,0
588.70,107.8,67.0,6747,0.0,3,-38.5,0,0,12241.0,38.1627340,-122.4594030,21.8,71.5,0,0,0
588.80,107.3,66.7,6738,0.0,3,-38.6,0,0,12241.0,38.1627220,-122.4593770,18.9,62.0,0,0,0
588.90,106.9,66.4,6682,0.0,3,-38.9,0,0,12241.0,38.1627110,-122.4593500,18.9,62.0,0,0,0
589.00,106.6,66.2,6664,0.0,3,-39.1,0,0,12241.0,38.1627000,-122.4593230,18.9,62.0,0,0,0
589.10,106.0,65.9,6637,0.0,3,-39.3,0,0,12241.0,38.1626910,-122.4592950,18.9,62.0,0,0,0
589.20,105.3,65.4,6630,0.0,3,-39.7,0,0,12241.0,38.1626820,-122.4592670,18.9,62.0,0,0,0
589.30,105.1,65.3,6583,0.0,3,-39.9,0,0,12241.0,38.1626730,-122.4592390,18.9,62.0,0,0,0
589.40,104.8,65.1,6555,0.0,3,-40.0,0,0,12241.0,38.1626660,-122.4592110,18.9,62.0,0,0,0
589.50,104.2,64.8,6540,0.0,3,-40.5,0,0,12241.0,38.1626590,-122.4591830,18.9,62.0,0,0,0
589.60,103.8,64.5,6526,0.0,3,-40.8,0,0,12241.0,38.1626530,-122.4591540,18.9,62.0,0,0,0
589.70,103.8,64.5,6512,0.0,3,-41.0,0,0,12241.0,38.1626480,-122.4591260,18.9,62.0,0,0,0
589.80,103.1,64.1,6456,1.0,3,-41.0,0,0,12241.0,38.1626430,-122.4590970,16.6,54.5,0,0,0
589.90,102.8,63.9,6464,5.0,3,-40.9,0,0,12241.0,38.1626390,-122.4590680,16.6,54.5,0,0,0
590.00,102.6,63.8,6424,6.5,3,-40.6,0,0,12241.0,38.1626360,-122.4590400,16.6,54.5,0,0,0
590.10,102.2,63.5,6424,9.5,3,-40.4,0,0,12241.0,38.1626340,-122.4590110,16.6,54.5,0,0,0
590.20,102.3,63.6,6421,11.5,3,-40.2,0,0,12241.0,38.1626320,-122.4589820,16.6,54.5,0,0,0
590.30,102.0,63.4,6523,15.0,3,-40.2,0,0,12241.0,38.1626310,-122.4589530,16.6,54.5,0,0,0
590.40,102.1,63.4,6596,15.0,3,-40.1,0,0,12241.0,38.1626310,-122.4589240,16.6,54.5,0,0,0
590.50,103.5,64.3,6512,15.0,3,-40.2,0,0,12241.0,38.1626320,-122.4588960,16.6,54.5,0,0,0
590.60,103.0,64.0,6477,19.0,3,-40.3,0,0,12241.0,38.1626340,-122.4588670,16.6,54.5,0,0,0
590.70,103.0,64.0,6470,18.5,3,-40.3,0,0,12241.0,38.1626360,-122.4588380,16.6,54.5,0,0,0
590.80,103.5,64.3,6504,17.5,3,-40.3,0,0,12241.0,38.1626390,-122.4588100,13.9,45.6,0,0,0
590.90,103.4,64.2,6484,16.0,3,-40.4,0,0,12241.0,38.1626430,-122.4587810,13.9,45.6,0,0,0
591.00,103.6,64.4,6487,14.5,3,-40.4,0,0,12241.0,38.1626480,-122.4587530,13.9,45.6,0,0,0
591.10,103.8,64.5,6494,14.5,3,-40.5,0,0,12241.0,38.1626540,-122.4587250,13.9,45.6,0,0,0
591.20,103.3,64.2,6569,16.0,3,-40.6,0,0,12241.0,38.1626600,-122.4586960,13.9,45.6,0,0,0
591.30,104.5,64.9,6549,16.0,3,-40.6,0,0,12241.0,38.1626670,-122.4586690,13.9,45.6,0,0,0
591.40,104.3,64.8,6501,16.0,3,-40.7,0,0,12241.0,38.1626750,-122.4586420,13.9,45.6,0,0,0
591.50,104.1,64.7,6552,16.0,3,-40.6,0,0,12241.0,38.1626840,-122.4586150,13.9,45.6,0,0,0
591.60,104.5,64.9,6563,16.0,3,-40.5,0,0,12241.0,38.1626930,-122.4585890,13.9,45.6,0,0,0
591.70,104.3,64.8,6589,16.0,3,-40.3,0,0,12241.0,38.1627040,-122.4585630,13.9,45.6,0,0,0
591.80,104.5,65.0,6555,14.5,3,-40.0,0,0,12241.0,38.1627150,-122.4585370,11.3,37.1,0,0,0
591.90,104.7,65.1,6585,14.5,3,-39.8,0,0,12241.0,38.1627260,-122.4585110,11.3,37.1,0,0,0
592.00,104.7,65.1,6578,14.5,3,-39.9,0,0,12241.0,38.1627380,-122.4584860,11.3,37.1,0,0,0
592.10,104.9,65.2,6610,14.5,3,-39.8,0,0,12241.0,38.1627510,-122.4584620,11.3,37.1,0,0,0
592.20,105.3,65.4,6630,14.0,3,-39.8,0,0,12241.0,38.1627650,-122.4584390,11.3,37.1,0,0,0
592.30,105.1,65.3,6571,15.0,3,-40.0,0,0,12241.0,38.1627790,-122.4584150,11.3,37.1,0,0,0
592.40,105.2,65.4,6624,15.5,3,-40.1,0,0,12241.0,38.1627930,-122.4583920,11.3,37.1,0,0,0
592.50,105.5,65.5,6643,15.5,3,-40.0,0,0,12241.0,38.1628090,-122.4583700,11.3,37.1,0,0,0
592.60,105.5,65.6,6630,19.0,3,-39.8,0,0,12241.0,38.1628250,-122.4583490,11.3,37.1,0,0,0
592.70,105.5,65.5,6663,20.5,3,-40.1,0,0,12241.0,38.1628410,-122.4583280,11.3,37.1,0,0,0
592.80,106.2,66.0,6680,20.5,3,-40.3,0,0,12241.0,38.1628580,-122.4583080,8.6,28.2,0,0,0
592.90,106.6,66.2,6705,20.5,3,-40.0,0,0,12241.0,38.1628760,-122.4582880,8.6,28.2,0,0,0
593.00,106.5,66.2,6696,21.0,3,-39.7,0,0,12241.0,38.1628940,-122.4582690,8.6,28.2,0,0,0
593.10,106.8,66.4,6734,20.5,3,-39.4,0,0,12241.0,38.1629130,-122.4582510,8.6,28.2,0,0,0
593.20,106.8,66.3,6748,21.5,3,-39.3,0,0,12241.0,38.1629320,-122.4582330,8.6,28.2,0,0,0
593.30,107.2,66.6,6772,23.5,3,-39.2,0,0,12241.0,38.1629520,-122.4582160,8.6,28.2,0,0,0
593.40,107.9,67.0,6815,27.5,3,-39.4,0,0,12241.0,38.1629720,-122.4582000,8.6,28.2,0,0,0
593.50,108.3,67.3,6854,28.0,3,-39.6,0,0,12241.0,38.1629920,-122.4581850,8.6,28.2,0,0,0
593.60,109.0,67.7,6872,28.0,3,-39.6,0,0,12241.0,38.1630130,-122.4581700,8.6,28.2,0,0,0
593.70,109.1,67.8,6853,28.0,3,-39.3,0,0,12241.0,38.1630340,-122.4581570,8.6,28.2,0,0,0
593.80,109.8,68.2,6921,31.0,3,-39.2,0,0,12241.0,38.1630560,-122.4581440,5.9,19.4,0,0,0
593.90,109.8,68.2,6938,33.0,3,-38.9,0,0,12241.0,38.1630780,-122.4581320,5.9,19.4,0,0,0
594.00,110.4,68.6,6947,33.5,3,-38.9,0,0,12241.0,38.1631000,-122.4581210,5.9,19.4,0,0,0
594.10,110.5,68.7,6997,34.5,3,-38.8,0,0,12241.0,38.1631230,-122.4581100,5.9,19.4,0,0,0
594.20,111.3,69.2,7023,34.5,3,-38.9,0,0,12241.0,38.1631460,-122.4581010,5.9,19.4,0,0,0
594.30,111.9,69.5,7051,34.5,3,-38.6,0,0,12241.0,38.1631700,-122.4580930,5.9,19.4,0,0,0
594.40,111.8,69.4,7043,35.5,3,-38.2,0,0,12241.0,38.1631940,-122.4580860,5.9,19.4,0,0,0
594.50,112.2,69.7,7051,36.5,3,-37.7,0,0,12241.0,38.1632180,-122.4580800,5.9,19.4,0,0,0
594.60,112.2,69.7,7089,38.5,3,-37.6,0,0,12241.0,38.1632420,-122.4580760,5.9,19.4,0,0,0
594.70,112.6,70.0,7098,42.5,3,-37.6,0,0,12241.0,38.1632670,-122.4580720,5.9,19.4,0,0,0
594.80,112.9,70.2,7140,44.5,3,-37.8,0,0,12241.0,38.1632910,-122.4580700,3.8,12.5,0,0,0
594.90,113.8,70.7,7174,47.5,3,-38.0,0,0,12241.0,38.1633160,-122.4580680,3.8,12.5,0,0,0
595.00,114.0,70.8,7172,49.0,3,-38.0,0,0,12241.0,38.1633410,-122.4580690,3.8,12.5,0,0,0
595.10,114.8,71.3,7248,49.0,3,-37.8,0,0,12241.0,38.1633660,-122.4580700,3.8,12.5,0,0,0
595.20,115.2,71.6,7238,49.5,3,-37.4,0,0,12241.0,38.1633920,-122.4580720,3.8,12.5,0,0,0
595.30,115.3,71.6,7353,55.5,3,-37.2,0,0,12241.0,38.1634170,-122.4580750,3.8,12.5,0,0,0
595.40,116.4,72.3,7380,54.5,3,-37.4,0,0,12241.0,38.1634420,-122.4580800,3.8,12.5,0,0,0
595.50,117.7,73.1,7401,55.0,3,-37.7,0,0,12241.0,38.1634670,-122.4580860,3.8,12.5,0,0,0
595.60,117.9,73.3,7443,57.0,3,-37.6,0,0,12241.0,38.1634920,-122.4580920,3.8,12.5,0,0,0
595.70,118.6,73.7,7497,57.5,3,-37.4,0,0,12241.0,38.1635170,-122.4581000,3.8,12.5,0,0,0
595.80,119.4,74.2,7521,57.0,3,-37.0,0,0,12241.0,38.1635420,-122.4581080,3.8,12.5,0,0,0
595.90,119.9,74.5,7572,58.5,3,-36.3,0,0,12241.0,38.1635660,-122.4581180,3.8,12.5,0,0,0
596.00,120.5,74.9,7601,60.5,3,-35.5,0,0,12241.0,38.1635910,-122.4581280,3.8,12.5,0,0,0
596.10,120.7,75.0,7624,61.5,3,-34.9,0,0,12241.0,38.1636160,-122.4581390,3.8,12.5,0,0,0
596.20,121.7,75.6,7679,57.5,3,-34.3,0,0,12241.0,38.1636400,-122.4581510,3.8,12.5,0,0,0
596.30,122.1,75.9,7685,56.5,3,-33.5,0,0,12241.0,38.1636650,-122.4581630,3.8,12.5,0,0,0
596.40,122.2,75.9,7697,55.5,3,-32.8,0,0,12241.0,38.1636900,-122.4581770,3.8,12.5,0,0,0
596.50,123.0,76.4,7805,62.0,3,-32.6,0,0,12241.0,38.1637140,-122.4581910,3.8,12.5,0,0,0
596.60,124.1,77.1,7850,65.5,3,-32.3,0,0,12241.0,38.1637380,-122.4582050,3.8,12.5,0,0,0
596.70,124.6,77.4,7839,64.5,3,-32.1,0,0,12241.0,38.1637630,-122.4582210,3.8,12.5,0,0,0
596.80,125.3,77.9,7874,62.5,3,-31.5,0,0,12241.0,38.1637870,-122.4582370,4.9,16.1,0,0,0
596.90,125.3,77.9,7760,54.0,3,-30.7,0,0,12241.0,38.1638110,-122.4582530,4.9,16.1,0,0,0
597.00,124.2,77.2,7858,57.5,3,-30.4,0,0,12241.0,38.1638350,-122.4582710,4.9,16.1,0,0,0
597.10,125.2,77.8,7971,61.0,3,-30.7,0,0,12241.0,38.1638590,-122.4582890,4.9,16.1,0,0,0
597.20,126.9,78.9,8179,67.0,3,-31.0,0,0,12241.0,38.1638820,-122.4583080,4.9,16.1,0,0,0
597.30,129.9,80.7,8233,67.0,3,-32.4,0,0,12241.0,38.1639050,-122.4583270,4.9,16.1,0,0,0
597.40,131.2,81.5,8224,67.0,3,-32.2,0,0,12241.0,38.1639280,-122.4583470,4.9,16.1,0,0,0
597.50,130.4,81.0,8233,68.5,3,-31.5,0,0,12241.0,38.1639520,-122.4583670,4.9,16.1,0,0,0
597.60,130.8,81.3,8357,72.0,3,-31.6,0,0,12241.0,38.1639750,-122.4583880,4.9,16.1,0,0,0
597.70,133.0,82.7,8496,75.5,3,-32.1,0,0,12241.0,38.1639980,-122.4584100,4.9,16.1,0,0,0
597.80,134.6,83.6,8606,80.0,3,-32.2,0,0,12241.0,38.1640210,-122.4584330,6.3,20.7,0,0,0
597.90,135.9,84.5,8712,86.5,3,-32.5,0,0,12241.0,38.1640440,-122.4584560,6.3,20.7,0,0,0
598.00,137.5,85.4,8780,89.0,3,-32.6,0,0,12241.0,38.1640670,-122.4584800,6.3,20.7,0,0,0
598.10,139.5,86.7,8890,89.0,3,-32.6,0,0,12241.0,38.1640900,-122.4585040,6.3,20.7,0,0,0
598.20,140.6,87.3,8980,90.5,3,-32.4,0,0,12241.0,38.1641130,-122.4585300,6.3,20.7,0,0,0
598.30,141.9,88.2,9053,93.0,3,-32.0,0,0,12241.0,38.1641350,-122.4585550,6.3,20.7,0,0,0
598.40,142.9,88.8,9086,93.0,3,-31.5,0,0,12241.0,38.1641580,-122.4585820,6.3,20.7,0,0,0
598.50,143.7,89.3,9172,93.5,3,-31.2,0,0,12241.0,38.1641800,-122.4586100,6.3,20.7,0,0,0
598.60,145.2,90.2,9262,95.5,3,-30.9,0,0,12241.0,38.1642030,-122.4586380,6.3,20.7,0,0,0
598.70,146.3,90.9,9300,96.0,3,-30.3,0,0,12241.0,38.1642250,-122.4586670,6.3,20.7,0,0,0
598.80,146.5,91.0,8242,99.5,3,-29.2,0,0,12241.0,38.1642470,-122.4586960,7.9,25.9,0,0,0
598.90,141.4,87.9,7667,100.0,4,-27.2,0,0,12241.0,38.1642690,-122.4587260,7.9,25.9,0,0,0
599.00,146.3,90.9,7679,100.0,4,-26.9,0,0,12241.0,38.1642910,-122.4587570,7.9,25.9,0,0,0
599.10,146.4,91.0,7628,100.0,4,-26.6,0,0,12241.0,38.1643120,-122.4587880,7.9,25.9,0,0,0
599.20,145.3,90.3,7638,100.0,4,-25.3,0,0,12241.0,38.1643340,-122.4588190,7.9,25.9,0,0,0
599.30,146.1,90.8,7683,100.0,4,-24.5,0,0,12241.0,38.1643550,-122.4588510,7.9,25.9,0,0,0
599.40,146.7,91.2,7679,100.0,4,-23.9,0,0,12241.0,38.1643770,-122.4588840,7.9,25.9,0,0,0
599.50,146.9,91.3,7711,100.0,4,-23.1,0,0,12241.0,38.1643980,-122.4589160,7.9,25.9,0,0,0
599.60,147.0,91.3,7721,100.0,4,-22.1,0,0,12241.0,38.1644190,-122.4589490,7.9,25.9,0,0,0
599.70,146.6,91.1,7722,100.0,4,-20.8,0,0,12241.0,38.1644390,-122.4589830,7.9,25.9,0,0,0
599.80,147.1,91.4,7752,100.0,4,-19.6,0,0,12241.0,38.1644600,-122.4590170,9.7,31.8,0,0,0
599.90,147.7,91.8,7783,100.0,4,-18.7,0,0,12241.0,38.1644800,-122.4590510,9.7,31.8,0,0,0
600.00,148.5,92.3,7827,100.0,4,-18.1,0,0,12241.0,38.1645000,-122.4590860,9.7,31.8,0,0,0
600.10,149.1,92.6,7854,100.0,4,-17.5,0,0,12241.0,38.1645200,-122.4591210,9.7,31.8,0,0,0
600.20,149.3,92.8,7854,100.0,4,-16.8,0,0,12241.0,38.1645400,-122.4591560,9.7,31.8,0,0,0
600.30,149.5,92.9,7871,100.0,4,-16.1,0,0,12241.0,38.1645600,-122.4591920,9.7,31.8,0,0,0
600.40,149.9,93.1,7881,100.0,4,-15.3,0,0,12241.0,38.1645790,-122.4592280,9.7,31.8,0,0,0
600.50,150.3,93.4,7920,100.0,4,-14.6,0,0,12241.0,38.1645990,-122.4592650,9.7,31.8,0,0,0
600.60,150.8,93.7,7962,100.0,4,-13.6,0,0,12241.0,38.1646180,-122.4593010,9.7,31.8,0,0,0
600.70,151.9,94.4,7990,100.0,4,-12.8,0,0,12241.0,38.1646370,-122.4593380,9.7,31.8,0,0,0
600.80,152.1,94.5,8007,100.0,4,-12.4,0,0,12241.0,38.1646560,-122.4593750,11.7,38.4,0,0,0
600.90,152.3,94.6,8033,100.0,4,-12.2,0,0,12241.0,38.1646750,-122.4594130,11.7,38.4,0,0,0
601.00,153.3,95.3,8076,100.0,4,-11.9,0,0,12241.0,38.1646940,-122.4594500,11.7,38.4,0,0,0
601.10,153.6,95.4,8109,100.0,4,-11.6,0,0,12241.0,38.1647130,-122.4594880,11.7,38.4,0,0,0
601.20,154.3,95.9,8146,100.0,4,-11.5,0,0,12241.0,38.1647320,-122.4595270,11.7,38.4,0,0,0
601.30,154.8,96.2,8173,100.0,4,-11.3,0,0,12241.0,38.1647510,-122.4595650,11.7,38.4,0,0,0
601.40,156.0,96.9,8213,100.0,4,-10.8,0,0,12241.0,38.1647690,-122.4596040,11.7,38.4,0,0,0
601.50,155.8,96.8,8229,100.0,4,-10.3,0,0,12241.0,38.1647880,-122.4596440,11.7,38.4,0,0,0
601.60,157.0,97.5,8276,100.0,4,-10.2,0,0,12241.0,38.1648070,-122.4596830,11.7,38.4,0,0,0
601.70,158.0,98.2,8313,100.0,4,-10.2,0,0,12241.0,38.1648250,-122.4597230,11.7,38.4,0,0,0
601.80,158.2,98.3,8357,100.0,4,-10.0,0,0,12241.0,38.1648430,-122.4597630,13.6,44.6,0,0,0
601.90,158.7,98.6,8394,100.0,4,-9.6,0,0,12241.0,38.1648620,-122.4598030,13.6,44.6,0,0,0
602.00,159.5,99.1,8418,100.0,4,-9.0,0,0,12241.0,38.1648800,-122.4598440,13.6,44.6,0,0,0
602.10,160.1,99.5,8442,100.0,4,-8.2,0,0,12241.0,38.1648980,-122.4598850,13.6,44.6,0,0,0
602.20,160.5,99.7,8454,98.5,4,-7.5,0,0,12241.0,38.1649160,-122.4599260,13.6,44.6,0,0,0
602.30,161.0,100.0,8501,100.0,4,-7.1,0,0,12241.0,38.1649340,-122.4599680,13.6,44.6,0,0,0
602.40,162.2,100.8,8575,100.0,4,-6.9,0,0,12241.0,38.1649520,-122.4600090,13.6,44.6,0,0,0
602.50,163.0,101.3,8629,95.5,4,-6.5,0,0,12241.0,38.1649700,-122.4600510,13.6,44.6,0,0,0
602.60,163.3,101.5,8545,85.0,4,-5.9,0,0,12241.0,38.1649880,-122.4600930,13.6,44.6,0,0,0
602.70,163.3,101.5,8594,78.5,4,-5.6,0,0,12241.0,38.1650060,-122.4601360,13.6,44.6,0,0,0
602.80,164.3,102.1,8626,76.0,4,-5.5,0,0,12241.0,38.1650230,-122.4601780,15.5,50.9,0,0,0
602.90,164.5,102.2,8562,68.0,4,-4.9,0,0,12241.0,38.1650410,-122.4602210,15.5,50.9,0,0,0
603.00,163.6,101.7,8577,61.5,4,-4.1,0,0,12241.0,38.1650590,-122.4602640,15.5,50.9,0,0,0
603.10,163.7,101.7,8530,52.0,4,-3.7,0,0,12241.0,38.1650770,-122.4603070,15.5,50.9,0,0,0
603.20,163.3,101.5,7954,0.0,4,-3.1,0,0,12241.0,38.1650940,-122.4603500,15.5,50.9,0,0,0
603.30,160.1,99.5,8294,0.0,4,-2.9,0,0,12241.0,38.1651110,-122.4603930,15.5,50.9,0,0,0
603.40,158.0,98.2,8193,0.0,4,-2.6,0,0,12241.0,38.1651290,-122.4604360,15.5,50.9,0,0,0
603.50,156.8,97.4,8146,0.0,4,-2.5,0,0,12241.0,38.1651460,-122.4604780,15.5,50.9,0,0,0
603.60,155.5,96.6,8056,0.0,4,-3.4,0,0,12241.0,38.1651620,-122.4605200,15.5,50.9,0,0,0
603.70,154.2,95.8,8013,0.0,4,-2.9,0,0,12241.0,38.1651790,-122.4605620,15.5,50.9,0,0,0
603.80,153.6,95.4,7953,0.0,4,-2.2,0,0,12241.0,38.1651960,-122.4606030,17.3,56.8,0,0,0
603.90,151.7,94.2,7852,0.0,4,-2.4,0,0,12241.0,38.1652120,-122.4606440,17.3,56.8,0,0,0
604.00,150.3,93.4,7800,0.0,4,-1.9,0,0,12241.0,38.1652280,-122.4606840,17.3,56.8,0,0,0
604.10,148.9,92.5,7718,0.0,4,-2.0,0,0,12241.0,38.1652440,-122.4607240,17.3,56.8,0,0,0
604.20,147.3,91.5,7636,0.0,4,-2.4,0,0,12241.0,38.1652600,-122.4607630,17.3,56.8,0,0,0
604.30,146.0,90.7,7542,0.0,4,-2.3,0,0,12241.0,38.1652750,-122.4608020,17.3,56.8,0,0,0
604.40,144.3,89.7,7456,0.0,4,-2.1,0,0,12241.0,38.1652910,-122.4608410,17.3,56.8,0,0,0
604.50,142.5,88.6,7382,0.0,4,-2.1,0,0,12241.0,38.1653060,-122.4608800,17.3,56.8,0,0,0
604.60,140.7,87.4,7269,0.0,4,-1.9,0,0,12241.0,38.1653210,-122.4609180,17.3,56.8,0,0,0
604.70,138.8,86.2,7172,0.0,4,-1.4,0,0,12241.0,38.1653360,-122.4609550,17.3,56.8,0,0,0
604.80,137.2,85.2,7089,0.0,4,-1.1,0,0,12241.0,38.1653510,-122.4609930,19.2,63.0,0,0,0
604.90,135.5,84.2,7001,0.0,4,-1.2,0,0,12241.0,38.1653650,-122.4610290,19.2,63.0,0,0,0
605.00,133.3,82.9,6882,0.0,4,-1.0,0,0,12241.0,38.1653790,-122.4610650,19.2,63.0,0,0,0
605.10,131.4,81.7,6777,0.0,4,-0.9,0,0,12241.0,38.1653930,-122.4611010,19.2,63.0,0,0,0
605.20,129.3,80.3,6660,0.0,4,-1.0,0,0,12241.0,38.1654070,-122.4611360,19.2,63.0,0,0,0
605.30,126.9,78.9,6584,0.0,4,-1.4,0,0,12241.0,38.1654210,-122.4611710,19.2,63.0,0,0,0
605.40,125.3,77.9,7507,0.0,4,-1.4,0,0,12241.0,38.1654340,-122.4612050,19.2,63.0,0,0,0
605.50,120.4,74.8,7852,0.0,3,-1.4,0,0,12241.0,38.1654470,-122.4612390,19.2,63.0,0,0,0
605.60,121.8,75.7,7457,0.0,3,-1.5,0,0,12241.0,38.1654600,-122.4612720,19.2,63.0,0,0,0
605.70,120.1,74.6,7410,0.0,3,-1.9,0,0,12241.0,38.1654730,-122.4613040,19.2,63.0,0,0,0
605.80,117.1,72.8,7308,0.0,3,-2.1,0,0,12241.0,38.1654860,-122.4613360,20.9,68.6,0,0,0
605.90,116.4,72.3,7239,0.0,3,-1.8,0,0,12241.0,38.1654980,-122.4613680,20.9,68.6,0,0,0
606.00,115.5,71.8,7167,0.0,3,-1.6,0,0,12241.0,38.1655100,-122.4613990,20.9,68.6,0,0,0
606.10,113.8,70.7,7064,0.0,3,-1.3,0,0,12241.0,38.1655220,-122.4614300,20.9,68.6,0,0,0
606.20,112.4,69.9,7018,0.0,3,-1.2,0,0,12241.0,38.1655340,-122.4614600,20.9,68.6,0,0,0
606.30,111.4,69.2,6942,0.0,3,-0.9,0,0,12241.0,38.1655460,-122.4614900,20.9,68.6,0,0,0
606.40,110.3,68.5,6847,0.0,3,-0.7,0,0,12241.0,38.1655580,-122.4615200,20.9,68.6,0,0,0
606.50,108.3,67.3,7967,0.0,3,-0.3,0,0,12241.0,38.1655690,-122.4615490,20.9,68.6,0,0,0
606.60,101.9,63.3,8387,0.0,2,0.2,0,0,12241.0,38.1655800,-122.4615780,20.9,68.6,0,0,0
606.70,105.5,65.6,8041,0.0,2,0.4,0,0,12241.0,38.1655910,-122.4616070,20.9,68.6,0,0,0
606.80,104.5,64.9,8086,0.0,2,0.6,0,0,12241.0,38.1656020,-122.4616340,22.9,75.1,0,0,0
606.90,102.9,63.9,7956,0.0,2,0.6,0,0,12241.0,38.1656130,-122.4616630,22.9,75.1,0,0,0
607.00,101.5,63.0,7884,0.0,2,0.3,0,0,12241.0,38.1656240,-122.4616900,22.9,75.1,0,0,0
607.10,100.0,62.1,7768,0.0,2,0.2,0,0,12241.0,38.1656350,-122.4617170,22.9,75.1,0,0,0
607.20,99.0,61.5,7708,0.0,2,-0.7,0,0,12241.0,38.1656450,-122.4617440,22.9,75.1,0,0,0
607.30,97.8,60.8,7597,0.0,2,-1.5,0,0,12241.0,38.1656560,-122.4617700,22.9,75.1,0,0,0
607.40,96.8,60.1,7540,0.0,2,-1.7,0,0,12241.0,38.1656660,-122.4617970,22.9,75.1,0,0,0
607.50,95.9,59.6,7428,0.0,2,-1.3,0,0,12241.0,38.1656760,-122.4618220,22.9,75.1,0,0,0
607.60,94.8,58.9,7355,0.0,2,-0.3,0,0,12241.0,38.1656860,-122.4618480,22.9,75.1,0,0,0
607.70,93.5,58.1,7234,0.0,2,0.5,0,0,12241.0,38.1656960,-122.4618730,22.9,75.1,0,0,0
607.80,92.3,57.4,7160,0.0,2,1.2,0,0,12241.0,38.1657050,-122.4618980,24.4,80.1,0,0,0
607.90,91.0,56.6,7069,0.0,2,1.5,0,0,12241.0,38.1657150,-122.4619230,24.4,80.1,0,0,0
608.00,90.2,56.0,7018,0.0,2,1.5,0,0,12241.0,38.1657240,-122.4619480,24.4,80.1,0,0,0
608.10,89.1,55.3,6945,0.0,2,1.5,0,0,12241.0,38.1657340,-122.4619720,24.4,80.1,0,0,0
608.20,88.1,54.8,6873,0.0,2,1.4,0,0,12241.0,38.1657430,-122.4619950,24.4,80.1,0,0,0
608.30,86.8,53.9,6722,0.0,2,0.4,0,0,12241.0,38.1657520,-122.4620190,24.4,80.1,0,0,0
608.40,85.8,53.3,6645,0.0,2,-1.0,0,0,12241.0,38.1657610,-122.4620420,24.4,80.1,0,0,0
608.50,84.7,52.6,6555,0.0,2,-1.3,0,0,12241.0,38.1657700,-122.4620650,24.4,80.1,0,0,0
608.60,83.5,51.9,6504,0.0,2,-0.5,0,0,12241.0,38.1657790,-122.4620880,24.4,80.1,0,0,0
608.70,82.5,51.3,6413,0.0,2,1.6,0,0,12241.0,38.1657880,-122.4621100,24.4,80.1,0,0,0
608.80,81.8,50.8,6308,0.0,2,3.8,0,0,12241.0,38.1657970,-122.4621320,25.6,84.0,0,0,0
608.90,80.5,50.0,6285,0.0,2,5.7,0,0,12241.0,38.1658060,-122.4621540,25.6,84.0,0,0,0
609.00,79.9,49.7,6231,0.0,2,7.6,0,0,12241.0,38.1658150,-122.4621750,25.6,84.0,0,0,0
609.10,79.4,49.3,6173,0.0,2,9.7,0,0,12241.0,38.1658240,-122.4621960,25.6,84.0,0,0,0
609.20,78.4,48.7,6094,0.0,2,12.2,0,0,12241.0,38.1658330,-122.4622170,25.6,84.0,0,0,0
609.30,77.6,48.2,6065,0.0,2,15.0,0,0,12241.0,38.1658420,-122.4622380,25.6,84.0,0,0,0
609.40,77.0,47.9,6022,0.0,2,17.2,0,0,12241.0,38.1658510,-122.4622580,25.6,84.0,0,0,0
609.50,76.4,47.5,5962,0.0,2,18.8,0,0,12241.0,38.1658600,-122.4622770,25.6,84.0,0,0,0
609.60,75.9,47.2,5915,2.0,2,20.3,0,0,12241.0,38.1658690,-122.4622960,25.6,84.0,0,0,0
609.70,74.9,46.6,5824,0.0,2,21.8,0,0,12241.0,38.1658790,-122.4623150,25.6,84.0,0,0,0
609.80,74.2,46.1,5771,1.5,2,23.4,0,0,12241.0,38.1658880,-122.4623330,26.4,86.6,0,0,0
609.90,73.4,45.6,5755,5.0,2,25.6,0,0,12241.0,38.1658980,-122.4623510,26.4,86.6,0,0,0
610.00,73.0,45.3,5735,7.0,2,27.5,0,0,12241.0,38.1659080,-122.4623680,26.4,86.6,0,0,0
610.10,73.1,45.4,5720,9.0,2,29.1,0,0,12241.0,38.1659180,-122.4623850,26.4,86.6,0,0,0
610.20,73.0,45.3,5877,14.5,2,30.3,0,0,12241.0,38.1659290,-122.4624010,26.4,86.6,0,0,0
610.30,72.6,45.1,5809,19.0,2,31.0,0,0,12241.0,38.1659390,-122.4624170,26.4,86.6,0,0,0
610.40,73.4,45.6,5768,19.0,2,31.6,0,0,12241.0,38.1659500,-122.4624320,26.4,86.6,0,0,0
610.50,72.8,45.3,5730,18.0,2,32.2,0,0,12241.0,38.1659620,-122.4624460,26.4,86.6,0,0,0
610.60,73.0,45.4,5681,15.5,2,33.2,0,0,12241.0,38.1659740,-122.4624600,26.4,86.6,0,0,0
610.70,72.7,45.2,5742,9.0,2,34.7,0,0,12241.0,38.1659860,-122.4624740,26.4,86.6,0,0,0
610.80,73.0,45.4,5639,9.0,2,36.3,0,0,12241.0,38.1659990,-122.4624870,26.9,88.3,0,0,0
610.90,72.3,44.9,5611,9.5,2,37.5,0,0,12241.0,38.1660110,-122.4624990,26.9,88.3,0,0,0
611.00,72.0,44.7,5595,9.5,2,37.7,0,0,12241.0,38.1660240,-122.4625100,26.9,88.3,0,0,0
611.10,71.2,44.2,5458,8.0,2,37.8,0,0,12241.0,38.1660370,-122.4625210,26.9,88.3,0,0,0
611.20,70.7,43.9,5413,8.0,2,38.3,0,0,12241.0,38.1660510,-122.4625310,26.9,88.3,0,0,0
611.30,69.7,43.3,5503,8.5,2,38.6,0,0,12241.0,38.1660650,-122.4625400,26.9,88.3,0,0,0
611.40,70.0,43.5,5504,9.0,2,38.9,0,0,12241.0,38.1660790,-122.4625480,26.9,88.3,0,0,0
611.50,69.5,43.2,5497,9.0,2,39.4,0,0,12241.0,38.1660930,-122.4625560,26.9,88.3,0,0,0
611.60,69.2,43.0,5421,8.5,2,40.1,0,0,12241.0,38.1661070,-122.4625630,26.9,88.3,0,0,0
611.70,69.0,42.9,5435,8.5,2,40.7,0,0,12241.0,38.1661210,-122.4625690,26.9,88.3,0,0,0
611.80,68.4,42.5,5565,11.0,2,41.1,0,0,12241.0,38.1661360,-122.4625750,27.2,89.2,0,0,0
611.90,68.1,42.3,5341,11.0,2,41.1,0,0,12241.0,38.1661500,-122.4625790,27.2,89.2,0,0,0
612.00,68.2,42.4,5409,11.0,2,41.2,0,0,12241.0,38.1661640,-122.4625820,27.2,89.2,0,0,0
612.10,68.2,42.4,5365,17.0,2,41.1,0,0,12241.0,38.1661790,-122.4625850,27.2,89.2,0,0,0
612.20,68.3,42.4,5356,19.0,2,40.9,0,0,12241.0,38.1661930,-122.4625860,27.2,89.2,0,0,0
612.30,68.0,42.2,5344,20.0,2,40.5,0,0,12241.0,38.1662080,-122.4625870,27.2,89.2,0,0,0
612.40,68.1,42.3,5377,20.0,2,40.3,0,0,12241.0,38.1662230,-122.4625870,27.2,89.2,0,0,0
612.50,68.3,42.4,5378,20.0,2,40.2,0,0,12241.0,38.1662370,-122.4625850,27.2,89.2,0,0,0
612.60,68.1,42.3,5393,20.5,2,40.3,0,0,12241.0,38.1662520,-122.4625830,27.2,89.2,0,0,0
612.70,68.8,42.7,5405,20.5,2,40.5,0,0,12241.0,38.1662670,-122.4625800,27.2,89.2,0,0,0
612.80,68.8,42.7,5429,20.5,2,40.5,0,0,12241.0,38.1662810,-122.4625760,27.6,90.6,0,0,0
612.90,69.2,43.0,5445,22.0,2,40.3,0,0,12241.0,38.1662950,-122.4625720,27.6,90.6,0,0,0
613.00,69.2,43.0,5452,22.0,2,40.1,0,0,12241.0,38.1663090,-122.4625660,27.6,90.6,0,0,0
613.10,69.3,43.1,5458,22.0,2,39.9,0,0,12241.0,38.1663230,-122.4625590,27.6,90.6,0,0,0
613.20,69.6,43.2,5457,22.0,2,39.9,0,0,12241.0,38.1663370,-122.4625510,27.6,90.6,0,0,0
613.30,69.4,43.1,5479,23.0,2,39.6,0,0,12241.0,38.1663510,-122.4625430,27.6,90.6,0,0,0
613.40,69.6,43.2,5464,23.0,2,39.1,0,0,12241.0,38.1663640,-122.4625330,27.6,90.6,0,0,0
613.50,69.4,43.1,5505,23.0,2,38.8,0,0,12241.0,38.1663770,-122.4625230,27.6,90.6,0,0,0
613.60,69.8,43.4,5537,23.0,2,38.8,0,0,12241.0,38.1663890,-122.4625120,27.6,90.6,0,0,0
613.70,70.3,43.7,5553,23.0,2,39.0,0,0,12241.0,38.1664010,-122.4625010,27.6,90.6,0,0,0
613.80,70.7,43.9,5604,23.0,2,39.1,0,0,12241.0,38.1664130,-122.4624880,27.8,91.2,0,0,0
613.90,71.2,44.2,5613,23.0,2,39.4,0,0,12241.0,38.1664250,-122.4624750,27.8,91.2,0,0,0
614.00,71.4,44.4,5645,23.5,2,39.8,0,0,12241.0,38.1664360,-122.4624620,27.8,91.2,0,0,0
614.10,71.8,44.6,5684,23.5,2,39.9,0,0,12241.0,38.1664470,-122.4624480,27.8,91.2,0,0,0
614.20,72.5,45.0,5680,24.0,2,40.2,0,0,12241.0,38.1664570,-122.4624330,27.8,91.2,0,0,0
614.30,72.3,44.9,5720,24.5,2,40.2,0,0,12241.0,38.1664660,-122.4624170,27.8,91.2,0,0,0
614.40,72.8,45.3,5755,25.0,2,39.9,0,0,12241.0,38.1664760,-122.4624010,27.8,91.2,0,0,0
614.50,73.3,45.5,5748,25.5,2,39.8,0,0,12241.0,38.1664840,-122.4623850,27.8,91.2,0,0,0
614.60,73.5,45.7,5780,26.0,2,39.3,0,0,12241.0,38.1664920,-122.4623670,27.8,91.2,0,0,0
614.70,73.6,45.8,5785,26.0,2,38.8,0,0,12241.0,38.1665000,-122.4623500,27.8,91.2,0,0,0
614.80,73.9,45.9,5847,26.0,2,39.1,0,0,12241.0,38.1665070,-122.4623310,27.7,90.9,0,0,0
614.90,74.6,46.4,5924,26.0,2,39.7,0,0,12241.0,38.1665130,-122.4623130,27.7,90.9,0,0,0
615.00,75.2,46.7,5927,27.5,2,40.5,0,0,12241.0,38.1665190,-122.4622930,27.7,90.9,0,0,0
615.10,75.7,47.1,6072,30.5,2,41.3,0,0,12241.0,38.1665240,-122.4622740,27.7,90.9,0,0,0
615.20,77.2,48.0,6079,30.5,2,41.4,0,0,12241.0,38.1665280,-122.4622540,27.7,90.9,0,0,0
615.30,77.5,48.2,6150,33.0,2,41.4,0,0,12241.0,38.1665320,-122.4622330,27.7,90.9,0,0,0
615.40,78.0,48.4,6237,36.0,2,41.2,0,0,12241.0,38.1665350,-122.4622120,27.7,90.9,0,0,0
615.50,79.1,49.1,6242,37.0,2,41.0,0,0,12241.0,38.1665370,-122.4621910,27.7,90.9,0,0,0
615.60,79.6,49.5,6321,37.5,2,40.9,0,0,12241.0,38.1665390,-122.4621700,27.7,90.9,0,0,0
615.70,80.7,50.2,6351,41.5,2,40.7,0,0,12241.0,38.1665390,-122.4621470,27.7,90.9,0,0,0
615.80,81.3,50.5,6512,45.5,2,40.4,0,0,12241.0,38.1665390,-122.4621250,27.4,89.9,0,0,0
615.90,83.1,51.6,6588,51.5,2,40.1,0,0,12241.0,38.1665380,-122.4621020,27.4,89.9,0,0,0
616.00,83.9,52.1,6731,54.5,2,39.6,0,0,12241.0,38.1665370,-122.4620800,27.4,89.9,0,0,0
616.10,84.7,52.6,6802,59.5,2,38.7,0,0,12241.0,38.1665340,-122.4620570,27.4,89.9,0,0,0
616.20,86.6,53.8,6935,58.5,2,38.2,0,0,12241.0,38.1665310,-122.4620340,27.4,89.9,0,0,0
616.30,88.1,54.8,7083,58.5,2,38.0,0,0,12241.0,38.1665270,-122.4620110,27.4,89.9,0,0,0
616.40,90.1,56.0,7149,59.5,2,37.6,0,0,12241.0,38.1665230,-122.4619880,27.4,89.9,0,0,0
616.50,91.4,56.8,7298,64.5,2,37.2,0,0,12241.0,38.1665170,-122.4619640,27.4,89.9,0,0,0
616.60,93.2,57.9,7489,65.5,2,36.5,0,0,12241.0,38.1665120,-122.4619410,27.4,89.9,0,0,0
616.70,94.8,58.9,7546,65.5,2,35.7,0,0,12241.0,38.1665050,-122.4619170,27.4,89.9,0,0,0
616.80,96.4,59.9,7726,66.5,2,34.8,0,0,12241.0,38.1664970,-122.4618930,27.3,89.6,0,0,0
616.90,98.8,61.4,7866,66.5,2,34.0,0,0,12241.0,38.1664890,-122.4618690,27.3,89.6,0,0,0
617.00,100.3,62.3,7992,67.5,2,32.9,0,0,12241.0,38.1664800,-122.4618450,27.3,89.6,0,0,0
617.10,101.9,63.3,8056,67.5,2,31.4,0,0,12241.0,38.1664710,-122.4618200,27.3,89.6,0,0,0
617.20,102.6,63.8,8208,67.5,2,29.6,0,0,12241.0,38.1664600,-122.4617960,27.3,89.6,0,0,0
617.30,104.6,65.0,8288,67.5,2,27.7,0,0,12241.0,38.1664490,-122.4617710,27.3,89.6,0,0,0
617.40,105.5,65.6,8397,67.5,2,25.7,0,0,12241.0,38.1664380,-122.4617460,27.3,89.6,0,0,0
617.50,106.8,66.4,8499,68.0,2,23.5,0,0,12241.0,38.1664260,-122.4617210,27.3,89.6,0,0,0
617.60,108.0,67.1,8504,68.0,2,21.2,0,0,12241.0,38.1664130,-122.4616950,27.3,89.6,0,0,0
617.70,107.4,66.8,6385,68.5,2,18.7,0,0,12242.0,38.1664000,-122.4616690,27.3,89.6,0,0,0
617.80,105.9,65.8,6730,66.0,3,16.9,0,0,12242.0,38.1663860,-122.4616430,26.5,86.9,0,0,0
617.90,108.3,67.3,6939,68.0,3,15.5,0,0,12242.0,38.1663710,-122.4616180,26.5,86.9,0,0,0
618.00,110.2,68.5,6999,72.0,3,14.3,0,0,12242.0,38.1663570,-122.4615920,26.5,86.9,0,0,0
618.10,111.4,69.2,7068,76.5,3,13.0,0,0,12242.0,38.1663420,-122.4615660,26.5,86.9,0,0,0
618.20,112.5,69.9,7195,77.5,3,11.2,0,0,12242.0,38.1663270,-122.4615390,26.5,86.9,0,0,0
618.30,114.1,70.9,7264,77.5,3,9.2,0,0,12242.0,38.1663110,-122.4615130,26.5,86.9,0,0,0
618.40,115.5,71.8,7366,77.5,3,7.1,0,0,12242.0,38.1662950,-122.4614870,26.5,86.9,0,0,0
618.50,117.0,72.7,7472,78.0,3,5.0,0,0,12242.0,38.1662790,-122.4614600,26.5,86.9,0,0,0
618.60,119.1,74.0,7568,78.0,3,2.7,0,0,12242.0,38.1662620,-122.4614320,26.5,86.9,0,0,0
618.70,120.3,74.7,7677,77.5,3,0.7,0,0,12242.0,38.1662450,-122.4614050,26.5,86.9,0,0,0
618.80,121.7,75.6,7789,77.5,3,-1.3,0,0,12242.0,38.1662280,-122.4613770,26.0,85.3,0,0,0
618.90,123.9,77.0,7904,77.5,3,-3.1,0,0,12242.0,38.1662100,-122.4613490,26.0,85.3,0,0,0
619.00,125.6,78.0,8059,77.5,3,-4.7,0,0,12242.0,38.1661920,-122.4613200,26.0,85.3,0,0,0
619.10,127.2,79.1,8142,77.5,3,-6.4,0,0,12242.0,38.1661740,-122.4612920,26.0,85.3,0,0,0
619.20,129.6,80.5,8290,77.5,3,-8.2,0,0,12242.0,38.1661560,-122.4612620,26.0,85.3,0,0,0
619.30,131.7,81.8,8444,77.0,3,-10.3,0,0,12242.0,38.1661370,-122.4612330,26.0,85.3,0,0,0
619.40,133.8,83.1,8504,72.5,3,-12.4,0,0,12242.0,38.1661180,-122.4612020,26.0,85.3,0,0,0
619.50,135.2,84.0,8564,67.5,3,-14.6,0,0,12242.0,38.1660990,-122.4611710,26.0,85.3,0,0,0
619.60,136.9,85.1,8684,65.0,3,-16.7,0,0,12242.0,38.1660800,-122.4611400,26.0,85.3,0,0,0
619.70,138.7,86.2,8832,63.5,3,-19.0,0,0,12242.0,38.1660610,-122.4611090,26.0,85.3,0,0,0
619.80,140.8,87.5,8940,62.0,3,-20.8,0,0,12242.0,38.1660420,-122.4610770,25.1,82.3,0,0,0
619.90,142.1,88.3,8985,57.5,3,-22.5,0,0,12242.0,38.1660220,-122.4610440,25.1,82.3,0,0,0
620.00,143.0,88.9,9031,55.0,3,-23.8,0,0,12242.0,38.1660030,-122.4610110,25.1,82.3,0,0,0
620.10,143.8,89.3,9111,54.5,3,-24.8,0,0,12242.0,38.1659840,-122.4609780,25.1,82.3,0,0,0
620.20,144.6,89.9,9161,54.5,3,-24.9,0,0,12242.0,38.1659650,-122.4609440,25.1,82.3,0,0,0
620.30,145.7,90.5,8520,54.5,3,-24.4,0,0,12242.0,38.1659460,-122.4609100,25.1,82.3,0,0,0
620.40,153.0,95.1,7651,52.5,4,-24.6,0,0,12242.0,38.1659270,-122.4608760,25.1,82.3,0,0,0
620.50,146.9,91.3,7622,45.0,4,-24.8,0,0,12242.0,38.1659090,-122.4608410,25.1,82.3,0,0,0
620.60,146.5,91.0,7648,36.0,4,-25.4,0,0,12242.0,38.1658900,-122.4608060,25.1,82.3,0,0,0
620.70,146.0,90.7,7653,28.0,4,-26.1,0,0,12242.0,38.1658720,-122.4607710,25.1,82.3,0,0,0
620.80,145.6,90.5,7125,0.0,4,-26.4,0,0,12242.0,38.1658540,-122.4607350,23.5,77.1,0,0,0
620.90,140.6,87.4,7404,0.0,4,-25.7,0,0,12242.0,38.1658370,-122.4606990,23.5,77.1,0,0,0
621.00,142.2,88.4,7388,0.0,4,-23.4,0,0,12242.0,38.1658190,-122.4606630,23.5,77.1,0,0,0
621.10,141.6,88.0,7346,0.0,4,-20.7,0,0,12242.0,38.1658030,-122.4606270,23.5,77.1,0,0,0
621.20,140.2,87.1,7264,0.0,4,-17.5,0,0,12242.0,38.1657860,-122.4605910,23.5,77.1,0,0,0
621.30,138.9,86.3,7186,0.0,4,-13.8,0,0,12242.0,38.1657700,-122.4605550,23.5,77.1,0,0,0
621.40,137.6,85.5,7164,0.0,4,-10.3,0,0,12242.0,38.1657540,-122.4605190,23.5,77.1,0,0,0
621.50,136.9,85.1,7162,0.0,4,-6.9,0,0,12242.0,38.1657390,-122.4604830,23.5,77.1,0,0,0
621.60,136.4,84.7,7080,0.0,4,-3.9,0,0,12242.0,38.1657230,-122.4604470,23.5,77.1,0,0,0
621.70,135.3,84.1,6990,0.0,4,0.7,0,0,12242.0,38.1657080,-122.4604120,23.5,77.1,0,0,0
621.80,134.5,83.6,7039,0.0,4,6.3,0,0,12242.0,38.1656930,-122.4603770,22.2,72.8,0,0,0
621.90,134.8,83.8,7072,0.0,4,10.9,0,0,12242.0,38.1656770,-122.4603410,22.2,72.8,0,0,0
622.00,134.9,83.8,7067,0.0,4,15.3,0,0,12242.0,38.1656620,-122.4603070,22.2,72.8,0,0,0
622.10,134.9,83.8,7062,0.0,4,19.9,0,0,12242.0,38.1656470,-122.4602720,22.2,72.8,0,0,0
622.20,135.3,84.0,7092,0.0,4,23.0,0,0,12242.0,38.1656310,-122.4602370,22.2,72.8,0,0,0
622.30,135.5,84.2,7087,0.0,4,24.7,0,0,12242.0,38.1656160,-122.4602030,22.2,72.8,0,0,0
622.40,135.4,84.1,7081,0.0,4,26.3,0,0,12242.0,38.1656000,-122.4601690,22.2,72.8,0,0,0
622.50,135.1,84.0,7051,0.0,4,27.3,0,0,12242.0,38.1655840,-122.4601360,22.2,72.8,0,0,0
622.60,134.5,83.6,7018,0.0,4,27.5,0,0,12242.0,38.1655670,-122.4601030,22.2,72.8,0,0,0
622.70,133.9,83.2,6988,0.0,4,27.6,0,0,12242.0,38.1655500,-122.4600710,22.2,72.8,0,0,0
622.80,133.0,82.7,6921,0.0,4,26.5,0,0,12242.0,38.1655330,-122.4600390,20.7,67.9,0,0,0
622.90,132.0,82.0,6864,0.0,4,25.2,0,0,12242.0,38.1655160,-122.4600080,20.7,67.9,0,0,0
623.00,130.9,81.4,6797,0.0,4,23.2,0,0,12242.0,38.1654980,-122.4599770,20.7,67.9,0,0,0
623.10,129.4,80.4,6695,0.0,4,19.9,0,0,12242.0,38.1654790,-122.4599460,20.7,67.9,0,0,0
623.20,127.8,79.4,6669,0.0,4,16.9,0,0,12242.0,38.1654610,-122.4599170,20.7,67.9,0,0,0
623.30,127.1,78.9,6585,0.0,4,14.8,0,0,12242.0,38.1654420,-122.4598870,20.7,67.9,0,0,0
623.40,125.9,78.3,6529,0.0,4,12.7,0,0,12242.0,38.1654230,-122.4598590,20.7,67.9,0,0,0
623.50,125.4,77.9,6536,0.0,4,11.8,0,0,12242.0,38.1654050,-122.4598300,20.7,67.9,0,0,0
623.60,124.7,77.5,6491,0.0,4,10.5,0,0,12242.0,38.1653860,-122.4598020,20.7,67.9,0,0,0
623.70,123.9,77.0,6419,0.0,4,7.7,0,0,12242.0,38.1653670,-122.4597740,20.7,67.9,0,0,0
623.80,122.7,76.3,6385,0.0,4,3.4,0,0,12242.0,38.1653480,-122.4597450,19.5,64.0,0,0,0
623.90,121.9,75.8,6394,0.0,4,-0.3,0,0,12242.0,38.1653290,-122.4597170,19.5,64.0,0,0,0
624.00,121.9,75.8,6331,0.0,4,-3.2,0,0,12242.0,38.1653100,-122.4596890,19.5,64.0,0,0,0
624.10,121.0,75.2,6368,10.0,4,-6.9,0,0,12242.0,38.1652920,-122.4596620,19.5,64.0,0,0,0
624.20,121.5,75.5,6412,12.0,4,-10.9,0,0,12242.0,38.1652740,-122.4596340,19.5,64.0,0,0,0
624.30,121.3,75.4,6507,11.5,4,-14.3,0,0,12242.0,38.1652560,-122.4596060,19.5,64.0,0,0,0
624.40,121.1,75.3,6398,20.0,4,-17.6,0,0,12242.0,38.1652380,-122.4595780,19.5,64.0,0,0,0
624.50,122.5,76.1,6444,16.0,4,-21.0,0,0,12242.0,38.1652200,-122.4595500,19.5,64.0,0,0,0
624.60,122.9,76.4,6500,17.5,4,-24.7,0,0,12242.0,38.1652030,-122.4595220,19.5,64.0,0,0,0
624.70,124.0,77.1,6545,19.5,4,-27.5,0,0,12242.0,38.1651860,-122.4594940,19.5,64.0,0,0,0
624.80,125.0,77.6,6556,23.0,4,-29.6,0,0,12242.0,38.1651690,-122.4594650,18.5,60.7,0,0,0
624.90,125.4,77.9,6626,27.0,4,-31.5,0,0,12242.0,38.1651530,-122.4594360,18.5,60.7,0,0,0
625.00,126.7,78.7,6659,27.5,4,-33.5,0,0,12242.0,38.1651370,-122.4594060,18.5,60.7,0,0,0
625.10,127.1,79.0,6674,30.5,4,-34.8,0,0,12242.0,38.1651220,-122.4593760,18.5,60.7,0,0,0
625.20,127.6,79.3,6705,34.0,4,-35.0,0,0,12242.0,38.1651070,-122.4593460,18.5,60.7,0,0,0
625.30,127.9,79.5,6665,36.0,4,-34.3,0,0,12242.0,38.1650920,-122.4593150,18.5,60.7,0,0,0
625.40,127.6,79.3,6670,35.5,4,-33.1,0,0,12242.0,38.1650780,-122.4592840,18.5,60.7,0,0,0
625.50,127.4,79.1,6689,37.0,4,-32.0,0,0,12242.0,38.1650650,-122.4592530,18.5,60.7,0,0,0
625.60,127.8,79.4,6722,40.5,4,-31.8,0,0,12242.0,38.1650520,-122.4592210,18.5,60.7,0,0,0
625.70,128.3,79.7,6739,41.0,4,-32.2,0,0,12242.0,38.1650400,-122.4591880,18.5,60.7,0,0,0
625.80,128.0,79.5,6731,39.0,4,-32.1,0,0,12242.0,38.1650280,-122.4591550,17.6,57.7,0,0,0
625.90,128.4,79.8,6771,43.5,4,-32.7,0,0,12242.0,38.1650160,-122.4591220,17.6,57.7,0,0,0
626.00,130.1,80.9,6837,45.0,4,-33.8,0,0,12242.0,38.1650050,-122.4590890,17.6,57.7,0,0,0
626.10,130.7,81.2,6840,43.0,4,-34.3,0,0,12242.0,38.1649950,-122.4590550,17.6,57.7,0,0,0
626.20,130.6,81.1,6834,45.0,4,-33.9,0,0,12242.0,38.1649850,-122.4590210,17.6,57.7,0,0,0
626.30,131.4,81.7,6938,49.5,4,-33.7,0,0,12242.0,38.1649750,-122.4589860,17.6,57.7,0,0,0
626.40,132.5,82.3,6977,49.5,4,-33.7,0,0,12242.0,38.1649660,-122.4589510,17.6,57.7,0,0,0
626.50,132.7,82.5,6939,48.0,4,-33.4,0,0,12242.0,38.1649580,-122.4589160,17.6,57.7,0,0,0
626.60,132.5,82.3,6929,51.0,4,-32.8,0,0,12242.0,38.1649500,-122.4588800,17.6,57.7,0,0,0
626.70,132.4,82.3,7016,52.5,4,-32.3,0,0,12242.0,38.1649420,-122.4588440,17.6,57.7,0,0,0
626.80,133.4,82.9,6916,50.5,4,-30.8,0,0,12242.0,38.1649360,-122.4588080,16.3,53.5,0,0,0
626.90,132.2,82.2,6916,50.5,4,-28.1,0,0,12242.0,38.1649290,-122.4587710,16.3,53.5,0,0,0
627.00,131.8,81.9,6856,51.0,4,-23.9,0,0,12242.0,38.1649230,-122.4587340,16.3,53.5,0,0,0
627.10,130.7,81.2,6856,48.5,4,-20.3,0,0,12242.0,38.1649180,-122.4586970,16.3,53.5,0,0,0
627.20,130.9,81.4,6828,48.0,4,-16.3,0,0,12242.0,38.1649140,-122.4586590,16.3,53.5,0,0,0
627.30,130.1,80.9,6798,48.0,4,-11.4,0,0,12242.0,38.1649100,-122.4586220,16.3,53.5,0,0,0
627.40,130.3,81.0,6842,48.0,4,-6.4,0,0,12242.0,38.1649050,-122.4585840,16.3,53.5,0,0,0
627.50,131.1,81.4,6902,46.0,4,1.1,0,0,12242.0,38.1649020,-122.4585450,16.3,53.5,0,0,0
627.60,131.8,81.9,6927,44.0,4,9.4,0,0,12242.0,38.1648970,-122.4585070,16.3,53.5,0,0,0
627.70,132.5,82.3,6992,44.0,4,14.8,0,0,12242.0,38.1648930,-122.4584690,16.3,53.5,0,0,0
627.80,133.8,83.1,7094,44.5,4,19.1,0,0,12242.0,38.1648890,-122.4584310,14.7,48.2,0,0,0
627.90,135.1,84.0,7171,43.5,4,23.3,0,0,12242.0,38.1648840,-122.4583920,14.7,48.2,0,0,0
628.00,137.2,85.2,7249,42.5,4,27.4,0,0,12242.0,38.1648790,-122.4583540,14.7,48.2,0,0,0
628.10,138.9,86.3,7337,43.0,4,30.0,0,0,12242.0,38.1648730,-122.4583150,14.7,48.2,0,0,0
628.20,139.8,86.9,7387,43.0,4,31.9,0,0,12242.0,38.1648670,-122.4582770,14.7,48.2,0,0,0
628.30,140.8,87.5,7415,43.0,4,33.5,0,0,12242.0,38.1648600,-122.4582390,14.7,48.2,0,0,0
628.40,141.9,88.2,7441,45.0,4,34.8,0,0,12242.0,38.1648530,-122.4582010,14.7,48.2,0,0,0
628.50,142.3,88.4,7506,54.5,4,35.4,0,0,12242.0,38.1648450,-122.4581630,14.7,48.2,0,0,0
628.60,143.4,89.1,7519,59.5,4,34.9,0,0,12242.0,38.1648370,-122.4581250,14.7,48.2,0,0,0
628.70,143.1,88.9,7500,60.5,4,33.8,0,0,12242.0,38.1648280,-122.4580870,14.7,48.2,0,0,0
628.80,143.8,89.4,7570,64.0,4,33.1,0,0,12242.0,38.1648180,-122.4580490,13.3,43.6,0,0,0
628.90,144.8,90.0,7597,65.5,4,32.6,0,0,12242.0,38.1648070,-122.4580120,13.3,43.6,0,0,0
629.00,144.8,90.0,7624,69.0,4,31.7,0,0,12242.0,38.1647960,-122.4579740,13.3,43.6,0,0,0
629.10,145.4,90.4,7647,72.0,4,30.5,0,0,12242.0,38.1647850,-122.4579370,13.3,43.6,0,0,0
629.20,146.0,90.7,7681,73.5,4,29.3,0,0,12242.0,38.1647720,-122.4579000,13.3,43.6,0,0,0
629.30,146.4,91.0,7675,73.5,4,28.3,0,0,12242.0,38.1647590,-122.4578630,13.3,43.6,0,0,0
629.40,146.5,91.1,7691,73.5,4,27.5,0,0,12242.0,38.1647460,-122.4578250,13.3,43.6,0,0,0
629.50,147.1,91.4,7736,73.5,4,26.6,0,0,12242.0,38.1647320,-122.4577880,13.3,43.6,0,0,0
629.60,148.1,92.0,7760,72.5,4,26.1,0,0,12242.0,38.1647170,-122.4577500,13.3,43.6,0,0,0
629.70,148.7,92.4,7785,67.0,4,26.0,0,0,12242.0,38.1647030,-122.4577130,13.3,43.6,0,0,0
629.80,149.0,92.6,7785,64.5,4,26.5,0,0,12242.0,38.1646870,-122.4576750,12.8,42.0,0,0,0
629.90,149.3,92.8,7854,64.5,4,27.0,0,0,12242.0,38.1646720,-122.4576380,12.8,42.0,0,0,0
630.00,150.6,93.6,7927,64.5,4,27.5,0,0,12242.0,38.1646560,-122.4576010,12.8,42.0,0,0,0
630.10,151.6,94.2,7968,64.5,4,27.7,0,0,12242.0,38.1646390,-122.4575640,12.8,42.0,0,0,0
630.20,151.8,94.3,7988,66.0,4,27.4,0,0,12242.0,38.1646220,-122.4575270,12.8,42.0,0,0,0
630.30,152.4,94.7,7985,65.5,4,26.4,0,0,12242.0,38.1646040,-122.4574900,12.8,42.0,0,0,0
630.40,152.8,94.9,8024,62.5,4,25.3,0,0,12242.0,38.1645860,-122.4574530,12.8,42.0,0,0,0
630.50,153.3,95.3,7975,56.5,4,24.4,0,0,12242.0,38.1645680,-122.4574160,12.8,42.0,0,0,0
630.60,152.2,94.6,7958,54.5,4,23.2,0,0,12242.0,38.1645490,-122.4573800,12.8,42.0,0,0,0
630.70,152.1,94.5,7964,51.5,4,21.8,0,0,12242.0,38.1645300,-122.4573430,12.8,42.0,0,0,0
630.80,153.0,95.1,7954,46.0,4,21.1,0,0,12242.0,38.1645100,-122.4573070,12.5,41.0,0,0,0
630.90,151.3,94.0,7912,44.5,4,19.9,0,0,12242.0,38.1644910,-122.4572710,12.5,41.0,0,0,0
631.00,150.9,93.8,7887,45.0,4,18.2,0,0,12242.0,38.1644710,-122.4572340,12.5,41.0,0,0,0
631.10,150.3,93.4,7897,45.5,4,16.4,0,0,12242.0,38.1644500,-122.4571990,12.5,41.0,0,0,0
631.20,150.5,93.5,7885,45.5,4,14.5,0,0,12242.0,38.1644300,-122.4571630,12.5,41.0,0,0,0
631.30,150.4,93.5,7856,46.0,4,12.7,0,0,12242.0,38.1644090,-122.4571280,12.5,41.0,0,0,0
631.40,149.9,93.1,7842,46.5,4,10.7,0,0,12242.0,38.1643880,-122.4570930,12.5,41.0,0,0,0
631.50,150.0,93.2,7850,46.5,4,8.9,0,0,12242.0,38.1643670,-122.4570570,12.5,41.0,0,0,0
631.60,149.9,93.1,7872,46.5,4,7.5,0,0,12242.0,38.1643460,-122.4570220,12.5,41.0,0,0,0
631.70,150.3,93.4,7876,46.5,4,5.9,0,0,12242.0,38.1643250,-122.4569870,12.5,41.0,0,0,0
631.80,150.2,93.3,7874,46.0,4,4.7,0,0,12242.0,38.1643030,-122.4569520,11.2,36.7,0,0,0
631.90,150.3,93.4,7877,46.0,4,3.7,0,0,12242.0,38.1642820,-122.4569170,11.2,36.7,0,0,0
632.00,150.4,93.5,7879,43.0,4,2.7,0,0,12242.0,38.1642600,-122.4568830,11.2,36.7,0,0,0
632.10,150.5,93.5,7910,41.5,4,2.0,0,0,12242.0,38.1642380,-122.4568480,11.2,36.7,0,0,0
632.20,150.9,93.7,7918,41.0,4,1.4,0,0,12242.0,38.1642160,-122.4568130,11.2,36.7,0,0,0
632.30,150.9,93.7,7899,36.0,4,0.8,0,0,12242.0,38.1641940,-122.4567790,11.2,36.7,0,0,0
632.40,150.8,93.7,7519,0.0,4,-0.2,0,0,12242.0,38.1641720,-122.4567440,11.2,36.7,0,0,0
632.50,150.6,93.6,7778,0.0,4,0.2,0,0,12242.0,38.1641490,-122.4567090,11.2,36.7,0,0,0
632.60,149.0,92.6,7784,0.0,4,0.2,0,0,12242.0,38.1641270,-122.4566740,11.2,36.7,0,0,0
632.70,148.4,92.2,7780,0.0,4,-0.3,0,0,12242.0,38.1641050,-122.4566400,11.2,36.7,0,0,0
632.80,148.1,92.0,7742,0.0,4,0.2,0,0,12242.0,38.1640830,-122.4566060,8.8,28.9,0,0,0
632.90,147.4,91.6,7669,0.0,4,1.3,0,0,12242.0,38.1640610,-122.4565710,8.8,28.9,0,0,0
633.00,146.4,91.0,7618,0.0,4,1.0,0,0,12242.0,38.1640390,-122.4565370,8.8,28.9,0,0,0
633.10,145.5,90.4,7601,0.0,4,1.0,0,0,12242.0,38.1640180,-122.4565030,8.8,28.9,0,0,0
633.20,145.1,90.2,7570,0.0,4,1.3,0,0,12242.0,38.1639960,-122.4564690,8.8,28.9,0,0,0
633.30,144.3,89.7,7483,0.0,4,2.0,0,0,12242.0,38.1639740,-122.4564360,8.8,28.9,0,0,0
633.40,142.8,88.7,7400,0.0,4,2.0,0,0,12242.0,38.1639530,-122.4564030,8.8,28.9,0,0,0
633.50,141.1,87.7,7282,0.0,4,1.7,0,0,12242.0,38.1639310,-122.4563690,8.8,28.9,0,0,0
633.60,138.7,86.2,7162,0.0,4,1.7,0,0,12242.0,38.1639100,-122.4563370,8.8,28.9,0,0,0
633.70,136.6,84.9,7312,0.0,4,1.8,0,0,12242.0,38.1638890,-122.4563040,8.8,28.9,0,0,0
633.80,136.0,84.5,8446,0.0,3,1.6,0,0,12242.0,38.1638690,-122.4562730,7.1,23.3,0,0,0
633.90,134.8,83.8,8422,0.0,3,1.1,0,0,12242.0,38.1638480,-122.4562410,7.1,23.3,0,0,0
634.00,133.5,83.0,8188,0.0,3,0.6,0,0,12242.0,38.1638280,-122.4562100,7.1,23.3,0,0,0
634.10,130.0,80.8,8095,0.0,3,0.3,0,0,12242.0,38.1638080,-122.4561800,7.1,23.3,0,0,0
634.20,128.7,80.0,8015,0.0,3,0.1,0,0,12242.0,38.1637880,-122.4561490,7.1,23.3,0,0,0
634.30,127.4,79.1,7901,0.0,3,-0.0,0,0,12242.0,38.1637680,-122.4561190,7.1,23.3,0,0,0
634.40,125.3,77.9,7770,0.0,3,-0.1,0,0,12242.0,38.1637490,-122.4560900,7.1,23.3,0,0,0
634.50,123.4,76.7,7651,0.0,3,-0.2,0,0,12242.0,38.1637300,-122.4560610,7.1,23.3,0,0,0
634.60,121.7,75.6,7513,0.0,3,-0.3,0,0,12242.0,38.1637110,-122.4560320,7.1,23.3,0,0,0
634.70,119.4,74.2,7452,0.0,3,-0.5,0,0,12242.0,38.1636920,-122.4560040,7.1,23.3,0,0,0
634.80,118.5,73.6,7397,0.0,3,-0.8,0,0,12242.0,38.1636740,-122.4559760,6.1,20.0,0,0,0
634.90,117.7,73.1,7619,0.0,3,-0.9,0,0,12242.0,38.1636560,-122.4559480,6.1,20.0,0,0,0
635.00,117.5,73.0,9006,0.0,2,-0.9,0,0,12242.0,38.1636380,-122.4559210,6.1,20.0,0,0,0
635.10,114.5,71.2,8921,0.0,2,-0.9,0,0,12242.0,38.1636210,-122.4558940,6.1,20.0,0,0,0
635.20,113.6,70.6,8729,0.0,2,-0.8,0,0,12242.0,38.1636030,-122.4558680,6.1,20.0,0,0,0
635.30,110.8,68.9,8577,0.0,2,-0.7,0,0,12242.0,38.1635860,-122.4558420,6.1,20.0,0,0,0
635.40,109.0,67.7,8392,0.0,2,-0.5,0,0,12242.0,38.1635690,-122.4558160,6.1,20.0,0,0,0
635.50,106.6,66.3,8251,0.0,2,-0.2,0,0,12242.0,38.1635530,-122.4557900,6.1,20.0,0,0,0
635.60,104.7,65.1,8091,0.0,2,0.1,0,0,12242.0,38.1635360,-122.4557650,6.1,20.0,0,0,0
635.70,102.8,63.9,7926,0.0,2,0.3,0,0,12242.0,38.1635200,-122.4557410,6.1,20.0,0,0,0
635.80,100.8,62.6,7864,0.0,2,0.5,0,0,12242.0,38.1635040,-122.4557160,5.3,17.4,0,0,0
635.90,99.9,62.1,7782,0.0,2,0.7,0,0,12242.0,38.1634890,-122.4556930,5.3,17.4,0,0,0
636.00,98.7,61.3,7679,0.0,2,0.8,0,0,12242.0,38.1634730,-122.4556700,5.3,17.4,0,0,0
636.10,97.5,60.6,7549,0.0,2,0.9,0,0,12242.0,38.1634580,-122.4556470,5.3,17.4,0,0,0
636.20,95.8,59.5,7469,0.0,2,0.8,0,0,12242.0,38.1634440,-122.4556250,5.3,17.4,0,0,0
636.30,94.8,58.9,7328,0.0,2,1.3,0,0,12242.0,38.1634290,-122.4556030,5.3,17.4,0,0,0
636.40,92.9,57.7,7232,0.0,2,1.8,0,0,12242.0,38.1634150,-122.4555820,5.3,17.4,0,0,0
636.50,91.7,57.0,7116,0.0,2,2.3,0,0,12242.0,38.1634010,-122.4555600,5.3,17.4,0,0,0
636.60,90.3,56.1,7023,0.0,2,2.6,0,0,12242.0,38.1633870,-122.4555390,5.3,17.4,0,0,0
636.70,89.3,55.5,6897,0.0,2,3.1,0,0,12242.0,38.1633730,-122.4555180,5.3,17.4,0,0,0
636.80,87.8,54.6,6834,0.0,2,3.6,0,0,12242.0,38.1633590,-122.4554980,4.7,15.4,0,0,0
636.90,86.6,53.8,6726,0.0,2,4.1,0,0,12242.0,38.1633460,-122.4554780,4.7,15.4,0,0,0
637.00,85.2,52.9,6637,0.0,2,4.9,0,0,12242.0,38.1633320,-122.4554580,4.7,15.4,0,0,0
637.10,84.2,52.3,6538,0.0,2,5.9,0,0,12242.0,38.1633190,-122.4554390,4.7,15.4,0,0,0
637.20,83.0,51.5,6470,0.0,2,6.9,0,0,12242.0,38.1633060,-122.4554190,4.7,15.4,0,0,0
637.30,81.9,50.9,6347,0.0,2,8.0,0,0,12242.0,38.1632930,-122.4554010,4.7,15.4,0,0,0
637.40,80.6,50.1,6253,0.0,2,9.3,0,0,12242.0,38.1632800,-122.4553820,4.7,15.4,0,0,0
637.50,79.1,49.2,6139,0.0,2,10.8,0,0,12242.0,38.1632680,-122.4553640,4.7,15.4,0,0,0
637.60,78.1,48.5,6076,0.0,2,12.6,0,0,12242.0,38.1632550,-122.4553470,4.7,15.4,0,0,0
637.70,77.4,48.1,6009,0.0,2,14.9,0,0,12242.0,38.1632430,-122.4553300,4.7,15.4,0,0,0
637.80,76.5,47.5,5923,0.0,2,16.9,0,0,12242.0,38.1632300,-122.4553140,4.2,13.8,0,0,0
637.90,75.6,47.0,5893,0.0,2,18.0,0,0,12242.0,38.1632180,-122.4552980,4.2,13.8,0,0,0
638.00,74.7,46.4,5802,0.0,2,18.6,0,0,12242.0,38.1632050,-122.4552820,4.2,13.8,0,0,0
638.10,73.6,45.8,5730,0.0,2,19.5,0,0,12242.0,38.1631920,-122.4552670,4.2,13.8,0,0,0
638.20,72.8,45.3,5653,0.0,2,20.2,0,0,12242.0,38.1631800,-122.4552520,4.2,13.8,0,0,0
638.30,72.0,44.7,5572,0.0,2,20.8,0,0,12242.0,38.1631670,-122.4552380,4.2,13.8,0,0,0
638.40,70.9,44.1,5508,0.0,2,21.6,0,0,12242.0,38.1631540,-122.4552250,4.2,13.8,0,0,0
638.50,69.8,43.3,5448,0.0,2,22.6,0,0,12242.0,38.1631410,-122.4552120,4.2,13.8,0,0,0
638.60,69.1,42.9,5391,0.0,2,23.7,0,0,12242.0,38.1631280,-122.4551990,4.2,13.8,0,0,0
638.70,68.3,42.4,5314,0.0,2,24.9,0,0,12242.0,38.1631150,-122.4551870,4.2,13.8,0,0,0
638.80,67.3,41.8,5246,0.0,2,25.9,0,0,12242.0,38.1631030,-122.4551760,3.9,12.8,0,0,0
638.90,66.5,41.3,5147,0.0,2,26.9,0,0,12242.0,38.1630900,-122.4551650,3.9,12.8,0,0,0
639.00,65.4,40.7,5077,0.0,2,27.9,0,0,12242.0,38.1630770,-122.4551550,3.9,12.8,0,0,0
639.10,64.6,40.1,4999,0.0,2,29.0,0,0,12242.0,38.1630640,-122.4551460,3.9,12.8,0,0,0
639.20,63.6,39.5,4931,0.0,2,30.3,0,0,12242.0,38.1630510,-122.4551370,3.9,12.8,0,0,0
639.30,62.5,38.8,4856,0.0,2,31.5,0,0,12242.0,38.1630380,-122.4551290,3.9,12.8,0,0,0
639.40,61.6,38.2,4848,0.0,2,32.6,0,0,12242.0,38.1630260,-122.4551210,3.9,12.8,0,0,0
639.50,61.2,38.0,4831,0.0,2,33.6,0,0,12242.0,38.1630130,-122.4551140,3.9,12.8,0,0,0
639.60,61.2,38.0,4736,0.0,2,34.0,0,0,12242.0,38.1630000,-122.4551080,3.9,12.8,0,0,0
639.70,59.9,37.2,4698,0.0,2,34.4,0,0,12242.0,38.1629870,-122.4551030,3.9,12.8,0,0,0
639.80,59.7,37.1,4637,0.0,2,33.9,0,0,12242.0,38.1629740,-122.4550980,3.1,10.2,0,0,0
639.90,59.0,36.7,4620,0.0,2,33.0,0,0,12242.0,38.1629620,-122.4550940,3.1,10.2,0,0,0
640.00,58.1,36.1,4493,0.0,2,32.1,0,0,12242.0,38.1629490,-122.4550910,3.1,10.2,0,0,0
640.10,57.0,35.4,4440,0.0,2,31.2,0,0,12242.0,38.1629360,-122.4550890,3.1,10.2,0,0,0
640.20,56.6,35.2,4377,0.0,2,29.9,0,0,12242.0,38.1629230,-122.4550880,3.1,10.2,0,0,0
640.30,55.4,34.4,4334,0.0,2,28.4,0,0,12242.0,38.1629110,-122.4550870,3.1,10.2,0,0,0
640.40,54.9,34.1,4238,0.0,2,26.3,0,0,12242.0,38.1628980,-122.4550870,3.1,10.2,0,0,0
640.50,53.7,33.4,4163,0.0,2,23.6,0,0,12242.0,38.1628860,-122.4550870,3.1,10.2,0,0,0
640.60,52.8,32.8,4047,0.0,2,19.5,0,0,12242.0,38.1628740,-122.4550880,3.1,10.2,0,0,0
640.70,51.2,31.8,3953,0.0,2,14.8,0,0,12242.0,38.1628620,-122.4550900,3.1,10.2,0,0,0
640.80,50.5,31.4,3903,0.0,2,9.8,0,0,12242.0,38.1628500,-122.4550920,3.5,11.5,0,0,0
640.90,49.4,30.7,3883,0.0,2,5.5,0,0,12242.0,38.1628380,-122.4550940,3.5,11.5,0,0,0
641.00,49.0,30.4,3825,0.0,2,1.4,0,0,12242.0,38.1628260,-122.4550960,3.5,11.5,0,0,0
641.10,48.6,30.2,3800,0.0,2,-2.6,0,0,12242.0,38.1628150,-122.4550980,3.5,11.5,0,0,0
641.20,48.2,30.0,3797,0.0,2,-7.4,0,0,12242.0,38.1628030,-122.4551010,3.5,11.5,0,0,0
641.30,48.1,29.9,3782,0.0,2,-12.9,0,0,12242.0,38.1627920,-122.4551030,3.5,11.5,0,0,0
641.40,48.0,29.8,3765,0.0,2,-18.0,0,0,12242.0,38.1627810,-122.4551050,3.5,11.5,0,0,0
641.50,47.8,29.7,3772,0.0,2,-23.0,0,0,12242.0,38.1627690,-122.4551060,3.5,11.5,0,0,0
641.60,48.0,29.8,3772,0.0,2,-26.8,0,0,12242.0,38.1627580,-122.4551070,3.5,11.5,0,0,0
641.70,47.8,29.7,3771,1.0,2,-28.8,0,0,12242.0,38.1627470,-122.4551080,3.5,11.5,0,0,0
641.80,47.6,29.6,3883,3.0,2,-30.3,0,0,12242.0,38.1627360,-122.4551080,3.3,10.8,0,0,0
641.90,47.8,29.7,3778,13.0,2,-31.4,0,0,12242.0,38.1627260,-122.4551070,3.3,10.8,0,0,0
642.00,47.7,29.6,4158,24.0,2,-32.2,0,0,12242.0,38.1627150,-122.4551060,3.3,10.8,0,0,0
642.10,49.9,31.0,3959,20.0,2,-33.1,0,0,12242.0,38.1627050,-122.4551040,3.3,10.8,0,0,0
642.20,49.8,31.0,3904,16.5,2,-33.6,0,0,12242.0,38.1626940,-122.4551010,3.3,10.8,0,0,0
642.30,49.2,30.6,3908,18.0,2,-34.1,0,0,12242.0,38.1626830,-122.4550980,3.3,10.8,0,0,0
642.40,49.9,31.0,3959,19.0,2,-34.7,0,0,12242.0,38.1626730,-122.4550930,3.3,10.8,0,0,0
642.50,50.9,31.6,3985,20.5,2,-35.3,0,0,12242.0,38.1626630,-122.4550880,3.3,10.8,0,0,0
642.60,50.6,31.4,4051,24.0,2,-36.3,0,0,12242.0,38.1626520,-122.4550830,3.3,10.8,0,0,0
642.70,51.6,32.1,4109,24.5,2,-36.9,0,0,12242.0,38.1626430,-122.4550760,3.3,10.8,0,0,0
642.80,52.9,32.9,4174,25.0,2,-37.1,0,0,12242.0,38.1626330,-122.4550690,3.5,11.5,0,0,0
642.90,52.6,32.7,4210,32.0,2,-36.9,0,0,12242.0,38.1626240,-122.4550610,3.5,11.5,0,0,0
643.00,53.4,33.2,4309,35.5,2,-36.5,0,0,12242.0,38.1626150,-122.4550530,3.5,11.5,0,0,0
643.10,55.1,34.2,4362,42.5,2,-35.7,0,0,12242.0,38.1626060,-122.4550430,3.5,11.5,0,0,0
643.20,55.4,34.4,4487,46.0,2,-35.0,0,0,12242.0,38.1625970,-122.4550330,3.5,11.5,0,0,0
643.30,57.4,35.6,4601,48.5,2,-34.7,0,0,12242.0,38.1625890,-122.4550220,3.5,11.5,0,0,0
643.40,58.5,36.4,4726,54.5,2,-34.3,0,0,12242.0,38.1625810,-122.4550100,3.5,11.5,0,0,0
643.50,59.9,37.2,4925,62.0,2,-34.0,0,0,12242.0,38.1625730,-122.4549970,3.5,11.5,0,0,0
643.60,62.0,38.5,5037,65.0,2,-33.5,0,0,12242.0,38.1625650,-122.4549840,3.5,11.5,0,0,0
643.70,64.5,40.1,5196,66.5,2,-32.6,0,0,12242.0,38.1625580,-122.4549700,3.5,11.5,0,0,0
643.80,66.3,41.2,5324,67.5,2,-31.2,0,0,12242.0,38.1625510,-122.4549550,3.5,11.5,0,0,0
643.90,67.2,41.8,5431,69.0,2,-29.5,0,0,12242.0,38.1625440,-122.4549390,3.5,11.5,0,0,0
644.00,69.2,43.0,5555,69.0,2,-27.8,0,0,12242.0,38.1625370,-122.4549220,3.5,11.5,0,0,0
644.10,70.3,43.7,5696,69.0,2,-26.2,0,0,12242.0,38.1625310,-122.4549040,3.5,11.5,0,0,0
644.20,72.1,44.8,5810,69.0,2,-24.6,0,0,12242.0,38.1625250,-122.4548860,3.5,11.5,0,0,0
644.30,74.2,46.1,5933,69.0,2,-22.9,0,0,12242.0,38.1625190,-122.4548670,3.5,11.5,0,0,0
644.40,75.9,47.2,6063,65.0,2,-21.3,0,0,12242.0,38.1625140,-122.4548470,3.5,11.5,0,0,0
644.50,77.6,48.2,6177,65.0,2,-19.2,0,0,12242.0,38.1625080,-122.4548260,3.5,11.5,0,0,0
644.60,79.1,49.2,6251,65.0,2,-16.8,0,0,12242.0,38.1625030,-122.4548050,3.5,11.5,0,0,0
644.70,79.7,49.5,6339,63.0,2,-14.5,0,0,12242.0,38.1624980,-122.4547830,3.5,11.5,0,0,0
644.80,80.6,50.1,6483,59.5,2,-12.8,0,0,12242.0,38.1624940,-122.4547610,3.5,11.5,0,0,0
644.90,82.8,51.4,6601,48.5,2,-11.4,0,0,12242.0,38.1624890,-122.4547380,3.5,11.5,0,0,0
645.00,84.1,52.3,6665,46.0,2,-10.4,0,0,12242.0,38.1624850,-122.4547140,3.5,11.5,0,0,0
645.10,84.7,52.6,6694,42.0,2,-10.3,0,0,12242.0,38.1624800,-122.4546900,3.5,11.5,0,0,0
645.20,85.2,52.9,6777,40.5,2,-11.2,0,0,12242.0,38.1624760,-122.4546660,3.5,11.5,0,0,0
645.30,86.2,53.6,6792,38.5,2,-10.7,0,0,12242.0,38.1624720,-122.4546410,3.5,11.5,0,0,0
645.40,86.8,53.9,6867,38.5,2,-9.4,0,0,12242.0,38.1624670,-122.4546160,3.5,11.5,0,0,0
645.50,87.5,54.4,6132,40.5,2,-8.3,0,0,12242.0,38.1624630,-122.4545910,3.5,11.5,0,0,0
645.60,88.6,55.0,5585,44.0,3,-7.8,0,0,12242.0,38.1624590,-122.4545660,3.5,11.5,0,0,0
645.70,86.9,54.0,5437,42.5,3,-7.4,0,0,12242.0,38.1624550,-122.4545400,3.5,11.5,0,0,0
645.80,88.9,55.3,5610,48.0,3,-7.0,0,0,12242.0,38.1624510,-122.4545150,3.3,10.8,0,0,0
645.90,90.0,55.9,5697,51.0,3,-7.1,0,0,12242.0,38.1624470,-122.4544890,3.3,10.8,0,0,0
646.00,90.9,56.5,5817,50.5,3,-7.4,0,0,12242.0,38.1624430,-122.4544630,3.3,10.8,0,0,0
646.10,92.8,57.7,5859,45.0,3,-6.9,0,0,12242.0,38.1624400,-122.4544360,3.3,10.8,0,0,0
646.20,93.1,57.8,5919,39.5,3,-6.1,0,0,12242.0,38.1624360,-122.4544090,3.3,10.8,0,0,0
646.30,94.0,58.4,5918,38.5,3,-5.9,0,0,12242.0,38.1624320,-122.4543820,3.3,10.8,0,0,0
646.40,94.5,58.7,5890,34.0,3,-4.4,0,0,12242.0,38.1624280,-122.4543550,3.3,10.8,0,0,0
646.50,94.9,59.0,5927,28.5,3,-1.8,0,0,12242.0,38.1624240,-122.4543280,3.3,10.8,0,0,0
646.60,94.9,59.0,5992,26.5,3,0.7,0,0,12242.0,38.1624210,-122.4543000,3.3,10.8,0,0,0
646.70,95.3,59.2,5932,21.5,3,3.1,0,0,12242.0,38.1624170,-122.4542720,3.3,10.8,0,0,0
646.80,95.1,59.1,5941,16.0,3,5.8,0,0,12242.0,38.1624130,-122.4542440,3.0,9.8,0,0,0
646.90,95.1,59.1,5987,20.5,3,8.5,0,0,12242.0,38.1624090,-122.4542170,3.0,9.8,0,0,0
647.00,95.4,59.3,6028,25.0,3,10.7,0,0,12242.0,38.1624050,-122.4541890,3.0,9.8,0,0,0
647.10,95.9,59.6,6046,25.0,3,12.4,0,0,12242.0,38.1624010,-122.4541610,3.0,9.8,0,0,0
647.20,96.6,60.0,6091,25.0,3,14.1,0,0,12242.0,38.1623970,-122.4541330,3.0,9.8,0,0,0
647.30,97.2,60.4,6121,26.5,3,15.6,0,0,12242.0,38.1623920,-122.4541050,3.0,9.8,0,0,0
647.40,97.5,60.6,6146,26.5,3,16.5,0,0,12242.0,38.1623880,-122.4540770,3.0,9.8,0,0,0
647.50,97.9,60.8,6155,26.0,3,17.3,0,0,12242.0,38.1623830,-122.4540500,3.0,9.8,0,0,0
647.60,98.3,61.1,6178,26.0,3,18.3,0,0,12242.0,38.1623780,-122.4540220,3.0,9.8,0,0,0
647.70,98.4,61.1,6150,27.0,3,18.8,0,0,12242.0,38.1623720,-122.4539940,3.0,9.8,0,0,0
647.80,98.6,61.2,6206,26.0,3,19.6,0,0,12242.0,38.1623660,-122.4539660,2.6,8.5,0,0,0
647.90,99.3,61.7,6240,26.0,3,21.1,0,0,12242.0,38.1623600,-122.4539380,2.6,8.5,0,0,0
648.00,99.8,62.0,6344,27.5,3,22.6,0,0,12242.0,38.1623540,-122.4539100,2.6,8.5,0,0,0
648.10,100.7,62.6,6367,31.5,3,23.8,0,0,12242.0,38.1623470,-122.4538830,2.6,8.5,0,0,0
648.20,101.3,62.9,6379,31.5,3,24.6,0,0,12242.0,38.1623400,-122.4538560,2.6,8.5,0,0,0
648.30,101.9,63.3,6465,31.5,3,25.2,0,0,12242.0,38.1623330,-122.4538280,2.6,8.5,0,0,0
648.40,102.6,63.7,6438,34.0,3,26.0,0,0,12242.0,38.1623250,-122.4538010,2.6,8.5,0,0,0
648.50,102.8,63.9,6502,34.0,3,26.7,0,0,12242.0,38.1623160,-122.4537740,2.6,8.5,0,0,0
648.60,103.3,64.2,6511,34.5,3,27.2,0,0,12242.0,38.1623080,-122.4537460,2.6,8.5,0,0,0
648.70,103.6,64.4,6559,34.5,3,27.7,0,0,12242.0,38.1622990,-122.4537190,2.6,8.5,0,0,0
648.80,104.6,65.0,6595,34.5,3,28.5,0,0,12242.0,38.1622890,-122.4536920,2.2,7.2,0,0,0
648.90,104.9,65.2,6659,37.5,3,29.1,0,0,12242.0,38.1622790,-122.4536660,2.2,7.2,0,0,0
649.00,106.0,65.9,6671,38.5,3,29.3,0,0,12242.0,38.1622680,-122.4536390,2.2,7.2,0,0,0
649.10,106.2,66.0,6713,39.0,3,29.4,0,0,12242.0,38.1622570,-122.4536120,2.2,7.2,0,0,0
649.20,106.6,66.2,6760,40.0,3,29.7,0,0,12242.0,38.1622460,-122.4535860,2.2,7.2,0,0,0
649.30,107.8,67.0,6780,40.0,3,30.0,0,0,12242.0,38.1622340,-122.4535600,2.2,7.2,0,0,0
649.40,108.0,67.1,6834,39.0,3,30.8,0,0,12242.0,38.1622220,-122.4535340,2.2,7.2,0,0,0
649.50,108.7,67.5,6856,39.0,3,31.4,0,0,12242.0,38.1622090,-122.4535080,2.2,7.2,0,0,0
649.60,109.1,67.8,6905,39.0,3,31.8,0,0,12242.0,38.1621960,-122.4534830,2.2,7.2,0,0,0
649.70,109.9,68.3,6919,37.0,3,32.1,0,0,12242.0,38.1621820,-122.4534570,2.2,7.2,0,0,0
649.80,110.3,68.5,6969,36.5,3,32.5,0,0,12242.0,38.1621680,-122.4534320,1.8,5.9,0,0,0
649.90,110.8,68.8,6987,35.5,3,33.0,0,0,12242.0,38.1621540,-122.4534080,1.8,5.9,0,0,0
650.00,111.3,69.2,7006,35.5,3,33.5,0,0,12242.0,38.1621390,-122.4533830,1.8,5.9,0,0,0
650.10,111.2,69.1,7025,35.5,3,33.7,0,0,12242.0,38.1621230,-122.4533590,1.8,5.9,0,0,0
650.20,112.0,69.6,7058,36.5,3,33.7,0,0,12242.0,38.1621070,-122.4533360,1.8,5.9,0,0,0
650.30,112.0,69.6,7026,37.5,3,33.4,0,0,12242.0,38.1620910,-122.4533120,1.8,5.9,0,0,0
650.40,112.3,69.8,7062,37.5,3,32.9,0,0,12242.0,38.1620740,-122.4532900,1.8,5.9,0,0,0
650.50,111.7,69.4,7044,38.5,3,32.3,0,0,12242.0,38.1620570,-122.4532670,1.8,5.9,0,0,0
650.60,112.3,69.8,7079,40.5,3,31.8,0,0,12242.0,38.1620390,-122.4532450,1.8,5.9,0,0,0
650.70,112.7,70.1,7109,41.0,3,31.5,0,0,12242.0,38.1620210,-122.4532240,1.8,5.9,0,0,0
650.80,113.4,70.5,7125,42.0,3,31.2,0,0,12242.0,38.1620020,-122.4532030,1.6,5.2,0,0,0
650.90,113.1,70.3,7136,41.5,3,30.9,0,0,12242.0,38.1619840,-122.4531820,1.6,5.2,0,0,0
651.00,113.7,70.6,7179,43.5,3,30.9,0,0,12242.0,38.1619640,-122.4531620,1.6,5.2,0,0,0
651.10,113.7,70.7,7207,44.5,3,30.7,0,0,12242.0,38.1619450,-122.4531420,1.6,5.2,0,0,0
651.20,114.3,71.0,7262,45.5,3,30.5,0,0,12242.0,38.1619250,-122.4531220,1.6,5.2,0,0,0
651.30,114.9,71.4,7231,46.5,3,29.8,0,0,12242.0,38.1619040,-122.4531030,1.6,5.2,0,0,0
651.40,115.3,71.6,7275,46.5,3,29.2,0,0,12242.0,38.1618840,-122.4530840,1.6,5.2,0,0,0
651.50,115.4,71.7,7330,46.5,3,28.8,0,0,12242.0,38.1618630,-122.4530660,1.6,5.2,0,0,0
651.60,116.7,72.5,7355,47.0,3,28.5,0,0,12242.0,38.1618410,-122.4530480,1.6,5.2,0,0,0
651.70,116.6,72.5,7357,47.0,3,28.2,0,0,12243.0,38.1618200,-122.4530310,1.6,5.2,0,0,0
651.80,116.8,72.6,7357,48.0,3,27.7,0,0,12243.0,38.1617980,-122.4530140,1.3,4.3,0,0,0
651.90,117.1,72.8,7352,47.5,3,27.0,0,0,12243.0,38.1617750,-122.4529970,1.3,4.3,0,0,0
652.00,117.5,73.0,7484,47.5,3,26.5,0,0,12243.0,38.1617520,-122.4529800,1.3,4.3,0,0,0
652.10,118.4,73.6,7439,49.0,3,26.2,0,0,12243.0,38.1617290,-122.4529640,1.3,4.3,0,0,0
652.20,118.0,73.3,7506,49.5,3,25.5,0,0,12243.0,38.1617060,-122.4529490,1.3,4.3,0,0,0
652.30,119.3,74.1,7493,49.5,3,24.7,0,0,12243.0,38.1616820,-122.4529330,1.3,4.3,0,0,0
652.40,118.8,73.8,7489,49.5,3,24.1,0,0,12243.0,38.1616580,-122.4529180,1.3,4.3,0,0,0
652.50,119.7,74.4,7489,49.0,3,23.2,0,0,12243.0,38.1616340,-122.4529040,1.3,4.3,0,0,0
652.60,119.4,74.2,7555,50.5,3,22.4,0,0,12243.0,38.1616100,-122.4528890,1.3,4.3,0,0,0
652.70,120.6,74.9,7568,50.5,3,21.4,0,0,12243.0,38.1615850,-122.4528750,1.3,4.3,0,0,0
652.80,120.3,74.7,7607,50.5,3,20.1,0,0,12243.0,38.1615600,-122.4528610,1.0,3.3,0,0,0
652.90,120.9,75.2,7632,50.5,3,18.6,0,0,12243.0,38.1615340,-122.4528480,1.0,3.3,0,0,0
653.00,121.1,75.3,7632,51.0,3,16.9,0,0,12243.0,38.1615080,-122.4528360,1.0,3.3,0,0,0
653.10,121.4,75.4,7638,51.0,3,15.1,0,0,12243.0,38.1614820,-122.4528230,1.0,3.3,0,0,0
653.20,121.9,75.8,7663,51.5,3,13.5,0,0,12243.0,38.1614560,-122.4528110,1.0,3.3,0,0,0
653.30,122.1,75.9,7661,52.0,3,11.6,0,0,12243.0,38.1614300,-122.4527990,1.0,3.3,0,0,0
653.40,122.3,76.0,7738,52.5,3,10.1,0,0,12243.0,38.1614030,-122.4527870,1.0,3.3,0,0,0
653.50,122.6,76.2,7768,52.5,3,8.7,0,0,12243.0,38.1613770,-122.4527750,1.0,3.3,0,0,0
653.60,122.9,76.4,7754,53.0,3,7.3,0,0,12243.0,38.1613500,-122.4527630,1.0,3.3,0,0,0
653.70,123.6,76.8,7835,52.5,3,6.2,0,0,12243.0,38.1613230,-122.4527510,1.0,3.3,0,0,0
653.80,124.1,77.1,7844,51.5,3,5.3,0,0,12243.0,38.1612960,-122.4527390,0.9,3.0,0,0,0
653.90,124.6,77.4,7866,51.0,3,4.6,0,0,12243.0,38.1612680,-122.4527280,0.9,3.0,0,0,0
654.00,125.1,77.8,7916,50.0,3,4.0,0,0,12243.0,38.1612410,-122.4527160,0.9,3.0,0,0,0
654.10,125.9,78.2,7954,50.0,3,3.4,0,0,12243.0,38.1612130,-122.4527040,0.9,3.0,0,0,0
654.20,126.3,78.5,7945,49.5,3,2.8,0,0,12243.0,38.1611850,-122.4526930,0.9,3.0,0,0,0
654.30,126.9,78.8,8024,50.5,3,2.3,0,0,12243.0,38.1611570,-122.4526810,0.9,3.0,0,0,0
654.40,127.4,79.1,8061,50.5,3,1.6,0,0,12243.0,38.1611290,-122.4526690,0.9,3.0,0,0,0
654.50,128.1,79.6,8058,50.5,3,0.8,0,0,12243.0,38.1611000,-122.4526580,0.9,3.0,0,0,0
654.60,128.5,79.8,8117,50.5,3,-0.2,0,0,12243.0,38.1610720,-122.4526460,0.9,3.0,0,0,0
654.70,129.5,80.5,8184,50.0,3,-1.2,0,0,12243.0,38.1610430,-122.4526350,0.9,3.0,0,0,0
654.80,129.5,80.5,8122,42.0,3,-1.9,0,0,12243.0,38.1610140,-122.4526230,0.6,2.0,0,0,0
654.90,129.7,80.6,8148,41.0,3,-2.6,0,0,12243.0,38.1609850,-122.4526120,0.6,2.0,0,0,0
655.00,129.6,80.5,8175,31.5,3,-2.4,0,0,12243.0,38.1609560,-122.4526000,0.6,2.0,0,0,0
655.10,129.7,80.6,7960,2.0,3,-2.4,0,0,12243.0,38.1609270,-122.4525880,0.6,2.0,0,0,0
655.20,128.7,80.0,8033,0.0,3,-2.6,0,0,12243.0,38.1608980,-122.4525760,0.6,2.0,0,0,0
655.30,127.4,79.2,7943,0.0,3,-2.4,0,0,12243.0,38.1608690,-122.4525650,0.6,2.0,0,0,0
655.40,126.4,78.5,7926,0.0,3,-1.7,0,0,12243.0,38.1608410,-122.4525530,0.6,2.0,0,0,0
655.50,125.9,78.2,7854,0.0,3,-1.2,0,0,12243.0,38.1608120,-122.4525420,0.6,2.0,0,0,0
655.60,125.1,77.7,7825,0.0,3,-0.5,0,0,12243.0,38.1607840,-122.4525300,0.6,2.0,0,0,0
655.70,124.4,77.3,7764,0.0,3,-0.0,0,0,12243.0,38.1607550,-122.4525190,0.6,2.0,0,0,0
655.80,123.4,76.7,7734,0.0,3,0.3,0,0,12243.0,38.1607270,-122.4525080,0.4,1.3,0,0,0
655.90,123.1,76.5,7704,0.0,3,0.7,0,0,12243.0,38.1606990,-122.4524960,0.4,1.3,0,0,0
656.00,122.1,75.9,7622,0.0,3,0.9,0,0,12243.0,38.1606720,-122.4524850,0.4,1.3,0,0,0
656.10,121.1,75.3,7547,0.0,3,1.0,0,0,12243.0,38.1606440,-122.4524740,0.4,1.3,0,0,0
656.20,120.2,74.7,7513,0.0,3,1.1,0,0,12243.0,38.1606170,-122.4524630,0.4,1.3,0,0,0
656.30,119.2,74.1,7472,0.0,3,0.9,0,0,12243.0,38.1605900,-122.4524530,0.4,1.3,0,0,0
656.40,118.5,73.6,7398,0.0,3,0.8,0,0,12243.0,38.1605630,-122.4524420,0.4,1.3,0,0,0
656.50,117.5,73.0,7362,0.0,3,0.4,0,0,12243.0,38.1605360,-122.4524310,0.4,1.3,0,0,0
656.60,117.2,72.8,7271,0.0,3,0.2,0,0,12243.0,38.1605090,-122.4524210,0.4,1.3,0,0,0
656.70,115.9,72.0,7231,0.0,3,0.2,0,0,12243.0,38.1604820,-122.4524110,0.4,1.3,0,0,0
656.80,115.4,71.7,7220,0.0,3,0.3,0,0,12243.0,38.1604560,-122.4524000,0.4,1.3,0,0,0
656.90,114.6,71.2,7155,0.0,3,0.3,0,0,12243.0,38.1604300,-122.4523900,0.4,1.3,0,0,0
657.00,114.1,70.9,7131,0.0,3,0.1,0,0,12243.0,38.1604040,-122.4523800,0.4,1.3,0,0,0
657.10,113.1,70.3,7053,0.0,3,-0.2,0,0,12243.0,38.1603780,-122.4523710,0.4,1.3,0,0,0
657.20,112.2,69.7,7010,0.0,3,-0.2,0,0,12243.0,38.1603520,-122.4523610,0.4,1.3,0,0,0
657.30,111.3,69.2,6983,0.0,3,-0.6,0,0,12243.0,38.1603270,-122.4523520,0.4,1.3,0,0,0
657.40,111.0,69.0,6954,0.0,3,-1.3,0,0,12243.0,38.1603020,-122.4523420,0.4,1.3,0,0,0
657.50,110.2,68.5,6886,0.0,3,-1.8,0,0,12243.0,38.1602770,-122.4523330,0.4,1.3,0,0,0
657.60,109.6,68.1,6798,0.0,3,-2.0,0,0,12243.0,38.1602510,-122.4523230,0.4,1.3,0,0,0
657.70,108.9,67.6,6806,0.0,3,-2.1,0,0,12243.0,38.1602260,-122.4523130,0.4,1.3,0,0,0
657.80,108.3,67.3,6766,0.0,3,-2.0,0,0,12243.0,38.1602010,-122.4523040,0.1,0.3,0,0,0
657.90,107.9,67.0,6707,0.0,3,-2.0,0,0,12243.0,38.1601770,-122.4522940,0.1,0.3,0,0,0
658.00,107.0,66.5,6675,0.0,3,-1.9,0,0,12243.0,38.1601520,-122.4522850,0.1,0.3,0,0,0
658.10,106.7,66.3,6630,0.0,3,-2.0,0,0,12243.0,38.1601280,-122.4522750,0.1,0.3,0,0,0
658.20,105.5,65.6,6594,0.0,3,-2.1,0,0,12243.0,38.1601040,-122.4522650,0.1,0.3,0,0,0
658.30,104.9,65.2,6540,0.0,3,-2.1,0,0,12243.0,38.1600800,-122.4522560,0.1,0.3,0,0,0
658.40,104.2,64.8,6523,0.0,3,-1.9,0,0,12243.0,38.1600570,-122.4522460,0.1,0.3,0,0,0
658.50,103.5,64.3,6480,0.0,3,-1.9,0,0,12243.0,38.1600330,-122.4522370,0.1,0.3,0,0,0
658.60,102.8,63.9,6398,0.0,3,-2.0,0,0,12243.0,38.1600110,-122.4522270,0.1,0.3,0,0,0
658.70,102.2,63.5,6384,0.0,3,-2.0,0,0,12243.0,38.1599870,-122.4522170,0.1,0.3,0,0,0
658.80,101.3,62.9,6321,0.0,3,-2.0,0,0,12243.0,38.1599640,-122.4522070,0.2,0.7,0,0,0
658.90,100.6,62.5,6288,0.0,3,-2.0,0,0,12243.0,38.1599420,-122.4521970,0.2,0.7,0,0,0
659.00,99.8,62.0,6211,0.0,3,-2.0,0,0,12243.0,38.1599190,-122.4521880,0.2,0.7,0,0,0
659.10,98.9,61.5,6186,0.0,3,-2.0,0,0,12243.0,38.1598970,-122.4521790,0.2,0.7,0,0,0
659.20,98.6,61.2,6140,0.0,3,-2.2,0,0,12243.0,38.1598750,-122.4521690,0.2,0.7,0,0,0
659.30,97.9,60.8,6136,0.0,3,-2.2,0,0,12243.0,38.1598530,-122.4521600,0.2,0.7,0,0,0
659.40,97.3,60.4,6076,0.0,3,-2.0,0,0,12243.0,38.1598300,-122.4521510,0.2,0.7,0,0,0
659.50,96.6,60.0,6043,0.0,3,-1.5,0,0,12243.0,38.1598080,-122.4521420,0.2,0.7,0,0,0
659.60,96.1,59.7,5975,0.0,3,-1.3,0,0,12243.0,38.1597860,-122.4521320,0.2,0.7,0,0,0
659.70,95.3,59.2,5967,0.0,3,-1.2,0,0,12243.0,38.1597650,-122.4521230,0.2,0.7,0,0,0
659.80,95.0,59.0,5921,0.0,3,-1.2,0,0,12243.0,38.1597430,-122.4521140,0.7,2.3,0,0,0
659.90,93.6,58.2,5877,0.0,3,-1.3,0,0,12243.0,38.1597220,-122.4521040,0.7,2.3,0,0,0
660.00,93.5,58.1,5788,0.0,3,-1.6,0,0,12243.0,38.1597010,-122.4520950,0.7,2.3,0,0,0
660.10,92.5,57.5,5797,0.0,3,-1.9,0,0,12243.0,38.1596800,-122.4520870,0.7,2.3,0,0,0
660.20,92.1,57.3,5755,0.0,3,-2.1,0,0,12243.0,38.1596600,-122.4520780,0.7,2.3,0,0,0
660.30,91.5,56.9,5727,0.0,3,-1.8,0,0,12243.0,38.1596390,-122.4520690,0.7,2.3,0,0,0
660.40,91.1,56.6,5681,0.0,3,-1.2,0,0,12243.0,38.1596180,-122.4520600,0.7,2.3,0,0,0
660.50,90.3,56.1,5649,0.0,3,-0.9,0,0,12243.0,38.1595980,-122.4520510,0.7,2.3,0,0,0
660.60,89.8,55.8,5585,0.0,3,-0.5,0,0,12243.0,38.1595780,-122.4520420,0.7,2.3,0,0,0
660.70,88.8,55.2,5546,0.0,3,-0.1,0,0,12243.0,38.1595580,-122.4520330,0.7,2.3,0,0,0
660.80,87.6,54.4,5394,0.0,3,0.2,0,0,12243.0,38.1595380,-122.4520240,0.9,3.0,0,0,0
660.90,85.6,53.2,5320,0.0,3,0.2,0,0,12243.0,38.1595190,-122.4520150,0.9,3.0,0,0,0
661.00,84.3,52.4,5225,0.0,3,0.2,0,0,12243.0,38.1595000,-122.4520070,0.9,3.0,0,0,0
661.10,83.1,51.6,5289,0.0,3,0.3,0,0,12243.0,38.1594810,-122.4519980,0.9,3.0,0,0,0
661.20,83.0,51.5,6382,0.0,2,0.5,0,0,12243.0,38.1594620,-122.4519900,0.9,3.0,0,0,0
661.30,81.4,50.6,6382,0.0,2,0.6,0,0,12243.0,38.1594440,-122.4519810,0.9,3.0,0,0,0
661.40,80.5,50.0,6005,0.0,2,0.5,0,0,12243.0,38.1594260,-122.4519730,0.9,3.0,0,0,0
661.50,77.4,48.1,6086,0.0,2,0.4,0,0,12243.0,38.1594080,-122.4519660,0.9,3.0,0,0,0
661.60,77.3,48.0,6029,0.0,2,0.5,0,0,12243.0,38.1593910,-122.4519580,0.9,3.0,0,0,0
661.70,76.7,47.6,5974,0.0,2,0.5,0,0,12243.0,38.1593730,-122.4519500,0.9,3.0,0,0,0
661.80,75.9,47.1,5863,0.0,2,0.8,0,0,12243.0,38.1593560,-122.4519430,1.0,3.3,0,0,0
661.90,74.7,46.4,5802,0.0,2,1.1,0,0,12243.0,38.1593390,-122.4519350,1.0,3.3,0,0,0
662.00,74.0,46.0,5718,0.0,2,1.2,0,0,12243.0,38.1593230,-122.4519280,1.0,3.3,0,0,0
662.10,72.8,45.2,5630,0.0,2,1.2,0,0,12243.0,38.1593060,-122.4519210,1.0,3.3,0,0,0
662.20,71.7,44.5,5589,0.0,2,1.1,0,0,12243.0,38.1592900,-122.4519140,1.0,3.3,0,0,0
662.30,71.1,44.2,5546,0.0,2,1.0,0,0,12243.0,38.1592740,-122.4519070,1.0,3.3,0,0,0
662.40,70.5,43.8,5485,0.0,2,1.1,0,0,12243.0,38.1592580,-122.4519000,1.0,3.3,0,0,0
662.50,69.8,43.3,5423,0.0,2,1.2,0,0,12243.0,38.1592420,-122.4518930,1.0,3.3,0,0,0
662.60,69.0,42.9,5418,0.0,2,1.5,0,0,12243.0,38.1592260,-122.4518870,1.0,3.3,0,0,0
662.70,68.7,42.7,5359,0.0,2,2.0,0,0,12243.0,38.1592110,-122.4518800,1.0,3.3,0,0,0
662.80,68.1,42.3,5330,0.0,2,2.4,0,0,12243.0,38.1591950,-122.4518740,1.0,3.3,0,0,0
662.90,67.5,41.9,5285,0.0,2,2.9,0,0,12243.0,38.1591800,-122.4518670,1.0,3.3,0,0,0
663.00,66.7,41.5,5183,0.0,2,3.3,0,0,12243.0,38.1591650,-122.4518610,1.0,3.3,0,0,0
663.10,66.0,41.0,5138,0.0,2,3.5,0,0,12243.0,38.1591500,-122.4518550,1.0,3.3,0,0,0
663.20,65.4,40.6,5077,0.0,2,3.5,0,0,12243.0,38.1591350,-122.4518490,1.0,3.3,0,0,0
663.30,64.5,40.1,5018,0.0,2,3.5,0,0,12243.0,38.1591210,-122.4518430,1.0,3.3,0,0,0
663.40,63.9,39.7,4961,0.0,2,3.4,0,0,12243.0,38.1591060,-122.4518370,1.0,3.3,0,0,0
663.50,62.9,39.1,4931,0.0,2,3.3,0,0,12243.0,38.1590920,-122.4518320,1.0,3.3,0,0,0
663.60,62.3,38.7,4859,0.0,2,3.4,0,0,12243.0,38.1590780,-122.4518260,1.0,3.3,0,0,0
663.70,61.8,38.4,4822,0.0,2,3.5,0,0,12243.0,38.1590640,-122.4518210,1.0,3.3,0,0,0
663.80,61.1,38.0,4761,0.0,2,3.8,0,0,12243.0,38.1590500,-122.4518160,1.2,3.9,0,0,0
663.90,60.6,37.6,4716,0.0,2,4.0,0,0,12243.0,38.1590360,-122.4518110,1.2,3.9,0,0,0
664.00,60.0,37.3,4691,0.0,2,4.2,0,0,12243.0,38.1590220,-122.4518060,1.2,3.9,0,0,0
664.10,59.3,36.8,4635,0.0,2,4.6,0,0,12243.0,38.1590080,-122.4518010,1.2,3.9,0,0,0
664.20,58.9,36.6,4591,0.0,2,5.4,0,0,12243.0,38.1589950,-122.4517960,1.2,3.9,0,0,0
664.30,58.3,36.3,4569,0.0,2,6.1,0,0,12243.0,38.1589820,-122.4517910,1.2,3.9,0,0,0
664.40,57.8,35.9,4507,0.0,2,6.8,0,0,12243.0,38.1589680,-122.4517870,1.2,3.9,0,0,0
664.50,57.1,35.5,4467,0.0,2,7.8,0,0,12243.0,38.1589550,-122.4517830,1.2,3.9,0,0,0
664.60,56.6,35.2,4414,0.0,2,9.1,0,0,12243.0,38.1589420,-122.4517780,1.2,3.9,0,0,0
664.70,56.2,34.9,4379,0.0,2,10.5,0,0,12243.0,38.1589290,-122.4517740,1.2,3.9,0,0,0
664.80,55.6,34.5,4339,0.0,2,12.1,0,0,12243.0,38.1589160,-122.4517710,1.3,4.3,0,0,0
664.90,55.0,34.2,4310,0.0,2,13.6,0,0,12243.0,38.1589030,-122.4517670,1.3,4.3,0,0,0
665.00,54.9,34.1,4263,0.0,2,14.6,0,0,12243.0,38.1588890,-122.4517630,1.3,4.3,0,0,0
665.10,54.1,33.6,4194,0.0,2,15.2,0,0,12243.0,38.1588770,-122.4517600,1.3,4.3,0,0,0
665.20,53.5,33.2,4187,0.0,2,16.4,0,0,12243.0,38.1588640,-122.4517580,1.3,4.3,0,0,0
665.30,53.2,33.1,4187,0.0,2,17.6,0,0,12243.0,38.1588520,-122.4517550,1.3,4.3,0,0,0
665.40,53.1,33.0,4141,0.0,2,18.4,0,0,12243.0,38.1588390,-122.4517530,1.3,4.3,0,0,0
665.50,52.6,32.7,4098,0.0,2,19.1,0,0,12243.0,38.1588270,-122.4517510,1.3,4.3,0,0,0
665.60,51.8,32.2,4034,0.0,2,20.2,0,0,12243.0,38.1588150,-122.4517500,1.3,4.3,0,0,0
665.70,51.4,31.9,4013,0.0,2,21.5,0,0,12243.0,38.1588040,-122.4517480,1.3,4.3,0,0,0
665.80,50.9,31.6,4016,0.0,2,22.9,0,0,12243.0,38.1587920,-122.4517470,1.9,6.2,0,0,0
665.90,50.7,31.5,3935,0.0,2,24.0,0,0,12243.0,38.1587800,-122.4517470,1.9,6.2,0,0,0
666.00,50.0,31.1,3905,0.0,2,24.9,0,0,12243.0,38.1587690,-122.4517460,1.9,6.2,0,0,0
666.10,49.5,30.7,3900,0.0,2,25.8,0,0,12243.0,38.1587570,-122.4517470,1.9,6.2,0,0,0
666.20,49.4,30.7,3837,0.0,2,26.5,0,0,12243.0,38.1587450,-122.4517470,1.9,6.2,0,0,0
666.30,48.9,30.4,3782,0.0,2,26.8,0,0,12243.0,38.1587330,-122.4517480,1.9,6.2,0,0,0
666.40,48.2,30.0,3774,1.5,2,26.9,0,0,12243.0,38.1587210,-122.4517490,1.9,6.2,0,0,0
666.50,47.6,29.6,3749,2.5,2,26.9,0,0,12243.0,38.1587100,-122.4517500,1.9,6.2,0,0,0
666.60,47.6,29.6,3777,2.5,2,26.6,0,0,12243.0,38.1586980,-122.4517530,1.9,6.2,0,0,0
666.70,47.4,29.5,3676,4.5,2,26.1,0,0,12243.0,38.1586860,-122.4517560,1.9,6.2,0,0,0
666.80,46.5,28.9,3671,5.5,2,25.4,0,0,12243.0,38.1586750,-122.4517590,1.8,5.9,0,0,0
666.90,46.5,28.9,3639,3.5,2,24.8,0,0,12243.0,38.1586640,-122.4517630,1.8,5.9,0,0,0
667.00,45.8,28.5,3585,4.5,2,24.5,0,0,12243.0,38.1586520,-122.4517670,1.8,5.9,0,0,0
667.10,45.7,28.4,3552,4.5,2,24.2,0,0,12243.0,38.1586410,-122.4517730,1.8,5.9,0,0,0
667.20,45.2,28.1,3496,4.5,2,24.0,0,0,12243.0,38.1586310,-122.4517780,1.8,5.9,0,0,0
667.30,44.6,27.7,3497,6.5,2,23.9,0,0,12243.0,38.1586200,-122.4517840,1.8,5.9,0,0,0
667.40,44.4,27.6,3533,8.0,2,23.6,0,0,12243.0,38.1586100,-122.4517890,1.8,5.9,0,0,0
667.50,44.4,27.6,3478,8.0,2,23.0,0,0,12243.0,38.1585990,-122.4517960,1.8,5.9,0,0,0
667.60,43.9,27.3,3391,8.5,2,22.4,0,0,12243.0,38.1585880,-122.4518020,1.8,5.9,0,0,0
667.70,43.8,27.2,3370,9.5,2,21.6,0,0,12243.0,38.1585780,-122.4518100,1.8,5.9,0,0,0
667.80,43.2,26.8,3510,9.5,2,20.9,0,0,12243.0,38.1585700,-122.4518170,2.6,8.5,0,0,0
667.90,43.0,26.7,3565,10.0,2,20.3,0,0,12243.0,38.1585630,-122.4518250,2.6,8.5,0,0,0
668.00,43.4,27.0,3294,11.5,2,19.9,0,0,12243.0,38.1585570,-122.4518330,2.6,8.5,0,0,0
668.10,42.9,26.7,3441,11.5,2,19.4,0,0,12243.0,38.1585500,-122.4518420,2.6,8.5,0,0,0
668.20,42.8,26.6,3403,12.5,2,19.1,0,0,12243.0,38.1585430,-122.4518500,2.6,8.5,0,0,0
668.30,43.1,26.8,3422,13.0,2,18.9,0,0,12243.0,38.1585360,-122.4518590,2.6,8.5,0,0,0
668.40,43.2,26.9,3405,14.5,2,18.6,0,0,12243.0,38.1585290,-122.4518670,2.6,8.5,0,0,0
668.50,43.4,27.0,3363,14.0,2,18.4,0,0,12243.0,38.1585220,-122.4518770,2.6,8.5,0,0,0
668.60,43.0,26.7,3393,14.5,2,18.3,0,0,12243.0,38.1585160,-122.4518860,2.6,8.5,0,0,0
668.70,43.2,26.8,3415,14.5,2,18.5,0,0,12243.0,38.1585090,-122.4518960,2.6,8.5,0,0,0
668.80,43.5,27.0,3446,14.5,2,18.4,0,0,12243.0,38.1585030,-122.4519060,2.7,8.9,0,0,0
668.90,43.6,27.1,3465,15.0,2,18.2,0,0,12243.0,38.1584980,-122.4519160,2.7,8.9,0,0,0
669.00,44.0,27.3,3480,15.5,2,18.0,0,0,12243.0,38.1584920,-122.4519270,2.7,8.9,0,0,0
669.10,44.0,27.4,3492,13.0,2,17.9,0,0,12243.0,38.1584860,-122.4519370,2.7,8.9,0,0,0
669.20,44.6,27.7,3501,12.5,2,17.9,0,0,12243.0,38.1584810,-122.4519480,2.7,8.9,0,0,0
669.30,45.1,28.0,3548,11.0,2,18.1,0,0,12243.0,38.1584770,-122.4519590,2.7,8.9,0,0,0
669.40,45.2,28.1,3556,11.5,2,18.3,0,0,12243.0,38.1584720,-122.4519710,2.7,8.9,0,0,0
669.50,45.1,28.0,3532,11.5,2,18.7,0,0,12243.0,38.1584670,-122.4519820,2.7,8.9,0,0,0
669.60,45.3,28.1,3578,11.0,2,19.2,0,0,12243.0,38.1584630,-122.4519940,2.7,8.9,0,0,0
669.70,45.9,28.5,3526,11.5,2,19.8,0,0,12243.0,38.1584590,-122.4520060,2.7,8.9,0,0,0
669.80,45.4,28.2,3574,11.5,2,20.4,0,0,12243.0,38.1584550,-122.4520180,2.7,8.9,0,0,0
669.90,45.7,28.4,3594,11.5,2,20.8,0,0,12243.0,38.1584510,-122.4520310,2.7,8.9,0,0,0
670.00,45.7,28.4,3598,11.5,2,20.9,0,0,12243.0,38.1584480,-122.4520430,2.7,8.9,0,0,0
670.10,46.0,28.6,3605,12.5,2,20.8,0,0,12243.0,38.1584450,-122.4520560,2.7,8.9,0,0,0
670.20,46.1,28.7,3651,13.0,2,20.2,0,0,12243.0,38.1584420,-122.4520680,2.7,8.9,0,0,0
670.30,46.5,28.9,3623,11.5,2,19.7,0,0,12243.0,38.1584400,-122.4520820,2.7,8.9,0,0,0
670.40,45.8,28.5,3610,11.5,2,19.2,0,0,12243.0,38.1584380,-122.4520950,2.7,8.9,0,0,0
670.50,46.3,28.8,3615,11.5,2,18.9,0,0,12243.0,38.1584360,-122.4521080,2.7,8.9,0,0,0
670.60,46.1,28.7,3616,12.0,2,18.4,0,0,12243.0,38.1584350,-122.4521210,2.7,8.9,0,0,0
670.70,46.0,28.6,3631,10.5,2,17.7,0,0,12243.0,38.1584340,-122.4521340,2.7,8.9,0,0,0
670.80,46.2,28.7,3660,11.5,2,17.0,0,0,12243.0,38.1584330,-122.4521480,2.5,8.2,0,0,0
670.90,46.3,28.7,3600,11.5,2,16.2,0,0,12243.0,38.1584320,-122.4521620,2.5,8.2,0,0,0
671.00,46.3,28.7,3605,10.5,2,15.1,0,0,12243.0,38.1584320,-122.4521750,2.5,8.2,0,0,0
671.10,45.9,28.5,3536,8.5,2,13.7,0,0,12243.0,38.1584310,-122.4521880,2.5,8.2,0,0,0
671.20,45.6,28.3,3603,6.0,2,12.2,0,0,12243.0,38.1584310,-122.4522020,2.5,8.2,0,0,0
671.30,45.5,28.3,3432,0.0,2,10.4,0,0,12243.0,38.1584320,-122.4522150,2.5,8.2,0,0,0
671.40,45.1,28.0,3457,0.0,2,8.3,0,0,12243.0,38.1584320,-122.4522290,2.5,8.2,0,0,0
671.50,44.6,27.7,3416,0.0,2,5.9,0,0,12243.0,38.1584330,-122.4522420,2.5,8.2,0,0,0
671.60,43.8,27.2,3404,0.0,2,3.5,0,0,12243.0,38.1584330,-122.4522550,2.5,8.2,0,0,0
671.70,43.2,26.9,3365,0.0,2,1.4,0,0,12243.0,38.1584350,-122.4522690,2.5,8.2,0,0,0
671.80,42.8,26.6,3360,0.0,2,0.5,0,0,12243.0,38.1584360,-122.4522820,2.3,7.5,0,0,0
671.90,42.6,26.5,3325,0.0,2,-0.3,0,0,12243.0,38.1584370,-122.4522950,2.3,7.5,0,0,0
672.00,42.1,26.1,3282,0.0,2,-1.1,0,0,12243.0,38.1584380,-122.4523080,2.3,7.5,0,0,0
672.10,41.6,25.9,3237,0.0,2,-1.8,0,0,12243.0,38.1584390,-122.4523200,2.3,7.5,0,0,0
672.20,41.0,25.5,3185,0.0,2,-2.0,0,0,12243.0,38.1584400,-122.4523330,2.3,7.5,0,0,0
672.30,40.4,25.1,3160,0.0,2,-2.3,0,0,12243.0,38.1584410,-122.4523450,2.3,7.5,0,0,0
672.40,40.2,25.0,3115,0.0,2,-2.5,0,0,12243.0,38.1584420,-122.4523580,2.3,7.5,0,0,0
672.50,39.4,24.5,3076,0.0,2,-2.9,0,0,12243.0,38.1584430,-122.4523700,2.3,7.5,0,0,0
672.60,39.0,24.3,3040,0.0,2,-3.3,0,0,12243.0,38.1584430,-122.4523820,2.3,7.5,0,0,0
672.70,38.4,23.9,3010,0.0,2,-3.5,0,0,12243.0,38.1584440,-122.4523930,2.3,7.5,0,0,0
672.80,37.9,23.6,2971,0.0,2,-3.7,0,0,12243.0,38.1584450,-122.4524050,2.0,6.6,0,0,0
672.90,37.5,23.3,2930,0.0,2,-4.0,0,0,12243.0,38.1584450,-122.4524170,2.0,6.6,0,0,0
673.00,36.9,23.0,2874,0.0,2,-4.0,0,0,12243.0,38.1584460,-122.4524280,2.0,6.6,0,0,0
673.10,36.4,22.6,2839,0.0,2,-4.0,0,0,12243.0,38.1584460,-122.4524390,2.0,6.6,0,0,0
673.20,36.2,22.5,2814,0.0,2,-3.9,0,0,12243.0,38.1584460,-122.4524500,2.0,6.6,0,0,0
673.30,35.7,22.2,2798,0.0,2,-3.8,0,0,12243.0,38.1584470,-122.4524610,2.0,6.6,0,0,0
673.40,35.4,22.0,2738,0.0,2,-3.6,0,0,12243.0,38.1584470,-122.4524720,2.0,6.6,0,0,0
673.50,35.0,21.7,2700,0.0,2,-3.0,0,0,12243.0,38.1584470,-122.4524820,2.0,6.6,0,0,0
673.60,34.3,21.3,2665,0.0,2,-2.1,0,0,12243.0,38.1584470,-122.4524930,2.0,6.6,0,0,0
673.70,33.9,21.1,2658,0.0,2,-1.0,0,0,12243.0,38.1584470,-122.4525040,2.0,6.6,0,0,0
673.80,33.2,20.6,2686,0.0,2,0.4,0,0,12243.0,38.1584470,-122.4525140,1.9,6.2,0,0,0
673.90,33.3,20.7,2527,0.0,2,1.6,0,0,12243.0,38.1584470,-122.4525240,1.9,6.2,0,0,0
674.00,32.7,20.3,2551,0.0,2,2.8,0,0,12243.0,38.1584480,-122.4525340,1.9,6.2,0,0,0
674.10,32.2,20.0,2504,0.0,2,3.7,0,0,12243.0,38.1584480,-122.4525440,1.9,6.2,0,0,0
674.20,32.0,19.9,2503,0.0,2,4.4,0,0,12243.0,38.1584470,-122.4525540,1.9,6.2,0,0,0
674.30,31.8,19.7,2487,0.0,2,4.8,0,0,12243.0,38.1584470,-122.4525630,1.9,6.2,0,0,0
674.40,31.4,19.5,2415,0.0,2,4.8,0,0,12243.0,38.1584470,-122.4525730,1.9,6.2,0,0,0
674.50,30.8,19.2,2428,0.0,2,4.3,0,0,12243.0,38.1584470,-122.4525820,1.9,6.2,0,0,0
674.60,30.9,19.2,2386,0.0,2,3.2,0,0,12243.0,38.1584480,-122.4525920,1.9,6.2,0,0,0
674.70,30.5,18.9,2364,0.0,2,1.7,0,0,12243.0,38.1584480,-122.4526010,1.9,6.2,0,0,0
674.80,30.0,18.6,2337,0.0,2,-0.1,0,0,12243.0,38.1584480,-122.4526100,2.2,7.2,0,0,0
674.90,29.5,18.3,2076,0.0,2,-2.0,0,0,12243.0,38.1584480,-122.4526190,2.2,7.2,0,0,0
675.00,29.7,18.5,1956,0.0,2,-3.6,0,0,12243.0,38.1584490,-122.4526280,2.2,7.2,0,0,0
675.10,29.5,18.3,1725,0.0,2,-4.6,0,0,12243.0,38.1584490,-122.4526360,2.2,7.2,0,0,0
675.20,29.3,18.2,1730,0.0,2,-5.4,0,0,12243.0,38.1584490,-122.4526450,2.2,7.2,0,0,0
675.30,29.2,18.1,1754,0.0,2,-6.0,0,0,12243.0,38.1584490,-122.4526540,2.2,7.2,0,0,0
675.40,28.7,17.9,1649,0.0,2,-6.3,0,0,12243.0,38.1584490,-122.4526620,2.2,7.2,0,0,0
675.50,28.9,17.9,1636,0.0,2,-6.0,0,0,12243.0,38.1584500,-122.4526710,2.2,7.2,0,0,0
675.60,28.7,17.9,1681,18.5,2,-5.5,0,0,12243.0,38.1584500,-122.4526790,2.2,7.2,0,0,0
675.70,28.4,17.7,2371,0.0,2,-5.1,0,0,12243.0,38.1584490,-122.4526880,2.2,7.2,0,0,0
675.80,28.1,17.5,2139,0.0,2,-4.7,0,0,12243.0,38.1584490,-122.4526960,2.2,7.2,0,0,0
675.90,27.7,17.2,1772,0.0,2,-4.1,0,0,12243.0,38.1584490,-122.4527050,2.2,7.2,0,0,0
676.00,27.9,17.3,1575,0.5,2,-3.1,0,0,12243.0,38.1584490,-122.4527130,2.2,7.2,0,0,0
676.10,28.0,17.4,1434,1.5,2,-2.0,0,0,12243.0,38.1584480,-122.4527210,2.2,7.2,0,0,0
676.20,27.5,17.1,1460,8.0,2,-1.0,0,0,12243.0,38.1584480,-122.4527290,2.2,7.2,0,0,0
676.30,27.3,17.0,1823,9.5,2,-0.0,0,0,12243.0,38.1584470,-122.4527370,2.2,7.2,0,0,0
676.40,26.6,16.6,2220,10.0,2,0.8,0,0,12243.0,38.1584470,-122.4527460,2.2,7.2,0,0,0
676.50,26.4,16.4,2737,10.5,2,1.3,0,0,12243.0,38.1584460,-122.4527540,2.2,7.2,0,0,0
676.60,26.9,16.7,3044,10.0,2,1.6,0,0,12243.0,38.1584460,-122.4527620,2.2,7.2,0,0,0
676.70,26.4,16.4,2946,10.0,2,1.9,0,0,12243.0,38.1584450,-122.4527700,2.2,7.2,0,0,0
676.80,26.9,16.7,2639,10.5,2,2.4,0,0,12243.0,38.1584450,-122.4527770,2.4,7.9,0,0,0
676.90,27.8,17.2,2172,10.0,2,3.1,0,0,12243.0,38.1584440,-122.4527850,2.4,7.9,0,0,0
677.00,27.1,16.8,2203,10.0,2,4.1,0,0,12243.0,38.1584440,-122.4527930,2.4,7.9,0,0,0
677.10,27.9,17.3,2125,10.5,2,5.4,0,0,12243.0,38.1584440,-122.4528020,2.4,7.9,0,0,0
677.20,27.6,17.1,2140,9.0,2,7.3,0,0,12243.0,38.1584430,-122.4528090,2.4,7.9,0,0,0
677.30,27.4,17.0,2165,7.5,2,9.3,0,0,12243.0,38.1584430,-122.4528180,2.4,7.9,0,0,0
677.40,27.4,17.0,2151,5.5,2,11.2,0,0,12243.0,38.1584430,-122.4528260,2.4,7.9,0,0,0
677.50,27.2,16.9,2181,3.5,2,13.1,0,0,12243.0,38.1584430,-122.4528340,2.4,7.9,0,0,0
677.60,28.0,17.4,2126,3.0,2,14.5,0,0,12243.0,38.1584430,-122.4528420,2.4,7.9,0,0,0
677.70,28.0,17.4,2175,3.0,2,15.8,0,0,12243.0,38.1584440,-122.4528500,2.4,7.9,0,0,0
677.80,27.5,17.1,2149,0.0,2,17.1,0,0,12243.0,38.1584440,-122.4528580,2.7,8.9,0,0,0
677.90,27.2,16.9,2029,0.0,2,18.2,0,0,12243.0,38.1584450,-122.4528670,2.7,8.9,0,0,0
678.00,27.6,17.2,2140,0.0,2,19.1,0,0,12243.0,38.1584460,-122.4528740,2.7,8.9,0,0,0
678.10,27.4,17.0,2144,1.0,2,19.6,0,0,12243.0,38.1584470,-122.4528820,2.7,8.9,0,0,0
678.20,27.2,16.9,2182,3.5,2,19.9,0,0,12243.0,38.1584480,-122.4528890,2.7,8.9,0,0,0
678.30,26.6,16.6,2277,5.0,2,19.9,0,0,12243.0,38.1584500,-122.4528970,2.7,8.9,0,0,0
678.40,27.0,16.8,2104,6.0,2,19.5,0,0,12243.0,38.1584520,-122.4529040,2.7,8.9,0,0,0
678.50,26.8,16.6,2118,6.0,2,18.7,0,0,12243.0,38.1584530,-122.4529100,2.7,8.9,0,0,0
678.60,27.0,16.8,2125,6.5,2,17.8,0,0,12243.0,38.1584550,-122.4529160,2.7,8.9,0,0,0
678.70,26.6,16.6,2080,6.5,2,17.3,0,0,12243.0,38.1584580,-122.4529230,2.7,8.9,0,0,0
678.80,26.0,16.1,2058,6.5,2,16.9,0,0,12243.0,38.1584610,-122.4529290,3.4,11.2,0,0,0
678.90,26.6,16.6,2089,6.5,2,16.4,0,0,12243.0,38.1584640,-122.4529360,3.4,11.2,0,0,0
679.00,26.5,16.5,2111,7.0,2,16.2,0,0,12243.0,38.1584670,-122.4529420,3.4,11.2,0,0,0
679.10,27.0,16.8,2127,7.5,2,16.3,0,0,12243.0,38.1584700,-122.4529480,3.4,11.2,0,0,0
679.20,26.5,16.5,2326,0.0,2,16.4,0,0,12243.0,38.1584740,-122.4529540,3.4,11.2,0,0,0
679.30,26.6,16.6,2224,0.0,2,16.8,0,0,12243.0,38.1584780,-122.4529600,3.4,11.2,0,0,0
679.40,26.6,16.6,1912,0.0,2,16.9,0,0,12243.0,38.1584820,-122.4529660,3.4,11.2,0,0,0
679.50,26.9,16.7,1727,0.0,2,17.0,0,0,12243.0,38.1584860,-122.4529710,3.4,11.2,0,0,0
679.60,26.4,16.4,1659,0.0,2,16.5,0,0,12243.0,38.1584910,-122.4529770,3.4,11.2,0,0,0
679.70,26.2,16.3,1691,0.0,2,15.0,0,0,12243.0,38.1584950,-122.4529820,3.4,11.2,0,0,0
679.80,25.5,15.9,1612,0.0,2,13.2,0,0,12243.0,38.1585000,-122.4529870,3.7,12.1,0,0,0
679.90,25.3,15.7,1604,0.0,2,11.4,0,0,12243.0,38.1585050,-122.4529910,3.7,12.1,0,0,0
680.00,25.1,15.6,1563,0.0,2,10.1,0,0,12243.0,38.1585100,-122.4529950,3.7,12.1,0,0,0
680.10,24.9,15.5,1596,0.0,2,8.7,0,0,12243.0,38.1585150,-122.4530000,3.7,12.1,0,0,0
680.20,24.4,15.2,1533,0.0,2,7.4,0,0,12243.0,38.1585200,-122.4530030,3.7,12.1,0,0,0
680.30,24.2,15.0,1542,0.0,2,6.0,0,0,12243.0,38.1585240,-122.4530070,3.7,12.1,0,0,0
680.40,24.2,15.0,1580,0.0,2,4.9,0,0,12243.0,38.1585290,-122.4530110,3.7,12.1,0,0,0
680.50,23.8,14.8,1565,0.0,2,4.3,0,0,12243.0,38.1585340,-122.4530140,3.7,12.1,0,0,0
680.60,23.9,14.8,1488,0.0,2,3.8,0,0,12243.0,38.1585380,-122.4530180,3.7,12.1,0,0,0
680.70,23.8,14.8,1478,0.0,2,3.5,0,0,12243.0,38.1585430,-122.4530210,3.7,12.1,0,0,0
680.80,23.7,14.7,1462,0.0,2,3.0,0,0,12243.0,38.1585480,-122.4530240,3.8,12.5,0,0,0
680.90,23.7,14.7,1435,0.0,2,2.4,0,0,12243.0,38.1585530,-122.4530270,3.8,12.5,0,0,0
681.00,23.3,14.5,1448,0.0,2,2.0,0,0,12243.0,38.1585580,-122.4530300,3.8,12.5,0,0,0
681.10,23.4,14.5,1411,0.0,2,1.7,0,0,12243.0,38.1585620,-122.4530330,3.8,12.5,0,0,0
681.20,23.2,14.4,1414,0.0,2,1.5,0,0,12243.0,38.1585680,-122.4530360,3.8,12.5,0,0,0
681.30,22.8,14.1,1455,0.0,2,1.7,0,0,12243.0,38.1585720,-122.4530390,3.8,12.5,0,0,0
681.40,22.9,14.2,1438,0.0,2,2.1,0,0,12243.0,38.1585770,-122.4530420,3.8,12.5,0,0,0
681.50,23.0,14.3,1414,0.0,2,2.4,0,0,12243.0,38.1585820,-122.4530450,3.8,12.5,0,0,0
681.60,23.0,14.3,1445,0.0,2,2.4,0,0,12243.0,38.1585870,-122.4530480,3.8,12.5,0,0,0
681.70,22.8,14.1,1493,0.0,2,2.2,0,0,12243.0,38.1585910,-122.4530510,3.8,12.5,0,0,0
681.80,22.6,14.0,1410,0.0,2,2.1,0,0,12243.0,38.1585960,-122.4530530,4.0,13.1,0,0,0
681.90,22.6,14.1,1376,0.0,2,2.0,0,0,12243.0,38.1586010,-122.4530560,4.0,13.1,0,0,0
682.00,22.5,14.0,1360,0.0,2,2.0,0,0,12243.0,38.1586060,-122.4530590,4.0,13.1,0,0,0
682.10,22.2,13.8,1305,0.0,2,1.9,0,0,12243.0,38.1586110,-122.4530620,4.0,13.1,0,0,0
682.20,22.2,13.8,1260,0.0,2,2.0,0,0,12243.0,38.1586160,-122.4530640,4.0,13.1,0,0,0
682.30,22.0,13.7,1491,0.0,2,2.0,0,0,12243.0,38.1586200,-122.4530670,4.0,13.1,0,0,0
682.40,21.9,13.6,1453,0.0,2,1.9,0,0,12243.0,38.1586250,-122.4530690,4.0,13.1,0,0,0
682.50,21.7,13.5,1404,0.0,2,1.8,0,0,12243.0,38.1586290,-122.4530710,4.0,13.1,0,0,0
682.60,21.7,13.5,1388,0.0,2,1.6,0,0,12243.0,38.1586340,-122.4530740,4.0,13.1,0,0,0
682.70,21.7,13.5,1381,0.0,2,1.4,0,0,12243.0,38.1586390,-122.4530760,4.0,13.1,0,0,0
682.80,21.5,13.4,1327,0.0,2,1.3,0,0,12243.0,38.1586440,-122.4530780,4.1,13.5,0,0,0
682.90,21.5,13.3,1359,0.0,2,1.2,0,0,12243.0,38.1586480,-122.4530810,4.1,13.5,0,0,0
683.00,21.5,13.3,1311,0.0,2,1.2,0,0,12243.0,38.1586530,-122.4530830,4.1,13.5,0,0,0
683.10,21.3,13.2,1287,0.0,2,1.2,0,0,12243.0,38.1586580,-122.4530850,4.1,13.5,0,0,0
683.20,21.0,13.0,1400,0.0,2,1.2,0,0,12243.0,38.1586630,-122.4530880,4.1,13.5,0,0,0
683.30,21.1,13.1,1343,0.0,2,1.1,0,0,12243.0,38.1586670,-122.4530900,4.1,13.5,0,0,0
683.40,21.0,13.0,1331,0.0,2,1.0,0,0,12243.0,38.1586720,-122.4530920,4.1,13.5,0,0,0
683.50,20.8,12.9,1299,0.0,2,0.8,0,0,12243.0,38.1586770,-122.4530940,4.1,13.5,0,0,0
683.60,20.7,12.9,1260,0.0,2,0.7,0,0,12243.0,38.1586810,-122.4530970,4.1,13.5,0,0,0
683.70,20.5,12.8,1396,0.0,2,0.8,0,0,12243.0,38.1586860,-122.4530990,4.1,13.5,0,0,0
683.80,20.6,12.8,1460,0.0,2,0.9,0,0,12243.0,38.1586910,-122.4531010,4.2,13.8,0,0,0
683.90,20.4,12.7,1398,0.0,2,1.2,0,0,12243.0,38.1586950,-122.4531030,4.2,13.8,0,0,0
684.00,20.4,12.7,1409,0.0,2,1.3,0,0,12243.0,38.1587000,-122.4531050,4.2,13.8,0,0,0
684.10,20.0,12.4,1419,0.0,2,1.5,0,0,12243.0,38.1587040,-122.4531070,4.2,13.8,0,0,0
684.20,19.9,12.4,1456,0.0,2,1.4,0,0,12243.0,38.1587090,-122.4531090,4.2,13.8,0,0,0
684.30,19.9,12.4,1381,0.0,2,1.3,0,0,12243.0,38.1587130,-122.4531110,4.2,13.8,0,0,0
684.40,20.3,12.6,1448,0.0,2,1.2,0,0,12243.0,38.1587180,-122.4531130,4.2,13.8,0,0,0
684.50,19.6,12.2,1385,0.0,2,1.2,0,0,12243.0,38.1587220,-122.4531150,4.2,13.8,0,0,0
684.60,19.8,12.3,1373,0.0,2,1.2,0,0,12243.0,38.1587270,-122.4531170,4.2,13.8,0,0,0
684.70,19.7,12.2,1331,0.0,2,1.0,0,0,12243.0,38.1587310,-122.4531190,4.2,13.8,0,0,0
684.80,19.7,12.2,1344,0.0,2,0.7,0,0,12243.0,38.1587360,-122.4531210,4.1,13.5,0,0,0
684.90,19.6,12.2,1278,0.0,2,0.4,0,0,12243.0,38.1587400,-122.4531220,4.1,13.5,0,0,0
685.00,19.4,12.1,1435,0.0,2,0.1,0,0,12243.0,38.1587450,-122.4531240,4.1,13.5,0,0,0
685.10,19.4,12.0,1397,0.0,2,-0.0,0,0,12243.0,38.1587490,-122.4531260,4.1,13.5,0,0,0
685.20,19.3,12.0,1358,0.0,2,-0.0,0,0,12243.0,38.1587530,-122.4531280,4.1,13.5,0,0,0
685.30,19.5,12.1,1367,0.0,2,-0.0,0,0,12243.0,38.1587570,-122.4531290,4.1,13.5,0,0,0
685.40,19.2,11.9,1304,0.0,2,-0.2,0,0,12243.0,38.1587620,-122.4531310,4.1,13.5,0,0,0
685.50,18.8,11.7,1317,0.0,2,-0.4,0,0,12243.0,38.1587660,-122.4531330,4.1,13.5,0,0,0
685.60,18.8,11.7,1357,0.0,2,-0.7,0,0,12243.0,38.1587700,-122.4531350,4.1,13.5,0,0,0
685.70,18.7,11.6,1301,0.0,2,-0.6,0,0,12243.0,38.1587740,-122.4531360,4.1,13.5,0,0,0
685.80,18.6,11.5,1290,0.0,2,-0.4,0,0,12243.0,38.1587780,-122.4531380,4.2,13.8,0,0,0
685.90,18.4,11.5,1337,0.0,2,-0.4,0,0,12243.0,38.1587830,-122.4531400,4.2,13.8,0,0,0
686.00,18.4,11.5,1357,0.0,2,-0.2,0,0,12243.0,38.1587870,-122.4531410,4.2,13.8,0,0,0
686.10,18.2,11.3,1320,0.0,2,-0.0,0,0,12243.0,38.1587910,-122.4531430,4.2,13.8,0,0,0
686.20,18.0,11.2,1315,0.0,2,0.2,0,0,12243.0,38.1587950,-122.4531450,4.2,13.8,0,0,0
686.30,18.0,11.2,1372,0.0,1,-0.0,0,0,12243.0,38.1587990,-122.4531460,4.2,13.8,0,0,0
686.40,17.9,11.1,1350,0.0,1,-0.4,0,0,12243.0,38.1588030,-122.4531480,4.2,13.8,0,0,0
686.50,17.9,11.1,1292,0.0,1,-1.0,0,0,12243.0,38.1588070,-122.4531500,4.2,13.8,0,0,0
686.60,17.7,11.0,1317,0.0,1,-1.8,0,0,12243.0,38.1588110,-122.4531510,4.2,13.8,0,0,0
686.70,17.4,10.8,1361,0.0,1,-2.5,0,0,12243.0,38.1588150,-122.4531530,4.2,13.8,0,0,0
686.80,17.3,10.8,1319,0.0,1,-3.1,0,0,12243.0,38.1588190,-122.4531540,4.3,14.1,0,0,0
686.90,17.3,10.8,1363,0.0,1,-3.2,0,0,12243.0,38.1588230,-122.4531560,4.3,14.1,0,0,0
687.00,17.2,10.7,1338,0.0,1,-3.2,0,0,12243.0,38.1588260,-122.4531570,4.3,14.1,0,0,0
687.10,17.1,10.6,1337,0.0,1,-3.1,0,0,12243.0,38.1588300,-122.4531590,4.3,14.1,0,0,0
687.20,16.8,10.4,1341,0.0,1,-2.7,0,0,12243.0,38.1588340,-122.4531600,4.3,14.1,0,0,0
687.30,16.5,10.3,1337,0.0,1,-2.3,0,0,12243.0,38.1588380,-122.4531620,4.3,14.1,0,0,0
687.40,16.5,10.3,1364,0.0,1,-1.8,0,0,12243.0,38.1588410,-122.4531640,4.3,14.1,0,0,0
687.50,16.3,10.1,1326,0.0,1,-1.1,0,0,12243.0,38.1588450,-122.4531650,4.3,14.1,0,0,0
687.60,16.2,10.1,1330,0.0,1,-0.5,0,0,12243.0,38.1588490,-122.4531670,4.3,14.1,0,0,0
687.70,16.0,9.9,1321,0.0,1,0.1,0,0,12243.0,38.1588520,-122.4531690,4.3,14.1,0,0,0
687.80,15.8,9.8,1370,0.0,1,0.4,0,0,12243.0,38.1588560,-122.4531710,4.4,14.4,0,0,0
687.90,15.6,9.7,1305,0.0,1,0.4,0,0,12243.0,38.1588590,-122.4531720,4.4,14.4,0,0,0
688.00,15.4,9.6,1321,0.0,1,0.4,0,0,12243.0,38.1588630,-122.4531740,4.4,14.4,0,0,0
688.10,15.3,9.5,1404,0.0,1,0.3,0,0,12243.0,38.1588660,-122.4531760,4.4,14.4,0,0,0
688.20,15.2,9.5,1428,0.0,1,0.3,0,0,12243.0,38.1588700,-122.4531770,4.4,14.4,0,0,0
688.30,15.2,9.5,1428,0.0,1,0.4,0,0,12243.0,38.1588730,-122.4531790,4.4,14.4,0,0,0
688.40,15.0,9.3,1462,0.0,1,0.5,0,0,12243.0,38.1588760,-122.4531800,4.4,14.4,0,0,0
688.50,14.7,9.1,1359,0.0,1,0.5,0,0,12243.0,38.1588800,-122.4531820,4.4,14.4,0,0,0
688.60,14.8,9.2,1420,0.0,1,0.4,0,0,12243.0,38.1588830,-122.4531830,4.4,14.4,0,0,0
688.70,14.6,9.1,1370,0.0,1,0.3,0,0,12243.0,38.1588870,-122.4531850,4.4,14.4,0,0,0
688.80,14.5,9.0,1378,0.0,1,-0.0,0,0,12243.0,38.1588900,-122.4531860,4.5,14.8,0,0,0
688.90,14.5,9.0,1335,0.0,1,-0.3,0,0,12243.0,38.1588930,-122.4531880,4.5,14.8,0,0,0
689.00,14.2,8.8,1353,0.0,1,-0.5,0,0,12243.0,38.1588960,-122.4531890,4.5,14.8,0,0,0
689.10,14.1,8.8,1290,0.0,1,-0.7,0,0,12243.0,38.1588990,-122.4531910,4.5,14.8,0,0,0
689.20,14.0,8.7,1363,0.0,1,-0.9,0,0,12243.0,38.1589020,-122.4531920,4.5,14.8,0,0,0
689.30,13.9,8.6,1340,0.0,1,-1.1,0,0,12243.0,38.1589060,-122.4531930,4.5,14.8,0,0,0
689.40,14.0,8.7,1325,0.0,1,-1.3,0,0,12243.0,38.1589090,-122.4531950,4.5,14.8,0,0,0
689.50,13.8,8.6,1410,0.0,1,-1.2,0,0,12243.0,38.1589120,-122.4531960,4.5,14.8,0,0,0
689.60,13.7,8.5,1360,0.0,1,-0.8,0,0,12243.0,38.1589150,-122.4531980,4.5,14.8,0,0,0
689.70,13.6,8.4,1338,0.0,1,-0.0,0,0,12243.0,38.1589180,-122.4531990,4.5,14.8,0,0,0
689.80,13.5,8.4,1352,0.0,1,0.8,0,0,12243.0,38.1589210,-122.4532010,4.6,15.1,0,0,0
689.90,13.3,8.2,1381,0.0,1,1.8,0,0,12243.0,38.1589240,-122.4532010,4.6,15.1,0,0,0
690.00,12.8,8.0,1344,0.0,1,3.0,0,0,12243.0,38.1589270,-122.4532020,4.6,15.1,0,0,0
690.10,12.5,7.7,1328,0.0,1,4.1,0,0,12243.0,38.1589300,-122.4532030,4.6,15.1,0,0,0
690.20,12.1,7.5,1353,0.0,1,4.9,0,0,12243.0,38.1589320,-122.4532050,4.6,15.1,0,0,0
690.30,11.7,7.3,1322,0.0,1,5.5,0,0,12243.0,38.1589350,-122.4532060,4.6,15.1,0,0,0
690.40,11.7,7.3,1360,0.0,1,5.7,0,0,12243.0,38.1589380,-122.4532070,4.6,15.1,0,0,0
690.50,11.3,7.0,1326,0.0,1,5.4,0,0,12243.0,38.1589400,-122.4532080,4.6,15.1,0,0,0
690.60,11.2,7.0,1330,0.0,1,5.2,0,0,12243.0,38.1589430,-122.4532090,4.6,15.1,0,0,0
690.70,11.0,6.8,1375,0.0,1,5.4,0,0,12243.0,38.1589450,-122.4532090,4.6,15.1,0,0,0
690.80,10.8,6.7,1323,0.0,1,5.8,0,0,12243.0,38.1589480,-122.4532100,4.5,14.8,0,0,0
690.90,10.6,6.6,1353,0.0,1,6.3,0,0,12243.0,38.1589500,-122.4532110,4.5,14.8,0,0,0
691.00,10.4,6.4,1321,0.0,1,6.6,0,0,12243.0,38.1589530,-122.4532110,4.5,14.8,0,0,0
691.10,10.2,6.4,1301,0.0,1,6.8,0,0,12243.0,38.1589550,-122.4532110,4.5,14.8,0,0,0
691.20,10.1,6.3,1316,0.0,1,6.8,0,0,12243.0,38.1589580,-122.4532110,4.5,14.8,0,0,0
691.30,10.0,6.2,1351,0.0,1,6.7,0,0,12243.0,38.1589600,-122.4532120,4.5,14.8,0,0,0
691.40,9.9,6.2,1385,0.0,1,6.6,0,0,12243.0,38.1589620,-122.4532120,4.5,14.8,0,0,0
691.50,9.7,6.0,1382,0.0,1,6.3,0,0,12243.0,38.1589640,-122.4532120,4.5,14.8,0,0,0
691.60,9.5,5.9,1389,0.0,1,5.8,0,0,12243.0,38.1589660,-122.4532120,4.5,14.8,0,0,0
691.70,9.4,5.8,1381,0.0,1,5.3,0,0,12243.0,38.1589680,-122.4532120,4.5,14.8,0,0,0
691.80,9.1,5.7,1343,0.0,1,4.9,0,0,12243.0,38.1589700,-122.4532120,4.8,15.7,0,0,0
691.90,9.1,5.6,1324,0.0,1,4.7,0,0,12243.0,38.1589720,-122.4532110,4.8,15.7,0,0,0
692.00,8.8,5.5,1313,0.0,1,4.8,0,0,12243.0,38.1589740,-122.4532110,4.8,15.7,0,0,0
692.10,8.6,5.3,1320,0.0,1,5.0,0,0,12243.0,38.1589760,-122.4532110,4.8,15.7,0,0,0
692.20,8.3,5.2,1319,0.0,1,5.3,0,0,12243.0,38.1589780,-122.4532100,4.8,15.7,0,0,0
692.30,8.1,5.1,1293,0.0,1,5.5,0,0,12243.0,38.1589800,-122.4532100,4.8,15.7,0,0,0
692.40,7.9,4.9,1394,0.0,1,5.7,0,0,12243.0,38.1589820,-122.4532090,4.8,15.7,0,0,0
692.50,7.6,4.7,1344,0.0,1,5.8,0,0,12243.0,38.1589830,-122.4532090,4.8,15.7,0,0,0
692.60,7.4,4.6,1402,0.0,1,5.9,0,0,12243.0,38.1589850,-122.4532080,4.8,15.7,0,0,0
692.70,7.1,4.4,1382,0.0,1,5.9,0,0,12243.0,38.1589860,-122.4532070,4.8,15.7,0,0,0
692.80,7.0,4.3,1367,0.0,1,5.8,0,0,12243.0,38.1589870,-122.4532060,5.1,16.7,0,0,0
692.90,6.9,4.3,1376,0.0,1,5.5,0,0,12243.0,38.1589880,-122.4532050,5.1,16.7,0,0,0
693.00,6.5,4.0,1357,0.0,1,4.9,0,0,12243.0,38.1589890,-122.4532030,5.1,16.7,0,0,0
693.10,6.4,4.0,1398,0.0,1,4.4,0,0,12243.0,38.1589900,-122.4532020,5.1,16.7,0,0,0
693.20,6.2,3.9,1376,0.0,1,4.2,0,0,12243.0,38.1589910,-122.4532010,5.1,16.7,0,0,0
693.30,5.8,3.6,1390,0.0,1,4.0,0,0,12243.0,38.1589920,-122.4532000,5.1,16.7,0,0,0
693.40,5.6,3.5,1411,0.0,1,3.9,0,0,12243.0,38.1589920,-122.4531990,5.1,16.7,0,0,0
693.50,5.6,3.5,1410,0.0,1,3.7,0,0,12243.0,38.1589930,-122.4531990,5.1,16.7,0,0,0
693.60,5.5,3.4,1423,0.0,1,3.5,0,0,12243.0,38.1589930,-122.4531980,5.1,16.7,0,0,0
693.70,5.4,3.4,1419,0.0,1,3.1,0,0,12243.0,38.1589930,-122.4531980,5.1,16.7,0,0,0
693.80,5.4,3.3,1425,0.0,1,2.6,0,0,12243.0,38.1589940,-122.4531970,5.1,16.7,0,0,0
693.90,4.8,3.0,1393,0.0,1,2.2,0,0,12243.0,38.1589950,-122.4531960,5.1,16.7,0,0,0
694.00,4.6,2.9,1382,0.0,1,1.8,0,0,12243.0,38.1589950,-122.4531950,5.1,16.7,0,0,0
694.10,4.3,2.7,1346,0.0,1,1.4,0,0,12243.0,38.1589950,-122.4531940,5.1,16.7,0,0,0
694.20,4.1,2.5,1327,0.0,1,1.0,0,0,12243.0,38.1589950,-122.4531930,5.1,16.7,0,0,0
694.30,3.9,2.4,1329,0.0,1,0.8,0,0,12243.0,38.1589950,-122.4531930,5.1,16.7,0,0,0
694.40,3.7,2.3,1386,0.0,1,0.7,0,0,12243.0,38.1589950,-122.4531930,5.1,16.7,0,0,0
694.50,3.5,2.2,1344,0.0,1,0.6,0,0,12243.0,38.1589950,-122.4531920,5.1,16.7,0,0,0
694.60,3.3,2.0,1376,0.0,1,0.5,0,0,12243.0,38.1589950,-122.4531920,5.1,16.7,0,0,0
694.70,3.1,1.9,1370,0.0,1,0.5,0,0,12243.0,38.1589950,-122.4531920,5.1,16.7,0,0,0
694.80,2.9,1.8,1364,0.0,1,0.5,0,0,12243.0,38.1589950,-122.4531910,5.4,17.7,0,0,0
694.90,2.8,1.8,1325,0.0,1,0.4,0,0,12243.0,38.1589950,-122.4531910,5.4,17.7,0,0,0
695.00,2.5,1.5,1354,0.0,1,0.3,0,0,12243.0,38.1589950,-122.4531920,5.4,17.7,0,0,0
695.10,2.2,1.3,1326,0.0,1,0.1,0,0,12243.0,38.1589950,-122.4531910,5.4,17.7,0,0,0
695.20,0.0,0.0,1360,0.0,1,-0.1,0,0,12243.0,38.1589940,-122.4531910,5.4,17.7,0,0,0
695.30,0.0,0.0,1307,0.0,1,-0.3,0,0,12243.0,38.1589920,-122.4531890,5.4,17.7,0,0,0
695.40,0.0,0.0,1308,0.0,1,-0.2,0,0,12243.0,38.1589910,-122.4531880,5.4,17.7,0,0,0
695.50,0.0,0.0,1451,0.0,1,0.1,0,0,12243.0,38.1589900,-122.4531870,5.4,17.7,0,0,0
695.60,0.0,0.0,1427,0.0,1,0.3,0,0,12243.0,38.1589890,-122.4531860,5.4,17.7,0,0,0
695.70,0.0,0.0,1424,0.0,1,0.4,0,0,12243.0,38.1589870,-122.4531850,5.4,17.7,0,0,0
695.80,0.0,0.0,1417,0.0,1,0.5,0,0,12243.0,38.1589850,-122.4531840,6.8,22.3,0,0,0
695.90,0.0,0.0,1270,0.0,1,0.8,0,0,12243.0,38.1589850,-122.4531830,6.8,22.3,0,0,0
696.00,0.0,0.0,1015,0.0,1,0.8,0,0,12243.0,38.1589840,-122.4531820,6.8,22.3,0,0,0
696.10,0.0,0.0,1015,0.0,1,0.9,0,0,12243.0,38.1589840,-122.4531820,6.8,22.3,0,0,0
696.20,0.0,0.0,1015,0.0,1,1.1,0,0,12243.0,38.1589830,-122.4531820,6.8,22.3,0,0,0
696.30,0.0,0.0,1015,0.0,1,1.3,0,0,12243.0,38.1589830,-122.4531820,6.8,22.3,0,0,0
696.40,0.0,0.0,1015,0.0,1,1.5,0,0,12243.0,38.1589820,-122.4531820,6.8,22.3,0,0,0
696.50,0.0,0.0,1015,0.0,1,1.6,0,0,12243.0,38.1589810,-122.4531820,6.8,22.3,0,0,0
696.60,0.0,0.0,1015,0.0,1,1.8,0,0,12243.0,38.1589800,-122.4531810,6.8,22.3,0,0,0
696.70,0.0,0.0,12243,0.0,1,2.1,0,0,12243.0,38.1589800,-122.4531810,6.8,22.3,0,0,0
696.80,0.0,0.0,12243,0.0,1,2.5,0,0,12243.0,38.1589800,-122.4531810,7.4,24.3,0,0,0
696.90,0.0,0.0,12243,0.0,1,2.8,0,0,12243.0,38.1589800,-122.4531810,7.4,24.3,0,0,0
697.00,0.0,0.0,12243,0.0,1,3.1,0,0,12243.0,38.1589800,-122.4531820,7.4,24.3,0,0,0
697.10,0.0,0.0,12243,0.0,1,3.4,0,0,12243.0,38.1589800,-122.4531820,7.4,24.3,0,0,0
697.20,0.0,0.0,12243,0.0,1,3.5,0,0,12243.0,38.1589800,-122.4531830,7.4,24.3,0,0,0
697.30,0.0,0.0,12243,0.0,1,3.3,0,0,12243.0,38.1589810,-122.4531840,7.4,24.3,0,0,0
697.40,0.0,0.0,12243,0.0,1,2.9,0,0,12243.0,38.1589810,-122.4531860,7.4,24.3,0,0,0
697.50,0.0,0.0,12243,0.0,1,2.6,0,0,12243.0,38.1589820,-122.4531870,7.4,24.3,0,0,0
697.60,0.0,0.0,12243,0.0,1,2.4,0,0,12243.0,38.1589820,-122.4531880,7.4,24.3,0,0,0
697.70,0.0,0.0,12243,0.0,1,2.1,0,0,12243.0,38.1589820,-122.4531890,7.4,24.3,0,0,0
697.80,0.0,0.0,12243,0.0,1,2.0,0,0,12243.0,38.1589820,-122.4531900,8.0,26.2,0,0,0
697.90,0.0,0.0,12243,0.0,1,1.7,0,0,12243.0,38.1589820,-122.4531900,8.0,26.2,0,0,0
698.00,0.0,0.0,12243,0.0,1,1.5,0,0,12243.0,38.1589820,-122.4531900,8.0,26.2,0,0,0
698.10,0.0,0.0,12243,0.0,1,1.3,0,0,12243.0,38.1589820,-122.4531900,8.0,26.2,0,0,0
698.20,0.0,0.0,12243,0.0,1,1.2,0,0,12243.0,38.1589820,-122.4531910,8.0,26.2,0,0,0
698.30,0.0,0.0,12243,0.0,1,1.1,0,0,12243.0,38.1589830,-122.4531920,8.0,26.2,0,0,0
698.40,0.0,0.0,12243,0.0,1,1.0,0,0,12243.0,38.1589830,-122.4531930,8.0,26.2,0,0,0
698.50,0.0,0.0,12243,0.0,1,0.9,0,0,12243.0,38.1589840,-122.4531940,8.0,26.2,0,0,0
698.60,0.0,0.0,12243,0.0,1,0.9,0,0,12243.0,38.1589840,-122.4531940,8.0,26.2,0,0,0
698.70,0.0,0.0,12243,0.0,1,0.9,0,0,12243.0,38.1589850,-122.4531950,8.0,26.2,0,0,0
698.80,0.0,0.0,12243,0.0,1,0.8,0,0,12243.0,38.1589850,-122.4531960,8.7,28.5,0,0,0
698.90,0.0,0.0,12243,0.0,1,0.9,0,0,12243.0,38.1589860,-122.4531970,8.7,28.5,0,0,0
699.00,0.0,0.0,12243,0.0,1,0.8,0,0,12243.0,38.1589860,-122.4531970,8.7,28.5,0,0,0
699.10,0.0,0.0,12243,0.0,1,0.7,0,0,12243.0,38.1589880,-122.4531980,8.7,28.5,0,0,0
699.20,0.0,0.0,12243,0.0,1,0.7,0,0,12243.0,38.1589880,-122.4531980,8.7,28.5,0,0,0
699.30,0.0,0.0,12243,0.0,1,0.9,0,0,12243.0,38.1589890,-122.4531990,8.7,28.5,0,0,0
699.40,0.0,0.0,12243,0.0,1,1.0,0,0,12243.0,38.1589900,-122.4532010,8.7,28.5,0,0,0
699.50,0.0,0.0,12243,0.0,1,1.2,0,0,12243.0,38.1589940,-122.4532030,8.7,28.5,0,0,0
699.60,0.0,0.0,12243,0.0,1,1.4,0,0,12243.0,38.1589990,-122.4532060,8.7,28.5,0,0,0
699.70,0.0,0.0,12243,0.0,1,1.6,0,0,12243.0,38.1590000,-122.4532080,8.7,28.5,0,0,0
699.80,0.0,0.0,12243,0.0,1,1.6,0,0,12243.0,38.1590010,-122.4532090,8.9,29.2,0,0,0
699.90,0.0,0.0,12243,0.0,1,1.5,0,0,12243.0,38.1590020,-122.4532100,8.9,29.2,0,0,0
700.00,0.0,0.0,12243,0.0,1,1.5,0,0,12243.0,38.1590030,-122.4532110,8.9,29.2,0,0,0
700.10,0.0,0.0,12243,0.0,1,1.5,0,0,12243.0,38.1590050,-122.4532120,8.9,29.2,0,0,0
700.20,0.0,0.0,12243,0.0,1,1.5,0,0,12243.0,38.1590060,-122.4532120,8.9,29.2,0,0,0
700.30,0.0,0.0,12243,0.0,1,1.5,0,0,12243.0,38.1590070,-122.4532130,8.9,29.2,0,0,0
700.40,0.0,0.0,12243,0.0,1,1.4,0,0,12243.0,38.1590080,-122.4532140,8.9,29.2,0,0,0
700.50,0.0,0.0,12243,0.0,1,1.3,0,0,12243.0,38.1590090,-122.4532150,8.9,29.2,0,0,0
700.60,0.0,0.0,12243,0.0,1,1.2,0,0,12243.0,38.1590090,-122.4532160,8.9,29.2,0,0,0
700.70,0.0,0.0,12243,0.0,1,0.9,0,0,12243.0,38.1590080,-122.4532170,8.9,29.2,0,0,0
700.80,0.0,0.0,12243,0.0,1,0.4,0,0,12243.0,38.1590070,-122.4532170,9.2,30.2,0,0,0
700.90,0.0,0.0,12243,0.0,1,-0.3,0,0,12243.0,38.1590080,-122.4532180,9.2,30.2,0,0,0
701.00,0.0,0.0,12243,0.0,1,-1.3,0,0,12243.0,38.1590080,-122.4532180,9.2,30.2,0,0,0
701.10,0.0,0.0,12243,0.0,1,-2.4,0,0,12243.0,38.1590060,-122.4532170,9.2,30.2,0,0,0
701.20,0.0,0.0,12243,0.0,1,-3.4,0,0,12243.0,38.1590050,-122.4532160,9.2,30.2,0,0,0
701.30,0.0,0.0,12243,0.0,1,-4.0,0,0,12243.0,38.1590030,-122.4532150,9.2,30.2,0,0,0
701.40,0.0,0.0,12243,0.0,1,-4.3,0,0,12243.0,38.1590020,-122.4532150,9.2,30.2,0,0,0
701.50,0.0,0.0,12243,0.0,1,-4.3,0,0,12243.0,38.1590030,-122.4532160,9.2,30.2,0,0,0
701.60,0.0,0.0,12243,0.0,1,-4.2,0,0,12243.0,38.1590030,-122.4532170,9.2,30.2,0,0,0
701.70,0.0,0.0,12243,0.0,1,-4.2,0,0,12243.0,38.1590030,-122.4532170,9.2,30.2,0,0,0
701.80,0.0,0.0,12243,0.0,1,-4.4,0,0,12243.0,38.1590030,-122.4532180,9.8,32.2,0,0,0
701.90,0.0,0.0,12243,0.0,1,-4.7,0,0,12243.0,38.1590050,-122.4532190,9.8,32.2,0,0,0
702.00,0.0,0.0,12243,0.0,1,-5.1,0,0,12243.0,38.1590040,-122.4532200,9.8,32.2,0,0,0
702.10,0.0,0.0,12243,0.0,1,-5.3,0,0,12243.0,38.1590040,-122.4532210,9.8,32.2,0,0,0
702.20,0.0,0.0,12243,0.0,1,-5.5,0,0,12243.0,38.1590050,-122.4532210,9.8,32.2,0,0,0
702.30,0.0,0.0,12243,0.0,1,-5.9,0,0,12243.0,38.1590060,-122.4532220,9.8,32.2,0,0,0
702.40,0.0,0.0,12243,0.0,1,-6.4,0,0,12243.0,38.1590080,-122.4532230,9.8,32.2,0,0,0
702.50,0.0,0.0,12243,0.0,1,-7.0,0,0,12243.0,38.1590090,-122.4532240,9.8,32.2,0,0,0
702.60,0.0,0.0,12243,0.0,1,-7.5,0,0,12243.0,38.1590080,-122.4532250,9.8,32.2,0,0,0
702.70,0.0,0.0,12243,0.0,1,-7.8,0,0,12243.0,38.1590080,-122.4532260,9.8,32.2,0,0,0
702.80,0.0,0.0,12243,0.0,1,-8.7,0,0,12243.0,38.1590080,-122.4532270,10.4,34.1,0,0,0
702.90,0.0,0.0,12243,0.0,1,-10.1,0,0,12243.0,38.1590070,-122.4532270,10.4,34.1,0,0,0
703.00,0.0,0.0,12243,0.0,1,-11.2,0,0,12243.0,38.1590070,-122.4532290,10.4,34.1,0,0,0
703.10,0.0,0.0,12243,0.0,1,-12.3,0,0,12243.0,38.1590070,-122.4532300,10.4,34.1,0,0,0
703.20,0.0,0.0,12243,0.0,1,-13.0,0,0,12243.0,38.1590080,-122.4532310,10.4,34.1,0,0,0
703.30,0.0,0.0,12243,0.0,1,-13.3,0,0,12243.0,38.1590100,-122.4532320,10.4,34.1,0,0,0
703.40,0.0,0.0,12243,0.0,1,-13.3,0,0,12243.0,38.1590160,-122.4532340,10.4,34.1,0,0,0
703.50,0.0,0.0,12243,0.0,1,-13.2,0,0,12243.0,38.1590190,-122.4532350,10.4,34.1,0,0,0
703.60,0.0,0.0,12243,0.0,1,-13.0,0,0,12243.0,38.1590210,-122.4532360,10.4,34.1,0,0,0
703.70,0.0,0.0,12243,0.0,1,-12.9,0,0,12243.0,38.1590220,-122.4532380,10.4,34.1,0,0,0
703.80,0.0,0.0,12243,0.0,1,-13.0,0,0,12243.0,38.1590240,-122.4532390,10.5,34.4,0,0,0
703.90,0.0,0.0,12243,0.0,1,-13.1,0,0,12243.0,38.1590250,-122.4532410,10.5,34.4,0,0,0
704.00,0.0,0.0,12243,0.0,1,-13.1,0,0,12243.0,38.1590260,-122.4532420,10.5,34.4,0,0,0
704.10,0.0,0.0,12243,0.0,1,-13.0,0,0,12243.0,38.1590270,-122.4532430,10.5,34.4,0,0,0
704.20,0.0,0.0,12243,0.0,1,-13.0,0,0,12243.0,38.1590280,-122.4532440,10.5,34.4,0,0,0
704.30,0.0,0.0,12243,0.0,1,-13.0,0,0,12243.0,38.1590280,-122.4532450,10.5,34.4,0,0,0
704.40,0.0,0.0,12243,0.0,1,-13.0,0,0,12243.0,38.1590280,-122.4532460,10.5,34.4,0,0,0
704.50,0.0,0.0,12243,0.0,1,-13.0,0,0,12243.0,38.1590280,-122.4532470,10.5,34.4,0,0,0
704.60,0.0,0.0,12243,0.0,1,-13.1,0,0,12243.0,38.1590280,-122.4532480,10.5,34.4,0,0,0
704.70,0.0,0.0,12243,0.0,1,-13.2,0,0,12243.0,38.1590280,-122.4532490,10.5,34.4,0,0,0
704.80,0.0,0.0,12243,0.0,1,-13.2,0,0,12243.0,38.1590280,-122.4532490,10.7,35.1,0,0,0
704.90,0.0,0.0,12243,0.0,1,-13.2,0,0,12243.0,38.1590280,-122.4532490,10.7,35.1,0,0,0
705.00,0.0,0.0,12243,0.0,1,-13.2,0,0,12243.0,38.1590280,-122.4532500,10.7,35.1,0,0,0
705.10,0.0,0.0,12243,0.0,1,-13.2,0,0,12243.0,38.1590280,-122.4532500,10.7,35.1,0,0,0
705.20,0.0,0.0,12243,0.0,1,-13.3,0,0,12243.0,38.1590280,-122.4532510,10.7,35.1,0,0,0
705.30,0.0,0.0,12243,0.0,1,-13.2,0,0,12243.0,38.1590290,-122.4532510,10.7,35.1,0,0,0
705.40,0.0,0.0,12243,0.0,1,-13.2,0,0,12243.0,38.1590300,-122.4532510,10.7,35.1,0,0,0
705.50,0.0,0.0,12243,0.0,1,-13.2,0,0,12243.0,38.1590310,-122.4532520,10.7,35.1,0,0,0
705.60,0.0,0.0,12243,0.0,1,-13.2,0,0,12243.0,38.1590310,-122.4532530,10.7,35.1,0,0,0
705.70,0.0,0.0,12243,0.0,1,-13.3,0,0,12243.0,38.1590320,-122.4532530,10.7,35.1,0,0,0
705.80,0.0,0.0,12243,0.0,1,-13.2,0,0,12243.0,38.1590320,-122.4532540,10.9,35.8,0,0,0
705.90,0.0,0.0,12243,0.0,1,-13.2,0,0,12243.0,38.1590310,-122.4532560,10.9,35.8,0,0,0
706.00,0.0,0.0,12243,0.0,1,-13.2,0,0,12243.0,38.1590320,-122.4532580,10.9,35.8,0,0,0
706.10,0.0,0.0,12243,0.0,1,-13.2,0,0,12243.0,38.1590320,-122.4532590,10.9,35.8,0,0,0
706.20,0.0,0.0,12243,0.0,1,-13.2,0,0,12243.0,38.1590320,-122.4532600,10.9,35.8,0,0,0
706.30,0.0,0.0,12243,0.0,1,-13.1,0,0,12243.0,38.1590320,-122.4532610,10.9,35.8,0,0,0
706.40,0.0,0.0,12243,0.0,1,-13.1,0,0,12243.0,38.1590310,-122.4532620,10.9,35.8,0,0,0
706.50,0.0,0.0,12243,0.0,1,-13.1,0,0,12243.0,38.1590310,-122.4532620,10.9,35.8,0,0,0
706.60,0.0,0.0,12243,0.0,1,-13.2,0,0,12243.0,38.1590300,-122.4532620,10.9,35.8,0,0,0
706.70,0.0,0.0,12243,0.0,1,-13.1,0,0,12243.0,38.1590310,-122.4532630,10.9,35.8,0,0,0
706.80,0.0,0.0,12243,0.0,1,-13.1,0,0,12243.0,38.1590310,-122.4532630,11.0,36.1,0,0,0
706.90,0.0,0.0,12243,0.0,1,-13.2,0,0,12243.0,38.1590310,-122.4532650,11.0,36.1,0,0,0
707.00,0.0,0.0,12243,0.0,1,-13.2,0,0,12243.0,38.1590310,-122.4532650,11.0,36.1,0,0,0
707.10,0.0,0.0,12243,0.0,1,-13.1,0,0,12243.0,38.1590320,-122.4532660,11.0,36.1,0,0,0
707.20,0.0,0.0,12243,0.0,1,-13.1,0,0,12243.0,38.1590340,-122.4532670,11.0,36.1,0,0,0
707.30,0.0,0.0,12243,0.0,1,-13.2,0,0,12243.0,38.1590350,-122.4532670,11.0,36.1,0,0,0
707.40,0.0,0.0,12243,0.0,1,-13.1,0,0,12243.0,38.1590350,-122.4532680,11.0,36.1,0,0,0
707.50,0.0,0.0,12243,0.0,1,-13.1,0,0,12243.0,38.1590360,-122.4532690,11.0,36.1,0,0,0
707.60,0.0,0.0,12243,0.0,1,-13.2,0,0,12243.0,38.1590360,-122.4532690,11.0,36.1,0,0,0
707.70,0.0,0.0,12243,0.0,1,-13.2,0,0,12243.0,38.1590370,-122.4532700,11.0,36.1,0,0,0
707.80,0.0,0.0,12243,0.0,1,-13.2,0,0,12243.0,38.1590370,-122.4532710,11.0,36.1,0,0,0
707.90,0.0,0.0,12243,0.0,1,-13.2,0,0,12243.0,38.1590370,-122.4532720,11.0,36.1,0,0,0
708.00,0.0,0.0,12243,0.0,1,-13.2,0,0,12243.0,38.1590370,-122.4532720,11.0,36.1,0,0,0
708.10,0.0,0.0,12243,0.0,1,-13.2,0,0,12243.0,38.1590370,-122.4532730,11.0,36.1,0,0,0
708.20,0.0,0.0,12243,0.0,1,-13.2,0,0,12243.0,38.1590360,-122.4532730,11.0,36.1,0,0,0
708.30,0.0,0.0,12243,0.0,1,-13.2,0,0,12243.0,38.1590360,-122.4532730,11.0,36.1,0,0,0
708.40,0.0,0.0,12243,0.0,1,-13.3,0,0,12243.0,38.1590330,-122.4532720,11.0,36.1,0,0,0
708.50,0.0,0.0,12243,0.0,1,-13.3,0,0,12243.0,38.1590310,-122.4532720,11.0,36.1,0,0,0
708.60,0.0,0.0,12243,0.0,1,-13.3,0,0,12243.0,38.1590320,-122.4532730,11.0,36.1,0,0,0
708.70,0.0,0.0,12243,0.0,1,-13.4,0,0,12243.0,38.1590320,-122.4532740,11.0,36.1,0,0,0
708.80,0.0,0.0,12243,0.0,1,-13.3,0,0,12243.0,38.1590320,-122.4532740,12.1,39.7,0,0,0
708.90,0.0,0.0,12243,0.0,1,-13.3,0,0,12243.0,38.1590320,-122.4532750,12.1,39.7,0,0,0
709.00,0.0,0.0,12243,0.0,1,-13.3,0,0,12243.0,38.1590320,-122.4532760,12.1,39.7,0,0,0
709.10,0.0,0.0,12243,0.0,1,-13.4,0,0,12243.0,38.1590330,-122.4532770,12.1,39.7,0,0,0
709.20,0.0,0.0,12243,0.0,1,-13.4,0,0,12243.0,38.1590340,-122.4532780,12.1,39.7,0,0,0
709.30,0.0,0.0,12243,0.0,1,-13.4,0,0,12243.0,38.1590340,-122.4532780,12.1,39.7,0,0,0
709.40,0.0,0.0,12243,0.0,1,-13.4,0,0,12243.0,38.1590340,-122.4532790,12.1,39.7,0,0,0
709.50,0.0,0.0,12243,0.0,1,-13.4,0,0,12243.0,38.1590330,-122.4532790,12.1,39.7,0,0,0
709.60,0.0,0.0,12243,0.0,1,-13.4,0,0,12243.0,38.1590320,-122.4532800,12.1,39.7,0,0,0
709.70,0.0,0.0,12243,0.0,1,-13.4,0,0,12243.0,38.1590320,-122.4532800,12.1,39.7,0,0,0
709.80,0.0,0.0,12243,0.0,1,-13.4,0,0,12243.0,38.1590320,-122.4532810,12.6,41.3,0,0,0
709.90,0.0,0.0,12243,0.0,1,-13.4,0,0,12243.0,38.1590310,-122.4532810,12.6,41.3,0,0,0
710.00,0.0,0.0,12243,0.0,1,-13.4,0,0,12243.0,38.1590310,-122.4532820,12.6,41.3,0,0,0
710.10,0.0,0.0,12243,0.0,1,-13.4,0,0,12243.0,38.1590300,-122.4532820,12.6,41.3,0,0,0
710.20,0.0,0.0,12243,0.0,1,-13.4,0,0,12243.0,38.1590290,-122.4532820,12.6,41.3,0,0,0
710.30,0.0,0.0,12243,0.0,1,-13.4,0,0,12243.0,38.1590280,-122.4532830,12.6,41.3,0,0,0
710.40,0.0,0.0,12243,0.0,1,-13.5,0,0,12243.0,38.1590280,-122.4532830,12.6,41.3,0,0,0
710.50,0.0,0.0,12243,0.0,1,-13.5,0,0,12243.0,38.1590280,-122.4532840,12.6,41.3,0,0,0
710.60,0.0,0.0,12243,0.0,1,-13.5,0,0,12243.0,38.1590280,-122.4532840,12.6,41.3,0,0,0
710.70,0.0,0.0,12243,0.0,1,-13.4,0,0,12243.0,38.1590280,-122.4532840,12.6,41.3,0,0,0
710.80,0.0,0.0,12243,0.0,1,-13.5,0,0,12243.0,38.1590280,-122.4532850,12.9,42.3,0,0,0
710.90,0.0,0.0,12243,0.0,1,-13.5,0,0,12243.0,38.1590280,-122.4532850,12.9,42.3,0,0,0
711.00,0.0,0.0,12243,0.0,1,-13.4,0,0,12243.0,38.1590290,-122.4532850,12.9,42.3,0,0,0
711.10,0.0,0.0,12243,0.0,1,-13.5,0,0,12243.0,38.1590290,-122.4532860,12.9,42.3,0,0,0
711.20,0.0,0.0,12243,0.0,1,-13.5,0,0,12243.0,38.1590290,-122.4532860,12.9,42.3,0,0,0
711.30,0.0,0.0,12243,0.0,1,-13.4,0,0,12243.0,38.1590290,-122.4532860,12.9,42.3,0,0,0
711.40,0.0,0.0,12243,0.0,1,-13.4,0,0,12243.0,38.1590290,-122.4532860,12.9,42.3,0,0,0
711.50,0.0,0.0,12243,0.0,1,-13.5,0,0,12243.0,38.1590290,-122.4532870,12.9,42.3,0,0,0
711.60,0.0,0.0,12243,0.0,1,-13.5,0,0,12243.0,38.1590290,-122.4532870,12.9,42.3,0,0,0
711.70,0.0,0.0,12243,0.0,1,-13.5,0,0,12243.0,38.1590290,-122.4532880,12.9,42.3,0,0,0
711.80,0.0,0.0,12243,0.0,1,-13.5,0,0,12243.0,38.1590300,-122.4532890,12.9,42.3,0,0,0
711.90,0.0,0.0,12243,0.0,1,-13.5,0,0,12243.0,38.1590300,-122.4532890,12.9,42.3,0,0,0
712.00,0.0,0.0,12243,0.0,1,-13.5,0,0,12243.0,38.1590310,-122.4532900,12.9,42.3,0,0,0
712.10,0.0,0.0,12243,0.0,1,-13.5,0,0,12243.0,38.1590310,-122.4532900,12.9,42.3,0,0,0
712.20,0.0,0.0,12243,0.0,1,-13.5,0,0,12243.0,38.1590310,-122.4532900,12.9,42.3,0,0,0
712.30,0.0,0.0,12243,0.0,1,-13.5,0,0,12243.0,38.1590300,-122.4532900,12.9,42.3,0,0,0
712.40,0.0,0.0,12243,0.0,1,-13.5,0,0,12243.0,38.1590290,-122.4532910,12.9,42.3,0,0,0
712.50,0.0,0.0,12243,0.0,1,-13.5,0,0,12243.0,38.1590300,-122.4532910,12.9,42.3,0,0,0
712.60,0.0,0.0,12243,0.0,1,-13.5,0,0,12243.0,38.1590320,-122.4532930,12.9,42.3,0,0,0
712.70,0.0,0.0,12243,0.0,1,-13.5,0,0,12243.0,38.1590330,-122.4532940,12.9,42.3,0,0,0
712.80,0.0,0.0,12243,0.0,1,-13.5,0,0,12243.0,38.1590340,-122.4532950,13.0,42.7,0,0,0
712.90,0.0,0.0,12243,0.0,1,-13.5,0,0,12243.0,38.1590340,-122.4532950,13.0,42.7,0,0,0
713.00,0.0,0.0,12243,0.0,1,-13.5,0,0,12243.0,38.1590340,-122.4532960,13.0,42.7,0,0,0
713.10,0.0,0.0,12243,0.0,1,-13.5,0,0,12243.0,38.1590340,-122.4532960,13.0,42.7,0,0,0
713.20,0.0,0.0,12243,0.0,1,-13.5,0,0,12243.0,38.1590340,-122.4532970,13.0,42.7,0,0,0
713.30,0.0,0.0,12243,0.0,1,-13.5,0,0,12243.0,38.1590330,-122.4532980,13.0,42.7,0,0,0
713.40,0.0,0.0,12243,0.0,1,-13.5,0,0,12243.0,38.1590320,-122.4532980,13.0,42.7,0,0,0
713.50,0.0,0.0,12243,0.0,1,-13.5,0,0,12243.0,38.1590320,-122.4532980,13.0,42.7,0,0,0
713.60,0.0,0.0,12243,0.0,1,-13.5,0,0,12243.0,38.1590310,-122.4532980,13.0,42.7,0,0,0
713.70,0.0,0.0,12243,0.0,1,-13.5,0,0,12243.0,38.1590310,-122.4532990,13.0,42.7,0,0,0
713.80,0.0,0.0,12243,0.0,1,-13.5,0,0,12243.0,38.1590310,-122.4532990,13.2,43.3,0,0,0
713.90,0.0,0.0,12243,0.0,1,-13.5,0,0,12243.0,38.1590300,-122.4532990,13.2,43.3,0,0,0
714.00,0.0,0.0,12243,0.0,1,-13.5,0,0,12243.0,38.1590290,-122.4532990,13.2,43.3,0,0,0
714.10,0.0,0.0,12243,0.0,1,-13.5,0,0,12243.0,38.1590290,-122.4532990,13.2,43.3,0,0,0
714.20,0.0,0.0,12243,0.0,1,-13.5,0,0,12243.0,38.1590300,-122.4532990,13.2,43.3,0,0,0
714.30,0.0,0.0,12243,0.0,1,-13.5,0,0,12243.0,38.1590300,-122.4533000,13.2,43.3,0,0,0
714.40,0.0,0.0,12243,0.0,1,-13.5,0,0,12243.0,38.1590300,-122.4533000,13.2,43.3,0,0,0
714.50,0.0,0.0,12243,0.0,1,-13.5,0,0,12243.0,38.1590300,-122.4533010,13.2,43.3,0,0,0
714.60,0.0,0.0,12243,0.0,1,-13.5,0,0,12243.0,38.1590300,-122.4533010,13.2,43.3,0,0,0
714.70,0.0,0.0,12243,0.0,1,-13.5,0,0,12243.0,38.1590310,-122.4533020,13.2,43.3,0,0,0
714.80,0.0,0.0,12243,0.0,1,-13.5,0,0,12243.0,38.1590300,-122.4533020,13.0,42.7,0,0,0
714.90,0.0,0.0,12243,0.0,1,-13.5,0,0,12243.0,38.1590300,-122.4533020,13.0,42.7,0,0,0
715.00,0.0,0.0,12243,0.0,1,-13.5,0,0,12243.0,38.1590300,-122.4533020,13.0,42.7,0,0,0
715.10,0.0,0.0,12243,0.0,1,-13.5,0,0,12243.0,38.1590310,-122.4533030,13.0,42.7,0,0,0
715.20,0.0,0.0,12243,0.0,1,-13.5,0,0,12243.0,38.1590310,-122.4533040,13.0,42.7,0,0,0
715.30,0.0,0.0,12243,0.0,1,-13.5,0,0,12243.0,38.1590320,-122.4533040,13.0,42.7,0,0,0
715.40,0.0,0.0,12243,0.0,1,-13.5,0,0,12243.0,38.1590320,-122.4533050,13.0,42.7,0,0,0
715.50,0.0,0.0,12243,0.0,1,-13.5,0,0,12243.0,38.1590320,-122.4533050,13.0,42.7,0,0,0
715.60,0.0,0.0,12243,0.0,1,-13.5,0,0,12243.0,38.1590310,-122.4533060,13.0,42.7,0,0,0
715.70,0.0,0.0,12243,0.0,1,-13.5,0,0,12243.0,38.1590310,-122.4533060,13.0,42.7,0,0,0
715.80,0.0,0.0,12243,0.0,1,-13.5,0,0,12243.0,38.1590300,-122.4533060,13.2,43.3,0,0,0
715.90,0.0,0.0,12243,0.0,1,-13.5,0,0,12243.0,38.1590300,-122.4533060,13.2,43.3,0,0,0
716.00,0.0,0.0,12243,0.0,1,-13.5,0,0,12243.0,38.1590300,-122.4533060,13.2,43.3,0,0,0
716.10,0.0,0.0,12243,0.0,1,-13.5,0,0,12243.0,38.1590300,-122.4533070,13.2,43.3,0,0,0
716.20,0.0,0.0,12243,0.0,1,-13.5,0,0,12243.0,38.1590310,-122.4533070,13.2,43.3,0,0,0
716.30,0.0,0.0,12243,0.0,1,-13.5,0,0,12243.0,38.1590310,-122.4533080,13.2,43.3,0,0,0
716.40,0.0,0.0,12243,0.0,1,-13.5,0,0,12243.0,38.1590320,-122.4533080,13.2,43.3,0,0,0
716.50,0.0,0.0,12243,0.0,1,-13.5,0,0,12243.0,38.1590320,-122.4533090,13.2,43.3,0,0,0
716.60,0.0,0.0,12243,0.0,1,-13.4,0,0,12243.0,38.1590320,-122.4533090,13.2,43.3,0,0,0
716.70,0.0,0.0,12243,0.0,1,-13.5,0,0,12243.0,38.1590330,-122.4533100,13.2,43.3,0,0,0
716.80,0.0,0.0,12243,0.0,1,-13.5,0,0,12243.0,38.1590330,-122.4533100,13.6,44.6,0,0,0
716.90,0.0,0.0,12243,0.0,1,-13.5,0,0,12243.0,38.1590330,-122.4533100,13.6,44.6,0,0,0
717.00,0.0,0.0,12243,0.0,1,-13.5,0,0,12243.0,38.1590330,-122.4533110,13.6,44.6,0,0,0
717.10,0.0,0.0,12243,0.0,1,-13.5,0,0,12243.0,38.1590330,-122.4533110,13.6,44.6,0,0,0
717.20,0.0,0.0,12243,0.0,1,-13.5,0,0,12243.0,38.1590330,-122.4533110,13.6,44.6,0,0,0
717.30,0.0,0.0,12243,0.0,1,-13.5,0,0,12243.0,38.1590340,-122.4533110,13.6,44.6,0,0,0
717.40,0.0,0.0,12243,0.0,1,-13.5,0,0,12243.0,38.1590340,-122.4533110,13.6,44.6,0,0,0
717.50,0.0,0.0,12243,0.0,1,-13.5,0,0,12243.0,38.1590340,-122.4533120,13.6,44.6,0,0,0
717.60,0.0,0.0,12243,0.0,1,-13.4,0,0,12243.0,38.1590340,-122.4533120,13.6,44.6,0,0,0
717.70,0.0,0.0,12243,0.0,1,-13.5,0,0,12243.0,38.1590340,-122.4533120,13.6,44.6,0,0,0
717.80,0.0,0.0,12243,0.0,1,-13.5,0,0,12243.0,38.1590340,-122.4533130,14.0,45.9,0,0,0
717.90,0.0,0.0,12243,0.0,1,-13.5,0,0,12243.0,38.1590330,-122.4533130,14.0,45.9,0,0,0
718.00,0.0,0.0,12243,0.0,1,-13.5,0,0,12243.0,38.1590330,-122.4533130,14.0,45.9,0,0,0
718.10,0.0,0.0,12243,0.0,1,-13.5,0,0,12243.0,38.1590320,-122.4533130,14.0,45.9,0,0,0
718.20,0.0,0.0,12243,0.0,1,-13.5,0,0,12243.0,38.1590320,-122.4533130,14.0,45.9,0,0,0
718.30,0.0,0.0,12243,0.0,1,-13.5,0,0,12243.0,38.1590320,-122.4533140,14.0,45.9,0,0,0
718.40,0.0,0.0,12243,0.0,1,-13.4,0,0,12243.0,38.1590320,-122.4533140,14.0,45.9,0,0,0
718.50,0.0,0.0,12243,0.0,1,-13.5,0,0,12243.0,38.1590320,-122.4533140,14.0,45.9,0,0,0
718.60,0.0,0.0,12243,0.0,1,-13.5,0,0,12243.0,38.1590320,-122.4533140,14.0,45.9,0,0,0
718.70,0.0,0.0,12243,0.0,1,-13.4,0,0,12243.0,38.1590320,-122.4533150,14.0,45.9,0,0,0
718.80,0.0,0.0,12243,0.0,1,-13.5,0,0,12243.0,38.1590320,-122.4533150,13.8,45.3,0,0,0
718.90,0.0,0.0,12243,0.0,1,-13.5,0,0,12243.0,38.1590310,-122.4533150,13.8,45.3,0,0,0
719.00,0.0,0.0,12243,0.0,1,-13.5,0,0,12243.0,38.1590310,-122.4533150,13.8,45.3,0,0,0
719.10,0.0,0.0,12243,0.0,1,-13.5,0,0,12243.0,38.1590310,-122.4533150,13.8,45.3,0,0,0
719.20,0.0,0.0,12243,0.0,1,-13.4,0,0,12243.0,38.1590310,-122.4533150,13.8,45.3,0,0,0
719.30,0.0,0.0,12243,0.0,1,-13.4,0,0,12243.0,38.1590310,-122.4533150,13.8,45.3,0,0,0
719.40,0.0,0.0,12243,0.0,1,-13.5,0,0,12243.0,38.1590310,-122.4533150,13.8,45.3,0,0,0
719.50,0.0,0.0,12243,0.0,1,-13.5,0,0,12243.0,38.1590320,-122.4533150,13.8,45.3,0,0,0
719.60,0.0,0.0,12243,0.0,1,-13.5,0,0,12243.0,38.1590330,-122.4533150,13.8,45.3,0,0,0
719.70,0.0,0.0,12243,0.0,1,-13.5,0,0,12243.0,38.1590320,-122.4533150,13.8,45.3,0,0,0
719.80,0.0,0.0,12243,0.0,1,-13.5,0,0,12243.0,38.1590340,-122.4533150,13.6,44.6,0,0,0
719.90,0.0,0.0,12243,0.0,1,-13.5,0,0,12243.0,38.1590350,-122.4533150,13.6,44.6,0,0,0
720.00,0.0,0.0,12243,0.0,1,-13.5,0,0,12243.0,38.1590360,-122.4533150,13.6,44.6,0,0,0
720.10,0.0,0.0,12243,0.0,1,-13.5,0,0,12243.0,38.1590370,-122.4533150,13.6,44.6,0,0,0
720.20,0.0,0.0,12243,0.0,1,-13.4,0,0,12243.0,38.1590380,-122.4533150,13.6,44.6,0,0,0
720.30,0.0,0.0,12243,0.0,1,-13.5,0,0,12243.0,38.1590380,-122.4533160,13.6,44.6,0,0,0
720.40,0.0,0.0,12243,0.0,1,-13.5,0,0,12243.0,38.1590390,-122.4533160,13.6,44.6,0,0,0
720.50,0.0,0.0,12243,0.0,1,-13.5,0,0,12243.0,38.1590400,-122.4533160,13.6,44.6,0,0,0
720.60,0.0,0.0,12243,0.0,1,-13.4,0,0,12243.0,38.1590410,-122.4533160,13.6,44.6,0,0,0
720.70,0.0,0.0,12243,0.0,1,-13.5,0,0,12243.0,38.1590420,-122.4533160,13.6,44.6,0,0,0
720.80,0.0,0.0,12243,0.0,1,-13.5,0,0,12243.0,38.1590420,-122.4533170,13.3,43.6,0,0,0
720.90,0.0,0.0,12243,0.0,1,-13.5,0,0,12243.0,38.1590430,-122.4533170,13.3,43.6,0,0,0
721.00,0.0,0.0,12243,0.0,1,-13.4,0,0,12243.0,38.1590430,-122.4533170,13.3,43.6,0,0,0
721.10,0.0,0.0,12243,0.0,1,-13.4,0,0,12243.0,38.1590440,-122.4533170,13.3,43.6,0,0,0
721.20,0.0,0.0,12243,0.0,1,-13.5,0,0,12243.0,38.1590440,-122.4533180,13.3,43.6,0,0,0
721.30,0.0,0.0,12243,0.0,1,-13.4,0,0,12243.0,38.1590450,-122.4533180,13.3,43.6,0,0,0
721.40,0.0,0.0,12243,0.0,1,-13.5,0,0,12243.0,38.1590460,-122.4533180,13.3,43.6,0,0,0
721.50,0.0,0.0,12243,0.0,1,-13.5,0,0,12243.0,38.1590470,-122.4533170,13.3,43.6,0,0,0
721.60,0.0,0.0,12243,0.0,1,-13.5,0,0,12243.0,38.1590460,-122.4533180,13.3,43.6,0,0,0
721.70,0.0,0.0,12243,0.0,1,-13.4,0,0,12243.0,38.1590450,-122.4533180,13.3,43.6,0,0,0
721.80,0.0,0.0,12243,0.0,1,-13.5,0,0,12243.0,38.1590450,-122.4533170,13.3,43.6,0,0,0
721.90,0.0,0.0,12243,0.0,1,-13.5,0,0,12243.0,38.1590460,-122.4533170,13.3,43.6,0,0,0
722.00,0.0,0.0,12243,0.0,1,-13.5,0,0,12243.0,38.1590460,-122.4533170,13.3,43.6,0,0,0
722.10,0.0,0.0,12243,0.0,1,-13.5,0,0,12243.0,38.1590460,-122.4533170,13.3,43.6,0,0,0
722.20,0.0,0.0,12243,0.0,1,-13.5,0,0,12243.0,38.1590440,-122.4533180,13.3,43.6,0,0,0
722.30,0.0,0.0,12243,0.0,1,-13.5,0,0,12243.0,38.1590420,-122.4533190,13.3,43.6,0,0,0
722.40,0.0,0.0,12243,0.0,1,-13.5,0,0,12243.0,38.1590420,-122.4533190,13.3,43.6,0,0,0
722.50,0.0,0.0,12243,0.0,1,-13.5,0,0,12243.0,38.1590420,-122.4533190,13.3,43.6,0,0,0
722.60,0.0,0.0,12243,0.0,1,-13.5,0,0,12243.0,38.1590410,-122.4533190,13.3,43.6,0,0,0
722.70,0.0,0.0,12243,0.0,1,-13.5,0,0,12243.0,38.1590410,-122.4533200,13.3,43.6,0,0,0
722.80,0.0,0.0,12243,0.0,1,-13.5,0,0,12243.0,38.1590410,-122.4533200,13.2,43.3,0,0,0
722.90,0.0,0.0,12243,0.0,1,-13.5,0,0,12243.0,38.1590400,-122.4533210,13.2,43.3,0,0,0
723.00,0.0,0.0,12243,0.0,1,-13.5,0,0,12243.0,38.1590390,-122.4533210,13.2,43.3,0,0,0
723.10,0.0,0.0,12243,0.0,1,-13.5,0,0,12243.0,38.1590410,-122.4533220,13.2,43.3,0,0,0
723.20,0.0,0.0,12243,0.0,1,-13.5,0,0,12243.0,38.1590420,-122.4533220,13.2,43.3,0,0,0
723.30,0.0,0.0,12243,0.0,1,-13.5,0,0,12243.0,38.1590420,-122.4533230,13.2,43.3,0,0,0
723.40,0.0,0.0,12243,0.0,1,-13.5,0,0,12243.0,38.1590430,-122.4533230,13.2,43.3,0,0,0
723.50,0.0,0.0,12243,0.0,1,-13.5,0,0,12243.0,38.1590430,-122.4533230,13.2,43.3,0,0,0
723.60,0.0,0.0,12243,0.0,1,-13.5,0,0,12243.0,38.1590430,-122.4533240,13.2,43.3,0,0,0
723.70,0.0,0.0,12243,0.0,1,-13.5,0,0,12243.0,38.1590440,-122.4533250,13.2,43.3,0,0,0
723.80,0.0,0.0,12243,0.0,1,-13.5,0,0,12243.0,38.1590450,-122.4533250,12.6,41.3,0,0,0
723.90,0.0,0.0,12243,0.0,1,-13.5,0,0,12243.0,38.1590460,-122.4533260,12.6,41.3,0,0,0
724.00,0.0,0.0,12243,0.0,1,-13.5,0,0,12243.0,38.1590470,-122.4533260,12.6,41.3,0,0,0
724.10,0.0,0.0,12243,0.0,1,-13.5,0,0,12243.0,38.1590480,-122.4533270,12.6,41.3,0,0,0
724.20,0.0,0.0,12243,0.0,1,-13.5,0,0,12243.0,38.1590480,-122.4533270,12.6,41.3,0,0,0
724.30,0.0,0.0,12243,0.0,1,-13.5,0,0,12243.0,38.1590480,-122.4533280,12.6,41.3,0,0,0
724.40,0.0,0.0,12243,0.0,1,-13.5,0,0,12243.0,38.1590490,-122.4533280,12.6,41.3,0,0,0
724.50,0.0,0.0,12243,0.0,1,-13.4,0,0,12243.0,38.1590490,-122.4533280,12.6,41.3,0,0,0
724.60,0.0,0.0,12243,0.0,1,-13.5,0,0,12243.0,38.1590490,-122.4533290,12.6,41.3,0,0,0
724.70,0.0,0.0,12243,0.0,1,-13.5,0,0,12243.0,38.1590480,-122.4533300,12.6,41.3,0,0,0
724.80,0.0,0.0,12243,0.0,1,-13.5,0,0,12243.0,38.1590470,-122.4533310,12.2,40.0,0,0,0
724.90,0.0,0.0,12243,0.0,1,-13.5,0,0,12243.0,38.1590470,-122.4533320,12.2,40.0,0,0,0
725.00,0.0,0.0,12243,0.0,1,-13.5,0,0,12243.0,38.1590470,-122.4533330,12.2,40.0,0,0,0
725.10,0.0,0.0,12243,0.0,1,-13.5,0,0,12243.0,38.1590480,-122.4533340,12.2,40.0,0,0,0
725.20,0.0,0.0,12243,0.0,1,-13.5,0,0,12243.0,38.1590480,-122.4533340,12.2,40.0,0,0,0
725.30,0.0,0.0,12243,0.0,1,-13.5,0,0,12243.0,38.1590480,-122.4533350,12.2,40.0,0,0,0
725.40,0.0,0.0,12243,0.0,1,-13.5,0,0,12243.0,38.1590480,-122.4533360,12.2,40.0,0,0,0
725.50,0.0,0.0,12243,0.0,1,-13.5,0,0,12243.0,38.1590490,-122.4533370,12.2,40.0,0,0,0
725.60,0.0,0.0,12243,0.0,1,-13.5,0,0,12243.0,38.1590490,-122.4533370,12.2,40.0,0,0,0
725.70,0.0,0.0,12243,0.0,1,-13.5,0,0,12243.0,38.1590490,-122.4533380,12.2,40.0,0,0,0
725.80,0.0,0.0,12243,0.0,1,-13.5,0,0,12243.0,38.1590500,-122.4533390,11.9,39.0,0,0,0
725.90,0.0,0.0,12243,0.0,1,-13.5,0,0,12243.0,38.1590500,-122.4533390,11.9,39.0,0,0,0
726.00,0.0,0.0,12243,0.0,1,-13.5,0,0,12243.0,38.1590500,-122.4533400,11.9,39.0,0,0,0
726.10,0.0,0.0,12243,0.0,1,-13.5,0,0,12243.0,38.1590500,-122.4533410,11.9,39.0,0,0,0
726.20,0.0,0.0,12243,0.0,1,-13.5,0,0,12243.0,38.1590500,-122.4533420,11.9,39.0,0,0,0
726.30,0.0,0.0,12243,0.0,1,-13.5,0,0,12243.0,38.1590490,-122.4533430,11.9,39.0,0,0,0
726.40,0.0,0.0,12243,0.0,1,-13.5,0,0,12243.0,38.1590500,-122.4533440,11.9,39.0,0,0,0
726.50,0.0,0.0,12243,0.0,1,-13.5,0,0,12243.0,38.1590500,-122.4533440,11.9,39.0,0,0,0
726.60,0.0,0.0,12243,0.0,1,-13.5,0,0,12243.0,38.1590500,-122.4533450,11.9,39.0,0,0,0
726.70,0.0,0.0,12243,0.0,1,-13.5,0,0,12243.0,38.1590500,-122.4533460,11.9,39.0,0,0,0
726.80,0.0,0.0,12243,0.0,1,-13.5,0,0,12243.0,38.1590500,-122.4533460,11.0,36.1,0,0,0
726.90,0.0,0.0,12243,0.0,1,-13.5,0,0,12243.0,38.1590500,-122.4533470,11.0,36.1,0,0,0
727.00,0.0,0.0,12243,0.0,1,-13.5,0,0,12243.0,38.1590490,-122.4533480,11.0,36.1,0,0,0
727.10,0.0,0.0,12243,0.0,1,-13.5,0,0,12243.0,38.1590490,-122.4533490,11.0,36.1,0,0,0
727.20,0.0,0.0,12243,0.0,1,-13.5,0,0,12243.0,38.1590490,-122.4533500,11.0,36.1,0,0,0
727.30,0.0,0.0,12243,0.0,1,-13.5,0,0,12243.0,38.1590480,-122.4533500,11.0,36.1,0,0,0
727.40,0.0,0.0,12243,0.0,1,-13.5,0,0,12243.0,38.1590480,-122.4533510,11.0,36.1,0,0,0
727.50,0.0,0.0,12243,0.0,1,-13.5,0,0,12243.0,38.1590480,-122.4533520,11.0,36.1,0,0,0
727.60,0.0,0.0,12243,0.0,1,-13.5,0,0,12243.0,38.1590480,-122.4533520,11.0,36.1,0,0,0
727.70,0.0,0.0,12243,0.0,1,-13.5,0,0,12243.0,38.1590490,-122.4533530,11.0,36.1,0,0,0
727.80,0.0,0.0,12243,0.0,1,-13.5,0,0,12243.0,38.1590480,-122.4533540,10.2,33.5,0,0,0
727.90,0.0,0.0,12243,0.0,1,-13.5,0,0,12243.0,38.1590480,-122.4533550,10.2,33.5,0,0,0
728.00,0.0,0.0,12243,0.0,1,-13.5,0,0,12243.0,38.1590480,-122.4533550,10.2,33.5,0,0,0
728.10,0.0,0.0,12243,0.0,1,-13.5,0,0,12243.0,38.1590480,-122.4533560,10.2,33.5,0,0,0
728.20,0.0,0.0,12243,0.0,1,-13.5,0,0,12243.0,38.1590480,-122.4533570,10.2,33.5,0,0,0
728.30,0.0,0.0,12243,0.0,1,-13.5,0,0,12243.0,38.1590490,-122.4533570,10.2,33.5,0,0,0
728.40,0.0,0.0,12243,0.0,1,-13.5,0,0,12243.0,38.1590490,-122.4533570,10.2,33.5,0,0,0
728.50,0.0,0.0,12243,0.0,1,-13.5,0,0,12243.0,38.1590490,-122.4533580,10.2,33.5,0,0,0
728.60,0.0,0.0,12243,0.0,1,-13.5,0,0,12243.0,38.1590490,-122.4533580,10.2,33.5,0,0,0
728.70,0.0,0.0,12243,0.0,1,-13.5,0,0,12243.0,38.1590500,-122.4533590,10.2,33.5,0,0,0
728.80,0.0,0.0,12243,0.0,1,-13.5,0,0,12243.0,38.1590500,-122.4533590,9.9,32.5,0,0,0
728.90,0.0,0.0,12243,0.0,1,-13.5,0,0,12243.0,38.1590510,-122.4533600,9.9,32.5,0,0,0
729.00,0.0,0.0,12243,0.0,1,-13.5,0,0,12243.0,38.1590510,-122.4533600,9.9,32.5,0,0,0
729.10,0.0,0.0,12243,0.0,1,-13.5,0,0,12243.0,38.1590510,-122.4533610,9.9,32.5,0,0,0
729.20,0.0,0.0,12243,0.0,1,-13.5,0,0,12243.0,38.1590510,-122.4533610,9.9,32.5,0,0,0
729.30,0.0,0.0,12243,0.0,1,-13.5,0,0,12243.0,38.1590510,-122.4533620,9.9,32.5,0,0,0
729.40,0.0,0.0,12243,0.0,1,-13.5,0,0,12243.0,38.1590520,-122.4533620,9.9,32.5,0,0,0
729.50,0.0,0.0,12243,0.0,1,-13.5,0,0,12243.0,38.1590510,-122.4533630,9.9,32.5,0,0,0
729.60,0.0,0.0,12243,0.0,1,-13.5,0,0,12243.0,38.1590520,-122.4533630,9.9,32.5,0,0,0
729.70,0.0,0.0,12243,0.0,1,-13.5,0,0,12243.0,38.1590520,-122.4533640,9.9,32.5,0,0,0
729.80,0.0,0.0,12243,0.0,1,-13.5,0,0,12243.0,38.1590520,-122.4533640,9.6,31.5,0,0,0
729.90,0.0,0.0,12243,0.0,1,-13.5,0,0,12243.0,38.1590530,-122.4533650,9.6,31.5,0,0,0
730.00,0.0,0.0,12243,0.0,1,-13.5,0,0,12243.0,38.1590530,-122.4533660,9.6,31.5,0,0,0
730.10,0.0,0.0,12243,0.0,1,-13.5,0,0,12243.0,38.1590530,-122.4533660,9.6,31.5,0,0,0
730.20,0.0,0.0,12243,0.0,1,-13.5,0,0,12243.0,38.1590530,-122.4533670,9.6,31.5,0,0,0
730.30,0.0,0.0,12243,0.0,1,-13.5,0,0,12243.0,38.1590530,-122.4533670,9.6,31.5,0,0,0
730.40,0.0,0.0,12243,0.0,1,-13.5,0,0,12243.0,38.1590530,-122.4533680,9.6,31.5,0,0,0
730.50,0.0,0.0,12243,0.0,1,-13.5,0,0,12243.0,38.1590530,-122.4533690,9.6,31.5,0,0,0
730.60,0.0,0.0,12243,0.0,1,-13.5,0,0,12243.0,38.1590530,-122.4533700,9.6,31.5,0,0,0
730.70,0.0,0.0,12243,0.0,1,-13.5,0,0,12243.0,38.1590530,-122.4533700,9.6,31.5,0,0,0
730.80,0.0,0.0,12243,0.0,1,-13.5,0,0,12243.0,38.1590530,-122.4533710,9.0,29.5,0,0,0
730.90,0.0,0.0,12243,0.0,1,-13.5,0,0,12243.0,38.1590530,-122.4533720,9.0,29.5,0,0,0
731.00,0.0,0.0,12243,0.0,1,-13.5,0,0,12243.0,38.1590530,-122.4533720,9.0,29.5,0,0,0
731.10,0.0,0.0,12243,0.0,1,-13.5,0,0,12243.0,38.1590540,-122.4533730,9.0,29.5,0,0,0
731.20,0.0,0.0,12243,0.0,1,-13.5,0,0,12243.0,38.1590540,-122.4533730,9.0,29.5,0,0,0
731.30,0.0,0.0,12243,0.0,1,-13.5,0,0,12243.0,38.1590540,-122.4533740,9.0,29.5,0,0,0
731.40,0.0,0.0,12243,0.0,1,-13.5,0,0,12243.0,38.1590540,-122.4533740,9.0,29.5,0,0,0
731.50,0.0,0.0,12243,0.0,1,-13.5,0,0,12243.0,38.1590540,-122.4533750,9.0,29.5,0,0,0
731.60,0.0,0.0,12243,0.0,1,-13.5,0,0,12243.0,38.1590540,-122.4533760,9.0,29.5,0,0,0
731.70,0.0,0.0,12243,0.0,1,-13.5,0,0,12243.0,38.1590540,-122.4533760,9.0,29.5,0,0,0
731.80,0.0,0.0,12243,0.0,1,-13.5,0,0,12243.0,38.1590540,-122.4533760,8.6,28.2,0,0,0
731.90,0.0,0.0,12243,0.0,1,-13.5,0,0,12243.0,38.1590540,-122.4533770,8.6,28.2,0,0,0
732.00,0.0,0.0,12243,0.0,1,-13.5,0,0,12243.0,38.1590540,-122.4533770,8.6,28.2,0,0,0
732.10,0.0,0.0,12243,0.0,1,-13.5,0,0,12243.0,38.1590540,-122.4533780,8.6,28.2,0,0,0
732.20,0.0,0.0,12243,0.0,1,-13.5,0,0,12243.0,38.1590550,-122.4533780,8.6,28.2,0,0,0
732.30,0.0,0.0,12243,0.0,1,-13.5,0,0,12243.0,38.1590550,-122.4533780,8.6,28.2,0,0,0
732.40,0.0,0.0,12243,0.0,1,-13.5,0,0,12243.0,38.1590540,-122.4533780,8.6,28.2,0,0,0
732.50,0.0,0.0,12243,0.0,1,-13.5,0,0,12243.0,38.1590540,-122.4533790,8.6,28.2,0,0,0
732.60,0.0,0.0,12243,0.0,1,-13.5,0,0,12243.0,38.1590550,-122.4533790,8.6,28.2,0,0,0
732.70,0.0,0.0,12243,0.0,1,-13.5,0,0,12243.0,38.1590550,-122.4533790,8.6,28.2,0,0,0
732.80,0.0,0.0,12243,0.0,1,-13.5,0,0,12243.0,38.1590550,-122.4533800,8.3,27.2,0,0,0
732.90,0.0,0.0,12243,0.0,1,-13.5,0,0,12243.0,38.1590550,-122.4533800,8.3,27.2,0,0,0
733.00,0.0,0.0,12243,0.0,1,-13.5,0,0,12243.0,38.1590550,-122.4533800,8.3,27.2,0,0,0
733.10,0.0,0.0,12243,0.0,1,-13.5,0,0,12243.0,38.1590550,-122.4533800,8.3,27.2,0,0,0
733.20,0.0,0.0,12243,0.0,1,-13.5,0,0,12243.0,38.1590550,-122.4533800,8.3,27.2,0,0,0
733.30,0.0,0.0,12243,0.0,1,-13.5,0,0,12243.0,38.1590550,-122.4533810,8.3,27.2,0,0,0
733.40,0.0,0.0,12243,0.0,1,-13.5,0,0,12243.0,38.1590550,-122.4533810,8.3,27.2,0,0,0
733.50,0.0,0.0,12243,0.0,1,-13.5,0,0,12243.0,38.1590550,-122.4533810,8.3,27.2,0,0,0
733.60,0.0,0.0,12243,0.0,1,-13.5,0,0,12243.0,38.1590550,-122.4533820,8.3,27.2,0,0,0
733.70,0.0,0.0,12243,0.0,1,-13.5,0,0,12243.0,38.1590550,-122.4533820,8.3,27.2,0,0,0
733.80,0.0,0.0,12243,0.0,1,-13.5,0,0,12243.0,38.1590550,-122.4533820,7.9,25.9,0,0,0
733.90,0.0,0.0,12243,0.0,1,-13.5,0,0,12243.0,38.1590550,-122.4533830,7.9,25.9,0,0,0
734.00,0.0,0.0,12243,0.0,1,-13.5,0,0,12243.0,38.1590560,-122.4533830,7.9,25.9,0,0,0
734.10,0.0,0.0,12243,0.0,1,-13.5,0,0,12243.0,38.1590560,-122.4533830,7.9,25.9,0,0,0
734.20,0.0,0.0,12243,0.0,1,-13.5,0,0,12243.0,38.1590550,-122.4533840,7.9,25.9,0,0,0
734.30,0.0,0.0,12243,0.0,1,-13.5,0,0,12243.0,38.1590550,-122.4533850,7.9,25.9,0,0,0
734.40,0.0,0.0,12243,0.0,1,-13.5,0,0,12243.0,38.1590550,-122.4533850,7.9,25.9,0,0,0
734.50,0.0,0.0,12243,0.0,1,-13.5,0,0,12243.0,38.1590550,-122.4533850,7.9,25.9,0,0,0
734.60,0.0,0.0,12243,0.0,1,-13.5,0,0,12243.0,38.1590550,-122.4533850,7.9,25.9,0,0,0
734.70,0.0,0.0,12243,0.0,1,-13.5,0,0,12243.0,38.1590550,-122.4533850,7.9,25.9,0,0,0
734.80,0.0,0.0,12243,0.0,1,-13.5,0,0,12243.0,38.1590550,-122.4533850,7.6,24.9,0,0,0
734.90,0.0,0.0,12243,0.0,1,-13.5,0,0,12243.0,38.1590550,-122.4533850,7.6,24.9,0,0,0
735.00,0.0,0.0,12243,0.0,1,-13.5,0,0,12243.0,38.1590560,-122.4533850,7.6,24.9,0,0,0
735.10,0.0,0.0,12243,0.0,1,-13.5,0,0,12243.0,38.1590560,-122.4533850,7.6,24.9,0,0,0
735.20,0.0,0.0,12243,0.0,1,-13.5,0,0,12243.0,38.1590560,-122.4533850,7.6,24.9,0,0,0
735.30,0.0,0.0,12243,0.0,1,-13.5,0,0,12243.0,38.1590560,-122.4533850,7.6,24.9,0,0,0
735.40,0.0,0.0,12243,0.0,1,-13.5,0,0,12243.0,38.1590560,-122.4533850,7.6,24.9,0,0,0
735.50,0.0,0.0,12243,0.0,1,-13.5,0,0,12243.0,38.1590560,-122.4533840,7.6,24.9,0,0,0
735.60,0.0,0.0,12243,0.0,1,-13.5,0,0,12243.0,38.1590560,-122.4533840,7.6,24.9,0,0,0
735.70,0.0,0.0,12243,0.0,1,-13.5,0,0,12243.0,38.1590560,-122.4533840,7.6,24.9,0,0,0
735.80,0.0,0.0,12243,0.0,1,-13.5,0,0,12243.0,38.1590560,-122.4533840,7.5,24.6,0,0,0
735.90,0.0,0.0,12243,0.0,1,-13.5,0,0,12243.0,38.1590560,-122.4533840,7.5,24.6,0,0,0
736.00,0.0,0.0,12243,0.0,1,-13.5,0,0,12243.0,38.1590560,-122.4533840,7.5,24.6,0,0,0
736.10,0.0,0.0,12243,0.0,1,-13.5,0,0,12243.0,38.1590560,-122.4533840,7.5,24.6,0,0,0
736.20,0.0,0.0,12243,0.0,1,-13.5,0,0,12243.0,38.1590560,-122.4533840,7.5,24.6,0,0,0
736.30,0.0,0.0,12243,0.0,1,-13.5,0,0,12243.0,38.1590560,-122.4533840,7.5,24.6,0,0,0
736.40,0.0,0.0,12243,0.0,1,-13.5,0,0,12243.0,38.1590560,-122.4533840,7.5,24.6,0,0,0
736.50,0.0,0.0,12243,0.0,1,-13.5,0,0,12243.0,38.1590560,-122.4533840,7.5,24.6,0,0,0
736.60,0.0,0.0,12243,0.0,1,-13.5,0,0,12243.0,38.1590560,-122.4533840,7.5,24.6,0,0,0
736.70,0.0,0.0,12243,0.0,1,-13.5,0,0,12243.0,38.1590570,-122.4533840,7.5,24.6,0,0,0
736.80,0.0,0.0,12243,0.0,1,-13.5,0,0,12243.0,38.1590570,-122.4533840,7.4,24.3,0,0,0
736.90,0.0,0.0,12243,0.0,1,-13.5,0,0,12243.0,38.1590570,-122.4533840,7.4,24.3,0,0,0
737.00,0.0,0.0,12243,0.0,1,-13.5,0,0,12243.0,38.1590570,-122.4533840,7.4,24.3,0,0,0
737.10,0.0,0.0,12243,0.0,1,-13.5,0,0,12243.0,38.1590570,-122.4533850,7.4,24.3,0,0,0
737.20,0.0,0.0,12243,0.0,1,-13.5,0,0,12243.0,38.1590570,-122.4533850,7.4,24.3,0,0,0
737.30,0.0,0.0,12243,0.0,1,-13.5,0,0,12243.0,38.1590570,-122.4533850,7.4,24.3,0,0,0
737.40,0.0,0.0,12243,0.0,1,-13.5,0,0,12243.0,38.1590570,-122.4533850,7.4,24.3,0,0,0
737.50,0.0,0.0,12243,0.0,1,-13.5,0,0,12243.0,38.1590570,-122.4533850,7.4,24.3,0,0,0
737.60,0.0,0.0,12243,0.0,1,-13.5,0,0,12243.0,38.1590560,-122.4533860,7.4,24.3,0,0,0
737.70,0.0,0.0,12243,0.0,1,-13.5,0,0,12243.0,38.1590560,-122.4533860,7.4,24.3,0,0,0
737.80,0.0,0.0,12243,0.0,1,-13.5,0,0,12243.0,38.1590560,-122.4533860,7.1,23.3,0,0,0
737.90,0.0,0.0,12243,0.0,1,-13.5,0,0,12243.0,38.1590560,-122.4533860,7.1,23.3,0,0,0
738.00,0.0,0.0,12243,0.0,1,-13.5,0,0,12243.0,38.1590560,-122.4533860,7.1,23.3,0,0,0
738.10,0.0,0.0,12243,0.0,1,-13.5,0,0,12243.0,38.1590560,-122.4533870,7.1,23.3,0,0,0
738.20,0.0,0.0,12243,0.0,1,-13.5,0,0,12243.0,38.1590550,-122.4533870,7.1,23.3,0,0,0
738.30,0.0,0.0,12243,0.0,1,-13.5,0,0,12243.0,38.1590550,-122.4533870,7.1,23.3,0,0,0
738.40,0.0,0.0,12243,0.0,1,-13.5,0,0,12243.0,38.1590550,-122.4533880,7.1,23.3,0,0,0
738.50,0.0,0.0,12243,0.0,1,-13.5,0,0,12243.0,38.1590550,-122.4533880,7.1,23.3,0,0,0
738.60,0.0,0.0,12243,0.0,1,-13.5,0,0,12243.0,38.1590540,-122.4533880,7.1,23.3,0,0,0
738.70,0.0,0.0,12243,0.0,1,-13.5,0,0,12243.0,38.1590540,-122.4533880,7.1,23.3,0,0,0
738.80,0.0,0.0,12243,0.0,1,-13.5,0,0,12243.0,38.1590540,-122.4533880,6.8,22.3,0,0,0
738.90,0.0,0.0,12243,0.0,1,-13.5,0,0,12243.0,38.1590540,-122.4533880,6.8,22.3,0,0,0
739.00,0.0,0.0,12243,0.0,1,-13.5,0,0,12243.0,38.1590540,-122.4533880,6.8,22.3,0,0,0
739.10,0.0,0.0,12243,0.0,1,-13.6,0,0,12243.0,38.1590540,-122.4533880,6.8,22.3,0,0,0
739.20,0.0,0.0,12243,0.0,1,-13.5,0,0,12243.0,38.1590530,-122.4533880,6.8,22.3,0,0,0
739.30,0.0,0.0,12243,0.0,1,-13.5,0,0,12243.0,38.1590530,-122.4533890,6.8,22.3,0,0,0
739.40,0.0,0.0,12243,0.0,1,-13.5,0,0,12243.0,38.1590530,-122.4533890,6.8,22.3,0,0,0
739.50,0.0,0.0,12243,0.0,1,-13.5,0,0,12243.0,38.1590520,-122.4533890,6.8,22.3,0,0,0
739.60,0.0,0.0,12243,0.0,1,-13.5,0,0,12243.0,38.1590520,-122.4533890,6.8,22.3,0,0,0
739.70,0.0,0.0,12243,0.0,1,-13.5,0,0,12243.0,38.1590510,-122.4533890,6.8,22.3,0,0,0
739.80,0.0,0.0,12243,0.0,1,-13.6,0,0,12243.0,38.1590510,-122.4533900,6.4,21.0,0,0,0
739.90,0.0,0.0,12243,0.0,1,-13.5,0,0,12243.0,38.1590510,-122.4533900,6.4,21.0,0,0,0
740.00,0.0,0.0,12243,0.0,1,-13.5,0,0,12243.0,38.1590510,-122.4533900,6.4,21.0,0,0,0
740.10,0.0,0.0,12243,0.0,1,-13.5,0,0,12243.0,38.1590500,-122.4533900,6.4,21.0,0,0,0
740.20,0.0,0.0,12243,0.0,1,-13.5,0,0,12243.0,38.1590500,-122.4533900,6.4,21.0,0,0,0
740.30,0.0,0.0,12243,0.0,1,-13.5,0,0,12243.0,38.1590500,-122.4533900,6.4,21.0,0,0,0
740.40,0.0,0.0,12243,0.0,1,-13.5,0,0,12243.0,38.1590500,-122.4533900,6.4,21.0,0,0,0
740.50,0.0,0.0,12243,0.0,1,-13.5,0,0,12243.0,38.1590500,-122.4533900,6.4,21.0,0,0,0
740.60,0.0,0.0,12243,0.0,1,-13.5,0,0,12243.0,38.1590500,-122.4533890,6.4,21.0,0,0,0
740.70,0.0,0.0,12243,0.0,1,-13.5,0,0,12243.0,38.1590510,-122.4533890,6.4,21.0,0,0,0
740.80,0.0,0.0,12243,0.0,1,-13.5,0,0,12243.0,38.1590510,-122.4533890,6.4,21.0,0,0,0
740.90,0.0,0.0,12243,0.0,1,-13.5,0,0,12243.0,38.1590510,-122.4533890,6.4,21.0,0,0,0
741.00,0.0,0.0,12243,0.0,1,-13.5,0,0,12243.0,38.1590510,-122.4533880,6.4,21.0,0,0,0
741.10,0.0,0.0,12243,0.0,1,-13.5,0,0,12243.0,38.1590520,-122.4533880,6.4,21.0,0,0,0
741.20,0.0,0.0,12243,0.0,1,-13.5,0,0,12243.0,38.1590520,-122.4533880,6.4,21.0,0,0,0
741.30,0.0,0.0,12243,0.0,1,-13.5,0,0,12243.0,38.1590520,-122.4533880,6.4,21.0,0,0,0
741.40,0.0,0.0,12243,0.0,1,-13.5,0,0,12243.0,38.1590520,-122.4533880,6.4,21.0,0,0,0
741.50,0.0,0.0,12243,0.0,1,-13.5,0,0,12243.0,38.1590530,-122.4533880,6.4,21.0,0,0,0
741.60,0.0,0.0,12243,0.0,1,-13.5,0,0,12243.0,38.1590530,-122.4533880,6.4,21.0,0,0,0
741.70,0.0,0.0,12243,0.0,1,-13.5,0,0,12243.0,38.1590530,-122.4533880,6.4,21.0,0,0,0
741.80,0.0,0.0,12243,0.0,1,-13.5,0,0,12243.0,38.1590530,-122.4533880,6.5,21.3,0,0,0
741.90,0.0,0.0,12243,0.0,1,-13.5,0,0,12243.0,38.1590540,-122.4533880,6.5,21.3,0,0,0
742.00,0.0,0.0,12243,0.0,1,-13.5,0,0,12243.0,38.1590540,-122.4533870,6.5,21.3,0,0,0
742.10,0.0,0.0,12243,0.0,1,-13.5,0,0,12243.0,38.1590550,-122.4533870,6.5,21.3,0,0,0
742.20,0.0,0.0,12243,0.0,1,-13.5,0,0,12243.0,38.1590550,-122.4533870,6.5,21.3,0,0,0
742.30,0.0,0.0,12243,0.0,1,-13.5,0,0,12243.0,38.1590560,-122.4533870,6.5,21.3,0,0,0
742.40,0.0,0.0,12243,0.0,1,-13.6,0,0,12243.0,38.1590560,-122.4533870,6.5,21.3,0,0,0
742.50,0.0,0.0,12243,0.0,1,-13.5,0,0,12243.0,38.1590560,-122.4533870,6.5,21.3,0,0,0
742.60,0.0,0.0,12243,0.0,1,-13.5,0,0,12243.0,38.1590560,-122.4533870,6.5,21.3,0,0,0
742.70,0.0,0.0,12243,0.0,1,-13.5,0,0,12243.0,38.1590560,-122.4533870,6.5,21.3,0,0,0
742.80,0.0,0.0,12243,0.0,1,-13.6,0,0,12243.0,38.1590570,-122.4533870,6.7,22.0,0,0,0
742.90,0.0,0.0,12243,0.0,1,-13.5,0,0,12243.0,38.1590570,-122.4533860,6.7,22.0,0,0,0
743.00,0.0,0.0,12243,0.0,1,-13.5,0,0,12243.0,38.1590570,-122.4533860,6.7,22.0,0,0,0
743.10,0.0,0.0,12243,0.0,1,-13.5,0,0,12243.0,38.1590570,-122.4533860,6.7,22.0,0,0,0
743.20,0.0,0.0,12243,0.0,1,-13.6,0,0,12243.0,38.1590570,-122.4533860,6.7,22.0,0,0,0
743.30,0.0,0.0,12243,0.0,1,-13.5,0,0,12243.0,38.1590570,-122.4533860,6.7,22.0,0,0,0
743.40,0.0,0.0,12243,0.0,1,-13.5,0,0,12243.0,38.1590570,-122.4533870,6.7,22.0,0,0,0
743.50,0.0,0.0,12243,0.0,1,-13.5,0,0,12243.0,38.1590570,-122.4533870,6.7,22.0,0,0,0
743.60,0.0,0.0,12243,0.0,1,-13.5,0,0,12243.0,38.1590570,-122.4533870,6.7,22.0,0,0,0
743.70,0.0,0.0,12243,0.0,1,-13.5,0,0,12243.0,38.1590570,-122.4533860,6.7,22.0,0,0,0
743.80,0.0,0.0,12243,0.0,1,-13.5,0,0,12243.0,38.1590580,-122.4533860,6.8,22.3,0,0,0
743.90,0.0,0.0,12243,0.0,1,-13.5,0,0,12243.0,38.1590580,-122.4533850,6.8,22.3,0,0,0
744.00,0.0,0.0,12243,0.0,1,-13.5,0,0,12243.0,38.1590580,-122.4533860,6.8,22.3,0,0,0
744.10,0.0,0.0,12243,0.0,1,-13.5,0,0,12243.0,38.1590580,-122.4533860,6.8,22.3,0,0,0
744.20,0.0,0.0,12243,0.0,1,-13.5,0,0,12243.0,38.1590580,-122.4533860,6.8,22.3,0,0,0
744.30,0.0,0.0,12243,0.0,1,-13.5,0,0,12243.0,38.1590590,-122.4533850,6.8,22.3,0,0,0
744.40,0.0,0.0,12243,0.0,1,-13.5,0,0,12243.0,38.1590590,-122.4533850,6.8,22.3,0,0,0
744.50,0.0,0.0,12243,0.0,1,-13.5,0,0,12243.0,38.1590590,-122.4533850,6.8,22.3,0,0,0
744.60,0.0,0.0,12243,0.0,1,-13.5,0,0,12243.0,38.1590600,-122.4533850,6.8,22.3,0,0,0
744.70,0.0,0.0,12243,0.0,1,-13.6,0,0,12243.0,38.1590600,-122.4533850,6.8,22.3,0,0,0
744.80,0.0,0.0,12243,0.0,1,-13.5,0,0,12243.0,38.1590600,-122.4533850,7.0,23.0,0,0,0
744.90,0.0,0.0,12243,0.0,1,-13.5,0,0,12243.0,38.1590600,-122.4533850,7.0,23.0,0,0,0
745.00,0.0,0.0,12243,0.0,1,-13.5,0,0,12243.0,38.1590600,-122.4533850,7.0,23.0,0,0,0
745.10,0.0,0.0,12243,0.0,1,-13.6,0,0,12243.0,38.1590600,-122.4533840,7.0,23.0,0,0,0
745.20,0.0,0.0,12243,0.0,1,-13.5,0,0,12243.0,38.1590600,-122.4533840,7.0,23.0,0,0,0
745.30,0.0,0.0,12243,0.0,1,-13.5,0,0,12243.0,38.1590600,-122.4533830,7.0,23.0,0,0,0
745.40,0.0,0.0,12243,0.0,1,-13.5,0,0,12243.0,38.1590600,-122.4533830,7.0,23.0,0,0,0
745.50,0.0,0.0,12243,0.0,1,-13.5,0,0,12243.0,38.1590600,-122.4533830,7.0,23.0,0,0,0
745.60,0.0,0.0,12243,0.0,1,-13.5,0,0,12243.0,38.1590600,-122.4533820,7.0,23.0,0,0,0
745.70,0.0,0.0,12243,0.0,1,-13.5,0,0,12243.0,38.1590600,-122.4533830,7.0,23.0,0,0,0
745.80,0.0,0.0,12243,0.0,1,-13.5,0,0,12243.0,38.1590590,-122.4533830,6.9,22.6,0,0,0
745.90,0.0,0.0,12243,0.0,1,-13.5,0,0,12243.0,38.1590590,-122.4533830,6.9,22.6,0,0,0
746.00,0.0,0.0,12243,0.0,1,-13.6,0,0,12243.0,38.1590590,-122.4533830,6.9,22.6,0,0,0
746.10,0.0,0.0,12243,0.0,1,-13.5,0,0,12243.0,38.1590590,-122.4533830,6.9,22.6,0,0,0
746.20,0.0,0.0,12243,0.0,1,-13.6,0,0,12243.0,38.1590590,-122.4533830,6.9,22.6,0,0,0
746.30,0.0,0.0,12243,0.0,1,-13.5,0,0,12243.0,38.1590580,-122.4533830,6.9,22.6,0,0,0
746.40,0.0,0.0,12243,0.0,1,-13.6,0,0,12243.0,38.1590580,-122.4533830,6.9,22.6,0,0,0
746.50,0.0,0.0,12243,0.0,1,-13.5,0,0,12243.0,38.1590580,-122.4533830,6.9,22.6,0,0,0
746.60,0.0,0.0,12243,0.0,1,-13.6,0,0,12243.0,38.1590580,-122.4533830,6.9,22.6,0,0,0
746.70,0.0,0.0,12243,0.0,1,-13.6,0,0,12243.0,38.1590580,-122.4533830,6.9,22.6,0,0,0
746.80,0.0,0.0,12243,0.0,1,-13.6,0,0,12243.0,38.1590580,-122.4533830,6.7,22.0,0,0,0
746.90,0.0,0.0,12243,0.0,1,-13.5,0,0,12243.0,38.1590580,-122.4533820,6.7,22.0,0,0,0
747.00,0.0,0.0,12243,0.0,1,-13.5,0,0,12243.0,38.1590570,-122.4533820,6.7,22.0,0,0,0
747.10,0.0,0.0,12243,0.0,1,-13.5,0,0,12243.0,38.1590570,-122.4533820,6.7,22.0,0,0,0
747.20,0.0,0.0,12243,0.0,1,-13.5,0,0,12243.0,38.1590570,-122.4533820,6.7,22.0,0,0,0
747.30,0.0,0.0,12243,0.0,1,-13.5,0,0,12243.0,38.1590570,-122.4533820,6.7,22.0,0,0,0
747.40,0.0,0.0,12243,0.0,1,-13.5,0,0,12243.0,38.1590560,-122.4533810,6.7,22.0,0,0,0
747.50,0.0,0.0,12243,0.0,1,-13.5,0,0,12243.0,38.1590560,-122.4533810,6.7,22.0,0,0,0
747.60,0.0,0.0,12243,0.0,1,-13.5,0,0,12243.0,38.1590560,-122.4533810,6.7,22.0,0,0,0
747.70,0.0,0.0,12243,0.0,1,-13.6,0,0,12243.0,38.1590560,-122.4533810,6.7,22.0,0,0,0
747.80,0.0,0.0,12243,0.0,1,-13.5,0,0,12243.0,38.1590570,-122.4533810,6.9,22.6,0,0,0
747.90,0.0,0.0,12243,0.0,1,-13.5,0,0,12243.0,38.1590570,-122.4533810,6.9,22.6,0,0,0
748.00,0.0,0.0,12243,0.0,1,-13.6,0,0,12243.0,38.1590560,-122.4533810,6.9,22.6,0,0,0
748.10,0.0,0.0,12243,0.0,1,-13.6,0,0,12243.0,38.1590570,-122.4533810,6.9,22.6,0,0,0
748.20,0.0,0.0,12243,0.0,1,-13.6,0,0,12243.0,38.1590570,-122.4533810,6.9,22.6,0,0,0
748.30,0.0,0.0,12243,0.0,1,-13.6,0,0,12243.0,38.1590570,-122.4533800,6.9,22.6,0,0,0
748.40,0.0,0.0,12243,0.0,1,-13.5,0,0,12243.0,38.1590560,-122.4533810,6.9,22.6,0,0,0
748.50,0.0,0.0,12243,0.0,1,-13.6,0,0,12243.0,38.1590560,-122.4533810,6.9,22.6,0,0,0
748.60,0.0,0.0,12243,0.0,1,-13.6,0,0,12243.0,38.1590560,-122.4533810,6.9,22.6,0,0,0
748.70,0.0,0.0,12243,0.0,1,-13.6,0,0,12243.0,38.1590560,-122.4533810,6.9,22.6,0,0,0
748.80,0.0,0.0,12243,0.0,1,-13.5,0,0,12243.0,38.1590550,-122.4533810,6.9,22.6,0,0,0
748.90,0.0,0.0,12243,0.0,1,-13.6,0,0,12243.0,38.1590550,-122.4533810,6.9,22.6,0,0,0
749.00,0.0,0.0,12243,0.0,1,-13.6,0,0,12243.0,38.1590550,-122.4533810,6.9,22.6,0,0,0
749.10,0.0,0.0,12243,0.0,1,-13.6,0,0,12243.0,38.1590550,-122.4533800,6.9,22.6,0,0,0
749.20,0.0,0.0,12243,0.0,1,-13.5,0,0,12243.0,38.1590550,-122.4533800,6.9,22.6,0,0,0
749.30,0.0,0.0,12243,0.0,1,-13.6,0,0,12243.0,38.1590550,-122.4533800,6.9,22.6,0,0,0
749.40,0.0,0.0,12243,0.0,1,-13.6,0,0,12243.0,38.1590550,-122.4533800,6.9,22.6,0,0,0
749.50,0.0,0.0,12243,0.0,1,-13.6,0,0,12243.0,38.1590550,-122.4533800,6.9,22.6,0,0,0
749.60,0.0,0.0,12243,0.0,1,-13.6,0,0,12243.0,38.1590540,-122.4533800,6.9,22.6,0,0,0
749.70,0.0,0.0,12243,0.0,1,-13.6,0,0,12243.0,38.1590540,-122.4533800,6.9,22.6,0,0,0
749.80,0.0,0.0,12243,0.0,1,-13.6,0,0,12243.0,38.1590540,-122.4533800,7.0,23.0,0,0,0
749.90,0.0,0.0,12243,0.0,1,-13.6,0,0,12243.0,38.1590540,-122.4533800,7.0,23.0,0,0,0
750.00,0.0,0.0,12243,0.0,1,-13.6,0,0,12243.0,38.1590540,-122.4533790,7.0,23.0,0,0,0
750.10,0.0,0.0,12243,0.0,1,-13.5,0,0,12243.0,38.1590540,-122.4533800,7.0,23.0,0,0,0
750.20,0.0,0.0,12243,0.0,1,-13.6,0,0,12243.0,38.1590530,-122.4533800,7.0,23.0,0,0,0
750.30,0.0,0.0,12243,0.0,1,-13.6,0,0,12243.0,38.1590530,-122.4533800,7.0,23.0,0,0,0
750.40,0.0,0.0,12243,0.0,1,-13.6,0,0,12243.0,38.1590530,-122.4533800,7.0,23.0,0,0,0
750.50,0.0,0.0,12243,0.0,1,-13.6,0,0,12243.0,38.1590530,-122.4533800,7.0,23.0,0,0,0
750.60,0.0,0.0,12243,0.0,1,-13.6,0,0,12243.0,38.1590520,-122.4533800,7.0,23.0,0,0,0
750.70,0.0,0.0,12243,0.0,1,-13.6,0,0,12243.0,38.1590520,-122.4533800,7.0,23.0,0,0,0
750.80,0.0,0.0,12243,0.0,1,-13.6,0,0,12243.0,38.1590520,-122.4533800,7.0,23.0,0,0,0
750.90,0.0,0.0,12243,0.0,1,-13.6,0,0,12243.0,38.1590520,-122.4533800,7.0,23.0,0,0,0
751.00,0.0,0.0,12243,0.0,1,-13.6,0,0,12243.0,38.1590510,-122.4533800,7.0,23.0,0,0,0
751.10,0.0,0.0,12243,0.0,1,-13.6,0,0,12243.0,38.1590510,-122.4533800,7.0,23.0,0,0,0
751.20,0.0,0.0,12243,0.0,1,-13.6,0,0,12243.0,38.1590510,-122.4533800,7.0,23.0,0,0,0
751.30,0.0,0.0,12243,0.0,1,-13.6,0,0,12243.0,38.1590510,-122.4533800,7.0,23.0,0,0,0
751.40,0.0,0.0,12243,0.0,1,-13.6,0,0,12243.0,38.1590510,-122.4533800,7.0,23.0,0,0,0
751.50,0.0,0.0,12243,0.0,1,-13.6,0,0,12243.0,38.1590510,-122.4533800,7.0,23.0,0,0,0
751.60,0.0,0.0,12243,0.0,1,-13.6,0,0,12243.0,38.1590500,-122.4533800,7.0,23.0,0,0,0
751.70,0.0,0.0,12243,0.0,1,-13.6,0,0,12243.0,38.1590500,-122.4533800,7.0,23.0,0,0,0
751.80,0.0,0.0,12243,0.0,1,-13.6,0,0,12243.0,38.1590500,-122.4533800,7.0,23.0,0,0,0
751.90,0.0,0.0,12243,0.0,1,-13.6,0,0,12243.0,38.1590500,-122.4533800,7.0,23.0,0,0,0
752.00,0.0,0.0,12243,0.0,1,-13.6,0,0,12243.0,38.1590500,-122.4533800,7.0,23.0,0,0,0
752.10,0.0,0.0,12243,0.0,1,-13.6,0,0,12243.0,38.1590500,-122.4533800,7.0,23.0,0,0,0
752.20,0.0,0.0,12243,0.0,1,-13.6,0,0,12243.0,38.1590500,-122.4533800,7.0,23.0,0,0,0
752.30,0.0,0.0,12243,0.0,1,-13.6,0,0,12243.0,38.1590490,-122.4533800,7.0,23.0,0,0,0
752.40,0.0,0.0,12243,0.0,1,-13.6,0,0,12243.0,38.1590490,-122.4533800,7.0,23.0,0,0,0
752.50,0.0,0.0,12243,0.0,1,-13.6,0,0,12243.0,38.1590490,-122.4533790,7.0,23.0,0,0,0
752.60,0.0,0.0,12243,0.0,1,-13.6,0,0,12243.0,38.1590480,-122.4533790,7.0,23.0,0,0,0
752.70,0.0,0.0,12243,0.0,1,-13.6,0,0,12243.0,38.1590480,-122.4533790,7.0,23.0,0,0,0
752.80,0.0,0.0,12243,0.0,1,-13.6,0,0,12243.0,38.1590480,-122.4533790,7.0,23.0,0,0,0
752.90,0.0,0.0,12243,0.0,1,-13.6,0,0,12243.0,38.1590470,-122.4533790,7.0,23.0,0,0,0
753.00,0.0,0.0,12243,0.0,1,-13.6,0,0,12243.0,38.1590470,-122.4533790,7.0,23.0,0,0,0
753.10,0.0,0.0,12243,0.0,1,-13.6,0,0,12243.0,38.1590470,-122.4533790,7.0,23.0,0,0,0
753.20,0.0,0.0,12243,0.0,1,-13.6,0,0,12243.0,38.1590460,-122.4533790,7.0,23.0,0,0,0
753.30,0.0,0.0,12243,0.0,1,-13.6,0,0,12243.0,38.1590460,-122.4533780,7.0,23.0,0,0,0
753.40,0.0,0.0,12243,0.0,1,-13.6,0,0,12243.0,38.1590460,-122.4533780,7.0,23.0,0,0,0
753.50,0.0,0.0,12243,0.0,1,-13.6,0,0,12243.0,38.1590450,-122.4533780,7.0,23.0,0,0,0
753.60,0.0,0.0,12243,0.0,1,-13.6,0,0,12243.0,38.1590450,-122.4533780,7.0,23.0,0,0,0
753.70,0.0,0.0,12243,0.0,1,-13.6,0,0,12243.0,38.1590450,-122.4533780,7.0,23.0,0,0,0
753.80,0.0,0.0,12243,0.0,1,-13.6,0,0,12243.0,38.1590440,-122.4533780,6.8,22.3,0,0,0
753.90,0.0,0.0,12243,0.0,1,-13.6,0,0,12243.0,38.1590440,-122.4533780,6.8,22.3,0,0,0
754.00,0.0,0.0,12243,0.0,1,-13.6,0,0,12243.0,38.1590430,-122.4533780,6.8,22.3,0,0,0
754.10,0.0,0.0,12243,0.0,1,-13.6,0,0,12243.0,38.1590430,-122.4533770,6.8,22.3,0,0,0
754.20,0.0,0.0,12243,0.0,1,-13.6,0,0,12243.0,38.1590430,-122.4533770,6.8,22.3,0,0,0
754.30,0.0,0.0,12243,0.0,1,-13.6,0,0,12243.0,38.1590430,-122.4533770,6.8,22.3,0,0,0
754.40,0.0,0.0,12243,0.0,1,-13.6,0,0,12243.0,38.1590430,-122.4533770,6.8,22.3,0,0,0
754.50,0.0,0.0,12243,0.0,1,-13.6,0,0,12243.0,38.1590430,-122.4533770,6.8,22.3,0,0,0
754.60,0.0,0.0,12243,0.0,1,-13.6,0,0,12243.0,38.1590420,-122.4533770,6.8,22.3,0,0,0
754.70,0.0,0.0,12243,0.0,1,-13.6,0,0,12243.0,38.1590420,-122.4533770,6.8,22.3,0,0,0
754.80,0.0,0.0,12243,0.0,1,-13.6,0,0,12243.0,38.1590420,-122.4533770,6.7,22.0,0,0,0
754.90,0.0,0.0,12243,0.0,1,-13.6,0,0,12243.0,38.1590420,-122.4533770,6.7,22.0,0,0,0
755.00,0.0,0.0,12243,0.0,1,-13.6,0,0,12243.0,38.1590410,-122.4533770,6.7,22.0,0,0,0
755.10,0.0,0.0,12243,0.0,1,-13.6,0,0,12243.0,38.1590410,-122.4533770,6.7,22.0,0,0,0
755.20,0.0,0.0,12243,0.0,1,-13.6,0,0,12243.0,38.1590410,-122.4533770,6.7,22.0,0,0,0
755.30,0.0,0.0,12243,0.0,1,-13.6,0,0,12243.0,38.1590410,-122.4533770,6.7,22.0,0,0,0
755.40,0.0,0.0,12243,0.0,1,-13.6,0,0,12243.0,38.1590410,-122.4533770,6.7,22.0,0,0,0
755.50,0.0,0.0,12243,0.0,1,-13.6,0,0,12243.0,38.1590410,-122.4533780,6.7,22.0,0,0,0
755.60,0.0,0.0,12243,0.0,1,-13.6,0,0,12243.0,38.1590400,-122.4533780,6.7,22.0,0,0,0
755.70,0.0,0.0,12243,0.0,1,-13.6,0,0,12243.0,38.1590400,-122.4533780,6.7,22.0,0,0,0
755.80,0.0,0.0,12243,0.0,1,-13.5,0,0,12243.0,38.1590400,-122.4533780,6.5,21.3,0,0,0
755.90,0.0,0.0,12243,0.0,1,-13.6,0,0,12243.0,38.1590400,-122.4533780,6.5,21.3,0,0,0
756.00,0.0,0.0,12243,0.0,1,-13.6,0,0,12243.0,38.1590400,-122.4533770,6.5,21.3,0,0,0
756.10,0.0,0.0,12243,0.0,1,-13.6,0,0,12243.0,38.1590390,-122.4533770,6.5,21.3,0,0,0
756.20,0.0,0.0,12243,0.0,1,-13.5,0,0,12243.0,38.1590390,-122.4533770,6.5,21.3,0,0,0
756.30,0.0,0.0,12243,0.0,1,-13.6,0,0,12243.0,38.1590390,-122.4533770,6.5,21.3,0,0,0
756.40,0.0,0.0,12243,0.0,1,-13.6,0,0,12243.0,38.1590390,-122.4533770,6.5,21.3,0,0,0
756.50,0.0,0.0,12243,0.0,1,-13.6,0,0,12243.0,38.1590390,-122.4533770,6.5,21.3,0,0,0
756.60,0.0,0.0,12243,0.0,1,-13.6,0,0,12243.0,38.1590390,-122.4533780,6.5,21.3,0,0,0
756.70,0.0,0.0,12243,0.0,1,-13.6,0,0,12243.0,38.1590390,-122.4533780,6.5,21.3,0,0,0
756.80,0.0,0.0,12243,0.0,1,-13.5,0,0,12243.0,38.1590380,-122.4533770,6.4,21.0,0,0,0
756.90,0.0,0.0,12243,0.0,1,-13.5,0,0,12243.0,38.1590380,-122.4533770,6.4,21.0,0,0,0
757.00,0.0,0.0,12243,0.0,1,-13.6,0,0,12243.0,38.1590380,-122.4533770,6.4,21.0,0,0,0
757.10,0.0,0.0,12243,0.0,1,-13.6,0,0,12243.0,38.1590370,-122.4533760,6.4,21.0,0,0,0
757.20,0.0,0.0,12243,0.0,1,-13.6,0,0,12243.0,38.1590370,-122.4533760,6.4,21.0,0,0,0
757.30,0.0,0.0,12243,0.0,1,-13.5,0,0,12243.0,38.1590370,-122.4533760,6.4,21.0,0,0,0
757.40,0.0,0.0,12243,0.0,1,-13.5,0,0,12243.0,38.1590370,-122.4533760,6.4,21.0,0,0,0
757.50,0.0,0.0,12243,0.0,1,-13.5,0,0,12243.0,38.1590380,-122.4533760,6.4,21.0,0,0,0
757.60,0.0,0.0,12243,0.0,1,-13.5,0,0,12243.0,38.1590380,-122.4533760,6.4,21.0,0,0,0
757.70,0.0,0.0,12243,0.0,1,-13.5,0,0,12243.0,38.1590380,-122.4533750,6.4,21.0,0,0,0
757.80,0.0,0.0,12243,0.0,1,-13.5,0,0,12243.0,38.1590380,-122.4533750,6.3,20.7,0,0,0
757.90,0.0,0.0,12243,0.0,1,-13.5,0,0,12243.0,38.1590370,-122.4533750,6.3,20.7,0,0,0
758.00,0.0,0.0,12243,0.0,1,-13.6,0,0,12243.0,38.1590380,-122.4533750,6.3,20.7,0,0,0
758.10,0.0,0.0,12243,0.0,1,-13.6,0,0,12243.0,38.1590370,-122.4533740,6.3,20.7,0,0,0
758.20,0.0,0.0,12243,0.0,1,-13.5,0,0,12243.0,38.1590370,-122.4533740,6.3,20.7,0,0,0
758.30,0.0,0.0,12243,0.0,1,-13.6,0,0,12243.0,38.1590370,-122.4533730,6.3,20.7,0,0,0
758.40,0.0,0.0,12243,0.0,1,-13.6,0,0,12243.0,38.1590360,-122.4533730,6.3,20.7,0,0,0
758.50,0.0,0.0,12243,0.0,1,-13.6,0,0,12243.0,38.1590360,-122.4533720,6.3,20.7,0,0,0
758.60,0.0,0.0,12243,0.0,1,-13.6,0,0,12243.0,38.1590360,-122.4533720,6.3,20.7,0,0,0
758.70,0.0,0.0,12243,0.0,1,-13.6,0,0,12243.0,38.1590350,-122.4533710,6.3,20.7,0,0,0
758.80,0.0,0.0,12243,0.0,1,-13.6,0,0,12243.0,38.1590350,-122.4533710,6.0,19.7,0,0,0
758.90,0.0,0.0,12243,0.0,1,-13.6,0,0,12243.0,38.1590350,-122.4533700,6.0,19.7,0,0,0
759.00,0.0,0.0,12243,0.0,1,-13.5,0,0,12243.0,38.1590340,-122.4533700,6.0,19.7,0,0,0
759.10,0.0,0.0,12243,0.0,1,-13.6,0,0,12243.0,38.1590340,-122.4533700,6.0,19.7,0,0,0
759.20,0.0,0.0,12243,0.0,1,-13.6,0,0,12243.0,38.1590330,-122.4533690,6.0,19.7,0,0,0
759.30,0.0,0.0,12243,0.0,1,-13.6,0,0,12243.0,38.1590330,-122.4533690,6.0,19.7,0,0,0
759.40,0.0,0.0,12243,0.0,1,-13.5,0,0,12243.0,38.1590330,-122.4533690,6.0,19.7,0,0,0
759.50,0.0,0.0,12243,0.0,1,-13.6,0,0,12243.0,38.1590320,-122.4533680,6.0,19.7,0,0,0
759.60,0.0,0.0,12243,0.0,1,-13.6,0,0,12243.0,38.1590320,-122.4533680,6.0,19.7,0,0,0
759.70,0.0,0.0,12243,0.0,1,-13.6,0,0,12243.0,38.1590320,-122.4533690,6.0,19.7,0,0,0
759.80,0.0,0.0,12243,0.0,1,-13.6,0,0,12243.0,38.1590320,-122.4533690,5.9,19.4,0,0,0
759.90,0.0,0.0,12243,0.0,1,-13.6,0,0,12243.0,38.1590330,-122.4533690,5.9,19.4,0,0,0
760.00,0.0,0.0,12243,0.0,1,-13.6,0,0,12243.0,38.1590330,-122.4533690,5.9,19.4,0,0,0
760.10,0.0,0.0,12243,0.0,1,-13.6,0,0,12243.0,38.1590330,-122.4533690,5.9,19.4,0,0,0
760.20,0.0,0.0,12243,0.0,1,-13.6,0,0,12243.0,38.1590330,-122.4533690,5.9,19.4,0,0,0
760.30,0.0,0.0,12243,0.0,1,-13.6,0,0,12243.0,38.1590330,-122.4533690,5.9,19.4,0,0,0
760.40,0.0,0.0,12243,0.0,1,-13.5,0,0,12243.0,38.1590330,-122.4533680,5.9,19.4,0,0,0
760.50,0.0,0.0,12243,0.0,1,-13.6,0,0,12243.0,38.1590330,-122.4533670,5.9,19.4,0,0,0
760.60,0.0,0.0,12243,0.0,1,-13.6,0,0,12243.0,38.1590320,-122.4533660,5.9,19.4,0,0,0
760.70,0.0,0.0,12243,0.0,1,-13.5,0,0,12243.0,38.1590330,-122.4533660,5.9,19.4,0,0,0
760.80,0.0,0.0,12243,0.0,1,-13.5,0,0,12243.0,38.1590320,-122.4533660,5.9,19.4,0,0,0
760.90,0.0,0.0,12243,0.0,1,-13.6,0,0,12243.0,38.1590320,-122.4533650,5.9,19.4,0,0,0
761.00,0.0,0.0,12243,0.0,1,-13.5,0,0,12243.0,38.1590320,-122.4533650,5.9,19.4,0,0,0
761.10,0.0,0.0,12243,0.0,1,-13.5,0,0,12243.0,38.1590320,-122.4533650,5.9,19.4,0,0,0
761.20,0.0,0.0,12243,0.0,1,-13.5,0,0,12243.0,38.1590320,-122.4533650,5.9,19.4,0,0,0
761.30,0.0,0.0,12243,0.0,1,-13.5,0,0,12243.0,38.1590320,-122.4533650,5.9,19.4,0,0,0
761.40,0.0,0.0,12243,0.0,1,-13.6,0,0,12243.0,38.1590320,-122.4533650,5.9,19.4,0,0,0
761.50,0.0,0.0,12243,0.0,1,-13.6,0,0,12243.0,38.1590320,-122.4533650,5.9,19.4,0,0,0
761.60,0.0,0.0,12243,0.0,1,-13.6,0,0,12243.0,38.1590320,-122.4533650,5.9,19.4,0,0,0
761.70,0.0,0.0,12243,0.0,1,-13.6,0,0,12243.0,38.1590310,-122.4533650,5.9,19.4,0,0,0
761.80,0.0,0.0,12243,0.0,1,-13.5,0,0,12243.0,38.1590310,-122.4533650,5.9,19.4,0,0,0
761.90,0.0,0.0,12243,0.0,1,-13.6,0,0,12243.0,38.1590310,-122.4533650,5.9,19.4,0,0,0
762.00,0.0,0.0,12243,0.0,1,-13.6,0,0,12243.0,38.1590310,-122.4533650,5.9,19.4,0,0,0
762.10,0.0,0.0,12243,0.0,1,-13.6,0,0,12243.0,38.1590310,-122.4533650,5.9,19.4,0,0,0
762.20,0.0,0.0,12243,0.0,1,-13.6,0,0,12243.0,38.1590310,-122.4533650,5.9,19.4,0,0,0
762.30,0.0,0.0,12243,0.0,1,-13.6,0,0,12243.0,38.1590310,-122.4533650,5.9,19.4,0,0,0
762.40,0.0,0.0,12243,0.0,1,-13.6,0,0,12243.0,38.1590300,-122.4533650,5.9,19.4,0,0,0
762.50,0.0,0.0,12243,0.0,1,-13.6,0,0,12243.0,38.1590300,-122.4533650,5.9,19.4,0,0,0
762.60,0.0,0.0,12243,0.0,1,-13.5,0,0,12243.0,38.1590300,-122.4533640,5.9,19.4,0,0,0
762.70,0.0,0.0,12243,0.0,1,-13.5,0,0,12243.0,38.1590300,-122.4533640,5.9,19.4,0,0,0
762.80,0.0,0.0,12243,0.0,1,-13.6,0,0,12243.0,38.1590310,-122.4533640,5.9,19.4,0,0,0
762.90,0.0,0.0,12243,0.0,1,-13.6,0,0,12243.0,38.1590310,-122.4533650,5.9,19.4,0,0,0
763.00,0.0,0.0,12243,0.0,1,-13.5,0,0,12243.0,38.1590310,-122.4533650,5.9,19.4,0,0,0
763.10,0.0,0.0,12243,0.0,1,-13.5,0,0,12243.0,38.1590310,-122.4533650,5.9,19.4,0,0,0
763.20,0.0,0.0,12243,0.0,1,-13.6,0,0,12243.0,38.1590310,-122.4533650,5.9,19.4,0,0,0
763.30,0.0,0.0,12243,0.0,1,-13.6,0,0,12243.0,38.1590300,-122.4533650,5.9,19.4,0,0,0
763.40,0.0,0.0,12243,0.0,1,-13.5,0,0,12243.0,38.1590310,-122.4533650,5.9,19.4,0,0,0
763.50,0.0,0.0,12243,0.0,1,-13.5,0,0,12243.0,38.1590310,-122.4533650,5.9,19.4,0,0,0
763.60,0.0,0.0,12243,0.0,1,-13.6,0,0,12243.0,38.1590310,-122.4533660,5.9,19.4,0,0,0
763.70,0.0,0.0,12243,0.0,1,-13.6,0,0,12243.0,38.1590310,-122.4533650,5.9,19.4,0,0,0
763.80,0.0,0.0,12243,0.0,1,-13.5,0,0,12243.0,38.1590300,-122.4533650,6.1,20.0,0,0,0
763.90,0.0,0.0,12243,0.0,1,-13.6,0,0,12243.0,38.1590300,-122.4533650,6.1,20.0,0,0,0
764.00,0.0,0.0,12243,0.0,1,-13.6,0,0,12243.0,38.1590300,-122.4533640,6.1,20.0,0,0,0
764.10,0.0,0.0,12243,0.0,1,-13.6,0,0,12243.0,38.1590300,-122.4533630,6.1,20.0,0,0,0
764.20,0.0,0.0,12243,0.0,1,-13.6,0,0,12243.0,38.1590300,-122.4533630,6.1,20.0,0,0,0
764.30,0.0,0.0,12243,0.0,1,-13.5,0,0,12243.0,38.1590300,-122.4533630,6.1,20.0,0,0,0
764.40,0.0,0.0,12243,0.0,1,-13.6,0,0,12243.0,38.1590300,-122.4533620,6.1,20.0,0,0,0
764.50,0.0,0.0,12243,0.0,1,-13.6,0,0,12243.0,38.1590300,-122.4533620,6.1,20.0,0,0,0
764.60,0.0,0.0,12243,0.0,1,-13.6,0,0,12243.0,38.1590300,-122.4533610,6.1,20.0,0,0,0
764.70,0.0,0.0,12243,0.0,1,-13.5,0,0,12243.0,38.1590300,-122.4533610,6.1,20.0,0,0,0
764.80,0.0,0.0,12243,0.0,1,-13.6,0,0,12243.0,38.1590310,-122.4533610,6.1,20.0,0,0,0
764.90,0.0,0.0,12243,0.0,1,-13.6,0,0,12243.0,38.1590300,-122.4533610,6.1,20.0,0,0,0
765.00,0.0,0.0,12243,0.0,1,-13.6,0,0,12243.0,38.1590310,-122.4533620,6.1,20.0,0,0,0
765.10,0.0,0.0,12243,0.0,1,-13.5,0,0,12243.0,38.1590310,-122.4533610,6.1,20.0,0,0,0
765.20,0.0,0.0,12243,0.0,1,-13.6,0,0,12243.0,38.1590310,-122.4533610,6.1,20.0,0,0,0
765.30,0.0,0.0,12243,0.0,1,-13.6,0,0,12243.0,38.1590310,-122.4533610,6.1,20.0,0,0,0
765.40,0.0,0.0,12243,0.0,1,-13.6,0,0,12243.0,38.1590310,-122.4533610,6.1,20.0,0,0,0
765.50,0.0,0.0,12243,0.0,1,-13.6,0,0,12243.0,38.1590310,-122.4533610,6.1,20.0,0,0,0
765.60,0.0,0.0,12243,0.0,1,-13.6,0,0,12243.0,38.1590310,-122.4533610,6.1,20.0,0,0,0
765.70,0.0,0.0,12243,0.0,1,-13.6,0,0,12243.0,38.1590310,-122.4533610,6.1,20.0,0,0,0
765.80,0.0,0.0,12243,0.0,1,-13.6,0,0,12243.0,38.1590310,-122.4533600,6.2,20.3,0,0,0
765.90,0.0,0.0,12243,0.0,1,-13.6,0,0,12243.0,38.1590310,-122.4533600,6.2,20.3,0,0,0
766.00,0.0,0.0,12243,0.0,1,-13.6,0,0,12243.0,38.1590310,-122.4533600,6.2,20.3,0,0,0
766.10,0.0,0.0,12243,0.0,1,-13.6,0,0,12243.0,38.1590310,-122.4533600,6.2,20.3,0,0,0
766.20,0.0,0.0,12243,0.0,1,-13.6,0,0,12243.0,38.1590310,-122.4533600,6.2,20.3,0,0,0
766.30,0.0,0.0,12243,0.0,1,-13.6,0,0,12243.0,38.1590310,-122.4533600,6.2,20.3,0,0,0
766.40,0.0,0.0,12243,0.0,1,-13.6,0,0,12243.0,38.1590310,-122.4533600,6.2,20.3,0,0,0
766.50,0.0,0.0,12243,0.0,1,-13.6,0,0,12243.0,38.1590310,-122.4533600,6.2,20.3,0,0,0
766.60,0.0,0.0,12243,0.0,1,-13.6,0,0,12243.0,38.1590310,-122.4533600,6.2,20.3,0,0,0
766.70,0.0,0.0,12243,0.0,1,-13.6,0,0,12243.0,38.1590310,-122.4533600,6.2,20.3,0,0,0
766.80,0.0,0.0,12243,0.0,1,-13.6,0,0,12243.0,38.1590310,-122.4533590,6.3,20.7,0,0,0
766.90,0.0,0.0,12243,0.0,1,-13.6,0,0,12243.0,38.1590310,-122.4533590,6.3,20.7,0,0,0
767.00,0.0,0.0,12243,0.0,1,-13.6,0,0,12243.0,38.1590310,-122.4533590,6.3,20.7,0,0,0
767.10,0.0,0.0,12243,0.0,1,-13.5,0,0,12243.0,38.1590320,-122.4533590,6.3,20.7,0,0,0
767.20,0.0,0.0,12243,0.0,1,-13.5,0,0,12243.0,38.1590320,-122.4533600,6.3,20.7,0,0,0
767.30,0.0,0.0,12243,0.0,1,-13.5,0,0,12243.0,38.1590320,-122.4533600,6.3,20.7,0,0,0
767.40,0.0,0.0,12243,0.0,1,-13.5,0,0,12243.0,38.1590320,-122.4533600,6.3,20.7,0,0,0
767.50,0.0,0.0,12243,0.0,1,-13.5,0,0,12243.0,38.1590320,-122.4533600,6.3,20.7,0,0,0
767.60,0.0,0.0,12243,0.0,1,-13.6,0,0,12243.0,38.1590320,-122.4533600,6.3,20.7,0,0,0
767.70,0.0,0.0,12243,0.0,1,-13.5,0,0,12243.0,38.1590320,-122.4533590,6.3,20.7,0,0,0
767.80,0.0,0.0,12243,0.0,1,-13.6,0,0,12243.0,38.1590320,-122.4533590,6.3,20.7,0,0,0
767.90,0.0,0.0,12243,0.0,1,-13.6,0,0,12243.0,38.1590320,-122.4533590,6.3,20.7,0,0,0
768.00,0.0,0.0,12243,0.0,1,-13.6,0,0,12243.0,38.1590320,-122.4533580,6.3,20.7,0,0,0
768.10,0.0,0.0,12243,0.0,1,-13.6,0,0,12243.0,38.1590320,-122.4533580,6.3,20.7,0,0,0
768.20,0.0,0.0,12243,0.0,1,-13.6,0,0,12243.0,38.1590320,-122.4533570,6.3,20.7,0,0,0
768.30,0.0,0.0,12243,0.0,1,-13.6,0,0,12243.0,38.1590320,-122.4533570,6.3,20.7,0,0,0
768.40,0.0,0.0,12243,0.0,1,-13.6,0,0,12243.0,38.1590320,-122.4533570,6.3,20.7,0,0,0
768.50,0.0,0.0,12243,0.0,1,-13.6,0,0,12243.0,38.1590310,-122.4533570,6.3,20.7,0,0,0
768.60,0.0,0.0,12243,0.0,1,-13.6,0,0,12243.0,38.1590320,-122.4533560,6.3,20.7,0,0,0
768.70,0.0,0.0,12243,0.0,1,-13.6,0,0,12243.0,38.1590320,-122.4533560,6.3,20.7,0,0,0
768.80,0.0,0.0,12243,0.0,1,-13.6,0,0,12243.0,38.1590320,-122.4533560,6.3,20.7,0,0,0
768.90,0.0,0.0,12243,0.0,1,-13.6,0,0,12243.0,38.1590320,-122.4533560,6.3,20.7,0,0,0
769.00,0.0,0.0,12243,0.0,1,-13.6,0,0,12243.0,38.1590320,-122.4533560,6.3,20.7,0,0,0
769.10,0.0,0.0,12243,0.0,1,-13.6,0,0,12243.0,38.1590320,-122.4533560,6.3,20.7,0,0,0
769.20,0.0,0.0,12243,0.0,1,-13.6,0,0,12243.0,38.1590310,-122.4533560,6.3,20.7,0,0,0
769.30,0.0,0.0,12243,0.0,1,-13.6,0,0,12243.0,38.1590310,-122.4533560,6.3,20.7,0,0,0
769.40,0.0,0.0,12243,0.0,1,-13.6,0,0,12243.0,38.1590320,-122.4533560,6.3,20.7,0,0,0
769.50,0.0,0.0,12243,0.0,1,-13.6,0,0,12243.0,38.1590320,-122.4533570,6.3,20.7,0,0,0
769.60,0.0,0.0,12243,0.0,1,-13.6,0,0,12243.0,38.1590320,-122.4533580,6.3,20.7,0,0,0
769.70,0.0,0.0,12243,0.0,1,-13.6,0,0,12243.0,38.1590320,-122.4533580,6.3,20.7,0,0,0
769.80,0.0,0.0,12243,0.0,1,-13.6,0,0,12243.0,38.1590320,-122.4533580,6.4,21.0,0,0,0
769.90,0.0,0.0,12243,0.0,1,-13.6,0,0,12243.0,38.1590320,-122.4533580,6.4,21.0,0,0,0
770.00,0.0,0.0,12243,0.0,1,-13.6,0,0,12243.0,38.1590320,-122.4533580,6.4,21.0,0,0,0
770.10,0.0,0.0,12243,0.0,1,-13.6,0,0,12243.0,38.1590320,-122.4533570,6.4,21.0,0,0,0
770.20,0.0,0.0,12243,0.0,1,-13.6,0,0,12243.0,38.1590320,-122.4533580,6.4,21.0,0,0,0
770.30,0.0,0.0,12243,0.0,1,-13.6,0,0,12243.0,38.1590320,-122.4533580,6.4,21.0,0,0,0
770.40,0.0,0.0,12243,0.0,1,-13.6,0,0,12243.0,38.1590320,-122.4533580,6.4,21.0,0,0,0
770.50,0.0,0.0,12243,0.0,1,-13.6,0,0,12243.0,38.1590320,-122.4533570,6.4,21.0,0,0,0
770.60,0.0,0.0,12243,0.0,1,-13.6,0,0,12243.0,38.1590310,-122.4533560,6.4,21.0,0,0,0
770.70,0.0,0.0,12243,0.0,1,-13.6,0,0,12243.0,38.1590310,-122.4533560,6.4,21.0,0,0,0
770.80,0.0,0.0,12243,0.0,1,-13.6,0,0,12243.0,38.1590310,-122.4533550,6.3,20.7,0,0,0
770.90,0.0,0.0,12243,0.0,1,-13.6,0,0,12243.0,38.1590300,-122.4533540,6.3,20.7,0,0,0
771.00,0.0,0.0,12243,0.0,1,-13.6,0,0,12243.0,38.1590300,-122.4533540,6.3,20.7,0,0,0
771.10,0.0,0.0,12243,0.0,1,-13.6,0,0,12243.0,38.1590300,-122.4533530,6.3,20.7,0,0,0
771.20,0.0,0.0,12243,0.0,1,-13.6,0,0,12243.0,38.1590290,-122.4533530,6.3,20.7,0,0,0
771.30,0.0,0.0,12243,0.0,1,-13.6,0,0,12243.0,38.1590290,-122.4533520,6.3,20.7,0,0,0
771.40,0.0,0.0,12243,0.0,1,-13.6,0,0,12243.0,38.1590290,-122.4533520,6.3,20.7,0,0,0
771.50,0.0,0.0,12243,0.0,1,-13.6,0,0,12243.0,38.1590290,-122.4533520,6.3,20.7,0,0,0
771.60,0.0,0.0,12243,0.0,1,-13.6,0,0,12243.0,38.1590280,-122.4533510,6.3,20.7,0,0,0
771.70,0.0,0.0,12243,0.0,1,-13.6,0,0,12243.0,38.1590280,-122.4533500,6.3,20.7,0,0,0
771.80,0.0,0.0,12243,0.0,1,-13.6,0,0,12243.0,38.1590280,-122.4533480,5.9,19.4,0,0,0
771.90,0.0,0.0,12243,0.0,1,-13.6,0,0,12243.0,38.1590280,-122.4533470,5.9,19.4,0,0,0
772.00,0.0,0.0,12243,0.0,1,-13.6,0,0,12243.0,38.1590270,-122.4533470,5.9,19.4,0,0,0
772.10,0.0,0.0,12243,0.0,1,-13.6,0,0,12243.0,38.1590270,-122.4533460,5.9,19.4,0,0,0
772.20,0.0,0.0,12243,0.0,1,-13.6,0,0,12243.0,38.1590270,-122.4533460,5.9,19.4,0,0,0
772.30,0.0,0.0,12243,0.0,1,-13.6,0,0,12243.0,38.1590270,-122.4533460,5.9,19.4,0,0,0
772.40,0.0,0.0,12243,0.0,1,-13.6,0,0,12243.0,38.1590270,-122.4533460,5.9,19.4,0,0,0
772.50,0.0,0.0,12243,0.0,1,-13.6,0,0,12243.0,38.1590280,-122.4533460,5.9,19.4,0,0,0
772.60,0.0,0.0,12243,0.0,1,-13.6,0,0,12243.0,38.1590280,-122.4533460,5.9,19.4,0,0,0
772.70,0.0,0.0,12243,0.0,1,-13.6,0,0,12243.0,38.1590280,-122.4533460,5.9,19.4,0,0,0
772.80,0.0,0.0,12243,0.0,1,-13.6,0,0,12243.0,38.1590280,-122.4533460,6.0,19.7,0,0,0
772.90,0.0,0.0,12243,0.0,1,-13.6,0,0,12243.0,38.1590280,-122.4533470,6.0,19.7,0,0,0
773.00,0.0,0.0,12243,0.0,1,-13.6,0,0,12243.0,38.1590280,-122.4533470,6.0,19.7,0,0,0
773.10,0.0,0.0,12243,0.0,1,-13.6,0,0,12243.0,38.1590280,-122.4533470,6.0,19.7,0,0,0
773.20,0.0,0.0,12243,0.0,1,-13.6,0,0,12243.0,38.1590280,-122.4533470,6.0,19.7,0,0,0
773.30,0.0,0.0,12243,0.0,1,-13.6,0,0,12243.0,38.1590280,-122.4533470,6.0,19.7,0,0,0
773.40,0.0,0.0,12243,0.0,1,-13.6,0,0,12243.0,38.1590280,-122.4533470,6.0,19.7,0,0,0
773.50,0.0,0.0,12243,0.0,1,-13.6,0,0,12243.0,38.1590280,-122.4533480,6.0,19.7,0,0,0
773.60,0.0,0.0,12243,0.0,1,-13.6,0,0,12243.0,38.1590290,-122.4533490,6.0,19.7,0,0,0
773.70,0.0,0.0,12243,0.0,1,-13.6,0,0,12243.0,38.1590290,-122.4533510,6.0,19.7,0,0,0
773.80,0.0,0.0,12243,0.0,1,-13.6,0,0,12243.0,38.1590290,-122.4533510,6.2,20.3,0,0,0
773.90,0.0,0.0,12243,0.0,1,-13.6,0,0,12243.0,38.1590290,-122.4533520,6.2,20.3,0,0,0
774.00,0.0,0.0,12243,0.0,1,-13.6,0,0,12243.0,38.1590290,-122.4533520,6.2,20.3,0,0,0
774.10,0.0,0.0,12243,0.0,1,-13.6,0,0,12243.0,38.1590290,-122.4533520,6.2,20.3,0,0,0
774.20,0.0,0.0,12243,0.0,1,-13.6,0,0,12243.0,38.1590290,-122.4533530,6.2,20.3,0,0,0
774.30,0.0,0.0,12243,0.0,1,-13.6,0,0,12243.0,38.1590300,-122.4533530,6.2,20.3,0,0,0
774.40,0.0,0.0,12243,0.0,1,-13.6,0,0,12243.0,38.1590300,-122.4533540,6.2,20.3,0,0,0
774.50,0.0,0.0,12243,0.0,1,-13.6,0,0,12243.0,38.1590300,-122.4533550,6.2,20.3,0,0,0
774.60,0.0,0.0,12243,0.0,1,-13.6,0,0,12243.0,38.1590310,-122.4533550,6.2,20.3,0,0,0
774.70,0.0,0.0,12243,0.0,1,-13.6,0,0,12243.0,38.1590310,-122.4533550,6.2,20.3,0,0,0
774.80,0.0,0.0,12243,0.0,1,-13.6,0,0,12243.0,38.1590310,-122.4533550,6.5,21.3,0,0,0
774.90,0.0,0.0,12243,0.0,1,-13.6,0,0,12243.0,38.1590310,-122.4533560,6.5,21.3,0,0,0
775.00,0.0,0.0,12243,0.0,1,-13.7,0,0,12243.0,38.1590310,-122.4533560,6.5,21.3,0,0,0
775.10,0.0,0.0,12243,0.0,1,-13.6,0,0,12243.0,38.1590310,-122.4533550,6.5,21.3,0,0,0
775.20,0.0,0.0,12243,0.0,1,-13.7,0,0,12243.0,38.1590310,-122.4533540,6.5,21.3,0,0,0
775.30,0.0,0.0,12243,0.0,1,-13.6,0,0,12243.0,38.1590310,-122.4533540,6.5,21.3,0,0,0
775.40,0.0,0.0,12243,0.0,1,-13.6,0,0,12243.0,38.1590310,-122.4533540,6.5,21.3,0,0,0
775.50,0.0,0.0,12243,0.0,1,-13.6,0,0,12243.0,38.1590310,-122.4533530,6.5,21.3,0,0,0
775.60,0.0,0.0,12243,0.0,1,-13.6,0,0,12243.0,38.1590300,-122.4533520,6.5,21.3,0,0,0
775.70,0.0,0.0,12243,0.0,1,-13.6,0,0,12243.0,38.1590300,-122.4533510,6.5,21.3,0,0,0
775.80,0.0,0.0,12243,0.0,1,-13.6,0,0,12243.0,38.1590300,-122.4533500,6.4,21.0,0,0,0
775.90,0.0,0.0,12243,0.0,1,-13.6,0,0,12243.0,38.1590290,-122.4533500,6.4,21.0,0,0,0
776.00,0.0,0.0,12243,0.0,1,-13.6,0,0,12243.0,38.1590290,-122.4533490,6.4,21.0,0,0,0
776.10,0.0,0.0,12243,0.0,1,-13.6,0,0,12243.0,38.1590290,-122.4533490,6.4,21.0,0,0,0
776.20,0.0,0.0,12243,0.0,1,-13.6,0,0,12243.0,38.1590290,-122.4533490,6.4,21.0,0,0,0
776.30,0.0,0.0,12243,0.0,1,-13.7,0,0,12243.0,38.1590280,-122.4533490,6.4,21.0,0,0,0
776.40,0.0,0.0,12243,0.0,1,-13.6,0,0,12243.0,38.1590280,-122.4533480,6.4,21.0,0,0,0
776.50,0.0,0.0,12243,0.0,1,-13.6,0,0,12243.0,38.1590280,-122.4533480,6.4,21.0,0,0,0
776.60,0.0,0.0,12243,0.0,1,-13.6,0,0,12243.0,38.1590280,-122.4533480,6.4,21.0,0,0,0
776.70,0.0,0.0,12243,0.0,1,-13.6,0,0,12243.0,38.1590280,-122.4533480,6.4,21.0,0,0,0
776.80,0.0,0.0,12243,0.0,1,-13.6,0,0,12243.0,38.1590280,-122.4533470,6.3,20.7,0,0,0
776.90,0.0,0.0,12243,0.0,1,-13.6,0,0,12243.0,38.1590280,-122.4533470,6.3,20.7,0,0,0
777.00,0.0,0.0,12243,0.0,1,-13.6,0,0,12243.0,38.1590280,-122.4533470,6.3,20.7,0,0,0
777.10,0.0,0.0,12243,0.0,1,-13.6,0,0,12243.0,38.1590280,-122.4533470,6.3,20.7,0,0,0
777.20,0.0,0.0,12243,0.0,1,-13.6,0,0,12243.0,38.1590270,-122.4533470,6.3,20.7,0,0,0
777.30,0.0,0.0,12243,0.0,1,-13.6,0,0,12243.0,38.1590270,-122.4533470,6.3,20.7,0,0,0
777.40,0.0,0.0,12243,0.0,1,-13.7,0,0,12243.0,38.1590270,-122.4533470,6.3,20.7,0,0,0
777.50,0.0,0.0,12243,0.0,1,-13.6,0,0,12243.0,38.1590270,-122.4533480,6.3,20.7,0,0,0
777.60,0.0,0.0,12243,0.0,1,-13.6,0,0,12243.0,38.1590270,-122.4533480,6.3,20.7,0,0,0
777.70,0.0,0.0,12243,0.0,1,-13.6,0,0,12243.0,38.1590270,-122.4533480,6.3,20.7,0,0,0
777.80,0.0,0.0,12243,0.0,1,-13.7,0,0,12243.0,38.1590270,-122.4533490,6.1,20.0,0,0,0
777.90,0.0,0.0,12243,0.0,1,-13.6,0,0,12243.0,38.1590270,-122.4533490,6.1,20.0,0,0,0
778.00,0.0,0.0,12243,0.0,1,-13.6,0,0,12243.0,38.1590270,-122.4533490,6.1,20.0,0,0,0
778.10,0.0,0.0,12243,0.0,1,-13.6,0,0,12243.0,38.1590270,-122.4533490,6.1,20.0,0,0,0
778.20,0.0,0.0,12243,0.0,1,-13.7,0,0,12243.0,38.1590270,-122.4533490,6.1,20.0,0,0,0
778.30,0.0,0.0,12243,0.0,1,-13.6,0,0,12243.0,38.1590270,-122.4533500,6.1,20.0,0,0,0
778.40,0.0,0.0,12243,0.0,1,-13.6,0,0,12243.0,38.1590270,-122.4533510,6.1,20.0,0,0,0
778.50,0.0,0.0,12243,0.0,1,-13.6,0,0,12243.0,38.1590270,-122.4533510,6.1,20.0,0,0,0
778.60,0.0,0.0,12243,0.0,1,-13.7,0,0,12243.0,38.1590270,-122.4533510,6.1,20.0,0,0,0
778.70,0.0,0.0,12243,0.0,1,-13.6,0,0,12243.0,38.1590270,-122.4533510,6.1,20.0,0,0,0
778.80,0.0,0.0,12243,0.0,1,-13.6,0,0,12243.0,38.1590280,-122.4533520,6.1,20.0,0,0,0
778.90,0.0,0.0,12243,0.0,1,-13.6,0,0,12243.0,38.1590280,-122.4533520,6.1,20.0,0,0,0
779.00,0.0,0.0,12243,0.0,1,-13.6,0,0,12243.0,38.1590280,-122.4533520,6.1,20.0,0,0,0
779.10,0.0,0.0,12243,0.0,1,-13.6,0,0,12243.0,38.1590280,-122.4533520,6.1,20.0,0,0,0
779.20,0.0,0.0,12243,0.0,1,-13.6,0,0,12243.0,38.1590270,-122.4533520,6.1,20.0,0,0,0
779.30,0.0,0.0,12243,0.0,1,-13.6,0,0,12243.0,38.1590270,-122.4533520,6.1,20.0,0,0,0
779.40,0.0,0.0,12243,0.0,1,-13.6,0,0,12243.0,38.1590270,-122.4533520,6.1,20.0,0,0,0
779.50,0.0,0.0,12243,0.0,1,-13.6,0,0,12243.0,38.1590270,-122.4533520,6.1,20.0,0,0,0
779.60,0.0,0.0,12243,0.0,1,-13.6,0,0,12243.0,38.1590270,-122.4533510,6.1,20.0,0,0,0
779.70,0.0,0.0,12243,0.0,1,-13.6,0,0,12243.0,38.1590270,-122.4533520,6.1,20.0,0,0,0
779.80,0.0,0.0,12243,0.0,1,-13.6,0,0,12243.0,38.1590270,-122.4533520,6.0,19.7,0,0,0
779.90,0.0,0.0,12243,0.0,1,-13.6,0,0,12243.0,38.1590270,-122.4533520,6.0,19.7,0,0,0
780.00,0.0,0.0,12243,0.0,1,-13.6,0,0,12243.0,38.1590270,-122.4533530,6.0,19.7,0,0,0
780.10,0.0,0.0,12243,0.0,1,-13.6,0,0,12243.0,38.1590270,-122.4533530,6.0,19.7,0,0,0
780.20,0.0,0.0,12243,0.0,1,-13.6,0,0,12243.0,38.1590270,-122.4533540,6.0,19.7,0,0,0
780.30,0.0,0.0,12243,0.0,1,-13.6,0,0,12243.0,38.1590270,-122.4533540,6.0,19.7,0,0,0
780.40,0.0,0.0,12243,0.0,1,-13.6,0,0,12243.0,38.1590270,-122.4533550,6.0,19.7,0,0,0
780.50,0.0,0.0,12243,0.0,1,-13.6,0,0,12243.0,38.1590270,-122.4533550,6.0,19.7,0,0,0
780.60,0.0,0.0,12243,0.0,1,-13.6,0,0,12243.0,38.1590270,-122.4533560,6.0,19.7,0,0,0
780.70,0.0,0.0,12243,0.0,1,-13.6,0,0,12243.0,38.1590270,-122.4533570,6.0,19.7,0,0,0
780.80,0.0,0.0,12243,0.0,1,-13.6,0,0,12243.0,38.1590270,-122.4533570,6.0,19.7,0,0,0
780.90,0.0,0.0,12243,0.0,1,-13.6,0,0,12243.0,38.1590270,-122.4533580,6.0,19.7,0,0,0
781.00,0.0,0.0,12243,0.0,1,-13.6,0,0,12243.0,38.1590270,-122.4533580,6.0,19.7,0,0,0
781.10,0.0,0.0,12243,0.0,1,-13.6,0,0,12243.0,38.1590270,-122.4533590,6.0,19.7,0,0,0
781.20,0.0,0.0,12243,0.0,1,-13.6,0,0,12243.0,38.1590270,-122.4533590,6.0,19.7,0,0,0
781.30,0.0,0.0,12243,0.0,1,-13.6,0,0,12243.0,38.1590270,-122.4533600,6.0,19.7,0,0,0
781.40,0.0,0.0,12243,0.0,1,-13.6,0,0,12243.0,38.1590270,-122.4533610,6.0,19.7,0,0,0
781.50,0.0,0.0,12243,0.0,1,-13.6,0,0,12243.0,38.1590270,-122.4533610,6.0,19.7,0,0,0
781.60,0.0,0.0,12243,0.0,1,-13.6,0,0,12243.0,38.1590270,-122.4533610,6.0,19.7,0,0,0
781.70,0.0,0.0,12243,0.0,1,-13.6,0,0,12243.0,38.1590270,-122.4533610,6.0,19.7,0,0,0
781.80,0.0,0.0,12243,0.0,1,-13.6,0,0,12243.0,38.1590270,-122.4533620,5.9,19.4,0,0,0
781.90,0.0,0.0,12243,0.0,1,-13.6,0,0,12243.0,38.1590270,-122.4533620,5.9,19.4,0,0,0
782.00,0.0,0.0,12243,0.0,1,-13.6,0,0,12243.0,38.1590270,-122.4533610,5.9,19.4,0,0,0
782.10,0.0,0.0,12243,0.0,1,-13.6,0,0,12243.0,38.1590270,-122.4533600,5.9,19.4,0,0,0
782.20,0.0,0.0,12243,0.0,1,-13.6,0,0,12243.0,38.1590270,-122.4533610,5.9,19.4,0,0,0
782.30,0.0,0.0,12243,0.0,1,-13.6,0,0,12243.0,38.1590270,-122.4533600,5.9,19.4,0,0,0
782.40,0.0,0.0,12243,0.0,1,-13.6,0,0,12243.0,38.1590270,-122.4533610,5.9,19.4,0,0,0
782.50,0.0,0.0,12243,0.0,1,-13.6,0,0,12243.0,38.1590270,-122.4533610,5.9,19.4,0,0,0
782.60,0.0,0.0,12243,0.0,1,-13.6,0,0,12243.0,38.1590270,-122.4533610,5.9,19.4,0,0,0
782.70,0.0,0.0,12243,0.0,1,-13.6,0,0,12243.0,38.1590270,-122.4533610,5.9,19.4,0,0,0
782.80,0.0,0.0,12243,0.0,1,-13.6,0,0,12243.0,38.1590280,-122.4533610,5.8,19.0,0,0,0
782.90,0.0,0.0,12243,0.0,1,-13.6,0,0,12243.0,38.1590280,-122.4533620,5.8,19.0,0,0,0
783.00,0.0,0.0,12243,0.0,1,-13.6,0,0,12243.0,38.1590280,-122.4533620,5.8,19.0,0,0,0
783.10,0.0,0.0,12243,0.0,1,-13.6,0,0,12243.0,38.1590280,-122.4533620,5.8,19.0,0,0,0
783.20,0.0,0.0,12243,0.0,1,-13.6,0,0,12243.0,38.1590280,-122.4533630,5.8,19.0,0,0,0
783.30,0.0,0.0,12243,0.0,1,-13.6,0,0,12243.0,38.1590280,-122.4533630,5.8,19.0,0,0,0
783.40,0.0,0.0,12243,0.0,1,-13.6,0,0,12243.0,38.1590280,-122.4533620,5.8,19.0,0,0,0
783.50,0.0,0.0,12243,0.0,1,-13.6,0,0,12243.0,38.1590280,-122.4533620,5.8,19.0,0,0,0
783.60,0.0,0.0,12243,0.0,1,-13.6,0,0,12243.0,38.1590280,-122.4533620,5.8,19.0,0,0,0
783.70,0.0,0.0,12243,0.0,1,-13.6,0,0,12243.0,38.1590280,-122.4533630,5.8,19.0,0,0,0
783.80,0.0,0.0,12243,0.0,1,-13.6,0,0,12243.0,38.1590290,-122.4533630,5.8,19.0,0,0,0
783.90,0.0,0.0,12243,0.0,1,-13.6,0,0,12243.0,38.1590280,-122.4533620,5.8,19.0,0,0,0
784.00,0.0,0.0,12243,0.0,1,-13.6,0,0,12243.0,38.1590280,-122.4533620,5.8,19.0,0,0,0
784.10,0.0,0.0,12243,0.0,1,-13.6,0,0,12243.0,38.1590280,-122.4533610,5.8,19.0,0,0,0
784.20,0.0,0.0,12243,0.0,1,-13.6,0,0,12243.0,38.1590280,-122.4533620,5.8,19.0,0,0,0
784.30,0.0,0.0,12243,0.0,1,-13.6,0,0,12243.0,38.1590280,-122.4533630,5.8,19.0,0,0,0
784.40,0.0,0.0,12243,0.0,1,-13.6,0,0,12243.0,38.1590290,-122.4533630,5.8,19.0,0,0,0
784.50,0.0,0.0,12243,0.0,1,-13.6,0,0,12243.0,38.1590290,-122.4533630,5.8,19.0,0,0,0
784.60,0.0,0.0,12243,0.0,1,-13.6,0,0,12243.0,38.1590290,-122.4533630,5.8,19.0,0,0,0
784.70,0.0,0.0,12243,0.0,1,-13.6,0,0,12243.0,38.1590290,-122.4533640,5.8,19.0,0,0,0
784.80,0.0,0.0,12243,0.0,1,-13.6,0,0,12243.0,38.1590290,-122.4533650,5.7,18.7,0,0,0
784.90,0.0,0.0,12243,0.0,1,-13.6,0,0,12243.0,38.1590290,-122.4533640,5.7,18.7,0,0,0
785.00,0.0,0.0,12243,0.0,1,-13.6,0,0,12243.0,38.1590290,-122.4533640,5.7,18.7,0,0,0
785.10,0.0,0.0,12243,0.0,1,-13.6,0,0,12243.0,38.1590300,-122.4533640,5.7,18.7,0,0,0
785.20,0.0,0.0,12243,0.0,1,-13.6,0,0,12243.0,38.1590300,-122.4533650,5.7,18.7,0,0,0
785.30,0.0,0.0,12243,0.0,1,-13.6,0,0,12243.0,38.1590300,-122.4533650,5.7,18.7,0,0,0
785.40,0.0,0.0,12243,0.0,1,-13.6,0,0,12243.0,38.1590300,-122.4533650,5.7,18.7,0,0,0
785.50,0.0,0.0,12243,0.0,1,-13.6,0,0,12243.0,38.1590300,-122.4533640,5.7,18.7,0,0,0
785.60,0.0,0.0,12243,0.0,1,-13.5,0,0,12243.0,38.1590300,-122.4533630,5.7,18.7,0,0,0
785.70,0.0,0.0,12243,0.0,1,-13.6,0,0,12243.0,38.1590300,-122.4533640,5.7,18.7,0,0,0
785.80,0.0,0.0,12243,0.0,1,-13.6,0,0,12243.0,38.1590300,-122.4533650,5.7,18.7,0,0,0
785.90,0.0,0.0,12243,0.0,1,-13.5,0,0,12243.0,38.1590300,-122.4533670,5.7,18.7,0,0,0
786.00,0.0,0.0,12243,0.0,1,-13.6,0,0,12243.0,38.1590310,-122.4533670,5.7,18.7,0,0,0
786.10,0.0,0.0,12243,0.0,1,-13.6,0,0,12243.0,38.1590300,-122.4533680,5.7,18.7,0,0,0
786.20,0.0,0.0,12243,0.0,1,-13.6,0,0,12243.0,38.1590310,-122.4533690,5.7,18.7,0,0,0
786.30,0.0,0.0,12243,0.0,1,-13.6,0,0,12243.0,38.1590300,-122.4533700,5.7,18.7,0,0,0
786.40,0.0,0.0,12243,0.0,1,-13.6,0,0,12243.0,38.1590300,-122.4533700,5.7,18.7,0,0,0
786.50,0.0,0.0,12243,0.0,1,-13.5,0,0,12243.0,38.1590300,-122.4533690,5.7,18.7,0,0,0
786.60,0.0,0.0,12243,0.0,1,-13.5,0,0,12243.0,38.1590300,-122.4533690,5.7,18.7,0,0,0
786.70,0.0,0.0,12243,0.0,1,-13.6,0,0,12243.0,38.1590290,-122.4533690,5.7,18.7,0,0,0
786.80,0.0,0.0,12243,0.0,1,-13.6,0,0,12243.0,38.1590290,-122.4533690,5.6,18.4,0,0,0
786.90,0.0,0.0,12243,0.0,1,-13.5,0,0,12243.0,38.1590290,-122.4533700,5.6,18.4,0,0,0
787.00,0.0,0.0,12243,0.0,1,-13.5,0,0,12243.0,38.1590290,-122.4533700,5.6,18.4,0,0,0
787.10,0.0,0.0,12243,0.0,1,-13.6,0,0,12243.0,38.1590290,-122.4533700,5.6,18.4,0,0,0
787.20,0.0,0.0,12243,0.0,1,-13.5,0,0,12243.0,38.1590290,-122.4533700,5.6,18.4,0,0,0
787.30,0.0,0.0,12243,0.0,1,-13.5,0,0,12243.0,38.1590290,-122.4533700,5.6,18.4,0,0,0
787.40,0.0,0.0,12243,0.0,1,-13.5,0,0,12243.0,38.1590290,-122.4533710,5.6,18.4,0,0,0
787.50,0.0,0.0,12243,0.0,1,-13.5,0,0,12243.0,38.1590290,-122.4533710,5.6,18.4,0,0,0
787.60,0.0,0.0,12243,0.0,1,-13.5,0,0,12243.0,38.1590290,-122.4533720,5.6,18.4,0,0,0
787.70,0.0,0.0,12243,0.0,1,-13.5,0,0,12243.0,38.1590290,-122.4533730,5.6,18.4,0,0,0
787.80,0.0,0.0,12243,0.0,1,-13.6,0,0,12243.0,38.1590290,-122.4533740,5.7,18.7,0,0,0
787.90,0.0,0.0,12243,0.0,1,-13.6,0,0,12243.0,38.1590290,-122.4533740,5.7,18.7,0,0,0
788.00,0.0,0.0,12243,0.0,1,-13.5,0,0,12243.0,38.1590290,-122.4533750,5.7,18.7,0,0,0
788.10,0.0,0.0,12243,0.0,1,-13.5,0,0,12243.0,38.1590290,-122.4533750,5.7,18.7,0,0,0
788.20,0.0,0.0,12243,0.0,1,-13.5,0,0,12243.0,38.1590290,-122.4533750,5.7,18.7,0,0,0
788.30,0.0,0.0,12243,0.0,1,-13.5,0,0,12243.0,38.1590290,-122.4533760,5.7,18.7,0,0,0
788.40,0.0,0.0,12243,0.0,1,-13.5,0,0,12243.0,38.1590290,-122.4533760,5.7,18.7,0,0,0
788.50,0.0,0.0,12243,0.0,1,-13.6,0,0,12243.0,38.1590280,-122.4533770,5.7,18.7,0,0,0
788.60,0.0,0.0,12243,0.0,1,-13.6,0,0,12243.0,38.1590290,-122.4533770,5.7,18.7,0,0,0
788.70,0.0,0.0,12243,0.0,1,-13.5,0,0,12243.0,38.1590290,-122.4533780,5.7,18.7,0,0,0
788.80,0.0,0.0,12243,0.0,1,-13.6,0,0,12243.0,38.1590290,-122.4533800,5.8,19.0,0,0,0
788.90,0.0,0.0,12243,0.0,1,-13.5,0,0,12243.0,38.1590300,-122.4533810,5.8,19.0,0,0,0
789.00,0.0,0.0,12243,0.0,1,-13.6,0,0,12243.0,38.1590300,-122.4533830,5.8,19.0,0,0,0
789.10,0.0,0.0,12243,0.0,1,-13.6,0,0,12243.0,38.1590310,-122.4533840,5.8,19.0,0,0,0
789.20,0.0,0.0,12243,0.0,1,-13.6,0,0,12243.0,38.1590310,-122.4533850,5.8,19.0,0,0,0
789.30,0.0,0.0,12243,0.0,1,-13.6,0,0,12243.0,38.1590310,-122.4533860,5.8,19.0,0,0,0
789.40,0.0,0.0,12243,0.0,1,-13.6,0,0,12243.0,38.1590320,-122.4533860,5.8,19.0,0,0,0
789.50,0.0,0.0,12243,0.0,1,-13.6,0,0,12243.0,38.1590310,-122.4533850,5.8,19.0,0,0,0
789.60,0.0,0.0,12243,0.0,1,-13.6,0,0,12243.0,38.1590310,-122.4533850,5.8,19.0,0,0,0
789.70,0.0,0.0,12243,0.0,1,-13.6,0,0,12243.0,38.1590310,-122.4533850,5.8,19.0,0,0,0
789.80,0.0,0.0,12243,0.0,1,-13.6,0,0,12243.0,38.1590310,-122.4533850,5.9,19.4,0,0,0
789.90,0.0,0.0,12243,0.0,1,-13.6,0,0,12243.0,38.1590310,-122.4533850,5.9,19.4,0,0,0
790.00,0.0,0.0,12243,0.0,1,-13.6,0,0,12243.0,38.1590310,-122.4533850,5.9,19.4,0,0,0
790.10,0.0,0.0,12243,0.0,1,-13.6,0,0,12243.0,38.1590310,-122.4533840,5.9,19.4,0,0,0
790.20,0.0,0.0,12243,0.0,1,-13.6,0,0,12243.0,38.1590310,-122.4533840,5.9,19.4,0,0,0
790.30,0.0,0.0,12243,0.0,1,-13.6,0,0,12243.0,38.1590300,-122.4533840,5.9,19.4,0,0,0
790.40,0.0,0.0,12243,0.0,1,-13.6,0,0,12243.0,38.1590310,-122.4533840,5.9,19.4,0,0,0
790.50,0.0,0.0,12243,0.0,1,-13.6,0,0,12243.0,38.1590300,-122.4533840,5.9,19.4,0,0,0
790.60,0.0,0.0,12243,0.0,1,-13.6,0,0,12243.0,38.1590300,-122.4533850,5.9,19.4,0,0,0
790.70,0.0,0.0,12243,0.0,1,-13.6,0,0,12243.0,38.1590300,-122.4533850,5.9,19.4,0,0,0
790.80,0.0,0.0,12243,0.0,1,-13.6,0,0,12243.0,38.1590300,-122.4533850,5.8,19.0,0,0,0
790.90,0.0,0.0,12243,0.0,1,-13.6,0,0,12243.0,38.1590300,-122.4533840,5.8,19.0,0,0,0
791.00,0.0,0.0,12243,0.0,1,-13.6,0,0,12243.0,38.1590300,-122.4533850,5.8,19.0,0,0,0
791.10,0.0,0.0,12243,0.0,1,-13.6,0,0,12243.0,38.1590300,-122.4533840,5.8,19.0,0,0,0
791.20,0.0,0.0,12243,0.0,1,-13.6,0,0,12243.0,38.1590300,-122.4533840,5.8,19.0,0,0,0
791.30,0.0,0.0,12243,0.0,1,-13.6,0,0,12243.0,38.1590300,-122.4533830,5.8,19.0,0,0,0
791.40,0.0,0.0,12243,0.0,1,-13.6,0,0,12243.0,38.1590300,-122.4533830,5.8,19.0,0,0,0
791.50,0.0,0.0,12243,0.0,1,-13.6,0,0,12243.0,38.1590300,-122.4533830,5.8,19.0,0,0,0
791.60,0.0,0.0,12243,0.0,1,-13.6,0,0,12243.0,38.1590300,-122.4533820,5.8,19.0,0,0,0
791.70,0.0,0.0,12243,0.0,1,-13.6,0,0,12243.0,38.1590300,-122.4533820,5.8,19.0,0,0,0
791.80,0.0,0.0,12243,0.0,1,-13.6,0,0,12243.0,38.1590300,-122.4533820,5.9,19.4,0,0,0
791.90,0.0,0.0,12243,0.0,1,-13.6,0,0,12243.0,38.1590300,-122.4533810,5.9,19.4,0,0,0
792.00,0.0,0.0,12243,0.0,1,-13.6,0,0,12243.0,38.1590300,-122.4533810,5.9,19.4,0,0,0
792.10,0.0,0.0,12243,0.0,1,-13.6,0,0,12243.0,38.1590300,-122.4533800,5.9,19.4,0,0,0
792.20,0.0,0.0,12243,0.0,1,-13.6,0,0,12243.0,38.1590300,-122.4533790,5.9,19.4,0,0,0
792.30,0.0,0.0,12243,0.0,1,-13.6,0,0,12243.0,38.1590300,-122.4533790,5.9,19.4,0,0,0
792.40,0.0,0.0,12243,0.0,1,-13.6,0,0,12243.0,38.1590290,-122.4533780,5.9,19.4,0,0,0
792.50,0.0,0.0,12243,0.0,1,-13.6,0,0,12243.0,38.1590290,-122.4533770,5.9,19.4,0,0,0
792.60,0.0,0.0,12243,0.0,1,-13.6,0,0,12243.0,38.1590290,-122.4533770,5.9,19.4,0,0,0
792.70,0.0,0.0,12243,0.0,1,-13.6,0,0,12243.0,38.1590290,-122.4533760,5.9,19.4,0,0,0
792.80,0.0,0.0,12243,0.0,1,-13.6,0,0,12243.0,38.1590290,-122.4533760,5.5,18.0,0,0,0
792.90,0.0,0.0,12243,0.0,1,-13.6,0,0,12243.0,38.1590280,-122.4533750,5.5,18.0,0,0,0
793.00,0.0,0.0,12243,0.0,1,-13.6,0,0,12243.0,38.1590280,-122.4533740,5.5,18.0,0,0,0
793.10,0.0,0.0,12243,0.0,1,-13.6,0,0,12243.0,38.1590280,-122.4533740,5.5,18.0,0,0,0
793.20,0.0,0.0,12243,0.0,1,-13.6,0,0,12243.0,38.1590280,-122.4533730,5.5,18.0,0,0,0
793.30,0.0,0.0,12243,0.0,1,-13.6,0,0,12243.0,38.1590280,-122.4533730,5.5,18.0,0,0,0
793.40,0.0,0.0,12243,0.0,1,-13.6,0,0,12243.0,38.1590280,-122.4533730,5.5,18.0,0,0,0
793.50,0.0,0.0,12243,0.0,1,-13.6,0,0,12243.0,38.1590280,-122.4533720,5.5,18.0,0,0,0
793.60,0.0,0.0,12243,0.0,1,-13.6,0,0,12243.0,38.1590280,-122.4533720,5.5,18.0,0,0,0
793.70,0.0,0.0,12243,0.0,1,-13.6,0,0,12243.0,38.1590280,-122.4533720,5.5,18.0,0,0,0
793.80,0.0,0.0,12243,0.0,1,-13.6,0,0,12243.0,38.1590290,-122.4533720,5.4,17.7,0,0,0
793.90,0.0,0.0,12243,0.0,1,-13.6,0,0,12243.0,38.1590290,-122.4533720,5.4,17.7,0,0,0
794.00,0.0,0.0,12243,0.0,1,-13.6,0,0,12243.0,38.1590290,-122.4533710,5.4,17.7,0,0,0
794.10,0.0,0.0,12243,0.0,1,-13.6,0,0,12243.0,38.1590300,-122.4533710,5.4,17.7,0,0,0
794.20,0.0,0.0,12243,0.0,1,-13.6,0,0,12243.0,38.1590300,-122.4533710,5.4,17.7,0,0,0
794.30,0.0,0.0,12243,0.0,1,-13.6,0,0,12243.0,38.1590300,-122.4533710,5.4,17.7,0,0,0
794.40,0.0,0.0,12243,0.0,1,-13.6,0,0,12243.0,38.1590300,-122.4533710,5.4,17.7,0,0,0
794.50,0.0,0.0,12243,0.0,1,-13.6,0,0,12243.0,38.1590300,-122.4533710,5.4,17.7,0,0,0
794.60,0.0,0.0,12243,0.0,1,-13.6,0,0,12243.0,38.1590310,-122.4533710,5.4,17.7,0,0,0
794.70,0.0,0.0,12243,0.0,1,-13.6,0,0,12243.0,38.1590310,-122.4533700,5.4,17.7,0,0,0
794.80,0.0,0.0,12243,0.0,1,-13.6,0,0,12243.0,38.1590310,-122.4533700,5.5,18.0,0,0,0
794.90,0.0,0.0,12243,0.0,1,-13.6,0,0,12243.0,38.1590310,-122.4533690,5.5,18.0,0,0,0
795.00,0.0,0.0,12243,0.0,1,-13.6,0,0,12243.0,38.1590310,-122.4533690,5.5,18.0,0,0,0
795.10,0.0,0.0,12243,0.0,1,-13.6,0,0,12243.0,38.1590310,-122.4533690,5.5,18.0,0,0,0
795.20,0.0,0.0,12243,0.0,1,-13.6,0,0,12243.0,38.1590310,-122.4533680,5.5,18.0,0,0,0
795.30,0.0,0.0,12243,0.0,1,-13.6,0,0,12243.0,38.1590310,-122.4533680,5.5,18.0,0,0,0
795.40,0.0,0.0,12243,0.0,1,-13.6,0,0,12243.0,38.1590310,-122.4533670,5.5,18.0,0,0,0
795.50,0.0,0.0,12243,0.0,1,-13.6,0,0,12243.0,38.1590310,-122.4533660,5.5,18.0,0,0,0
795.60,0.0,0.0,12243,0.0,1,-13.6,0,0,12243.0,38.1590310,-122.4533660,5.5,18.0,0,0,0
795.70,0.0,0.0,12243,0.0,1,-13.6,0,0,12243.0,38.1590310,-122.4533650,5.5,18.0,0,0,0
795.80,0.0,0.0,12243,0.0,1,-13.6,0,0,12243.0,38.1590310,-122.4533640,5.3,17.4,0,0,0
795.90,0.0,0.0,12243,0.0,1,-13.6,0,0,12243.0,38.1590310,-122.4533640,5.3,17.4,0,0,0
796.00,0.0,0.0,12243,0.0,1,-13.6,0,0,12243.0,38.1590320,-122.4533640,5.3,17.4,0,0,0
796.10,0.0,0.0,12243,0.0,1,-13.6,0,0,12243.0,38.1590320,-122.4533630,5.3,17.4,0,0,0
796.20,0.0,0.0,12243,0.0,1,-13.6,0,0,12243.0,38.1590320,-122.4533630,5.3,17.4,0,0,0
796.30,0.0,0.0,12243,0.0,1,-13.6,0,0,12243.0,38.1590320,-122.4533630,5.3,17.4,0,0,0
796.40,0.0,0.0,12243,0.0,1,-13.6,0,0,12243.0,38.1590320,-122.4533620,5.3,17.4,0,0,0
796.50,0.0,0.0,12243,0.0,1,-13.6,0,0,12243.0,38.1590320,-122.4533620,5.3,17.4,0,0,0
796.60,0.0,0.0,12243,0.0,1,-13.6,0,0,12243.0,38.1590330,-122.4533620,5.3,17.4,0,0,0
796.70,0.0,0.0,12243,0.0,1,-13.6,0,0,12243.0,38.1590330,-122.4533610,5.3,17.4,0,0,0
796.80,0.0,0.0,12243,0.0,1,-13.6,0,0,12243.0,38.1590330,-122.4533610,5.3,17.4,0,0,0
796.90,0.0,0.0,12243,0.0,1,-13.6,0,0,12243.0,38.1590330,-122.4533610,5.3,17.4,0,0,0
797.00,0.0,0.0,12243,0.0,1,-13.6,0,0,12243.0,38.1590330,-122.4533610,5.3,17.4,0,0,0
797.10,0.0,0.0,12243,0.0,1,-13.6,0,0,12243.0,38.1590330,-122.4533600,5.3,17.4,0,0,0
797.20,0.0,0.0,12243,0.0,1,-13.6,0,0,12243.0,38.1590330,-122.4533600,5.3,17.4,0,0,0
797.30,0.0,0.0,12243,0.0,1,-13.6,0,0,12243.0,38.1590330,-122.4533600,5.3,17.4,0,0,0
797.40,0.0,0.0,12243,0.0,1,-13.6,0,0,12243.0,38.1590330,-122.4533600,5.3,17.4,0,0,0
797.50,0.0,0.0,12243,0.0,1,-13.6,0,0,12243.0,38.1590330,-122.4533600,5.3,17.4,0,0,0
797.60,0.0,0.0,12243,0.0,1,-13.6,0,0,12243.0,38.1590330,-122.4533600,5.3,17.4,0,0,0
797.70,0.0,0.0,12243,0.0,1,-13.6,0,0,12243.0,38.1590340,-122.4533590,5.3,17.4,0,0,0
797.80,0.0,0.0,12243,0.0,1,-13.6,0,0,12243.0,38.1590340,-122.4533590,5.2,17.1,0,0,0
797.90,0.0,0.0,12243,0.0,1,-13.6,0,0,12243.0,38.1590340,-122.4533580,5.2,17.1,0,0,0
798.00,0.0,0.0,12243,0.0,1,-13.6,0,0,12243.0,38.1590340,-122.4533580,5.2,17.1,0,0,0
798.10,0.0,0.0,12243,0.0,1,-13.6,0,0,12243.0,38.1590340,-122.4533580,5.2,17.1,0,0,0
798.20,0.0,0.0,12243,0.0,1,-13.6,0,0,12243.0,38.1590340,-122.4533570,5.2,17.1,0,0,0
798.30,0.0,0.0,12243,0.0,1,-13.6,0,0,12243.0,38.1590340,-122.4533570,5.2,17.1,0,0,0
798.40,0.0,0.0,12243,0.0,1,-13.6,0,0,12243.0,38.1590340,-122.4533560,5.2,17.1,0,0,0
798.50,0.0,0.0,12243,0.0,1,-13.6,0,0,12243.0,38.1590340,-122.4533560,5.2,17.1,0,0,0
798.60,0.0,0.0,12243,0.0,1,-13.6,0,0,12243.0,38.1590340,-122.4533560,5.2,17.1,0,0,0
798.70,0.0,0.0,12243,0.0,1,-13.6,0,0,12243.0,38.1590340,-122.4533560,5.2,17.1,0,0,0
798.80,0.0,0.0,12243,0.0,1,-13.6,0,0,12243.0,38.1590340,-122.4533560,5.0,16.4,0,0,0
798.90,0.0,0.0,12243,0.0,1,-13.6,0,0,12243.0,38.1590350,-122.4533550,5.0,16.4,0,0,0
799.00,0.0,0.0,12243,0.0,1,-13.6,0,0,12243.0,38.1590350,-122.4533550,5.0,16.4,0,0,0
799.10,0.0,0.0,12243,0.0,1,-13.6,0,0,12243.0,38.1590350,-122.4533540,5.0,16.4,0,0,0
799.20,0.0,0.0,12243,0.0,1,-13.6,0,0,12243.0,38.1590340,-122.4533540,5.0,16.4,0,0,0
799.30,0.0,0.0,12243,0.0,1,-13.6,0,0,12243.0,38.1590350,-122.4533540,5.0,16.4,0,0,0
799.40,0.0,0.0,12243,0.0,1,-13.6,0,0,12243.0,38.1590350,-122.4533540,5.0,16.4,0,0,0
799.50,0.0,0.0,12243,0.0,1,-13.6,0,0,12243.0,38.1590340,-122.4533540,5.0,16.4,0,0,0
799.60,0.0,0.0,12243,0.0,1,-13.6,0,0,12243.0,38.1590340,-122.4533530,5.0,16.4,0,0,0
799.70,0.0,0.0,12243,0.0,1,-13.6,0,0,12243.0,38.1590340,-122.4533530,5.0,16.4,0,0,0
799.80,0.0,0.0,12243,0.0,1,-13.6,0,0,12243.0,38.1590340,-122.4533530,4.9,16.1,0,0,0
799.90,0.0,0.0,12243,0.0,1,-13.6,0,0,12243.0,38.1590340,-122.4533530,4.9,16.1,0,0,0
800.00,0.0,0.0,12243,0.0,1,-13.6,0,0,12243.0,38.1590350,-122.4533530,4.9,16.1,0,0,0
800.10,0.0,0.0,12243,0.0,1,-13.6,0,0,12243.0,38.1590350,-122.4533520,4.9,16.1,0,0,0
800.20,0.0,0.0,12243,0.0,1,-13.6,0,0,12243.0,38.1590350,-122.4533520,4.9,16.1,0,0,0
800.30,0.0,0.0,12243,0.0,1,-13.6,0,0,12243.0,38.1590350,-122.4533520,4.9,16.1,0,0,0
800.40,0.0,0.0,12243,0.0,1,-13.6,0,0,12243.0,38.1590350,-122.4533510,4.9,16.1,0,0,0
800.50,0.0,0.0,12243,0.0,1,-13.6,0,0,12243.0,38.1590350,-122.4533510,4.9,16.1,0,0,0
800.60,0.0,0.0,12243,0.0,1,-13.6,0,0,12243.0,38.1590350,-122.4533510,4.9,16.1,0,0,0
800.70,0.0,0.0,12243,0.0,1,-13.6,0,0,12243.0,38.1590360,-122.4533510,4.9,16.1,0,0,0
800.80,0.0,0.0,12243,0.0,1,-13.6,0,0,12243.0,38.1590360,-122.4533500,4.8,15.7,0,0,0
800.90,0.0,0.0,12243,0.0,1,-13.6,0,0,12243.0,38.1590360,-122.4533500,4.8,15.7,0,0,0
801.00,0.0,0.0,12243,0.0,1,-13.6,0,0,12243.0,38.1590360,-122.4533490,4.8,15.7,0,0,0
801.10,0.0,0.0,12243,0.0,1,-13.6,0,0,12243.0,38.1590360,-122.4533490,4.8,15.7,0,0,0
801.20,0.0,0.0,12243,0.0,1,-13.6,0,0,12243.0,38.1590360,-122.4533490,4.8,15.7,0,0,0
801.30,0.0,0.0,12243,0.0,1,-13.6,0,0,12243.0,38.1590360,-122.4533480,4.8,15.7,0,0,0
801.40,0.0,0.0,12243,0.0,1,-13.6,0,0,12243.0,38.1590360,-122.4533480,4.8,15.7,0,0,0
801.50,0.0,0.0,12243,0.0,1,-13.6,0,0,12243.0,38.1590360,-122.4533480,4.8,15.7,0,0,0
801.60,0.0,0.0,12243,0.0,1,-13.6,0,0,12243.0,38.1590360,-122.4533470,4.8,15.7,0,0,0
801.70,0.0,0.0,12243,0.0,1,-13.6,0,0,12243.0,38.1590360,-122.4533470,4.8,15.7,0,0,0
801.80,0.0,0.0,12243,0.0,1,-13.6,0,0,12243.0,38.1590360,-122.4533470,4.7,15.4,0,0,0
801.90,0.0,0.0,12243,0.0,1,-13.6,0,0,12243.0,38.1590360,-122.4533460,4.7,15.4,0,0,0
802.00,0.0,0.0,12243,0.0,1,-13.6,0,0,12243.0,38.1590360,-122.4533460,4.7,15.4,0,0,0
802.10,0.0,0.0,12243,0.0,1,-13.6,0,0,12243.0,38.1590360,-122.4533460,4.7,15.4,0,0,0
802.20,0.0,0.0,12243,0.0,1,-13.6,0,0,12243.0,38.1590360,-122.4533450,4.7,15.4,0,0,0
802.30,0.0,0.0,12243,0.0,1,-13.6,0,0,12243.0,38.1590360,-122.4533450,4.7,15.4,0,0,0
802.40,0.0,0.0,12243,0.0,1,-13.6,0,0,12243.0,38.1590360,-122.4533450,4.7,15.4,0,0,0
802.50,0.0,0.0,12243,0.0,1,-13.6,0,0,12243.0,38.1590360,-122.4533450,4.7,15.4,0,0,0
802.60,0.0,0.0,12243,0.0,1,-13.6,0,0,12243.0,38.1590360,-122.4533440,4.7,15.4,0,0,0
802.70,0.0,0.0,12243,0.0,1,-13.6,0,0,12243.0,38.1590360,-122.4533440,4.7,15.4,0,0,0
802.80,0.0,0.0,12243,0.0,1,-13.6,0,0,12243.0,38.1590360,-122.4533440,4.5,14.8,0,0,0
802.90,0.0,0.0,12243,0.0,1,-13.6,0,0,12243.0,38.1590360,-122.4533440,4.5,14.8,0,0,0
803.00,0.0,0.0,12243,0.0,1,-13.6,0,0,12243.0,38.1590360,-122.4533440,4.5,14.8,0,0,0
803.10,0.0,0.0,12243,0.0,1,-13.6,0,0,12243.0,38.1590360,-122.4533430,4.5,14.8,0,0,0
803.20,0.0,0.0,12243,0.0,1,-13.6,0,0,12243.0,38.1590360,-122.4533430,4.5,14.8,0,0,0
803.30,0.0,0.0,12243,0.0,1,-13.6,0,0,12243.0,38.1590360,-122.4533430,4.5,14.8,0,0,0
803.40,0.0,0.0,12243,0.0,1,-13.6,0,0,12243.0,38.1590360,-122.4533430,4.5,14.8,0,0,0
803.50,0.0,0.0,12243,0.0,1,-13.6,0,0,12243.0,38.1590360,-122.4533430,4.5,14.8,0,0,0
803.60,0.0,0.0,12243,0.0,1,-13.6,0,0,12243.0,38.1590360,-122.4533420,4.5,14.8,0,0,0
803.70,0.0,0.0,12243,0.0,1,-13.6,0,0,12243.0,38.1590350,-122.4533420,4.5,14.8,0,0,0
803.80,0.0,0.0,12243,0.0,1,-13.6,0,0,12243.0,38.1590350,-122.4533420,4.2,13.8,0,0,0
803.90,0.0,0.0,12243,0.0,1,-13.6,0,0,12243.0,38.1590350,-122.4533420,4.2,13.8,0,0,0
804.00,0.0,0.0,12243,0.0,1,-13.6,0,0,12243.0,38.1590350,-122.4533420,4.2,13.8,0,0,0
804.10,0.0,0.0,12243,0.0,1,-13.6,0,0,12243.0,38.1590350,-122.4533410,4.2,13.8,0,0,0
804.20,0.0,0.0,12243,0.0,1,-13.6,0,0,12243.0,38.1590350,-122.4533410,4.2,13.8,0,0,0
804.30,0.0,0.0,12243,0.0,1,-13.6,0,0,12243.0,38.1590350,-122.4533410,4.2,13.8,0,0,0
804.40,0.0,0.0,12243,0.0,1,-13.6,0,0,12243.0,38.1590350,-122.4533410,4.2,13.8,0,0,0
804.50,0.0,0.0,12243,0.0,1,-13.6,0,0,12243.0,38.1590340,-122.4533400,4.2,13.8,0,0,0
804.60,0.0,0.0,12243,0.0,1,-13.6,0,0,12243.0,38.1590340,-122.4533400,4.2,13.8,0,0,0
804.70,0.0,0.0,12243,0.0,1,-13.6,0,0,12243.0,38.1590340,-122.4533400,4.2,13.8,0,0,0
804.80,0.0,0.0,12243,0.0,1,-13.6,0,0,12243.0,38.1590340,-122.4533400,3.8,12.5,0,0,0
804.90,0.0,0.0,12243,0.0,1,-13.6,0,0,12243.0,38.1590340,-122.4533400,3.8,12.5,0,0,0
805.00,0.0,0.0,12243,0.0,1,-13.6,0,0,12243.0,38.1590340,-122.4533390,3.8,12.5,0,0,0
805.10,0.0,0.0,12243,0.0,1,-13.6,0,0,12243.0,38.1590340,-122.4533390,3.8,12.5,0,0,0
805.20,0.0,0.0,12243,0.0,1,-13.6,0,0,12243.0,38.1590340,-122.4533390,3.8,12.5,0,0,0
805.30,0.0,0.0,12243,0.0,1,-13.6,0,0,12243.0,38.1590340,-122.4533390,3.8,12.5,0,0,0
805.40,0.0,0.0,12243,0.0,1,-13.6,0,0,12243.0,38.1590340,-122.4533380,3.8,12.5,0,0,0
805.50,0.0,0.0,12243,0.0,1,-13.6,0,0,12243.0,38.1590340,-122.4533380,3.8,12.5,0,0,0
805.60,0.0,0.0,12243,0.0,1,-13.6,0,0,12243.0,38.1590340,-122.4533380,3.8,12.5,0,0,0
805.70,0.0,0.0,12243,0.0,1,-13.6,0,0,12243.0,38.1590330,-122.4533370,3.8,12.5,0,0,0
805.80,0.0,0.0,12243,0.0,1,-13.6,0,0,12243.0,38.1590340,-122.4533370,3.6,11.8,0,0,0
805.90,0.0,0.0,12243,0.0,1,-13.6,0,0,12243.0,38.1590330,-122.4533370,3.6,11.8,0,0,0
806.00,0.0,0.0,12243,0.0,1,-13.6,0,0,12243.0,38.1590330,-122.4533360,3.6,11.8,0,0,0
806.10,0.0,0.0,12243,0.0,1,-13.6,0,0,12243.0,38.1590330,-122.4533360,3.6,11.8,0,0,0
806.20,0.0,0.0,12243,0.0,1,-13.6,0,0,12243.0,38.1590330,-122.4533360,3.6,11.8,0,0,0
806.30,0.0,0.0,12243,0.0,1,-13.6,0,0,12243.0,38.1590340,-122.4533350,3.6,11.8,0,0,0
806.40,0.0,0.0,12243,0.0,1,-13.6,0,0,12243.0,38.1590330,-122.4533350,3.6,11.8,0,0,0
806.50,0.0,0.0,12243,0.0,1,-13.6,0,0,12243.0,38.1590330,-122.4533340,3.6,11.8,0,0,0
806.60,0.0,0.0,12243,0.0,1,-13.6,0,0,12243.0,38.1590330,-122.4533340,3.6,11.8,0,0,0
806.70,0.0,0.0,12243,0.0,1,-13.6,0,0,12243.0,38.1590330,-122.4533330,3.6,11.8,0,0,0
806.80,0.0,0.0,12243,0.0,1,-13.6,0,0,12243.0,38.1590330,-122.4533330,3.4,11.2,0,0,0
806.90,0.0,0.0,12243,0.0,1,-13.6,0,0,12243.0,38.1590330,-122.4533320,3.4,11.2,0,0,0
807.00,0.0,0.0,12243,0.0,1,-13.6,0,0,12243.0,38.1590330,-122.4533320,3.4,11.2,0,0,0
807.10,0.0,0.0,12243,0.0,1,-13.6,0,0,12243.0,38.1590330,-122.4533310,3.4,11.2,0,0,0
807.20,0.0,0.0,12243,0.0,1,-13.6,0,0,12243.0,38.1590330,-122.4533310,3.4,11.2,0,0,0
807.30,0.0,0.0,12243,0.0,1,-13.6,0,0,12243.0,38.1590330,-122.4533310,3.4,11.2,0,0,0
807.40,0.0,0.0,12243,0.0,1,-13.6,0,0,12243.0,38.1590330,-122.4533310,3.4,11.2,0,0,0
807.50,0.0,0.0,12243,0.0,1,-13.6,0,0,12243.0,38.1590320,-122.4533300,3.4,11.2,0,0,0
807.60,0.0,0.0,12243,0.0,1,-13.6,0,0,12243.0,38.1590320,-122.4533300,3.4,11.2,0,0,0
807.70,0.0,0.0,12243,0.0,1,-13.6,0,0,12243.0,38.1590320,-122.4533300,3.4,11.2,0,0,0
807.80,0.0,0.0,12243,0.0,1,-13.6,0,0,12243.0,38.1590320,-122.4533290,3.2,10.5,0,0,0
807.90,0.0,0.0,12243,0.0,1,-13.6,0,0,12243.0,38.1590320,-122.4533290,3.2,10.5,0,0,0
808.00,0.0,0.0,12243,0.0,1,-13.6,0,0,12243.0,38.1590320,-122.4533290,3.2,10.5,0,0,0
808.10,0.0,0.0,12243,0.0,1,-13.6,0,0,12243.0,38.1590320,-122.4533280,3.2,10.5,0,0,0
808.20,0.0,0.0,12243,0.0,1,-13.6,0,0,12243.0,38.1590320,-122.4533280,3.2,10.5,0,0,0
808.30,0.0,0.0,12243,0.0,1,-13.6,0,0,12243.0,38.1590320,-122.4533280,3.2,10.5,0,0,0
808.40,0.0,0.0,12243,0.0,1,-13.6,0,0,12243.0,38.1590320,-122.4533280,3.2,10.5,0,0,0
808.50,0.0,0.0,12243,0.0,1,-13.6,0,0,12243.0,38.1590320,-122.4533280,3.2,10.5,0,0,0
808.60,0.0,0.0,12243,0.0,1,-13.6,0,0,12243.0,38.1590320,-122.4533280,3.2,10.5,0,0,0
808.70,0.0,0.0,12243,0.0,1,-13.6,0,0,12243.0,38.1590320,-122.4533280,3.2,10.5,0,0,0
808.80,0.0,0.0,12243,0.0,1,-13.6,0,0,12243.0,38.1590320,-122.4533280,3.0,9.8,0,0,0
808.90,0.0,0.0,12243,0.0,1,-13.6,0,0,12243.0,38.1590320,-122.4533270,3.0,9.8,0,0,0
809.00,0.0,0.0,12243,0.0,1,-13.6,0,0,12243.0,38.1590320,-122.4533270,3.0,9.8,0,0,0
809.10,0.0,0.0,12243,0.0,1,-13.6,0,0,12243.0,38.1590320,-122.4533270,3.0,9.8,0,0,0
809.20,0.0,0.0,12243,0.0,1,-13.6,0,0,12243.0,38.1590320,-122.4533270,3.0,9.8,0,0,0
809.30,0.0,0.0,12243,0.0,1,-13.6,0,0,12243.0,38.1590320,-122.4533270,3.0,9.8,0,0,0
809.40,0.0,0.0,12243,0.0,1,-13.6,0,0,12243.0,38.1590320,-122.4533270,3.0,9.8,0,0,0
809.50,0.0,0.0,12243,0.0,1,-13.6,0,0,12243.0,38.1590320,-122.4533260,3.0,9.8,0,0,0
809.60,0.0,0.0,12243,0.0,1,-13.6,0,0,12243.0,38.1590320,-122.4533260,3.0,9.8,0,0,0
809.70,0.0,0.0,12243,0.0,1,-13.6,0,0,12243.0,38.1590320,-122.4533260,3.0,9.8,0,0,0
809.80,0.0,0.0,12243,0.0,1,-13.6,0,0,12243.0,38.1590320,-122.4533260,2.8,9.2,0,0,0
809.90,0.0,0.0,12243,0.0,1,-13.6,0,0,12243.0,38.1590320,-122.4533260,2.8,9.2,0,0,0
810.00,0.0,0.0,12243,0.0,1,-13.6,0,0,12243.0,38.1590320,-122.4533250,2.8,9.2,0,0,0
810.10,0.0,0.0,12243,0.0,1,-13.6,0,0,12243.0,38.1590320,-122.4533250,2.8,9.2,0,0,0
810.20,0.0,0.0,12243,0.0,1,-13.6,0,0,12243.0,38.1590310,-122.4533250,2.8,9.2,0,0,0
810.30,0.0,0.0,12243,0.0,1,-13.6,0,0,12243.0,38.1590310,-122.4533250,2.8,9.2,0,0,0
810.40,0.0,0.0,12243,0.0,1,-13.6,0,0,12243.0,38.1590310,-122.4533250,2.8,9.2,0,0,0
810.50,0.0,0.0,12243,0.0,1,-13.6,0,0,12243.0,38.1590310,-122.4533240,2.8,9.2,0,0,0
810.60,0.0,0.0,12243,0.0,1,-13.6,0,0,12243.0,38.1590310,-122.4533240,2.8,9.2,0,0,0
810.70,0.0,0.0,12243,0.0,1,-13.6,0,0,12243.0,38.1590310,-122.4533240,2.8,9.2,0,0,0
810.80,0.0,0.0,12243,0.0,1,-13.6,0,0,12243.0,38.1590310,-122.4533240,2.5,8.2,0,0,0
810.90,0.0,0.0,12243,0.0,1,-13.6,0,0,12243.0,38.1590310,-122.4533230,2.5,8.2,0,0,0
811.00,0.0,0.0,12243,0.0,1,-13.6,0,0,12243.0,38.1590300,-122.4533230,2.5,8.2,0,0,0
811.10,0.0,0.0,12243,0.0,1,-13.6,0,0,12243.0,38.1590300,-122.4533230,2.5,8.2,0,0,0
811.20,0.0,0.0,12243,0.0,1,-13.6,0,0,12243.0,38.1590300,-122.4533220,2.5,8.2,0,0,0
811.30,0.0,0.0,12243,0.0,1,-13.6,0,0,12243.0,38.1590300,-122.4533220,2.5,8.2,0,0,0
811.40,0.0,0.0,12243,0.0,1,-13.6,0,0,12243.0,38.1590300,-122.4533220,2.5,8.2,0,0,0
811.50,0.0,0.0,12243,0.0,1,-13.6,0,0,12243.0,38.1590290,-122.4533210,2.5,8.2,0,0,0
811.60,0.0,0.0,12243,0.0,1,-13.6,0,0,12243.0,38.1590290,-122.4533210,2.5,8.2,0,0,0
811.70,0.0,0.0,12243,0.0,1,-13.6,0,0,12243.0,38.1590290,-122.4533200,2.5,8.2,0,0,0
811.80,0.0,0.0,12243,0.0,1,-13.6,0,0,12243.0,38.1590280,-122.4533200,2.1,6.9,0,0,0
811.90,0.0,0.0,12243,0.0,1,-13.6,0,0,12243.0,38.1590280,-122.4533200,2.1,6.9,0,0,0
812.00,0.0,0.0,12243,0.0,1,-13.6,0,0,12243.0,38.1590280,-122.4533190,2.1,6.9,0,0,0
812.10,0.0,0.0,12243,0.0,1,-13.6,0,0,12243.0,38.1590280,-122.4533190,2.1,6.9,0,0,0
812.20,0.0,0.0,12243,0.0,1,-13.6,0,0,12243.0,38.1590270,-122.4533180,2.1,6.9,0,0,0
812.30,0.0,0.0,12243,0.0,1,-13.6,0,0,12243.0,38.1590270,-122.4533180,2.1,6.9,0,0,0
812.40,0.0,0.0,12243,0.0,1,-13.6,0,0,12243.0,38.1590270,-122.4533180,2.1,6.9,0,0,0
812.50,0.0,0.0,12243,0.0,1,-13.6,0,0,12243.0,38.1590270,-122.4533170,2.1,6.9,0,0,0
812.60,0.0,0.0,12243,0.0,1,-13.6,0,0,12243.0,38.1590270,-122.4533170,2.1,6.9,0,0,0
812.70,0.0,0.0,12243,0.0,1,-13.6,0,0,12243.0,38.1590270,-122.4533170,2.1,6.9,0,0,0
812.80,0.0,0.0,12243,0.0,1,-13.6,0,0,12243.0,38.1590270,-122.4533160,1.8,5.9,0,0,0
812.90,0.0,0.0,12243,0.0,1,-13.6,0,0,12243.0,38.1590260,-122.4533160,1.8,5.9,0,0,0
813.00,0.0,0.0,12243,0.0,1,-13.6,0,0,12243.0,38.1590260,-122.4533160,1.8,5.9,0,0,0
813.10,0.0,0.0,12243,0.0,1,-13.6,0,0,12243.0,38.1590260,-122.4533160,1.8,5.9,0,0,0
813.20,0.0,0.0,12243,0.0,1,-13.6,0,0,12243.0,38.1590260,-122.4533150,1.8,5.9,0,0,0
813.30,0.0,0.0,12243,0.0,1,-13.6,0,0,12243.0,38.1590260,-122.4533150,1.8,5.9,0,0,0
813.40,0.0,0.0,12243,0.0,1,-13.6,0,0,12243.0,38.1590260,-122.4533150,1.8,5.9,0,0,0
813.50,0.0,0.0,12243,0.0,1,-13.6,0,0,12243.0,38.1590260,-122.4533140,1.8,5.9,0,0,0
813.60,0.0,0.0,12243,0.0,1,-13.6,0,0,12243.0,38.1590260,-122.4533140,1.8,5.9,0,0,0
813.70,0.0,0.0,12243,0.0,1,-13.6,0,0,12243.0,38.1590250,-122.4533140,1.8,5.9,0,0,0
813.80,0.0,0.0,12243,0.0,1,-13.6,0,0,12243.0,38.1590260,-122.4533130,1.6,5.2,0,0,0
813.90,0.0,0.0,12243,0.0,1,-13.6,0,0,12243.0,38.1590250,-122.4533130,1.6,5.2,0,0,0
814.00,0.0,0.0,12243,0.0,1,-13.6,0,0,12243.0,38.1590250,-122.4533130,1.6,5.2,0,0,0
814.10,0.0,0.0,12243,0.0,1,-13.6,0,0,12243.0,38.1590250,-122.4533130,1.6,5.2,0,0,0
814.20,0.0,0.0,12243,0.0,1,-13.6,0,0,12243.0,38.1590250,-122.4533120,1.6,5.2,0,0,0
814.30,0.0,0.0,12243,0.0,1,-13.6,0,0,12243.0,38.1590250,-122.4533120,1.6,5.2,0,0,0
814.40,0.0,0.0,12243,0.0,1,-13.6,0,0,12243.0,38.1590240,-122.4533120,1.6,5.2,0,0,0
814.50,0.0,0.0,12243,0.0,1,-13.6,0,0,12243.0,38.1590240,-122.4533120,1.6,5.2,0,0,0
814.60,0.0,0.0,12243,0.0,1,-13.7,0,0,12243.0,38.1590240,-122.4533110,1.6,5.2,0,0,0
814.70,0.0,0.0,12243,0.0,1,-13.6,0,0,12243.0,38.1590240,-122.4533110,1.6,5.2,0,0,0
814.80,0.0,0.0,12243,0.0,1,-13.7,0,0,12243.0,38.1590240,-122.4533110,1.3,4.3,0,0,0
814.90,0.0,0.0,12243,0.0,1,-13.6,0,0,12243.0,38.1590240,-122.4533110,1.3,4.3,0,0,0
815.00,0.0,0.0,12243,0.0,1,-13.7,0,0,12243.0,38.1590240,-122.4533110,1.3,4.3,0,0,0
815.10,0.0,0.0,12243,0.0,1,-13.6,0,0,12243.0,38.1590240,-122.4533110,1.3,4.3,0,0,0
815.20,0.0,0.0,12243,0.0,1,-13.7,0,0,12243.0,38.1590240,-122.4533100,1.3,4.3,0,0,0
815.30,0.0,0.0,12243,0.0,1,-13.6,0,0,12243.0,38.1590240,-122.4533100,1.3,4.3,0,0,0
815.40,0.0,0.0,12243,0.0,1,-13.6,0,0,12243.0,38.1590230,-122.4533100,1.3,4.3,0,0,0
815.50,0.0,0.0,12243,0.0,1,-13.6,0,0,12243.0,38.1590230,-122.4533100,1.3,4.3,0,0,0
815.60,0.0,0.0,12243,0.0,1,-13.7,0,0,12243.0,38.1590230,-122.4533090,1.3,4.3,0,0,0
815.70,0.0,0.0,12243,0.0,1,-13.6,0,0,12243.0,38.1590230,-122.4533090,1.3,4.3,0,0,0
815.80,0.0,0.0,12243,0.0,1,-13.6,0,0,12243.0,38.1590230,-122.4533090,1.0,3.3,0,0,0
815.90,0.0,0.0,12243,0.0,1,-13.6,0,0,12243.0,38.1590230,-122.4533080,1.0,3.3,0,0,0
816.00,0.0,0.0,12243,0.0,1,-13.7,0,0,12243.0,38.1590230,-122.4533080,1.0,3.3,0,0,0
816.10,0.0,0.0,12243,0.0,1,-13.6,0,0,12243.0,38.1590230,-122.4533080,1.0,3.3,0,0,0
816.20,0.0,0.0,12243,0.0,1,-13.6,0,0,12243.0,38.1590230,-122.4533080,1.0,3.3,0,0,0
816.30,0.0,0.0,12243,0.0,1,-13.6,0,0,12243.0,38.1590230,-122.4533080,1.0,3.3,0,0,0
816.40,0.0,0.0,12243,0.0,1,-13.6,0,0,12243.0,38.1590230,-122.4533080,1.0,3.3,0,0,0
816.50,0.0,0.0,12243,0.0,1,-13.6,0,0,12243.0,38.1590230,-122.4533080,1.0,3.3,0,0,0
816.60,0.0,0.0,12243,0.0,1,-13.6,0,0,12243.0,38.1590230,-122.4533070,1.0,3.3,0,0,0
816.70,0.0,0.0,12243,0.0,1,-13.6,0,0,12243.0,38.1590230,-122.4533070,1.0,3.3,0,0,0
816.80,0.0,0.0,12243,0.0,1,-13.7,0,0,12243.0,38.1590230,-122.4533070,0.9,3.0,0,0,0
816.90,0.0,0.0,12243,0.0,1,-13.7,0,0,12243.0,38.1590220,-122.4533070,0.9,3.0,0,0,0
817.00,0.0,0.0,12243,0.0,1,-13.7,0,0,12243.0,38.1590220,-122.4533070,0.9,3.0,0,0,0
817.10,0.0,0.0,12243,0.0,1,-13.7,0,0,12243.0,38.1590220,-122.4533060,0.9,3.0,0,0,0
817.20,0.0,0.0,12243,0.0,1,-13.6,0,0,12243.0,38.1590220,-122.4533060,0.9,3.0,0,0,0
817.30,0.0,0.0,12243,0.0,1,-13.7,0,0,12243.0,38.1590220,-122.4533050,0.9,3.0,0,0,0
817.40,0.0,0.0,12243,0.0,1,-13.6,0,0,12243.0,38.1590210,-122.4533050,0.9,3.0,0,0,0
817.50,0.0,0.0,12243,0.0,1,-13.7,0,0,12243.0,38.1590210,-122.4533050,0.9,3.0,0,0,0
817.60,0.0,0.0,12243,0.0,1,-13.6,0,0,12243.0,38.1590220,-122.4533050,0.9,3.0,0,0,0
817.70,0.0,0.0,12243,0.0,1,-13.7,0,0,12243.0,38.1590220,-122.4533040,0.9,3.0,0,0,0
817.80,0.0,0.0,12243,0.0,1,-13.7,0,0,12243.0,38.1590220,-122.4533040,0.7,2.3,0,0,0
817.90,0.0,0.0,12243,0.0,1,-13.7,0,0,12243.0,38.1590220,-122.4533040,0.7,2.3,0,0,0
818.00,0.0,0.0,12243,0.0,1,-13.7,0,0,12243.0,38.1590220,-122.4533040,0.7,2.3,0,0,0
818.10,0.0,0.0,12243,0.0,1,-13.7,0,0,12243.0,38.1590220,-122.4533040,0.7,2.3,0,0,0
818.20,0.0,0.0,12243,0.0,1,-13.7,0,0,12243.0,38.1590220,-122.4533030,0.7,2.3,0,0,0
818.30,0.0,0.0,12243,0.0,1,-13.7,0,0,12243.0,38.1590220,-122.4533030,0.7,2.3,0,0,0
818.40,0.0,0.0,12243,0.0,1,-13.7,0,0,12243.0,38.1590220,-122.4533030,0.7,2.3,0,0,0
818.50,0.0,0.0,12243,0.0,1,-13.7,0,0,12243.0,38.1590220,-122.4533030,0.7,2.3,0,0,0
818.60,0.0,0.0,12243,0.0,1,-13.7,0,0,12243.0,38.1590220,-122.4533030,0.7,2.3,0,0,0
818.70,0.0,0.0,12243,0.0,1,-13.7,0,0,12243.0,38.1590220,-122.4533030,0.7,2.3,0,0,0
818.80,0.0,0.0,12243,0.0,1,-13.7,0,0,12243.0,38.1590220,-122.4533030,0.6,2.0,0,0,0
818.90,0.0,0.0,12243,0.0,1,-13.7,0,0,12243.0,38.1590220,-122.4533030,0.6,2.0,0,0,0
819.00,0.0,0.0,12243,0.0,1,-13.7,0,0,12243.0,38.1590220,-122.4533030,0.6,2.0,0,0,0
819.10,0.0,0.0,12243,0.0,1,-13.7,0,0,12243.0,38.1590220,-122.4533030,0.6,2.0,0,0,0
819.20,0.0,0.0,12243,0.0,1,-13.7,0,0,12243.0,38.1590230,-122.4533020,0.6,2.0,0,0,0
819.30,0.0,0.0,12243,0.0,1,-13.7,0,0,12243.0,38.1590220,-122.4533020,0.6,2.0,0,0,0
819.40,0.0,0.0,12243,0.0,1,-13.7,0,0,12243.0,38.1590230,-122.4533020,0.6,2.0,0,0,0
819.50,0.0,0.0,12243,0.0,1,-13.7,0,0,12243.0,38.1590230,-122.4533020,0.6,2.0,0,0,0
819.60,0.0,0.0,12243,0.0,1,-13.7,0,0,12243.0,38.1590230,-122.4533020,0.6,2.0,0,0,0
819.70,0.0,0.0,12243,0.0,1,-13.7,0,0,12243.0,38.1590220,-122.4533020,0.6,2.0,0,0,0
819.80,0.0,0.0,12243,0.0,1,-13.7,0,0,12243.0,38.1590220,-122.4533020,0.6,2.0,0,0,0
819.90,0.0,0.0,12243,0.0,1,-13.7,0,0,12243.0,38.1590220,-122.4533010,0.6,2.0,0,0,0
820.00,0.0,0.0,12243,0.0,1,-13.7,0,0,12243.0,38.1590220,-122.4533020,0.6,2.0,0,0,0
820.10,0.0,0.0,12243,0.0,1,-13.7,0,0,12243.0,38.1590220,-122.4533010,0.6,2.0,0,0,0
820.20,0.0,0.0,12243,0.0,1,-13.7,0,0,12243.0,38.1590220,-122.4533010,0.6,2.0,0,0,0
820.30,0.0,0.0,12243,0.0,1,-13.7,0,0,12243.0,38.1590220,-122.4533010,0.6,2.0,0,0,0
820.40,0.0,0.0,12243,0.0,1,-13.7,0,0,12243.0,38.1590220,-122.4533010,0.6,2.0,0,0,0
820.50,0.0,0.0,12243,0.0,1,-13.7,0,0,12243.0,38.1590220,-122.4533010,0.6,2.0,0,0,0
820.60,0.0,0.0,12243,0.0,1,-13.7,0,0,12243.0,38.1590220,-122.4533010,0.6,2.0,0,0,0
820.70,0.0,0.0,12243,0.0,1,-13.7,0,0,12243.0,38.1590220,-122.4533000,0.6,2.0,0,0,0
820.80,0.0,0.0,12243,0.0,1,-13.7,0,0,12243.0,38.1590220,-122.4533000,0.4,1.3,0,0,0
820.90,0.0,0.0,12243,0.0,1,-13.7,0,0,12243.0,38.1590220,-122.4533000,0.4,1.3,0,0,0
821.00,0.0,0.0,12243,0.0,1,-13.7,0,0,12243.0,38.1590220,-122.4533000,0.4,1.3,0,0,0
821.10,0.0,0.0,12243,0.0,1,-13.7,0,0,12243.0,38.1590220,-122.4533000,0.4,1.3,0,0,0
821.20,0.0,0.0,12243,0.0,1,-13.7,0,0,12243.0,38.1590220,-122.4533000,0.4,1.3,0,0,0
821.30,0.0,0.0,12243,0.0,1,-13.7,0,0,12243.0,38.1590220,-122.4533000,0.4,1.3,0,0,0
821.40,0.0,0.0,12243,0.0,1,-13.7,0,0,12243.0,38.1590220,-122.4533000,0.4,1.3,0,0,0
821.50,0.0,0.0,12243,0.0,1,-13.7,0,0,12243.0,38.1590220,-122.4533000,0.4,1.3,0,0,0
821.60,0.0,0.0,12243,0.0,1,-13.7,0,0,12243.0,38.1590220,-122.4533000,0.4,1.3,0,0,0
821.70,0.0,0.0,12243,0.0,1,-13.7,0,0,12243.0,38.1590220,-122.4533000,0.4,1.3,0,0,0
821.80,0.0,0.0,12243,0.0,1,-13.7,0,0,12243.0,38.1590220,-122.4533000,0.3,1.0,0,0,0
821.90,0.0,0.0,12243,0.0,1,-13.7,0,0,12243.0,38.1590220,-122.4533000,0.3,1.0,0,0,0
822.00,0.0,0.0,12243,0.0,1,-13.7,0,0,12243.0,38.1590220,-122.4533000,0.3,1.0,0,0,0
822.10,0.0,0.0,12243,0.0,1,-13.7,0,0,12243.0,38.1590220,-122.4532990,0.3,1.0,0,0,0
822.20,0.0,0.0,12243,0.0,1,-13.7,0,0,12243.0,38.1590220,-122.4532990,0.3,1.0,0,0,0
822.30,0.0,0.0,12243,0.0,1,-13.7,0,0,12243.0,38.1590220,-122.4532990,0.3,1.0,0,0,0
822.40,0.0,0.0,12243,0.0,1,-13.7,0,0,12243.0,38.1590220,-122.4532990,0.3,1.0,0,0,0
822.50,0.0,0.0,12243,0.0,1,-13.7,0,0,12243.0,38.1590220,-122.4532990,0.3,1.0,0,0,0
822.60,0.0,0.0,12243,0.0,1,-13.7,0,0,12243.0,38.1590220,-122.4532990,0.3,1.0,0,0,0
822.70,0.0,0.0,12243,0.0,1,-13.7,0,0,12243.0,38.1590220,-122.4532990,0.3,1.0,0,0,0
822.80,0.0,0.0,12243,0.0,1,-13.7,0,0,12243.0,38.1590220,-122.4532990,0.2,0.7,0,0,0
822.90,0.0,0.0,12243,0.0,1,-13.7,0,0,12243.0,38.1590220,-122.4532990,0.2,0.7,0,0,0
823.00,0.0,0.0,12243,0.0,1,-13.7,0,0,12243.0,38.1590220,-122.4532990,0.2,0.7,0,0,0
823.10,0.0,0.0,12243,0.0,1,-13.7,0,0,12243.0,38.1590220,-122.4532990,0.2,0.7,0,0,0
823.20,0.0,0.0,12243,0.0,1,-13.7,0,0,12243.0,38.1590220,-122.4532990,0.2,0.7,0,0,0
823.30,0.0,0.0,12243,0.0,1,-13.7,0,0,12243.0,38.1590220,-122.4532990,0.2,0.7,0,0,0
823.40,0.0,0.0,12243,0.0,1,-13.7,0,0,12243.0,38.1590230,-122.4532990,0.2,0.7,0,0,0
823.50,0.0,0.0,12243,0.0,1,-13.7,0,0,12243.0,38.1590230,-122.4532990,0.2,0.7,0,0,0
823.60,0.0,0.0,12243,0.0,1,-13.7,0,0,12243.0,38.1590230,-122.4532990,0.2,0.7,0,0,0
823.70,0.0,0.0,12243,0.0,1,-13.7,0,0,12243.0,38.1590230,-122.4532990,0.2,0.7,0,0,0
823.80,0.0,0.0,12243,0.0,1,-13.7,0,0,12243.0,38.1590230,-122.4532990,0.2,0.7,0,0,0
823.90,0.0,0.0,12243,0.0,1,-13.7,0,0,12243.0,38.1590220,-122.4532990,0.2,0.7,0,0,0
824.00,0.0,0.0,12243,0.0,1,-13.7,0,0,12243.0,38.1590220,-122.4532990,0.2,0.7,0,0,0
824.10,0.0,0.0,12243,0.0,1,-13.7,0,0,12243.0,38.1590220,-122.4532990,0.2,0.7,0,0,0
824.20,0.0,0.0,12243,0.0,1,-13.7,0,0,12243.0,38.1590220,-122.4532980,0.2,0.7,0,0,0
824.30,0.0,0.0,12243,0.0,1,-13.7,0,0,12243.0,38.1590220,-122.4532980,0.2,0.7,0,0,0
824.40,0.0,0.0,12243,0.0,1,-13.7,0,0,12243.0,38.1590220,-122.4532980,0.2,0.7,0,0,0
824.50,0.0,0.0,12243,0.0,1,-13.7,0,0,12243.0,38.1590220,-122.4532980,0.2,0.7,0,0,0
824.60,0.0,0.0,12243,0.0,1,-13.7,0,0,12243.0,38.1590230,-122.4532970,0.2,0.7,0,0,0
824.70,0.0,0.0,12243,0.0,1,-13.7,0,0,12243.0,38.1590230,-122.4532970,0.2,0.7,0,0,0
824.80,0.0,0.0,12243,0.0,1,-13.7,0,0,12243.0,38.1590230,-122.4532970,0.0,0.0,0,0,0
824.90,0.0,0.0,12243,0.0,1,-13.7,0,0,12243.0,38.1590230,-122.4532970,0.0,0.0,0,0,0
825.00,0.0,0.0,12243,0.0,1,-13.7,0,0,12243.0,38.1590230,-122.4532970,0.0,0.0,0,0,0
825.10,0.0,0.0,12243,0.0,1,-13.7,0,0,12243.0,38.1590230,-122.4532970,0.0,0.0,0,0,0
825.20,0.0,0.0,12243,0.0,1,-13.7,0,0,12243.0,38.1590240,-122.4532970,0.0,0.0,0,0,0
825.30,0.0,0.0,12243,0.0,1,-13.7,0,0,12243.0,38.1590240,-122.4532970,0.0,0.0,0,0,0
825.40,0.0,0.0,12243,0.0,1,-13.7,0,0,12243.0,38.1590240,-122.4532970,0.0,0.0,0,0,0
825.50,0.0,0.0,12243,0.0,1,-13.7,0,0,12243.0,38.1590240,-122.4532970,0.0,0.0,0,0,0
825.60,0.0,0.0,12243,0.0,1,-13.7,0,0,12243.0,38.1590240,-122.4532970,0.0,0.0,0,0,0
825.70,0.0,0.0,12243,0.0,1,-13.7,0,0,12243.0,38.1590240,-122.4532960,0.0,0.0,0,0,0
825.80,0.0,0.0,12243,0.0,1,-13.7,0,0,12243.0,38.1590240,-122.4532960,0.1,0.3,0,0,0
825.90,0.0,0.0,12243,0.0,1,-13.7,0,0,12243.0,38.1590240,-122.4532960,0.1,0.3,0,0,0
826.00,0.0,0.0,12243,0.0,1,-13.7,0,0,12243.0,38.1590240,-122.4532960,0.1,0.3,0,0,0
826.10,0.0,0.0,12243,0.0,1,-13.7,0,0,12243.0,38.1590240,-122.4532960,0.1,0.3,0,0,0
826.20,0.0,0.0,12243,0.0,1,-13.7,0,0,12243.0,38.1590240,-122.4532950,0.1,0.3,0,0,0
826.30,0.0,0.0,12243,0.0,1,-13.7,0,0,12243.0,38.1590240,-122.4532950,0.1,0.3,0,0,0
826.40,0.0,0.0,12243,0.0,1,-13.7,0,0,12243.0,38.1590240,-122.4532950,0.1,0.3,0,0,0
826.50,0.0,0.0,12243,0.0,1,-13.7,0,0,12243.0,38.1590240,-122.4532950,0.1,0.3,0,0,0
826.60,0.0,0.0,12243,0.0,1,-13.7,0,0,12243.0,38.1590240,-122.4532950,0.1,0.3,0,0,0
826.70,0.0,0.0,12243,0.0,1,-13.7,0,0,12243.0,38.1590240,-122.4532950,0.1,0.3,0,0,0
826.80,0.0,0.0,12243,0.0,1,-13.7,0,0,12243.0,38.1590240,-122.4532950,6553.5,21501.0,0,0,0
826.90,0.0,0.0,12243,0.0,1,-13.7,0,0,12243.0,38.1590240,-122.4532950,6553.5,21501.0,0,0,0
827.00,0.0,0.0,12243,0.0,1,-13.7,0,0,12243.0,38.1590240,-122.4532950,6553.5,21501.0,0,0,0
827.10,0.0,0.0,12243,0.0,1,-13.7,0,0,12243.0,38.1590250,-122.4532950,6553.5,21501.0,0,0,0
827.20,0.0,0.0,12243,0.0,1,-13.7,0,0,12243.0,38.1590250,-122.4532950,6553.5,21501.0,0,0,0
827.30,0.0,0.0,12243,0.0,1,-13.7,0,0,12243.0,38.1590250,-122.4532950,6553.5,21501.0,0,0,0
827.40,0.0,0.0,12243,0.0,1,-13.7,0,0,12243.0,38.1590250,-122.4532950,6553.5,21501.0,0,0,0
827.50,0.0,0.0,12243,0.0,1,-13.7,0,0,12243.0,38.1590250,-122.4532950,6553.5,21501.0,0,0,0
827.60,0.0,0.0,12243,0.0,1,-13.7,0,0,12243.0,38.1590250,-122.4532950,6553.5,21501.0,0,0,0
827.70,0.0,0.0,12243,0.0,1,-13.7,0,0,12243.0,38.1590250,-122.4532950,6553.5,21501.0,0,0,0
827.80,0.0,0.0,12243,0.0,1,-13.7,0,0,12243.0,38.1590250,-122.4532950,6553.3,21500.3,0,0,0
827.90,0.0,0.0,12243,0.0,1,-13.7,0,0,12243.0,38.1590250,-122.4532950,6553.3,21500.3,0,0,0
828.00,0.0,0.0,12243,0.0,1,-13.7,0,0,12243.0,38.1590250,-122.4532950,6553.3,21500.3,0,0,0
828.10,0.0,0.0,12243,0.0,1,-13.7,0,0,12243.0,38.1590250,-122.4532950,6553.3,21500.3,0,0,0
828.20,0.0,0.0,12243,0.0,1,-13.7,0,0,12243.0,38.1590260,-122.4532950,6553.3,21500.3,0,0,0
828.30,0.0,0.0,12243,0.0,1,-13.7,0,0,12243.0,38.1590260,-122.4532950,6553.3,21500.3,0,0,0
828.40,0.0,0.0,12243,0.0,1,-13.7,0,0,12243.0,38.1590260,-122.4532950,6553.3,21500.3,0,0,0
828.50,0.0,0.0,12243,0.0,1,-13.7,0,0,12243.0,38.1590260,-122.4532950,6553.3,21500.3,0,0,0
828.60,0.0,0.0,12243,0.0,1,-13.7,0,0,12243.0,38.1590260,-122.4532950,6553.3,21500.3,0,0,0
828.70,0.0,0.0,12243,0.0,1,-13.7,0,0,12243.0,38.1590260,-122.4532950,6553.3,21500.3,0,0,0
828.80,0.0,0.0,12243,0.0,1,-13.7,0,0,12243.0,38.1590260,-122.4532950,6553.2,21500.0,0,0,0
828.90,0.0,0.0,12243,0.0,1,-13.7,0,0,12243.0,38.1590270,-122.4532950,6553.2,21500.0,0,0,0
829.00,0.0,0.0,12243,0.0,1,-13.7,0,0,12243.0,38.1590270,-122.4532950,6553.2,21500.0,0,0,0
829.10,0.0,0.0,12243,0.0,1,-13.7,0,0,12243.0,38.1590270,-122.4532950,6553.2,21500.0,0,0,0
829.20,0.0,0.0,12243,0.0,1,-13.7,0,0,12243.0,38.1590270,-122.4532950,6553.2,21500.0,0,0,0
829.30,0.0,0.0,12243,0.0,1,-13.7,0,0,12243.0,38.1590270,-122.4532950,6553.2,21500.0,0,0,0
829.40,0.0,0.0,12243,0.0,1,-13.7,0,0,12243.0,38.1590280,-122.4532950,6553.2,21500.0,0,0,0
829.50,0.0,0.0,12243,0.0,1,-13.7,0,0,12243.0,38.1590280,-122.4532950,6553.2,21500.0,0,0,0
829.60,0.0,0.0,12243,0.0,1,-13.7,0,0,12243.0,38.1590280,-122.4532950,6553.2,21500.0,0,0,0
829.70,0.0,0.0,12243,0.0,1,-13.7,0,0,12243.0,38.1590280,-122.4532950,6553.2,21500.0,0,0,0
829.80,0.0,0.0,12243,0.0,1,-13.7,0,0,12243.0,38.1590290,-122.4532950,6553.1,21499.7,0,0,0
829.90,0.0,0.0,12243,0.0,1,-13.7,0,0,12243.0,38.1590290,-122.4532950,6553.1,21499.7,0,0,0
830.00,0.0,0.0,12243,0.0,1,-13.7,0,0,12243.0,38.1590290,-122.4532960,6553.1,21499.7,0,0,0
830.10,0.0,0.0,12243,0.0,1,-13.7,0,0,12243.0,38.1590300,-122.4532960,6553.1,21499.7,0,0,0
830.20,0.0,0.0,12243,0.0,1,-13.7,0,0,12243.0,38.1590300,-122.4532960,6553.1,21499.7,0,0,0
830.30,0.0,0.0,12243,0.0,1,-13.7,0,0,12243.0,38.1590300,-122.4532960,6553.1,21499.7,0,0,0
830.40,0.0,0.0,12243,0.0,1,-13.7,0,0,12243.0,38.1590300,-122.4532960,6553.1,21499.7,0,0,0
830.50,0.0,0.0,12243,0.0,1,-13.7,0,0,12243.0,38.1590310,-122.4532960,6553.1,21499.7,0,0,0
830.60,0.0,0.0,12243,0.0,1,-13.7,0,0,12243.0,38.1590310,-122.4532960,6553.1,21499.7,0,0,0
830.70,0.0,0.0,12243,0.0,1,-13.7,0,0,12243.0,38.1590310,-122.4532960,6553.1,21499.7,0,0,0
830.80,0.0,0.0,12243,0.0,1,-13.6,0,0,12243.0,38.1590320,-122.4532960,6553.0,21499.3,0,0,0
830.90,0.0,0.0,12243,0.0,1,-13.7,0,0,12243.0,38.1590320,-122.4532960,6553.0,21499.3,0,0,0
831.00,0.0,0.0,12243,0.0,1,-13.7,0,0,12243.0,38.1590320,-122.4532960,6553.0,21499.3,0,0,0
831.10,0.0,0.0,12243,0.0,1,-13.7,0,0,12243.0,38.1590320,-122.4532960,6553.0,21499.3,0,0,0
831.20,0.0,0.0,12243,0.0,1,-13.7,0,0,12243.0,38.1590320,-122.4532960,6553.0,21499.3,0,0,0
831.30,0.0,0.0,12243,0.0,1,-13.7,0,0,12243.0,38.1590320,-122.4532960,6553.0,21499.3,0,0,0
831.40,0.0,0.0,12243,0.0,1,-13.7,0,0,12243.0,38.1590320,-122.4532960,6553.0,21499.3,0,0,0
831.50,0.0,0.0,12243,0.0,1,-13.7,0,0,12243.0,38.1590330,-122.4532960,6553.0,21499.3,0,0,0
831.60,0.0,0.0,12243,0.0,1,-13.7,0,0,12243.0,38.1590330,-122.4532960,6553.0,21499.3,0,0,0
831.70,0.0,0.0,12243,0.0,1,-13.7,0,0,12243.0,38.1590330,-122.4532960,6553.0,21499.3,0,0,0
831.80,0.0,0.0,12243,0.0,1,-13.7,0,0,12243.0,38.1590330,-122.4532960,6552.8,21498.7,0,0,0
831.90,0.0,0.0,12243,0.0,1,-13.7,0,0,12243.0,38.1590330,-122.4532960,6552.8,21498.7,0,0,0
832.00,0.0,0.0,12243,0.0,1,-13.7,0,0,12243.0,38.1590330,-122.4532960,6552.8,21498.7,0,0,0
832.10,0.0,0.0,12243,0.0,1,-13.7,0,0,12243.0,38.1590330,-122.4532960,6552.8,21498.7,0,0,0
832.20,0.0,0.0,12243,0.0,1,-13.7,0,0,12243.0,38.1590340,-122.4532960,6552.8,21498.7,0,0,0
832.30,0.0,0.0,12243,0.0,1,-13.7,0,0,12243.0,38.1590340,-122.4532960,6552.8,21498.7,0,0,0
832.40,0.0,0.0,12243,0.0,1,-13.7,0,0,12243.0,38.1590340,-122.4532960,6552.8,21498.7,0,0,0
832.50,0.0,0.0,12243,0.0,1,-13.7,0,0,12243.0,38.1590340,-122.4532960,6552.8,21498.7,0,0,0
832.60,0.0,0.0,12243,0.0,1,-13.7,0,0,12243.0,38.1590340,-122.4532960,6552.8,21498.7,0,0,0
832.70,0.0,0.0,12243,0.0,1,-13.7,0,0,12243.0,38.1590340,-122.4532960,6552.8,21498.7,0,0,0
832.80,0.0,0.0,12243,0.0,1,-13.7,0,0,12243.0,38.1590340,-122.4532960,6552.6,21498.0,0,0,0
832.90,0.0,0.0,12243,0.0,1,-13.7,0,0,12243.0,38.1590350,-122.4532960,6552.6,21498.0,0,0,0
833.00,0.0,0.0,12243,0.0,1,-13.7,0,0,12243.0,38.1590350,-122.4532960,6552.6,21498.0,0,0,0
833.10,0.0,0.0,12243,0.0,1,-13.7,0,0,12243.0,38.1590350,-122.4532960,6552.6,21498.0,0,0,0
833.20,0.0,0.0,12243,0.0,1,-13.7,0,0,12243.0,38.1590350,-122.4532960,6552.6,21498.0,0,0,0
833.30,0.0,0.0,12243,0.0,1,-13.6,0,0,12243.0,38.1590350,-122.4532960,6552.6,21498.0,0,0,0
833.40,0.0,0.0,12243,0.0,1,-13.7,0,0,12243.0,38.1590350,-122.4532960,6552.6,21498.0,0,0,0
833.50,0.0,0.0,12243,0.0,1,-13.7,0,0,12243.0,38.1590350,-122.4532960,6552.6,21498.0,0,0,0
833.60,0.0,0.0,12243,0.0,1,-13.7,0,0,12243.0,38.1590360,-122.4532960,6552.6,21498.0,0,0,0
833.70,0.0,0.0,12243,0.0,1,-13.6,0,0,12243.0,38.1590360,-122.4532960,6552.6,21498.0,0,0,0
833.80,0.0,0.0,12243,0.0,1,-13.7,0,0,12243.0,38.1590360,-122.4532960,6552.4,21497.4,0,0,0
833.90,0.0,0.0,12243,0.0,1,-13.7,0,0,12243.0,38.1590360,-122.4532960,6552.4,21497.4,0,0,0
834.00,0.0,0.0,12243,0.0,1,-13.7,0,0,12243.0,38.1590370,-122.4532970,6552.4,21497.4,0,0,0
834.10,0.0,0.0,12243,0.0,1,-13.7,0,0,12243.0,38.1590370,-122.4532970,6552.4,21497.4,0,0,0
834.20,0.0,0.0,12243,0.0,1,-13.7,0,0,12243.0,38.1590370,-122.4532970,6552.4,21497.4,0,0,0
834.30,0.0,0.0,12243,0.0,1,-13.7,0,0,12243.0,38.1590370,-122.4532970,6552.4,21497.4,0,0,0
834.40,0.0,0.0,12243,0.0,1,-13.7,0,0,12243.0,38.1590380,-122.4532970,6552.4,21497.4,0,0,0
834.50,0.0,0.0,12243,0.0,1,-13.7,0,0,12243.0,38.1590380,-122.4532970,6552.4,21497.4,0,0,0
834.60,0.0,0.0,12243,0.0,1,-13.7,0,0,12243.0,38.1590380,-122.4532970,6552.4,21497.4,0,0,0
834.70,0.0,0.0,12243,0.0,1,-13.7,0,0,12243.0,38.1590390,-122.4532980,6552.4,21497.4,0,0,0
834.80,0.0,0.0,12243,0.0,1,-13.6,0,0,12243.0,38.1590400,-122.4532980,6552.4,21497.4,0,0,0
834.90,0.0,0.0,12243,0.0,1,-13.7,0,0,12243.0,38.1590400,-122.4532980,6552.4,21497.4,0,0,0
835.00,0.0,0.0,12243,0.0,1,-13.6,0,0,12243.0,38.1590410,-122.4532980,6552.4,21497.4,0,0,0
835.10,0.0,0.0,12243,0.0,1,-13.7,0,0,12243.0,38.1590410,-122.4532980,6552.4,21497.4,0,0,0
835.20,0.0,0.0,12243,0.0,1,-13.6,0,0,12243.0,38.1590410,-122.4532980,6552.4,21497.4,0,0,0
835.30,0.0,0.0,12243,0.0,1,-13.7,0,0,12243.0,38.1590420,-122.4532990,6552.4,21497.4,0,0,0
835.40,0.0,0.0,12243,0.0,1,-13.6,0,0,12243.0,38.1590420,-122.4532990,6552.4,21497.4,0,0,0
835.50,0.0,0.0,12243,0.0,1,-13.6,0,0,12243.0,38.1590420,-122.4532990,6552.4,21497.4,0,0,0
835.60,0.0,0.0,12243,0.0,1,-13.6,0,0,12243.0,38.1590430,-122.4532990,6552.4,21497.4,0,0,0
835.70,0.0,0.0,12243,0.0,1,-13.7,0,0,12243.0,38.1590430,-122.4532990,6552.4,21497.4,0,0,0
835.80,0.0,0.0,12243,0.0,1,-13.7,0,0,12243.0,38.1590440,-122.4532990,6552.4,21497.4,0,0,0
835.90,0.0,0.0,12243,0.0,1,-13.6,0,0,12243.0,38.1590440,-122.4532990,6552.4,21497.4,0,0,0
836.00,0.0,0.0,12243,0.0,1,-13.7,0,0,12243.0,38.1590440,-122.4532990,6552.4,21497.4,0,0,0
836.10,0.0,0.0,12243,0.0,1,-13.6,0,0,12243.0,38.1590450,-122.4532990,6552.4,21497.4,0,0,0
836.20,0.0,0.0,12243,0.0,1,-13.7,0,0,12243.0,38.1590450,-122.4532990,6552.4,21497.4,0,0,0
836.30,0.0,0.0,12243,0.0,1,-13.6,0,0,12243.0,38.1590450,-122.4533000,6552.4,21497.4,0,0,0
836.40,0.0,0.0,12243,0.0,1,-13.7,0,0,12243.0,38.1590460,-122.4533000,6552.4,21497.4,0,0,0
836.50,0.0,0.0,12243,0.0,1,-13.6,0,0,12243.0,38.1590460,-122.4533000,6552.4,21497.4,0,0,0
836.60,0.0,0.0,12243,0.0,1,-13.7,0,0,12243.0,38.1590460,-122.4533000,6552.4,21497.4,0,0,0
836.70,0.0,0.0,12243,0.0,1,-13.6,0,0,12243.0,38.1590460,-122.4533000,6552.4,21497.4,0,0,0
836.80,0.0,0.0,12243,0.0,1,-13.7,0,0,12243.0,38.1590460,-122.4533000,6552.4,21497.4,0,0,0
836.90,0.0,0.0,12243,0.0,1,-13.6,0,0,12243.0,38.1590460,-122.4533000,6552.4,21497.4,0,0,0
837.00,0.0,0.0,12243,0.0,1,-13.7,0,0,12243.0,38.1590470,-122.4533000,6552.4,21497.4,0,0,0
837.10,0.0,0.0,12243,0.0,1,-13.6,0,0,12243.0,38.1590470,-122.4533000,6552.4,21497.4,0,0,0
837.20,0.0,0.0,12243,0.0,1,-13.7,0,0,12243.0,38.1590470,-122.4533000,6552.4,21497.4,0,0,0
837.30,0.0,0.0,12243,0.0,1,-13.6,0,0,12243.0,38.1590470,-122.4533000,6552.4,21497.4,0,0,0
837.40,0.0,0.0,12243,0.0,1,-13.7,0,0,12243.0,38.1590480,-122.4532990,6552.4,21497.4,0,0,0
837.50,0.0,0.0,12243,0.0,1,-13.6,0,0,12243.0,38.1590480,-122.4532990,6552.4,21497.4,0,0,0
837.60,0.0,0.0,12243,0.0,1,-13.7,0,0,12243.0,38.1590480,-122.4532990,6552.4,21497.4,0,0,0
837.70,0.0,0.0,12243,0.0,1,-13.7,0,0,12243.0,38.1590480,-122.4532990,6552.4,21497.4,0,0,0
837.80,0.0,0.0,12243,0.0,1,-13.7,0,0,12243.0,38.1590480,-122.4532990,6552.4,21497.4,0,0,0
837.90,0.0,0.0,12243,0.0,1,-13.6,0,0,12243.0,38.1590480,-122.4532990,6552.4,21497.4,0,0,0
838.00,0.0,0.0,12243,0.0,1,-13.7,0,0,12243.0,38.1590490,-122.4532990,6552.4,21497.4,0,0,0
838.10,0.0,0.0,12243,0.0,1,-13.7,0,0,12243.0,38.1590490,-122.4532990,6552.4,21497.4,0,0,0
838.20,0.0,0.0,12243,0.0,1,-13.7,0,0,12243.0,38.1590490,-122.4532990,6552.4,21497.4,0,0,0
838.30,0.0,0.0,12243,0.0,1,-13.6,0,0,12243.0,38.1590490,-122.4532990,6552.4,21497.4,0,0,0
838.40,0.0,0.0,12243,0.0,1,-13.7,0,0,12243.0,38.1590490,-122.4532990,6552.4,21497.4,0,0,0
838.50,0.0,0.0,12243,0.0,1,-13.7,0,0,12243.0,38.1590490,-122.4532990,6552.4,21497.4,0,0,0
838.60,0.0,0.0,12243,0.0,1,-13.7,0,0,12243.0,38.1590490,-122.4532990,6552.4,21497.4,0,0,0
838.70,0.0,0.0,12243,0.0,1,-13.7,0,0,12243.0,38.1590490,-122.4532990,6552.4,21497.4,0,0,0
838.80,0.0,0.0,12243,0.0,1,-13.7,0,0,12243.0,38.1590490,-122.4532990,6552.4,21497.4,0,0,0
838.90,0.0,0.0,12243,0.0,1,-13.7,0,0,12243.0,38.1590500,-122.4532990,6552.4,21497.4,0,0,0
839.00,0.0,0.0,12243,0.0,1,-13.7,0,0,12243.0,38.1590500,-122.4532990,6552.4,21497.4,0,0,0
839.10,0.0,0.0,12243,0.0,1,-13.7,0,0,12243.0,38.1590500,-122.4532990,6552.4,21497.4,0,0,0
839.20,0.0,0.0,12243,0.0,1,-13.7,0,0,12243.0,38.1590500,-122.4532990,6552.4,21497.4,0,0,0
839.30,0.0,0.0,12243,0.0,1,-13.7,0,0,12243.0,38.1590500,-122.4532990,6552.4,21497.4,0,0,0
839.40,0.0,0.0,12243,0.0,1,-13.7,0,0,12243.0,38.1590500,-122.4532990,6552.4,21497.4,0,0,0
839.50,0.0,0.0,12243,0.0,1,-13.7,0,0,12243.0,38.1590510,-122.4532990,6552.4,21497.4,0,0,0
839.60,0.0,0.0,12243,0.0,1,-13.7,0,0,12243.0,38.1590510,-122.4532990,6552.4,21497.4,0,0,0
839.70,0.0,0.0,12243,0.0,1,-13.7,0,0,12243.0,38.1590510,-122.4532990,6552.4,21497.4,0,0,0
839.80,0.0,0.0,12243,0.0,1,-13.7,0,0,12243.0,38.1590510,-122.4532990,6552.4,21497.4,0,0,0
839.90,0.0,0.0,12243,0.0,1,-13.7,0,0,12243.0,38.1590520,-122.4532990,6552.4,21497.4,0,0,0
840.00,0.0,0.0,12243,0.0,1,-13.7,0,0,12243.0,38.1590520,-122.4532990,6552.4,21497.4,0,0,0
840.10,0.0,0.0,12243,0.0,1,-13.7,0,0,12243.0,38.1590520,-122.4532990,6552.4,21497.4,0,0,0
840.20,0.0,0.0,12243,0.0,1,-13.7,0,0,12243.0,38.1590520,-122.4532990,6552.4,21497.4,0,0,0
840.30,0.0,0.0,12243,0.0,1,-13.7,0,0,12243.0,38.1590530,-122.4532990,6552.4,21497.4,0,0,0
840.40,0.0,0.0,12243,0.0,1,-13.7,0,0,12243.0,38.1590530,-122.4532990,6552.4,21497.4,0,0,0
840.50,0.0,0.0,12243,0.0,1,-13.7,0,0,12243.0,38.1590530,-122.4532990,6552.4,21497.4,0,0,0
840.60,0.0,0.0,12243,0.0,1,-13.7,0,0,12243.0,38.1590530,-122.4532990,6552.4,21497.4,0,0,0
840.70,0.0,0.0,12243,0.0,1,-13.7,0,0,12243.0,38.1590530,-122.4532990,6552.4,21497.4,0,0,0
840.80,0.0,0.0,12243,0.0,1,-13.7,0,0,12243.0,38.1590530,-122.4532990,6552.4,21497.4,0,0,0
840.90,0.0,0.0,12243,0.0,1,-13.7,0,0,12243.0,38.1590530,-122.4532990,6552.4,21497.4,0,0,0
841.00,0.0,0.0,12243,0.0,1,-13.7,0,0,12243.0,38.1590530,-122.4532990,6552.4,21497.4,0,0,0
841.10,0.0,0.0,12243,0.0,1,-13.7,0,0,12243.0,38.1590530,-122.4532990,6552.4,21497.4,0,0,0
841.20,0.0,0.0,12243,0.0,1,-13.7,0,0,12243.0,38.1590530,-122.4532990,6552.4,21497.4,0,0,0
841.30,0.0,0.0,12243,0.0,1,-13.7,0,0,12243.0,38.1590530,-122.4532990,6552.4,21497.4,0,0,0
841.40,0.0,0.0,12243,0.0,1,-13.7,0,0,12243.0,38.1590530,-122.4532990,6552.4,21497.4,0,0,0
841.50,0.0,0.0,12243,0.0,1,-13.7,0,0,12243.0,38.1590540,-122.4532990,6552.4,21497.4,0,0,0
841.60,0.0,0.0,12243,0.0,1,-13.7,0,0,12243.0,38.1590540,-122.4532990,6552.4,21497.4,0,0,0
841.70,0.0,0.0,12243,0.0,1,-13.7,0,0,12243.0,38.1590540,-122.4532990,6552.4,21497.4,0,0,0
841.80,0.0,0.0,12243,0.0,1,-13.7,0,0,12243.0,38.1590540,-122.4532990,6552.7,21498.4,0,0,0
841.90,0.0,0.0,12243,0.0,1,-13.7,0,0,12243.0,38.1590550,-122.4532990,6552.7,21498.4,0,0,0
842.00,0.0,0.0,12243,0.0,1,-13.7,0,0,12243.0,38.1590550,-122.4532990,6552.7,21498.4,0,0,0
842.10,0.0,0.0,12243,0.0,1,-13.7,0,0,12243.0,38.1590550,-122.4532990,6552.7,21498.4,0,0,0
842.20,0.0,0.0,12243,0.0,1,-13.7,0,0,12243.0,38.1590550,-122.4532990,6552.7,21498.4,0,0,0
842.30,0.0,0.0,12243,0.0,1,-13.7,0,0,12243.0,38.1590550,-122.4532990,6552.7,21498.4,0,0,0
842.40,0.0,0.0,12243,0.0,1,-13.6,0,0,12243.0,38.1590550,-122.4532990,6552.7,21498.4,0,0,0
842.50,0.0,0.0,12243,0.0,1,-13.7,0,0,12243.0,38.1590560,-122.4532990,6552.7,21498.4,0,0,0
842.60,0.0,0.0,12243,0.0,1,-13.6,0,0,12243.0,38.1590560,-122.4532990,6552.7,21498.4,0,0,0
842.70,0.0,0.0,12243,0.0,1,-13.6,0,0,12243.0,38.1590560,-122.4532990,6552.7,21498.4,0,0,0
842.80,0.0,0.0,12243,0.0,1,-13.7,0,0,12243.0,38.1590560,-122.4532990,6552.9,21499.0,0,0,0
842.90,0.0,0.0,12243,0.0,1,-13.7,0,0,12243.0,38.1590570,-122.4532990,6552.9,21499.0,0,0,0
843.00,0.0,0.0,12243,0.0,1,-13.6,0,0,12243.0,38.1590570,-122.4532990,6552.9,21499.0,0,0,0
843.10,0.0,0.0,12243,0.0,1,-13.7,0,0,12243.0,38.1590570,-122.4532990,6552.9,21499.0,0,0,0
843.20,0.0,0.0,12243,0.0,1,-13.7,0,0,12243.0,38.1590570,-122.4532990,6552.9,21499.0,0,0,0
843.30,0.0,0.0,12243,0.0,1,-13.7,0,0,12243.0,38.1590580,-122.4532990,6552.9,21499.0,0,0,0
843.40,0.0,0.0,12243,0.0,1,-13.7,0,0,12243.0,38.1590580,-122.4532990,6552.9,21499.0,0,0,0
843.50,0.0,0.0,12243,0.0,1,-13.7,0,0,12243.0,38.1590580,-122.4532990,6552.9,21499.0,0,0,0
843.60,0.0,0.0,12243,0.0,1,-13.7,0,0,12243.0,38.1590590,-122.4533000,6552.9,21499.0,0,0,0
843.70,0.0,0.0,12243,0.0,1,-13.6,0,0,12243.0,38.1590590,-122.4533000,6552.9,21499.0,0,0,0
843.80,0.0,0.0,12243,0.0,1,-13.6,0,0,12243.0,38.1590590,-122.4533000,6553.2,21500.0,0,0,0
843.90,0.0,0.0,12243,0.0,1,-13.7,0,0,12243.0,38.1590600,-122.4533000,6553.2,21500.0,0,0,0
844.00,0.0,0.0,12243,0.0,1,-13.7,0,0,12243.0,38.1590600,-122.4533000,6553.2,21500.0,0,0,0
844.10,0.0,0.0,12243,0.0,1,-13.7,0,0,12243.0,38.1590600,-122.4533000,6553.2,21500.0,0,0,0
844.20,0.0,0.0,12243,0.0,1,-13.7,0,0,12243.0,38.1590610,-122.4533000,6553.2,21500.0,0,0,0
844.30,0.0,0.0,12243,0.0,1,-13.7,0,0,12243.0,38.1590610,-122.4533000,6553.2,21500.0,0,0,0
844.40,0.0,0.0,12243,0.0,1,-13.7,0,0,12243.0,38.1590610,-122.4533000,6553.2,21500.0,0,0,0
844.50,0.0,0.0,12243,0.0,1,-13.7,0,0,12243.0,38.1590610,-122.4533000,6553.2,21500.0,0,0,0
844.60,0.0,0.0,12243,0.0,1,-13.7,0,0,12243.0,38.1590620,-122.4533000,6553.2,21500.0,0,0,0
844.70,0.0,0.0,12243,0.0,1,-13.7,0,0,12243.0,38.1590620,-122.4533000,6553.2,21500.0,0,0,0
844.80,0.0,0.0,12243,0.0,1,-13.7,0,0,12243.0,38.1590620,-122.4533000,6553.3,21500.3,0,0,0
844.90,0.0,0.0,12243,0.0,1,-13.7,0,0,12243.0,38.1590620,-122.4533000,6553.3,21500.3,0,0,0
845.00,0.0,0.0,12243,0.0,1,-13.7,0,0,12243.0,38.1590620,-122.4533000,6553.3,21500.3,0,0,0
845.10,0.0,0.0,12243,0.0,1,-13.7,0,0,12243.0,38.1590620,-122.4533000,6553.3,21500.3,0,0,0
845.20,0.0,0.0,12243,0.0,1,-13.6,0,0,12243.0,38.1590620,-122.4533000,6553.3,21500.3,0,0,0
845.30,0.0,0.0,12243,0.0,1,-13.6,0,0,12243.0,38.1590620,-122.4533000,6553.3,21500.3,0,0,0
845.40,0.0,0.0,12243,0.0,1,-13.6,0,0,12243.0,38.1590630,-122.4533000,6553.3,21500.3,0,0,0
845.50,0.0,0.0,12243,0.0,1,-13.7,0,0,12243.0,38.1590630,-122.4533000,6553.3,21500.3,0,0,0
845.60,0.0,0.0,12243,0.0,1,-13.6,0,0,12243.0,38.1590630,-122.4533000,6553.3,21500.3,0,0,0
845.70,0.0,0.0,12243,0.0,1,-13.6,0,0,12243.0,38.1590630,-122.4533000,6553.3,21500.3,0,0,0
845.80,0.0,0.0,12243,0.0,1,-13.6,0,0,12243.0,38.1590630,-122.4533000,6553.5,21501.0,0,0,0
845.90,0.0,0.0,12243,0.0,1,-13.6,0,0,12243.0,38.1590640,-122.4533000,6553.5,21501.0,0,0,0
846.00,0.0,0.0,12243,0.0,1,-13.6,0,0,12243.0,38.1590640,-122.4533000,6553.5,21501.0,0,0,0
846.10,0.0,0.0,12243,0.0,1,-13.6,0,0,12243.0,38.1590640,-122.4533000,6553.5,21501.0,0,0,0
846.20,0.0,0.0,12243,0.0,1,-13.7,0,0,12243.0,38.1590640,-122.4533000,6553.5,21501.0,0,0,0
846.30,0.0,0.0,12243,0.0,1,-13.6,0,0,12243.0,38.1590650,-122.4533000,6553.5,21501.0,0,0,0
846.40,0.0,0.0,12243,0.0,1,-13.6,0,0,12243.0,38.1590650,-122.4533000,6553.5,21501.0,0,0,0
846.50,0.0,0.0,12243,0.0,1,-13.6,0,0,12243.0,38.1590650,-122.4533000,6553.5,21501.0,0,0,0
846.60,0.0,0.0,12243,0.0,1,-13.6,0,0,12243.0,38.1590650,-122.4533000,6553.5,21501.0,0,0,0
846.70,0.0,0.0,12243,0.0,1,-13.6,0,0,12243.0,38.1590660,-122.4533000,6553.5,21501.0,0,0,0
846.80,0.0,0.0,12243,0.0,1,-13.6,0,0,12243.0,38.1590660,-122.4533000,0.2,0.7,0,0,0
846.90,0.0,0.0,12243,0.0,1,-13.6,0,0,12243.0,38.1590660,-122.4533000,0.2,0.7,0,0,0
847.00,0.0,0.0,12243,0.0,1,-13.6,0,0,12243.0,38.1590660,-122.4533000,0.2,0.7,0,0,0
847.10,0.0,0.0,12243,0.0,1,-13.6,0,0,12243.0,38.1590660,-122.4533000,0.2,0.7,0,0,0
847.20,0.0,0.0,12243,0.0,1,-13.6,0,0,12243.0,38.1590670,-122.4533000,0.2,0.7,0,0,0
847.30,0.0,0.0,12243,0.0,1,-13.6,0,0,12243.0,38.1590670,-122.4533000,0.2,0.7,0,0,0
847.40,0.0,0.0,12243,0.0,1,-13.6,0,0,12243.0,38.1590670,-122.4533000,0.2,0.7,0,0,0
847.50,0.0,0.0,12243,0.0,1,-13.6,0,0,12243.0,38.1590670,-122.4533000,0.2,0.7,0,0,0
847.60,0.0,0.0,12243,0.0,1,-13.7,0,0,12243.0,38.1590670,-122.4533000,0.2,0.7,0,0,0
847.70,0.0,0.0,12243,0.0,1,-13.6,0,0,12243.0,38.1590670,-122.4533000,0.2,0.7,0,0,0
847.80,0.0,0.0,12243,0.0,1,-13.6,0,0,12243.0,38.1590670,-122.4533000,0.3,1.0,0,0,0
847.90,0.0,0.0,12243,0.0,1,-13.6,0,0,12243.0,38.1590660,-122.4533000,0.3,1.0,0,0,0
848.00,0.0,0.0,12243,0.0,1,-13.6,0,0,12243.0,38.1590660,-122.4533000,0.3,1.0,0,0,0
848.10,0.0,0.0,12243,0.0,1,-13.6,0,0,12243.0,38.1590660,-122.4532990,0.3,1.0,0,0,0
848.20,0.0,0.0,12243,0.0,1,-13.6,0,0,12243.0,38.1590660,-122.4532990,0.3,1.0,0,0,0
848.30,0.0,0.0,12243,0.0,1,-13.7,0,0,12243.0,38.1590660,-122.4532990,0.3,1.0,0,0,0
848.40,0.0,0.0,12243,0.0,1,-13.6,0,0,12243.0,38.1590670,-122.4532990,0.3,1.0,0,0,0
848.50,0.0,0.0,12243,0.0,1,-13.6,0,0,12243.0,38.1590670,-122.4532990,0.3,1.0,0,0,0
848.60,0.0,0.0,12243,0.0,1,-13.6,0,0,12243.0,38.1590670,-122.4532990,0.3,1.0,0,0,0
848.70,0.0,0.0,12243,0.0,1,-13.6,0,0,12243.0,38.1590660,-122.4532990,0.3,1.0,0,0,0
848.80,0.0,0.0,12243,0.0,1,-13.6,0,0,12243.0,38.1590660,-122.4532990,0.4,1.3,0,0,0
848.90,0.0,0.0,12243,0.0,1,-13.6,0,0,12243.0,38.1590670,-122.4532990,0.4,1.3,0,0,0
849.00,0.0,0.0,12243,0.0,1,-13.6,0,0,12243.0,38.1590670,-122.4532990,0.4,1.3,0,0,0
849.10,0.0,0.0,12243,0.0,1,-13.6,0,0,12243.0,38.1590670,-122.4532990,0.4,1.3,0,0,0
849.20,0.0,0.0,12243,0.0,1,-13.6,0,0,12243.0,38.1590670,-122.4532990,0.4,1.3,0,0,0
849.30,0.0,0.0,12243,0.0,1,-13.6,0,0,12243.0,38.1590670,-122.4532990,0.4,1.3,0,0,0
849.40,0.0,0.0,12243,0.0,1,-13.6,0,0,12243.0,38.1590670,-122.4532990,0.4,1.3,0,0,0
849.50,0.0,0.0,12243,0.0,1,-13.6,0,0,12243.0,38.1590670,-122.4532990,0.4,1.3,0,0,0
849.60,0.0,0.0,12243,0.0,1,-13.6,0,0,12243.0,38.1590670,-122.4532980,0.4,1.3,0,0,0
849.70,0.0,0.0,12243,0.0,1,-13.6,0,0,12243.0,38.1590680,-122.4532980,0.4,1.3,0,0,0
849.80,0.0,0.0,12243,0.0,1,-13.6,0,0,12243.0,38.1590680,-122.4532980,0.6,2.0,0,0,0
849.90,0.0,0.0,12243,0.0,1,-13.6,0,0,12243.0,38.1590680,-122.4532980,0.6,2.0,0,0,0
850.00,0.0,0.0,12243,0.0,1,-13.6,0,0,12243.0,38.1590680,-122.4532970,0.6,2.0,0,0,0
850.10,0.0,0.0,12243,0.0,1,-13.6,0,0,12243.0,38.1590680,-122.4532970,0.6,2.0,0,0,0
850.20,0.0,0.0,12243,0.0,1,-13.6,0,0,12243.0,38.1590680,-122.4532970,0.6,2.0,0,0,0
850.30,0.0,0.0,12243,0.0,1,-13.6,0,0,12243.0,38.1590680,-122.4532970,0.6,2.0,0,0,0
850.40,0.0,0.0,12243,0.0,1,-13.6,0,0,12243.0,38.1590680,-122.4532970,0.6,2.0,0,0,0
850.50,0.0,0.0,12243,0.0,1,-13.6,0,0,12243.0,38.1590680,-122.4532960,0.6,2.0,0,0,0
850.60,0.0,0.0,12243,0.0,1,-13.6,0,0,12243.0,38.1590680,-122.4532960,0.6,2.0,0,0,0
850.70,0.0,0.0,12243,0.0,1,-13.6,0,0,12243.0,38.1590680,-122.4532960,0.6,2.0,0,0,0
850.80,0.0,0.0,12243,0.0,1,-13.6,0,0,12243.0,38.1590690,-122.4532960,0.7,2.3,0,0,0
850.90,0.0,0.0,12243,0.0,1,-13.6,0,0,12243.0,38.1590690,-122.4532960,0.7,2.3,0,0,0
851.00,0.0,0.0,12243,0.0,1,-13.6,0,0,12243.0,38.1590690,-122.4532960,0.7,2.3,0,0,0
851.10,0.0,0.0,12243,0.0,1,-13.6,0,0,12243.0,38.1590690,-122.4532960,0.7,2.3,0,0,0
851.20,0.0,0.0,12243,0.0,1,-13.6,0,0,12243.0,38.1590690,-122.4532960,0.7,2.3,0,0,0
851.30,0.0,0.0,12243,0.0,1,-13.6,0,0,12243.0,38.1590690,-122.4532960,0.7,2.3,0,0,0
851.40,0.0,0.0,12243,0.0,1,-13.6,0,0,12243.0,38.1590690,-122.4532960,0.7,2.3,0,0,0
851.50,0.0,0.0,12243,0.0,1,-13.6,0,0,12243.0,38.1590690,-122.4532960,0.7,2.3,0,0,0
851.60,0.0,0.0,12243,0.0,1,-13.6,0,0,12243.0,38.1590690,-122.4532960,0.7,2.3,0,0,0
851.70,0.0,0.0,12243,0.0,1,-13.6,0,0,12243.0,38.1590690,-122.4532960,0.7,2.3,0,0,0
851.80,0.0,0.0,12243,0.0,1,-13.6,0,0,12243.0,38.1590690,-122.4532960,0.7,2.3,0,0,0
851.90,0.0,0.0,12243,0.0,1,-13.6,0,0,12243.0,38.1590690,-122.4532960,0.7,2.3,0,0,0
852.00,0.0,0.0,12243,0.0,1,-13.6,0,0,12243.0,38.1590690,-122.4532960,0.7,2.3,0,0,0
852.10,0.0,0.0,12243,0.0,1,-13.6,0,0,12243.0,38.1590690,-122.4532960,0.7,2.3,0,0,0
852.20,0.0,0.0,12243,0.0,1,-13.6,0,0,12243.0,38.1590690,-122.4532950,0.7,2.3,0,0,0
852.30,0.0,0.0,12243,0.0,1,-13.6,0,0,12243.0,38.1590690,-122.4532950,0.7,2.3,0,0,0
852.40,0.0,0.0,12243,0.0,1,-13.6,0,0,12243.0,38.1590690,-122.4532950,0.7,2.3,0,0,0
852.50,0.0,0.0,12243,0.0,1,-13.6,0,0,12243.0,38.1590690,-122.4532950,0.7,2.3,0,0,0
852.60,0.0,0.0,12243,0.0,1,-13.6,0,0,12243.0,38.1590690,-122.4532950,0.7,2.3,0,0,0
852.70,0.0,0.0,12243,0.0,1,-13.6,0,0,12243.0,38.1590690,-122.4532950,0.7,2.3,0,0,0
852.80,0.0,0.0,12243,0.0,1,-13.6,0,0,12243.0,38.1590690,-122.4532950,0.8,2.6,0,0,0
852.90,0.0,0.0,12243,0.0,1,-13.6,0,0,12243.0,38.1590690,-122.4532950,0.8,2.6,0,0,0
853.00,0.0,0.0,12243,0.0,1,-13.6,0,0,12243.0,38.1590690,-122.4532940,0.8,2.6,0,0,0
853.10,0.0,0.0,12243,0.0,1,-13.6,0,0,12243.0,38.1590690,-122.4532940,0.8,2.6,0,0,0
853.20,0.0,0.0,12243,0.0,1,-13.6,0,0,12243.0,38.1590690,-122.4532940,0.8,2.6,0,0,0
853.30,0.0,0.0,12243,0.0,1,-13.6,0,0,12243.0,38.1590690,-122.4532940,0.8,2.6,0,0,0
853.40,0.0,0.0,12243,0.0,1,-13.6,0,0,12243.0,38.1590700,-122.4532950,0.8,2.6,0,0,0
853.50,0.0,0.0,12243,0.0,1,-13.6,0,0,12243.0,38.1590700,-122.4532950,0.8,2.6,0,0,0
853.60,0.0,0.0,12243,0.0,1,-13.6,0,0,12243.0,38.1590700,-122.4532950,0.8,2.6,0,0,0
853.70,0.0,0.0,12243,0.0,1,-13.6,0,0,12243.0,38.1590700,-122.4532950,0.8,2.6,0,0,0
853.80,0.0,0.0,12243,0.0,1,-13.6,0,0,12243.0,38.1590700,-122.4532950,0.8,2.6,0,0,0
853.90,0.0,0.0,12243,0.0,1,-13.6,0,0,12243.0,38.1590700,-122.4532940,0.8,2.6,0,0,0
854.00,0.0,0.0,12243,0.0,1,-13.6,0,0,12243.0,38.1590700,-122.4532940,0.8,2.6,0,0,0
854.10,0.0,0.0,12243,0.0,1,-13.6,0,0,12243.0,38.1590700,-122.4532940,0.8,2.6,0,0,0
854.20,0.0,0.0,12243,0.0,1,-13.6,0,0,12243.0,38.1590700,-122.4532940,0.8,2.6,0,0,0
854.30,0.0,0.0,12243,0.0,1,-13.6,0,0,12243.0,38.1590700,-122.4532940,0.8,2.6,0,0,0
854.40,0.0,0.0,12243,0.0,1,-13.6,0,0,12243.0,38.1590700,-122.4532940,0.8,2.6,0,0,0
854.50,0.0,0.0,12243,0.0,1,-13.6,0,0,12243.0,38.1590700,-122.4532940,0.8,2.6,0,0,0
854.60,0.0,0.0,12243,0.0,1,-13.6,0,0,12243.0,38.1590710,-122.4532940,0.8,2.6,0,0,0
854.70,0.0,0.0,12243,0.0,1,-13.6,0,0,12243.0,38.1590710,-122.4532940,0.8,2.6,0,0,0
854.80,0.0,0.0,12243,0.0,1,-13.6,0,0,12243.0,38.1590710,-122.4532940,0.9,3.0,0,0,0
854.90,0.0,0.0,12243,0.0,1,-13.6,0,0,12243.0,38.1590710,-122.4532940,0.9,3.0,0,0,0
855.00,0.0,0.0,12243,0.0,1,-13.6,0,0,12243.0,38.1590710,-122.4532940,0.9,3.0,0,0,0
855.10,0.0,0.0,12243,0.0,1,-13.6,0,0,12243.0,38.1590710,-122.4532940,0.9,3.0,0,0,0
855.20,0.0,0.0,12243,0.0,1,-13.6,0,0,12243.0,38.1590710,-122.4532940,0.9,3.0,0,0,0
855.30,0.0,0.0,12243,0.0,1,-13.6,0,0,12243.0,38.1590720,-122.4532940,0.9,3.0,0,0,0
855.40,0.0,0.0,12243,0.0,1,-13.6,0,0,12243.0,38.1590720,-122.4532930,0.9,3.0,0,0,0
855.50,0.0,0.0,12243,0.0,1,-13.6,0,0,12243.0,38.1590720,-122.4532930,0.9,3.0,0,0,0
855.60,0.0,0.0,12243,0.0,1,-13.6,0,0,12243.0,38.1590720,-122.4532930,0.9,3.0,0,0,0
855.70,0.0,0.0,12243,0.0,1,-13.6,0,0,12243.0,38.1590720,-122.4532930,0.9,3.0,0,0,0
855.80,0.0,0.0,12243,0.0,1,-13.6,0,0,12243.0,38.1590720,-122.4532930,0.9,3.0,0,0,0
855.90,0.0,0.0,12243,0.0,1,-13.6,0,0,12243.0,38.1590720,-122.4532930,0.9,3.0,0,0,0
856.00,0.0,0.0,12243,0.0,1,-13.6,0,0,12243.0,38.1590720,-122.4532930,0.9,3.0,0,0,0
856.10,0.0,0.0,12243,0.0,1,-13.6,0,0,12243.0,38.1590720,-122.4532930,0.9,3.0,0,0,0
856.20,0.0,0.0,12243,0.0,1,-13.6,0,0,12243.0,38.1590720,-122.4532930,0.9,3.0,0,0,0
856.30,0.0,0.0,12243,0.0,1,-13.6,0,0,12243.0,38.1590720,-122.4532930,0.9,3.0,0,0,0
856.40,0.0,0.0,12243,0.0,1,-13.6,0,0,12243.0,38.1590730,-122.4532930,0.9,3.0,0,0,0
856.50,0.0,0.0,12243,0.0,1,-13.6,0,0,12243.0,38.1590730,-122.4532930,0.9,3.0,0,0,0
856.60,0.0,0.0,12243,0.0,1,-13.6,0,0,12243.0,38.1590720,-122.4532930,0.9,3.0,0,0,0
856.70,0.0,0.0,12243,0.0,1,-13.6,0,0,12243.0,38.1590730,-122.4532930,0.9,3.0,0,0,0
856.80,0.0,0.0,12243,0.0,1,-13.6,0,0,12243.0,38.1590730,-122.4532930,1.1,3.6,0,0,0
856.90,0.0,0.0,12243,0.0,1,-13.6,0,0,12243.0,38.1590730,-122.4532930,1.1,3.6,0,0,0
857.00,0.0,0.0,12243,0.0,1,-13.6,0,0,12243.0,38.1590730,-122.4532920,1.1,3.6,0,0,0
857.10,0.0,0.0,12243,0.0,1,-13.6,0,0,12243.0,38.1590730,-122.4532920,1.1,3.6,0,0,0
857.20,0.0,0.0,12243,0.0,1,-13.6,0,0,12243.0,38.1590730,-122.4532920,1.1,3.6,0,0,0
857.30,0.0,0.0,12243,0.0,1,-13.6,0,0,12243.0,38.1590730,-122.4532920,1.1,3.6,0,0,0
857.40,0.0,0.0,12243,0.0,1,-13.6,0,0,12243.0,38.1590730,-122.4532920,1.1,3.6,0,0,0
857.50,0.0,0.0,12243,0.0,1,-13.6,0,0,12243.0,38.1590740,-122.4532920,1.1,3.6,0,0,0
857.60,0.0,0.0,12243,0.0,1,-13.6,0,0,12243.0,38.1590740,-122.4532920,1.1,3.6,0,0,0
857.70,0.0,0.0,12243,0.0,1,-13.6,0,0,12243.0,38.1590740,-122.4532920,1.1,3.6,0,0,0
857.80,0.0,0.0,12243,0.0,1,-13.6,0,0,12243.0,38.1590740,-122.4532920,1.2,3.9,0,0,0
857.90,0.0,0.0,12243,0.0,1,-13.6,0,0,12243.0,38.1590740,-122.4532920,1.2,3.9,0,0,0
858.00,0.0,0.0,12243,0.0,1,-13.6,0,0,12243.0,38.1590740,-122.4532920,1.2,3.9,0,0,0
858.10,0.0,0.0,12243,0.0,1,-13.6,0,0,12243.0,38.1590740,-122.4532920,1.2,3.9,0,0,0
858.20,0.0,0.0,12243,0.0,1,-13.6,0,0,12243.0,38.1590740,-122.4532920,1.2,3.9,0,0,0
858.30,0.0,0.0,12243,0.0,1,-13.6,0,0,12243.0,38.1590740,-122.4532920,1.2,3.9,0,0,0
858.40,0.0,0.0,12243,0.0,1,-13.6,0,0,12243.0,38.1590740,-122.4532920,1.2,3.9,0,0,0
858.50,0.0,0.0,12243,0.0,1,-13.6,0,0,12243.0,38.1590750,-122.4532920,1.2,3.9,0,0,0
858.60,0.0,0.0,12243,0.0,1,-13.6,0,0,12243.0,38.1590740,-122.4532910,1.2,3.9,0,0,0
858.70,0.0,0.0,12243,0.0,1,-13.6,0,0,12243.0,38.1590740,-122.4532910,1.2,3.9,0,0,0
858.80,0.0,0.0,12243,0.0,1,-13.6,0,0,12243.0,38.1590750,-122.4532910,1.3,4.3,0,0,0
858.90,0.0,0.0,12243,0.0,1,-13.6,0,0,12243.0,38.1590750,-122.4532910,1.3,4.3,0,0,0
859.00,0.0,0.0,12243,0.0,1,-13.6,0,0,12243.0,38.1590750,-122.4532910,1.3,4.3,0,0,0
859.10,0.0,0.0,12243,0.0,1,-13.6,0,0,12243.0,38.1590750,-122.4532910,1.3,4.3,0,0,0
859.20,0.0,0.0,12243,0.0,1,-13.6,0,0,12243.0,38.1590750,-122.4532910,1.3,4.3,0,0,0
859.30,0.0,0.0,12243,0.0,1,-13.6,0,0,12243.0,38.1590750,-122.4532910,1.3,4.3,0,0,0
859.40,0.0,0.0,12243,0.0,1,-13.6,0,0,12243.0,38.1590750,-122.4532910,1.3,4.3,0,0,0
859.50,0.0,0.0,12243,0.0,1,-13.6,0,0,12243.0,38.1590750,-122.4532910,1.3,4.3,0,0,0
859.60,0.0,0.0,12243,0.0,1,-13.6,0,0,12243.0,38.1590750,-122.4532910,1.3,4.3,0,0,0
859.70,0.0,0.0,12243,0.0,1,-13.6,0,0,12243.0,38.1590750,-122.4532910,1.3,4.3,0,0,0
859.80,0.0,0.0,12243,0.0,1,-13.6,0,0,12243.0,38.1590750,-122.4532910,1.3,4.3,0,0,0
859.90,0.0,0.0,12243,0.0,1,-13.6,0,0,12243.0,38.1590750,-122.4532910,1.3,4.3,0,0,0
860.00,0.0,0.0,12243,0.0,1,-13.6,0,0,12243.0,38.1590760,-122.4532910,1.3,4.3,0,0,0
860.10,0.0,0.0,12243,0.0,1,-13.6,0,0,12243.0,38.1590760,-122.4532910,1.3,4.3,0,0,0
860.20,0.0,0.0,12243,0.0,1,-13.6,0,0,12243.0,38.1590760,-122.4532910,1.3,4.3,0,0,0
860.30,0.0,0.0,12243,0.0,1,-13.6,0,0,12243.0,38.1590760,-122.4532910,1.3,4.3,0,0,0
860.40,0.0,0.0,12243,0.0,1,-13.6,0,0,12243.0,38.1590760,-122.4532910,1.3,4.3,0,0,0
860.50,0.0,0.0,12243,0.0,1,-13.6,0,0,12243.0,38.1590760,-122.4532910,1.3,4.3,0,0,0
860.60,0.0,0.0,12243,0.0,1,-13.6,0,0,12243.0,38.1590770,-122.4532900,1.3,4.3,0,0,0
860.70,0.0,0.0,12243,0.0,1,-13.6,0,0,12243.0,38.1590770,-122.4532900,1.3,4.3,0,0,0
860.80,0.0,0.0,12243,0.0,1,-13.6,0,0,12243.0,38.1590770,-122.4532900,1.4,4.6,0,0,0
860.90,0.0,0.0,12243,0.0,1,-13.6,0,0,12243.0,38.1590770,-122.4532900,1.4,4.6,0,0,0
861.00,0.0,0.0,12243,0.0,1,-13.6,0,0,12243.0,38.1590760,-122.4532900,1.4,4.6,0,0,0
861.10,0.0,0.0,12243,0.0,1,-13.6,0,0,12243.0,38.1590770,-122.4532900,1.4,4.6,0,0,0
861.20,0.0,0.0,12243,0.0,1,-13.6,0,0,12243.0,38.1590770,-122.4532900,1.4,4.6,0,0,0
861.30,0.0,0.0,12243,0.0,1,-13.6,0,0,12243.0,38.1590770,-122.4532900,1.4,4.6,0,0,0
861.40,0.0,0.0,12243,0.0,1,-13.6,0,0,12243.0,38.1590770,-122.4532900,1.4,4.6,0,0,0
861.50,0.0,0.0,12243,0.0,1,-13.6,0,0,12243.0,38.1590770,-122.4532900,1.4,4.6,0,0,0
861.60,0.0,0.0,12243,0.0,1,-13.6,0,0,12243.0,38.1590770,-122.4532900,1.4,4.6,0,0,0
861.70,0.0,0.0,12243,0.0,1,-13.6,0,0,12243.0,38.1590760,-122.4532890,1.4,4.6,0,0,0
861.80,0.0,0.0,12243,0.0,1,-13.6,0,0,12243.0,38.1590760,-122.4532890,1.3,4.3,0,0,0
861.90,0.0,0.0,12243,0.0,1,-13.6,0,0,12243.0,38.1590760,-122.4532890,1.3,4.3,0,0,0
862.00,0.0,0.0,12243,0.0,1,-13.6,0,0,12243.0,38.1590760,-122.4532890,1.3,4.3,0,0,0
862.10,0.0,0.0,12243,0.0,1,-13.6,0,0,12243.0,38.1590760,-122.4532890,1.3,4.3,0,0,0
862.20,0.0,0.0,12243,0.0,1,-13.6,0,0,12243.0,38.1590760,-122.4532890,1.3,4.3,0,0,0
862.30,0.0,0.0,12243,0.0,1,-13.6,0,0,12243.0,38.1590760,-122.4532890,1.3,4.3,0,0,0
862.40,0.0,0.0,12243,0.0,1,-13.6,0,0,12243.0,38.1590760,-122.4532890,1.3,4.3,0,0,0
862.50,0.0,0.0,12243,0.0,1,-13.6,0,0,12243.0,38.1590760,-122.4532890,1.3,4.3,0,0,0
862.60,0.0,0.0,12243,0.0,1,-13.6,0,0,12243.0,38.1590750,-122.4532890,1.3,4.3,0,0,0
862.70,0.0,0.0,12243,0.0,1,-13.6,0,0,12243.0,38.1590750,-122.4532890,1.3,4.3,0,0,0
862.80,0.0,0.0,12243,0.0,1,-13.6,0,0,12243.0,38.1590750,-122.4532880,1.1,3.6,0,0,0
862.90,0.0,0.0,12243,0.0,1,-13.6,0,0,12243.0,38.1590750,-122.4532880,1.1,3.6,0,0,0
863.00,0.0,0.0,12243,0.0,1,-13.6,0,0,12243.0,38.1590750,-122.4532880,1.1,3.6,0,0,0
863.10,0.0,0.0,12243,0.0,1,-13.6,0,0,12243.0,38.1590750,-122.4532880,1.1,3.6,0,0,0
863.20,0.0,0.0,12243,0.0,1,-13.6,0,0,12243.0,38.1590750,-122.4532880,1.1,3.6,0,0,0
863.30,0.0,0.0,12243,0.0,1,-13.6,0,0,12243.0,38.1590750,-122.4532880,1.1,3.6,0,0,0
863.40,0.0,0.0,12243,0.0,1,-13.6,0,0,12243.0,38.1590740,-122.4532880,1.1,3.6,0,0,0
863.50,0.0,0.0,12243,0.0,1,-13.7,0,0,12243.0,38.1590750,-122.4532880,1.1,3.6,0,0,0
863.60,0.0,0.0,12243,0.0,1,-13.6,0,0,12243.0,38.1590750,-122.4532880,1.1,3.6,0,0,0
863.70,0.0,0.0,12243,0.0,1,-13.6,0,0,12243.0,38.1590740,-122.4532880,1.1,3.6,0,0,0
863.80,0.0,0.0,12243,0.0,1,-13.6,0,0,12243.0,38.1590740,-122.4532880,0.8,2.6,0,0,0
863.90,0.0,0.0,12243,0.0,1,-13.7,0,0,12243.0,38.1590740,-122.4532880,0.8,2.6,0,0,0
864.00,0.0,0.0,12243,0.0,1,-13.7,0,0,12243.0,38.1590740,-122.4532870,0.8,2.6,0,0,0
864.10,0.0,0.0,12243,0.0,1,-13.7,0,0,12243.0,38.1590740,-122.4532870,0.8,2.6,0,0,0
864.20,0.0,0.0,12243,0.0,1,-13.6,0,0,12243.0,38.1590730,-122.4532870,0.8,2.6,0,0,0
864.30,0.0,0.0,12243,0.0,1,-13.6,0,0,12243.0,38.1590730,-122.4532870,0.8,2.6,0,0,0
864.40,0.0,0.0,12243,0.0,1,-13.6,0,0,12243.0,38.1590730,-122.4532870,0.8,2.6,0,0,0
864.50,0.0,0.0,12243,0.0,1,-13.7,0,0,12243.0,38.1590730,-122.4532870,0.8,2.6,0,0,0
864.60,0.0,0.0,12243,0.0,1,-13.6,0,0,12243.0,38.1590730,-122.4532870,0.8,2.6,0,0,0
864.70,0.0,0.0,12243,0.0,1,-13.6,0,0,12243.0,38.1590730,-122.4532870,0.8,2.6,0,0,0
864.80,0.0,0.0,12243,0.0,1,-13.6,0,0,12243.0,38.1590730,-122.4532870,0.6,2.0,0,0,0
864.90,0.0,0.0,12243,0.0,1,-13.7,0,0,12243.0,38.1590730,-122.4532870,0.6,2.0,0,0,0
865.00,0.0,0.0,12243,0.0,1,-13.6,0,0,12243.0,38.1590740,-122.4532870,0.6,2.0,0,0,0
865.10,0.0,0.0,12243,0.0,1,-13.6,0,0,12243.0,38.1590740,-122.4532870,0.6,2.0,0,0,0
865.20,0.0,0.0,12243,0.0,1,-13.6,0,0,12243.0,38.1590740,-122.4532870,0.6,2.0,0,0,0
865.30,0.0,0.0,12243,0.0,1,-13.7,0,0,12243.0,38.1590740,-122.4532870,0.6,2.0,0,0,0
865.40,0.0,0.0,12243,0.0,1,-13.6,0,0,12243.0,38.1590740,-122.4532870,0.6,2.0,0,0,0
865.50,0.0,0.0,12243,0.0,1,-13.6,0,0,12243.0,38.1590740,-122.4532870,0.6,2.0,0,0,0
865.60,0.0,0.0,12243,0.0,1,-13.6,0,0,12243.0,38.1590740,-122.4532860,0.6,2.0,0,0,0
865.70,0.0,0.0,12243,0.0,1,-13.7,0,0,12243.0,38.1590740,-122.4532860,0.6,2.0,0,0,0
865.80,0.0,0.0,12243,0.0,1,-13.7,0,0,12243.0,38.1590740,-122.4532860,0.6,2.0,0,0,0
865.90,0.0,0.0,12243,0.0,1,-13.6,0,0,12243.0,38.1590740,-122.4532860,0.6,2.0,0,0,0
866.00,0.0,0.0,12243,0.0,1,-13.7,0,0,12243.0,38.1590740,-122.4532860,0.6,2.0,0,0,0
866.10,0.0,0.0,12243,0.0,1,-13.6,0,0,12243.0,38.1590740,-122.4532860,0.6,2.0,0,0,0
866.20,0.0,0.0,12243,0.0,1,-13.7,0,0,12243.0,38.1590740,-122.4532860,0.6,2.0,0,0,0
866.30,0.0,0.0,12243,0.0,1,-13.6,0,0,12243.0,38.1590740,-122.4532850,0.6,2.0,0,0,0
866.40,0.0,0.0,12243,0.0,1,-13.6,0,0,12243.0,38.1590740,-122.4532850,0.6,2.0,0,0,0
866.50,0.0,0.0,12243,0.0,1,-13.7,0,0,12243.0,38.1590750,-122.4532850,0.6,2.0,0,0,0
866.60,0.0,0.0,12243,0.0,1,-13.6,0,0,12243.0,38.1590750,-122.4532850,0.6,2.0,0,0,0
866.70,0.0,0.0,12243,0.0,1,-13.6,0,0,12243.0,38.1590750,-122.4532850,0.6,2.0,0,0,0
866.80,0.0,0.0,12243,0.0,1,-13.6,0,0,12243.0,38.1590750,-122.4532850,0.5,1.6,0,0,0
866.90,0.0,0.0,12243,0.0,1,-13.6,0,0,12243.0,38.1590750,-122.4532850,0.5,1.6,0,0,0
867.00,0.0,0.0,12243,0.0,1,-13.6,0,0,12243.0,38.1590750,-122.4532850,0.5,1.6,0,0,0
867.10,0.0,0.0,12243,0.0,1,-13.6,0,0,12243.0,38.1590750,-122.4532850,0.5,1.6,0,0,0
867.20,0.0,0.0,12243,0.0,1,-13.6,0,0,12243.0,38.1590750,-122.4532850,0.5,1.6,0,0,0
867.30,0.0,0.0,12243,0.0,1,-13.6,0,0,12243.0,38.1590750,-122.4532850,0.5,1.6,0,0,0
867.40,0.0,0.0,12243,0.0,1,-13.6,0,0,12243.0,38.1590750,-122.4532850,0.5,1.6,0,0,0
867.50,0.0,0.0,12243,0.0,1,-13.6,0,0,12243.0,38.1590750,-122.4532840,0.5,1.6,0,0,0
867.60,0.0,0.0,12243,0.0,1,-13.6,0,0,12243.0,38.1590750,-122.4532840,0.5,1.6,0,0,0
867.70,0.0,0.0,12243,0.0,1,-13.6,0,0,12243.0,38.1590750,-122.4532840,0.5,1.6,0,0,0
867.80,0.0,0.0,12243,0.0,1,-13.6,0,0,12243.0,38.1590750,-122.4532840,0.5,1.6,0,0,0
867.90,0.0,0.0,12243,0.0,1,-13.7,0,0,12243.0,38.1590750,-122.4532840,0.5,1.6,0,0,0
868.00,0.0,0.0,12243,0.0,1,-13.7,0,0,12243.0,38.1590750,-122.4532840,0.5,1.6,0,0,0
868.10,0.0,0.0,12243,0.0,1,-13.6,0,0,12243.0,38.1590750,-122.4532840,0.5,1.6,0,0,0
868.20,0.0,0.0,12243,0.0,1,-13.7,0,0,12243.0,38.1590750,-122.4532840,0.5,1.6,0,0,0
868.30,0.0,0.0,12243,0.0,1,-13.7,0,0,12243.0,38.1590750,-122.4532840,0.5,1.6,0,0,0
868.40,0.0,0.0,12243,0.0,1,-13.6,0,0,12243.0,38.1590760,-122.4532840,0.5,1.6,0,0,0
868.50,0.0,0.0,12243,0.0,1,-13.7,0,0,12243.0,38.1590760,-122.4532840,0.5,1.6,0,0,0
868.60,0.0,0.0,12243,0.0,1,-13.7,0,0,12243.0,38.1590760,-122.4532840,0.5,1.6,0,0,0
868.70,0.0,0.0,12243,0.0,1,-13.7,0,0,12243.0,38.1590750,-122.4532840,0.5,1.6,0,0,0
868.80,0.0,0.0,12243,0.0,1,-13.7,0,0,12243.0,38.1590750,-122.4532840,0.4,1.3,0,0,0
868.90,0.0,0.0,12243,0.0,1,-13.7,0,0,12243.0,38.1590750,-122.4532840,0.4,1.3,0,0,0
869.00,0.0,0.0,12243,0.0,1,-13.6,0,0,12243.0,38.1590750,-122.4532830,0.4,1.3,0,0,0
869.10,0.0,0.0,12243,0.0,1,-13.7,0,0,12243.0,38.1590750,-122.4532830,0.4,1.3,0,0,0
869.20,0.0,0.0,12243,0.0,1,-13.7,0,0,12243.0,38.1590750,-122.4532830,0.4,1.3,0,0,0
869.30,0.0,0.0,12243,0.0,1,-13.7,0,0,12243.0,38.1590750,-122.4532830,0.4,1.3,0,0,0
869.40,0.0,0.0,12243,0.0,1,-13.6,0,0,12243.0,38.1590750,-122.4532830,0.4,1.3,0,0,0
869.50,0.0,0.0,12243,0.0,1,-13.7,0,0,12243.0,38.1590750,-122.4532830,0.4,1.3,0,0,0
869.60,0.0,0.0,12243,0.0,1,-13.7,0,0,12243.0,38.1590750,-122.4532830,0.4,1.3,0,0,0
869.70,0.0,0.0,12243,0.0,1,-13.7,0,0,12243.0,38.1590750,-122.4532830,0.4,1.3,0,0,0
869.80,0.0,0.0,12243,0.0,1,-13.6,0,0,12243.0,38.1590750,-122.4532830,0.2,0.7,0,0,0
869.90,0.0,0.0,12243,0.0,1,-13.7,0,0,12243.0,38.1590750,-122.4532830,0.2,0.7,0,0,0
870.00,0.0,0.0,12243,0.0,1,-13.7,0,0,12243.0,38.1590750,-122.4532830,0.2,0.7,0,0,0
870.10,0.0,0.0,12243,0.0,1,-13.7,0,0,12243.0,38.1590750,-122.4532830,0.2,0.7,0,0,0
870.20,0.0,0.0,12243,0.0,1,-13.7,0,0,12243.0,38.1590750,-122.4532820,0.2,0.7,0,0,0
870.30,0.0,0.0,12243,0.0,1,-13.7,0,0,12243.0,38.1590740,-122.4532820,0.2,0.7,0,0,0
870.40,0.0,0.0,12243,0.0,1,-13.7,0,0,12243.0,38.1590740,-122.4532820,0.2,0.7,0,0,0
870.50,0.0,0.0,12243,0.0,1,-13.6,0,0,12243.0,38.1590740,-122.4532820,0.2,0.7,0,0,0
870.60,0.0,0.0,12243,0.0,1,-13.6,0,0,12243.0,38.1590740,-122.4532820,0.2,0.7,0,0,0
870.70,0.0,0.0,12243,0.0,1,-13.6,0,0,12243.0,38.1590740,-122.4532820,0.2,0.7,0,0,0
870.80,0.0,0.0,12243,0.0,1,-13.7,0,0,12243.0,38.1590740,-122.4532820,0.1,0.3,0,0,0
870.90,0.0,0.0,12243,0.0,1,-13.6,0,0,12243.0,38.1590740,-122.4532820,0.1,0.3,0,0,0
871.00,0.0,0.0,12243,0.0,1,-13.6,0,0,12243.0,38.1590740,-122.4532820,0.1,0.3,0,0,0
871.10,0.0,0.0,12243,0.0,1,-13.6,0,0,12243.0,38.1590740,-122.4532820,0.1,0.3,0,0,0
871.20,0.0,0.0,12243,0.0,1,-13.7,0,0,12243.0,38.1590740,-122.4532820,0.1,0.3,0,0,0
871.30,0.0,0.0,12243,0.0,1,-13.6,0,0,12243.0,38.1590740,-122.4532820,0.1,0.3,0,0,0
871.40,0.0,0.0,12243,0.0,1,-13.6,0,0,12243.0,38.1590740,-122.4532820,0.1,0.3,0,0,0
871.50,0.0,0.0,12243,0.0,1,-13.6,0,0,12243.0,38.1590740,-122.4532820,0.1,0.3,0,0,0
871.60,0.0,0.0,12243,0.0,1,-13.7,0,0,12243.0,38.1590740,-122.4532820,0.1,0.3,0,0,0
871.70,0.0,0.0,12243,0.0,1,-13.6,0,0,12243.0,38.1590740,-122.4532820,0.1,0.3,0,0,0
871.80,0.0,0.0,12243,0.0,1,-13.6,0,0,12243.0,38.1590740,-122.4532820,6553.5,21501.0,0,0,0
871.90,0.0,0.0,12243,0.0,1,-13.6,0,0,12243.0,38.1590740,-122.4532820,6553.5,21501.0,0,0,0
872.00,0.0,0.0,12243,0.0,1,-13.7,0,0,12243.0,38.1590740,-122.4532820,6553.5,21501.0,0,0,0
872.10,0.0,0.0,12243,0.0,1,-13.6,0,0,12243.0,38.1590740,-122.4532820,6553.5,21501.0,0,0,0
872.20,0.0,0.0,12243,0.0,1,-13.6,0,0,12243.0,38.1590740,-122.4532820,6553.5,21501.0,0,0,0
872.30,0.0,0.0,12243,0.0,1,-13.6,0,0,12243.0,38.1590740,-122.4532820,6553.5,21501.0,0,0,0
872.40,0.0,0.0,12243,0.0,1,-13.6,0,0,12243.0,38.1590740,-122.4532820,6553.5,21501.0,0,0,0
872.50,0.0,0.0,12243,0.0,1,-13.6,0,0,12243.0,38.1590730,-122.4532820,6553.5,21501.0,0,0,0
872.60,0.0,0.0,12243,0.0,1,-13.6,0,0,12243.0,38.1590730,-122.4532820,6553.5,21501.0,0,0,0
872.70,0.0,0.0,12243,0.0,1,-13.6,0,0,12243.0,38.1590730,-122.4532820,6553.5,21501.0,0,0,0
872.80,0.0,0.0,12243,0.0,1,-13.6,0,0,12243.0,38.1590730,-122.4532820,6553.2,21500.0,0,0,0
872.90,0.0,0.0,12243,0.0,1,-13.6,0,0,12243.0,38.1590730,-122.4532820,6553.2,21500.0,0,0,0
873.00,0.0,0.0,12243,0.0,1,-13.6,0,0,12243.0,38.1590730,-122.4532820,6553.2,21500.0,0,0,0
873.10,0.0,0.0,12243,0.0,1,-13.6,0,0,12243.0,38.1590730,-122.4532820,6553.2,21500.0,0,0,0
873.20,0.0,0.0,12243,0.0,1,-13.6,0,0,12243.0,38.1590730,-122.4532820,6553.2,21500.0,0,0,0
873.30,0.0,0.0,12243,0.0,1,-13.6,0,0,12243.0,38.1590730,-122.4532820,6553.2,21500.0,0,0,0
873.40,0.0,0.0,12243,0.0,1,-13.6,0,0,12243.0,38.1590730,-122.4532820,6553.2,21500.0,0,0,0
873.50,0.0,0.0,12243,0.0,1,-13.6,0,0,12243.0,38.1590730,-122.4532820,6553.2,21500.0,0,0,0
873.60,0.0,0.0,12243,0.0,1,-13.6,0,0,12243.0,38.1590730,-122.4532820,6553.2,21500.0,0,0,0
873.70,0.0,0.0,12243,0.0,1,-13.7,0,0,12243.0,38.1590730,-122.4532820,6553.2,21500.0,0,0,0
873.80,0.0,0.0,12243,0.0,1,-13.7,0,0,12243.0,38.1590730,-122.4532820,6553.1,21499.7,0,0,0
873.90,0.0,0.0,12243,0.0,1,-13.6,0,0,12243.0,38.1590730,-122.4532820,6553.1,21499.7,0,0,0
874.00,0.0,0.0,12243,0.0,1,-13.7,0,0,12243.0,38.1590730,-122.4532820,6553.1,21499.7,0,0,0
874.10,0.0,0.0,12243,0.0,1,-13.6,0,0,12243.0,38.1590730,-122.4532820,6553.1,21499.7,0,0,0
874.20,0.0,0.0,12243,0.0,1,-13.7,0,0,12243.0,38.1590730,-122.4532820,6553.1,21499.7,0,0,0
874.30,0.0,0.0,12243,0.0,1,-13.6,0,0,12243.0,38.1590730,-122.4532820,6553.1,21499.7,0,0,0
874.40,0.0,0.0,12243,0.0,1,-13.7,0,0,12243.0,38.1590730,-122.4532820,6553.1,21499.7,0,0,0
874.50,0.0,0.0,12243,0.0,1,-13.6,0,0,12243.0,38.1590730,-122.4532820,6553.1,21499.7,0,0,0
874.60,0.0,0.0,12243,0.0,1,-13.7,0,0,12243.0,38.1590730,-122.4532820,6553.1,21499.7,0,0,0
874.70,0.0,0.0,12243,0.0,1,-13.7,0,0,12243.0,38.1590730,-122.4532820,6553.1,21499.7,0,0,0
874.80,0.0,0.0,12243,0.0,1,-13.6,0,0,12243.0,38.1590720,-122.4532820,6552.9,21499.0,0,0,0
874.90,0.0,0.0,12243,0.0,1,-13.7,0,0,12243.0,38.1590720,-122.4532820,6552.9,21499.0,0,0,0
875.00,0.0,0.0,12243,0.0,1,-13.7,0,0,12243.0,38.1590720,-122.4532820,6552.9,21499.0,0,0,0
875.10,0.0,0.0,12243,0.0,1,-13.7,0,0,12243.0,38.1590720,-122.4532820,6552.9,21499.0,0,0,0
875.20,0.0,0.0,12243,0.0,1,-13.7,0,0,12243.0,38.1590720,-122.4532820,6552.9,21499.0,0,0,0
875.30,0.0,0.0,12243,0.0,1,-13.7,0,0,12243.0,38.1590720,-122.4532820,6552.9,21499.0,0,0,0
875.40,0.0,0.0,12243,0.0,1,-13.7,0,0,12243.0,38.1590720,-122.4532820,6552.9,21499.0,0,0,0
875.50,0.0,0.0,12243,0.0,1,-13.7,0,0,12243.0,38.1590720,-122.4532820,6552.9,21499.0,0,0,0
875.60,0.0,0.0,12243,0.0,1,-13.7,0,0,12243.0,38.1590720,-122.4532820,6552.9,21499.0,0,0,0
875.70,0.0,0.0,12243,0.0,1,-13.7,0,0,12243.0,38.1590720,-122.4532820,6552.9,21499.0,0,0,0
875.80,0.0,0.0,12243,0.0,1,-13.7,0,0,12243.0,38.1590720,-122.4532820,6552.8,21498.7,0,0,0
875.90,0.0,0.0,12243,0.0,1,-13.7,0,0,12243.0,38.1590730,-122.4532820,6552.8,21498.7,0,0,0
876.00,0.0,0.0,12243,0.0,1,-13.7,0,0,12243.0,38.1590730,-122.4532820,6552.8,21498.7,0,0,0
876.10,0.0,0.0,12243,0.0,1,-13.7,0,0,12243.0,38.1590720,-122.4532820,6552.8,21498.7,0,0,0
876.20,0.0,0.0,12243,0.0,1,-13.7,0,0,12243.0,38.1590720,-122.4532820,6552.8,21498.7,0,0,0
876.30,0.0,0.0,12243,0.0,1,-13.7,0,0,12243.0,38.1590720,-122.4532820,6552.8,21498.7,0,0,0
876.40,0.0,0.0,12243,0.0,1,-13.7,0,0,12243.0,38.1590730,-122.4532820,6552.8,21498.7,0,0,0
876.50,0.0,0.0,12243,0.0,1,-13.7,0,0,12243.0,38.1590730,-122.4532820,6552.8,21498.7,0,0,0
876.60,0.0,0.0,12243,0.0,1,-13.7,0,0,12243.0,38.1590730,-122.4532820,6552.8,21498.7,0,0,0
876.70,0.0,0.0,12243,0.0,1,-13.6,0,0,12243.0,38.1590730,-122.4532820,6552.8,21498.7,0,0,0
876.80,0.0,0.0,12243,0.0,1,-13.7,0,0,12243.0,38.1590730,-122.4532830,6552.8,21498.7,0,0,0
876.90,0.0,0.0,12243,0.0,1,-13.7,0,0,12243.0,38.1590730,-122.4532820,6552.8,21498.7,0,0,0
877.00,0.0,0.0,12243,0.0,1,-13.7,0,0,12243.0,38.1590730,-122.4532820,6552.8,21498.7,0,0,0
877.10,0.0,0.0,12243,0.0,1,-13.6,0,0,12243.0,38.1590730,-122.4532820,6552.8,21498.7,0,0,0
877.20,0.0,0.0,12243,0.0,1,-13.7,0,0,12243.0,38.1590730,-122.4532820,6552.8,21498.7,0,0,0
877.30,0.0,0.0,12243,0.0,1,-13.7,0,0,12243.0,38.1590730,-122.4532820,6552.8,21498.7,0,0,0
877.40,0.0,0.0,12243,0.0,1,-13.7,0,0,12243.0,38.1590730,-122.4532820,6552.8,21498.7,0,0,0
877.50,0.0,0.0,12243,0.0,1,-13.6,0,0,12243.0,38.1590730,-122.4532820,6552.8,21498.7,0,0,0
877.60,0.0,0.0,12243,0.0,1,-13.7,0,0,12243.0,38.1590730,-122.4532820,6552.8,21498.7,0,0,0
877.70,0.0,0.0,12243,0.0,1,-13.7,0,0,12243.0,38.1590730,-122.4532820,6552.8,21498.7,0,0,0
877.80,0.0,0.0,12243,0.0,1,-13.7,0,0,12243.0,38.1590730,-122.4532820,6552.8,21498.7,0,0,0
877.90,0.0,0.0,12243,0.0,1,-13.6,0,0,12243.0,38.1590730,-122.4532820,6552.8,21498.7,0,0,0
878.00,0.0,0.0,12243,0.0,1,-13.7,0,0,12243.0,38.1590730,-122.4532820,6552.8,21498.7,0,0,0
878.10,0.0,0.0,12243,0.0,1,-13.7,0,0,12243.0,38.1590730,-122.4532820,6552.8,21498.7,0,0,0
878.20,0.0,0.0,12243,0.0,1,-13.7,0,0,12243.0,38.1590730,-122.4532820,6552.8,21498.7,0,0,0
878.30,0.0,0.0,12243,0.0,1,-13.6,0,0,12243.0,38.1590740,-122.4532820,6552.8,21498.7,0,0,0
878.40,0.0,0.0,12243,0.0,1,-13.7,0,0,12243.0,38.1590740,-122.4532820,6552.8,21498.7,0,0,0
878.50,0.0,0.0,12243,0.0,1,-13.7,0,0,12243.0,38.1590740,-122.4532820,6552.8,21498.7,0,0,0
878.60,0.0,0.0,12243,0.0,1,-13.7,0,0,12243.0,38.1590740,-122.4532820,6552.8,21498.7,0,0,0
878.70,0.0,0.0,12243,0.0,1,-13.7,0,0,12243.0,38.1590740,-122.4532820,6552.8,21498.7,0,0,0
878.80,0.0,0.0,12243,0.0,1,-13.7,0,0,12243.0,38.1590740,-122.4532820,6552.8,21498.7,0,0,0
878.90,0.0,0.0,12243,0.0,1,-13.7,0,0,12243.0,38.1590740,-122.4532820,6552.8,21498.7,0,0,0
879.00,0.0,0.0,12243,0.0,1,-13.7,0,0,12243.0,38.1590740,-122.4532820,6552.8,21498.7,0,0,0
879.10,0.0,0.0,12243,0.0,1,-13.7,0,0,12243.0,38.1590740,-122.4532820,6552.8,21498.7,0,0,0
879.20,0.0,0.0,12243,0.0,1,-13.7,0,0,12243.0,38.1590740,-122.4532820,6552.8,21498.7,0,0,0
879.30,0.0,0.0,12243,0.0,1,-13.7,0,0,12243.0,38.1590740,-122.4532820,6552.8,21498.7,0,0,0
879.40,0.0,0.0,12243,0.0,1,-13.7,0,0,12243.0,38.1590740,-122.4532820,6552.8,21498.7,0,0,0
879.50,0.0,0.0,12243,0.0,1,-13.7,0,0,12243.0,38.1590740,-122.4532820,6552.8,21498.7,0,0,0
879.60,0.0,0.0,12243,0.0,1,-13.7,0,0,12243.0,38.1590750,-122.4532820,6552.8,21498.7,0,0,0
879.70,0.0,0.0,12243,0.0,1,-13.6,0,0,12243.0,38.1590750,-122.4532820,6552.8,21498.7,0,0,0
879.80,0.0,0.0,12243,0.0,1,-13.6,0,0,12243.0,38.1590750,-122.4532820,6552.7,21498.4,0,0,0
879.90,0.0,0.0,12243,0.0,1,-13.6,0,0,12243.0,38.1590750,-122.4532820,6552.7,21498.4,0,0,0
880.00,0.0,0.0,12243,0.0,1,-13.6,0,0,12243.0,38.1590750,-122.4532820,6552.7,21498.4,0,0,0
880.10,0.0,0.0,12243,0.0,1,-13.6,0,0,12243.0,38.1590750,-122.4532820,6552.7,21498.4,0,0,0
880.20,0.0,0.0,12243,0.0,1,-13.7,0,0,12243.0,38.1590750,-122.4532820,6552.7,21498.4,0,0,0
880.30,0.0,0.0,12243,0.0,1,-13.7,0,0,12243.0,38.1590750,-122.4532820,6552.7,21498.4,0,0,0
880.40,0.0,0.0,12243,0.0,1,-13.6,0,0,12243.0,38.1590750,-122.4532820,6552.7,21498.4,0,0,0
880.50,0.0,0.0,12243,0.0,1,-13.6,0,0,12243.0,38.1590750,-122.4532820,6552.7,21498.4,0,0,0
880.60,0.0,0.0,12243,0.0,1,-13.7,0,0,12243.0,38.1590750,-122.4532820,6552.7,21498.4,0,0,0
880.70,0.0,0.0,12243,0.0,1,-13.7,0,0,12243.0,38.1590750,-122.4532820,6552.7,21498.4,0,0,0
880.80,0.0,0.0,12243,0.0,1,-13.6,0,0,12243.0,38.1590750,-122.4532820,6552.7,21498.4,0,0,0
880.90,0.0,0.0,12243,0.0,1,-13.6,0,0,12243.0,38.1590760,-122.4532820,6552.7,21498.4,0,0,0
881.00,0.0,0.0,12243,0.0,1,-13.7,0,0,12243.0,38.1590750,-122.4532820,6552.7,21498.4,0,0,0
881.10,0.0,0.0,12243,0.0,1,-13.7,0,0,12243.0,38.1590750,-122.4532820,6552.7,21498.4,0,0,0
881.20,0.0,0.0,12243,0.0,1,-13.7,0,0,12243.0,38.1590750,-122.4532820,6552.7,21498.4,0,0,0
881.30,0.0,0.0,12243,0.0,1,-13.7,0,0,12243.0,38.1590750,-122.4532820,6552.7,21498.4,0,0,0
881.40,0.0,0.0,12243,0.0,1,-13.7,0,0,12243.0,38.1590750,-122.4532820,6552.7,21498.4,0,0,0
881.50,0.0,0.0,12243,0.0,1,-13.7,0,0,12243.0,38.1590760,-122.4532820,6552.7,21498.4,0,0,0
881.60,0.0,0.0,12243,0.0,1,-13.7,0,0,12243.0,38.1590760,-122.4532820,6552.7,21498.4,0,0,0
881.70,0.0,0.0,12243,0.0,1,-13.7,0,0,12243.0,38.1590760,-122.4532820,6552.7,21498.4,0,0,0
881.80,0.0,0.0,12243,0.0,1,-13.7,0,0,12243.0,38.1590760,-122.4532820,6552.7,21498.4,0,0,0
881.90,0.0,0.0,12243,0.0,1,-13.7,0,0,12243.0,38.1590760,-122.4532830,6552.7,21498.4,0,0,0
882.00,0.0,0.0,12243,0.0,1,-13.7,0,0,12243.0,38.1590760,-122.4532830,6552.7,21498.4,0,0,0
882.10,0.0,0.0,12243,0.0,1,-13.7,0,0,12243.0,38.1590760,-122.4532820,6552.7,21498.4,0,0,0
882.20,0.0,0.0,12243,0.0,1,-13.6,0,0,12243.0,38.1590760,-122.4532820,6552.7,21498.4,0,0,0
882.30,0.0,0.0,12243,0.0,1,-13.7,0,0,12243.0,38.1590760,-122.4532830,6552.7,21498.4,0,0,0
882.40,0.0,0.0,12243,0.0,1,-13.7,0,0,12243.0,38.1590760,-122.4532830,6552.7,21498.4,0,0,0
882.50,0.0,0.0,12243,0.0,1,-13.7,0,0,12243.0,38.1590770,-122.4532830,6552.7,21498.4,0,0,0
882.60,0.0,0.0,12243,0.0,1,-13.6,0,0,12243.0,38.1590770,-122.4532830,6552.7,21498.4,0,0,0
882.70,0.0,0.0,12243,0.0,1,-13.7,0,0,12243.0,38.1590770,-122.4532830,6552.7,21498.4,0,0,0
882.80,0.0,0.0,12243,0.0,1,-13.7,0,0,12243.0,38.1590770,-122.4532830,6552.6,21498.0,0,0,0
882.90,0.0,0.0,12243,0.0,1,-13.7,0,0,12243.0,38.1590770,-122.4532830,6552.6,21498.0,0,0,0
883.00,0.0,0.0,12243,0.0,1,-13.7,0,0,12243.0,38.1590770,-122.4532830,6552.6,21498.0,0,0,0
883.10,0.0,0.0,12243,0.0,1,-13.7,0,0,12243.0,38.1590770,-122.4532830,6552.6,21498.0,0,0,0
883.20,0.0,0.0,12243,0.0,1,-13.7,0,0,12243.0,38.1590770,-122.4532830,6552.6,21498.0,0,0,0
883.30,0.0,0.0,12243,0.0,1,-13.7,0,0,12243.0,38.1590770,-122.4532830,6552.6,21498.0,0,0,0
883.40,0.0,0.0,12243,0.0,1,-13.7,0,0,12243.0,38.1590770,-122.4532830,6552.6,21498.0,0,0,0
883.50,0.0,0.0,12243,0.0,1,-13.7,0,0,12243.0,38.1590780,-122.4532830,6552.6,21498.0,0,0,0
883.60,0.0,0.0,12243,0.0,1,-13.7,0,0,12243.0,38.1590780,-122.4532830,6552.6,21498.0,0,0,0
883.70,0.0,0.0,12243,0.0,1,-13.7,0,0,12243.0,38.1590780,-122.4532830,6552.6,21498.0,0,0,0
883.80,0.0,0.0,12243,0.0,1,-13.7,0,0,12243.0,38.1590780,-122.4532830,6552.5,21497.7,0,0,0
883.90,0.0,0.0,12243,0.0,1,-13.7,0,0,12243.0,38.1590780,-122.4532830,6552.5,21497.7,0,0,0
884.00,0.0,0.0,12243,0.0,1,-13.7,0,0,12243.0,38.1590780,-122.4532830,6552.5,21497.7,0,0,0
884.10,0.0,0.0,12243,0.0,1,-13.7,0,0,12243.0,38.1590780,-122.4532830,6552.5,21497.7,0,0,0
884.20,0.0,0.0,12243,0.0,1,-13.7,0,0,12243.0,38.1590770,-122.4532830,6552.5,21497.7,0,0,0
884.30,0.0,0.0,12243,0.0,1,-13.7,0,0,12243.0,38.1590770,-122.4532830,6552.5,21497.7,0,0,0
884.40,0.0,0.0,12243,0.0,1,-13.7,0,0,12243.0,38.1590770,-122.4532830,6552.5,21497.7,0,0,0
884.50,0.0,0.0,12243,0.0,1,-13.7,0,0,12243.0,38.1590780,-122.4532840,6552.5,21497.7,0,0,0
884.60,0.0,0.0,12243,0.0,1,-13.7,0,0,12243.0,38.1590780,-122.4532840,6552.5,21497.7,0,0,0
884.70,0.0,0.0,12243,0.0,1,-13.7,0,0,12243.0,38.1590780,-122.4532840,6552.5,21497.7,0,0,0
884.80,0.0,0.0,12243,0.0,1,-13.7,0,0,12243.0,38.1590780,-122.4532840,6552.5,21497.7,0,0,0
884.90,0.0,0.0,12243,0.0,1,-13.6,0,0,12243.0,38.1590780,-122.4532840,6552.5,21497.7,0,0,0
885.00,0.0,0.0,12243,0.0,1,-13.7,0,0,12243.0,38.1590780,-122.4532840,6552.5,21497.7,0,0,0
885.10,0.0,0.0,12243,0.0,1,-13.7,0,0,12243.0,38.1590790,-122.4532840,6552.5,21497.7,0,0,0
885.20,0.0,0.0,12243,0.0,1,-13.7,0,0,12243.0,38.1590790,-122.4532850,6552.5,21497.7,0,0,0
885.30,0.0,0.0,12243,0.0,1,-13.6,0,0,12243.0,38.1590790,-122.4532850,6552.5,21497.7,0,0,0
885.40,0.0,0.0,12243,0.0,1,-13.7,0,0,12243.0,38.1590800,-122.4532850,6552.5,21497.7,0,0,0
885.50,0.0,0.0,12243,0.0,1,-13.7,0,0,12243.0,38.1590800,-122.4532850,6552.5,21497.7,0,0,0
885.60,0.0,0.0,12243,0.0,1,-13.7,0,0,12243.0,38.1590800,-122.4532850,6552.5,21497.7,0,0,0
885.70,0.0,0.0,12243,0.0,1,-13.6,0,0,12243.0,38.1590800,-122.4532850,6552.5,21497.7,0,0,0
885.80,0.0,0.0,12243,0.0,1,-13.7,0,0,12243.0,38.1590800,-122.4532850,6552.6,21498.0,0,0,0
885.90,0.0,0.0,12243,0.0,1,-13.7,0,0,12243.0,38.1590800,-122.4532850,6552.6,21498.0,0,0,0
886.00,0.0,0.0,12243,0.0,1,-13.7,0,0,12243.0,38.1590800,-122.4532850,6552.6,21498.0,0,0,0
886.10,0.0,0.0,12243,0.0,1,-13.7,0,0,12243.0,38.1590800,-122.4532850,6552.6,21498.0,0,0,0
886.20,0.0,0.0,12243,0.0,1,-13.7,0,0,12243.0,38.1590800,-122.4532860,6552.6,21498.0,0,0,0
886.30,0.0,0.0,12243,0.0,1,-13.7,0,0,12243.0,38.1590800,-122.4532860,6552.6,21498.0,0,0,0
886.40,0.0,0.0,12243,0.0,1,-13.7,0,0,12243.0,38.1590800,-122.4532860,6552.6,21498.0,0,0,0
886.50,0.0,0.0,12243,0.0,1,-13.7,0,0,12243.0,38.1590800,-122.4532860,6552.6,21498.0,0,0,0
886.60,0.0,0.0,12243,0.0,1,-13.7,0,0,12243.0,38.1590800,-122.4532860,6552.6,21498.0,0,0,0
886.70,0.0,0.0,12243,0.0,1,-13.7,0,0,12243.0,38.1590800,-122.4532860,6552.6,21498.0,0,0,0
886.80,0.0,0.0,12243,0.0,1,-13.7,0,0,12243.0,38.1590800,-122.4532860,6552.5,21497.7,0,0,0
886.90,0.0,0.0,12243,0.0,1,-13.7,0,0,12243.0,38.1590800,-122.4532860,6552.5,21497.7,0,0,0
887.00,0.0,0.0,12243,0.0,1,-13.7,0,0,12243.0,38.1590800,-122.4532860,6552.5,21497.7,0,0,0
887.10,0.0,0.0,12243,0.0,1,-13.7,0,0,12243.0,38.1590800,-122.4532860,6552.5,21497.7,0,0,0
887.20,0.0,0.0,12243,0.0,1,-13.7,0,0,12243.0,38.1590800,-122.4532860,6552.5,21497.7,0,0,0
887.30,0.0,0.0,12243,0.0,1,-13.7,0,0,12243.0,38.1590800,-122.4532860,6552.5,21497.7,0,0,0
887.40,0.0,0.0,12243,0.0,1,-13.7,0,0,12243.0,38.1590800,-122.4532860,6552.5,21497.7,0,0,0
887.50,0.0,0.0,12243,0.0,1,-13.7,0,0,12243.0,38.1590790,-122.4532860,6552.5,21497.7,0,0,0
887.60,0.0,0.0,12243,0.0,1,-13.7,0,0,12243.0,38.1590790,-122.4532860,6552.5,21497.7,0,0,0
887.70,0.0,0.0,12243,0.0,1,-13.7,0,0,12243.0,38.1590790,-122.4532860,6552.5,21497.7,0,0,0
887.80,0.0,0.0,12243,0.0,1,-13.7,0,0,12243.0,38.1590790,-122.4532860,6552.5,21497.7,0,0,0
887.90,0.0,0.0,12243,0.0,1,-13.7,0,0,12243.0,38.1590790,-122.4532850,6552.5,21497.7,0,0,0
888.00,0.0,0.0,12243,0.0,1,-13.7,0,0,12243.0,38.1590780,-122.4532850,6552.5,21497.7,0,0,0
888.10,0.0,0.0,12243,0.0,1,-13.7,0,0,12243.0,38.1590780,-122.4532850,6552.5,21497.7,0,0,0
888.20,0.0,0.0,12243,0.0,1,-13.7,0,0,12243.0,38.1590780,-122.4532860,6552.5,21497.7,0,0,0
888.30,0.0,0.0,12243,0.0,1,-13.7,0,0,12243.0,38.1590780,-122.4532860,6552.5,21497.7,0,0,0
888.40,0.0,0.0,12243,0.0,1,-13.7,0,0,12243.0,38.1590780,-122.4532860,6552.5,21497.7,0,0,0
888.50,0.0,0.0,12243,0.0,1,-13.7,0,0,12243.0,38.1590780,-122.4532860,6552.5,21497.7,0,0,0
888.60,0.0,0.0,12243,0.0,1,-13.7,0,0,12243.0,38.1590780,-122.4532860,6552.5,21497.7,0,0,0
888.70,0.0,0.0,12243,0.0,1,-13.7,0,0,12243.0,38.1590780,-122.4532860,6552.5,21497.7,0,0,0
888.80,0.0,0.0,12243,0.0,1,-13.7,0,0,12243.0,38.1590780,-122.4532860,6552.3,21497.0,0,0,0
888.90,0.0,0.0,12243,0.0,1,-13.7,0,0,12243.0,38.1590780,-122.4532860,6552.3,21497.0,0,0,0
889.00,0.0,0.0,12243,0.0,1,-13.7,0,0,12243.0,38.1590780,-122.4532860,6552.3,21497.0,0,0,0
889.10,0.0,0.0,12243,0.0,1,-13.7,0,0,12243.0,38.1590770,-122.4532860,6552.3,21497.0,0,0,0
889.20,0.0,0.0,12243,0.0,1,-13.7,0,0,12243.0,38.1590770,-122.4532860,6552.3,21497.0,0,0,0
889.30,0.0,0.0,12243,0.0,1,-13.7,0,0,12243.0,38.1590770,-122.4532860,6552.3,21497.0,0,0,0
889.40,0.0,0.0,12243,0.0,1,-13.7,0,0,12243.0,38.1590770,-122.4532870,6552.3,21497.0,0,0,0
889.50,0.0,0.0,12243,0.0,1,-13.7,0,0,12243.0,38.1590760,-122.4532870,6552.3,21497.0,0,0,0
889.60,0.0,0.0,12243,0.0,1,-13.6,0,0,12243.0,38.1590760,-122.4532870,6552.3,21497.0,0,0,0
889.70,0.0,0.0,12243,0.0,1,-13.6,0,0,12243.0,38.1590760,-122.4532870,6552.3,21497.0,0,0,0
889.80,0.0,0.0,12243,0.0,1,-13.7,0,0,12243.0,38.1590750,-122.4532870,6552.0,21496.1,0,0,0
889.90,0.0,0.0,12243,0.0,1,-13.6,0,0,12243.0,38.1590750,-122.4532870,6552.0,21496.1,0,0,0
890.00,0.0,0.0,12243,0.0,1,-13.6,0,0,12243.0,38.1590750,-122.4532870,6552.0,21496.1,0,0,0
890.10,0.0,0.0,12243,0.0,1,-13.6,0,0,12243.0,38.1590750,-122.4532870,6552.0,21496.1,0,0,0
890.20,0.0,0.0,12243,0.0,1,-13.6,0,0,12243.0,38.1590750,-122.4532870,6552.0,21496.1,0,0,0
890.30,0.0,0.0,12243,0.0,1,-13.6,0,0,12243.0,38.1590750,-122.4532870,6552.0,21496.1,0,0,0
890.40,0.0,0.0,12243,0.0,1,-13.6,0,0,12243.0,38.1590750,-122.4532870,6552.0,21496.1,0,0,0
890.50,0.0,0.0,12243,0.0,1,-13.6,0,0,12243.0,38.1590760,-122.4532870,6552.0,21496.1,0,0,0
890.60,0.0,0.0,12243,0.0,1,-13.6,0,0,12243.0,38.1590760,-122.4532870,6552.0,21496.1,0,0,0
890.70,0.0,0.0,12243,0.0,1,-13.6,0,0,12243.0,38.1590760,-122.4532870,6552.0,21496.1,0,0,0
890.80,0.0,0.0,12243,0.0,1,-13.6,0,0,12243.0,38.1590760,-122.4532870,6552.0,21496.1,0,0,0
890.90,0.0,0.0,12243,0.0,1,-13.6,0,0,12243.0,38.1590760,-122.4532880,6552.0,21496.1,0,0,0
891.00,0.0,0.0,12243,0.0,1,-13.6,0,0,12243.0,38.1590760,-122.4532880,6552.0,21496.1,0,0,0
891.10,0.0,0.0,12243,0.0,1,-13.6,0,0,12243.0,38.1590760,-122.4532880,6552.0,21496.1,0,0,0
891.20,0.0,0.0,12243,0.0,1,-13.6,0,0,12243.0,38.1590760,-122.4532880,6552.0,21496.1,0,0,0
891.30,0.0,0.0,12243,0.0,1,-13.6,0,0,12243.0,38.1590760,-122.4532880,6552.0,21496.1,0,0,0
891.40,0.0,0.0,12243,0.0,1,-13.6,0,0,12243.0,38.1590750,-122.4532880,6552.0,21496.1,0,0,0
891.50,0.0,0.0,12243,0.0,1,-13.7,0,0,12243.0,38.1590750,-122.4532880,6552.0,21496.1,0,0,0
891.60,0.0,0.0,12243,0.0,1,-13.7,0,0,12243.0,38.1590750,-122.4532880,6552.0,21496.1,0,0,0
891.70,0.0,0.0,12243,0.0,1,-13.7,0,0,12243.0,38.1590750,-122.4532880,6552.0,21496.1,0,0,0
891.80,0.0,0.0,12243,0.0,1,-13.7,0,0,12243.0,38.1590750,-122.4532880,6551.7,21495.1,0,0,0
891.90,0.0,0.0,12243,0.0,1,-13.7,0,0,12243.0,38.1590750,-122.4532880,6551.7,21495.1,0,0,0
892.00,0.0,0.0,12243,0.0,1,-13.7,0,0,12243.0,38.1590750,-122.4532880,6551.7,21495.1,0,0,0
892.10,0.0,0.0,12243,0.0,1,-13.7,0,0,12243.0,38.1590740,-122.4532880,6551.7,21495.1,0,0,0
892.20,0.0,0.0,12243,0.0,1,-13.7,0,0,12243.0,38.1590740,-122.4532880,6551.7,21495.1,0,0,0
892.30,0.0,0.0,12243,0.0,1,-13.7,0,0,12243.0,38.1590740,-122.4532880,6551.7,21495.1,0,0,0
892.40,0.0,0.0,12243,0.0,1,-13.7,0,0,12243.0,38.1590740,-122.4532880,6551.7,21495.1,0,0,0
892.50,0.0,0.0,12243,0.0,1,-13.7,0,0,12243.0,38.1590730,-122.4532880,6551.7,21495.1,0,0,0
892.60,0.0,0.0,12243,0.0,1,-13.7,0,0,12243.0,38.1590730,-122.4532890,6551.7,21495.1,0,0,0
892.70,0.0,0.0,12243,0.0,1,-13.7,0,0,12243.0,38.1590730,-122.4532890,6551.7,21495.1,0,0,0
892.80,0.0,0.0,12243,0.0,1,-13.6,0,0,12243.0,38.1590730,-122.4532890,6551.4,21494.1,0,0,0
892.90,0.0,0.0,12243,0.0,1,-13.6,0,0,12243.0,38.1590730,-122.4532890,6551.4,21494.1,0,0,0
893.00,0.0,0.0,12243,0.0,1,-13.6,0,0,12243.0,38.1590730,-122.4532890,6551.4,21494.1,0,0,0
893.10,0.0,0.0,12243,0.0,1,-13.6,0,0,12243.0,38.1590730,-122.4532890,6551.4,21494.1,0,0,0
893.20,0.0,0.0,12243,0.0,1,-13.6,0,0,12243.0,38.1590720,-122.4532890,6551.4,21494.1,0,0,0
893.30,0.0,0.0,12243,0.0,1,-13.6,0,0,12243.0,38.1590720,-122.4532890,6551.4,21494.1,0,0,0
893.40,0.0,0.0,12243,0.0,1,-13.7,0,0,12243.0,38.1590710,-122.4532900,6551.4,21494.1,0,0,0
893.50,0.0,0.0,12243,0.0,1,-13.7,0,0,12243.0,38.1590710,-122.4532900,6551.4,21494.1,0,0,0
893.60,0.0,0.0,12243,0.0,1,-13.7,0,0,12243.0,38.1590710,-122.4532900,6551.4,21494.1,0,0,0
893.70,0.0,0.0,12243,0.0,1,-13.7,0,0,12243.0,38.1590710,-122.4532900,6551.4,21494.1,0,0,0
893.80,0.0,0.0,12243,0.0,1,-13.7,0,0,12243.0,38.1590710,-122.4532900,6551.1,21493.1,0,0,0
893.90,0.0,0.0,12243,0.0,1,-13.7,0,0,12243.0,38.1590710,-122.4532900,6551.1,21493.1,0,0,0
894.00,0.0,0.0,12243,0.0,1,-13.7,0,0,12243.0,38.1590710,-122.4532900,6551.1,21493.1,0,0,0
894.10,0.0,0.0,12243,0.0,1,-13.7,0,0,12243.0,38.1590710,-122.4532900,6551.1,21493.1,0,0,0
894.20,0.0,0.0,12243,0.0,1,-13.7,0,0,12243.0,38.1590710,-122.4532900,6551.1,21493.1,0,0,0
894.30,0.0,0.0,12243,0.0,1,-13.7,0,0,12243.0,38.1590710,-122.4532900,6551.1,21493.1,0,0,0
894.40,0.0,0.0,12243,0.0,1,-13.7,0,0,12243.0,38.1590710,-122.4532900,6551.1,21493.1,0,0,0
894.50,0.0,0.0,12243,0.0,1,-13.7,0,0,12243.0,38.1590710,-122.4532900,6551.1,21493.1,0,0,0
894.60,0.0,0.0,12243,0.0,1,-13.7,0,0,12243.0,38.1590700,-122.4532900,6551.1,21493.1,0,0,0
894.70,0.0,0.0,12243,0.0,1,-13.7,0,0,12243.0,38.1590700,-122.4532900,6551.1,21493.1,0,0,0
894.80,0.0,0.0,12243,0.0,1,-13.6,0,0,12243.0,38.1590700,-122.4532900,6551.0,21492.8,0,0,0
894.90,0.0,0.0,12243,0.0,1,-13.6,0,0,12243.0,38.1590700,-122.4532900,6551.0,21492.8,0,0,0
895.00,0.0,0.0,12243,0.0,1,-13.7,0,0,12243.0,38.1590700,-122.4532900,6551.0,21492.8,0,0,0
895.10,0.0,0.0,12243,0.0,1,-13.7,0,0,12243.0,38.1590700,-122.4532910,6551.0,21492.8,0,0,0
895.20,0.0,0.0,12243,0.0,1,-13.6,0,0,12243.0,38.1590690,-122.4532910,6551.0,21492.8,0,0,0
895.30,0.0,0.0,12243,0.0,1,-13.6,0,0,12243.0,38.1590700,-122.4532910,6551.0,21492.8,0,0,0
895.40,0.0,0.0,12243,0.0,1,-13.6,0,0,12243.0,38.1590700,-122.4532910,6551.0,21492.8,0,0,0
895.50,0.0,0.0,12243,0.0,1,-13.7,0,0,12243.0,38.1590700,-122.4532910,6551.0,21492.8,0,0,0
895.60,0.0,0.0,12243,0.0,1,-13.7,0,0,12243.0,38.1590700,-122.4532910,6551.0,21492.8,0,0,0
895.70,0.0,0.0,12243,0.0,1,-13.6,0,0,12243.0,38.1590700,-122.4532910,6551.0,21492.8,0,0,0
895.80,0.0,0.0,12243,0.0,1,-13.7,0,0,12243.0,38.1590700,-122.4532920,6551.0,21492.8,0,0,0
895.90,0.0,0.0,12243,0.0,1,-13.7,0,0,12243.0,38.1590700,-122.4532920,6551.0,21492.8,0,0,0
896.00,0.0,0.0,12243,0.0,1,-13.7,0,0,12243.0,38.1590710,-122.4532920,6551.0,21492.8,0,0,0
896.10,0.0,0.0,12243,0.0,1,-13.6,0,0,12243.0,38.1590710,-122.4532920,6551.0,21492.8,0,0,0
896.20,0.0,0.0,12243,0.0,1,-13.7,0,0,12243.0,38.1590720,-122.4532920,6551.0,21492.8,0,0,0
896.30,0.0,0.0,12243,0.0,1,-13.7,0,0,12243.0,38.1590720,-122.4532930,6551.0,21492.8,0,0,0
896.40,0.0,0.0,12243,0.0,1,-13.7,0,0,12243.0,38.1590720,-122.4532930,6551.0,21492.8,0,0,0
896.50,0.0,0.0,12243,0.0,1,-13.6,0,0,12243.0,38.1590720,-122.4532930,6551.0,21492.8,0,0,0
896.60,0.0,0.0,12243,0.0,1,-13.7,0,0,12243.0,38.1590720,-122.4532930,6551.0,21492.8,0,0,0
896.70,0.0,0.0,12243,0.0,1,-13.7,0,0,12243.0,38.1590720,-122.4532930,6551.0,21492.8,0,0,0
896.80,0.0,0.0,12243,0.0,1,-13.6,0,0,12243.0,38.1590710,-122.4532930,6551.0,21492.8,0,0,0
896.90,0.0,0.0,12243,0.0,1,-13.7,0,0,12243.0,38.1590720,-122.4532930,6551.0,21492.8,0,0,0
897.00,0.0,0.0,12243,0.0,1,-13.6,0,0,12243.0,38.1590720,-122.4532930,6551.0,21492.8,0,0,0
897.10,0.0,0.0,12243,0.0,1,-13.6,0,0,12243.0,38.1590720,-122.4532940,6551.0,21492.8,0,0,0
897.20,0.0,0.0,12243,0.0,1,-13.7,0,0,12243.0,38.1590720,-122.4532940,6551.0,21492.8,0,0,0
897.30,0.0,0.0,12243,0.0,1,-13.7,0,0,12243.0,38.1590720,-122.4532940,6551.0,21492.8,0,0,0
897.40,0.0,0.0,12243,0.0,1,-13.6,0,0,12243.0,38.1590720,-122.4532940,6551.0,21492.8,0,0,0
897.50,0.0,0.0,12243,0.0,1,-13.7,0,0,12243.0,38.1590720,-122.4532940,6551.0,21492.8,0,0,0
897.60,0.0,0.0,12243,0.0,1,-13.6,0,0,12243.0,38.1590720,-122.4532940,6551.0,21492.8,0,0,0
897.70,0.0,0.0,12243,0.0,1,-13.7,0,0,12243.0,38.1590730,-122.4532940,6551.0,21492.8,0,0,0
897.80,0.0,0.0,12243,0.0,1,-13.6,0,0,12243.0,38.1590730,-122.4532950,6551.0,21492.8,0,0,0
897.90,0.0,0.0,12243,0.0,1,-13.7,0,0,12243.0,38.1590740,-122.4532940,6551.0,21492.8,0,0,0
898.00,0.0,0.0,12243,0.0,1,-13.7,0,0,12243.0,38.1590750,-122.4532950,6551.0,21492.8,0,0,0
898.10,0.0,0.0,12243,0.0,1,-13.7,0,0,12243.0,38.1590750,-122.4532940,6551.0,21492.8,0,0,0
898.20,0.0,0.0,12243,0.0,1,-13.7,0,0,12243.0,38.1590750,-122.4532950,6551.0,21492.8,0,0,0
898.30,0.0,0.0,12243,0.0,1,-13.7,0,0,12243.0,38.1590750,-122.4532950,6551.0,21492.8,0,0,0
898.40,0.0,0.0,12243,0.0,1,-13.7,0,0,12243.0,38.1590750,-122.4532950,6551.0,21492.8,0,0,0
898.50,0.0,0.0,12243,0.0,1,-13.7,0,0,12243.0,38.1590750,-122.4532950,6551.0,21492.8,0,0,0
898.60,0.0,0.0,12243,0.0,1,-13.7,0,0,12243.0,38.1590740,-122.4532950,6551.0,21492.8,0,0,0
898.70,0.0,0.0,12243,0.0,1,-13.7,0,0,12243.0,38.1590740,-122.4532960,6551.0,21492.8,0,0,0
898.80,0.0,0.0,12243,0.0,1,-13.7,0,0,12243.0,38.1590740,-122.4532960,6551.2,21493.4,0,0,0
898.90,0.0,0.0,12243,0.0,1,-13.7,0,0,12243.0,38.1590750,-122.4532960,6551.2,21493.4,0,0,0
899.00,0.0,0.0,12243,0.0,1,-13.7,0,0,12243.0,38.1590750,-122.4532960,6551.2,21493.4,0,0,0
899.10,0.0,0.0,12243,0.0,1,-13.7,0,0,12243.0,38.1590750,-122.4532960,6551.2,21493.4,0,0,0
899.20,0.0,0.0,12243,0.0,1,-13.7,0,0,12243.0,38.1590750,-122.4532960,6551.2,21493.4,0,0,0
899.30,0.0,0.0,12243,0.0,1,-13.7,0,0,12243.0,38.1590750,-122.4532960,6551.2,21493.4,0,0,0
899.40,0.0,0.0,12243,0.0,1,-13.7,0,0,12243.0,38.1590750,-122.4532960,6551.2,21493.4,0,0,0
899.50,0.0,0.0,12243,0.0,1,-13.7,0,0,12243.0,38.1590760,-122.4532960,6551.2,21493.4,0,0,0
899.60,0.0,0.0,12243,0.0,1,-13.7,0,0,12243.0,38.1590760,-122.4532970,6551.2,21493.4,0,0,0
899.70,0.0,0.0,12243,0.0,1,-13.7,0,0,12243.0,38.1590760,-122.4532970,6551.2,21493.4,0,0,0
899.80,0.0,0.0,12243,0.0,1,-13.7,0,0,12243.0,38.1590770,-122.4532970,6551.3,21493.8,0,0,0
899.90,0.0,0.0,12243,0.0,1,-13.7,0,0,12243.0,38.1590770,-122.4532970,6551.3,21493.8,0,0,0
900.00,0.0,0.0,12243,0.0,1,-13.7,0,0,12243.0,38.1590770,-122.4532970,6551.3,21493.8,0,0,0
900.10,0.0,0.0,12243,0.0,1,-13.7,0,0,12243.0,38.1590780,-122.4532970,6551.3,21493.8,0,0,0
900.20,0.0,0.0,12243,0.0,1,-13.7,0,0,12243.0,38.1590780,-122.4532970,6551.3,21493.8,0,0,0
900.30,0.0,0.0,12243,0.0,1,-13.7,0,0,12243.0,38.1590780,-122.4532970,6551.3,21493.8,0,0,0
900.40,0.0,0.0,12243,0.0,1,-13.7,0,0,12243.0,38.1590780,-122.4532970,6551.3,21493.8,0,0,0
900.50,0.0,0.0,12243,0.0,1,-13.7,0,0,12243.0,38.1590790,-122.4532970,6551.3,21493.8,0,0,0
900.60,0.0,0.0,12243,0.0,1,-13.7,0,0,12243.0,38.1590780,-122.4532980,6551.3,21493.8,0,0,0
900.70,0.0,0.0,12243,0.0,1,-13.7,0,0,12243.0,38.1590780,-122.4532980,6551.3,21493.8,0,0,0
900.80,0.0,0.0,12243,0.0,1,-13.7,0,0,12243.0,38.1590780,-122.4532980,6551.4,21494.1,0,0,0
900.90,0.0,0.0,12243,0.0,1,-13.7,0,0,12243.0,38.1590790,-122.4532980,6551.4,21494.1,0,0,0
901.00,0.0,0.0,12243,0.0,1,-13.7,0,0,12243.0,38.1590790,-122.4532980,6551.4,21494.1,0,0,0
901.10,0.0,0.0,12243,0.0,1,-13.7,0,0,12243.0,38.1590790,-122.4532980,6551.4,21494.1,0,0,0
901.20,0.0,0.0,12243,0.0,1,-13.7,0,0,12243.0,38.1590790,-122.4532980,6551.4,21494.1,0,0,0
901.30,0.0,0.0,12243,0.0,1,-13.7,0,0,12243.0,38.1590800,-122.4532980,6551.4,21494.1,0,0,0
901.40,0.0,0.0,12243,0.0,1,-13.7,0,0,12243.0,38.1590790,-122.4532980,6551.4,21494.1,0,0,0
901.50,0.0,0.0,12243,0.0,1,-13.7,0,0,12243.0,38.1590790,-122.4532990,6551.4,21494.1,0,0,0
901.60,0.0,0.0,12243,0.0,1,-13.7,0,0,12243.0,38.1590790,-122.4532990,6551.4,21494.1,0,0,0
901.70,0.0,0.0,12243,0.0,1,-13.7,0,0,12243.0,38.1590790,-122.4532990,6551.4,21494.1,0,0,0
901.80,0.0,0.0,12243,0.0,1,-13.7,0,0,12243.0,38.1590800,-122.4532990,6551.5,21494.4,0,0,0
901.90,0.0,0.0,12243,0.0,1,-13.7,0,0,12243.0,38.1590790,-122.4532990,6551.5,21494.4,0,0,0
902.00,0.0,0.0,12243,0.0,1,-13.7,0,0,12243.0,38.1590790,-122.4533000,6551.5,21494.4,0,0,0
902.10,0.0,0.0,12243,0.0,1,-13.7,0,0,12243.0,38.1590790,-122.4532990,6551.5,21494.4,0,0,0
902.20,0.0,0.0,12243,0.0,1,-13.7,0,0,12243.0,38.1590780,-122.4533000,6551.5,21494.4,0,0,0
902.30,0.0,0.0,12243,0.0,1,-13.7,0,0,12243.0,38.1590780,-122.4533000,6551.5,21494.4,0,0,0
902.40,0.0,0.0,12243,0.0,1,-13.7,0,0,12243.0,38.1590780,-122.4533000,6551.5,21494.4,0,0,0
902.50,0.0,0.0,12243,0.0,1,-13.7,0,0,12243.0,38.1590780,-122.4533000,6551.5,21494.4,0,0,0
902.60,0.0,0.0,12243,0.0,1,-13.7,0,0,12243.0,38.1590770,-122.4533000,6551.5,21494.4,0,0,0
902.70,0.0,0.0,12243,0.0,1,-13.7,0,0,12243.0,38.1590770,-122.4533000,6551.5,21494.4,0,0,0
902.80,0.0,0.0,12243,0.0,1,-13.7,0,0,12243.0,38.1590770,-122.4533000,6551.1,21493.1,0,0,0
902.90,0.0,0.0,12243,0.0,1,-13.7,0,0,12243.0,38.1590770,-122.4533010,6551.1,21493.1,0,0,0
903.00,0.0,0.0,12243,0.0,1,-13.7,0,0,12243.0,38.1590770,-122.4533010,6551.1,21493.1,0,0,0
903.10,0.0,0.0,12243,0.0,1,-13.7,0,0,12243.0,38.1590770,-122.4533010,6551.1,21493.1,0,0,0
903.20,0.0,0.0,12243,0.0,1,-13.7,0,0,12243.0,38.1590770,-122.4533010,6551.1,21493.1,0,0,0
903.30,0.0,0.0,12243,0.0,1,-13.7,0,0,12243.0,38.1590770,-122.4533010,6551.1,21493.1,0,0,0
903.40,0.0,0.0,12243,0.0,1,-13.7,0,0,12243.0,38.1590760,-122.4533010,6551.1,21493.1,0,0,0
903.50,0.0,0.0,12243,0.0,1,-13.7,0,0,12243.0,38.1590760,-122.4533010,6551.1,21493.1,0,0,0
903.60,0.0,0.0,12243,0.0,1,-13.7,0,0,12243.0,38.1590750,-122.4533010,6551.1,21493.1,0,0,0
903.70,0.0,0.0,12243,0.0,1,-13.7,0,0,12243.0,38.1590740,-122.4533010,6551.1,21493.1,0,0,0
903.80,0.0,0.0,12243,0.0,1,-13.7,0,0,12243.0,38.1590730,-122.4533010,6550.5,21491.1,0,0,0
903.90,0.0,0.0,12243,0.0,1,-13.7,0,0,12243.0,38.1590730,-122.4533010,6550.5,21491.1,0,0,0
904.00,0.0,0.0,12243,0.0,1,-13.7,0,0,12243.0,38.1590720,-122.4533010,6550.5,21491.1,0,0,0
904.10,0.0,0.0,12243,0.0,1,-13.7,0,0,12243.0,38.1590710,-122.4533010,6550.5,21491.1,0,0,0
904.20,0.0,0.0,12243,0.0,1,-13.7,0,0,12243.0,38.1590700,-122.4533010,6550.5,21491.1,0,0,0
904.30,0.0,0.0,12243,0.0,1,-13.7,0,0,12243.0,38.1590700,-122.4533010,6550.5,21491.1,0,0,0
904.40,0.0,0.0,12243,0.0,1,-13.7,0,0,12243.0,38.1590690,-122.4533010,6550.5,21491.1,0,0,0
904.50,0.0,0.0,12243,0.0,1,-13.7,0,0,12243.0,38.1590680,-122.4533010,6550.5,21491.1,0,0,0
904.60,0.0,0.0,12243,0.0,1,-13.7,0,0,12243.0,38.1590690,-122.4533010,6550.5,21491.1,0,0,0
904.70,0.0,0.0,12243,0.0,1,-13.7,0,0,12243.0,38.1590690,-122.4533010,6550.5,21491.1,0,0,0
904.80,0.0,0.0,12243,0.0,1,-13.7,0,0,12243.0,38.1590690,-122.4533010,6550.1,21489.8,0,0,0
904.90,0.0,0.0,12243,0.0,1,-13.7,0,0,12243.0,38.1590690,-122.4533010,6550.1,21489.8,0,0,0
905.00,0.0,0.0,12243,0.0,1,-13.7,0,0,12243.0,38.1590690,-122.4533010,6550.1,21489.8,0,0,0
905.10,0.0,0.0,12243,0.0,1,-13.7,0,0,12243.0,38.1590700,-122.4533020,6550.1,21489.8,0,0,0
905.20,0.0,0.0,12243,0.0,1,-13.7,0,0,12243.0,38.1590690,-122.4533020,6550.1,21489.8,0,0,0
905.30,0.0,0.0,12243,0.0,1,-13.7,0,0,12243.0,38.1590690,-122.4533020,6550.1,21489.8,0,0,0
905.40,0.0,0.0,12243,0.0,1,-13.7,0,0,12243.0,38.1590690,-122.4533020,6550.1,21489.8,0,0,0
905.50,0.0,0.0,12243,0.0,1,-13.7,0,0,12243.0,38.1590690,-122.4533020,6550.1,21489.8,0,0,0
905.60,0.0,0.0,12243,0.0,1,-13.7,0,0,12243.0,38.1590690,-122.4533020,6550.1,21489.8,0,0,0
905.70,0.0,0.0,12243,0.0,1,-13.7,0,0,12243.0,38.1590690,-122.4533020,6550.1,21489.8,0,0,0
905.80,0.0,0.0,12243,0.0,1,-13.7,0,0,12243.0,38.1590690,-122.4533020,6550.0,21489.5,0,0,0
905.90,0.0,0.0,12243,0.0,1,-13.7,0,0,12243.0,38.1590690,-122.4533020,6550.0,21489.5,0,0,0
906.00,0.0,0.0,12243,0.0,1,-13.7,0,0,12243.0,38.1590700,-122.4533020,6550.0,21489.5,0,0,0
906.10,0.0,0.0,12243,0.0,1,-13.7,0,0,12243.0,38.1590700,-122.4533020,6550.0,21489.5,0,0,0
906.20,0.0,0.0,12243,0.0,1,-13.7,0,0,12243.0,38.1590700,-122.4533030,6550.0,21489.5,0,0,0
906.30,0.0,0.0,12243,0.0,1,-13.7,0,0,12243.0,38.1590700,-122.4533030,6550.0,21489.5,0,0,0
906.40,0.0,0.0,12243,0.0,1,-13.7,0,0,12243.0,38.1590700,-122.4533030,6550.0,21489.5,0,0,0
906.50,0.0,0.0,12243,0.0,1,-13.7,0,0,12243.0,38.1590710,-122.4533030,6550.0,21489.5,0,0,0
906.60,0.0,0.0,12243,0.0,1,-13.7,0,0,12243.0,38.1590710,-122.4533030,6550.0,21489.5,0,0,0
906.70,0.0,0.0,12243,0.0,1,-13.7,0,0,12243.0,38.1590710,-122.4533030,6550.0,21489.5,0,0,0
906.80,0.0,0.0,12243,0.0,1,-13.7,0,0,12243.0,38.1590710,-122.4533030,6550.1,21489.8,0,0,0
906.90,0.0,0.0,12243,0.0,1,-13.7,0,0,12243.0,38.1590710,-122.4533030,6550.1,21489.8,0,0,0
907.00,0.0,0.0,12243,0.0,1,-13.7,0,0,12243.0,38.1590720,-122.4533030,6550.1,21489.8,0,0,0
907.10,0.0,0.0,12243,0.0,1,-13.7,0,0,12243.0,38.1590720,-122.4533040,6550.1,21489.8,0,0,0
907.20,0.0,0.0,12243,0.0,1,-13.7,0,0,12243.0,38.1590730,-122.4533040,6550.1,21489.8,0,0,0
907.30,0.0,0.0,12243,0.0,1,-13.7,0,0,12243.0,38.1590730,-122.4533040,6550.1,21489.8,0,0,0
907.40,0.0,0.0,12243,0.0,1,-13.7,0,0,12243.0,38.1590740,-122.4533040,6550.1,21489.8,0,0,0
907.50,0.0,0.0,12243,0.0,1,-13.7,0,0,12243.0,38.1590740,-122.4533040,6550.1,21489.8,0,0,0
907.60,0.0,0.0,12243,0.0,1,-13.7,0,0,12243.0,38.1590740,-122.4533040,6550.1,21489.8,0,0,0
907.70,0.0,0.0,12243,0.0,1,-13.7,0,0,12243.0,38.1590740,-122.4533040,6550.1,21489.8,0,0,0
907.80,0.0,0.0,12243,0.0,1,-13.7,0,0,12243.0,38.1590740,-122.4533050,6550.2,21490.2,0,0,0
907.90,0.0,0.0,12243,0.0,1,-13.7,0,0,12243.0,38.1590730,-122.4533050,6550.2,21490.2,0,0,0
908.00,0.0,0.0,12243,0.0,1,-13.7,0,0,12243.0,38.1590730,-122.4533050,6550.2,21490.2,0,0,0
908.10,0.0,0.0,12243,0.0,1,-13.6,0,0,12243.0,38.1590730,-122.4533050,6550.2,21490.2,0,0,0
908.20,0.0,0.0,12243,0.0,1,-13.7,0,0,12243.0,38.1590720,-122.4533050,6550.2,21490.2,0,0,0
908.30,0.0,0.0,12243,0.0,1,-13.7,0,0,12243.0,38.1590720,-122.4533050,6550.2,21490.2,0,0,0
908.40,0.0,0.0,12243,0.0,1,-13.7,0,0,12243.0,38.1590730,-122.4533050,6550.2,21490.2,0,0,0
908.50,0.0,0.0,12243,0.0,1,-13.6,0,0,12243.0,38.1590730,-122.4533050,6550.2,21490.2,0,0,0
908.60,0.0,0.0,12243,0.0,1,-13.7,0,0,12243.0,38.1590730,-122.4533050,6550.2,21490.2,0,0,0
908.70,0.0,0.0,12243,0.0,1,-13.6,0,0,12243.0,38.1590730,-122.4533050,6550.2,21490.2,0,0,0
908.80,0.0,0.0,12243,0.0,1,-13.7,0,0,12243.0,38.1590720,-122.4533050,6549.9,21489.2,0,0,0
908.90,0.0,0.0,12243,0.0,1,-13.7,0,0,12243.0,38.1590720,-122.4533050,6549.9,21489.2,0,0,0
909.00,0.0,0.0,12243,0.0,1,-13.7,0,0,12243.0,38.1590710,-122.4533050,6549.9,21489.2,0,0,0
909.10,0.0,0.0,12243,0.0,1,-13.7,0,0,12243.0,38.1590710,-122.4533050,6549.9,21489.2,0,0,0
909.20,0.0,0.0,12243,0.0,1,-13.6,0,0,12243.0,38.1590710,-122.4533050,6549.9,21489.2,0,0,0
909.30,0.0,0.0,12243,0.0,1,-13.7,0,0,12243.0,38.1590710,-122.4533050,6549.9,21489.2,0,0,0
909.40,0.0,0.0,12243,0.0,1,-13.7,0,0,12243.0,38.1590710,-122.4533050,6549.9,21489.2,0,0,0
909.50,0.0,0.0,12243,0.0,1,-13.7,0,0,12243.0,38.1590710,-122.4533060,6549.9,21489.2,0,0,0
909.60,0.0,0.0,12243,0.0,1,-13.6,0,0,12243.0,38.1590710,-122.4533060,6549.9,21489.2,0,0,0
909.70,0.0,0.0,12243,0.0,1,-13.7,0,0,12243.0,38.1590710,-122.4533060,6549.9,21489.2,0,0,0
909.80,0.0,0.0,12243,0.0,1,-13.7,0,0,12243.0,38.1590710,-122.4533060,6549.6,21488.2,0,0,0
909.90,0.0,0.0,12243,0.0,1,-13.7,0,0,12243.0,38.1590710,-122.4533060,6549.6,21488.2,0,0,0
910.00,0.0,0.0,12243,0.0,1,-13.6,0,0,12243.0,38.1590710,-122.4533060,6549.6,21488.2,0,0,0
910.10,0.0,0.0,12243,0.0,1,-13.7,0,0,12243.0,38.1590710,-122.4533060,6549.6,21488.2,0,0,0
910.20,0.0,0.0,12243,0.0,1,-13.6,0,0,12243.0,38.1590710,-122.4533060,6549.6,21488.2,0,0,0
910.30,0.0,0.0,12243,0.0,1,-13.7,0,0,12243.0,38.1590710,-122.4533060,6549.6,21488.2,0,0,0
910.40,0.0,0.0,12243,0.0,1,-13.6,0,0,12243.0,38.1590710,-122.4533060,6549.6,21488.2,0,0,0
910.50,0.0,0.0,12243,0.0,1,-13.7,0,0,12243.0,38.1590710,-122.4533060,6549.6,21488.2,0,0,0
910.60,0.0,0.0,12243,0.0,1,-13.6,0,0,12243.0,38.1590700,-122.4533060,6549.6,21488.2,0,0,0
910.70,0.0,0.0,12243,0.0,1,-13.7,0,0,12243.0,38.1590700,-122.4533060,6549.6,21488.2,0,0,0
910.80,0.0,0.0,12243,0.0,1,-13.6,0,0,12243.0,38.1590700,-122.4533060,6549.4,21487.5,0,0,0
910.90,0.0,0.0,12243,0.0,1,-13.7,0,0,12243.0,38.1590700,-122.4533060,6549.4,21487.5,0,0,0
911.00,0.0,0.0,12243,0.0,1,-13.6,0,0,12243.0,38.1590700,-122.4533060,6549.4,21487.5,0,0,0
911.10,0.0,0.0,12243,0.0,1,-13.7,0,0,12243.0,38.1590690,-122.4533060,6549.4,21487.5,0,0,0
911.20,0.0,0.0,12243,0.0,1,-13.6,0,0,12243.0,38.1590690,-122.4533060,6549.4,21487.5,0,0,0
911.30,0.0,0.0,12243,0.0,1,-13.7,0,0,12243.0,38.1590690,-122.4533060,6549.4,21487.5,0,0,0
911.40,0.0,0.0,12243,0.0,1,-13.7,0,0,12243.0,38.1590690,-122.4533060,6549.4,21487.5,0,0,0
911.50,0.0,0.0,12243,0.0,1,-13.6,0,0,12243.0,38.1590680,-122.4533060,6549.4,21487.5,0,0,0
911.60,0.0,0.0,12243,0.0,1,-13.7,0,0,12243.0,38.1590680,-122.4533060,6549.4,21487.5,0,0,0
911.70,0.0,0.0,12243,0.0,1,-13.7,0,0,12243.0,38.1590680,-122.4533060,6549.4,21487.5,0,0,0
911.80,0.0,0.0,12243,0.0,1,-13.7,0,0,12243.0,38.1590670,-122.4533060,6549.2,21486.9,0,0,0
911.90,0.0,0.0,12243,0.0,1,-13.7,0,0,12243.0,38.1590670,-122.4533060,6549.2,21486.9,0,0,0
912.00,0.0,0.0,12243,0.0,1,-13.7,0,0,12243.0,38.1590670,-122.4533060,6549.2,21486.9,0,0,0
912.10,0.0,0.0,12243,0.0,1,-13.7,0,0,12243.0,38.1590660,-122.4533060,6549.2,21486.9,0,0,0
912.20,0.0,0.0,12243,0.0,1,-13.7,0,0,12243.0,38.1590660,-122.4533060,6549.2,21486.9,0,0,0
912.30,0.0,0.0,12243,0.0,1,-13.7,0,0,12243.0,38.1590660,-122.4533060,6549.2,21486.9,0,0,0
912.40,0.0,0.0,12243,0.0,1,-13.7,0,0,12243.0,38.1590660,-122.4533060,6549.2,21486.9,0,0,0
912.50,0.0,0.0,12243,0.0,1,-13.7,0,0,12243.0,38.1590660,-122.4533070,6549.2,21486.9,0,0,0
912.60,0.0,0.0,12243,0.0,1,-13.7,0,0,12243.0,38.1590660,-122.4533070,6549.2,21486.9,0,0,0
912.70,0.0,0.0,12243,0.0,1,-13.6,0,0,12243.0,38.1590660,-122.4533070,6549.2,21486.9,0,0,0
912.80,0.0,0.0,12243,0.0,1,-13.7,0,0,12243.0,38.1590660,-122.4533070,6549.0,21486.2,0,0,0
912.90,0.0,0.0,12243,0.0,1,-13.7,0,0,12243.0,38.1590660,-122.4533070,6549.0,21486.2,0,0,0
913.00,0.0,0.0,12243,0.0,1,-13.7,0,0,12243.0,38.1590660,-122.4533070,6549.0,21486.2,0,0,0
913.10,0.0,0.0,12243,0.0,1,-13.7,0,0,12243.0,38.1590660,-122.4533070,6549.0,21486.2,0,0,0
913.20,0.0,0.0,12243,0.0,1,-13.7,0,0,12243.0,38.1590660,-122.4533070,6549.0,21486.2,0,0,0
913.30,0.0,0.0,12243,0.0,1,-13.7,0,0,12243.0,38.1590660,-122.4533070,6549.0,21486.2,0,0,0
913.40,0.0,0.0,12243,0.0,1,-13.7,0,0,12243.0,38.1590660,-122.4533070,6549.0,21486.2,0,0,0
913.50,0.0,0.0,12243,0.0,1,-13.6,0,0,12243.0,38.1590650,-122.4533070,6549.0,21486.2,0,0,0
913.60,0.0,0.0,12243,0.0,1,-13.7,0,0,12243.0,38.1590650,-122.4533070,6549.0,21486.2,0,0,0
913.70,0.0,0.0,12243,0.0,1,-13.6,0,0,12243.0,38.1590650,-122.4533070,6549.0,21486.2,0,0,0
913.80,0.0,0.0,12243,0.0,1,-13.7,0,0,12243.0,38.1590650,-122.4533070,6548.9,21485.9,0,0,0
913.90,0.0,0.0,12243,0.0,1,-13.6,0,0,12243.0,38.1590650,-122.4533070,6548.9,21485.9,0,0,0
914.00,0.0,0.0,12243,0.0,1,-13.7,0,0,12243.0,38.1590650,-122.4533070,6548.9,21485.9,0,0,0
914.10,0.0,0.0,12243,0.0,1,-13.6,0,0,12243.0,38.1590640,-122.4533070,6548.9,21485.9,0,0,0
914.20,0.0,0.0,12243,0.0,1,-13.7,0,0,12243.0,38.1590640,-122.4533070,6548.9,21485.9,0,0,0
914.30,0.0,0.0,12243,0.0,1,-13.7,0,0,12243.0,38.1590640,-122.4533070,6548.9,21485.9,0,0,0
914.40,0.0,0.0,12243,0.0,1,-13.6,0,0,12243.0,38.1590640,-122.4533070,6548.9,21485.9,0,0,0
914.50,0.0,0.0,12243,0.0,1,-13.7,0,0,12243.0,38.1590640,-122.4533070,6548.9,21485.9,0,0,0
914.60,0.0,0.0,12243,0.0,1,-13.7,0,0,12243.0,38.1590640,-122.4533070,6548.9,21485.9,0,0,0
914.70,0.0,0.0,12243,0.0,1,-13.7,0,0,12243.0,38.1590640,-122.4533070,6548.9,21485.9,0,0,0
914.80,0.0,0.0,12243,0.0,1,-13.6,0,0,12243.0,38.1590640,-122.4533070,6548.8,21485.6,0,0,0
914.90,0.0,0.0,12243,0.0,1,-13.7,0,0,12243.0,38.1590640,-122.4533070,6548.8,21485.6,0,0,0
915.00,0.0,0.0,12243,0.0,1,-13.6,0,0,12243.0,38.1590630,-122.4533070,6548.8,21485.6,0,0,0
915.10,0.0,0.0,12243,0.0,1,-13.7,0,0,12243.0,38.1590630,-122.4533070,6548.8,21485.6,0,0,0
915.20,0.0,0.0,12243,0.0,1,-13.7,0,0,12243.0,38.1590640,-122.4533070,6548.8,21485.6,0,0,0
915.30,0.0,0.0,12243,0.0,1,-13.7,0,0,12243.0,38.1590640,-122.4533070,6548.8,21485.6,0,0,0
915.40,0.0,0.0,12243,0.0,1,-13.6,0,0,12243.0,38.1590640,-122.4533070,6548.8,21485.6,0,0,0
915.50,0.0,0.0,12243,0.0,1,-13.7,0,0,12243.0,38.1590640,-122.4533070,6548.8,21485.6,0,0,0
915.60,0.0,0.0,12243,0.0,1,-13.7,0,0,12243.0,38.1590640,-122.4533070,6548.8,21485.6,0,0,0
915.70,0.0,0.0,12243,0.0,1,-13.7,0,0,12243.0,38.1590650,-122.4533070,6548.8,21485.6,0,0,0
915.80,0.0,0.0,12243,0.0,1,-13.6,0,0,12243.0,38.1590650,-122.4533070,6548.8,21485.6,0,0,0
915.90,0.0,0.0,12243,0.0,1,-13.7,0,0,12243.0,38.1590650,-122.4533070,6548.8,21485.6,0,0,0
916.00,0.0,0.0,12243,0.0,1,-13.7,0,0,12243.0,38.1590650,-122.4533070,6548.8,21485.6,0,0,0
916.10,0.0,0.0,12243,0.0,1,-13.7,0,0,12243.0,38.1590660,-122.4533070,6548.8,21485.6,0,0,0
916.20,0.0,0.0,12243,0.0,1,-13.6,0,0,12243.0,38.1590660,-122.4533070,6548.8,21485.6,0,0,0
916.30,0.0,0.0,12243,0.0,1,-13.7,0,0,12243.0,38.1590660,-122.4533070,6548.8,21485.6,0,0,0
916.40,0.0,0.0,12243,0.0,1,-13.7,0,0,12243.0,38.1590670,-122.4533070,6548.8,21485.6,0,0,0
916.50,0.0,0.0,12243,0.0,1,-13.6,0,0,12243.0,38.1590670,-122.4533070,6548.8,21485.6,0,0,0
916.60,0.0,0.0,12243,0.0,1,-13.7,0,0,12243.0,38.1590660,-122.4533070,6548.8,21485.6,0,0,0
916.70,0.0,0.0,12243,0.0,1,-13.7,0,0,12243.0,38.1590660,-122.4533070,6548.8,21485.6,0,0,0
916.80,0.0,0.0,12243,0.0,1,-13.7,0,0,12243.0,38.1590650,-122.4533070,6548.9,21485.9,0,0,0
916.90,0.0,0.0,12243,0.0,1,-13.6,0,0,12243.0,38.1590650,-122.4533060,6548.9,21485.9,0,0,0
917.00,0.0,0.0,12243,0.0,1,-13.7,0,0,12243.0,38.1590640,-122.4533060,6548.9,21485.9,0,0,0
917.10,0.0,0.0,12243,0.0,1,-13.7,0,0,12243.0,38.1590640,-122.4533060,6548.9,21485.9,0,0,0
917.20,0.0,0.0,12243,0.0,1,-13.7,0,0,12243.0,38.1590640,-122.4533060,6548.9,21485.9,0,0,0
917.30,0.0,0.0,12243,0.0,1,-13.6,0,0,12243.0,38.1590640,-122.4533060,6548.9,21485.9,0,0,0
917.40,0.0,0.0,12243,0.0,1,-13.7,0,0,12243.0,38.1590640,-122.4533060,6548.9,21485.9,0,0,0
917.50,0.0,0.0,12243,0.0,1,-13.7,0,0,12243.0,38.1590630,-122.4533060,6548.9,21485.9,0,0,0
917.60,0.0,0.0,12243,0.0,1,-13.7,0,0,12243.0,38.1590630,-122.4533060,6548.9,21485.9,0,0,0
917.70,0.0,0.0,12243,0.0,1,-13.6,0,0,12243.0,38.1590630,-122.4533060,6548.9,21485.9,0,0,0
917.80,0.0,0.0,12243,0.0,1,-13.7,0,0,12243.0,38.1590630,-122.4533060,6548.6,21484.9,0,0,0
917.90,0.0,0.0,12243,0.0,1,-13.6,0,0,12243.0,38.1590630,-122.4533060,6548.6,21484.9,0,0,0
918.00,0.0,0.0,12243,0.0,1,-13.7,0,0,12243.0,38.1590630,-122.4533060,6548.6,21484.9,0,0,0
918.10,0.0,0.0,12243,0.0,1,-13.6,0,0,12243.0,38.1590630,-122.4533060,6548.6,21484.9,0,0,0
918.20,0.0,0.0,12243,0.0,1,-13.7,0,0,12243.0,38.1590630,-122.4533060,6548.6,21484.9,0,0,0
918.30,0.0,0.0,12243,0.0,1,-13.7,0,0,12243.0,38.1590620,-122.4533060,6548.6,21484.9,0,0,0
918.40,0.0,0.0,12243,0.0,1,-13.7,0,0,12243.0,38.1590620,-122.4533060,6548.6,21484.9,0,0,0
918.50,0.0,0.0,12243,0.0,1,-13.6,0,0,12243.0,38.1590620,-122.4533060,6548.6,21484.9,0,0,0
918.60,0.0,0.0,12243,0.0,1,-13.7,0,0,12243.0,38.1590610,-122.4533050,6548.6,21484.9,0,0,0
918.70,0.0,0.0,12243,0.0,1,-13.7,0,0,12243.0,38.1590610,-122.4533050,6548.6,21484.9,0,0,0
918.80,0.0,0.0,12243,0.0,1,-13.7,0,0,12243.0,38.1590610,-122.4533050,6548.5,21484.6,0,0,0
918.90,0.0,0.0,12243,0.0,1,-13.6,0,0,12243.0,38.1590610,-122.4533050,6548.5,21484.6,0,0,0
919.00,0.0,0.0,12243,0.0,1,-13.7,0,0,12243.0,38.1590610,-122.4533050,6548.5,21484.6,0,0,0
919.10,0.0,0.0,12243,0.0,1,-13.7,0,0,12243.0,38.1590610,-122.4533050,6548.5,21484.6,0,0,0
919.20,0.0,0.0,12243,0.0,1,-13.7,0,0,12243.0,38.1590610,-122.4533050,6548.5,21484.6,0,0,0
919.30,0.0,0.0,12243,0.0,1,-13.6,0,0,12243.0,38.1590610,-122.4533050,6548.5,21484.6,0,0,0
919.40,0.0,0.0,12243,0.0,1,-13.7,0,0,12243.0,38.1590600,-122.4533050,6548.5,21484.6,0,0,0
919.50,0.0,0.0,12243,0.0,1,-13.7,0,0,12243.0,38.1590600,-122.4533050,6548.5,21484.6,0,0,0
919.60,0.0,0.0,12243,0.0,1,-13.7,0,0,12243.0,38.1590600,-122.4533050,6548.5,21484.6,0,0,0
919.70,0.0,0.0,12243,0.0,1,-13.6,0,0,12243.0,38.1590600,-122.4533050,6548.5,21484.6,0,0,0
919.80,0.0,0.0,12243,0.0,1,-13.7,0,0,12243.0,38.1590600,-122.4533050,6548.5,21484.6,0,0,0
919.90,0.0,0.0,12243,0.0,1,-13.7,0,0,12243.0,38.1590600,-122.4533050,6548.5,21484.6,0,0,0
920.00,0.0,0.0,12243,0.0,1,-13.7,0,0,12243.0,38.1590600,-122.4533050,6548.5,21484.6,0,0,0
920.10,0.0,0.0,12243,0.0,1,-13.6,0,0,12243.0,38.1590600,-122.4533050,6548.5,21484.6,0,0,0
920.20,0.0,0.0,12243,0.0,1,-13.7,0,0,12243.0,38.1590600,-122.4533040,6548.5,21484.6,0,0,0
920.30,0.0,0.0,12243,0.0,1,-13.7,0,0,12243.0,38.1590590,-122.4533040,6548.5,21484.6,0,0,0
920.40,0.0,0.0,12243,0.0,1,-13.7,0,0,12243.0,38.1590590,-122.4533040,6548.5,21484.6,0,0,0
920.50,0.0,0.0,12243,0.0,1,-13.6,0,0,12243.0,38.1590590,-122.4533040,6548.5,21484.6,0,0,0
920.60,0.0,0.0,12243,0.0,1,-13.7,0,0,12243.0,38.1590580,-122.4533040,6548.5,21484.6,0,0,0
920.70,0.0,0.0,12243,0.0,1,-13.7,0,0,12243.0,38.1590580,-122.4533040,6548.5,21484.6,0,0,0
920.80,0.0,0.0,12243,0.0,1,-13.6,0,0,12243.0,38.1590580,-122.4533040,6548.3,21483.9,0,0,0
920.90,0.0,0.0,12243,0.0,1,-13.6,0,0,12243.0,38.1590570,-122.4533040,6548.3,21483.9,0,0,0
921.00,0.0,0.0,12243,0.0,1,-13.7,0,0,12243.0,38.1590570,-122.4533040,6548.3,21483.9,0,0,0
921.10,0.0,0.0,12243,0.0,1,-13.7,0,0,12243.0,38.1590570,-122.4533040,6548.3,21483.9,0,0,0
921.20,0.0,0.0,12243,0.0,1,-13.7,0,0,12243.0,38.1590570,-122.4533040,6548.3,21483.9,0,0,0
921.30,0.0,0.0,12243,0.0,1,-13.6,0,0,12243.0,38.1590560,-122.4533040,6548.3,21483.9,0,0,0
921.40,0.0,0.0,12243,0.0,1,-13.7,0,0,12243.0,38.1590560,-122.4533030,6548.3,21483.9,0,0,0
921.50,0.0,0.0,12243,0.0,1,-13.7,0,0,12243.0,38.1590560,-122.4533030,6548.3,21483.9,0,0,0
921.60,0.0,0.0,12243,0.0,1,-13.7,0,0,12243.0,38.1590560,-122.4533030,6548.3,21483.9,0,0,0
921.70,0.0,0.0,12243,0.0,1,-13.6,0,0,12243.0,38.1590560,-122.4533030,6548.3,21483.9,0,0,0
921.80,0.0,0.0,12243,0.0,1,-13.7,0,0,12243.0,38.1590560,-122.4533030,6548.1,21483.3,0,0,0
921.90,0.0,0.0,12243,0.0,1,-13.7,0,0,12243.0,38.1590560,-122.4533030,6548.1,21483.3,0,0,0
922.00,0.0,0.0,12243,0.0,1,-13.7,0,0,12243.0,38.1590550,-122.4533030,6548.1,21483.3,0,0,0
922.10,0.0,0.0,12243,0.0,1,-13.6,0,0,12243.0,38.1590550,-122.4533030,6548.1,21483.3,0,0,0
922.20,0.0,0.0,12243,0.0,1,-13.7,0,0,12243.0,38.1590540,-122.4533020,6548.1,21483.3,0,0,0
922.30,0.0,0.0,12243,0.0,1,-13.7,0,0,12243.0,38.1590540,-122.4533020,6548.1,21483.3,0,0,0
922.40,0.0,0.0,12243,0.0,1,-13.6,0,0,12243.0,38.1590530,-122.4533020,6548.1,21483.3,0,0,0
922.50,0.0,0.0,12243,0.0,1,-13.7,0,0,12243.0,38.1590530,-122.4533020,6548.1,21483.3,0,0,0
922.60,0.0,0.0,12243,0.0,1,-13.7,0,0,12243.0,38.1590530,-122.4533020,6548.1,21483.3,0,0,0
922.70,0.0,0.0,12243,0.0,1,-13.7,0,0,12243.0,38.1590530,-122.4533020,6548.1,21483.3,0,0,0
922.80,0.0,0.0,12243,0.0,1,-13.6,0,0,12243.0,38.1590530,-122.4533020,6547.8,21482.3,0,0,0
922.90,0.0,0.0,12243,0.0,1,-13.7,0,0,12243.0,38.1590520,-122.4533010,6547.8,21482.3,0,0,0
923.00,0.0,0.0,12243,0.0,1,-13.7,0,0,12243.0,38.1590520,-122.4533010,6547.8,21482.3,0,0,0
923.10,0.0,0.0,12243,0.0,1,-13.7,0,0,12243.0,38.1590520,-122.4533010,6547.8,21482.3,0,0,0
923.20,0.0,0.0,12243,0.0,1,-13.6,0,0,12243.0,38.1590520,-122.4533010,6547.8,21482.3,0,0,0
923.30,0.0,0.0,12243,0.0,1,-13.7,0,0,12243.0,38.1590510,-122.4533000,6547.8,21482.3,0,0,0
923.40,0.0,0.0,12243,0.0,1,-13.6,0,0,12243.0,38.1590510,-122.4533000,6547.8,21482.3,0,0,0
923.50,0.0,0.0,12243,0.0,1,-13.7,0,0,12243.0,38.1590500,-122.4533000,6547.8,21482.3,0,0,0
923.60,0.0,0.0,12243,0.0,1,-13.7,0,0,12243.0,38.1590500,-122.4533000,6547.8,21482.3,0,0,0
923.70,0.0,0.0,12243,0.0,1,-13.6,0,0,12243.0,38.1590500,-122.4533000,6547.8,21482.3,0,0,0
923.80,0.0,0.0,12243,0.0,1,-13.7,0,0,12243.0,38.1590490,-122.4533000,6547.4,21481.0,0,0,0
923.90,0.0,0.0,12243,0.0,1,-13.6,0,0,12243.0,38.1590490,-122.4533000,6547.4,21481.0,0,0,0
924.00,0.0,0.0,12243,0.0,1,-13.7,0,0,12243.0,38.1590490,-122.4533000,6547.4,21481.0,0,0,0
924.10,0.0,0.0,12243,0.0,1,-13.6,0,0,12243.0,38.1590490,-122.4533000,6547.4,21481.0,0,0,0
924.20,0.0,0.0,12243,0.0,1,-13.7,0,0,12243.0,38.1590480,-122.4533000,6547.4,21481.0,0,0,0
924.30,0.0,0.0,12243,0.0,1,-13.6,0,0,12243.0,38.1590480,-122.4533000,6547.4,21481.0,0,0,0
924.40,0.0,0.0,12243,0.0,1,-13.7,0,0,12243.0,38.1590480,-122.4533000,6547.4,21481.0,0,0,0
924.50,0.0,0.0,12243,0.0,1,-13.7,0,0,12243.0,38.1590480,-122.4533000,6547.4,21481.0,0,0,0
924.60,0.0,0.0,12243,0.0,1,-13.7,0,0,12243.0,38.1590480,-122.4533000,6547.4,21481.0,0,0,0
924.70,0.0,0.0,12243,0.0,1,-13.7,0,0,12243.0,38.1590470,-122.4533000,6547.4,21481.0,0,0,0
924.80,0.0,0.0,12243,0.0,1,-13.7,0,0,12243.0,38.1590480,-122.4533000,6547.1,21480.0,0,0,0
924.90,0.0,0.0,12243,0.0,1,-13.7,0,0,12243.0,38.1590470,-122.4533000,6547.1,21480.0,0,0,0
925.00,0.0,0.0,12243,0.0,1,-13.7,0,0,12243.0,38.1590470,-122.4533000,6547.1,21480.0,0,0,0
925.10,0.0,0.0,12243,0.0,1,-13.7,0,0,12243.0,38.1590470,-122.4533000,6547.1,21480.0,0,0,0
925.20,0.0,0.0,12243,0.0,1,-13.7,0,0,12243.0,38.1590470,-122.4533000,6547.1,21480.0,0,0,0
925.30,0.0,0.0,12243,0.0,1,-13.7,0,0,12243.0,38.1590460,-122.4533000,6547.1,21480.0,0,0,0
925.40,0.0,0.0,12243,0.0,1,-13.7,0,0,12243.0,38.1590460,-122.4533000,6547.1,21480.0,0,0,0
925.50,0.0,0.0,12243,0.0,1,-13.7,0,0,12243.0,38.1590460,-122.4533000,6547.1,21480.0,0,0,0
925.60,0.0,0.0,12243,0.0,1,-13.7,0,0,12243.0,38.1590460,-122.4533000,6547.1,21480.0,0,0,0
925.70,0.0,0.0,12243,0.0,1,-13.7,0,0,12243.0,38.1590460,-122.4533000,6547.1,21480.0,0,0,0
925.80,0.0,0.0,12243,0.0,1,-13.7,0,0,12243.0,38.1590460,-122.4533000,6546.9,21479.3,0,0,0
925.90,0.0,0.0,12243,0.0,1,-13.7,0,0,12243.0,38.1590450,-122.4533000,6546.9,21479.3,0,0,0
926.00,0.0,0.0,12243,0.0,1,-13.7,0,0,12243.0,38.1590450,-122.4533000,6546.9,21479.3,0,0,0
926.10,0.0,0.0,12243,0.0,1,-13.7,0,0,12243.0,38.1590450,-122.4533000,6546.9,21479.3,0,0,0
926.20,0.0,0.0,12243,0.0,1,-13.7,0,0,12243.0,38.1590440,-122.4533000,6546.9,21479.3,0,0,0
926.30,0.0,0.0,12243,0.0,1,-13.7,0,0,12243.0,38.1590440,-122.4533000,6546.9,21479.3,0,0,0
926.40,0.0,0.0,12243,0.0,1,-13.7,0,0,12243.0,38.1590440,-122.4533000,6546.9,21479.3,0,0,0
926.50,0.0,0.0,12243,0.0,1,-13.7,0,0,12243.0,38.1590430,-122.4533000,6546.9,21479.3,0,0,0
926.60,0.0,0.0,12243,0.0,1,-13.7,0,0,12243.0,38.1590430,-122.4533000,6546.9,21479.3,0,0,0
926.70,0.0,0.0,12243,0.0,1,-13.7,0,0,12243.0,38.1590430,-122.4533000,6546.9,21479.3,0,0,0
926.80,0.0,0.0,12243,0.0,1,-13.7,0,0,12243.0,38.1590430,-122.4533000,6546.5,21478.0,0,0,0
926.90,0.0,0.0,12243,0.0,1,-13.7,0,0,12243.0,38.1590420,-122.4533000,6546.5,21478.0,0,0,0
927.00,0.0,0.0,12243,0.0,1,-13.7,0,0,12243.0,38.1590420,-122.4533000,6546.5,21478.0,0,0,0
927.10,0.0,0.0,12243,0.0,1,-13.7,0,0,12243.0,38.1590410,-122.4533000,6546.5,21478.0,0,0,0
927.20,0.0,0.0,12243,0.0,1,-13.7,0,0,12243.0,38.1590410,-122.4533000,6546.5,21478.0,0,0,0
927.30,0.0,0.0,12243,0.0,1,-13.7,0,0,12243.0,38.1590410,-122.4533000,6546.5,21478.0,0,0,0
927.40,0.0,0.0,12243,0.0,1,-13.7,0,0,12243.0,38.1590410,-122.4533000,6546.5,21478.0,0,0,0
927.50,0.0,0.0,12243,0.0,1,-13.7,0,0,12243.0,38.1590400,-122.4532990,6546.5,21478.0,0,0,0
927.60,0.0,0.0,12243,0.0,1,-13.7,0,0,12243.0,38.1590400,-122.4532990,6546.5,21478.0,0,0,0
927.70,0.0,0.0,12243,0.0,1,-13.7,0,0,12243.0,38.1590390,-122.4532990,6546.5,21478.0,0,0,0
927.80,0.0,0.0,12243,0.0,1,-13.7,0,0,12243.0,38.1590390,-122.4532990,6545.8,21475.7,0,0,0
927.90,0.0,0.0,12243,0.0,1,-13.7,0,0,12243.0,38.1590380,-122.4532990,6545.8,21475.7,0,0,0
928.00,0.0,0.0,12243,0.0,1,-13.7,0,0,12243.0,38.1590380,-122.4532990,6545.8,21475.7,0,0,0
928.10,0.0,0.0,12243,0.0,1,-13.7,0,0,12243.0,38.1590380,-122.4532980,6545.8,21475.7,0,0,0
928.20,0.0,0.0,12243,0.0,1,-13.7,0,0,12243.0,38.1590370,-122.4532990,6545.8,21475.7,0,0,0
928.30,0.0,0.0,12243,0.0,1,-13.7,0,0,12243.0,38.1590370,-122.4532980,6545.8,21475.7,0,0,0
928.40,0.0,0.0,12243,0.0,1,-13.7,0,0,12243.0,38.1590370,-122.4532980,6545.8,21475.7,0,0,0
928.50,0.0,0.0,12243,0.0,1,-13.7,0,0,12243.0,38.1590360,-122.4532980,6545.8,21475.7,0,0,0
928.60,0.0,0.0,12243,0.0,1,-13.7,0,0,12243.0,38.1590360,-122.4532980,6545.8,21475.7,0,0,0
928.70,0.0,0.0,12243,0.0,1,-13.7,0,0,12243.0,38.1590360,-122.4532980,6545.8,21475.7,0,0,0
928.80,0.0,0.0,12243,0.0,1,-13.7,0,0,12243.0,38.1590360,-122.4532980,6545.5,21474.7,0,0,0
928.90,0.0,0.0,12243,0.0,1,-13.7,0,0,12243.0,38.1590360,-122.4532980,6545.5,21474.7,0,0,0
929.00,0.0,0.0,12243,0.0,1,-13.7,0,0,12243.0,38.1590370,-122.4532970,6545.5,21474.7,0,0,0
929.10,0.0,0.0,12243,0.0,1,-13.7,0,0,12243.0,38.1590360,-122.4532970,6545.5,21474.7,0,0,0
929.20,0.0,0.0,12243,0.0,1,-13.7,0,0,12243.0,38.1590360,-122.4532970,6545.5,21474.7,0,0,0
929.30,0.0,0.0,12243,0.0,1,-13.7,0,0,12243.0,38.1590360,-122.4532970,6545.5,21474.7,0,0,0
929.40,0.0,0.0,12243,0.0,1,-13.7,0,0,12243.0,38.1590360,-122.4532970,6545.5,21474.7,0,0,0
929.50,0.0,0.0,12243,0.0,1,-13.7,0,0,12243.0,38.1590360,-122.4532970,6545.5,21474.7,0,0,0
929.60,0.0,0.0,12243,0.0,1,-13.7,0,0,12243.0,38.1590360,-122.4532960,6545.5,21474.7,0,0,0
929.70,0.0,0.0,12243,0.0,1,-13.7,0,0,12243.0,38.1590360,-122.4532960,6545.5,21474.7,0,0,0
929.80,0.0,0.0,12243,0.0,1,-13.7,0,0,12243.0,38.1590360,-122.4532960,6545.5,21474.7,0,0,0
929.90,0.0,0.0,12243,0.0,1,-13.7,0,0,12243.0,38.1590360,-122.4532960,6545.5,21474.7,0,0,0
930.00,0.0,0.0,12243,0.0,1,-13.7,0,0,12243.0,38.1590360,-122.4532960,6545.5,21474.7,0,0,0
930.10,0.0,0.0,12243,0.0,1,-13.7,0,0,12243.0,38.1590360,-122.4532960,6545.5,21474.7,0,0,0
930.20,0.0,0.0,12243,0.0,1,-13.7,0,0,12243.0,38.1590360,-122.4532960,6545.5,21474.7,0,0,0
930.30,0.0,0.0,12243,0.0,1,-13.6,0,0,12243.0,38.1590360,-122.4532950,6545.5,21474.7,0,0,0
930.40,0.0,0.0,12243,0.0,1,-13.7,0,0,12243.0,38.1590360,-122.4532950,6545.5,21474.7,0,0,0
930.50,0.0,0.0,12243,0.0,1,-13.7,0,0,12243.0,38.1590350,-122.4532950,6545.5,21474.7,0,0,0
930.60,0.0,0.0,12243,0.0,1,-13.7,0,0,12243.0,38.1590350,-122.4532950,6545.5,21474.7,0,0,0
930.70,0.0,0.0,12243,0.0,1,-13.7,0,0,12243.0,38.1590350,-122.4532950,6545.5,21474.7,0,0,0
930.80,0.0,0.0,12243,0.0,1,-13.7,0,0,12243.0,38.1590350,-122.4532950,6545.3,21474.1,0,0,0
930.90,0.0,0.0,12243,0.0,1,-13.6,0,0,12243.0,38.1590350,-122.4532950,6545.3,21474.1,0,0,0
931.00,0.0,0.0,12243,0.0,1,-13.7,0,0,12243.0,38.1590350,-122.4532950,6545.3,21474.1,0,0,0
931.10,0.0,0.0,12243,0.0,1,-13.7,0,0,12243.0,38.1590340,-122.4532950,6545.3,21474.1,0,0,0
931.20,0.0,0.0,12243,0.0,1,-13.7,0,0,12243.0,38.1590340,-122.4532940,6545.3,21474.1,0,0,0
931.30,0.0,0.0,12243,0.0,1,-13.6,0,0,12243.0,38.1590340,-122.4532940,6545.3,21474.1,0,0,0
931.40,0.0,0.0,12243,0.0,1,-13.6,0,0,12243.0,38.1590330,-122.4532940,6545.3,21474.1,0,0,0
931.50,0.0,0.0,12243,0.0,1,-13.6,0,0,12243.0,38.1590330,-122.4532940,6545.3,21474.1,0,0,0
931.60,0.0,0.0,12243,0.0,1,-13.7,0,0,12243.0,38.1590330,-122.4532930,6545.3,21474.1,0,0,0
931.70,0.0,0.0,12243,0.0,1,-13.7,0,0,12243.0,38.1590330,-122.4532930,6545.3,21474.1,0,0,0
931.80,0.0,0.0,12243,0.0,1,-13.7,0,0,12243.0,38.1590330,-122.4532930,6545.1,21473.4,0,0,0
931.90,0.0,0.0,12243,0.0,1,-13.6,0,0,12243.0,38.1590330,-122.4532930,6545.1,21473.4,0,0,0
932.00,0.0,0.0,12243,0.0,1,-13.6,0,0,12243.0,38.1590330,-122.4532930,6545.1,21473.4,0,0,0
932.10,0.0,0.0,12243,0.0,1,-13.6,0,0,12243.0,38.1590330,-122.4532930,6545.1,21473.4,0,0,0
932.20,0.0,0.0,12243,0.0,1,-13.6,0,0,12243.0,38.1590320,-122.4532930,6545.1,21473.4,0,0,0
932.30,0.0,0.0,12243,0.0,1,-13.7,0,0,12243.0,38.1590320,-122.4532930,6545.1,21473.4,0,0,0
932.40,0.0,0.0,12243,0.0,1,-13.6,0,0,12243.0,38.1590320,-122.4532920,6545.1,21473.4,0,0,0
932.50,0.0,0.0,12243,0.0,1,-13.6,0,0,12243.0,38.1590320,-122.4532920,6545.1,21473.4,0,0,0
932.60,0.0,0.0,12243,0.0,1,-13.6,0,0,12243.0,38.1590320,-122.4532920,6545.1,21473.4,0,0,0
932.70,0.0,0.0,12243,0.0,1,-13.7,0,0,12243.0,38.1590320,-122.4532920,6545.1,21473.4,0,0,0
932.80,0.0,0.0,12243,0.0,1,-13.6,0,0,12243.0,38.1590320,-122.4532920,6545.1,21473.4,0,0,0
932.90,0.0,0.0,12243,0.0,1,-13.6,0,0,12243.0,38.1590320,-122.4532920,6545.1,21473.4,0,0,0
933.00,0.0,0.0,12243,0.0,1,-13.6,0,0,12243.0,38.1590320,-122.4532910,6545.1,21473.4,0,0,0
933.10,0.0,0.0,12243,0.0,1,-13.7,0,0,12243.0,38.1590320,-122.4532910,6545.1,21473.4,0,0,0
933.20,0.0,0.0,12243,0.0,1,-13.6,0,0,12243.0,38.1590320,-122.4532910,6545.1,21473.4,0,0,0
933.30,0.0,0.0,12243,0.0,1,-13.6,0,0,12243.0,38.1590320,-122.4532910,6545.1,21473.4,0,0,0
933.40,0.0,0.0,12243,0.0,1,-13.6,0,0,12243.0,38.1590310,-122.4532910,6545.1,21473.4,0,0,0
933.50,0.0,0.0,12243,0.0,1,-13.7,0,0,12243.0,38.1590310,-122.4532900,6545.1,21473.4,0,0,0
933.60,0.0,0.0,12243,0.0,1,-13.6,0,0,12243.0,38.1590310,-122.4532900,6545.1,21473.4,0,0,0
933.70,0.0,0.0,12243,0.0,1,-13.6,0,0,12243.0,38.1590310,-122.4532900,6545.1,21473.4,0,0,0
933.80,0.0,0.0,12243,0.0,1,-13.6,0,0,12243.0,38.1590310,-122.4532900,6545.0,21473.1,0,0,0
933.90,0.0,0.0,12243,0.0,1,-13.7,0,0,12243.0,38.1590310,-122.4532900,6545.0,21473.1,0,0,0
934.00,0.0,0.0,12243,0.0,1,-13.6,0,0,12243.0,38.1590310,-122.4532900,6545.0,21473.1,0,0,0
934.10,0.0,0.0,12243,0.0,1,-13.6,0,0,12243.0,38.1590310,-122.4532890,6545.0,21473.1,0,0,0
934.20,0.0,0.0,12243,0.0,1,-13.6,0,0,12243.0,38.1590310,-122.4532890,6545.0,21473.1,0,0,0
934.30,0.0,0.0,12243,0.0,1,-13.6,0,0,12243.0,38.1590310,-122.4532890,6545.0,21473.1,0,0,0
934.40,0.0,0.0,12243,0.0,1,-13.6,0,0,12243.0,38.1590310,-122.4532890,6545.0,21473.1,0,0,0
934.50,0.0,0.0,12243,0.0,1,-13.6,0,0,12243.0,38.1590300,-122.4532880,6545.0,21473.1,0,0,0
934.60,0.0,0.0,12243,0.0,1,-13.6,0,0,12243.0,38.1590300,-122.4532880,6545.0,21473.1,0,0,0
934.70,0.0,0.0,12243,0.0,1,-13.6,0,0,12243.0,38.1590300,-122.4532880,6545.0,21473.1,0,0,0
934.80,0.0,0.0,12243,0.0,1,-13.6,0,0,12243.0,38.1590300,-122.4532880,6544.9,21472.8,0,0,0
934.90,0.0,0.0,12243,0.0,1,-13.6,0,0,12243.0,38.1590300,-122.4532880,6544.9,21472.8,0,0,0
935.00,0.0,0.0,12243,0.0,1,-13.6,0,0,12243.0,38.1590300,-122.4532880,6544.9,21472.8,0,0,0
935.10,0.0,0.0,12243,0.0,1,-13.6,0,0,12243.0,38.1590300,-122.4532870,6544.9,21472.8,0,0,0
935.20,0.0,0.0,12243,0.0,1,-13.6,0,0,12243.0,38.1590300,-122.4532870,6544.9,21472.8,0,0,0
935.30,0.0,0.0,12243,0.0,1,-13.6,0,0,12243.0,38.1590300,-122.4532870,6544.9,21472.8,0,0,0
935.40,0.0,0.0,12243,0.0,1,-13.6,0,0,12243.0,38.1590290,-122.4532870,6544.9,21472.8,0,0,0
935.50,0.0,0.0,12243,0.0,1,-13.6,0,0,12243.0,38.1590300,-122.4532870,6544.9,21472.8,0,0,0
935.60,0.0,0.0,12243,0.0,1,-13.6,0,0,12243.0,38.1590290,-122.4532870,6544.9,21472.8,0,0,0
935.70,0.0,0.0,12243,0.0,1,-13.6,0,0,12243.0,38.1590290,-122.4532870,6544.9,21472.8,0,0,0
935.80,0.0,0.0,12243,0.0,1,-13.6,0,0,12243.0,38.1590290,-122.4532870,6544.8,21472.4,0,0,0
935.90,0.0,0.0,12243,0.0,1,-13.6,0,0,12243.0,38.1590290,-122.4532860,6544.8,21472.4,0,0,0
936.00,0.0,0.0,12243,0.0,1,-13.6,0,0,12243.0,38.1590290,-122.4532860,6544.8,21472.4,0,0,0
936.10,0.0,0.0,12243,0.0,1,-13.6,0,0,12243.0,38.1590290,-122.4532860,6544.8,21472.4,0,0,0
936.20,0.0,0.0,12243,0.0,1,-13.6,0,0,12243.0,38.1590290,-122.4532860,6544.8,21472.4,0,0,0
936.30,0.0,0.0,12243,0.0,1,-13.6,0,0,12243.0,38.1590290,-122.4532860,6544.8,21472.4,0,0,0
936.40,0.0,0.0,12243,0.0,1,-13.6,0,0,12243.0,38.1590290,-122.4532860,6544.8,21472.4,0,0,0
936.50,0.0,0.0,12243,0.0,1,-13.6,0,0,12243.0,38.1590290,-122.4532860,6544.8,21472.4,0,0,0
936.60,0.0,0.0,12243,0.0,1,-13.6,0,0,12243.0,38.1590290,-122.4532860,6544.8,21472.4,0,0,0
936.70,0.0,0.0,12243,0.0,1,-13.6,0,0,12243.0,38.1590290,-122.4532850,6544.8,21472.4,0,0,0
936.80,0.0,0.0,12243,0.0,1,-13.6,0,0,12243.0,38.1590290,-122.4532850,6544.7,21472.1,0,0,0
936.90,0.0,0.0,12243,0.0,1,-13.6,0,0,12243.0,38.1590290,-122.4532850,6544.7,21472.1,0,0,0
937.00,0.0,0.0,12243,0.0,1,-13.6,0,0,12243.0,38.1590290,-122.4532850,6544.7,21472.1,0,0,0
937.10,0.0,0.0,12243,0.0,1,-13.6,0,0,12243.0,38.1590280,-122.4532850,6544.7,21472.1,0,0,0
937.20,0.0,0.0,12243,0.0,1,-13.6,0,0,12243.0,38.1590280,-122.4532850,6544.7,21472.1,0,0,0
937.30,0.0,0.0,12243,0.0,1,-13.6,0,0,12243.0,38.1590280,-122.4532850,6544.7,21472.1,0,0,0
937.40,0.0,0.0,12243,0.0,1,-13.6,0,0,12243.0,38.1590280,-122.4532850,6544.7,21472.1,0,0,0
937.50,0.0,0.0,12243,0.0,1,-13.6,0,0,12243.0,38.1590280,-122.4532850,6544.7,21472.1,0,0,0
937.60,0.0,0.0,12243,0.0,1,-13.6,0,0,12243.0,38.1590280,-122.4532850,6544.7,21472.1,0,0,0
937.70,0.0,0.0,12243,0.0,1,-13.6,0,0,12243.0,38.1590280,-122.4532850,6544.7,21472.1,0,0,0
937.80,0.0,0.0,12243,0.0,1,-13.6,0,0,12243.0,38.1590280,-122.4532850,6544.6,21471.8,0,0,0
937.90,0.0,0.0,12243,0.0,1,-13.6,0,0,12243.0,38.1590280,-122.4532850,6544.6,21471.8,0,0,0
938.00,0.0,0.0,12243,0.0,1,-13.6,0,0,12243.0,38.1590280,-122.4532850,6544.6,21471.8,0,0,0
938.10,0.0,0.0,12243,0.0,1,-13.6,0,0,12243.0,38.1590280,-122.4532840,6544.6,21471.8,0,0,0
938.20,0.0,0.0,12243,0.0,1,-13.6,0,0,12243.0,38.1590280,-122.4532840,6544.6,21471.8,0,0,0
938.30,0.0,0.0,12243,0.0,1,-13.6,0,0,12243.0,38.1590270,-122.4532840,6544.6,21471.8,0,0,0
938.40,0.0,0.0,12243,0.0,1,-13.6,0,0,12243.0,38.1590270,-122.4532840,6544.6,21471.8,0,0,0
938.50,0.0,0.0,12243,0.0,1,-13.6,0,0,12243.0,38.1590270,-122.4532840,6544.6,21471.8,0,0,0
938.60,0.0,0.0,12243,0.0,1,-13.6,0,0,12243.0,38.1590270,-122.4532840,6544.6,21471.8,0,0,0
938.70,0.0,0.0,12243,0.0,1,-13.6,0,0,12243.0,38.1590270,-122.4532840,6544.6,21471.8,0,0,0
938.80,0.0,0.0,12243,0.0,1,-13.6,0,0,12243.0,38.1590270,-122.4532840,6544.4,21471.1,0,0,0
938.90,0.0,0.0,12243,0.0,1,-13.6,0,0,12243.0,38.1590260,-122.4532840,6544.4,21471.1,0,0,0
939.00,0.0,0.0,12243,0.0,1,-13.6,0,0,12243.0,38.1590260,-122.4532840,6544.4,21471.1,0,0,0
939.10,0.0,0.0,12243,0.0,1,-13.6,0,0,12243.0,38.1590260,-122.4532830,6544.4,21471.1,0,0,0
939.20,0.0,0.0,12243,0.0,1,-13.6,0,0,12243.0,38.1590260,-122.4532830,6544.4,21471.1,0,0,0
939.30,0.0,0.0,12243,0.0,1,-13.6,0,0,12243.0,38.1590260,-122.4532830,6544.4,21471.1,0,0,0
939.40,0.0,0.0,12243,0.0,1,-13.6,0,0,12243.0,38.1590260,-122.4532830,6544.4,21471.1,0,0,0
939.50,0.0,0.0,12243,0.0,1,-13.6,0,0,12243.0,38.1590260,-122.4532830,6544.4,21471.1,0,0,0
939.60,0.0,0.0,12243,0.0,1,-13.6,0,0,12243.0,38.1590260,-122.4532820,6544.4,21471.1,0,0,0
939.70,0.0,0.0,12243,0.0,1,-13.6,0,0,12243.0,38.1590250,-122.4532820,6544.4,21471.1,0,0,0
939.80,0.0,0.0,12243,0.0,1,-13.6,0,0,12243.0,38.1590260,-122.4532820,6544.3,21470.8,0,0,0
939.90,0.0,0.0,12243,0.0,1,-13.6,0,0,12243.0,38.1590260,-122.4532820,6544.3,21470.8,0,0,0
940.00,0.0,0.0,12243,0.0,1,-13.6,0,0,12243.0,38.1590250,-122.4532820,6544.3,21470.8,0,0,0
940.10,0.0,0.0,12243,0.0,1,-13.6,0,0,12243.0,38.1590250,-122.4532820,6544.3,21470.8,0,0,0
940.20,0.0,0.0,12243,0.0,1,-13.6,0,0,12243.0,38.1590250,-122.4532820,6544.3,21470.8,0,0,0
940.30,0.0,0.0,12243,0.0,1,-13.6,0,0,12243.0,38.1590250,-122.4532820,6544.3,21470.8,0,0,0
940.40,0.0,0.0,12243,0.0,1,-13.6,0,0,12243.0,38.1590250,-122.4532820,6544.3,21470.8,0,0,0
940.50,0.0,0.0,12243,0.0,1,-13.6,0,0,12243.0,38.1590250,-122.4532820,6544.3,21470.8,0,0,0
940.60,0.0,0.0,12243,0.0,1,-13.6,0,0,12243.0,38.1590250,-122.4532820,6544.3,21470.8,0,0,0
940.70,0.0,0.0,12243,0.0,1,-13.6,0,0,12243.0,38.1590250,-122.4532820,6544.3,21470.8,0,0,0
940.80,0.0,0.0,12243,0.0,1,-13.6,0,0,12243.0,38.1590250,-122.4532810,6544.2,21470.5,0,0,0
940.90,0.0,0.0,12243,0.0,1,-13.6,0,0,12243.0,38.1590250,-122.4532810,6544.2,21470.5,0,0,0
941.00,0.0,0.0,12243,0.0,1,-13.6,0,0,12243.0,38.1590250,-122.4532810,6544.2,21470.5,0,0,0
941.10,0.0,0.0,12243,0.0,1,-13.6,0,0,12243.0,38.1590240,-122.4532810,6544.2,21470.5,0,0,0
941.20,0.0,0.0,12243,0.0,1,-13.6,0,0,12243.0,38.1590240,-122.4532810,6544.2,21470.5,0,0,0
941.30,0.0,0.0,12243,0.0,1,-13.6,0,0,12243.0,38.1590240,-122.4532810,6544.2,21470.5,0,0,0
941.40,0.0,0.0,12243,0.0,1,-13.6,0,0,12243.0,38.1590240,-122.4532810,6544.2,21470.5,0,0,0
941.50,0.0,0.0,12243,0.0,1,-13.6,0,0,12243.0,38.1590240,-122.4532810,6544.2,21470.5,0,0,0
941.60,0.0,0.0,12243,0.0,1,-13.6,0,0,12243.0,38.1590240,-122.4532800,6544.2,21470.5,0,0,0
941.70,0.0,0.0,12243,0.0,1,-13.6,0,0,12243.0,38.1590240,-122.4532800,6544.2,21470.5,0,0,0
941.80,0.0,0.0,12243,0.0,1,-13.6,0,0,12243.0,38.1590240,-122.4532800,6543.9,21469.5,0,0,0
941.90,0.0,0.0,12243,0.0,1,-13.6,0,0,12243.0,38.1590230,-122.4532800,6543.9,21469.5,0,0,0
942.00,0.0,0.0,12243,0.0,1,-13.6,0,0,12243.0,38.1590230,-122.4532800,6543.9,21469.5,0,0,0
942.10,0.0,0.0,12243,0.0,1,-13.6,0,0,12243.0,38.1590230,-122.4532800,6543.9,21469.5,0,0,0
942.20,0.0,0.0,12243,0.0,1,-13.6,0,0,12243.0,38.1590230,-122.4532800,6543.9,21469.5,0,0,0
942.30,0.0,0.0,12243,0.0,1,-13.6,0,0,12243.0,38.1590230,-122.4532800,6543.9,21469.5,0,0,0
942.40,0.0,0.0,12243,0.0,1,-13.6,0,0,12243.0,38.1590230,-122.4532790,6543.9,21469.5,0,0,0
942.50,0.0,0.0,12243,0.0,1,-13.6,0,0,12243.0,38.1590230,-122.4532790,6543.9,21469.5,0,0,0
942.60,0.0,0.0,12243,0.0,1,-13.6,0,0,12243.0,38.1590230,-122.4532790,6543.9,21469.5,0,0,0
942.70,0.0,0.0,12243,0.0,1,-13.6,0,0,12243.0,38.1590230,-122.4532790,6543.9,21469.5,0,0,0
942.80,0.0,0.0,12243,0.0,1,-13.6,0,0,12243.0,38.1590220,-122.4532790,6543.8,21469.2,0,0,0
942.90,0.0,0.0,12243,0.0,1,-13.6,0,0,12243.0,38.1590220,-122.4532790,6543.8,21469.2,0,0,0
943.00,0.0,0.0,12243,0.0,1,-13.6,0,0,12243.0,38.1590220,-122.4532790,6543.8,21469.2,0,0,0
943.10,0.0,0.0,12243,0.0,1,-13.6,0,0,12243.0,38.1590220,-122.4532790,6543.8,21469.2,0,0,0
943.20,0.0,0.0,12243,0.0,1,-13.6,0,0,12243.0,38.1590220,-122.4532790,6543.8,21469.2,0,0,0
943.30,0.0,0.0,12243,0.0,1,-13.6,0,0,12243.0,38.1590220,-122.4532790,6543.8,21469.2,0,0,0
943.40,0.0,0.0,12243,0.0,1,-13.6,0,0,12243.0,38.1590220,-122.4532790,6543.8,21469.2,0,0,0
943.50,0.0,0.0,12243,0.0,1,-13.6,0,0,12243.0,38.1590220,-122.4532780,6543.8,21469.2,0,0,0
943.60,0.0,0.0,12243,0.0,1,-13.6,0,0,12243.0,38.1590220,-122.4532780,6543.8,21469.2,0,0,0
943.70,0.0,0.0,12243,0.0,1,-13.6,0,0,12243.0,38.1590220,-122.4532780,6543.8,21469.2,0,0,0
943.80,0.0,0.0,12243,0.0,1,-13.6,0,0,12243.0,38.1590220,-122.4532780,6543.7,21468.8,0,0,0
943.90,0.0,0.0,12243,0.0,1,-13.6,0,0,12243.0,38.1590220,-122.4532780,6543.7,21468.8,0,0,0
944.00,0.0,0.0,12243,0.0,1,-13.6,0,0,12243.0,38.1590220,-122.4532780,6543.7,21468.8,0,0,0
944.10,0.0,0.0,12243,0.0,1,-13.6,0,0,12243.0,38.1590220,-122.4532780,6543.7,21468.8,0,0,0
944.20,0.0,0.0,12243,0.0,1,-13.6,0,0,12243.0,38.1590220,-122.4532780,6543.7,21468.8,0,0,0
944.30,0.0,0.0,12243,0.0,1,-13.6,0,0,12243.0,38.1590220,-122.4532780,6543.7,21468.8,0,0,0
944.40,0.0,0.0,12243,0.0,1,-13.6,0,0,12243.0,38.1590220,-122.4532780,6543.7,21468.8,0,0,0
944.50,0.0,0.0,12243,0.0,1,-13.6,0,0,12243.0,38.1590220,-122.4532780,6543.7,21468.8,0,0,0
944.60,0.0,0.0,12243,0.0,1,-13.6,0,0,12243.0,38.1590210,-122.4532780,6543.7,21468.8,0,0,0
944.70,0.0,0.0,12243,0.0,1,-13.6,0,0,12243.0,38.1590210,-122.4532770,6543.7,21468.8,0,0,0
944.80,0.0,0.0,12243,0.0,1,-13.6,0,0,12243.0,38.1590210,-122.4532770,6543.5,21468.2,0,0,0
944.90,0.0,0.0,12243,0.0,1,-13.6,0,0,12243.0,38.1590210,-122.4532770,6543.5,21468.2,0,0,0
945.00,0.0,0.0,12243,0.0,1,-13.6,0,0,12243.0,38.1590210,-122.4532770,6543.5,21468.2,0,0,0
945.10,0.0,0.0,12243,0.0,1,-13.6,0,0,12243.0,38.1590210,-122.4532770,6543.5,21468.2,0,0,0
945.20,0.0,0.0,12243,0.0,1,-13.6,0,0,12243.0,38.1590210,-122.4532770,6543.5,21468.2,0,0,0
945.30,0.0,0.0,12243,0.0,1,-13.6,0,0,12243.0,38.1590210,-122.4532770,6543.5,21468.2,0,0,0
945.40,0.0,0.0,12243,0.0,1,-13.6,0,0,12243.0,38.1590210,-122.4532770,6543.5,21468.2,0,0,0
945.50,0.0,0.0,12243,0.0,1,-13.6,0,0,12243.0,38.1590210,-122.4532770,6543.5,21468.2,0,0,0
945.60,0.0,0.0,12243,0.0,1,-13.6,0,0,12243.0,38.1590210,-122.4532770,6543.5,21468.2,0,0,0
945.70,0.0,0.0,12243,0.0,1,-13.7,0,0,12243.0,38.1590210,-122.4532760,6543.5,21468.2,0,0,0
945.80,0.0,0.0,12243,0.0,1,-13.6,0,0,12243.0,38.1590210,-122.4532760,6543.4,21467.8,0,0,0
945.90,0.0,0.0,12243,0.0,1,-13.7,0,0,12243.0,38.1590210,-122.4532760,6543.4,21467.8,0,0,0
946.00,0.0,0.0,12243,0.0,1,-13.6,0,0,12243.0,38.1590210,-122.4532760,6543.4,21467.8,0,0,0
946.10,0.0,0.0,12243,0.0,1,-13.7,0,0,12243.0,38.1590200,-122.4532760,6543.4,21467.8,0,0,0
946.20,0.0,0.0,12243,0.0,1,-13.6,0,0,12243.0,38.1590200,-122.4532760,6543.4,21467.8,0,0,0
946.30,0.0,0.0,12243,0.0,1,-13.7,0,0,12243.0,38.1590200,-122.4532760,6543.4,21467.8,0,0,0
946.40,0.0,0.0,12243,0.0,1,-13.6,0,0,12243.0,38.1590200,-122.4532760,6543.4,21467.8,0,0,0
946.50,0.0,0.0,12243,0.0,1,-13.7,0,0,12243.0,38.1590200,-122.4532760,6543.4,21467.8,0,0,0
946.60,0.0,0.0,12243,0.0,1,-13.6,0,0,12243.0,38.1590200,-122.4532750,6543.4,21467.8,0,0,0
946.70,0.0,0.0,12243,0.0,1,-13.7,0,0,12243.0,38.1590200,-122.4532750,6543.4,21467.8,0,0,0
946.80,0.0,0.0,12243,0.0,1,-13.6,0,0,12243.0,38.1590200,-122.4532750,6543.4,21467.8,0,0,0
946.90,0.0,0.0,12243,0.0,1,-13.7,0,0,12243.0,38.1590200,-122.4532750,6543.4,21467.8,0,0,0
947.00,0.0,0.0,12243,0.0,1,-13.6,0,0,12243.0,38.1590200,-122.4532750,6543.4,21467.8,0,0,0
947.10,0.0,0.0,12243,0.0,1,-13.7,0,0,12243.0,38.1590200,-122.4532750,6543.4,21467.8,0,0,0
947.20,0.0,0.0,12243,0.0,1,-13.6,0,0,12243.0,38.1590200,-122.4532750,6543.4,21467.8,0,0,0
947.30,0.0,0.0,12243,0.0,1,-13.7,0,0,12243.0,38.1590190,-122.4532750,6543.4,21467.8,0,0,0
947.40,0.0,0.0,12243,0.0,1,-13.7,0,0,12243.0,38.1590200,-122.4532750,6543.4,21467.8,0,0,0
947.50,0.0,0.0,12243,0.0,1,-13.6,0,0,12243.0,38.1590200,-122.4532750,6543.4,21467.8,0,0,0
947.60,0.0,0.0,12243,0.0,1,-13.7,0,0,12243.0,38.1590200,-122.4532740,6543.4,21467.8,0,0,0
947.70,0.0,0.0,12243,0.0,1,-13.6,0,0,12243.0,38.1590200,-122.4532740,6543.4,21467.8,0,0,0
947.80,0.0,0.0,12243,0.0,1,-13.6,0,0,12243.0,38.1590200,-122.4532740,6543.4,21467.8,0,0,0
947.90,0.0,0.0,12243,0.0,1,-13.6,0,0,12243.0,38.1590200,-122.4532740,6543.4,21467.8,0,0,0
948.00,0.0,0.0,12243,0.0,1,-13.6,0,0,12243.0,38.1590200,-122.4532740,6543.4,21467.8,0,0,0
948.10,0.0,0.0,12243,0.0,1,-13.6,0,0,12243.0,38.1590200,-122.4532740,6543.4,21467.8,0,0,0
948.20,0.0,0.0,12243,0.0,1,-13.6,0,0,12243.0,38.1590200,-122.4532740,6543.4,21467.8,0,0,0
948.30,0.0,0.0,12243,0.0,1,-13.6,0,0,12243.0,38.1590200,-122.4532740,6543.4,21467.8,0,0,0
948.40,0.0,0.0,12243,0.0,1,-13.6,0,0,12243.0,38.1590210,-122.4532740,6543.4,21467.8,0,0,0
948.50,0.0,0.0,12243,0.0,1,-13.6,0,0,12243.0,38.1590210,-122.4532740,6543.4,21467.8,0,0,0
948.60,0.0,0.0,12243,0.0,1,-13.6,0,0,12243.0,38.1590210,-122.4532740,6543.4,21467.8,0,0,0
948.70,0.0,0.0,12243,0.0,1,-13.6,0,0,12243.0,38.1590210,-122.4532740,6543.4,21467.8,0,0,0
948.80,0.0,0.0,12243,0.0,1,-13.6,0,0,12243.0,38.1590210,-122.4532740,6543.6,21468.5,0,0,0
948.90,0.0,0.0,12243,0.0,1,-13.6,0,0,12243.0,38.1590210,-122.4532730,6543.6,21468.5,0,0,0
949.00,0.0,0.0,12243,0.0,1,-13.7,0,0,12243.0,38.1590200,-122.4532730,6543.6,21468.5,0,0,0
949.10,0.0,0.0,12243,0.0,1,-13.7,0,0,12243.0,38.1590200,-122.4532730,6543.6,21468.5,0,0,0
949.20,0.0,0.0,12243,0.0,1,-13.6,0,0,12243.0,38.1590200,-122.4532730,6543.6,21468.5,0,0,0
949.30,0.0,0.0,12243,0.0,1,-13.6,0,0,12243.0,38.1590200,-122.4532730,6543.6,21468.5,0,0,0
949.40,0.0,0.0,12243,0.0,1,-13.7,0,0,12243.0,38.1590200,-122.4532730,6543.6,21468.5,0,0,0
949.50,0.0,0.0,12243,0.0,1,-13.7,0,0,12243.0,38.1590200,-122.4532730,6543.6,21468.5,0,0,0
949.60,0.0,0.0,12243,0.0,1,-13.7,0,0,12243.0,38.1590200,-122.4532730,6543.6,21468.5,0,0,0
949.70,0.0,0.0,12243,0.0,1,-13.7,0,0,12243.0,38.1590200,-122.4532730,6543.6,21468.5,0,0,0
949.80,0.0,0.0,12243,0.0,1,-13.7,0,0,12243.0,38.1590200,-122.4532730,6543.7,21468.8,0,0,0
949.90,0.0,0.0,12243,0.0,1,-13.7,0,0,12243.0,38.1590200,-122.4532730,6543.7,21468.8,0,0,0
950.00,0.0,0.0,12243,0.0,1,-13.7,0,0,12243.0,38.1590200,-122.4532730,6543.7,21468.8,0,0,0
950.10,0.0,0.0,12243,0.0,1,-13.7,0,0,12243.0,38.1590200,-122.4532730,6543.7,21468.8,0,0,0
950.20,0.0,0.0,12243,0.0,1,-13.7,0,0,12243.0,38.1590200,-122.4532730,6543.7,21468.8,0,0,0
950.30,0.0,0.0,12243,0.0,1,-13.7,0,0,12243.0,38.1590200,-122.4532730,6543.7,21468.8,0,0,0
950.40,0.0,0.0,12243,0.0,1,-13.7,0,0,12243.0,38.1590200,-122.4532730,6543.7,21468.8,0,0,0
950.50,0.0,0.0,12243,0.0,1,-13.7,0,0,12243.0,38.1590200,-122.4532730,6543.7,21468.8,0,0,0
950.60,0.0,0.0,12243,0.0,1,-13.7,0,0,12243.0,38.1590200,-122.4532720,6543.7,21468.8,0,0,0
950.70,0.0,0.0,12243,0.0,1,-13.7,0,0,12243.0,38.1590200,-122.4532720,6543.7,21468.8,0,0,0
950.80,0.0,0.0,12243,0.0,1,-13.7,0,0,12243.0,38.1590200,-122.4532720,6543.7,21468.8,0,0,0
950.90,0.0,0.0,12243,0.0,1,-13.7,0,0,12243.0,38.1590200,-122.4532720,6543.7,21468.8,0,0,0
951.00,0.0,0.0,12243,0.0,1,-13.7,0,0,12243.0,38.1590200,-122.4532720,6543.7,21468.8,0,0,0
951.10,0.0,0.0,12243,0.0,1,-13.7,0,0,12243.0,38.1590200,-122.4532720,6543.7,21468.8,0,0,0
951.20,0.0,0.0,12243,0.0,1,-13.7,0,0,12243.0,38.1590200,-122.4532710,6543.7,21468.8,0,0,0
951.30,0.0,0.0,12243,0.0,1,-13.7,0,0,12243.0,38.1590210,-122.4532710,6543.7,21468.8,0,0,0
951.40,0.0,0.0,12243,0.0,1,-13.7,0,0,12243.0,38.1590210,-122.4532710,6543.7,21468.8,0,0,0
951.50,0.0,0.0,12243,0.0,1,-13.7,0,0,12243.0,38.1590210,-122.4532710,6543.7,21468.8,0,0,0
951.60,0.0,0.0,12243,0.0,1,-13.7,0,0,12243.0,38.1590210,-122.4532710,6543.7,21468.8,0,0,0
951.70,0.0,0.0,12243,0.0,1,-13.7,0,0,12243.0,38.1590210,-122.4532710,6543.7,21468.8,0,0,0
951.80,0.0,0.0,12243,0.0,1,-13.7,0,0,12243.0,38.1590210,-122.4532710,6543.9,21469.5,0,0,0
951.90,0.0,0.0,12243,0.0,1,-13.7,0,0,12243.0,38.1590210,-122.4532710,6543.9,21469.5,0,0,0
952.00,0.0,0.0,12243,0.0,1,-13.7,0,0,12243.0,38.1590210,-122.4532710,6543.9,21469.5,0,0,0
952.10,0.0,0.0,12243,0.0,1,-13.7,0,0,12243.0,38.1590210,-122.4532710,6543.9,21469.5,0,0,0
952.20,0.0,0.0,12243,0.0,1,-13.7,0,0,12243.0,38.1590220,-122.4532710,6543.9,21469.5,0,0,0
952.30,0.0,0.0,12243,0.0,1,-13.7,0,0,12243.0,38.1590220,-122.4532710,6543.9,21469.5,0,0,0
952.40,0.0,0.0,12243,0.0,1,-13.7,0,0,12243.0,38.1590220,-122.4532710,6543.9,21469.5,0,0,0
952.50,0.0,0.0,12243,0.0,1,-13.7,0,0,12243.0,38.1590220,-122.4532710,6543.9,21469.5,0,0,0
952.60,0.0,0.0,12243,0.0,1,-13.7,0,0,12243.0,38.1590220,-122.4532700,6543.9,21469.5,0,0,0
952.70,0.0,0.0,12243,0.0,1,-13.7,0,0,12243.0,38.1590220,-122.4532700,6543.9,21469.5,0,0,0
952.80,0.0,0.0,12243,0.0,1,-13.7,0,0,12243.0,38.1590220,-122.4532700,6544.2,21470.5,0,0,0
952.90,0.0,0.0,12243,0.0,1,-13.7,0,0,12243.0,38.1590220,-122.4532700,6544.2,21470.5,0,0,0
953.00,0.0,0.0,12243,0.0,1,-13.7,0,0,12243.0,38.1590220,-122.4532700,6544.2,21470.5,0,0,0
953.10,0.0,0.0,12243,0.0,1,-13.7,0,0,12243.0,38.1590230,-122.4532700,6544.2,21470.5,0,0,0
953.20,0.0,0.0,12243,0.0,1,-13.7,0,0,12243.0,38.1590230,-122.4532700,6544.2,21470.5,0,0,0
953.30,0.0,0.0,12243,0.0,1,-13.7,0,0,12243.0,38.1590230,-122.4532700,6544.2,21470.5,0,0,0
953.40,0.0,0.0,12243,0.0,1,-13.7,0,0,12243.0,38.1590230,-122.4532700,6544.2,21470.5,0,0,0
953.50,0.0,0.0,12243,0.0,1,-13.7,0,0,12243.0,38.1590230,-122.4532690,6544.2,21470.5,0,0,0
953.60,0.0,0.0,12243,0.0,1,-13.7,0,0,12243.0,38.1590230,-122.4532690,6544.2,21470.5,0,0,0
953.70,0.0,0.0,12243,0.0,1,-13.7,0,0,12243.0,38.1590230,-122.4532690,6544.2,21470.5,0,0,0
953.80,0.0,0.0,12243,0.0,1,-13.7,0,0,12243.0,38.1590230,-122.4532690,6544.5,21471.5,0,0,0
953.90,0.0,0.0,12243,0.0,1,-13.7,0,0,12243.0,38.1590230,-122.4532690,6544.5,21471.5,0,0,0
954.00,0.0,0.0,12243,0.0,1,-13.7,0,0,12243.0,38.1590230,-122.4532690,6544.5,21471.5,0,0,0
954.10,0.0,0.0,12243,0.0,1,-13.7,0,0,12243.0,38.1590240,-122.4532690,6544.5,21471.5,0,0,0
954.20,0.0,0.0,12243,0.0,1,-13.7,0,0,12243.0,38.1590240,-122.4532690,6544.5,21471.5,0,0,0
954.30,0.0,0.0,12243,0.0,1,-13.7,0,0,12243.0,38.1590240,-122.4532690,6544.5,21471.5,0,0,0
954.40,0.0,0.0,12243,0.0,1,-13.7,0,0,12243.0,38.1590240,-122.4532680,6544.5,21471.5,0,0,0
954.50,0.0,0.0,12243,0.0,1,-13.6,0,0,12243.0,38.1590230,-122.4532680,6544.5,21471.5,0,0,0
954.60,0.0,0.0,12243,0.0,1,-13.6,0,0,12243.0,38.1590230,-122.4532680,6544.5,21471.5,0,0,0
954.70,0.0,0.0,12243,0.0,1,-13.7,0,0,12243.0,38.1590230,-122.4532680,6544.5,21471.5,0,0,0
954.80,0.0,0.0,12243,0.0,1,-13.6,0,0,12243.0,38.1590230,-122.4532680,6544.8,21472.4,0,0,0
954.90,0.0,0.0,12243,0.0,1,-13.7,0,0,12243.0,38.1590230,-122.4532680,6544.8,21472.4,0,0,0
955.00,0.0,0.0,12243,0.0,1,-13.7,0,0,12243.0,38.1590240,-122.4532680,6544.8,21472.4,0,0,0
955.10,0.0,0.0,12243,0.0,1,-13.7,0,0,12243.0,38.1590240,-122.4532680,6544.8,21472.4,0,0,0
955.20,0.0,0.0,12243,0.0,1,-13.7,0,0,12243.0,38.1590240,-122.4532680,6544.8,21472.4,0,0,0
955.30,0.0,0.0,12243,0.0,1,-13.7,0,0,12243.0,38.1590240,-122.4532680,6544.8,21472.4,0,0,0
955.40,0.0,0.0,12243,0.0,1,-13.7,0,0,12243.0,38.1590240,-122.4532680,6544.8,21472.4,0,0,0
955.50,0.0,0.0,12243,0.0,1,-13.7,0,0,12243.0,38.1590240,-122.4532680,6544.8,21472.4,0,0,0
955.60,0.0,0.0,12243,0.0,1,-13.7,0,0,12243.0,38.1590240,-122.4532680,6544.8,21472.4,0,0,0
955.70,0.0,0.0,12243,0.0,1,-13.7,0,0,12243.0,38.1590240,-122.4532670,6544.8,21472.4,0,0,0
955.80,0.0,0.0,12243,0.0,1,-13.7,0,0,12243.0,38.1590240,-122.4532670,6545.0,21473.1,0,0,0
955.90,0.0,0.0,12243,0.0,1,-13.7,0,0,12243.0,38.1590240,-122.4532670,6545.0,21473.1,0,0,0
956.00,0.0,0.0,12243,0.0,1,-13.7,0,0,12243.0,38.1590240,-122.4532670,6545.0,21473.1,0,0,0
956.10,0.0,0.0,12243,0.0,1,-13.7,0,0,12243.0,38.1590250,-122.4532670,6545.0,21473.1,0,0,0
956.20,0.0,0.0,12243,0.0,1,-13.6,0,0,12243.0,38.1590250,-122.4532670,6545.0,21473.1,0,0,0
956.30,0.0,0.0,12243,0.0,1,-13.6,0,0,12243.0,38.1590250,-122.4532670,6545.0,21473.1,0,0,0
956.40,0.0,0.0,12243,0.0,1,-13.6,0,0,12243.0,38.1590250,-122.4532670,6545.0,21473.1,0,0,0
956.50,0.0,0.0,12243,0.0,1,-13.7,0,0,12243.0,38.1590250,-122.4532670,6545.0,21473.1,0,0,0
956.60,0.0,0.0,12243,0.0,1,-13.6,0,0,12243.0,38.1590250,-122.4532670,6545.0,21473.1,0,0,0
956.70,0.0,0.0,12243,0.0,1,-13.6,0,0,12243.0,38.1590260,-122.4532670,6545.0,21473.1,0,0,0
956.80,0.0,0.0,12243,0.0,1,-13.6,0,0,12243.0,38.1590260,-122.4532670,6545.3,21474.1,0,0,0
956.90,0.0,0.0,12243,0.0,1,-13.7,0,0,12243.0,38.1590260,-122.4532670,6545.3,21474.1,0,0,0
957.00,0.0,0.0,12243,0.0,1,-13.6,0,0,12243.0,38.1590270,-122.4532670,6545.3,21474.1,0,0,0
957.10,0.0,0.0,12243,0.0,1,-13.6,0,0,12243.0,38.1590280,-122.4532680,6545.3,21474.1,0,0,0
957.20,0.0,0.0,12243,0.0,1,-13.6,0,0,12243.0,38.1590290,-122.4532680,6545.3,21474.1,0,0,0
957.30,0.0,0.0,12243,0.0,1,-13.7,0,0,12243.0,38.1590300,-122.4532680,6545.3,21474.1,0,0,0
957.40,0.0,0.0,12243,0.0,1,-13.6,0,0,12243.0,38.1590300,-122.4532680,6545.3,21474.1,0,0,0
957.50,0.0,0.0,12243,0.0,1,-13.6,0,0,12243.0,38.1590310,-122.4532690,6545.3,21474.1,0,0,0
957.60,0.0,0.0,12243,0.0,1,-13.6,0,0,12243.0,38.1590310,-122.4532690,6545.3,21474.1,0,0,0
957.70,0.0,0.0,12243,0.0,1,-13.7,0,0,12243.0,38.1590310,-122.4532690,6545.3,21474.1,0,0,0
957.80,0.0,0.0,12243,0.0,1,-13.6,0,0,12243.0,38.1590310,-122.4532690,6545.5,21474.7,0,0,0
957.90,0.0,0.0,12243,0.0,1,-13.6,0,0,12243.0,38.1590310,-122.4532690,6545.5,21474.7,0,0,0
958.00,0.0,0.0,12243,0.0,1,-13.6,0,0,12243.0,38.1590310,-122.4532690,6545.5,21474.7,0,0,0
958.10,0.0,0.0,12243,0.0,1,-13.7,0,0,12243.0,38.1590310,-122.4532690,6545.5,21474.7,0,0,0
958.20,0.0,0.0,12243,0.0,1,-13.6,0,0,12243.0,38.1590310,-122.4532690,6545.5,21474.7,0,0,0
958.30,0.0,0.0,12243,0.0,1,-13.6,0,0,12243.0,38.1590310,-122.4532690,6545.5,21474.7,0,0,0
958.40,0.0,0.0,12243,0.0,1,-13.6,0,0,12243.0,38.1590310,-122.4532690,6545.5,21474.7,0,0,0
958.50,0.0,0.0,12243,0.0,1,-13.6,0,0,12243.0,38.1590310,-122.4532690,6545.5,21474.7,0,0,0
958.60,0.0,0.0,12243,0.0,1,-13.7,0,0,12243.0,38.1590310,-122.4532690,6545.5,21474.7,0,0,0
958.70,0.0,0.0,12243,0.0,1,-13.6,0,0,12243.0,38.1590310,-122.4532690,6545.5,21474.7,0,0,0
958.80,0.0,0.0,12243,0.0,1,-13.7,0,0,12243.0,38.1590310,-122.4532690,6545.7,21475.4,0,0,0
958.90,0.0,0.0,12243,0.0,1,-13.6,0,0,12243.0,38.1590310,-122.4532690,6545.7,21475.4,0,0,0
959.00,0.0,0.0,12243,0.0,1,-13.7,0,0,12243.0,38.1590310,-122.4532690,6545.7,21475.4,0,0,0
959.10,0.0,0.0,12243,0.0,1,-13.6,0,0,12243.0,38.1590310,-122.4532680,6545.7,21475.4,0,0,0
959.20,0.0,0.0,12243,0.0,1,-13.7,0,0,12243.0,38.1590310,-122.4532680,6545.7,21475.4,0,0,0
959.30,0.0,0.0,12243,0.0,1,-13.6,0,0,12243.0,38.1590310,-122.4532680,6545.7,21475.4,0,0,0
959.40,0.0,0.0,12243,0.0,1,-13.7,0,0,12243.0,38.1590310,-122.4532680,6545.7,21475.4,0,0,0
959.50,0.0,0.0,12243,0.0,1,-13.6,0,0,12243.0,38.1590310,-122.4532680,6545.7,21475.4,0,0,0
959.60,0.0,0.0,12243,0.0,1,-13.7,0,0,12243.0,38.1590310,-122.4532680,6545.7,21475.4,0,0,0
959.70,0.0,0.0,12243,0.0,1,-13.6,0,0,12243.0,38.1590310,-122.4532680,6545.7,21475.4,0,0,0
959.80,0.0,0.0,12243,0.0,1,-13.7,0,0,12243.0,38.1590310,-122.4532680,6545.7,21475.4,0,0,0
959.90,0.0,0.0,12243,0.0,1,-13.6,0,0,12243.0,38.1590310,-122.4532680,6545.7,21475.4,0,0,0
960.00,0.0,0.0,12243,0.0,1,-13.7,0,0,12243.0,38.1590310,-122.4532680,6545.7,21475.4,0,0,0
960.10,0.0,0.0,12243,0.0,1,-13.6,0,0,12243.0,38.1590310,-122.4532680,6545.7,21475.4,0,0,0
960.20,0.0,0.0,12243,0.0,1,-13.7,0,0,12243.0,38.1590310,-122.4532680,6545.7,21475.4,0,0,0
960.30,0.0,0.0,12243,0.0,1,-13.6,0,0,12243.0,38.1590310,-122.4532680,6545.7,21475.4,0,0,0
960.40,0.0,0.0,12243,0.0,1,-13.7,0,0,12243.0,38.1590310,-122.4532680,6545.7,21475.4,0,0,0
960.50,0.0,0.0,12243,0.0,1,-13.6,0,0,12243.0,38.1590310,-122.4532680,6545.7,21475.4,0,0,0
960.60,0.0,0.0,12243,0.0,1,-13.7,0,0,12243.0,38.1590310,-122.4532680,6545.7,21475.4,0,0,0
960.70,0.0,0.0,12243,0.0,1,-13.6,0,0,12243.0,38.1590310,-122.4532680,6545.7,21475.4,0,0,0
960.80,0.0,0.0,12243,0.0,1,-13.6,0,0,12243.0,38.1590310,-122.4532680,6545.8,21475.7,0,0,0
960.90,0.0,0.0,12243,0.0,1,-13.6,0,0,12243.0,38.1590300,-122.4532680,6545.8,21475.7,0,0,0
961.00,0.0,0.0,12243,0.0,1,-13.6,0,0,12243.0,38.1590300,-122.4532680,6545.8,21475.7,0,0,0
961.10,0.0,0.0,12243,0.0,1,-13.6,0,0,12243.0,38.1590300,-122.4532680,6545.8,21475.7,0,0,0
961.20,0.0,0.0,12243,0.0,1,-13.6,0,0,12243.0,38.1590300,-122.4532680,6545.8,21475.7,0,0,0
961.30,0.0,0.0,12243,0.0,1,-13.6,0,0,12243.0,38.1590300,-122.4532680,6545.8,21475.7,0,0,0
961.40,0.0,0.0,12243,0.0,1,-13.6,0,0,12243.0,38.1590300,-122.4532680,6545.8,21475.7,0,0,0
961.50,0.0,0.0,12243,0.0,1,-13.6,0,0,12243.0,38.1590310,-122.4532680,6545.8,21475.7,0,0,0
961.60,0.0,0.0,12243,0.0,1,-13.7,0,0,12243.0,38.1590310,-122.4532680,6545.8,21475.7,0,0,0
961.70,0.0,0.0,12243,0.0,1,-13.6,0,0,12243.0,38.1590310,-122.4532680,6545.8,21475.7,0,0,0
961.80,0.0,0.0,12243,0.0,1,-13.6,0,0,12243.0,38.1590310,-122.4532680,6545.8,21475.7,0,0,0
961.90,0.0,0.0,12243,0.0,1,-13.6,0,0,12243.0,38.1590310,-122.4532680,6545.8,21475.7,0,0,0
962.00,0.0,0.0,12243,0.0,1,-13.7,0,0,12243.0,38.1590300,-122.4532680,6545.8,21475.7,0,0,0
962.10,0.0,0.0,12243,0.0,1,-13.6,0,0,12243.0,38.1590310,-122.4532680,6545.8,21475.7,0,0,0
962.20,0.0,0.0,12243,0.0,1,-13.6,0,0,12243.0,38.1590310,-122.4532680,6545.8,21475.7,0,0,0
962.30,0.0,0.0,12243,0.0,1,-13.6,0,0,12243.0,38.1590310,-122.4532680,6545.8,21475.7,0,0,0
962.40,0.0,0.0,12243,0.0,1,-13.7,0,0,12243.0,38.1590310,-122.4532680,6545.8,21475.7,0,0,0
962.50,0.0,0.0,12243,0.0,1,-13.6,0,0,12243.0,38.1590310,-122.4532680,6545.8,21475.7,0,0,0
962.60,0.0,0.0,12243,0.0,1,-13.7,0,0,12243.0,38.1590310,-122.4532690,6545.8,21475.7,0,0,0
962.70,0.0,0.0,12243,0.0,1,-13.7,0,0,12243.0,38.1590320,-122.4532690,6545.8,21475.7,0,0,0
962.80,0.0,0.0,12243,0.0,1,-13.7,0,0,12243.0,38.1590320,-122.4532690,6545.9,21476.1,0,0,0
962.90,0.0,0.0,12243,0.0,1,-13.7,0,0,12243.0,38.1590320,-122.4532690,6545.9,21476.1,0,0,0
963.00,0.0,0.0,12243,0.0,1,-13.7,0,0,12243.0,38.1590320,-122.4532690,6545.9,21476.1,0,0,0
963.10,0.0,0.0,12243,0.0,1,-13.7,0,0,12243.0,38.1590320,-122.4532690,6545.9,21476.1,0,0,0
963.20,0.0,0.0,12243,0.0,1,-13.7,0,0,12243.0,38.1590320,-122.4532690,6545.9,21476.1,0,0,0
963.30,0.0,0.0,12243,0.0,1,-13.7,0,0,12243.0,38.1590320,-122.4532690,6545.9,21476.1,0,0,0
963.40,0.0,0.0,12243,0.0,1,-13.7,0,0,12243.0,38.1590320,-122.4532700,6545.9,21476.1,0,0,0
963.50,0.0,0.0,12243,0.0,1,-13.7,0,0,12243.0,38.1590320,-122.4532700,6545.9,21476.1,0,0,0
963.60,0.0,0.0,12243,0.0,1,-13.7,0,0,12243.0,38.1590320,-122.4532690,6545.9,21476.1,0,0,0
963.70,0.0,0.0,12243,0.0,1,-13.7,0,0,12243.0,38.1590320,-122.4532700,6545.9,21476.1,0,0,0
963.80,0.0,0.0,12243,0.0,1,-13.7,0,0,12243.0,38.1590320,-122.4532700,6546.1,21476.7,0,0,0
963.90,0.0,0.0,12243,0.0,1,-13.7,0,0,12243.0,38.1590320,-122.4532700,6546.1,21476.7,0,0,0
964.00,0.0,0.0,12243,0.0,1,-13.7,0,0,12243.0,38.1590320,-122.4532700,6546.1,21476.7,0,0,0
964.10,0.0,0.0,12243,0.0,1,-13.6,0,0,12243.0,38.1590320,-122.4532700,6546.1,21476.7,0,0,0
964.20,0.0,0.0,12243,0.0,1,-13.7,0,0,12243.0,38.1590320,-122.4532700,6546.1,21476.7,0,0,0
964.30,0.0,0.0,12243,0.0,1,-13.7,0,0,12243.0,38.1590320,-122.4532700,6546.1,21476.7,0,0,0
964.40,0.0,0.0,12243,0.0,1,-13.7,0,0,12243.0,38.1590320,-122.4532700,6546.1,21476.7,0,0,0
964.50,0.0,0.0,12243,0.0,1,-13.7,0,0,12243.0,38.1590320,-122.4532700,6546.1,21476.7,0,0,0
964.60,0.0,0.0,12243,0.0,1,-13.7,0,0,12243.0,38.1590320,-122.4532700,6546.1,21476.7,0,0,0
964.70,0.0,0.0,12243,0.0,1,-13.7,0,0,12243.0,38.1590320,-122.4532700,6546.1,21476.7,0,0,0
964.80,0.0,0.0,12243,0.0,1,-13.7,0,0,12243.0,38.1590320,-122.4532700,6546.1,21476.7,0,0,0
964.90,0.0,0.0,12243,0.0,1,-13.6,0,0,12243.0,38.1590320,-122.4532700,6546.1,21476.7,0,0,0
965.00,0.0,0.0,12243,0.0,1,-13.7,0,0,12243.0,38.1590320,-122.4532700,6546.1,21476.7,0,0,0
965.10,0.0,0.0,12243,0.0,1,-13.7,0,0,12243.0,38.1590320,-122.4532700,6546.1,21476.7,0,0,0
965.20,0.0,0.0,12243,0.0,1,-13.7,0,0,12243.0,38.1590320,-122.4532700,6546.1,21476.7,0,0,0
965.30,0.0,0.0,12243,0.0,1,-13.6,0,0,12243.0,38.1590320,-122.4532700,6546.1,21476.7,0,0,0
965.40,0.0,0.0,12243,0.0,1,-13.7,0,0,12243.0,38.1590330,-122.4532700,6546.1,21476.7,0,0,0
965.50,0.0,0.0,12243,0.0,1,-13.7,0,0,12243.0,38.1590330,-122.4532700,6546.1,21476.7,0,0,0
965.60,0.0,0.0,12243,0.0,1,-13.7,0,0,12243.0,38.1590330,-122.4532700,6546.1,21476.7,0,0,0
965.70,0.0,0.0,12243,0.0,1,-13.7,0,0,12243.0,38.1590330,-122.4532700,6546.1,21476.7,0,0,0
965.80,0.0,0.0,12243,0.0,1,-13.7,0,0,12243.0,38.1590330,-122.4532700,6546.3,21477.4,0,0,0
965.90,0.0,0.0,12243,0.0,1,-13.7,0,0,12243.0,38.1590320,-122.4532700,6546.3,21477.4,0,0,0
966.00,0.0,0.0,12243,0.0,1,-13.7,0,0,12243.0,38.1590320,-122.4532700,6546.3,21477.4,0,0,0
966.10,0.0,0.0,12243,0.0,1,-13.7,0,0,12243.0,38.1590320,-122.4532700,6546.3,21477.4,0,0,0
966.20,0.0,0.0,12243,0.0,1,-13.7,0,0,12243.0,38.1590320,-122.4532700,6546.3,21477.4,0,0,0
966.30,0.0,0.0,12243,0.0,1,-13.7,0,0,12243.0,38.1590320,-122.4532700,6546.3,21477.4,0,0,0
966.40,0.0,0.0,12243,0.0,1,-13.7,0,0,12243.0,38.1590330,-122.4532700,6546.3,21477.4,0,0,0
966.50,0.0,0.0,12243,0.0,1,-13.7,0,0,12243.0,38.1590330,-122.4532710,6546.3,21477.4,0,0,0
966.60,0.0,0.0,12243,0.0,1,-13.7,0,0,12243.0,38.1590330,-122.4532710,6546.3,21477.4,0,0,0
966.70,0.0,0.0,12243,0.0,1,-13.7,0,0,12243.0,38.1590330,-122.4532710,6546.3,21477.4,0,0,0
966.80,0.0,0.0,12243,0.0,1,-13.7,0,0,12243.0,38.1590330,-122.4532710,6546.3,21477.4,0,0,0
966.90,0.0,0.0,12243,0.0,1,-13.7,0,0,12243.0,38.1590330,-122.4532710,6546.3,21477.4,0,0,0
967.00,0.0,0.0,12243,0.0,1,-13.7,0,0,12243.0,38.1590330,-122.4532710,6546.3,21477.4,0,0,0
967.10,0.0,0.0,12243,0.0,1,-13.7,0,0,12243.0,38.1590330,-122.4532710,6546.3,21477.4,0,0,0
967.20,0.0,0.0,12243,0.0,1,-13.7,0,0,12243.0,38.1590330,-122.4532710,6546.3,21477.4,0,0,0
967.30,0.0,0.0,12243,0.0,1,-13.7,0,0,12243.0,38.1590330,-122.4532710,6546.3,21477.4,0,0,0
967.40,0.0,0.0,12243,0.0,1,-13.7,0,0,12243.0,38.1590330,-122.4532710,6546.3,21477.4,0,0,0
967.50,0.0,0.0,12243,0.0,1,-13.7,0,0,12243.0,38.1590330,-122.4532710,6546.3,21477.4,0,0,0
967.60,0.0,0.0,12243,0.0,1,-13.7,0,0,12243.0,38.1590330,-122.4532710,6546.3,21477.4,0,0,0
967.70,0.0,0.0,12243,0.0,1,-13.7,0,0,12243.0,38.1590330,-122.4532710,6546.3,21477.4,0,0,0
967.80,0.0,0.0,12243,0.0,1,-13.7,0,0,12243.0,38.1590330,-122.4532710,6546.5,21478.0,0,0,0
967.90,0.0,0.0,12243,0.0,1,-13.7,0,0,12243.0,38.1590330,-122.4532710,6546.5,21478.0,0,0,0
968.00,0.0,0.0,12243,0.0,1,-13.7,0,0,12243.0,38.1590330,-122.4532710,6546.5,21478.0,0,0,0
968.10,0.0,0.0,12243,0.0,1,-13.7,0,0,12243.0,38.1590340,-122.4532710,6546.5,21478.0,0,0,0
968.20,0.0,0.0,12243,0.0,1,-13.7,0,0,12243.0,38.1590340,-122.4532710,6546.5,21478.0,0,0,0
968.30,0.0,0.0,12243,0.0,1,-13.7,0,0,12243.0,38.1590340,-122.4532720,6546.5,21478.0,0,0,0
968.40,0.0,0.0,12243,0.0,1,-13.7,0,0,12243.0,38.1590340,-122.4532720,6546.5,21478.0,0,0,0
968.50,0.0,0.0,12243,0.0,1,-13.7,0,0,12243.0,38.1590340,-122.4532720,6546.5,21478.0,0,0,0
968.60,0.0,0.0,12243,0.0,1,-13.7,0,0,12243.0,38.1590340,-122.4532720,6546.5,21478.0,0,0,0
968.70,0.0,0.0,12243,0.0,1,-13.7,0,0,12243.0,38.1590340,-122.4532720,6546.5,21478.0,0,0,0
968.80,0.0,0.0,12243,0.0,1,-13.7,0,0,12243.0,38.1590340,-122.4532720,6546.6,21478.3,0,0,0
968.90,0.0,0.0,12243,0.0,1,-13.7,0,0,12243.0,38.1590340,-122.4532720,6546.6,21478.3,0,0,0
969.00,0.0,0.0,12243,0.0,1,-13.7,0,0,12243.0,38.1590340,-122.4532730,6546.6,21478.3,0,0,0
969.10,0.0,0.0,12243,0.0,1,-13.7,0,0,12243.0,38.1590340,-122.4532730,6546.6,21478.3,0,0,0
969.20,0.0,0.0,12243,0.0,1,-13.7,0,0,12243.0,38.1590340,-122.4532730,6546.6,21478.3,0,0,0
969.30,0.0,0.0,12243,0.0,1,-13.7,0,0,12243.0,38.1590340,-122.4532730,6546.6,21478.3,0,0,0
969.40,0.0,0.0,12243,0.0,1,-13.7,0,0,12243.0,38.1590340,-122.4532730,6546.6,21478.3,0,0,0
969.50,0.0,0.0,12243,0.0,1,-13.7,0,0,12243.0,38.1590340,-122.4532730,6546.6,21478.3,0,0,0
969.60,0.0,0.0,12243,0.0,1,-13.7,0,0,12243.0,38.1590350,-122.4532740,6546.6,21478.3,0,0,0
969.70,0.0,0.0,12243,0.0,1,-13.7,0,0,12243.0,38.1590350,-122.4532740,6546.6,21478.3,0,0,0
969.80,0.0,0.0,12243,0.0,1,-13.7,0,0,12243.0,38.1590350,-122.4532740,6546.8,21479.0,0,0,0
969.90,0.0,0.0,12243,0.0,1,-13.7,0,0,12243.0,38.1590350,-122.4532740,6546.8,21479.0,0,0,0
970.00,0.0,0.0,12243,0.0,1,-13.7,0,0,12243.0,38.1590350,-122.4532750,6546.8,21479.0,0,0,0
970.10,0.0,0.0,12243,0.0,1,-13.7,0,0,12243.0,38.1590350,-122.4532750,6546.8,21479.0,0,0,0
970.20,0.0,0.0,12243,0.0,1,-13.7,0,0,12243.0,38.1590350,-122.4532760,6546.8,21479.0,0,0,0
970.30,0.0,0.0,12243,0.0,1,-13.7,0,0,12243.0,38.1590360,-122.4532760,6546.8,21479.0,0,0,0
970.40,0.0,0.0,12243,0.0,1,-13.7,0,0,12243.0,38.1590360,-122.4532770,6546.8,21479.0,0,0,0
970.50,0.0,0.0,12243,0.0,1,-13.7,0,0,12243.0,38.1590370,-122.4532770,6546.8,21479.0,0,0,0
970.60,0.0,0.0,12243,0.0,1,-13.7,0,0,12243.0,38.1590370,-122.4532770,6546.8,21479.0,0,0,0
970.70,0.0,0.0,12243,0.0,1,-13.7,0,0,12243.0,38.1590370,-122.4532770,6546.8,21479.0,0,0,0
970.80,0.0,0.0,12243,0.0,1,-13.7,0,0,12243.0,38.1590370,-122.4532780,6547.2,21480.3,0,0,0
970.90,0.0,0.0,12243,0.0,1,-13.7,0,0,12243.0,38.1590370,-122.4532770,6547.2,21480.3,0,0,0
971.00,0.0,0.0,12243,0.0,1,-13.7,0,0,12243.0,38.1590370,-122.4532770,6547.2,21480.3,0,0,0
971.10,0.0,0.0,12243,0.0,1,-13.7,0,0,12243.0,38.1590370,-122.4532770,6547.2,21480.3,0,0,0
971.20,0.0,0.0,12243,0.0,1,-13.7,0,0,12243.0,38.1590370,-122.4532770,6547.2,21480.3,0,0,0
971.30,0.0,0.0,12243,0.0,1,-13.7,0,0,12243.0,38.1590370,-122.4532770,6547.2,21480.3,0,0,0
971.40,0.0,0.0,12243,0.0,1,-13.7,0,0,12243.0,38.1590370,-122.4532770,6547.2,21480.3,0,0,0
971.50,0.0,0.0,12243,0.0,1,-13.7,0,0,12243.0,38.1590370,-122.4532770,6547.2,21480.3,0,0,0
971.60,0.0,0.0,12243,0.0,1,-13.7,0,0,12243.0,38.1590370,-122.4532770,6547.2,21480.3,0,0,0
971.70,0.0,0.0,12243,0.0,1,-13.7,0,0,12243.0,38.1590370,-122.4532770,6547.2,21480.3,0,0,0
971.80,0.0,0.0,12243,0.0,1,-13.7,0,0,12243.0,38.1590370,-122.4532770,6547.3,21480.6,0,0,0
971.90,0.0,0.0,12243,0.0,1,-13.7,0,0,12243.0,38.1590380,-122.4532760,6547.3,21480.6,0,0,0
972.00,0.0,0.0,12243,0.0,1,-13.7,0,0,12243.0,38.1590380,-122.4532770,6547.3,21480.6,0,0,0
972.10,0.0,0.0,12243,0.0,1,-13.7,0,0,12243.0,38.1590380,-122.4532770,6547.3,21480.6,0,0,0
972.20,0.0,0.0,12243,0.0,1,-13.7,0,0,12243.0,38.1590380,-122.4532780,6547.3,21480.6,0,0,0
972.30,0.0,0.0,12243,0.0,1,-13.7,0,0,12243.0,38.1590380,-122.4532780,6547.3,21480.6,0,0,0
972.40,0.0,0.0,12243,0.0,1,-13.7,0,0,12243.0,38.1590380,-122.4532780,6547.3,21480.6,0,0,0
972.50,0.0,0.0,12243,0.0,1,-13.7,0,0,12243.0,38.1590380,-122.4532780,6547.3,21480.6,0,0,0
972.60,0.0,0.0,12243,0.0,1,-13.7,0,0,12243.0,38.1590390,-122.4532780,6547.3,21480.6,0,0,0
972.70,0.0,0.0,12243,0.0,1,-13.7,0,0,12243.0,38.1590390,-122.4532780,6547.3,21480.6,0,0,0
972.80,0.0,0.0,12243,0.0,1,-13.7,0,0,12243.0,38.1590390,-122.4532780,6547.6,21481.6,0,0,0
972.90,0.0,0.0,12243,0.0,1,-13.7,0,0,12243.0,38.1590390,-122.4532780,6547.6,21481.6,0,0,0
973.00,0.0,0.0,12243,0.0,1,-13.7,0,0,12243.0,38.1590390,-122.4532780,6547.6,21481.6,0,0,0
973.10,0.0,0.0,12243,0.0,1,-13.7,0,0,12243.0,38.1590390,-122.4532780,6547.6,21481.6,0,0,0
973.20,0.0,0.0,12243,0.0,1,-13.7,0,0,12243.0,38.1590390,-122.4532790,6547.6,21481.6,0,0,0
973.30,0.0,0.0,12243,0.0,1,-13.7,0,0,12243.0,38.1590390,-122.4532790,6547.6,21481.6,0,0,0
973.40,0.0,0.0,12243,0.0,1,-13.7,0,0,12243.0,38.1590390,-122.4532790,6547.6,21481.6,0,0,0
973.50,0.0,0.0,12243,0.0,1,-13.7,0,0,12243.0,38.1590390,-122.4532790,6547.6,21481.6,0,0,0
973.60,0.0,0.0,12243,0.0,1,-13.7,0,0,12243.0,38.1590400,-122.4532800,6547.6,21481.6,0,0,0
973.70,0.0,0.0,12243,0.0,1,-13.7,0,0,12243.0,38.1590400,-122.4532800,6547.6,21481.6,0,0,0
973.80,0.0,0.0,12243,0.0,1,-13.7,0,0,12243.0,38.1590400,-122.4532800,6547.9,21482.6,0,0,0
973.90,0.0,0.0,12243,0.0,1,-13.7,0,0,12243.0,38.1590400,-122.4532800,6547.9,21482.6,0,0,0
974.00,0.0,0.0,12243,0.0,1,-13.7,0,0,12243.0,38.1590400,-122.4532800,6547.9,21482.6,0,0,0
974.10,0.0,0.0,12243,0.0,1,-13.7,0,0,12243.0,38.1590400,-122.4532800,6547.9,21482.6,0,0,0
974.20,0.0,0.0,12243,0.0,1,-13.7,0,0,12243.0,38.1590400,-122.4532800,6547.9,21482.6,0,0,0
974.30,0.0,0.0,12243,0.0,1,-13.7,0,0,12243.0,38.1590400,-122.4532800,6547.9,21482.6,0,0,0
974.40,0.0,0.0,12243,0.0,1,-13.7,0,0,12243.0,38.1590400,-122.4532800,6547.9,21482.6,0,0,0
974.50,0.0,0.0,12243,0.0,1,-13.7,0,0,12243.0,38.1590400,-122.4532810,6547.9,21482.6,0,0,0
974.60,0.0,0.0,12243,0.0,1,-13.7,0,0,12243.0,38.1590400,-122.4532810,6547.9,21482.6,0,0,0
974.70,0.0,0.0,12243,0.0,1,-13.7,0,0,12243.0,38.1590400,-122.4532810,6547.9,21482.6,0,0,0
974.80,0.0,0.0,12243,0.0,1,-13.7,0,0,12243.0,38.1590400,-122.4532810,6548.1,21483.3,0,0,0
974.90,0.0,0.0,12243,0.0,1,-13.7,0,0,12243.0,38.1590400,-122.4532810,6548.1,21483.3,0,0,0
975.00,0.0,0.0,12243,0.0,1,-13.7,0,0,12243.0,38.1590400,-122.4532810,6548.1,21483.3,0,0,0
975.10,0.0,0.0,12243,0.0,1,-13.7,0,0,12243.0,38.1590400,-122.4532810,6548.1,21483.3,0,0,0
975.20,0.0,0.0,12243,0.0,1,-13.7,0,0,12243.0,38.1590400,-122.4532810,6548.1,21483.3,0,0,0
975.30,0.0,0.0,12243,0.0,1,-13.7,0,0,12243.0,38.1590400,-122.4532810,6548.1,21483.3,0,0,0
975.40,0.0,0.0,12243,0.0,1,-13.7,0,0,12243.0,38.1590400,-122.4532810,6548.1,21483.3,0,0,0
975.50,0.0,0.0,12243,0.0,1,-13.7,0,0,12243.0,38.1590400,-122.4532810,6548.1,21483.3,0,0,0
975.60,0.0,0.0,12243,0.0,1,-13.7,0,0,12243.0,38.1590400,-122.4532810,6548.1,21483.3,0,0,0
975.70,0.0,0.0,12243,0.0,1,-13.7,0,0,12243.0,38.1590400,-122.4532810,6548.1,21483.3,0,0,0
975.80,0.0,0.0,12243,0.0,1,-13.7,0,0,12243.0,38.1590400,-122.4532810,6548.3,21483.9,0,0,0
975.90,0.0,0.0,12243,0.0,1,-13.7,0,0,12243.0,38.1590400,-122.4532810,6548.3,21483.9,0,0,0
976.00,0.0,0.0,12243,0.0,1,-13.7,0,0,12243.0,38.1590400,-122.4532800,6548.3,21483.9,0,0,0
976.10,0.0,0.0,12243,0.0,1,-13.7,0,0,12243.0,38.1590400,-122.4532800,6548.3,21483.9,0,0,0
976.20,0.0,0.0,12243,0.0,1,-13.7,0,0,12243.0,38.1590400,-122.4532800,6548.3,21483.9,0,0,0
976.30,0.0,0.0,12243,0.0,1,-13.7,0,0,12243.0,38.1590400,-122.4532800,6548.3,21483.9,0,0,0
976.40,0.0,0.0,12243,0.0,1,-13.7,0,0,12243.0,38.1590400,-122.4532800,6548.3,21483.9,0,0,0
976.50,0.0,0.0,12243,0.0,1,-13.7,0,0,12243.0,38.1590400,-122.4532800,6548.3,21483.9,0,0,0
976.60,0.0,0.0,12243,0.0,1,-13.7,0,0,12243.0,38.1590390,-122.4532800,6548.3,21483.9,0,0,0
976.70,0.0,0.0,12243,0.0,1,-13.7,0,0,12243.0,38.1590390,-122.4532790,6548.3,21483.9,0,0,0
976.80,0.0,0.0,12243,0.0,1,-13.7,0,0,12243.0,38.1590390,-122.4532790,6548.4,21484.3,0,0,0
976.90,0.0,0.0,12243,0.0,1,-13.7,0,0,12243.0,38.1590390,-122.4532780,6548.4,21484.3,0,0,0
977.00,0.0,0.0,12243,0.0,1,-13.7,0,0,12243.0,38.1590380,-122.4532780,6548.4,21484.3,0,0,0
977.10,0.0,0.0,12243,0.0,1,-13.7,0,0,12243.0,38.1590380,-122.4532780,6548.4,21484.3,0,0,0
977.20,0.0,0.0,12243,0.0,1,-13.7,0,0,12243.0,38.1590390,-122.4532780,6548.4,21484.3,0,0,0
977.30,0.0,0.0,12243,0.0,1,-13.7,0,0,12243.0,38.1590390,-122.4532780,6548.4,21484.3,0,0,0
977.40,0.0,0.0,12243,0.0,1,-13.7,0,0,12243.0,38.1590400,-122.4532800,6548.4,21484.3,0,0,0
977.50,0.0,0.0,12243,0.0,1,-13.7,0,0,12243.0,38.1590400,-122.4532800,6548.4,21484.3,0,0,0
977.60,0.0,0.0,12243,0.0,1,-13.7,0,0,12243.0,38.1590400,-122.4532810,6548.4,21484.3,0,0,0
977.70,0.0,0.0,12243,0.0,1,-13.7,0,0,12243.0,38.1590410,-122.4532810,6548.4,21484.3,0,0,0
977.80,0.0,0.0,12243,0.0,1,-13.7,0,0,12243.0,38.1590410,-122.4532810,6548.6,21484.9,0,0,0
977.90,0.0,0.0,12243,0.0,1,-13.7,0,0,12243.0,38.1590400,-122.4532810,6548.6,21484.9,0,0,0
978.00,0.0,0.0,12243,0.0,1,-13.7,0,0,12243.0,38.1590400,-122.4532810,6548.6,21484.9,0,0,0
978.10,0.0,0.0,12243,0.0,1,-13.7,0,0,12243.0,38.1590400,-122.4532820,6548.6,21484.9,0,0,0
978.20,0.0,0.0,12243,0.0,1,-13.7,0,0,12243.0,38.1590400,-122.4532820,6548.6,21484.9,0,0,0
978.30,0.0,0.0,12243,0.0,1,-13.7,0,0,12243.0,38.1590400,-122.4532820,6548.6,21484.9,0,0,0
978.40,0.0,0.0,12243,0.0,1,-13.7,0,0,12243.0,38.1590410,-122.4532820,6548.6,21484.9,0,0,0
978.50,0.0,0.0,12243,0.0,1,-13.7,0,0,12243.0,38.1590400,-122.4532820,6548.6,21484.9,0,0,0
978.60,0.0,0.0,12243,0.0,1,-13.7,0,0,12243.0,38.1590400,-122.4532820,6548.6,21484.9,0,0,0
978.70,0.0,0.0,12243,0.0,1,-13.7,0,0,12243.0,38.1590400,-122.4532820,6548.6,21484.9,0,0,0
978.80,0.0,0.0,12243,0.0,1,-13.7,0,0,12243.0,38.1590410,-122.4532820,6548.8,21485.6,0,0,0
978.90,0.0,0.0,12243,0.0,1,-13.7,0,0,12243.0,38.1590400,-122.4532830,6548.8,21485.6,0,0,0
979.00,0.0,0.0,12243,0.0,1,-13.7,0,0,12243.0,38.1590400,-122.4532830,6548.8,21485.6,0,0,0
979.10,0.0,0.0,12243,0.0,1,-13.7,0,0,12243.0,38.1590400,-122.4532830,6548.8,21485.6,0,0,0
979.20,0.0,0.0,12243,0.0,1,-13.7,0,0,12243.0,38.1590400,-122.4532830,6548.8,21485.6,0,0,0
979.30,0.0,0.0,12243,0.0,1,-13.7,0,0,12243.0,38.1590400,-122.4532830,6548.8,21485.6,0,0,0
979.40,0.0,0.0,12243,0.0,1,-13.7,0,0,12243.0,38.1590400,-122.4532830,6548.8,21485.6,0,0,0
979.50,0.0,0.0,12243,0.0,1,-13.7,0,0,12243.0,38.1590400,-122.4532820,6548.8,21485.6,0,0,0
979.60,0.0,0.0,12243,0.0,1,-13.7,0,0,12243.0,38.1590400,-122.4532830,6548.8,21485.6,0,0,0
979.70,0.0,0.0,12243,0.0,1,-13.7,0,0,12243.0,38.1590400,-122.4532830,6548.8,21485.6,0,0,0
979.80,0.0,0.0,12243,0.0,1,-13.7,0,0,12243.0,38.1590400,-122.4532830,6548.8,21485.6,0,0,0
979.90,0.0,0.0,12243,0.0,1,-13.7,0,0,12243.0,38.1590400,-122.4532830,6548.8,21485.6,0,0,0
980.00,0.0,0.0,12243,0.0,1,-13.7,0,0,12243.0,38.1590400,-122.4532830,6548.8,21485.6,0,0,0
980.10,0.0,0.0,12243,0.0,1,-13.7,0,0,12243.0,38.1590400,-122.4532830,6548.8,21485.6,0,0,0
980.20,0.0,0.0,12243,0.0,1,-13.7,0,0,12243.0,38.1590400,-122.4532830,6548.8,21485.6,0,0,0
980.30,0.0,0.0,12243,0.0,1,-13.7,0,0,12243.0,38.1590400,-122.4532830,6548.8,21485.6,0,0,0
980.40,0.0,0.0,12243,0.0,1,-13.7,0,0,12243.0,38.1590400,-122.4532830,6548.8,21485.6,0,0,0
980.50,0.0,0.0,12243,0.0,1,-13.7,0,0,12243.0,38.1590400,-122.4532830,6548.8,21485.6,0,0,0
980.60,0.0,0.0,12243,0.0,1,-13.7,0,0,12243.0,38.1590400,-122.4532830,6548.8,21485.6,0,0,0
980.70,0.0,0.0,12243,0.0,1,-13.7,0,0,12243.0,38.1590400,-122.4532820,6548.8,21485.6,0,0,0
980.80,0.0,0.0,12243,0.0,1,-13.7,0,0,12243.0,38.1590400,-122.4532820,6548.9,21485.9,0,0,0
980.90,0.0,0.0,12243,0.0,1,-13.7,0,0,12243.0,38.1590400,-122.4532830,6548.9,21485.9,0,0,0
981.00,0.0,0.0,12243,0.0,1,-13.7,0,0,12243.0,38.1590410,-122.4532830,6548.9,21485.9,0,0,0
981.10,0.0,0.0,12243,0.0,1,-13.7,0,0,12243.0,38.1590410,-122.4532840,6548.9,21485.9,0,0,0
981.20,0.0,0.0,12243,0.0,1,-13.7,0,0,12243.0,38.1590420,-122.4532850,6548.9,21485.9,0,0,0
981.30,0.0,0.0,12243,0.0,1,-13.7,0,0,12243.0,38.1590430,-122.4532860,6548.9,21485.9,0,0,0
981.40,0.0,0.0,12243,0.0,1,-13.7,0,0,12243.0,38.1590440,-122.4532860,6548.9,21485.9,0,0,0
981.50,0.0,0.0,12243,0.0,1,-13.7,0,0,12243.0,38.1590440,-122.4532860,6548.9,21485.9,0,0,0
981.60,0.0,0.0,12243,0.0,1,-13.7,0,0,12243.0,38.1590440,-122.4532860,6548.9,21485.9,0,0,0
981.70,0.0,0.0,12243,0.0,1,-13.7,0,0,12243.0,38.1590440,-122.4532860,6548.9,21485.9,0,0,0
981.80,0.0,0.0,12243,0.0,1,-13.7,0,0,12243.0,38.1590440,-122.4532860,6549.3,21487.2,0,0,0
981.90,0.0,0.0,12243,0.0,1,-13.7,0,0,12243.0,38.1590440,-122.4532860,6549.3,21487.2,0,0,0
982.00,0.0,0.0,12243,0.0,1,-13.7,0,0,12243.0,38.1590440,-122.4532860,6549.3,21487.2,0,0,0
982.10,0.0,0.0,12243,0.0,1,-13.7,0,0,12243.0,38.1590440,-122.4532860,6549.3,21487.2,0,0,0
982.20,0.0,0.0,12243,0.0,1,-13.7,0,0,12243.0,38.1590440,-122.4532860,6549.3,21487.2,0,0,0
982.30,0.0,0.0,12243,0.0,1,-13.7,0,0,12243.0,38.1590440,-122.4532860,6549.3,21487.2,0,0,0
982.40,0.0,0.0,12243,0.0,1,-13.7,0,0,12243.0,38.1590440,-122.4532860,6549.3,21487.2,0,0,0
982.50,0.0,0.0,12243,0.0,1,-13.7,0,0,12243.0,38.1590440,-122.4532860,6549.3,21487.2,0,0,0
982.60,0.0,0.0,12243,0.0,1,-13.7,0,0,12243.0,38.1590440,-122.4532860,6549.3,21487.2,0,0,0
982.70,0.0,0.0,12243,0.0,1,-13.7,0,0,12243.0,38.1590430,-122.4532860,6549.3,21487.2,0,0,0
982.80,0.0,0.0,12243,0.0,1,-13.7,0,0,12243.0,38.1590430,-122.4532850,6549.4,21487.5,0,0,0
982.90,0.0,0.0,12243,0.0,1,-13.7,0,0,12243.0,38.1590430,-122.4532850,6549.4,21487.5,0,0,0
983.00,0.0,0.0,12243,0.0,1,-13.7,0,0,12243.0,38.1590430,-122.4532850,6549.4,21487.5,0,0,0
983.10,0.0,0.0,12243,0.0,1,-13.7,0,0,12243.0,38.1590420,-122.4532850,6549.4,21487.5,0,0,0
983.20,0.0,0.0,12243,0.0,1,-13.7,0,0,12243.0,38.1590420,-122.4532850,6549.4,21487.5,0,0,0
983.30,0.0,0.0,12243,0.0,1,-13.7,0,0,12243.0,38.1590420,-122.4532850,6549.4,21487.5,0,0,0
983.40,0.0,0.0,12243,0.0,1,-13.7,0,0,12243.0,38.1590420,-122.4532850,6549.4,21487.5,0,0,0
983.50,0.0,0.0,12243,0.0,1,-13.7,0,0,12243.0,38.1590420,-122.4532850,6549.4,21487.5,0,0,0
983.60,0.0,0.0,12243,0.0,1,-13.7,0,0,12243.0,38.1590420,-122.4532850,6549.4,21487.5,0,0,0
983.70,0.0,0.0,12243,0.0,1,-13.7,0,0,12243.0,38.1590420,-122.4532850,6549.4,21487.5,0,0,0
983.80,0.0,0.0,12243,0.0,1,-13.7,0,0,12243.0,38.1590420,-122.4532850,6549.4,21487.5,0,0,0
983.90,0.0,0.0,12243,0.0,1,-13.7,0,0,12243.0,38.1590420,-122.4532850,6549.4,21487.5,0,0,0
984.00,0.0,0.0,12243,0.0,1,-13.7,0,0,12243.0,38.1590420,-122.4532850,6549.4,21487.5,0,0,0
984.10,0.0,0.0,12243,0.0,1,-13.7,0,0,12243.0,38.1590410,-122.4532850,6549.4,21487.5,0,0,0
984.20,0.0,0.0,12243,0.0,1,-13.7,0,0,12243.0,38.1590410,-122.4532850,6549.4,21487.5,0,0,0
984.30,0.0,0.0,12243,0.0,1,-13.7,0,0,12243.0,38.1590410,-122.4532850,6549.4,21487.5,0,0,0
984.40,0.0,0.0,12243,0.0,1,-13.7,0,0,12243.0,38.1590410,-122.4532840,6549.4,21487.5,0,0,0
984.50,0.0,0.0,12243,0.0,1,-13.7,0,0,12243.0,38.1590410,-122.4532850,6549.4,21487.5,0,0,0
984.60,0.0,0.0,12243,0.0,1,-13.7,0,0,12243.0,38.1590420,-122.4532850,6549.4,21487.5,0,0,0
984.70,0.0,0.0,12243,0.0,1,-13.7,0,0,12243.0,38.1590420,-122.4532850,6549.4,21487.5,0,0,0
984.80,0.0,0.0,12243,0.0,1,-13.7,0,0,12243.0,38.1590420,-122.4532850,6549.5,21487.9,0,0,0
984.90,0.0,0.0,12243,0.0,1,-13.7,0,0,12243.0,38.1590420,-122.4532850,6549.5,21487.9,0,0,0
985.00,0.0,0.0,12243,0.0,1,-13.7,0,0,12243.0,38.1590420,-122.4532850,6549.5,21487.9,0,0,0
985.10,0.0,0.0,12243,0.0,1,-13.7,0,0,12243.0,38.1590420,-122.4532840,6549.5,21487.9,0,0,0
985.20,0.0,0.0,12243,0.0,1,-13.7,0,0,12243.0,38.1590410,-122.4532840,6549.5,21487.9,0,0,0
985.30,0.0,0.0,12243,0.0,1,-13.7,0,0,12243.0,38.1590410,-122.4532840,6549.5,21487.9,0,0,0
985.40,0.0,0.0,12243,0.0,1,-13.7,0,0,12243.0,38.1590410,-122.4532840,6549.5,21487.9,0,0,0
985.50,0.0,0.0,12243,0.0,1,-13.7,0,0,12243.0,38.1590410,-122.4532840,6549.5,21487.9,0,0,0
985.60,0.0,0.0,12243,0.0,1,-13.7,0,0,12243.0,38.1590410,-122.4532840,6549.5,21487.9,0,0,0
985.70,0.0,0.0,12243,0.0,1,-13.7,0,0,12243.0,38.1590410,-122.4532840,6549.5,21487.9,0,0,0
985.80,0.0,0.0,12243,0.0,1,-13.7,0,0,12243.0,38.1590410,-122.4532840,6549.5,21487.9,0,0,0
985.90,0.0,0.0,12243,0.0,1,-13.7,0,0,12243.0,38.1590410,-122.4532840,6549.5,21487.9,0,0,0
986.00,0.0,0.0,12243,0.0,1,-13.7,0,0,12243.0,38.1590410,-122.4532840,6549.5,21487.9,0,0,0
986.10,0.0,0.0,12243,0.0,1,-13.7,0,0,12243.0,38.1590410,-122.4532830,6549.5,21487.9,0,0,0
986.20,0.0,0.0,12243,0.0,1,-13.7,0,0,12243.0,38.1590410,-122.4532830,6549.5,21487.9,0,0,0
986.30,0.0,0.0,12243,0.0,1,-13.7,0,0,12243.0,38.1590410,-122.4532830,6549.5,21487.9,0,0,0
986.40,0.0,0.0,12243,0.0,1,-13.7,0,0,12243.0,38.1590410,-122.4532830,6549.5,21487.9,0,0,0
986.50,0.0,0.0,12243,0.0,1,-13.7,0,0,12243.0,38.1590410,-122.4532830,6549.5,21487.9,0,0,0
986.60,0.0,0.0,12243,0.0,1,-13.7,0,0,12243.0,38.1590410,-122.4532830,6549.5,21487.9,0,0,0
986.70,0.0,0.0,12243,0.0,1,-13.7,0,0,12243.0,38.1590410,-122.4532830,6549.5,21487.9,0,0,0
986.80,0.0,0.0,12243,0.0,1,-13.7,0,0,12243.0,38.1590410,-122.4532830,6549.5,21487.9,0,0,0
986.90,0.0,0.0,12243,0.0,1,-13.7,0,0,12243.0,38.1590410,-122.4532820,6549.5,21487.9,0,0,0
987.00,0.0,0.0,12243,0.0,1,-13.7,0,0,12243.0,38.1590410,-122.4532820,6549.5,21487.9,0,0,0
987.10,0.0,0.0,12243,0.0,1,-13.7,0,0,12243.0,38.1590410,-122.4532820,6549.5,21487.9,0,0,0
987.20,0.0,0.0,12243,0.0,1,-13.7,0,0,12243.0,38.1590410,-122.4532820,6549.5,21487.9,0,0,0
987.30,0.0,0.0,12243,0.0,1,-13.7,0,0,12243.0,38.1590410,-122.4532820,6549.5,21487.9,0,0,0
987.40,0.0,0.0,12243,0.0,1,-13.7,0,0,12243.0,38.1590410,-122.4532820,6549.5,21487.9,0,0,0
987.50,0.0,0.0,12243,0.0,1,-13.7,0,0,12243.0,38.1590410,-122.4532820,6549.5,21487.9,0,0,0
987.60,0.0,0.0,12243,0.0,1,-13.7,0,0,12243.0,38.1590410,-122.4532820,6549.5,21487.9,0,0,0
987.70,0.0,0.0,12243,0.0,1,-13.7,0,0,12243.0,38.1590410,-122.4532820,6549.5,21487.9,0,0,0
987.80,0.0,0.0,12243,0.0,1,-13.7,0,0,12243.0,38.1590410,-122.4532810,6549.5,21487.9,0,0,0
987.90,0.0,0.0,12243,0.0,1,-13.7,0,0,12243.0,38.1590410,-122.4532820,6549.5,21487.9,0,0,0
988.00,0.0,0.0,12243,0.0,1,-13.7,0,0,12243.0,38.1590410,-122.4532820,6549.5,21487.9,0,0,0
988.10,0.0,0.0,12243,0.0,1,-13.7,0,0,12243.0,38.1590410,-122.4532820,6549.5,21487.9,0,0,0
988.20,0.0,0.0,12243,0.0,1,-13.7,0,0,12243.0,38.1590420,-122.4532820,6549.5,21487.9,0,0,0
988.30,0.0,0.0,12243,0.0,1,-13.7,0,0,12243.0,38.1590420,-122.4532820,6549.5,21487.9,0,0,0
988.40,0.0,0.0,12243,0.0,1,-13.7,0,0,12243.0,38.1590420,-122.4532820,6549.5,21487.9,0,0,0
988.50,0.0,0.0,12243,0.0,1,-13.7,0,0,12243.0,38.1590420,-122.4532820,6549.5,21487.9,0,0,0
988.60,0.0,0.0,12243,0.0,1,-13.7,0,0,12243.0,38.1590420,-122.4532810,6549.5,21487.9,0,0,0
988.70,0.0,0.0,12243,0.0,1,-13.7,0,0,12243.0,38.1590420,-122.4532810,6549.5,21487.9,0,0,0
988.80,0.0,0.0,12243,0.0,1,-13.7,0,0,12243.0,38.1590420,-122.4532820,6549.7,21488.5,0,0,0
988.90,0.0,0.0,12243,0.0,1,-13.7,0,0,12243.0,38.1590420,-122.4532820,6549.7,21488.5,0,0,0
989.00,0.0,0.0,12243,0.0,1,-13.7,0,0,12243.0,38.1590420,-122.4532810,6549.7,21488.5,0,0,0
989.10,0.0,0.0,12243,0.0,1,-13.7,0,0,12243.0,38.1590420,-122.4532810,6549.7,21488.5,0,0,0
989.20,0.0,0.0,12243,0.0,1,-13.7,0,0,12243.0,38.1590420,-122.4532810,6549.7,21488.5,0,0,0
989.30,0.0,0.0,12243,0.0,1,-13.7,0,0,12243.0,38.1590420,-122.4532810,6549.7,21488.5,0,0,0
989.40,0.0,0.0,12243,0.0,1,-13.7,0,0,12243.0,38.1590420,-122.4532810,6549.7,21488.5,0,0,0
989.50,0.0,0.0,12243,0.0,1,-13.7,0,0,12243.0,38.1590420,-122.4532810,6549.7,21488.5,0,0,0
989.60,0.0,0.0,12243,0.0,1,-13.7,0,0,12243.0,38.1590420,-122.4532800,6549.7,21488.5,0,0,0
989.70,0.0,0.0,12243,0.0,1,-13.7,0,0,12243.0,38.1590420,-122.4532800,6549.7,21488.5,0,0,0
989.80,0.0,0.0,12243,0.0,1,-13.7,0,0,12243.0,38.1590420,-122.4532810,6549.8,21488.8,0,0,0
989.90,0.0,0.0,12243,0.0,1,-13.7,0,0,12243.0,38.1590420,-122.4532800,6549.8,21488.8,0,0,0
990.00,0.0,0.0,12243,0.0,1,-13.7,0,0,12243.0,38.1590420,-122.4532810,6549.8,21488.8,0,0,0
990.10,0.0,0.0,12243,0.0,1,-13.7,0,0,12243.0,38.1590420,-122.4532810,6549.8,21488.8,0,0,0
990.20,0.0,0.0,12243,0.0,1,-13.7,0,0,12243.0,38.1590420,-122.4532810,6549.8,21488.8,0,0,0
990.30,0.0,0.0,12243,0.0,1,-13.7,0,0,12243.0,38.1590420,-122.4532810,6549.8,21488.8,0,0,0
990.40,0.0,0.0,12243,0.0,1,-13.7,0,0,12243.0,38.1590420,-122.4532810,6549.8,21488.8,0,0,0
990.50,0.0,0.0,12243,0.0,1,-13.7,0,0,12243.0,38.1590420,-122.4532810,6549.8,21488.8,0,0,0
990.60,0.0,0.0,12243,0.0,1,-13.7,0,0,12243.0,38.1590420,-122.4532820,6549.8,21488.8,0,0,0
990.70,0.0,0.0,12243,0.0,1,-13.7,0,0,12243.0,38.1590420,-122.4532820,6549.8,21488.8,0,0,0
990.80,0.0,0.0,12243,0.0,1,-13.7,0,0,12243.0,38.1590420,-122.4532820,6549.9,21489.2,0,0,0
990.90,0.0,0.0,12243,0.0,1,-13.7,0,0,12243.0,38.1590420,-122.4532820,6549.9,21489.2,0,0,0
991.00,0.0,0.0,12243,0.0,1,-13.7,0,0,12243.0,38.1590420,-122.4532820,6549.9,21489.2,0,0,0
991.10,0.0,0.0,12243,0.0,1,-13.7,0,0,12243.0,38.1590420,-122.4532820,6549.9,21489.2,0,0,0
991.20,0.0,0.0,12243,0.0,1,-13.7,0,0,12243.0,38.1590420,-122.4532830,6549.9,21489.2,0,0,0
991.30,0.0,0.0,12243,0.0,1,-13.7,0,0,12243.0,38.1590420,-122.4532830,6549.9,21489.2,0,0,0
991.40,0.0,0.0,12243,0.0,1,-13.7,0,0,12243.0,38.1590420,-122.4532830,6549.9,21489.2,0,0,0
991.50,0.0,0.0,12243,0.0,1,-13.7,0,0,12243.0,38.1590420,-122.4532830,6549.9,21489.2,0,0,0
991.60,0.0,0.0,12243,0.0,1,-13.7,0,0,12243.0,38.1590420,-122.4532830,6549.9,21489.2,0,0,0
991.70,0.0,0.0,12243,0.0,1,-13.7,0,0,12243.0,38.1590420,-122.4532840,6549.9,21489.2,0,0,0
991.80,0.0,0.0,12243,0.0,1,-13.7,0,0,12243.0,38.1590420,-122.4532840,6550.0,21489.5,0,0,0
991.90,0.0,0.0,12243,0.0,1,-13.7,0,0,12243.0,38.1590420,-122.4532840,6550.0,21489.5,0,0,0
992.00,0.0,0.0,12243,0.0,1,-13.7,0,0,12243.0,38.1590420,-122.4532840,6550.0,21489.5,0,0,0
992.10,0.0,0.0,12243,0.0,1,-13.7,0,0,12243.0,38.1590420,-122.4532840,6550.0,21489.5,0,0,0
992.20,0.0,0.0,12243,0.0,1,-13.7,0,0,12243.0,38.1590420,-122.4532840,6550.0,21489.5,0,0,0
992.30,0.0,0.0,12243,0.0,1,-13.7,0,0,12243.0,38.1590420,-122.4532840,6550.0,21489.5,0,0,0
992.40,0.0,0.0,12243,0.0,1,-13.7,0,0,12243.0,38.1590420,-122.4532840,6550.0,21489.5,0,0,0
992.50,0.0,0.0,12243,0.0,1,-13.7,0,0,12243.0,38.1590420,-122.4532840,6550.0,21489.5,0,0,0
992.60,0.0,0.0,12243,0.0,1,-13.7,0,0,12243.0,38.1590420,-122.4532840,6550.0,21489.5,0,0,0
992.70,0.0,0.0,12243,0.0,1,-13.7,0,0,12243.0,38.1590420,-122.4532840,6550.0,21489.5,0,0,0
992.80,0.0,0.0,12243,0.0,1,-13.7,0,0,12243.0,38.1590410,-122.4532840,6550.1,21489.8,0,0,0
992.90,0.0,0.0,12243,0.0,1,-13.7,0,0,12243.0,38.1590410,-122.4532840,6550.1,21489.8,0,0,0
993.00,0.0,0.0,12243,0.0,1,-13.7,0,0,12243.0,38.1590410,-122.4532840,6550.1,21489.8,0,0,0
993.10,0.0,0.0,12243,0.0,1,-13.7,0,0,12243.0,38.1590410,-122.4532840,6550.1,21489.8,0,0,0
993.20,0.0,0.0,12243,0.0,1,-13.7,0,0,12243.0,38.1590410,-122.4532850,6550.1,21489.8,0,0,0
993.30,0.0,0.0,12243,0.0,1,-13.7,0,0,12243.0,38.1590410,-122.4532850,6550.1,21489.8,0,0,0
993.40,0.0,0.0,12243,0.0,1,-13.7,0,0,12243.0,38.1590410,-122.4532860,6550.1,21489.8,0,0,0
993.50,0.0,0.0,12243,0.0,1,-13.7,0,0,12243.0,38.1590410,-122.4532860,6550.1,21489.8,0,0,0
993.60,0.0,0.0,12243,0.0,1,-13.7,0,0,12243.0,38.1590410,-122.4532870,6550.1,21489.8,0,0,0
993.70,0.0,0.0,12243,0.0,1,-13.7,0,0,12243.0,38.1590410,-122.4532870,6550.1,21489.8,0,0,0
993.80,0.0,0.0,12243,0.0,1,-13.7,0,0,12243.0,38.1590410,-122.4532870,6550.2,21490.2,0,0,0
993.90,0.0,0.0,12243,0.0,1,-13.7,0,0,12243.0,38.1590410,-122.4532870,6550.2,21490.2,0,0,0
994.00,0.0,0.0,12243,0.0,1,-13.7,0,0,12243.0,38.1590410,-122.4532870,6550.2,21490.2,0,0,0
994.10,0.0,0.0,12243,0.0,1,-13.7,0,0,12243.0,38.1590410,-122.4532870,6550.2,21490.2,0,0,0
994.20,0.0,0.0,12243,0.0,1,-13.7,0,0,12243.0,38.1590410,-122.4532880,6550.2,21490.2,0,0,0
994.30,0.0,0.0,12243,0.0,1,-13.7,0,0,12243.0,38.1590410,-122.4532880,6550.2,21490.2,0,0,0
994.40,0.0,0.0,12243,0.0,1,-13.7,0,0,12243.0,38.1590410,-122.4532880,6550.2,21490.2,0,0,0
994.50,0.0,0.0,12243,0.0,1,-13.7,0,0,12243.0,38.1590410,-122.4532880,6550.2,21490.2,0,0,0
994.60,0.0,0.0,12243,0.0,1,-13.7,0,0,12243.0,38.1590410,-122.4532880,6550.2,21490.2,0,0,0
994.70,0.0,0.0,12243,0.0,1,-13.7,0,0,12243.0,38.1590410,-122.4532870,6550.2,21490.2,0,0,0
994.80,0.0,0.0,12243,0.0,1,-13.7,0,0,12243.0,38.1590410,-122.4532860,6550.3,21490.5,0,0,0
994.90,0.0,0.0,12243,0.0,1,-13.7,0,0,12243.0,38.1590410,-122.4532870,6550.3,21490.5,0,0,0
995.00,0.0,0.0,12243,0.0,1,-13.7,0,0,12243.0,38.1590410,-122.4532870,6550.3,21490.5,0,0,0
995.10,0.0,0.0,12243,0.0,1,-13.7,0,0,12243.0,38.1590410,-122.4532870,6550.3,21490.5,0,0,0
995.20,0.0,0.0,12243,0.0,1,-13.7,0,0,12243.0,38.1590410,-122.4532870,6550.3,21490.5,0,0,0
995.30,0.0,0.0,12243,0.0,1,-13.7,0,0,12243.0,38.1590410,-122.4532880,6550.3,21490.5,0,0,0
995.40,0.0,0.0,12243,0.0,1,-13.7,0,0,12243.0,38.1590410,-122.4532870,6550.3,21490.5,0,0,0
995.50,0.0,0.0,12243,0.0,1,-13.7,0,0,12243.0,38.1590410,-122.4532870,6550.3,21490.5,0,0,0
995.60,0.0,0.0,12243,0.0,1,-13.7,0,0,12243.0,38.1590410,-122.4532870,6550.3,21490.5,0,0,0
995.70,0.0,0.0,12243,0.0,1,-13.7,0,0,12243.0,38.1590410,-122.4532860,6550.3,21490.5,0,0,0
995.80,0.0,0.0,12243,0.0,1,-13.7,0,0,12243.0,38.1590400,-122.4532860,6550.3,21490.5,0,0,0
995.90,0.0,0.0,12243,0.0,1,-13.7,0,0,12243.0,38.1590400,-122.4532870,6550.3,21490.5,0,0,0
996.00,0.0,0.0,12243,0.0,1,-13.7,0,0,12243.0,38.1590410,-122.4532870,6550.3,21490.5,0,0,0
996.10,0.0,0.0,12243,0.0,1,-13.7,0,0,12243.0,38.1590410,-122.4532880,6550.3,21490.5,0,0,0
996.20,0.0,0.0,12243,0.0,1,-13.7,0,0,12243.0,38.1590410,-122.4532880,6550.3,21490.5,0,0,0
996.30,0.0,0.0,12243,0.0,1,-13.7,0,0,12243.0,38.1590410,-122.4532880,6550.3,21490.5,0,0,0
996.40,0.0,0.0,12243,0.0,1,-13.7,0,0,12243.0,38.1590410,-122.4532880,6550.3,21490.5,0,0,0
996.50,0.0,0.0,12243,0.0,1,-13.7,0,0,12243.0,38.1590410,-122.4532880,6550.3,21490.5,0,0,0
996.60,0.0,0.0,12243,0.0,1,-13.7,0,0,12243.0,38.1590410,-122.4532870,6550.3,21490.5,0,0,0
996.70,0.0,0.0,12243,0.0,1,-13.7,0,0,12243.0,38.1590410,-122.4532870,6550.3,21490.5,0,0,0
996.80,0.0,0.0,12243,0.0,1,-13.7,0,0,12243.0,38.1590400,-122.4532870,6550.4,21490.8,0,0,0
996.90,0.0,0.0,12243,0.0,1,-13.7,0,0,12243.0,38.1590400,-122.4532870,6550.4,21490.8,0,0,0
997.00,0.0,0.0,12243,0.0,1,-13.7,0,0,12243.0,38.1590400,-122.4532870,6550.4,21490.8,0,0,0
997.10,0.0,0.0,12243,0.0,1,-13.7,0,0,12243.0,38.1590400,-122.4532870,6550.4,21490.8,0,0,0
997.20,0.0,0.0,12243,0.0,1,-13.7,0,0,12243.0,38.1590400,-122.4532870,6550.4,21490.8,0,0,0
997.30,0.0,0.0,12243,0.0,1,-13.7,0,0,12243.0,38.1590400,-122.4532870,6550.4,21490.8,0,0,0
997.40,0.0,0.0,12243,0.0,1,-13.7,0,0,12243.0,38.1590400,-122.4532870,6550.4,21490.8,0,0,0
997.50,0.0,0.0,12243,0.0,1,-13.7,0,0,12243.0,38.1590400,-122.4532870,6550.4,21490.8,0,0,0
997.60,0.0,0.0,12243,0.0,1,-13.7,0,0,12243.0,38.1590400,-122.4532870,6550.4,21490.8,0,0,0
997.70,0.0,0.0,12243,0.0,1,-13.7,0,0,12243.0,38.1590400,-122.4532880,6550.4,21490.8,0,0,0
997.80,0.0,0.0,12243,0.0,1,-13.7,0,0,12243.0,38.1590400,-122.4532880,6550.6,21491.5,0,0,0
997.90,0.0,0.0,12243,0.0,1,-13.7,0,0,12243.0,38.1590410,-122.4532880,6550.6,21491.5,0,0,0
998.00,0.0,0.0,12243,0.0,1,-13.7,0,0,12243.0,38.1590410,-122.4532890,6550.6,21491.5,0,0,0
998.10,0.0,0.0,12243,0.0,1,-13.7,0,0,12243.0,38.1590410,-122.4532890,6550.6,21491.5,0,0,0
998.20,0.0,0.0,12243,0.0,1,-13.7,0,0,12243.0,38.1590410,-122.4532890,6550.6,21491.5,0,0,0
998.30,0.0,0.0,12243,0.0,1,-13.7,0,0,12243.0,38.1590410,-122.4532890,6550.6,21491.5,0,0,0
998.40,0.0,0.0,12243,0.0,1,-13.7,0,0,12243.0,38.1590410,-122.4532890,6550.6,21491.5,0,0,0
998.50,0.0,0.0,12243,0.0,1,-13.7,0,0,12243.0,38.1590410,-122.4532890,6550.6,21491.5,0,0,0
998.60,0.0,0.0,12243,0.0,1,-13.7,0,0,12243.0,38.1590410,-122.4532900,6550.6,21491.5,0,0,0
998.70,0.0,0.0,12243,0.0,1,-13.7,0,0,12243.0,38.1590410,-122.4532900,6550.6,21491.5,0,0,0
998.80,0.0,0.0,12243,0.0,1,-13.7,0,0,12243.0,38.1590410,-122.4532910,6550.7,21491.8,0,0,0
998.90,0.0,0.0,12243,0.0,1,-13.7,0,0,12243.0,38.1590410,-122.4532910,6550.7,21491.8,0,0,0
999.00,0.0,0.0,12243,0.0,1,-13.7,0,0,12243.0,38.1590410,-122.4532910,6550.7,21491.8,0,0,0
999.10,0.0,0.0,12243,0.0,1,-13.7,0,0,12243.0,38.1590410,-122.4532910,6550.7,21491.8,0,0,0
999.20,0.0,0.0,12243,0.0,1,-13.7,0,0,12243.0,38.1590410,-122.4532920,6550.7,21491.8,0,0,0
999.30,0.0,0.0,12243,0.0,1,-13.7,0,0,12243.0,38.1590420,-122.4532920,6550.7,21491.8,0,0,0
999.40,0.0,0.0,12243,0.0,1,-13.7,0,0,12243.0,38.1590420,-122.4532920,6550.7,21491.8,0,0,0
999.50,0.0,0.0,12243,0.0,1,-13.7,0,0,12243.0,38.1590420,-122.4532920,6550.7,21491.8,0,0,0
999.60,0.0,0.0,12243,0.0,1,-13.7,0,0,12243.0,38.1590420,-122.4532920,6550.7,21491.8,0,0,0
999.70,0.0,0.0,12243,0.0,1,-13.7,0,0,12243.0,38.1590420,-122.4532920,6550.7,21491.8,0,0,0
999.80,0.0,0.0,12243,0.0,1,-13.7,0,0,12243.0,38.1590420,-122.4532920,6550.9,21492.5,0,0,0
999.90,0.0,0.0,12243,0.0,1,-13.7,0,0,12243.0,38.1590420,-122.4532920,6550.9,21492.5,0,0,0
1000.00,0.0,0.0,12243,0.0,1,-13.7,0,0,12243.0,38.1590420,-122.4532930,6550.9,21492.5,0,0,0
1000.10,0.0,0.0,12243,0.0,1,-13.7,0,0,12243.0,38.1590420,-122.4532940,6550.9,21492.5,0,0,0
1000.20,0.0,0.0,12243,0.0,1,-13.7,0,0,12243.0,38.1590420,-122.4532950,6550.9,21492.5,0,0,0
1000.30,0.0,0.0,12243,0.0,1,-13.7,0,0,12243.0,38.1590420,-122.4532960,6550.9,21492.5,0,0,0
1000.40,0.0,0.0,12243,0.0,1,-13.7,0,0,12243.0,38.1590420,-122.4532960,6550.9,21492.5,0,0,0
1000.50,0.0,0.0,12243,0.0,1,-13.7,0,0,12243.0,38.1590420,-122.4532970,6550.9,21492.5,0,0,0
1000.60,0.0,0.0,12243,0.0,1,-13.7,0,0,12243.0,38.1590430,-122.4532970,6550.9,21492.5,0,0,0
1000.70,0.0,0.0,12243,0.0,1,-13.7,0,0,12243.0,38.1590430,-122.4532970,6550.9,21492.5,0,0,0
1000.80,0.0,0.0,12243,0.0,1,-13.7,0,0,12243.0,38.1590420,-122.4532970,6551.2,21493.4,0,0,0
1000.90,0.0,0.0,12243,0.0,1,-13.7,0,0,12243.0,38.1590430,-122.4532970,6551.2,21493.4,0,0,0
1001.00,0.0,0.0,12243,0.0,1,-13.7,0,0,12243.0,38.1590430,-122.4532980,6551.2,21493.4,0,0,0
1001.10,0.0,0.0,12243,0.0,1,-13.7,0,0,12243.0,38.1590430,-122.4532980,6551.2,21493.4,0,0,0
1001.20,0.0,0.0,12243,0.0,1,-13.7,0,0,12243.0,38.1590430,-122.4532980,6551.2,21493.4,0,0,0
1001.30,0.0,0.0,12243,0.0,1,-13.7,0,0,12243.0,38.1590430,-122.4532990,6551.2,21493.4,0,0,0
1001.40,0.0,0.0,12243,0.0,1,-13.7,0,0,12243.0,38.1590440,-122.4532990,6551.2,21493.4,0,0,0
1001.50,0.0,0.0,12243,0.0,1,-13.7,0,0,12243.0,38.1590440,-122.4533000,6551.2,21493.4,0,0,0
1001.60,0.0,0.0,12243,0.0,1,-13.7,0,0,12243.0,38.1590440,-122.4533000,6551.2,21493.4,0,0,0
1001.70,0.0,0.0,12243,0.0,1,-13.7,0,0,12243.0,38.1590440,-122.4533010,6551.2,21493.4,0,0,0
1001.80,0.0,0.0,12243,0.0,1,-13.7,0,0,12243.0,38.1590440,-122.4533000,6551.5,21494.4,0,0,0
1001.90,0.0,0.0,12243,0.0,1,-13.7,0,0,12243.0,38.1590440,-122.4533000,6551.5,21494.4,0,0,0
1002.00,0.0,0.0,12243,0.0,1,-13.7,0,0,12243.0,38.1590440,-122.4533000,6551.5,21494.4,0,0,0
1002.10,0.0,0.0,12243,0.0,1,-13.7,0,0,12243.0,38.1590440,-122.4533000,6551.5,21494.4,0,0,0
1002.20,0.0,0.0,12243,0.0,1,-13.7,0,0,12243.0,38.1590440,-122.4533000,6551.5,21494.4,0,0,0
1002.30,0.0,0.0,12243,0.0,1,-13.7,0,0,12243.0,38.1590440,-122.4533000,6551.5,21494.4,0,0,0
1002.40,0.0,0.0,12243,0.0,1,-13.7,0,0,12243.0,38.1590440,-122.4533000,6551.5,21494.4,0,0,0
1002.50,0.0,0.0,12243,0.0,1,-13.7,0,0,12243.0,38.1590440,-122.4533000,6551.5,21494.4,0,0,0
1002.60,0.0,0.0,12243,0.0,1,-13.7,0,0,12243.0,38.1590440,-122.4533010,6551.5,21494.4,0,0,0
1002.70,0.0,0.0,12243,0.0,1,-13.7,0,0,12243.0,38.1590440,-122.4533010,6551.5,21494.4,0,0,0
1002.80,0.0,0.0,12243,0.0,1,-13.7,0,0,12243.0,38.1590440,-122.4533020,6551.7,21495.1,0,0,0
1002.90,0.0,0.0,12243,0.0,1,-13.7,0,0,12243.0,38.1590440,-122.4533020,6551.7,21495.1,0,0,0
1003.00,0.0,0.0,12243,0.0,1,-13.7,0,0,12243.0,38.1590440,-122.4533020,6551.7,21495.1,0,0,0
1003.10,0.0,0.0,12243,0.0,1,-13.7,0,0,12243.0,38.1590440,-122.4533030,6551.7,21495.1,0,0,0
1003.20,0.0,0.0,12243,0.0,1,-13.7,0,0,12243.0,38.1590440,-122.4533030,6551.7,21495.1,0,0,0
1003.30,0.0,0.0,12243,0.0,1,-13.7,0,0,12243.0,38.1590440,-122.4533030,6551.7,21495.1,0,0,0
1003.40,0.0,0.0,12243,0.0,1,-13.7,0,0,12243.0,38.1590440,-122.4533030,6551.7,21495.1,0,0,0
1003.50,0.0,0.0,12243,0.0,1,-13.7,0,0,12243.0,38.1590450,-122.4533040,6551.7,21495.1,0,0,0
1003.60,0.0,0.0,12243,0.0,1,-13.7,0,0,12243.0,38.1590450,-122.4533050,6551.7,21495.1,0,0,0
1003.70,0.0,0.0,12243,0.0,1,-13.7,0,0,12243.0,38.1590450,-122.4533050,6551.7,21495.1,0,0,0
1003.80,0.0,0.0,12243,0.0,1,-13.7,0,0,12243.0,38.1590450,-122.4533050,6552.1,21496.4,0,0,0
1003.90,0.0,0.0,12243,0.0,1,-13.7,0,0,12243.0,38.1590450,-122.4533060,6552.1,21496.4,0,0,0
1004.00,0.0,0.0,12243,0.0,1,-13.7,0,0,12243.0,38.1590450,-122.4533060,6552.1,21496.4,0,0,0
1004.10,0.0,0.0,12243,0.0,1,-13.7,0,0,12243.0,38.1590450,-122.4533060,6552.1,21496.4,0,0,0
1004.20,0.0,0.0,12243,0.0,1,-13.7,0,0,12243.0,38.1590450,-122.4533050,6552.1,21496.4,0,0,0
1004.30,0.0,0.0,12243,0.0,1,-13.7,0,0,12243.0,38.1590450,-122.4533050,6552.1,21496.4,0,0,0
1004.40,0.0,0.0,12243,0.0,1,-13.7,0,0,12243.0,38.1590450,-122.4533050,6552.1,21496.4,0,0,0
1004.50,0.0,0.0,12243,0.0,1,-13.7,0,0,12243.0,38.1590450,-122.4533040,6552.1,21496.4,0,0,0
1004.60,0.0,0.0,12243,0.0,1,-13.7,0,0,12243.0,38.1590440,-122.4533040,6552.1,21496.4,0,0,0
1004.70,0.0,0.0,12243,0.0,1,-13.7,0,0,12243.0,38.1590440,-122.4533030,6552.1,21496.4,0,0,0
1004.80,0.0,0.0,12243,0.0,1,-13.7,0,0,12243.0,38.1590440,-122.4533030,6552.1,21496.4,0,0,0
1004.90,0.0,0.0,12243,0.0,1,-13.7,0,0,12243.0,38.1590440,-122.4533040,6552.1,21496.4,0,0,0
1005.00,0.0,0.0,12243,0.0,1,-13.7,0,0,12243.0,38.1590450,-122.4533050,6552.1,21496.4,0,0,0
1005.10,0.0,0.0,12243,0.0,1,-13.7,0,0,12243.0,38.1590440,-122.4533050,6552.1,21496.4,0,0,0
1005.20,0.0,0.0,12243,0.0,1,-13.7,0,0,12243.0,38.1590440,-122.4533050,6552.1,21496.4,0,0,0
1005.30,0.0,0.0,12243,0.0,1,-13.7,0,0,12243.0,38.1590450,-122.4533050,6552.1,21496.4,0,0,0
1005.40,0.0,0.0,12243,0.0,1,-13.7,0,0,12243.0,38.1590450,-122.4533050,6552.1,21496.4,0,0,0
1005.50,0.0,0.0,12243,0.0,1,-13.7,0,0,12243.0,38.1590450,-122.4533050,6552.1,21496.4,0,0,0
1005.60,0.0,0.0,12243,0.0,1,-13.7,0,0,12243.0,38.1590450,-122.4533050,6552.1,21496.4,0,0,0
1005.70,0.0,0.0,12243,0.0,1,-13.7,0,0,12243.0,38.1590450,-122.4533060,6552.1,21496.4,0,0,0
1005.80,0.0,0.0,12243,0.0,1,-13.7,0,0,12243.0,38.1590450,-122.4533070,6552.5,21497.7,0,0,0
1005.90,0.0,0.0,12243,0.0,1,-13.7,0,0,12243.0,38.1590450,-122.4533070,6552.5,21497.7,0,0,0
1006.00,0.0,0.0,12243,0.0,1,-13.7,0,0,12243.0,38.1590450,-122.4533060,6552.5,21497.7,0,0,0
1006.10,0.0,0.0,12243,0.0,1,-13.7,0,0,12243.0,38.1590450,-122.4533060,6552.5,21497.7,0,0,0
1006.20,0.0,0.0,12243,0.0,1,-13.7,0,0,12243.0,38.1590450,-122.4533060,6552.5,21497.7,0,0,0
1006.30,0.0,0.0,12243,0.0,1,-13.7,0,0,12243.0,38.1590450,-122.4533050,6552.5,21497.7,0,0,0
1006.40,0.0,0.0,12243,0.0,1,-13.7,0,0,12243.0,38.1590450,-122.4533050,6552.5,21497.7,0,0,0
1006.50,0.0,0.0,12243,0.0,1,-13.7,0,0,12243.0,38.1590450,-122.4533040,6552.5,21497.7,0,0,0
1006.60,0.0,0.0,12243,0.0,1,-13.7,0,0,12243.0,38.1590450,-122.4533040,6552.5,21497.7,0,0,0
1006.70,0.0,0.0,12243,0.0,1,-13.7,0,0,12243.0,38.1590450,-122.4533040,6552.5,21497.7,0,0,0
1006.80,0.0,0.0,12243,0.0,1,-13.7,0,0,12243.0,38.1590450,-122.4533030,6552.7,21498.4,0,0,0
1006.90,0.0,0.0,12243,0.0,1,-13.7,0,0,12243.0,38.1590450,-122.4533030,6552.7,21498.4,0,0,0
1007.00,0.0,0.0,12243,0.0,1,-13.7,0,0,12243.0,38.1590450,-122.4533030,6552.7,21498.4,0,0,0
1007.10,0.0,0.0,12243,0.0,1,-13.7,0,0,12243.0,38.1590450,-122.4533030,6552.7,21498.4,0,0,0
1007.20,0.0,0.0,12243,0.0,1,-13.7,0,0,12243.0,38.1590450,-122.4533030,6552.7,21498.4,0,0,0
1007.30,0.0,0.0,12243,0.0,1,-13.7,0,0,12243.0,38.1590450,-122.4533030,6552.7,21498.4,0,0,0
1007.40,0.0,0.0,12243,0.0,1,-13.7,0,0,12243.0,38.1590450,-122.4533030,6552.7,21498.4,0,0,0
1007.50,0.0,0.0,12243,0.0,1,-13.7,0,0,12243.0,38.1590450,-122.4533030,6552.7,21498.4,0,0,0
1007.60,0.0,0.0,12243,0.0,1,-13.7,0,0,12243.0,38.1590450,-122.4533030,6552.7,21498.4,0,0,0
1007.70,0.0,0.0,12243,0.0,1,-13.7,0,0,12243.0,38.1590450,-122.4533040,6552.7,21498.4,0,0,0
1007.80,0.0,0.0,12243,0.0,1,-13.7,0,0,12243.0,38.1590460,-122.4533040,6553.0,21499.3,0,0,0
1007.90,0.0,0.0,12243,0.0,1,-13.7,0,0,12243.0,38.1590450,-122.4533040,6553.0,21499.3,0,0,0
1008.00,0.0,0.0,12243,0.0,1,-13.7,0,0,12243.0,38.1590460,-122.4533050,6553.0,21499.3,0,0,0
1008.10,0.0,0.0,12243,0.0,1,-13.7,0,0,12243.0,38.1590460,-122.4533050,6553.0,21499.3,0,0,0
1008.20,0.0,0.0,12243,0.0,1,-13.7,0,0,12243.0,38.1590460,-122.4533050,6553.0,21499.3,0,0,0
1008.30,0.0,0.0,12243,0.0,1,-13.7,0,0,12243.0,38.1590460,-122.4533050,6553.0,21499.3,0,0,0
1008.40,0.0,0.0,12243,0.0,1,-13.7,0,0,12243.0,38.1590460,-122.4533050,6553.0,21499.3,0,0,0
1008.50,0.0,0.0,12243,0.0,1,-13.7,0,0,12243.0,38.1590460,-122.4533050,6553.0,21499.3,0,0,0
1008.60,0.0,0.0,12243,0.0,1,-13.7,0,0,12243.0,38.1590460,-122.4533050,6553.0,21499.3,0,0,0
1008.70,0.0,0.0,12243,0.0,1,-13.7,0,0,12243.0,38.1590460,-122.4533050,6553.0,21499.3,0,0,0
1008.80,0.0,0.0,12243,0.0,1,-13.7,0,0,12243.0,38.1590460,-122.4533050,6553.4,21500.7,0,0,0
1008.90,0.0,0.0,12243,0.0,1,-13.7,0,0,12243.0,38.1590460,-122.4533050,6553.4,21500.7,0,0,0
1009.00,0.0,0.0,12243,0.0,1,-13.7,0,0,12243.0,38.1590460,-122.4533050,6553.4,21500.7,0,0,0
1009.10,0.0,0.0,12243,0.0,1,-13.7,0,0,12243.0,38.1590460,-122.4533050,6553.4,21500.7,0,0,0
1009.20,0.0,0.0,12243,0.0,1,-13.7,0,0,12243.0,38.1590460,-122.4533050,6553.4,21500.7,0,0,0
1009.30,0.0,0.0,12243,0.0,1,-13.7,0,0,12243.0,38.1590460,-122.4533050,6553.4,21500.7,0,0,0
1009.40,0.0,0.0,12243,0.0,1,-13.7,0,0,12243.0,38.1590460,-122.4533050,6553.4,21500.7,0,0,0
1009.50,0.0,0.0,12243,0.0,1,-13.7,0,0,12243.0,38.1590450,-122.4533050,6553.4,21500.7,0,0,0
1009.60,0.0,0.0,12243,0.0,1,-13.7,0,0,12243.0,38.1590450,-122.4533050,6553.4,21500.7,0,0,0
1009.70,0.0,0.0,12243,0.0,1,-13.7,0,0,12243.0,38.1590450,-122.4533050,6553.4,21500.7,0,0,0
1009.80,0.0,0.0,12243,0.0,1,-13.7,0,0,12243.0,38.1590450,-122.4533060,0.0,0.0,0,0,0
1009.90,0.0,0.0,12243,0.0,1,-13.7,0,0,12243.0,38.1590450,-122.4533050,0.0,0.0,0,0,0
1010.00,0.0,0.0,12243,0.0,1,-13.7,0,0,12243.0,38.1590450,-122.4533050,0.0,0.0,0,0,0
1010.10,0.0,0.0,12243,0.0,1,-13.7,0,0,12243.0,38.1590450,-122.4533050,0.0,0.0,0,0,0
1010.20,0.0,0.0,12243,0.0,1,-13.7,0,0,12243.0,38.1590450,-122.4533050,0.0,0.0,0,0,0
1010.30,0.0,0.0,12243,0.0,1,-13.7,0,0,12243.0,38.1590450,-122.4533050,0.0,0.0,0,0,0
1010.40,0.0,0.0,12243,0.0,1,-13.7,0,0,12243.0,38.1590440,-122.4533050,0.0,0.0,0,0,0
1010.50,0.0,0.0,12243,0.0,1,-13.7,0,0,12243.0,38.1590440,-122.4533050,0.0,0.0,0,0,0
1010.60,0.0,0.0,12243,0.0,1,-13.7,0,0,12243.0,38.1590440,-122.4533050,0.0,0.0,0,0,0
1010.70,0.0,0.0,12243,0.0,1,-13.7,0,0,12243.0,38.1590450,-122.4533050,0.0,0.0,0,0,0
1010.80,0.0,0.0,12243,0.0,1,-13.7,0,0,12243.0,38.1590440,-122.4533050,0.2,0.7,0,0,0
1010.90,0.0,0.0,12243,0.0,1,-13.7,0,0,12243.0,38.1590440,-122.4533060,0.2,0.7,0,0,0
1011.00,0.0,0.0,12243,0.0,1,-13.7,0,0,12243.0,38.1590440,-122.4533060,0.2,0.7,0,0,0
1011.10,0.0,0.0,12243,0.0,1,-13.7,0,0,12243.0,38.1590440,-122.4533060,0.2,0.7,0,0,0
1011.20,0.0,0.0,12243,0.0,1,-13.7,0,0,12243.0,38.1590450,-122.4533070,0.2,0.7,0,0,0
1011.30,0.0,0.0,12243,0.0,1,-13.7,0,0,12243.0,38.1590450,-122.4533070,0.2,0.7,0,0,0
1011.40,0.0,0.0,12243,0.0,1,-13.7,0,0,12243.0,38.1590450,-122.4533080,0.2,0.7,0,0,0
1011.50,0.0,0.0,12243,0.0,1,-13.7,0,0,12243.0,38.1590450,-122.4533080,0.2,0.7,0,0,0
1011.60,0.0,0.0,12243,0.0,1,-13.7,0,0,12243.0,38.1590450,-122.4533080,0.2,0.7,0,0,0
1011.70,0.0,0.0,12243,0.0,1,-13.7,0,0,12243.0,38.1590450,-122.4533080,0.2,0.7,0,0,0
1011.80,0.0,0.0,12243,0.0,1,-13.7,0,0,12243.0,38.1590450,-122.4533080,0.5,1.6,0,0,0
1011.90,0.0,0.0,12243,0.0,1,-13.7,0,0,12243.0,38.1590450,-122.4533080,0.5,1.6,0,0,0
1012.00,0.0,0.0,12243,0.0,1,-13.7,0,0,12243.0,38.1590450,-122.4533090,0.5,1.6,0,0,0
1012.10,0.0,0.0,12243,0.0,1,-13.7,0,0,12243.0,38.1590450,-122.4533090,0.5,1.6,0,0,0
1012.20,0.0,0.0,12243,0.0,1,-13.7,0,0,12243.0,38.1590450,-122.4533100,0.5,1.6,0,0,0
1012.30,0.0,0.0,12243,0.0,1,-13.7,0,0,12243.0,38.1590450,-122.4533100,0.5,1.6,0,0,0
1012.40,0.0,0.0,12243,0.0,1,-13.7,0,0,12243.0,38.1590450,-122.4533100,0.5,1.6,0,0,0
1012.50,0.0,0.0,12243,0.0,1,-13.7,0,0,12243.0,38.1590460,-122.4533110,0.5,1.6,0,0,0
1012.60,0.0,0.0,12243,0.0,1,-13.7,0,0,12243.0,38.1590460,-122.4533110,0.5,1.6,0,0,0
1012.70,0.0,0.0,12243,0.0,1,-13.7,0,0,12243.0,38.1590460,-122.4533120,0.5,1.6,0,0,0
1012.80,0.0,0.0,12243,0.0,1,-13.7,0,0,12243.0,38.1590460,-122.4533120,0.9,3.0,0,0,0
1012.90,0.0,0.0,12243,0.0,1,-13.7,0,0,12243.0,38.1590460,-122.4533120,0.9,3.0,0,0,0
1013.00,0.0,0.0,12243,0.0,1,-13.7,0,0,12243.0,38.1590460,-122.4533120,0.9,3.0,0,0,0
1013.10,0.0,0.0,12243,0.0,1,-13.7,0,0,12243.0,38.1590460,-122.4533130,0.9,3.0,0,0,0
1013.20,0.0,0.0,12243,0.0,1,-13.7,0,0,12243.0,38.1590470,-122.4533140,0.9,3.0,0,0,0
1013.30,0.0,0.0,12243,0.0,1,-13.7,0,0,12243.0,38.1590470,-122.4533140,0.9,3.0,0,0,0
1013.40,0.0,0.0,12243,0.0,1,-13.7,0,0,12243.0,38.1590470,-122.4533150,0.9,3.0,0,0,0
1013.50,0.0,0.0,12243,0.0,1,-13.7,0,0,12243.0,38.1590470,-122.4533150,0.9,3.0,0,0,0
1013.60,0.0,0.0,12243,0.0,1,-13.7,0,0,12243.0,38.1590470,-122.4533160,0.9,3.0,0,0,0
1013.70,0.0,0.0,12243,0.0,1,-13.7,0,0,12243.0,38.1590470,-122.4533160,0.9,3.0,0,0,0
1013.80,0.0,0.0,12243,0.0,1,-13.7,0,0,12243.0,38.1590470,-122.4533160,1.2,3.9,0,0,0
1013.90,0.0,0.0,12243,0.0,1,-13.7,0,0,12243.0,38.1590470,-122.4533150,1.2,3.9,0,0,0
1014.00,0.0,0.0,12243,0.0,1,-13.7,0,0,12243.0,38.1590470,-122.4533150,1.2,3.9,0,0,0
1014.10,0.0,0.0,12243,0.0,1,-13.7,0,0,12243.0,38.1590460,-122.4533150,1.2,3.9,0,0,0
1014.20,0.0,0.0,12243,0.0,1,-13.7,0,0,12243.0,38.1590460,-122.4533140,1.2,3.9,0,0,0
1014.30,0.0,0.0,12243,0.0,1,-13.7,0,0,12243.0,38.1590460,-122.4533140,1.2,3.9,0,0,0
1014.40,0.0,0.0,12243,0.0,1,-13.7,0,0,12243.0,38.1590460,-122.4533140,1.2,3.9,0,0,0
1014.50,0.0,0.0,12243,0.0,1,-13.7,0,0,12243.0,38.1590460,-122.4533140,1.2,3.9,0,0,0
1014.60,0.0,0.0,12243,0.0,1,-13.7,0,0,12243.0,38.1590460,-122.4533140,1.2,3.9,0,0,0
1014.70,0.0,0.0,12243,0.0,1,-13.7,0,0,12243.0,38.1590470,-122.4533150,1.2,3.9,0,0,0
1014.80,0.0,0.0,12243,0.0,1,-13.7,0,0,12243.0,38.1590470,-122.4533160,1.1,3.6,0,0,0
1014.90,0.0,0.0,12243,0.0,1,-13.7,0,0,12243.0,38.1590470,-122.4533170,1.1,3.6,0,0,0
1015.00,0.0,0.0,12243,0.0,1,-13.7,0,0,12243.0,38.1590470,-122.4533170,1.1,3.6,0,0,0
1015.10,0.0,0.0,12243,0.0,1,-13.7,0,0,12243.0,38.1590470,-122.4533170,1.1,3.6,0,0,0
1015.20,0.0,0.0,12243,0.0,1,-13.7,0,0,12243.0,38.1590470,-122.4533170,1.1,3.6,0,0,0
1015.30,0.0,0.0,12243,0.0,1,-13.7,0,0,12243.0,38.1590470,-122.4533170,1.1,3.6,0,0,0
1015.40,0.0,0.0,12243,0.0,1,-13.7,0,0,12243.0,38.1590470,-122.4533180,1.1,3.6,0,0,0
1015.50,0.0,0.0,12243,0.0,1,-13.7,0,0,12243.0,38.1590470,-122.4533180,1.1,3.6,0,0,0
1015.60,0.0,0.0,12243,0.0,1,-13.7,0,0,12243.0,38.1590470,-122.4533180,1.1,3.6,0,0,0
1015.70,0.0,0.0,12243,0.0,1,-13.7,0,0,12243.0,38.1590470,-122.4533190,1.1,3.6,0,0,0
1015.80,0.0,0.0,12243,0.0,1,-13.7,0,0,12243.0,38.1590470,-122.4533190,1.3,4.3,0,0,0
1015.90,0.0,0.0,12243,0.0,1,-13.7,0,0,12243.0,38.1590470,-122.4533200,1.3,4.3,0,0,0
1016.00,0.0,0.0,12243,0.0,1,-13.7,0,0,12243.0,38.1590470,-122.4533200,1.3,4.3,0,0,0
1016.10,0.0,0.0,12243,0.0,1,-13.7,0,0,12243.0,38.1590470,-122.4533200,1.3,4.3,0,0,0
1016.20,0.0,0.0,12243,0.0,1,-13.7,0,0,12243.0,38.1590470,-122.4533210,1.3,4.3,0,0,0
1016.30,0.0,0.0,12243,0.0,1,-13.7,0,0,12243.0,38.1590470,-122.4533210,1.3,4.3,0,0,0
1016.40,0.0,0.0,12243,0.0,1,-13.7,0,0,12243.0,38.1590470,-122.4533210,1.3,4.3,0,0,0
1016.50,0.0,0.0,12243,0.0,1,-13.7,0,0,12243.0,38.1590470,-122.4533220,1.3,4.3,0,0,0
1016.60,0.0,0.0,12243,0.0,1,-13.7,0,0,12243.0,38.1590470,-122.4533220,1.3,4.3,0,0,0
1016.70,0.0,0.0,12243,0.0,1,-13.7,0,0,12243.0,38.1590470,-122.4533230,1.3,4.3,0,0,0
1016.80,0.0,0.0,12243,0.0,1,-13.7,0,0,12243.0,38.1590480,-122.4533230,1.6,5.2,0,0,0
1016.90,0.0,0.0,12243,0.0,1,-13.7,0,0,12243.0,38.1590470,-122.4533230,1.6,5.2,0,0,0
1017.00,0.0,0.0,12243,0.0,1,-13.7,0,0,12243.0,38.1590480,-122.4533230,1.6,5.2,0,0,0
1017.10,0.0,0.0,12243,0.0,1,-13.7,0,0,12243.0,38.1590480,-122.4533240,1.6,5.2,0,0,0
1017.20,0.0,0.0,12243,0.0,1,-13.7,0,0,12243.0,38.1590470,-122.4533240,1.6,5.2,0,0,0
1017.30,0.0,0.0,12243,0.0,1,-13.7,0,0,12243.0,38.1590480,-122.4533240,1.6,5.2,0,0,0
1017.40,0.0,0.0,12243,0.0,1,-13.7,0,0,12243.0,38.1590480,-122.4533240,1.6,5.2,0,0,0
1017.50,0.0,0.0,12243,0.0,1,-13.7,0,0,12243.0,38.1590470,-122.4533240,1.6,5.2,0,0,0
1017.60,0.0,0.0,12243,0.0,1,-13.7,0,0,12243.0,38.1590470,-122.4533240,1.6,5.2,0,0,0
1017.70,0.0,0.0,12243,0.0,1,-13.7,0,0,12243.0,38.1590470,-122.4533240,1.6,5.2,0,0,0
1017.80,0.0,0.0,12243,0.0,1,-13.7,0,0,12243.0,38.1590470,-122.4533230,1.7,5.6,0,0,0
1017.90,0.0,0.0,12243,0.0,1,-13.7,0,0,12243.0,38.1590470,-122.4533230,1.7,5.6,0,0,0
1018.00,0.0,0.0,12243,0.0,1,-13.7,0,0,12243.0,38.1590470,-122.4533230,1.7,5.6,0,0,0
1018.10,0.0,0.0,12243,0.0,1,-13.7,0,0,12243.0,38.1590470,-122.4533230,1.7,5.6,0,0,0
1018.20,0.0,0.0,12243,0.0,1,-13.7,0,0,12243.0,38.1590470,-122.4533230,1.7,5.6,0,0,0
1018.30,0.0,0.0,12243,0.0,1,-13.7,0,0,12243.0,38.1590470,-122.4533230,1.7,5.6,0,0,0
1018.40,0.0,0.0,12243,0.0,1,-13.7,0,0,12243.0,38.1590470,-122.4533230,1.7,5.6,0,0,0
1018.50,0.0,0.0,12243,0.0,1,-13.7,0,0,12243.0,38.1590470,-122.4533240,1.7,5.6,0,0,0
1018.60,0.0,0.0,12243,0.0,1,-13.7,0,0,12243.0,38.1590470,-122.4533240,1.7,5.6,0,0,0
1018.70,0.0,0.0,12243,0.0,1,-13.7,0,0,12243.0,38.1590460,-122.4533240,1.7,5.6,0,0,0
1018.80,0.0,0.0,12243,0.0,1,-13.7,0,0,12243.0,38.1590470,-122.4533240,1.7,5.6,0,0,0
1018.90,0.0,0.0,12243,0.0,1,-13.7,0,0,12243.0,38.1590470,-122.4533240,1.7,5.6,0,0,0
1019.00,0.0,0.0,12243,0.0,1,-13.7,0,0,12243.0,38.1590460,-122.4533240,1.7,5.6,0,0,0
1019.10,0.0,0.0,12243,0.0,1,-13.7,0,0,12243.0,38.1590470,-122.4533240,1.7,5.6,0,0,0
1019.20,0.0,0.0,12243,0.0,1,-13.7,0,0,12243.0,38.1590470,-122.4533240,1.7,5.6,0,0,0
1019.30,0.0,0.0,12243,0.0,1,-13.7,0,0,12243.0,38.1590470,-122.4533250,1.7,5.6,0,0,0
1019.40,0.0,0.0,12243,0.0,1,-13.7,0,0,12243.0,38.1590470,-122.4533250,1.7,5.6,0,0,0
1019.50,0.0,0.0,12243,0.0,1,-13.7,0,0,12243.0,38.1590460,-122.4533250,1.7,5.6,0,0,0
1019.60,0.0,0.0,12243,0.0,1,-13.7,0,0,12243.0,38.1590460,-122.4533250,1.7,5.6,0,0,0
1019.70,0.0,0.0,12243,0.0,1,-13.7,0,0,12243.0,38.1590460,-122.4533250,1.7,5.6,0,0,0
1019.80,0.0,0.0,12243,0.0,1,-13.7,0,0,12243.0,38.1590460,-122.4533250,1.8,5.9,0,0,0
1019.90,0.0,0.0,12243,0.0,1,-13.7,0,0,12243.0,38.1590460,-122.4533250,1.8,5.9,0,0,0
1020.00,0.0,0.0,12243,0.0,1,-13.7,0,0,12243.0,38.1590460,-122.4533250,1.8,5.9,0,0,0
1020.10,0.0,0.0,12243,0.0,1,-13.7,0,0,12243.0,38.1590460,-122.4533250,1.8,5.9,0,0,0
1020.20,0.0,0.0,12243,0.0,1,-13.7,0,0,12243.0,38.1590460,-122.4533250,1.8,5.9,0,0,0
1020.30,0.0,0.0,12243,0.0,1,-13.7,0,0,12243.0,38.1590460,-122.4533250,1.8,5.9,0,0,0
1020.40,0.0,0.0,12243,0.0,1,-13.7,0,0,12243.0,38.1590460,-122.4533260,1.8,5.9,0,0,0
1020.50,0.0,0.0,12243,0.0,1,-13.7,0,0,12243.0,38.1590460,-122.4533260,1.8,5.9,0,0,0
1020.60,0.0,0.0,12243,0.0,1,-13.7,0,0,12243.0,38.1590460,-122.4533260,1.8,5.9,0,0,0
1020.70,0.0,0.0,12243,0.0,1,-13.7,0,0,12243.0,38.1590460,-122.4533250,1.8,5.9,0,0,0
1020.80,0.0,0.0,12243,0.0,1,-13.7,0,0,12243.0,38.1590460,-122.4533250,1.7,5.6,0,0,0
1020.90,0.0,0.0,12243,0.0,1,-13.7,0,0,12243.0,38.1590460,-122.4533250,1.7,5.6,0,0,0
1021.00,0.0,0.0,12243,0.0,1,-13.7,0,0,12243.0,38.1590460,-122.4533250,1.7,5.6,0,0,0
1021.10,0.0,0.0,12243,0.0,1,-13.7,0,0,12243.0,38.1590460,-122.4533260,1.7,5.6,0,0,0
1021.20,0.0,0.0,12243,0.0,1,-13.7,0,0,12243.0,38.1590470,-122.4533260,1.7,5.6,0,0,0
1021.30,0.0,0.0,12243,0.0,1,-13.7,0,0,12243.0,38.1590470,-122.4533260,1.7,5.6,0,0,0
1021.40,0.0,0.0,12243,0.0,1,-13.7,0,0,12243.0,38.1590470,-122.4533260,1.7,5.6,0,0,0
1021.50,0.0,0.0,12243,0.0,1,-13.7,0,0,12243.0,38.1590470,-122.4533260,1.7,5.6,0,0,0
1021.60,0.0,0.0,12243,0.0,1,-13.7,0,0,12243.0,38.1590470,-122.4533260,1.7,5.6,0,0,0
1021.70,0.0,0.0,12243,0.0,1,-13.7,0,0,12243.0,38.1590470,-122.4533260,1.7,5.6,0,0,0
1021.80,0.0,0.0,12243,0.0,1,-13.7,0,0,12243.0,38.1590470,-122.4533260,1.8,5.9,0,0,0
1021.90,0.0,0.0,12243,0.0,1,-13.7,0,0,12243.0,38.1590470,-122.4533260,1.8,5.9,0,0,0
1022.00,0.0,0.0,12243,0.0,1,-13.7,0,0,12243.0,38.1590470,-122.4533260,1.8,5.9,0,0,0
1022.10,0.0,0.0,12243,0.0,1,-13.7,0,0,12243.0,38.1590470,-122.4533260,1.8,5.9,0,0,0
1022.20,0.0,0.0,12243,0.0,1,-13.7,0,0,12243.0,38.1590470,-122.4533260,1.8,5.9,0,0,0
1022.30,0.0,0.0,12243,0.0,1,-13.7,0,0,12243.0,38.1590470,-122.4533270,1.8,5.9,0,0,0
1022.40,0.0,0.0,12243,0.0,1,-13.7,0,0,12243.0,38.1590470,-122.4533270,1.8,5.9,0,0,0
1022.50,0.0,0.0,12243,0.0,1,-13.7,0,0,12243.0,38.1590480,-122.4533270,1.8,5.9,0,0,0
1022.60,0.0,0.0,12243,0.0,1,-13.7,0,0,12243.0,38.1590480,-122.4533280,1.8,5.9,0,0,0
1022.70,0.0,0.0,12243,0.0,1,-13.7,0,0,12243.0,38.1590480,-122.4533280,1.8,5.9,0,0,0
1022.80,0.0,0.0,12243,0.0,1,-13.7,0,0,12243.0,38.1590480,-122.4533280,1.9,6.2,0,0,0
1022.90,0.0,0.0,12243,0.0,1,-13.7,0,0,12243.0,38.1590480,-122.4533280,1.9,6.2,0,0,0
1023.00,0.0,0.0,12243,0.0,1,-13.7,0,0,12243.0,38.1590480,-122.4533290,1.9,6.2,0,0,0
1023.10,0.0,0.0,12243,0.0,1,-13.7,0,0,12243.0,38.1590480,-122.4533290,1.9,6.2,0,0,0
1023.20,0.0,0.0,12243,0.0,1,-13.7,0,0,12243.0,38.1590480,-122.4533290,1.9,6.2,0,0,0
1023.30,0.0,0.0,12243,0.0,1,-13.7,0,0,12243.0,38.1590480,-122.4533290,1.9,6.2,0,0,0
1023.40,0.0,0.0,12243,0.0,1,-13.7,0,0,12243.0,38.1590480,-122.4533290,1.9,6.2,0,0,0
1023.50,0.0,0.0,12243,0.0,1,-13.7,0,0,12243.0,38.1590480,-122.4533290,1.9,6.2,0,0,0
1023.60,0.0,0.0,12243,0.0,1,-13.7,0,0,12243.0,38.1590480,-122.4533290,1.9,6.2,0,0,0
1023.70,0.0,0.0,12243,0.0,1,-13.7,0,0,12243.0,38.1590480,-122.4533290,1.9,6.2,0,0,0
1023.80,0.0,0.0,12243,0.0,1,-13.7,0,0,12243.0,38.1590480,-122.4533290,1.9,6.2,0,0,0
1023.90,0.0,0.0,12243,0.0,1,-13.7,0,0,12243.0,38.1590480,-122.4533290,1.9,6.2,0,0,0
1024.00,0.0,0.0,12243,0.0,1,-13.7,0,0,12243.0,38.1590480,-122.4533300,1.9,6.2,0,0,0
1024.10,0.0,0.0,12243,0.0,1,-13.7,0,0,12243.0,38.1590490,-122.4533300,1.9,6.2,0,0,0
1024.20,0.0,0.0,12243,0.0,1,-13.7,0,0,12243.0,38.1590490,-122.4533300,1.9,6.2,0,0,0
1024.30,0.0,0.0,12243,0.0,1,-13.7,0,0,12243.0,38.1590490,-122.4533300,1.9,6.2,0,0,0
1024.40,0.0,0.0,12243,0.0,1,-13.7,0,0,12243.0,38.1590490,-122.4533300,1.9,6.2,0,0,0
1024.50,0.0,0.0,12243,0.0,1,-13.7,0,0,12243.0,38.1590490,-122.4533300,1.9,6.2,0,0,0
1024.60,0.0,0.0,12243,0.0,1,-13.7,0,0,12243.0,38.1590490,-122.4533300,1.9,6.2,0,0,0
1024.70,0.0,0.0,12243,0.0,1,-13.7,0,0,12243.0,38.1590490,-122.4533310,1.9,6.2,0,0,0
1024.80,0.0,0.0,12243,0.0,1,-13.7,0,0,12243.0,38.1590490,-122.4533310,2.0,6.6,0,0,0
1024.90,0.0,0.0,12243,0.0,1,-13.7,0,0,12243.0,38.1590490,-122.4533310,2.0,6.6,0,0,0
1025.00,0.0,0.0,12243,0.0,1,-13.7,0,0,12243.0,38.1590490,-122.4533310,2.0,6.6,0,0,0
1025.10,0.0,0.0,12243,0.0,1,-13.7,0,0,12243.0,38.1590500,-122.4533310,2.0,6.6,0,0,0
1025.20,0.0,0.0,12243,0.0,1,-13.7,0,0,12243.0,38.1590500,-122.4533310,2.0,6.6,0,0,0
1025.30,0.0,0.0,12243,0.0,1,-13.7,0,0,12243.0,38.1590500,-122.4533310,2.0,6.6,0,0,0
1025.40,0.0,0.0,12243,0.0,1,-13.7,0,0,12243.0,38.1590500,-122.4533310,2.0,6.6,0,0,0
1025.50,0.0,0.0,12243,0.0,1,-13.7,0,0,12243.0,38.1590500,-122.4533310,2.0,6.6,0,0,0
1025.60,0.0,0.0,12243,0.0,1,-13.7,0,0,12243.0,38.1590500,-122.4533320,2.0,6.6,0,0,0
1025.70,0.0,0.0,12243,0.0,1,-13.7,0,0,12243.0,38.1590500,-122.4533320,2.0,6.6,0,0,0
1025.80,0.0,0.0,12243,0.0,1,-13.7,0,0,12243.0,38.1590500,-122.4533320,2.0,6.6,0,0,0
1025.90,0.0,0.0,12243,0.0,1,-13.7,0,0,12243.0,38.1590510,-122.4533320,2.0,6.6,0,0,0
1026.00,0.0,0.0,12243,0.0,1,-13.7,0,0,12243.0,38.1590510,-122.4533330,2.0,6.6,0,0,0
1026.10,0.0,0.0,12243,0.0,1,-13.7,0,0,12243.0,38.1590510,-122.4533330,2.0,6.6,0,0,0
1026.20,0.0,0.0,12243,0.0,1,-13.7,0,0,12243.0,38.1590510,-122.4533330,2.0,6.6,0,0,0
1026.30,0.0,0.0,12243,0.0,1,-13.7,0,0,12243.0,38.1590510,-122.4533330,2.0,6.6,0,0,0
1026.40,0.0,0.0,12243,0.0,1,-13.7,0,0,12243.0,38.1590510,-122.4533340,2.0,6.6,0,0,0
1026.50,0.0,0.0,12243,0.0,1,-13.7,0,0,12243.0,38.1590510,-122.4533340,2.0,6.6,0,0,0
1026.60,0.0,0.0,12243,0.0,1,-13.7,0,0,12243.0,38.1590510,-122.4533340,2.0,6.6,0,0,0
1026.70,0.0,0.0,12243,0.0,1,-13.7,0,0,12243.0,38.1590510,-122.4533340,2.0,6.6,0,0,0
1026.80,0.0,0.0,12243,0.0,1,-13.7,0,0,12243.0,38.1590510,-122.4533330,1.9,6.2,0,0,0
1026.90,0.0,0.0,12243,0.0,1,-13.7,0,0,12243.0,38.1590510,-122.4533340,1.9,6.2,0,0,0
1027.00,0.0,0.0,12243,0.0,1,-13.7,0,0,12243.0,38.1590510,-122.4533340,1.9,6.2,0,0,0
1027.10,0.0,0.0,12243,0.0,1,-13.7,0,0,12243.0,38.1590510,-122.4533340,1.9,6.2,0,0,0
1027.20,0.0,0.0,12243,0.0,1,-13.7,0,0,12243.0,38.1590520,-122.4533340,1.9,6.2,0,0,0
1027.30,0.0,0.0,12243,0.0,1,-13.7,0,0,12243.0,38.1590510,-122.4533340,1.9,6.2,0,0,0
1027.40,0.0,0.0,12243,0.0,1,-13.7,0,0,12243.0,38.1590520,-122.4533340,1.9,6.2,0,0,0
1027.50,0.0,0.0,12243,0.0,1,-13.7,0,0,12243.0,38.1590520,-122.4533350,1.9,6.2,0,0,0
1027.60,0.0,0.0,12243,0.0,1,-13.7,0,0,12243.0,38.1590520,-122.4533350,1.9,6.2,0,0,0
1027.70,0.0,0.0,12243,0.0,1,-13.7,0,0,12243.0,38.1590520,-122.4533350,1.9,6.2,0,0,0
1027.80,0.0,0.0,12243,0.0,1,-13.7,0,0,12243.0,38.1590520,-122.4533350,1.8,5.9,0,0,0
1027.90,0.0,0.0,12243,0.0,1,-13.7,0,0,12243.0,38.1590520,-122.4533350,1.8,5.9,0,0,0
1028.00,0.0,0.0,12243,0.0,1,-13.7,0,0,12243.0,38.1590530,-122.4533360,1.8,5.9,0,0,0
1028.10,0.0,0.0,12243,0.0,1,-13.7,0,0,12243.0,38.1590530,-122.4533360,1.8,5.9,0,0,0
1028.20,0.0,0.0,12243,0.0,1,-13.7,0,0,12243.0,38.1590530,-122.4533360,1.8,5.9,0,0,0
1028.30,0.0,0.0,12243,0.0,1,-13.7,0,0,12243.0,38.1590530,-122.4533360,1.8,5.9,0,0,0
1028.40,0.0,0.0,12243,0.0,1,-13.7,0,0,12243.0,38.1590530,-122.4533360,1.8,5.9,0,0,0
1028.50,0.0,0.0,12243,0.0,1,-13.7,0,0,12243.0,38.1590530,-122.4533360,1.8,5.9,0,0,0
1028.60,0.0,0.0,12243,0.0,1,-13.7,0,0,12243.0,38.1590530,-122.4533360,1.8,5.9,0,0,0
1028.70,0.0,0.0,12243,0.0,1,-13.7,0,0,12243.0,38.1590530,-122.4533360,1.8,5.9,0,0,0
1028.80,0.0,0.0,12243,0.0,1,-13.7,0,0,12243.0,38.1590530,-122.4533360,1.7,5.6,0,0,0
1028.90,0.0,0.0,12243,0.0,1,-13.7,0,0,12243.0,38.1590530,-122.4533360,1.7,5.6,0,0,0
1029.00,0.0,0.0,12243,0.0,1,-13.7,0,0,12243.0,38.1590530,-122.4533370,1.7,5.6,0,0,0
1029.10,0.0,0.0,12243,0.0,1,-13.7,0,0,12243.0,38.1590530,-122.4533370,1.7,5.6,0,0,0
1029.20,0.0,0.0,12243,0.0,1,-13.7,0,0,12243.0,38.1590530,-122.4533370,1.7,5.6,0,0,0
1029.30,0.0,0.0,12243,0.0,1,-13.7,0,0,12243.0,38.1590530,-122.4533370,1.7,5.6,0,0,0
1029.40,0.0,0.0,12243,0.0,1,-13.7,0,0,12243.0,38.1590530,-122.4533370,1.7,5.6,0,0,0
1029.50,0.0,0.0,12243,0.0,1,-13.7,0,0,12243.0,38.1590530,-122.4533370,1.7,5.6,0,0,0
1029.60,0.0,0.0,12243,0.0,1,-13.7,0,0,12243.0,38.1590530,-122.4533370,1.7,5.6,0,0,0
1029.70,0.0,0.0,12243,0.0,1,-13.7,0,0,12243.0,38.1590530,-122.4533370,1.7,5.6,0,0,0
1029.80,0.0,0.0,12243,0.0,1,-13.7,0,0,12243.0,38.1590530,-122.4533370,1.5,4.9,0,0,0
1029.90,0.0,0.0,12243,0.0,1,-13.7,0,0,12243.0,38.1590520,-122.4533370,1.5,4.9,0,0,0
1030.00,0.0,0.0,12243,0.0,1,-13.7,0,0,12243.0,38.1590520,-122.4533370,1.5,4.9,0,0,0
1030.10,0.0,0.0,12243,0.0,1,-13.7,0,0,12243.0,38.1590530,-122.4533370,1.5,4.9,0,0,0
1030.20,0.0,0.0,12243,0.0,1,-13.7,0,0,12243.0,38.1590530,-122.4533370,1.5,4.9,0,0,0
1030.30,0.0,0.0,12243,0.0,1,-13.7,0,0,12243.0,38.1590530,-122.4533370,1.5,4.9,0,0,0
1030.40,0.0,0.0,12243,0.0,1,-13.7,0,0,12243.0,38.1590530,-122.4533370,1.5,4.9,0,0,0
1030.50,0.0,0.0,12243,0.0,1,-13.7,0,0,12243.0,38.1590520,-122.4533370,1.5,4.9,0,0,0
1030.60,0.0,0.0,12243,0.0,1,-13.7,0,0,12243.0,38.1590530,-122.4533370,1.5,4.9,0,0,0
1030.70,0.0,0.0,12243,0.0,1,-13.7,0,0,12243.0,38.1590520,-122.4533360,1.5,4.9,0,0,0
1030.80,0.0,0.0,12243,0.0,1,-13.7,0,0,12243.0,38.1590520,-122.4533360,1.2,3.9,0,0,0
1030.90,0.0,0.0,12243,0.0,1,-13.7,0,0,12243.0,38.1590530,-122.4533360,1.2,3.9,0,0,0
1031.00,0.0,0.0,12243,0.0,1,-13.7,0,0,12243.0,38.1590530,-122.4533360,1.2,3.9,0,0,0
1031.10,0.0,0.0,12243,0.0,1,-13.7,0,0,12243.0,38.1590520,-122.4533360,1.2,3.9,0,0,0
1031.20,0.0,0.0,12243,0.0,1,-13.7,0,0,12243.0,38.1590530,-122.4533360,1.2,3.9,0,0,0
1031.30,0.0,0.0,12243,0.0,1,-13.7,0,0,12243.0,38.1590520,-122.4533360,1.2,3.9,0,0,0
1031.40,0.0,0.0,12243,0.0,1,-13.7,0,0,12243.0,38.1590530,-122.4533360,1.2,3.9,0,0,0
1031.50,0.0,0.0,12243,0.0,1,-13.7,0,0,12243.0,38.1590530,-122.4533360,1.2,3.9,0,0,0
1031.60,0.0,0.0,12243,0.0,1,-13.7,0,0,12243.0,38.1590530,-122.4533360,1.2,3.9,0,0,0
1031.70,0.0,0.0,12243,0.0,1,-13.7,0,0,12243.0,38.1590530,-122.4533360,1.2,3.9,0,0,0
1031.80,0.0,0.0,12243,0.0,1,-13.7,0,0,12243.0,38.1590530,-122.4533360,1.0,3.3,0,0,0
1031.90,0.0,0.0,12243,0.0,1,-13.7,0,0,12243.0,38.1590530,-122.4533360,1.0,3.3,0,0,0
1032.00,0.0,0.0,12243,0.0,1,-13.7,0,0,12243.0,38.1590520,-122.4533360,1.0,3.3,0,0,0
1032.10,0.0,0.0,12243,0.0,1,-13.7,0,0,12243.0,38.1590530,-122.4533360,1.0,3.3,0,0,0
1032.20,0.0,0.0,12243,0.0,1,-13.7,0,0,12243.0,38.1590520,-122.4533360,1.0,3.3,0,0,0
1032.30,0.0,0.0,12243,0.0,1,-13.7,0,0,12243.0,38.1590530,-122.4533360,1.0,3.3,0,0,0
1032.40,0.0,0.0,12243,0.0,1,-13.7,0,0,12243.0,38.1590530,-122.4533360,1.0,3.3,0,0,0
1032.50,0.0,0.0,12243,0.0,1,-13.7,0,0,12243.0,38.1590530,-122.4533360,1.0,3.3,0,0,0
1032.60,0.0,0.0,12243,0.0,1,-13.7,0,0,12243.0,38.1590530,-122.4533360,1.0,3.3,0,0,0
1032.70,0.0,0.0,12243,0.0,1,-13.7,0,0,12243.0,38.1590530,-122.4533360,1.0,3.3,0,0,0
1032.80,0.0,0.0,12243,0.0,1,-13.7,0,0,12243.0,38.1590530,-122.4533360,0.8,2.6,0,0,0
1032.90,0.0,0.0,12243,0.0,1,-13.7,0,0,12243.0,38.1590530,-122.4533360,0.8,2.6,0,0,0
1033.00,0.0,0.0,12243,0.0,1,-13.7,0,0,12243.0,38.1590530,-122.4533360,0.8,2.6,0,0,0
1033.10,0.0,0.0,12243,0.0,1,-13.7,0,0,12243.0,38.1590530,-122.4533350,0.8,2.6,0,0,0
1033.20,0.0,0.0,12243,0.0,1,-13.7,0,0,12243.0,38.1590530,-122.4533350,0.8,2.6,0,0,0
1033.30,0.0,0.0,12243,0.0,1,-13.7,0,0,12243.0,38.1590530,-122.4533350,0.8,2.6,0,0,0
1033.40,0.0,0.0,12243,0.0,1,-13.7,0,0,12243.0,38.1590530,-122.4533350,0.8,2.6,0,0,0
1033.50,0.0,0.0,12243,0.0,1,-13.7,0,0,12243.0,38.1590530,-122.4533350,0.8,2.6,0,0,0
1033.60,0.0,0.0,12243,0.0,1,-13.7,0,0,12243.0,38.1590530,-122.4533350,0.8,2.6,0,0,0
1033.70,0.0,0.0,12243,0.0,1,-13.7,0,0,12243.0,38.1590530,-122.4533350,0.8,2.6,0,0,0
1033.80,0.0,0.0,12243,0.0,1,-13.7,0,0,12243.0,38.1590530,-122.4533350,0.6,2.0,0,0,0
1033.90,0.0,0.0,12243,0.0,1,-13.7,0,0,12243.0,38.1590530,-122.4533350,0.6,2.0,0,0,0
1034.00,0.0,0.0,12243,0.0,1,-13.7,0,0,12243.0,38.1590540,-122.4533350,0.6,2.0,0,0,0
1034.10,0.0,0.0,12243,0.0,1,-13.7,0,0,12243.0,38.1590540,-122.4533350,0.6,2.0,0,0,0
1034.20,0.0,0.0,12243,0.0,1,-13.7,0,0,12243.0,38.1590540,-122.4533350,0.6,2.0,0,0,0
1034.30,0.0,0.0,12243,0.0,1,-13.7,0,0,12243.0,38.1590540,-122.4533350,0.6,2.0,0,0,0
1034.40,0.0,0.0,12243,0.0,1,-13.7,0,0,12243.0,38.1590540,-122.4533350,0.6,2.0,0,0,0
1034.50,0.0,0.0,12243,0.0,1,-13.7,0,0,12243.0,38.1590540,-122.4533350,0.6,2.0,0,0,0
1034.60,0.0,0.0,12243,0.0,1,-13.7,0,0,12243.0,38.1590540,-122.4533350,0.6,2.0,0,0,0
1034.70,0.0,0.0,12243,0.0,1,-13.7,0,0,12243.0,38.1590540,-122.4533350,0.6,2.0,0,0,0
1034.80,0.0,0.0,12243,0.0,1,-13.7,0,0,12243.0,38.1590540,-122.4533350,0.4,1.3,0,0,0
1034.90,0.0,0.0,12243,0.0,1,-13.7,0,0,12243.0,38.1590540,-122.4533350,0.4,1.3,0,0,0
1035.00,0.0,0.0,12243,0.0,1,-13.7,0,0,12243.0,38.1590540,-122.4533350,0.4,1.3,0,0,0
1035.10,0.0,0.0,12243,0.0,1,-13.7,0,0,12243.0,38.1590540,-122.4533350,0.4,1.3,0,0,0
1035.20,0.0,0.0,12243,0.0,1,-13.7,0,0,12243.0,38.1590540,-122.4533350,0.4,1.3,0,0,0
1035.30,0.0,0.0,12243,0.0,1,-13.7,0,0,12243.0,38.1590540,-122.4533340,0.4,1.3,0,0,0
1035.40,0.0,0.0,12243,0.0,1,-13.7,0,0,12243.0,38.1590540,-122.4533340,0.4,1.3,0,0,0
1035.50,0.0,0.0,12243,0.0,1,-13.7,0,0,12243.0,38.1590540,-122.4533340,0.4,1.3,0,0,0
1035.60,0.0,0.0,12243,0.0,1,-13.7,0,0,12243.0,38.1590540,-122.4533340,0.4,1.3,0,0,0
1035.70,0.0,0.0,12243,0.0,1,-13.7,0,0,12243.0,38.1590540,-122.4533340,0.4,1.3,0,0,0
1035.80,0.0,0.0,12243,0.0,1,-13.7,0,0,12243.0,38.1590540,-122.4533340,0.2,0.7,0,0,0
1035.90,0.0,0.0,12243,0.0,1,-13.7,0,0,12243.0,38.1590540,-122.4533340,0.2,0.7,0,0,0
1036.00,0.0,0.0,12243,0.0,1,-13.7,0,0,12243.0,38.1590540,-122.4533340,0.2,0.7,0,0,0
1036.10,0.0,0.0,12243,0.0,1,-13.7,0,0,12243.0,38.1590540,-122.4533340,0.2,0.7,0,0,0
1036.20,0.0,0.0,12243,0.0,1,-13.7,0,0,12243.0,38.1590550,-122.4533340,0.2,0.7,0,0,0
1036.30,0.0,0.0,12243,0.0,1,-13.7,0,0,12243.0,38.1590550,-122.4533340,0.2,0.7,0,0,0
1036.40,0.0,0.0,12243,0.0,1,-13.7,0,0,12243.0,38.1590550,-122.4533340,0.2,0.7,0,0,0
1036.50,0.0,0.0,12243,0.0,1,-13.7,0,0,12243.0,38.1590550,-122.4533340,0.2,0.7,0,0,0
1036.60,0.0,0.0,12243,0.0,1,-13.7,0,0,12243.0,38.1590550,-122.4533340,0.2,0.7,0,0,0
1036.70,0.0,0.0,12243,0.0,1,-13.7,0,0,12243.0,38.1590550,-122.4533340,0.2,0.7,0,0,0
1036.80,0.0,0.0,12243,0.0,1,-13.7,0,0,12243.0,38.1590550,-122.4533340,0.0,0.0,0,0,0
1036.90,0.0,0.0,12243,0.0,1,-13.7,0,0,12243.0,38.1590550,-122.4533340,0.0,0.0,0,0,0
1037.00,0.0,0.0,12243,0.0,1,-13.7,0,0,12243.0,38.1590560,-122.4533340,0.0,0.0,0,0,0
1037.10,0.0,0.0,12243,0.0,1,-13.7,0,0,12243.0,38.1590560,-122.4533340,0.0,0.0,0,0,0
1037.20,0.0,0.0,12243,0.0,1,-13.7,0,0,12243.0,38.1590560,-122.4533340,0.0,0.0,0,0,0
1037.30,0.0,0.0,12243,0.0,1,-13.7,0,0,12243.0,38.1590560,-122.4533340,0.0,0.0,0,0,0
1037.40,0.0,0.0,12243,0.0,1,-13.7,0,0,12243.0,38.1590560,-122.4533340,0.0,0.0,0,0,0
1037.50,0.0,0.0,12243,0.0,1,-13.7,0,0,12243.0,38.1590560,-122.4533340,0.0,0.0,0,0,0
1037.60,0.0,0.0,12243,0.0,1,-13.7,0,0,12243.0,38.1590560,-122.4533340,0.0,0.0,0,0,0
1037.70,0.0,0.0,12243,0.0,1,-13.7,0,0,12243.0,38.1590570,-122.4533350,0.0,0.0,0,0,0
1037.80,0.0,0.0,12243,0.0,1,-13.7,0,0,12243.0,38.1590570,-122.4533350,6553.4,21500.7,0,0,0
1037.90,0.0,0.0,12243,0.0,1,-13.7,0,0,12243.0,38.1590570,-122.4533350,6553.4,21500.7,0,0,0
1038.00,0.0,0.0,12243,0.0,1,-13.7,0,0,12243.0,38.1590570,-122.4533350,6553.4,21500.7,0,0,0
1038.10,0.0,0.0,12243,0.0,1,-13.7,0,0,12243.0,38.1590570,-122.4533350,6553.4,21500.7,0,0,0
1038.20,0.0,0.0,12243,0.0,1,-13.7,0,0,12243.0,38.1590570,-122.4533340,6553.4,21500.7,0,0,0
1038.30,0.0,0.0,12243,0.0,1,-13.7,0,0,12243.0,38.1590570,-122.4533350,6553.4,21500.7,0,0,0
1038.40,0.0,0.0,12243,0.0,1,-13.7,0,0,12243.0,38.1590570,-122.4533350,6553.4,21500.7,0,0,0
1038.50,0.0,0.0,12243,0.0,1,-13.7,0,0,12243.0,38.1590570,-122.4533350,6553.4,21500.7,0,0,0
1038.60,0.0,0.0,12243,0.0,1,-13.7,0,0,12243.0,38.1590570,-122.4533350,6553.4,21500.7,0,0,0
1038.70,0.0,0.0,12243,0.0,1,-13.7,0,0,12243.0,38.1590570,-122.4533340,6553.4,21500.7,0,0,0
1038.80,0.0,0.0,12243,0.0,1,-13.7,0,0,12243.0,38.1590570,-122.4533340,6553.3,21500.3,0,0,0
1038.90,0.0,0.0,12243,0.0,1,-13.7,0,0,12243.0,38.1590570,-122.4533340,6553.3,21500.3,0,0,0
1039.00,0.0,0.0,12243,0.0,1,-13.7,0,0,12243.0,38.1590570,-122.4533340,6553.3,21500.3,0,0,0
1039.10,0.0,0.0,12243,0.0,1,-13.7,0,0,12243.0,38.1590570,-122.4533340,6553.3,21500.3,0,0,0
1039.20,0.0,0.0,12243,0.0,1,-13.7,0,0,12243.0,38.1590570,-122.4533340,6553.3,21500.3,0,0,0
1039.30,0.0,0.0,12243,0.0,1,-13.7,0,0,12243.0,38.1590570,-122.4533340,6553.3,21500.3,0,0,0
1039.40,0.0,0.0,12243,0.0,1,-13.7,0,0,12243.0,38.1590570,-122.4533340,6553.3,21500.3,0,0,0
1039.50,0.0,0.0,12243,0.0,1,-13.7,0,0,12243.0,38.1590570,-122.4533340,6553.3,21500.3,0,0,0
1039.60,0.0,0.0,12243,0.0,1,-13.7,0,0,12243.0,38.1590570,-122.4533340,6553.3,21500.3,0,0,0
1039.70,0.0,0.0,12243,0.0,1,-13.7,0,0,12243.0,38.1590570,-122.4533340,6553.3,21500.3,0,0,0
1039.80,0.0,0.0,12243,0.0,1,-13.7,0,0,12243.0,38.1590580,-122.4533340,6553.3,21500.3,0,0,0
1039.90,0.0,0.0,12243,0.0,1,-13.7,0,0,12243.0,38.1590580,-122.4533340,6553.3,21500.3,0,0,0
1040.00,0.0,0.0,12243,0.0,1,-13.7,0,0,12243.0,38.1590580,-122.4533340,6553.3,21500.3,0,0,0
1040.10,0.0,0.0,12243,0.0,1,-13.7,0,0,12243.0,38.1590580,-122.4533340,6553.3,21500.3,0,0,0
1040.20,0.0,0.0,12243,0.0,1,-13.7,0,0,12243.0,38.1590580,-122.4533340,6553.3,21500.3,0,0,0
1040.30,0.0,0.0,12243,0.0,1,-13.7,0,0,12243.0,38.1590580,-122.4533340,6553.3,21500.3,0,0,0
1040.40,0.0,0.0,12243,0.0,1,-13.7,0,0,12243.0,38.1590580,-122.4533340,6553.3,21500.3,0,0,0
1040.50,0.0,0.0,12243,0.0,1,-13.7,0,0,12243.0,38.1590580,-122.4533340,6553.3,21500.3,0,0,0
1040.60,0.0,0.0,12243,0.0,1,-13.7,0,0,12243.0,38.1590580,-122.4533350,6553.3,21500.3,0,0,0
1040.70,0.0,0.0,12243,0.0,1,-13.7,0,0,12243.0,38.1590590,-122.4533350,6553.3,21500.3,0,0,0
1040.80,0.0,0.0,12243,0.0,1,-13.7,0,0,12243.0,38.1590590,-122.4533350,6553.2,21500.0,0,0,0
1040.90,0.0,0.0,12243,0.0,1,-13.7,0,0,12243.0,38.1590590,-122.4533350,6553.2,21500.0,0,0,0
1041.00,0.0,0.0,12243,0.0,1,-13.7,0,0,12243.0,38.1590590,-122.4533350,6553.2,21500.0,0,0,0
1041.10,0.0,0.0,12243,0.0,1,-13.7,0,0,12243.0,38.1590590,-122.4533350,6553.2,21500.0,0,0,0
1041.20,0.0,0.0,12243,0.0,1,-13.7,0,0,12243.0,38.1590590,-122.4533350,6553.2,21500.0,0,0,0
1041.30,0.0,0.0,12243,0.0,1,-13.7,0,0,12243.0,38.1590590,-122.4533350,6553.2,21500.0,0,0,0
1041.40,0.0,0.0,12243,0.0,1,-13.7,0,0,12243.0,38.1590590,-122.4533350,6553.2,21500.0,0,0,0
1041.50,0.0,0.0,12243,0.0,1,-13.7,0,0,12243.0,38.1590590,-122.4533360,6553.2,21500.0,0,0,0
1041.60,0.0,0.0,12243,0.0,1,-13.7,0,0,12243.0,38.1590590,-122.4533360,6553.2,21500.0,0,0,0
1041.70,0.0,0.0,12243,0.0,1,-13.7,0,0,12243.0,38.1590590,-122.4533360,6553.2,21500.0,0,0,0
1041.80,0.0,0.0,12243,0.0,1,-13.7,0,0,12243.0,38.1590590,-122.4533360,6553.1,21499.7,0,0,0
1041.90,0.0,0.0,12243,0.0,1,-13.7,0,0,12243.0,38.1590590,-122.4533360,6553.1,21499.7,0,0,0
1042.00,0.0,0.0,12243,0.0,1,-13.7,0,0,12243.0,38.1590590,-122.4533360,6553.1,21499.7,0,0,0
1042.10,0.0,0.0,12243,0.0,1,-13.7,0,0,12243.0,38.1590590,-122.4533360,6553.1,21499.7,0,0,0
1042.20,0.0,0.0,12243,0.0,1,-13.7,0,0,12243.0,38.1590590,-122.4533360,6553.1,21499.7,0,0,0
1042.30,0.0,0.0,12243,0.0,1,-13.7,0,0,12243.0,38.1590590,-122.4533360,6553.1,21499.7,0,0,0
1042.40,0.0,0.0,12243,0.0,1,-13.7,0,0,12243.0,38.1590590,-122.4533360,6553.1,21499.7,0,0,0
1042.50,0.0,0.0,12243,0.0,1,-13.7,0,0,12243.0,38.1590590,-122.4533360,6553.1,21499.7,0,0,0
1042.60,0.0,0.0,12243,0.0,1,-13.7,0,0,12243.0,38.1590590,-122.4533360,6553.1,21499.7,0,0,0
1042.70,0.0,0.0,12243,0.0,1,-13.7,0,0,12243.0,38.1590590,-122.4533360,6553.1,21499.7,0,0,0
1042.80,0.0,0.0,12243,0.0,1,-13.7,0,0,12243.0,38.1590590,-122.4533360,6552.9,21499.0,0,0,0
1042.90,0.0,0.0,12243,0.0,1,-13.7,0,0,12243.0,38.1590590,-122.4533360,6552.9,21499.0,0,0,0
1043.00,0.0,0.0,12243,0.0,1,-13.7,0,0,12243.0,38.1590590,-122.4533360,6552.9,21499.0,0,0,0
1043.10,0.0,0.0,12243,0.0,1,-13.7,0,0,12243.0,38.1590590,-122.4533360,6552.9,21499.0,0,0,0
1043.20,0.0,0.0,12243,0.0,1,-13.7,0,0,12243.0,38.1590590,-122.4533360,6552.9,21499.0,0,0,0
1043.30,0.0,0.0,12243,0.0,1,-13.7,0,0,12243.0,38.1590590,-122.4533350,6552.9,21499.0,0,0,0
1043.40,0.0,0.0,12243,0.0,1,-13.7,0,0,12243.0,38.1590590,-122.4533350,6552.9,21499.0,0,0,0
1043.50,0.0,0.0,12243,0.0,1,-13.7,0,0,12243.0,38.1590590,-122.4533350,6552.9,21499.0,0,0,0
1043.60,0.0,0.0,12243,0.0,1,-13.7,0,0,12243.0,38.1590590,-122.4533350,6552.9,21499.0,0,0,0
1043.70,0.0,0.0,12243,0.0,1,-13.7,0,0,12243.0,38.1590590,-122.4533350,6552.9,21499.0,0,0,0
1043.80,0.0,0.0,12243,0.0,1,-13.7,0,0,12243.0,38.1590590,-122.4533350,6552.8,21498.7,0,0,0
1043.90,0.0,0.0,12243,0.0,1,-13.7,0,0,12243.0,38.1590590,-122.4533360,6552.8,21498.7,0,0,0
1044.00,0.0,0.0,12243,0.0,1,-13.7,0,0,12243.0,38.1590590,-122.4533360,6552.8,21498.7,0,0,0
1044.10,0.0,0.0,12243,0.0,1,-13.7,0,0,12243.0,38.1590590,-122.4533360,6552.8,21498.7,0,0,0
1044.20,0.0,0.0,12243,0.0,1,-13.7,0,0,12243.0,38.1590590,-122.4533360,6552.8,21498.7,0,0,0
1044.30,0.0,0.0,12243,0.0,1,-13.7,0,0,12243.0,38.1590590,-122.4533360,6552.8,21498.7,0,0,0
1044.40,0.0,0.0,12243,0.0,1,-13.7,0,0,12243.0,38.1590590,-122.4533360,6552.8,21498.7,0,0,0
1044.50,0.0,0.0,12243,0.0,1,-13.7,0,0,12243.0,38.1590590,-122.4533360,6552.8,21498.7,0,0,0
1044.60,0.0,0.0,12243,0.0,1,-13.7,0,0,12243.0,38.1590590,-122.4533360,6552.8,21498.7,0,0,0
1044.70,0.0,0.0,12243,0.0,1,-13.7,0,0,12243.0,38.1590590,-122.4533360,6552.8,21498.7,0,0,0
1044.80,0.0,0.0,12243,0.0,1,-13.7,0,0,12243.0,38.1590590,-122.4533360,6552.6,21498.0,0,0,0
1044.90,0.0,0.0,12243,0.0,1,-13.7,0,0,12243.0,38.1590590,-122.4533360,6552.6,21498.0,0,0,0
1045.00,0.0,0.0,12243,0.0,1,-13.7,0,0,12243.0,38.1590590,-122.4533350,6552.6,21498.0,0,0,0
1045.10,0.0,0.0,12243,0.0,1,-13.7,0,0,12243.0,38.1590590,-122.4533350,6552.6,21498.0,0,0,0
1045.20,0.0,0.0,12243,0.0,1,-13.7,0,0,12243.0,38.1590590,-122.4533360,6552.6,21498.0,0,0,0
1045.30,0.0,0.0,12243,0.0,1,-13.7,0,0,12243.0,38.1590590,-122.4533360,6552.6,21498.0,0,0,0
1045.40,0.0,0.0,12243,0.0,1,-13.7,0,0,12243.0,38.1590590,-122.4533360,6552.6,21498.0,0,0,0
1045.50,0.0,0.0,12243,0.0,1,-13.7,0,0,12243.0,38.1590590,-122.4533360,6552.6,21498.0,0,0,0
1045.60,0.0,0.0,12243,0.0,1,-13.7,0,0,12243.0,38.1590590,-122.4533360,6552.6,21498.0,0,0,0
1045.70,0.0,0.0,12243,0.0,1,-13.7,0,0,12243.0,38.1590590,-122.4533360,6552.6,21498.0,0,0,0
1045.80,0.0,0.0,12243,0.0,1,-13.7,0,0,12243.0,38.1590590,-122.4533360,6552.6,21498.0,0,0,0
1045.90,0.0,0.0,12243,0.0,1,-13.7,0,0,12243.0,38.1590590,-122.4533360,6552.6,21498.0,0,0,0
1046.00,0.0,0.0,12243,0.0,1,-13.7,0,0,12243.0,38.1590590,-122.4533360,6552.6,21498.0,0,0,0
1046.10,0.0,0.0,12243,0.0,1,-13.7,0,0,12243.0,38.1590590,-122.4533360,6552.6,21498.0,0,0,0
1046.20,0.0,0.0,12243,0.0,1,-13.7,0,0,12243.0,38.1590590,-122.4533360,6552.6,21498.0,0,0,0
1046.30,0.0,0.0,12243,0.0,1,-13.7,0,0,12243.0,38.1590590,-122.4533370,6552.6,21498.0,0,0,0
1046.40,0.0,0.0,12243,0.0,1,-13.7,0,0,12243.0,38.1590590,-122.4533370,6552.6,21498.0,0,0,0
1046.50,0.0,0.0,12243,0.0,1,-13.7,0,0,12243.0,38.1590590,-122.4533370,6552.6,21498.0,0,0,0
1046.60,0.0,0.0,12243,0.0,1,-13.7,0,0,12243.0,38.1590590,-122.4533370,6552.6,21498.0,0,0,0
1046.70,0.0,0.0,12243,0.0,1,-13.7,0,0,12243.0,38.1590590,-122.4533370,6552.6,21498.0,0,0,0
1046.80,0.0,0.0,12243,0.0,1,-13.7,0,0,12243.0,38.1590590,-122.4533370,6552.5,21497.7,0,0,0
1046.90,0.0,0.0,12243,0.0,1,-13.7,0,0,12243.0,38.1590590,-122.4533370,6552.5,21497.7,0,0,0
1047.00,0.0,0.0,12243,0.0,1,-13.7,0,0,12243.0,38.1590590,-122.4533370,6552.5,21497.7,0,0,0
1047.10,0.0,0.0,12243,0.0,1,-13.7,0,0,12243.0,38.1590590,-122.4533370,6552.5,21497.7,0,0,0
1047.20,0.0,0.0,12243,0.0,1,-13.7,0,0,12243.0,38.1590590,-122.4533370,6552.5,21497.7,0,0,0
1047.30,0.0,0.0,12243,0.0,1,-13.7,0,0,12243.0,38.1590590,-122.4533370,6552.5,21497.7,0,0,0
1047.40,0.0,0.0,12243,0.0,1,-13.7,0,0,12243.0,38.1590590,-122.4533370,6552.5,21497.7,0,0,0
1047.50,0.0,0.0,12243,0.0,1,-13.7,0,0,12243.0,38.1590590,-122.4533370,6552.5,21497.7,0,0,0
1047.60,0.0,0.0,12243,0.0,1,-13.7,0,0,12243.0,38.1590590,-122.4533370,6552.5,21497.7,0,0,0
1047.70,0.0,0.0,12243,0.0,1,-13.7,0,0,12243.0,38.1590590,-122.4533370,6552.5,21497.7,0,0,0
1047.80,0.0,0.0,12243,0.0,1,-13.7,0,0,12243.0,38.1590590,-122.4533370,6552.5,21497.7,0,0,0
1047.90,0.0,0.0,12243,0.0,1,-13.7,0,0,12243.0,38.1590590,-122.4533380,6552.5,21497.7,0,0,0
1048.00,0.0,0.0,12243,0.0,1,-13.7,0,0,12243.0,38.1590590,-122.4533380,6552.5,21497.7,0,0,0
1048.10,0.0,0.0,12243,0.0,1,-13.7,0,0,12243.0,38.1590590,-122.4533380,6552.5,21497.7,0,0,0
1048.20,0.0,0.0,12243,0.0,1,-13.7,0,0,12243.0,38.1590590,-122.4533380,6552.5,21497.7,0,0,0
1048.30,0.0,0.0,12243,0.0,1,-13.7,0,0,12243.0,38.1590590,-122.4533380,6552.5,21497.7,0,0,0
1048.40,0.0,0.0,12243,0.0,1,-13.7,0,0,12243.0,38.1590590,-122.4533380,6552.5,21497.7,0,0,0
1048.50,0.0,0.0,12243,0.0,1,-13.7,0,0,12243.0,38.1590590,-122.4533380,6552.5,21497.7,0,0,0
1048.60,0.0,0.0,12243,0.0,1,-13.7,0,0,12243.0,38.1590590,-122.4533380,6552.5,21497.7,0,0,0
1048.70,0.0,0.0,12243,0.0,1,-13.7,0,0,12243.0,38.1590590,-122.4533380,6552.5,21497.7,0,0,0
1048.80,0.0,0.0,12243,0.0,1,-13.7,0,0,12243.0,38.1590590,-122.4533380,6552.5,21497.7,0,0,0
1048.90,0.0,0.0,12243,0.0,1,-13.7,0,0,12243.0,38.1590590,-122.4533380,6552.5,21497.7,0,0,0
1049.00,0.0,0.0,12243,0.0,1,-13.7,0,0,12243.0,38.1590590,-122.4533380,6552.5,21497.7,0,0,0
1049.10,0.0,0.0,12243,0.0,1,-13.7,0,0,12243.0,38.1590590,-122.4533380,6552.5,21497.7,0,0,0
1049.20,0.0,0.0,12243,0.0,1,-13.7,0,0,12243.0,38.1590590,-122.4533390,6552.5,21497.7,0,0,0
1049.30,0.0,0.0,12243,0.0,1,-13.7,0,0,12243.0,38.1590590,-122.4533390,6552.5,21497.7,0,0,0
1049.40,0.0,0.0,12243,0.0,1,-13.7,0,0,12243.0,38.1590590,-122.4533390,6552.5,21497.7,0,0,0
1049.50,0.0,0.0,12243,0.0,1,-13.7,0,0,12243.0,38.1590590,-122.4533390,6552.5,21497.7,0,0,0
1049.60,0.0,0.0,12243,0.0,1,-13.7,0,0,12243.0,38.1590590,-122.4533390,6552.5,21497.7,0,0,0
1049.70,0.0,0.0,12243,0.0,1,-13.7,0,0,12243.0,38.1590590,-122.4533390,6552.5,21497.7,0,0,0
1049.80,0.0,0.0,12243,0.0,1,-13.7,0,0,12243.0,38.1590590,-122.4533390,6552.3,21497.0,0,0,0
1049.90,0.0,0.0,12243,0.0,1,-13.7,0,0,12243.0,38.1590590,-122.4533390,6552.3,21497.0,0,0,0
1050.00,0.0,0.0,12243,0.0,1,-13.7,0,0,12243.0,38.1590590,-122.4533390,6552.3,21497.0,0,0,0
1050.10,0.0,0.0,12243,0.0,1,-13.7,0,0,12243.0,38.1590590,-122.4533390,6552.3,21497.0,0,0,0
1050.20,0.0,0.0,12243,0.0,1,-13.7,0,0,12243.0,38.1590590,-122.4533390,6552.3,21497.0,0,0,0
1050.30,0.0,0.0,12243,0.0,1,-13.7,0,0,12243.0,38.1590590,-122.4533390,6552.3,21497.0,0,0,0
1050.40,0.0,0.0,12243,0.0,1,-13.7,0,0,12243.0,38.1590590,-122.4533390,6552.3,21497.0,0,0,0
1050.50,0.0,0.0,12243,0.0,1,-13.7,0,0,12243.0,38.1590590,-122.4533390,6552.3,21497.0,0,0,0
1050.60,0.0,0.0,12243,0.0,1,-13.7,0,0,12243.0,38.1590590,-122.4533390,6552.3,21497.0,0,0,0
1050.70,0.0,0.0,12243,0.0,1,-13.7,0,0,12243.0,38.1590590,-122.4533390,6552.3,21497.0,0,0,0
1050.80,0.0,0.0,12243,0.0,1,-13.7,0,0,12243.0,38.1590600,-122.4533390,6552.2,21496.7,0,0,0
1050.90,0.0,0.0,12243,0.0,1,-13.7,0,0,12243.0,38.1590600,-122.4533400,6552.2,21496.7,0,0,0
1051.00,0.0,0.0,12243,0.0,1,-13.7,0,0,12243.0,38.1590600,-122.4533400,6552.2,21496.7,0,0,0
1051.10,0.0,0.0,12243,0.0,1,-13.7,0,0,12243.0,38.1590600,-122.4533400,6552.2,21496.7,0,0,0
1051.20,0.0,0.0,12243,0.0,1,-13.7,0,0,12243.0,38.1590600,-122.4533400,6552.2,21496.7,0,0,0
1051.30,0.0,0.0,12243,0.0,1,-13.7,0,0,12243.0,38.1590600,-122.4533400,6552.2,21496.7,0,0,0
1051.40,0.0,0.0,12243,0.0,1,-13.7,0,0,12243.0,38.1590600,-122.4533400,6552.2,21496.7,0,0,0
1051.50,0.0,0.0,12243,0.0,1,-13.7,0,0,12243.0,38.1590600,-122.4533400,6552.2,21496.7,0,0,0
1051.60,0.0,0.0,12243,0.0,1,-13.7,0,0,12243.0,38.1590600,-122.4533400,6552.2,21496.7,0,0,0
1051.70,0.0,0.0,12243,0.0,1,-13.7,0,0,12243.0,38.1590600,-122.4533400,6552.2,21496.7,0,0,0
1051.80,0.0,0.0,12243,0.0,1,-13.7,0,0,12243.0,38.1590600,-122.4533400,6552.3,21497.0,0,0,0
1051.90,0.0,0.0,12243,0.0,1,-13.7,0,0,12243.0,38.1590600,-122.4533400,6552.3,21497.0,0,0,0
1052.00,0.0,0.0,12243,0.0,1,-13.7,0,0,12243.0,38.1590600,-122.4533400,6552.3,21497.0,0,0,0
1052.10,0.0,0.0,12243,0.0,1,-13.7,0,0,12243.0,38.1590600,-122.4533400,6552.3,21497.0,0,0,0
1052.20,0.0,0.0,12243,0.0,1,-13.7,0,0,12243.0,38.1590600,-122.4533400,6552.3,21497.0,0,0,0
1052.30,0.0,0.0,12243,0.0,1,-13.7,0,0,12243.0,38.1590610,-122.4533400,6552.3,21497.0,0,0,0
1052.40,0.0,0.0,12243,0.0,1,-13.7,0,0,12243.0,38.1590610,-122.4533410,6552.3,21497.0,0,0,0
1052.50,0.0,0.0,12243,0.0,1,-13.7,0,0,12243.0,38.1590610,-122.4533410,6552.3,21497.0,0,0,0
1052.60,0.0,0.0,12243,0.0,1,-13.7,0,0,12243.0,38.1590610,-122.4533410,6552.3,21497.0,0,0,0
1052.70,0.0,0.0,12243,0.0,1,-13.7,0,0,12243.0,38.1590610,-122.4533410,6552.3,21497.0,0,0,0
1052.80,0.0,0.0,12243,0.0,1,-13.7,0,0,12243.0,38.1590610,-122.4533410,6552.4,21497.4,0,0,0
1052.90,0.0,0.0,12243,0.0,1,-13.7,0,0,12243.0,38.1590610,-122.4533410,6552.4,21497.4,0,0,0
1053.00,0.0,0.0,12243,0.0,1,-13.7,0,0,12243.0,38.1590620,-122.4533410,6552.4,21497.4,0,0,0
1053.10,0.0,0.0,12243,0.0,1,-13.7,0,0,12243.0,38.1590620,-122.4533410,6552.4,21497.4,0,0,0
1053.20,0.0,0.0,12243,0.0,1,-13.7,0,0,12243.0,38.1590620,-122.4533410,6552.4,21497.4,0,0,0
1053.30,0.0,0.0,12243,0.0,1,-13.7,0,0,12243.0,38.1590620,-122.4533410,6552.4,21497.4,0,0,0
1053.40,0.0,0.0,12243,0.0,1,-13.7,0,0,12243.0,38.1590620,-122.4533410,6552.4,21497.4,0,0,0
1053.50,0.0,0.0,12243,0.0,1,-13.7,0,0,12243.0,38.1590620,-122.4533410,6552.4,21497.4,0,0,0
1053.60,0.0,0.0,12243,0.0,1,-13.7,0,0,12243.0,38.1590620,-122.4533410,6552.4,21497.4,0,0,0
1053.70,0.0,0.0,12243,0.0,1,-13.7,0,0,12243.0,38.1590620,-122.4533410,6552.4,21497.4,0,0,0
1053.80,0.0,0.0,12243,0.0,1,-13.7,0,0,12243.0,38.1590620,-122.4533410,6552.6,21498.0,0,0,0
1053.90,0.0,0.0,12243,0.0,1,-13.7,0,0,12243.0,38.1590620,-122.4533410,6552.6,21498.0,0,0,0
1054.00,0.0,0.0,12243,0.0,1,-13.7,0,0,12243.0,38.1590620,-122.4533410,6552.6,21498.0,0,0,0
1054.10,0.0,0.0,12243,0.0,1,-13.7,0,0,12243.0,38.1590620,-122.4533400,6552.6,21498.0,0,0,0
1054.20,0.0,0.0,12243,0.0,1,-13.7,0,0,12243.0,38.1590620,-122.4533400,6552.6,21498.0,0,0,0
1054.30,0.0,0.0,12243,0.0,1,-13.7,0,0,12243.0,38.1590620,-122.4533400,6552.6,21498.0,0,0,0
1054.40,0.0,0.0,12243,0.0,1,-13.7,0,0,12243.0,38.1590620,-122.4533400,6552.6,21498.0,0,0,0
1054.50,0.0,0.0,12243,0.0,1,-13.7,0,0,12243.0,38.1590620,-122.4533400,6552.6,21498.0,0,0,0
1054.60,0.0,0.0,12243,0.0,1,-13.7,0,0,12243.0,38.1590620,-122.4533400,6552.6,21498.0,0,0,0
1054.70,0.0,0.0,12243,0.0,1,-13.7,0,0,12243.0,38.1590630,-122.4533400,6552.6,21498.0,0,0,0
1054.80,0.0,0.0,12243,0.0,1,-13.7,0,0,12243.0,38.1590630,-122.4533400,6552.7,21498.4,0,0,0
1054.90,0.0,0.0,12243,0.0,1,-13.7,0,0,12243.0,38.1590630,-122.4533400,6552.7,21498.4,0,0,0
1055.00,0.0,0.0,12243,0.0,1,-13.7,0,0,12243.0,38.1590630,-122.4533400,6552.7,21498.4,0,0,0
1055.10,0.0,0.0,12243,0.0,1,-13.7,0,0,12243.0,38.1590630,-122.4533400,6552.7,21498.4,0,0,0
1055.20,0.0,0.0,12243,0.0,1,-13.7,0,0,12243.0,38.1590630,-122.4533400,6552.7,21498.4,0,0,0
1055.30,0.0,0.0,12243,0.0,1,-13.7,0,0,12243.0,38.1590630,-122.4533400,6552.7,21498.4,0,0,0
1055.40,0.0,0.0,12243,0.0,1,-13.7,0,0,12243.0,38.1590630,-122.4533390,6552.7,21498.4,0,0,0
1055.50,0.0,0.0,12243,0.0,1,-13.7,0,0,12243.0,38.1590630,-122.4533390,6552.7,21498.4,0,0,0
1055.60,0.0,0.0,12243,0.0,1,-13.7,0,0,12243.0,38.1590630,-122.4533390,6552.7,21498.4,0,0,0
1055.70,0.0,0.0,12243,0.0,1,-13.7,0,0,12243.0,38.1590630,-122.4533390,6552.7,21498.4,0,0,0
1055.80,0.0,0.0,12243,0.0,1,-13.7,0,0,12243.0,38.1590630,-122.4533390,6552.8,21498.7,0,0,0
1055.90,0.0,0.0,12243,0.0,1,-13.7,0,0,12243.0,38.1590630,-122.4533390,6552.8,21498.7,0,0,0
1056.00,0.0,0.0,12243,0.0,1,-13.7,0,0,12243.0,38.1590630,-122.4533390,6552.8,21498.7,0,0,0
1056.10,0.0,0.0,12243,0.0,1,-13.7,0,0,12243.0,38.1590630,-122.4533390,6552.8,21498.7,0,0,0
1056.20,0.0,0.0,12243,0.0,1,-13.7,0,0,12243.0,38.1590630,-122.4533390,6552.8,21498.7,0,0,0
1056.30,0.0,0.0,12243,0.0,1,-13.7,0,0,12243.0,38.1590630,-122.4533390,6552.8,21498.7,0,0,0
1056.40,0.0,0.0,12243,0.0,1,-13.7,0,0,12243.0,38.1590630,-122.4533380,6552.8,21498.7,0,0,0
1056.50,0.0,0.0,12243,0.0,1,-13.7,0,0,12243.0,38.1590630,-122.4533380,6552.8,21498.7,0,0,0
1056.60,0.0,0.0,12243,0.0,1,-13.7,0,0,12243.0,38.1590630,-122.4533380,6552.8,21498.7,0,0,0
1056.70,0.0,0.0,12243,0.0,1,-13.7,0,0,12243.0,38.1590630,-122.4533380,6552.8,21498.7,0,0,0
1056.80,0.0,0.0,12243,0.0,1,-13.7,0,0,12243.0,38.1590630,-122.4533380,6552.8,21498.7,0,0,0
1056.90,0.0,0.0,12243,0.0,1,-13.7,0,0,12243.0,38.1590630,-122.4533380,6552.8,21498.7,0,0,0
1057.00,0.0,0.0,12243,0.0,1,-13.7,0,0,12243.0,38.1590630,-122.4533380,6552.8,21498.7,0,0,0
1057.10,0.0,0.0,12243,0.0,1,-13.7,0,0,12243.0,38.1590630,-122.4533380,6552.8,21498.7,0,0,0
1057.20,0.0,0.0,12243,0.0,1,-13.7,0,0,12243.0,38.1590630,-122.4533380,6552.8,21498.7,0,0,0
1057.30,0.0,0.0,12243,0.0,1,-13.7,0,0,12243.0,38.1590630,-122.4533380,6552.8,21498.7,0,0,0
1057.40,0.0,0.0,12243,0.0,1,-13.7,0,0,12243.0,38.1590630,-122.4533380,6552.8,21498.7,0,0,0
1057.50,0.0,0.0,12243,0.0,1,-13.7,0,0,12243.0,38.1590630,-122.4533380,6552.8,21498.7,0,0,0
1057.60,0.0,0.0,12243,0.0,1,-13.7,0,0,12243.0,38.1590630,-122.4533380,6552.8,21498.7,0,0,0
1057.70,0.0,0.0,12243,0.0,1,-13.7,0,0,12243.0,38.1590630,-122.4533380,6552.8,21498.7,0,0,0
1057.80,0.0,0.0,12243,0.0,1,-13.7,0,0,12243.0,38.1590630,-122.4533380,6552.8,21498.7,0,0,0
1057.90,0.0,0.0,12243,0.0,1,-13.7,0,0,12243.0,38.1590630,-122.4533380,6552.8,21498.7,0,0,0
1058.00,0.0,0.0,12243,0.0,1,-13.7,0,0,12243.0,38.1590630,-122.4533380,6552.8,21498.7,0,0,0
1058.10,0.0,0.0,12243,0.0,1,-13.7,0,0,12243.0,38.1590630,-122.4533380,6552.8,21498.7,0,0,0
1058.20,0.0,0.0,12243,0.0,1,-13.7,0,0,12243.0,38.1590630,-122.4533380,6552.8,21498.7,0,0,0
1058.30,0.0,0.0,12243,0.0,1,-13.7,0,0,12243.0,38.1590620,-122.4533380,6552.8,21498.7,0,0,0
1058.40,0.0,0.0,12243,0.0,1,-13.7,0,0,12243.0,38.1590620,-122.4533370,6552.8,21498.7,0,0,0
1058.50,0.0,0.0,12243,0.0,1,-13.7,0,0,12243.0,38.1590620,-122.4533380,6552.8,21498.7,0,0,0
1058.60,0.0,0.0,12243,0.0,1,-13.7,0,0,12243.0,38.1590630,-122.4533380,6552.8,21498.7,0,0,0
1058.70,0.0,0.0,12243,0.0,1,-13.7,0,0,12243.0,38.1590620,-122.4533370,6552.8,21498.7,0,0,0
1058.80,0.0,0.0,12243,0.0,1,-13.7,0,0,12243.0,38.1590620,-122.4533370,6553.0,21499.3,0,0,0
1058.90,0.0,0.0,12243,0.0,1,-13.7,0,0,12243.0,38.1590620,-122.4533370,6553.0,21499.3,0,0,0
1059.00,0.0,0.0,12243,0.0,1,-13.7,0,0,12243.0,38.1590620,-122.4533370,6553.0,21499.3,0,0,0
1059.10,0.0,0.0,12243,0.0,1,-13.7,0,0,12243.0,38.1590620,-122.4533370,6553.0,21499.3,0,0,0
1059.20,0.0,0.0,12243,0.0,1,-13.7,0,0,12243.0,38.1590620,-122.4533370,6553.0,21499.3,0,0,0
1059.30,0.0,0.0,12243,0.0,1,-13.7,0,0,12243.0,38.1590620,-122.4533370,6553.0,21499.3,0,0,0
1059.40,0.0,0.0,12243,0.0,1,-13.7,0,0,12243.0,38.1590620,-122.4533370,6553.0,21499.3,0,0,0
1059.50,0.0,0.0,12243,0.0,1,-13.7,0,0,12243.0,38.1590620,-122.4533380,6553.0,21499.3,0,0,0
1059.60,0.0,0.0,12243,0.0,1,-13.7,0,0,12243.0,38.1590630,-122.4533380,6553.0,21499.3,0,0,0
1059.70,0.0,0.0,12243,0.0,1,-13.7,0,0,12243.0,38.1590630,-122.4533380,6553.0,21499.3,0,0,0
1059.80,0.0,0.0,12243,0.0,1,-13.7,0,0,12243.0,38.1590630,-122.4533380,6553.0,21499.3,0,0,0
1059.90,0.0,0.0,12243,0.0,1,-13.7,0,0,12243.0,38.1590630,-122.4533380,6553.0,21499.3,0,0,0
1060.00,0.0,0.0,12243,0.0,1,-13.7,0,0,12243.0,38.1590630,-122.4533380,6553.0,21499.3,0,0,0
1060.10,0.0,0.0,12243,0.0,1,-13.7,0,0,12243.0,38.1590630,-122.4533380,6553.0,21499.3,0,0,0
1060.20,0.0,0.0,12243,0.0,1,-13.7,0,0,12243.0,38.1590630,-122.4533380,6553.0,21499.3,0,0,0
1060.30,0.0,0.0,12243,0.0,1,-13.7,0,0,12243.0,38.1590630,-122.4533380,6553.0,21499.3,0,0,0
1060.40,0.0,0.0,12243,0.0,1,-13.7,0,0,12243.0,38.1590640,-122.4533380,6553.0,21499.3,0,0,0
1060.50,0.0,0.0,12243,0.0,1,-13.7,0,0,12243.0,38.1590640,-122.4533380,6553.0,21499.3,0,0,0
1060.60,0.0,0.0,12243,0.0,1,-13.7,0,0,12243.0,38.1590640,-122.4533380,6553.0,21499.3,0,0,0
1060.70,0.0,0.0,12243,0.0,1,-13.7,0,0,12243.0,38.1590640,-122.4533380,6553.0,21499.3,0,0,0
1060.80,0.0,0.0,12243,0.0,1,-13.7,0,0,12243.0,38.1590640,-122.4533380,6553.2,21500.0,0,0,0
1060.90,0.0,0.0,12243,0.0,1,-13.7,0,0,12243.0,38.1590640,-122.4533380,6553.2,21500.0,0,0,0
1061.00,0.0,0.0,12243,0.0,1,-13.7,0,0,12243.0,38.1590640,-122.4533380,6553.2,21500.0,0,0,0
1061.10,0.0,0.0,12243,0.0,1,-13.7,0,0,12243.0,38.1590640,-122.4533380,6553.2,21500.0,0,0,0
1061.20,0.0,0.0,12243,0.0,1,-13.7,0,0,12243.0,38.1590640,-122.4533380,6553.2,21500.0,0,0,0
1061.30,0.0,0.0,12243,0.0,1,-13.7,0,0,12243.0,38.1590640,-122.4533380,6553.2,21500.0,0,0,0
1061.40,0.0,0.0,12243,0.0,1,-13.7,0,0,12243.0,38.1590640,-122.4533380,6553.2,21500.0,0,0,0
1061.50,0.0,0.0,12243,0.0,1,-13.7,0,0,12243.0,38.1590640,-122.4533380,6553.2,21500.0,0,0,0
1061.60,0.0,0.0,12243,0.0,1,-13.7,0,0,12243.0,38.1590640,-122.4533380,6553.2,21500.0,0,0,0
1061.70,0.0,0.0,12243,0.0,1,-13.7,0,0,12243.0,38.1590640,-122.4533380,6553.2,21500.0,0,0,0
1061.80,0.0,0.0,12243,0.0,1,-13.7,0,0,12243.0,38.1590640,-122.4533380,6553.2,21500.0,0,0,0
1061.90,0.0,0.0,12243,0.0,1,-13.7,0,0,12243.0,38.1590640,-122.4533380,6553.2,21500.0,0,0,0
1062.00,0.0,0.0,12243,0.0,1,-13.7,0,0,12243.0,38.1590630,-122.4533380,6553.2,21500.0,0,0,0
1062.10,0.0,0.0,12243,0.0,1,-13.7,0,0,12243.0,38.1590630,-122.4533380,6553.2,21500.0,0,0,0
1062.20,0.0,0.0,12243,0.0,1,-13.7,0,0,12243.0,38.1590640,-122.4533380,6553.2,21500.0,0,0,0
1062.30,0.0,0.0,12243,0.0,1,-13.7,0,0,12243.0,38.1590640,-122.4533380,6553.2,21500.0,0,0,0
1062.40,0.0,0.0,12243,0.0,1,-13.7,0,0,12243.0,38.1590640,-122.4533380,6553.2,21500.0,0,0,0
1062.50,0.0,0.0,12243,0.0,1,-13.7,0,0,12243.0,38.1590640,-122.4533380,6553.2,21500.0,0,0,0
1062.60,0.0,0.0,12243,0.0,1,-13.7,0,0,12243.0,38.1590640,-122.4533380,6553.2,21500.0,0,0,0
1062.70,0.0,0.0,12243,0.0,1,-13.7,0,0,12243.0,38.1590640,-122.4533380,6553.2,21500.0,0,0,0
1062.80,0.0,0.0,12243,0.0,1,-13.7,0,0,12243.0,38.1590640,-122.4533380,6553.5,21501.0,0,0,0
1062.90,0.0,0.0,12243,0.0,1,-13.7,0,0,12243.0,38.1590640,-122.4533380,6553.5,21501.0,0,0,0
1063.00,0.0,0.0,12243,0.0,1,-13.7,0,0,12243.0,38.1590640,-122.4533380,6553.5,21501.0,0,0,0
1063.10,0.0,0.0,12243,0.0,1,-13.7,0,0,12243.0,38.1590640,-122.4533380,6553.5,21501.0,0,0,0
1063.20,0.0,0.0,12243,0.0,1,-13.7,0,0,12243.0,38.1590640,-122.4533380,6553.5,21501.0,0,0,0
1063.30,0.0,0.0,12243,0.0,1,-13.7,0,0,12243.0,38.1590640,-122.4533380,6553.5,21501.0,0,0,0
1063.40,0.0,0.0,12243,0.0,1,-13.7,0,0,12243.0,38.1590640,-122.4533370,6553.5,21501.0,0,0,0
1063.50,0.0,0.0,12243,0.0,1,-13.7,0,0,12243.0,38.1590640,-122.4533370,6553.5,21501.0,0,0,0
1063.60,0.0,0.0,12243,0.0,1,-13.7,0,0,12243.0,38.1590640,-122.4533370,6553.5,21501.0,0,0,0
1063.70,0.0,0.0,12243,0.0,1,-13.7,0,0,12243.0,38.1590630,-122.4533370,6553.5,21501.0,0,0,0
1063.80,0.0,0.0,12243,0.0,1,-13.7,0,0,12243.0,38.1590630,-122.4533370,6553.4,21500.7,0,0,0
1063.90,0.0,0.0,12243,0.0,1,-13.7,0,0,12243.0,38.1590630,-122.4533370,6553.4,21500.7,0,0,0
1064.00,0.0,0.0,12243,0.0,1,-13.7,0,0,12243.0,38.1590630,-122.4533370,6553.4,21500.7,0,0,0
1064.10,0.0,0.0,12243,0.0,1,-13.7,0,0,12243.0,38.1590630,-122.4533370,6553.4,21500.7,0,0,0
1064.20,0.0,0.0,12243,0.0,1,-13.7,0,0,12243.0,38.1590630,-122.4533370,6553.4,21500.7,0,0,0
1064.30,0.0,0.0,12243,0.0,1,-13.7,0,0,12243.0,38.1590630,-122.4533370,6553.4,21500.7,0,0,0
1064.40,0.0,0.0,12243,0.0,1,-13.7,0,0,12243.0,38.1590640,-122.4533370,6553.4,21500.7,0,0,0
1064.50,0.0,0.0,12243,0.0,1,-13.7,0,0,12243.0,38.1590630,-122.4533370,6553.4,21500.7,0,0,0
1064.60,0.0,0.0,12243,0.0,1,-13.7,0,0,12243.0,38.1590640,-122.4533370,6553.4,21500.7,0,0,0
1064.70,0.0,0.0,12243,0.0,1,-13.7,0,0,12243.0,38.1590630,-122.4533370,6553.4,21500.7,0,0,0
1064.80,0.0,0.0,12243,0.0,1,-13.7,0,0,12243.0,38.1590640,-122.4533370,6553.5,21501.0,0,0,0
1064.90,0.0,0.0,12243,0.0,1,-13.7,0,0,12243.0,38.1590640,-122.4533370,6553.5,21501.0,0,0,0
1065.00,0.0,0.0,12243,0.0,1,-13.7,0,0,12243.0,38.1590640,-122.4533370,6553.5,21501.0,0,0,0
1065.10,0.0,0.0,12243,0.0,1,-13.7,0,0,12243.0,38.1590640,-122.4533370,6553.5,21501.0,0,0,0
1065.20,0.0,0.0,12243,0.0,1,-13.7,0,0,12243.0,38.1590640,-122.4533370,6553.5,21501.0,0,0,0
1065.30,0.0,0.0,12243,0.0,1,-13.7,0,0,12243.0,38.1590640,-122.4533370,6553.5,21501.0,0,0,0
1065.40,0.0,0.0,12243,0.0,1,-13.7,0,0,12243.0,38.1590640,-122.4533370,6553.5,21501.0,0,0,0
1065.50,0.0,0.0,12243,0.0,1,-13.7,0,0,12243.0,38.1590640,-122.4533370,6553.5,21501.0,0,0,0
1065.60,0.0,0.0,12243,0.0,1,-13.7,0,0,12243.0,38.1590640,-122.4533370,6553.5,21501.0,0,0,0
1065.70,0.0,0.0,12243,0.0,1,-13.7,0,0,12243.0,38.1590640,-122.4533370,6553.5,21501.0,0,0,0
1065.80,0.0,0.0,12243,0.0,1,-13.7,0,0,12243.0,38.1590640,-122.4533360,6553.5,21501.0,0,0,0
1065.90,0.0,0.0,12243,0.0,1,-13.7,0,0,12243.0,38.1590640,-122.4533360,6553.5,21501.0,0,0,0
1066.00,0.0,0.0,12243,0.0,1,-13.7,0,0,12243.0,38.1590640,-122.4533360,6553.5,21501.0,0,0,0
1066.10,0.0,0.0,12243,0.0,1,-13.7,0,0,12243.0,38.1590640,-122.4533360,6553.5,21501.0,0,0,0
1066.20,0.0,0.0,12243,0.0,1,-13.7,0,0,12243.0,38.1590640,-122.4533360,6553.5,21501.0,0,0,0
1066.30,0.0,0.0,12243,0.0,1,-13.7,0,0,12243.0,38.1590650,-122.4533360,6553.5,21501.0,0,0,0
1066.40,0.0,0.0,12243,0.0,1,-13.7,0,0,12243.0,38.1590650,-122.4533360,6553.5,21501.0,0,0,0
1066.50,0.0,0.0,12243,0.0,1,-13.7,0,0,12243.0,38.1590650,-122.4533360,6553.5,21501.0,0,0,0
1066.60,0.0,0.0,12243,0.0,1,-13.7,0,0,12243.0,38.1590650,-122.4533360,6553.5,21501.0,0,0,0
1066.70,0.0,0.0,12243,0.0,1,-13.7,0,0,12243.0,38.1590650,-122.4533360,6553.5,21501.0,0,0,0
1066.80,0.0,0.0,12243,0.0,1,-13.7,0,0,12243.0,38.1590650,-122.4533360,6553.5,21501.0,0,0,0
1066.90,0.0,0.0,12243,0.0,1,-13.7,0,0,12243.0,38.1590650,-122.4533360,6553.5,21501.0,0,0,0
1067.00,0.0,0.0,12243,0.0,1,-13.7,0,0,12243.0,38.1590650,-122.4533370,6553.5,21501.0,0,0,0
1067.10,0.0,0.0,12243,0.0,1,-13.7,0,0,12243.0,38.1590650,-122.4533360,6553.5,21501.0,0,0,0
1067.20,0.0,0.0,12243,0.0,1,-13.7,0,0,12243.0,38.1590650,-122.4533370,6553.5,21501.0,0,0,0
1067.30,0.0,0.0,12243,0.0,1,-13.7,0,0,12243.0,38.1590650,-122.4533370,6553.5,21501.0,0,0,0
1067.40,0.0,0.0,12243,0.0,1,-13.7,0,0,12243.0,38.1590650,-122.4533370,6553.5,21501.0,0,0,0
1067.50,0.0,0.0,12243,0.0,1,-13.7,0,0,12243.0,38.1590660,-122.4533370,6553.5,21501.0,0,0,0
1067.60,0.0,0.0,12243,0.0,1,-13.7,0,0,12243.0,38.1590650,-122.4533360,6553.5,21501.0,0,0,0
1067.70,0.0,0.0,12243,0.0,1,-13.7,0,0,12243.0,38.1590650,-122.4533360,6553.5,21501.0,0,0,0
1067.80,0.0,0.0,12243,0.0,1,-13.7,0,0,12243.0,38.1590650,-122.4533360,6553.4,21500.7,0,0,0
1067.90,0.0,0.0,12243,0.0,1,-13.7,0,0,12243.0,38.1590650,-122.4533360,6553.4,21500.7,0,0,0
1068.00,0.0,0.0,12243,0.0,1,-13.7,0,0,12243.0,38.1590660,-122.4533360,6553.4,21500.7,0,0,0
1068.10,0.0,0.0,12243,0.0,1,-13.7,0,0,12243.0,38.1590660,-122.4533360,6553.4,21500.7,0,0,0
1068.20,0.0,0.0,12243,0.0,1,-13.7,0,0,12243.0,38.1590660,-122.4533360,6553.4,21500.7,0,0,0
1068.30,0.0,0.0,12243,0.0,1,-13.7,0,0,12243.0,38.1590660,-122.4533360,6553.4,21500.7,0,0,0
1068.40,0.0,0.0,12243,0.0,1,-13.7,0,0,12243.0,38.1590660,-122.4533360,6553.4,21500.7,0,0,0
1068.50,0.0,0.0,12243,0.0,1,-13.7,0,0,12243.0,38.1590660,-122.4533360,6553.4,21500.7,0,0,0
1068.60,0.0,0.0,12243,0.0,1,-13.7,0,0,12243.0,38.1590660,-122.4533360,6553.4,21500.7,0,0,0
1068.70,0.0,0.0,12243,0.0,1,-13.7,0,0,12243.0,38.1590660,-122.4533360,6553.4,21500.7,0,0,0
1068.80,0.0,0.0,12243,0.0,1,-13.7,0,0,12243.0,38.1590660,-122.4533360,6553.3,21500.3,0,0,0
1068.90,0.0,0.0,12243,0.0,1,-13.7,0,0,12243.0,38.1590660,-122.4533370,6553.3,21500.3,0,0,0
1069.00,0.0,0.0,12243,0.0,1,-13.7,0,0,12243.0,38.1590660,-122.4533370,6553.3,21500.3,0,0,0
1069.10,0.0,0.0,12243,0.0,1,-13.7,0,0,12243.0,38.1590660,-122.4533370,6553.3,21500.3,0,0,0
1069.20,0.0,0.0,12243,0.0,1,-13.7,0,0,12243.0,38.1590660,-122.4533370,6553.3,21500.3,0,0,0
1069.30,0.0,0.0,12243,0.0,1,-13.7,0,0,12243.0,38.1590670,-122.4533370,6553.3,21500.3,0,0,0
1069.40,0.0,0.0,12243,0.0,1,-13.7,0,0,12243.0,38.1590670,-122.4533370,6553.3,21500.3,0,0,0
1069.50,0.0,0.0,12243,0.0,1,-13.7,0,0,12243.0,38.1590670,-122.4533370,6553.3,21500.3,0,0,0
1069.60,0.0,0.0,12243,0.0,1,-13.7,0,0,12243.0,38.1590670,-122.4533370,6553.3,21500.3,0,0,0
1069.70,0.0,0.0,12243,0.0,1,-13.7,0,0,12243.0,38.1590670,-122.4533370,6553.3,21500.3,0,0,0
1069.80,0.0,0.0,12243,0.0,1,-13.7,0,0,12243.0,38.1590670,-122.4533370,6553.3,21500.3,0,0,0
1069.90,0.0,0.0,12243,0.0,1,-13.7,0,0,12243.0,38.1590670,-122.4533370,6553.3,21500.3,0,0,0
1070.00,0.0,0.0,12243,0.0,1,-13.7,0,0,12243.0,38.1590670,-122.4533370,6553.3,21500.3,0,0,0
1070.10,0.0,0.0,12243,0.0,1,-13.7,0,0,12243.0,38.1590670,-122.4533370,6553.3,21500.3,0,0,0
1070.20,0.0,0.0,12243,0.0,1,-13.7,0,0,12243.0,38.1590670,-122.4533370,6553.3,21500.3,0,0,0
1070.30,0.0,0.0,12243,0.0,1,-13.7,0,0,12243.0,38.1590670,-122.4533370,6553.3,21500.3,0,0,0
1070.40,0.0,0.0,12243,0.0,1,-13.7,0,0,12243.0,38.1590670,-122.4533370,6553.3,21500.3,0,0,0
1070.50,0.0,0.0,12243,0.0,1,-13.7,0,0,12243.0,38.1590670,-122.4533370,6553.3,21500.3,0,0,0
1070.60,0.0,0.0,12243,0.0,1,-13.7,0,0,12243.0,38.1590670,-122.4533370,6553.3,21500.3,0,0,0
1070.70,0.0,0.0,12243,0.0,1,-13.7,0,0,12243.0,38.1590670,-122.4533370,6553.3,21500.3,0,0,0
1070.80,0.0,0.0,12243,0.0,1,-13.7,0,0,12243.0,38.1590680,-122.4533370,6553.2,21500.0,0,0,0
1070.90,0.0,0.0,12243,0.0,1,-13.7,0,0,12243.0,38.1590680,-122.4533370,6553.2,21500.0,0,0,0
1071.00,0.0,0.0,12243,0.0,1,-13.7,0,0,12243.0,38.1590680,-122.4533370,6553.2,21500.0,0,0,0
1071.10,0.0,0.0,12243,0.0,1,-13.7,0,0,12243.0,38.1590680,-122.4533370,6553.2,21500.0,0,0,0
1071.20,0.0,0.0,12243,0.0,1,-13.7,0,0,12243.0,38.1590680,-122.4533370,6553.2,21500.0,0,0,0
1071.30,0.0,0.0,12243,0.0,1,-13.7,0,0,12243.0,38.1590680,-122.4533370,6553.2,21500.0,0,0,0
1071.40,0.0,0.0,12243,0.0,1,-13.7,0,0,12243.0,38.1590690,-122.4533370,6553.2,21500.0,0,0,0
1071.50,0.0,0.0,12243,0.0,1,-13.7,0,0,12243.0,38.1590690,-122.4533370,6553.2,21500.0,0,0,0
1071.60,0.0,0.0,12243,0.0,1,-13.7,0,0,12243.0,38.1590690,-122.4533370,6553.2,21500.0,0,0,0
1071.70,0.0,0.0,12243,0.0,1,-13.7,0,0,12243.0,38.1590690,-122.4533370,6553.2,21500.0,0,0,0
1071.80,0.0,0.0,12243,0.0,1,-13.7,0,0,12243.0,38.1590690,-122.4533370,6553.2,21500.0,0,0,0
1071.90,0.0,0.0,12243,0.0,1,-13.7,0,0,12243.0,38.1590690,-122.4533360,6553.2,21500.0,0,0,0
1072.00,0.0,0.0,12243,0.0,1,-13.7,0,0,12243.0,38.1590690,-122.4533360,6553.2,21500.0,0,0,0
1072.10,0.0,0.0,12243,0.0,1,-13.7,0,0,12243.0,38.1590690,-122.4533360,6553.2,21500.0,0,0,0
1072.20,0.0,0.0,12243,0.0,1,-13.7,0,0,12243.0,38.1590700,-122.4533360,6553.2,21500.0,0,0,0
1072.30,0.0,0.0,12243,0.0,1,-13.7,0,0,12243.0,38.1590700,-122.4533360,6553.2,21500.0,0,0,0
1072.40,0.0,0.0,12243,0.0,1,-13.7,0,0,12243.0,38.1590700,-122.4533360,6553.2,21500.0,0,0,0
1072.50,0.0,0.0,12243,0.0,1,-13.7,0,0,12243.0,38.1590700,-122.4533360,6553.2,21500.0,0,0,0
1072.60,0.0,0.0,12243,0.0,1,-13.7,0,0,12243.0,38.1590700,-122.4533360,6553.2,21500.0,0,0,0
1072.70,0.0,0.0,12243,0.0,1,-13.7,0,0,12243.0,38.1590700,-122.4533360,6553.2,21500.0,0,0,0
1072.80,0.0,0.0,12243,0.0,1,-13.7,0,0,12243.0,38.1590700,-122.4533360,6553.2,21500.0,0,0,0
1072.90,0.0,0.0,12243,0.0,1,-13.7,0,0,12243.0,38.1590700,-122.4533360,6553.2,21500.0,0,0,0
1073.00,0.0,0.0,12243,0.0,1,-13.7,0,0,12243.0,38.1590710,-122.4533360,6553.2,21500.0,0,0,0
1073.10,0.0,0.0,12243,0.0,1,-13.7,0,0,12243.0,38.1590710,-122.4533360,6553.2,21500.0,0,0,0
1073.20,0.0,0.0,12243,0.0,1,-13.7,0,0,12243.0,38.1590710,-122.4533360,6553.2,21500.0,0,0,0
1073.30,0.0,0.0,12243,0.0,1,-13.7,0,0,12243.0,38.1590710,-122.4533360,6553.2,21500.0,0,0,0
1073.40,0.0,0.0,12243,0.0,1,-13.7,0,0,12243.0,38.1590710,-122.4533350,6553.2,21500.0,0,0,0
1073.50,0.0,0.0,12243,0.0,1,-13.7,0,0,12243.0,38.1590710,-122.4533360,6553.2,21500.0,0,0,0
1073.60,0.0,0.0,12243,0.0,1,-13.7,0,0,12243.0,38.1590710,-122.4533350,6553.2,21500.0,0,0,0
1073.70,0.0,0.0,12243,0.0,1,-13.7,0,0,12243.0,38.1590710,-122.4533350,6553.2,21500.0,0,0,0
1073.80,0.0,0.0,12243,0.0,1,-13.7,0,0,12243.0,38.1590710,-122.4533350,6553.2,21500.0,0,0,0
1073.90,0.0,0.0,12243,0.0,1,-13.7,0,0,12243.0,38.1590710,-122.4533350,6553.2,21500.0,0,0,0
1074.00,0.0,0.0,12243,0.0,1,-13.7,0,0,12243.0,38.1590720,-122.4533360,6553.2,21500.0,0,0,0
1074.10,0.0,0.0,12243,0.0,1,-13.7,0,0,12243.0,38.1590720,-122.4533350,6553.2,21500.0,0,0,0
1074.20,0.0,0.0,12243,0.0,1,-13.7,0,0,12243.0,38.1590720,-122.4533350,6553.2,21500.0,0,0,0
1074.30,0.0,0.0,12243,0.0,1,-13.7,0,0,12243.0,38.1590720,-122.4533350,6553.2,21500.0,0,0,0
1074.40,0.0,0.0,12243,0.0,1,-13.7,0,0,12243.0,38.1590720,-122.4533350,6553.2,21500.0,0,0,0
1074.50,0.0,0.0,12243,0.0,1,-13.7,0,0,12243.0,38.1590720,-122.4533350,6553.2,21500.0,0,0,0
1074.60,0.0,0.0,12243,0.0,1,-13.7,0,0,12243.0,38.1590720,-122.4533350,6553.2,21500.0,0,0,0
1074.70,0.0,0.0,12243,0.0,1,-13.7,0,0,12243.0,38.1590720,-122.4533350,6553.2,21500.0,0,0,0
1074.80,0.0,0.0,12243,0.0,1,-13.7,0,0,12243.0,38.1590720,-122.4533350,6553.2,21500.0,0,0,0
1074.90,0.0,0.0,12243,0.0,1,-13.7,0,0,12243.0,38.1590720,-122.4533350,6553.2,21500.0,0,0,0
1075.00,0.0,0.0,12243,0.0,1,-13.7,0,0,12243.0,38.1590720,-122.4533350,6553.2,21500.0,0,0,0
1075.10,0.0,0.0,12243,0.0,1,-13.7,0,0,12243.0,38.1590720,-122.4533350,6553.2,21500.0,0,0,0
1075.20,0.0,0.0,12243,0.0,1,-13.7,0,0,12243.0,38.1590730,-122.4533350,6553.2,21500.0,0,0,0
1075.30,0.0,0.0,12243,0.0,1,-13.7,0,0,12243.0,38.1590730,-122.4533350,6553.2,21500.0,0,0,0
1075.40,0.0,0.0,12243,0.0,1,-13.7,0,0,12243.0,38.1590730,-122.4533350,6553.2,21500.0,0,0,0
1075.50,0.0,0.0,12243,0.0,1,-13.7,0,0,12243.0,38.1590730,-122.4533350,6553.2,21500.0,0,0,0
1075.60,0.0,0.0,12243,0.0,1,-13.7,0,0,12243.0,38.1590730,-122.4533350,6553.2,21500.0,0,0,0
1075.70,0.0,0.0,12243,0.0,1,-13.7,0,0,12243.0,38.1590730,-122.4533350,6553.2,21500.0,0,0,0
1075.80,0.0,0.0,12243,0.0,1,-13.7,0,0,12243.0,38.1590730,-122.4533350,6553.2,21500.0,0,0,0
1075.90,0.0,0.0,12243,0.0,1,-13.7,0,0,12243.0,38.1590730,-122.4533350,6553.2,21500.0,0,0,0
1076.00,0.0,0.0,12243,0.0,1,-13.7,0,0,12243.0,38.1590730,-122.4533350,6553.2,21500.0,0,0,0
1076.10,0.0,0.0,12243,0.0,1,-13.7,0,0,12243.0,38.1590730,-122.4533350,6553.2,21500.0,0,0,0
1076.20,0.0,0.0,12243,0.0,1,-13.7,0,0,12243.0,38.1590730,-122.4533350,6553.2,21500.0,0,0,0
1076.30,0.0,0.0,12243,0.0,1,-13.7,0,0,12243.0,38.1590740,-122.4533350,6553.2,21500.0,0,0,0
1076.40,0.0,0.0,12243,0.0,1,-13.7,0,0,12243.0,38.1590740,-122.4533350,6553.2,21500.0,0,0,0
1076.50,0.0,0.0,12243,0.0,1,-13.7,0,0,12243.0,38.1590740,-122.4533350,6553.2,21500.0,0,0,0
1076.60,0.0,0.0,12243,0.0,1,-13.7,0,0,12243.0,38.1590740,-122.4533350,6553.2,21500.0,0,0,0
1076.70,0.0,0.0,12243,0.0,1,-13.7,0,0,12243.0,38.1590740,-122.4533350,6553.2,21500.0,0,0,0
1076.80,0.0,0.0,12243,0.0,1,-13.7,0,0,12243.0,38.1590740,-122.4533350,6553.2,21500.0,0,0,0
1076.90,0.0,0.0,12243,0.0,1,-13.7,0,0,12243.0,38.1590740,-122.4533350,6553.2,21500.0,0,0,0
1077.00,0.0,0.0,12243,0.0,1,-13.7,0,0,12243.0,38.1590740,-122.4533350,6553.2,21500.0,0,0,0
1077.10,0.0,0.0,12243,0.0,1,-13.7,0,0,12243.0,38.1590740,-122.4533350,6553.2,21500.0,0,0,0
1077.20,0.0,0.0,12243,0.0,1,-13.7,0,0,12243.0,38.1590740,-122.4533350,6553.2,21500.0,0,0,0
1077.30,0.0,0.0,12243,0.0,1,-13.7,0,0,12243.0,38.1590740,-122.4533350,6553.2,21500.0,0,0,0
1077.40,0.0,0.0,12243,0.0,1,-13.7,0,0,12243.0,38.1590750,-122.4533350,6553.2,21500.0,0,0,0
1077.50,0.0,0.0,12243,0.0,1,-13.7,0,0,12243.0,38.1590750,-122.4533350,6553.2,21500.0,0,0,0
1077.60,0.0,0.0,12243,0.0,1,-13.7,0,0,12243.0,38.1590750,-122.4533350,6553.2,21500.0,0,0,0
1077.70,0.0,0.0,12243,0.0,1,-13.7,0,0,12243.0,38.1590750,-122.4533340,6553.2,21500.0,0,0,0
1077.80,0.0,0.0,12243,0.0,1,-13.7,0,0,12243.0,38.1590750,-122.4533340,6553.3,21500.3,0,0,0
1077.90,0.0,0.0,12243,0.0,1,-13.7,0,0,12243.0,38.1590750,-122.4533340,6553.3,21500.3,0,0,0
1078.00,0.0,0.0,12243,0.0,1,-13.7,0,0,12243.0,38.1590750,-122.4533340,6553.3,21500.3,0,0,0
1078.10,0.0,0.0,12243,0.0,1,-13.7,0,0,12243.0,38.1590750,-122.4533340,6553.3,21500.3,0,0,0
1078.20,0.0,0.0,12243,0.0,1,-13.7,0,0,12243.0,38.1590750,-122.4533340,6553.3,21500.3,0,0,0
1078.30,0.0,0.0,12243,0.0,1,-13.7,0,0,12243.0,38.1590760,-122.4533340,6553.3,21500.3,0,0,0
1078.40,0.0,0.0,12243,0.0,1,-13.7,0,0,12243.0,38.1590760,-122.4533340,6553.3,21500.3,0,0,0
1078.50,0.0,0.0,12243,0.0,1,-13.7,0,0,12243.0,38.1590760,-122.4533340,6553.3,21500.3,0,0,0
1078.60,0.0,0.0,12243,0.0,1,-13.7,0,0,12243.0,38.1590760,-122.4533340,6553.3,21500.3,0,0,0
1078.70,0.0,0.0,12243,0.0,1,-13.7,0,0,12243.0,38.1590760,-122.4533340,6553.3,21500.3,0,0,0
1078.80,0.0,0.0,12243,0.0,1,-13.7,0,0,12243.0,38.1590760,-122.4533340,6553.4,21500.7,0,0,0
1078.90,0.0,0.0,12243,0.0,1,-13.7,0,0,12243.0,38.1590760,-122.4533340,6553.4,21500.7,0,0,0
1079.00,0.0,0.0,12243,0.0,1,-13.7,0,0,12243.0,38.1590760,-122.4533340,6553.4,21500.7,0,0,0
1079.10,0.0,0.0,12243,0.0,1,-13.7,0,0,12243.0,38.1590770,-122.4533340,6553.4,21500.7,0,0,0
1079.20,0.0,0.0,12243,0.0,1,-13.7,0,0,12243.0,38.1590770,-122.4533340,6553.4,21500.7,0,0,0
1079.30,0.0,0.0,12243,0.0,1,-13.7,0,0,12243.0,38.1590770,-122.4533340,6553.4,21500.7,0,0,0
1079.40,0.0,0.0,12243,0.0,1,-13.7,0,0,12243.0,38.1590770,-122.4533340,6553.4,21500.7,0,0,0
1079.50,0.0,0.0,12243,0.0,1,-13.7,0,0,12243.0,38.1590770,-122.4533330,6553.4,21500.7,0,0,0
1079.60,0.0,0.0,12243,0.0,1,-13.7,0,0,12243.0,38.1590770,-122.4533330,6553.4,21500.7,0,0,0
1079.70,0.0,0.0,12243,0.0,1,-13.7,0,0,12243.0,38.1590770,-122.4533330,6553.4,21500.7,0,0,0
1079.80,0.0,0.0,12243,0.0,1,-13.7,0,0,12243.0,38.1590770,-122.4533330,6553.4,21500.7,0,0,0
1079.90,0.0,0.0,12243,0.0,1,-13.7,0,0,12243.0,38.1590770,-122.4533330,6553.4,21500.7,0,0,0
1080.00,0.0,0.0,12243,0.0,1,-13.7,0,0,12243.0,38.1590770,-122.4533330,6553.4,21500.7,0,0,0
1080.10,0.0,0.0,12243,0.0,1,-13.7,0,0,12243.0,38.1590770,-122.4533330,6553.4,21500.7,0,0,0
1080.20,0.0,0.0,12243,0.0,1,-13.7,0,0,12243.0,38.1590770,-122.4533320,6553.4,21500.7,0,0,0
1080.30,0.0,0.0,12243,0.0,1,-13.7,0,0,12243.0,38.1590770,-122.4533320,6553.4,21500.7,0,0,0
1080.40,0.0,0.0,12243,0.0,1,-13.7,0,0,12243.0,38.1590770,-122.4533320,6553.4,21500.7,0,0,0
1080.50,0.0,0.0,12243,0.0,1,-13.7,0,0,12243.0,38.1590770,-122.4533320,6553.4,21500.7,0,0,0
1080.60,0.0,0.0,12243,0.0,1,-13.7,0,0,12243.0,38.1590780,-122.4533320,6553.4,21500.7,0,0,0
1080.70,0.0,0.0,12243,0.0,1,-13.7,0,0,12243.0,38.1590780,-122.4533320,6553.4,21500.7,0,0,0
1080.80,0.0,0.0,12243,0.0,1,-13.7,0,0,12243.0,38.1590780,-122.4533320,6553.4,21500.7,0,0,0
1080.90,0.0,0.0,12243,0.0,1,-13.7,0,0,12243.0,38.1590780,-122.4533320,6553.4,21500.7,0,0,0
1081.00,0.0,0.0,12243,0.0,1,-13.7,0,0,12243.0,38.1590780,-122.4533320,6553.4,21500.7,0,0,0
1081.10,0.0,0.0,12243,0.0,1,-13.7,0,0,12243.0,38.1590790,-122.4533320,6553.4,21500.7,0,0,0
1081.20,0.0,0.0,12243,0.0,1,-13.7,0,0,12243.0,38.1590790,-122.4533320,6553.4,21500.7,0,0,0
1081.30,0.0,0.0,12243,0.0,1,-13.7,0,0,12243.0,38.1590790,-122.4533320,6553.4,21500.7,0,0,0
1081.40,0.0,0.0,12243,0.0,1,-13.7,0,0,12243.0,38.1590790,-122.4533320,6553.4,21500.7,0,0,0
1081.50,0.0,0.0,12243,0.0,1,-13.7,0,0,12243.0,38.1590790,-122.4533320,6553.4,21500.7,0,0,0
1081.60,0.0,0.0,12243,0.0,1,-13.7,0,0,12243.0,38.1590790,-122.4533320,6553.4,21500.7,0,0,0
1081.70,0.0,0.0,12243,0.0,1,-13.7,0,0,12243.0,38.1590790,-122.4533320,6553.4,21500.7,0,0,0
1081.80,0.0,0.0,12243,0.0,1,-13.7,0,0,12243.0,38.1590800,-122.4533320,6553.5,21501.0,0,0,0
1081.90,0.0,0.0,12243,0.0,1,-13.7,0,0,12243.0,38.1590800,-122.4533320,6553.5,21501.0,0,0,0
1082.00,0.0,0.0,12243,0.0,1,-13.7,0,0,12243.0,38.1590790,-122.4533320,6553.5,21501.0,0,0,0
1082.10,0.0,0.0,12243,0.0,1,-13.7,0,0,12243.0,38.1590800,-122.4533320,6553.5,21501.0,0,0,0
1082.20,0.0,0.0,12243,0.0,1,-13.7,0,0,12243.0,38.1590800,-122.4533320,6553.5,21501.0,0,0,0
1082.30,0.0,0.0,12243,0.0,1,-13.7,0,0,12243.0,38.1590790,-122.4533320,6553.5,21501.0,0,0,0
1082.40,0.0,0.0,12243,0.0,1,-13.7,0,0,12243.0,38.1590800,-122.4533320,6553.5,21501.0,0,0,0
1082.50,0.0,0.0,12243,0.0,1,-13.7,0,0,12243.0,38.1590790,-122.4533320,6553.5,21501.0,0,0,0
1082.60,0.0,0.0,12243,0.0,1,-13.7,0,0,12243.0,38.1590790,-122.4533320,6553.5,21501.0,0,0,0
1082.70,0.0,0.0,12243,0.0,1,-13.7,0,0,12243.0,38.1590790,-122.4533310,6553.5,21501.0,0,0,0
1082.80,0.0,0.0,12243,0.0,1,-13.7,0,0,12243.0,38.1590790,-122.4533310,6553.4,21500.7,0,0,0
1082.90,0.0,0.0,12243,0.0,1,-13.7,0,0,12243.0,38.1590790,-122.4533310,6553.4,21500.7,0,0,0
1083.00,0.0,0.0,12243,0.0,1,-13.7,0,0,12243.0,38.1590790,-122.4533310,6553.4,21500.7,0,0,0
1083.10,0.0,0.0,12243,0.0,1,-13.7,0,0,12243.0,38.1590790,-122.4533310,6553.4,21500.7,0,0,0
1083.20,0.0,0.0,12243,0.0,1,-13.7,0,0,12243.0,38.1590790,-122.4533300,6553.4,21500.7,0,0,0
1083.30,0.0,0.0,12243,0.0,1,-13.7,0,0,12243.0,38.1590790,-122.4533300,6553.4,21500.7,0,0,0
1083.40,0.0,0.0,12243,0.0,1,-13.7,0,0,12243.0,38.1590790,-122.4533300,6553.4,21500.7,0,0,0
1083.50,0.0,0.0,12243,0.0,1,-13.7,0,0,12243.0,38.1590790,-122.4533300,6553.4,21500.7,0,0,0
1083.60,0.0,0.0,12243,0.0,1,-13.7,0,0,12243.0,38.1590790,-122.4533300,6553.4,21500.7,0,0,0
1083.70,0.0,0.0,12243,0.0,1,-13.7,0,0,12243.0,38.1590790,-122.4533300,6553.4,21500.7,0,0,0
1083.80,0.0,0.0,12243,0.0,1,-13.7,0,0,12243.0,38.1590790,-122.4533300,6553.4,21500.7,0,0,0
1083.90,0.0,0.0,12243,0.0,1,-13.7,0,0,12243.0,38.1590790,-122.4533290,6553.4,21500.7,0,0,0
1084.00,0.0,0.0,12243,0.0,1,-13.7,0,0,12243.0,38.1590790,-122.4533290,6553.4,21500.7,0,0,0
1084.10,0.0,0.0,12243,0.0,1,-13.7,0,0,12243.0,38.1590790,-122.4533290,6553.4,21500.7,0,0,0
1084.20,0.0,0.0,12243,0.0,1,-13.7,0,0,12243.0,38.1590790,-122.4533290,6553.4,21500.7,0,0,0
1084.30,0.0,0.0,12243,0.0,1,-13.7,0,0,12243.0,38.1590790,-122.4533290,6553.4,21500.7,0,0,0
1084.40,0.0,0.0,12243,0.0,1,-13.7,0,0,12243.0,38.1590790,-122.4533290,6553.4,21500.7,0,0,0
1084.50,0.0,0.0,12243,0.0,1,-13.7,0,0,12243.0,38.1590800,-122.4533290,6553.4,21500.7,0,0,0
1084.60,0.0,0.0,12243,0.0,1,-13.7,0,0,12243.0,38.1590800,-122.4533290,6553.4,21500.7,0,0,0
1084.70,0.0,0.0,12243,0.0,1,-13.7,0,0,12243.0,38.1590800,-122.4533290,6553.4,21500.7,0,0,0
1084.80,0.0,0.0,12243,0.0,1,-13.7,0,0,12243.0,38.1590800,-122.4533290,6553.4,21500.7,0,0,0
1084.90,0.0,0.0,12243,0.0,1,-13.7,0,0,12243.0,38.1590800,-122.4533290,6553.4,21500.7,0,0,0
1085.00,0.0,0.0,12243,0.0,1,-13.7,0,0,12243.0,38.1590800,-122.4533290,6553.4,21500.7,0,0,0
1085.10,0.0,0.0,12243,0.0,1,-13.7,0,0,12243.0,38.1590800,-122.4533290,6553.4,21500.7,0,0,0
1085.20,0.0,0.0,12243,0.0,1,-13.7,0,0,12243.0,38.1590800,-122.4533290,6553.4,21500.7,0,0,0
1085.30,0.0,0.0,12243,0.0,1,-13.7,0,0,12243.0,38.1590800,-122.4533280,6553.4,21500.7,0,0,0
1085.40,0.0,0.0,12243,0.0,1,-13.7,0,0,12243.0,38.1590800,-122.4533280,6553.4,21500.7,0,0,0
1085.50,0.0,0.0,12243,0.0,1,-13.7,0,0,12243.0,38.1590800,-122.4533280,6553.4,21500.7,0,0,0
1085.60,0.0,0.0,12243,0.0,1,-13.7,0,0,12243.0,38.1590800,-122.4533280,6553.4,21500.7,0,0,0
1085.70,0.0,0.0,12243,0.0,1,-13.7,0,0,12243.0,38.1590800,-122.4533280,6553.4,21500.7,0,0,0
1085.80,0.0,0.0,12243,0.0,1,-13.7,0,0,12243.0,38.1590800,-122.4533280,6553.3,21500.3,0,0,0
1085.90,0.0,0.0,12243,0.0,1,-13.7,0,0,12243.0,38.1590800,-122.4533280,6553.3,21500.3,0,0,0
1086.00,0.0,0.0,12243,0.0,1,-13.7,0,0,12243.0,38.1590800,-122.4533280,6553.3,21500.3,0,0,0
1086.10,0.0,0.0,12243,0.0,1,-13.7,0,0,12243.0,38.1590800,-122.4533280,6553.3,21500.3,0,0,0
1086.20,0.0,0.0,12243,0.0,1,-13.7,0,0,12243.0,38.1590800,-122.4533280,6553.3,21500.3,0,0,0
1086.30,0.0,0.0,12243,0.0,1,-13.7,0,0,12243.0,38.1590800,-122.4533280,6553.3,21500.3,0,0,0
1086.40,0.0,0.0,12243,0.0,1,-13.7,0,0,12243.0,38.1590800,-122.4533280,6553.3,21500.3,0,0,0
1086.50,0.0,0.0,12243,0.0,1,-13.7,0,0,12243.0,38.1590800,-122.4533270,6553.3,21500.3,0,0,0
1086.60,0.0,0.0,12243,0.0,1,-13.7,0,0,12243.0,38.1590800,-122.4533270,6553.3,21500.3,0,0,0
1086.70,0.0,0.0,12243,0.0,1,-13.7,0,0,12243.0,38.1590800,-122.4533270,6553.3,21500.3,0,0,0
1086.80,0.0,0.0,12243,0.0,1,-13.7,0,0,12243.0,38.1590800,-122.4533270,6553.3,21500.3,0,0,0
1086.90,0.0,0.0,12243,0.0,1,-13.7,0,0,12243.0,38.1590800,-122.4533270,6553.3,21500.3,0,0,0
1087.00,0.0,0.0,12243,0.0,1,-13.7,0,0,12243.0,38.1590800,-122.4533270,6553.3,21500.3,0,0,0
1087.10,0.0,0.0,12243,0.0,1,-13.7,0,0,12243.0,38.1590800,-122.4533270,6553.3,21500.3,0,0,0
1087.20,0.0,0.0,12243,0.0,1,-13.7,0,0,12243.0,38.1590800,-122.4533270,6553.3,21500.3,0,0,0
1087.30,0.0,0.0,12243,0.0,1,-13.7,0,0,12243.0,38.1590800,-122.4533270,6553.3,21500.3,0,0,0
1087.40,0.0,0.0,12243,0.0,1,-13.7,0,0,12243.0,38.1590800,-122.4533270,6553.3,21500.3,0,0,0
1087.50,0.0,0.0,12243,0.0,1,-13.7,0,0,12243.0,38.1590800,-122.4533270,6553.3,21500.3,0,0,0
1087.60,0.0,0.0,12243,0.0,1,-13.7,0,0,12243.0,38.1590800,-122.4533270,6553.3,21500.3,0,0,0
1087.70,0.0,0.0,12243,0.0,1,-13.7,0,0,12243.0,38.1590800,-122.4533270,6553.3,21500.3,0,0,0
1087.80,0.0,0.0,12243,0.0,1,-13.7,0,0,12243.0,38.1590800,-122.4533270,6553.2,21500.0,0,0,0
1087.90,0.0,0.0,12243,0.0,1,-13.7,0,0,12243.0,38.1590800,-122.4533270,6553.2,21500.0,0,0,0
1088.00,0.0,0.0,12243,0.0,1,-13.7,0,0,12243.0,38.1590800,-122.4533270,6553.2,21500.0,0,0,0
1088.10,0.0,0.0,12243,0.0,1,-13.7,0,0,12243.0,38.1590800,-122.4533260,6553.2,21500.0,0,0,0
1088.20,0.0,0.0,12243,0.0,1,-13.7,0,0,12243.0,38.1590800,-122.4533260,6553.2,21500.0,0,0,0
1088.30,0.0,0.0,12243,0.0,1,-13.7,0,0,12243.0,38.1590800,-122.4533260,6553.2,21500.0,0,0,0
1088.40,0.0,0.0,12243,0.0,1,-13.7,0,0,12243.0,38.1590790,-122.4533260,6553.2,21500.0,0,0,0
1088.50,0.0,0.0,12243,0.0,1,-13.7,0,0,12243.0,38.1590790,-122.4533260,6553.2,21500.0,0,0,0
1088.60,0.0,0.0,12243,0.0,1,-13.7,0,0,12243.0,38.1590790,-122.4533260,6553.2,21500.0,0,0,0
1088.70,0.0,0.0,12243,0.0,1,-13.7,0,0,12243.0,38.1590790,-122.4533250,6553.2,21500.0,0,0,0
1088.80,0.0,0.0,12243,0.0,1,-13.7,0,0,12243.0,38.1590790,-122.4533250,6553.2,21500.0,0,0,0
1088.90,0.0,0.0,12243,0.0,1,-13.7,0,0,12243.0,38.1590790,-122.4533250,6553.2,21500.0,0,0,0
1089.00,0.0,0.0,12243,0.0,1,-13.7,0,0,12243.0,38.1590790,-122.4533250,6553.2,21500.0,0,0,0
1089.10,0.0,0.0,12243,0.0,1,-13.7,0,0,12243.0,38.1590790,-122.4533250,6553.2,21500.0,0,0,0
1089.20,0.0,0.0,12243,0.0,1,-13.7,0,0,12243.0,38.1590790,-122.4533250,6553.2,21500.0,0,0,0
1089.30,0.0,0.0,12243,0.0,1,-13.7,0,0,12243.0,38.1590790,-122.4533250,6553.2,21500.0,0,0,0
1089.40,0.0,0.0,12243,0.0,1,-13.7,0,0,12243.0,38.1590790,-122.4533250,6553.2,21500.0,0,0,0
1089.50,0.0,0.0,12243,0.0,1,-13.7,0,0,12243.0,38.1590790,-122.4533250,6553.2,21500.0,0,0,0
1089.60,0.0,0.0,12243,0.0,1,-13.7,0,0,12243.0,38.1590790,-122.4533250,6553.2,21500.0,0,0,0
1089.70,0.0,0.0,12243,0.0,1,-13.7,0,0,12243.0,38.1590800,-122.4533250,6553.2,21500.0,0,0,0
1089.80,0.0,0.0,12243,0.0,1,-13.7,0,0,12243.0,38.1590800,-122.4533250,6553.2,21500.0,0,0,0
1089.90,0.0,0.0,12243,0.0,1,-13.7,0,0,12243.0,38.1590800,-122.4533250,6553.2,21500.0,0,0,0
1090.00,0.0,0.0,12243,0.0,1,-13.7,0,0,12243.0,38.1590800,-122.4533250,6553.2,21500.0,0,0,0
1090.10,0.0,0.0,12243,0.0,1,-13.7,0,0,12243.0,38.1590800,-122.4533250,6553.2,21500.0,0,0,0
1090.20,0.0,0.0,12243,0.0,1,-13.7,0,0,12243.0,38.1590800,-122.4533250,6553.2,21500.0,0,0,0
1090.30,0.0,0.0,12243,0.0,1,-13.7,0,0,12243.0,38.1590800,-122.4533250,6553.2,21500.0,0,0,0
1090.40,0.0,0.0,12243,0.0,1,-13.7,0,0,12243.0,38.1590800,-122.4533250,6553.2,21500.0,0,0,0
1090.50,0.0,0.0,12243,0.0,1,-13.8,0,0,12243.0,38.1590800,-122.4533250,6553.2,21500.0,0,0,0
1090.60,0.0,0.0,12243,0.0,1,-13.7,0,0,12243.0,38.1590810,-122.4533250,6553.2,21500.0,0,0,0
1090.70,0.0,0.0,12243,0.0,1,-13.8,0,0,12243.0,38.1590810,-122.4533250,6553.2,21500.0,0,0,0
1090.80,0.0,0.0,12243,0.0,1,-13.7,0,0,12243.0,38.1590810,-122.4533250,6553.2,21500.0,0,0,0
1090.90,0.0,0.0,12243,0.0,1,-13.8,0,0,12243.0,38.1590810,-122.4533250,6553.2,21500.0,0,0,0
1091.00,0.0,0.0,12243,0.0,1,-13.7,0,0,12243.0,38.1590810,-122.4533250,6553.2,21500.0,0,0,0
1091.10,0.0,0.0,12243,0.0,1,-13.8,0,0,12243.0,38.1590810,-122.4533250,6553.2,21500.0,0,0,0
1091.20,0.0,0.0,12243,0.0,1,-13.8,0,0,12243.0,38.1590810,-122.4533250,6553.2,21500.0,0,0,0
1091.30,0.0,0.0,12243,0.0,1,-13.7,0,0,12243.0,38.1590810,-122.4533250,6553.2,21500.0,0,0,0
1091.40,0.0,0.0,12243,0.0,1,-13.7,0,0,12243.0,38.1590810,-122.4533250,6553.2,21500.0,0,0,0
1091.50,0.0,0.0,12243,0.0,1,-13.8,0,0,12243.0,38.1590810,-122.4533240,6553.2,21500.0,0,0,0
1091.60,0.0,0.0,12243,0.0,1,-13.8,0,0,12243.0,38.1590820,-122.4533250,6553.2,21500.0,0,0,0
1091.70,0.0,0.0,12243,0.0,1,-13.7,0,0,12243.0,38.1590810,-122.4533250,6553.2,21500.0,0,0,0
1091.80,0.0,0.0,12243,0.0,1,-13.8,0,0,12243.0,38.1590820,-122.4533240,6553.2,21500.0,0,0,0
1091.90,0.0,0.0,12243,0.0,1,-13.8,0,0,12243.0,38.1590820,-122.4533240,6553.2,21500.0,0,0,0
1092.00,0.0,0.0,12243,0.0,1,-13.8,0,0,12243.0,38.1590820,-122.4533240,6553.2,21500.0,0,0,0
1092.10,0.0,0.0,12243,0.0,1,-13.8,0,0,12243.0,38.1590820,-122.4533240,6553.2,21500.0,0,0,0
1092.20,0.0,0.0,12243,0.0,1,-13.8,0,0,12243.0,38.1590820,-122.4533240,6553.2,21500.0,0,0,0
1092.30,0.0,0.0,12243,0.0,1,-13.8,0,0,12243.0,38.1590820,-122.4533240,6553.2,21500.0,0,0,0
1092.40,0.0,0.0,12243,0.0,1,-13.8,0,0,12243.0,38.1590810,-122.4533240,6553.2,21500.0,0,0,0
1092.50,0.0,0.0,12243,0.0,1,-13.8,0,0,12243.0,38.1590820,-122.4533240,6553.2,21500.0,0,0,0
1092.60,0.0,0.0,12243,0.0,1,-13.8,0,0,12243.0,38.1590810,-122.4533240,6553.2,21500.0,0,0,0
1092.70,0.0,0.0,12243,0.0,1,-13.8,0,0,12243.0,38.1590810,-122.4533240,6553.2,21500.0,0,0,0
1092.80,0.0,0.0,12243,0.0,1,-13.7,0,0,12243.0,38.1590810,-122.4533240,6553.4,21500.7,0,0,0
1092.90,0.0,0.0,12243,0.0,1,-13.8,0,0,12243.0,38.1590810,-122.4533240,6553.4,21500.7,0,0,0
1093.00,0.0,0.0,12243,0.0,1,-13.8,0,0,12243.0,38.1590810,-122.4533240,6553.4,21500.7,0,0,0
1093.10,0.0,0.0,12243,0.0,1,-13.8,0,0,12243.0,38.1590810,-122.4533240,6553.4,21500.7,0,0,0
1093.20,0.0,0.0,12243,0.0,1,-13.7,0,0,12243.0,38.1590810,-122.4533240,6553.4,21500.7,0,0,0
1093.30,0.0,0.0,12243,0.0,1,-13.8,0,0,12243.0,38.1590820,-122.4533240,6553.4,21500.7,0,0,0
1093.40,0.0,0.0,12243,0.0,1,-13.8,0,0,12243.0,38.1590820,-122.4533240,6553.4,21500.7,0,0,0
1093.50,0.0,0.0,12243,0.0,1,-13.7,0,0,12243.0,38.1590820,-122.4533240,6553.4,21500.7,0,0,0
1093.60,0.0,0.0,12243,0.0,1,-13.8,0,0,12243.0,38.1590820,-122.4533240,6553.4,21500.7,0,0,0
1093.70,0.0,0.0,12243,0.0,1,-13.7,0,0,12243.0,38.1590820,-122.4533240,6553.4,21500.7,0,0,0
1093.80,0.0,0.0,12243,0.0,1,-13.8,0,0,12243.0,38.1590820,-122.4533240,6553.4,21500.7,0,0,0
1093.90,0.0,0.0,12243,0.0,1,-13.7,0,0,12243.0,38.1590820,-122.4533240,6553.4,21500.7,0,0,0
1094.00,0.0,0.0,12243,0.0,1,-13.8,0,0,12243.0,38.1590820,-122.4533240,6553.4,21500.7,0,0,0
1094.10,0.0,0.0,12243,0.0,1,-13.7,0,0,12243.0,38.1590820,-122.4533240,6553.4,21500.7,0,0,0
1094.20,0.0,0.0,12243,0.0,1,-13.8,0,0,12243.0,38.1590820,-122.4533230,6553.4,21500.7,0,0,0
1094.30,0.0,0.0,12243,0.0,1,-13.8,0,0,12243.0,38.1590820,-122.4533230,6553.4,21500.7,0,0,0
1094.40,0.0,0.0,12243,0.0,1,-13.8,0,0,12243.0,38.1590820,-122.4533230,6553.4,21500.7,0,0,0
1094.50,0.0,0.0,12243,0.0,1,-13.7,0,0,12243.0,38.1590820,-122.4533230,6553.4,21500.7,0,0,0
1094.60,0.0,0.0,12243,0.0,1,-13.8,0,0,12243.0,38.1590820,-122.4533230,6553.4,21500.7,0,0,0
1094.70,0.0,0.0,12243,0.0,1,-13.8,0,0,12243.0,38.1590820,-122.4533230,6553.4,21500.7,0,0,0
1094.80,0.0,0.0,12243,0.0,1,-13.8,0,0,12243.0,38.1590820,-122.4533220,6553.5,21501.0,0,0,0
1094.90,0.0,0.0,12243,0.0,1,-13.7,0,0,12243.0,38.1590820,-122.4533220,6553.5,21501.0,0,0,0
1095.00,0.0,0.0,12243,0.0,1,-13.8,0,0,12243.0,38.1590820,-122.4533220,6553.5,21501.0,0,0,0
1095.10,0.0,0.0,12243,0.0,1,-13.8,0,0,12243.0,38.1590820,-122.4533220,6553.5,21501.0,0,0,0
1095.20,0.0,0.0,12243,0.0,1,-13.8,0,0,12243.0,38.1590820,-122.4533220,6553.5,21501.0,0,0,0
1095.30,0.0,0.0,12243,0.0,1,-13.8,0,0,12243.0,38.1590820,-122.4533220,6553.5,21501.0,0,0,0
1095.40,0.0,0.0,12243,0.0,1,-13.8,0,0,12243.0,38.1590820,-122.4533220,6553.5,21501.0,0,0,0
1095.50,0.0,0.0,12243,0.0,1,-13.8,0,0,12243.0,38.1590820,-122.4533220,6553.5,21501.0,0,0,0
1095.60,0.0,0.0,12243,0.0,1,-13.8,0,0,12243.0,38.1590820,-122.4533220,6553.5,21501.0,0,0,0
1095.70,0.0,0.0,12243,0.0,1,-13.8,0,0,12243.0,38.1590820,-122.4533220,6553.5,21501.0,0,0,0
1095.80,0.0,0.0,12243,0.0,1,-13.8,0,0,12243.0,38.1590830,-122.4533220,0.1,0.3,0,0,0
1095.90,0.0,0.0,12243,0.0,1,-13.8,0,0,12243.0,38.1590830,-122.4533220,0.1,0.3,0,0,0
1096.00,0.0,0.0,12243,0.0,1,-13.8,0,0,12243.0,38.1590830,-122.4533220,0.1,0.3,0,0,0
1096.10,0.0,0.0,12243,0.0,1,-13.8,0,0,12243.0,38.1590830,-122.4533220,0.1,0.3,0,0,0
1096.20,0.0,0.0,12243,0.0,1,-13.8,0,0,12243.0,38.1590830,-122.4533220,0.1,0.3,0,0,0
1096.30,0.0,0.0,12243,0.0,1,-13.8,0,0,12243.0,38.1590830,-122.4533220,0.1,0.3,0,0,0
1096.40,0.0,0.0,12243,0.0,1,-13.8,0,0,12243.0,38.1590830,-122.4533220,0.1,0.3,0,0,0
1096.50,0.0,0.0,12243,0.0,1,-13.8,0,0,12243.0,38.1590840,-122.4533220,0.1,0.3,0,0,0
1096.60,0.0,0.0,12243,0.0,1,-13.8,0,0,12243.0,38.1590840,-122.4533220,0.1,0.3,0,0,0
1096.70,0.0,0.0,12243,0.0,1,-13.8,0,0,12243.0,38.1590840,-122.4533220,0.1,0.3,0,0,0
1096.80,0.0,0.0,12243,0.0,1,-13.8,0,0,12243.0,38.1590840,-122.4533220,0.2,0.7,0,0,0
1096.90,0.0,0.0,12243,0.0,1,-13.8,0,0,12243.0,38.1590840,-122.4533220,0.2,0.7,0,0,0
1097.00,0.0,0.0,12243,0.0,1,-13.8,0,0,12243.0,38.1590840,-122.4533220,0.2,0.7,0,0,0
1097.10,0.0,0.0,12243,0.0,1,-13.8,0,0,12243.0,38.1590840,-122.4533230,0.2,0.7,0,0,0
1097.20,0.0,0.0,12243,0.0,1,-13.8,0,0,12243.0,38.1590840,-122.4533230,0.2,0.7,0,0,0
1097.30,0.0,0.0,12243,0.0,1,-13.8,0,0,12243.0,38.1590840,-122.4533230,0.2,0.7,0,0,0
1097.40,0.0,0.0,12243,0.0,1,-13.8,0,0,12243.0,38.1590850,-122.4533230,0.2,0.7,0,0,0
1097.50,0.0,0.0,12243,0.0,1,-13.8,0,0,12243.0,38.1590850,-122.4533230,0.2,0.7,0,0,0
1097.60,0.0,0.0,12243,0.0,1,-13.8,0,0,12243.0,38.1590850,-122.4533230,0.2,0.7,0,0,0
1097.70,0.0,0.0,12243,0.0,1,-13.8,0,0,12243.0,38.1590850,-122.4533230,0.2,0.7,0,0,0
1097.80,0.0,0.0,12243,0.0,1,-13.8,0,0,12243.0,38.1590850,-122.4533230,0.2,0.7,0,0,0
1097.90,0.0,0.0,12243,0.0,1,-13.8,0,0,12243.0,38.1590850,-122.4533230,0.2,0.7,0,0,0
1098.00,0.0,0.0,12243,0.0,1,-13.8,0,0,12243.0,38.1590850,-122.4533230,0.2,0.7,0,0,0
1098.10,0.0,0.0,12243,0.0,1,-13.8,0,0,12243.0,38.1590850,-122.4533230,0.2,0.7,0,0,0
1098.20,0.0,0.0,12243,0.0,1,-13.8,0,0,12243.0,38.1590850,-122.4533230,0.2,0.7,0,0,0
1098.30,0.0,0.0,12243,0.0,1,-13.8,0,0,12243.0,38.1590860,-122.4533230,0.2,0.7,0,0,0
1098.40,0.0,0.0,12243,0.0,1,-13.8,0,0,12243.0,38.1590850,-122.4533230,0.2,0.7,0,0,0
1098.50,0.0,0.0,12243,0.0,1,-13.8,0,0,12243.0,38.1590850,-122.4533230,0.2,0.7,0,0,0
1098.60,0.0,0.0,12243,0.0,1,-13.8,0,0,12243.0,38.1590850,-122.4533230,0.2,0.7,0,0,0
1098.70,0.0,0.0,12243,0.0,1,-13.8,0,0,12243.0,38.1590850,-122.4533230,0.2,0.7,0,0,0
1098.80,0.0,0.0,12243,0.0,1,-13.8,0,0,12243.0,38.1590850,-122.4533230,0.1,0.3,0,0,0
1098.90,0.0,0.0,12243,0.0,1,-13.8,0,0,12243.0,38.1590850,-122.4533230,0.1,0.3,0,0,0
1099.00,0.0,0.0,12243,0.0,1,-13.8,0,0,12243.0,38.1590850,-122.4533230,0.1,0.3,0,0,0
1099.10,0.0,0.0,12243,0.0,1,-13.8,0,0,12243.0,38.1590850,-122.4533230,0.1,0.3,0,0,0
1099.20,0.0,0.0,12243,0.0,1,-13.8,0,0,12243.0,38.1590850,-122.4533230,0.1,0.3,0,0,0
1099.30,0.0,0.0,12243,0.0,1,-13.8,0,0,12243.0,38.1590850,-122.4533230,0.1,0.3,0,0,0
1099.40,0.0,0.0,12243,0.0,1,-13.8,0,0,12243.0,38.1590850,-122.4533230,0.1,0.3,0,0,0
1099.50,0.0,0.0,12243,0.0,1,-13.8,0,0,12243.0,38.1590860,-122.4533230,0.1,0.3,0,0,0
1099.60,0.0,0.0,12243,0.0,1,-13.8,0,0,12243.0,38.1590860,-122.4533230,0.1,0.3,0,0,0
1099.70,0.0,0.0,12243,0.0,1,-13.8,0,0,12243.0,38.1590860,-122.4533230,0.1,0.3,0,0,0
1099.80,0.0,0.0,12243,0.0,1,-13.8,0,0,12243.0,38.1590860,-122.4533230,0.1,0.3,0,0,0
1099.90,0.0,0.0,12243,0.0,1,-13.8,0,0,12243.0,38.1590860,-122.4533240,0.1,0.3,0,0,0
1100.00,0.0,0.0,12243,0.0,1,-13.8,0,0,12243.0,38.1590860,-122.4533240,0.1,0.3,0,0,0
1100.10,0.0,0.0,12243,0.0,1,-13.8,0,0,12243.0,38.1590860,-122.4533240,0.1,0.3,0,0,0
1100.20,0.0,0.0,12243,0.0,1,-13.8,0,0,12243.0,38.1590860,-122.4533240,0.1,0.3,0,0,0
1100.30,0.0,0.0,12243,0.0,1,-13.8,0,0,12243.0,38.1590860,-122.4533240,0.1,0.3,0,0,0
1100.40,0.0,0.0,12243,0.0,1,-13.8,0,0,12243.0,38.1590860,-122.4533240,0.1,0.3,0,0,0
1100.50,0.0,0.0,12243,0.0,1,-13.8,0,0,12243.0,38.1590860,-122.4533240,0.1,0.3,0,0,0
1100.60,0.0,0.0,12243,0.0,1,-13.8,0,0,12243.0,38.1590860,-122.4533240,0.1,0.3,0,0,0
1100.70,0.0,0.0,12243,0.0,1,-13.8,0,0,12243.0,38.1590860,-122.4533240,0.1,0.3,0,0,0
1100.80,0.0,0.0,12243,0.0,1,-13.8,0,0,12243.0,38.1590860,-122.4533240,0.1,0.3,0,0,0
1100.90,0.0,0.0,12243,0.0,1,-13.8,0,0,12243.0,38.1590860,-122.4533240,0.1,0.3,0,0,0
