<?xml version="1.0" encoding="UTF-8"?>
<kml xmlns="http://www.opengis.net/kml/2.2">
  <Document>
    <name>Sonoma Raceway</name>
    <description>Rider: Max Fischer | Max Speed: 183.6 km/h</description>
    <Style id="redTrack">
      <LineStyle>
        <color>ff0000ff</color>
        <width>4</width>
      </LineStyle>
    </Style>
    <Placemark>
      <name>Telemetry Circuit Path</name>
      <styleUrl>#redTrack</styleUrl>
      <LineString>
        <extrude>1</extrude>
        <tessellate>1</tessellate>
        <altitudeMode>absolute</altitudeMode>
        <coordinates>
          -122.4559956,38.1619835,0.0 -122.4560098,38.1619848,0.0 -122.4560229,38.1619837,0.0 -122.4560266,38.1619787,11.6 -122.4560226,38.1619713,11.6 -122.4560224,38.1619642,11.6 -122.4560375,38.1619604,11.6 -122.4560753,38.1619629,11.6 -122.4561359,38.1619719,11.6 -122.4562070,38.1619838,11.6 -122.4562685,38.1619931,11.6 -122.4563100,38.1619969,11.6 -122.4563358,38.1619961,11.6 -122.4563578,38.1619940,11.8 -122.4563827,38.1619926,11.8 -122.4564085,38.1619913,11.8 -122.4564322,38.1619893,11.8 -122.4564532,38.1619862,11.8 -122.4564767,38.1619836,11.8 -122.4565059,38.1619827,11.8 -122.4565365,38.1619821,11.8 -122.4565692,38.1619817,11.8 -122.4566030,38.1619816,11.8 -122.4566320,38.1619800,13.6 -122.4566588,38.1619778,13.6 -122.4566883,38.1619763,13.6 -122.4567204,38.1619752,13.6 -122.4567536,38.1619738,13.6 -122.4567871,38.1619725,13.6 -122.4568190,38.1619708,13.6 -122.4568486,38.1619685,13.6 -122.4568764,38.1619652,13.6 -122.4569030,38.1619609,13.6 -122.4569301,38.1619563,15.5 -122.4569586,38.1619518,15.5 -122.4569879,38.1619474,15.5 -122.4570178,38.1619433,15.5 -122.4570479,38.1619395,15.5 -122.4570788,38.1619355,15.5 -122.4571114,38.1619315,15.5 -122.4571454,38.1619275,15.5 -122.4571814,38.1619237,15.5 -122.4572176,38.1619195,15.5 -122.4572522,38.1619142,18.1 -122.4572847,38.1619075,18.1 -122.4573159,38.1618996,18.1 -122.4573465,38.1618909,18.1 -122.4573764,38.1618817,18.1 -122.4574057,38.1618721,18.1 -122.4574347,38.1618620,18.1 -122.4574628,38.1618513,18.1 -122.4574893,38.1618413,18.1 -122.4575100,38.1618343,18.1 -122.4575193,38.1618315,18.1 -122.4575210,38.1618310,18.1 -122.4575210,38.1618310,18.1 -122.4575210,38.1618310,18.1 -122.4575210,38.1618310,18.1 -122.4575210,38.1618310,18.1 -122.4575352,38.1618255,18.1 -122.4576002,38.1617999,18.1 -122.4577134,38.1617541,18.1 -122.4577973,38.1617181,18.1 -122.4578386,38.1616984,24.1 -122.4578661,38.1616838,24.1 -122.4578928,38.1616695,24.1 -122.4579159,38.1616542,24.1 -122.4579329,38.1616373,24.1 -122.4579490,38.1616204,24.1 -122.4579687,38.1616045,24.1 -122.4579904,38.1615887,24.1 -122.4580131,38.1615728,24.1 -122.4580359,38.1615567,24.1 -122.4580551,38.1615395,28.7 -122.4580714,38.1615218,28.7 -122.4580903,38.1615048,28.7 -122.4581129,38.1614887,28.7 -122.4581361,38.1614726,28.7 -122.4581577,38.1614562,28.7 -122.4581776,38.1614396,28.7 -122.4581951,38.1614226,28.7 -122.4582113,38.1614054,28.7 -122.4582291,38.1613887,28.7 -122.4582492,38.1613728,32.8 -122.4582690,38.1613569,32.8 -122.4582870,38.1613409,32.8 -122.4583028,38.1613246,32.8 -122.4583167,38.1613080,32.8 -122.4583295,38.1612914,32.8 -122.4583422,38.1612754,32.8 -122.4583559,38.1612600,32.8 -122.4583701,38.1612448,32.8 -122.4583850,38.1612297,32.8 -122.4584009,38.1612152,36.2 -122.4584176,38.1612014,36.2 -122.4584362,38.1611885,36.2 -122.4584569,38.1611763,36.2 -122.4584781,38.1611645,36.2 -122.4584987,38.1611529,36.2 -122.4585200,38.1611419,36.2 -122.4585415,38.1611316,36.2 -122.4585632,38.1611218,36.2 -122.4585841,38.1611122,36.2 -122.4586033,38.1611027,39.0 -122.4586205,38.1610929,39.0 -122.4586363,38.1610833,39.0 -122.4586544,38.1610750,39.0 -122.4586769,38.1610686,39.0 -122.4586994,38.1610625,39.0 -122.4587182,38.1610559,39.0 -122.4587351,38.1610490,39.0 -122.4587521,38.1610421,39.0 -122.4587692,38.1610357,39.0 -122.4587866,38.1610298,41.2 -122.4588042,38.1610244,41.2 -122.4588228,38.1610197,41.2 -122.4588414,38.1610159,41.2 -122.4588596,38.1610125,41.2 -122.4588771,38.1610095,41.2 -122.4588931,38.1610067,41.2 -122.4589087,38.1610048,41.2 -122.4589245,38.1610039,41.2 -122.4589404,38.1610037,41.2 -122.4589569,38.1610042,42.5 -122.4589749,38.1610057,42.5 -122.4589934,38.1610078,42.5 -122.4590109,38.1610101,42.5 -122.4590281,38.1610130,42.5 -122.4590462,38.1610169,42.5 -122.4590654,38.1610220,42.5 -122.4590861,38.1610290,42.5 -122.4591083,38.1610376,42.5 -122.4591301,38.1610460,42.5 -122.4591507,38.1610536,44.3 -122.4591688,38.1610603,44.3 -122.4591838,38.1610667,44.3 -122.4591997,38.1610739,44.3 -122.4592190,38.1610825,44.3 -122.4592399,38.1610921,44.3 -122.4592608,38.1611020,44.3 -122.4592810,38.1611121,44.3 -122.4593008,38.1611224,44.3 -122.4593213,38.1611334,44.3 -122.4593427,38.1611448,44.7 -122.4593634,38.1611564,44.7 -122.4593839,38.1611684,44.7 -122.4594056,38.1611810,44.7 -122.4594273,38.1611936,44.7 -122.4594471,38.1612056,44.7 -122.4594641,38.1612170,44.7 -122.4594793,38.1612284,44.7 -122.4594945,38.1612401,44.7 -122.4595109,38.1612525,44.7 -122.4595287,38.1612657,45.7 -122.4595473,38.1612798,45.7 -122.4595655,38.1612939,45.7 -122.4595827,38.1613081,45.7 -122.4595997,38.1613224,45.7 -122.4596171,38.1613374,45.7 -122.4596350,38.1613531,45.7 -122.4596531,38.1613691,45.7 -122.4596714,38.1613854,45.7 -122.4596904,38.1614024,45.7 -122.4597102,38.1614202,47.1 -122.4597311,38.1614391,47.1 -122.4597546,38.1614603,47.1 -122.4597802,38.1614833,47.1 -122.4598059,38.1615057,47.1 -122.4598316,38.1615273,47.1 -122.4598571,38.1615487,47.1 -122.4598825,38.1615700,47.1 -122.4599075,38.1615914,47.1 -122.4599328,38.1616130,47.1 -122.4599582,38.1616347,47.3 -122.4599835,38.1616564,47.3 -122.4600086,38.1616784,47.3 -122.4600341,38.1617010,47.3 -122.4600596,38.1617237,47.3 -122.4600849,38.1617463,47.3 -122.4601099,38.1617690,47.3 -122.4601348,38.1617918,47.3 -122.4601596,38.1618146,47.3 -122.4601848,38.1618378,47.3 -122.4602102,38.1618612,46.3 -122.4602358,38.1618848,46.3 -122.4602611,38.1619082,46.3 -122.4602856,38.1619313,46.3 -122.4603089,38.1619540,46.3 -122.4603315,38.1619766,46.3 -122.4603540,38.1619994,46.3 -122.4603761,38.1620219,46.3 -122.4603984,38.1620443,46.3 -122.4604219,38.1620667,46.3 -122.4604457,38.1620888,45.8 -122.4604686,38.1621104,45.8 -122.4604901,38.1621315,45.8 -122.4605111,38.1621523,45.8 -122.4605320,38.1621726,45.8 -122.4605531,38.1621924,45.8 -122.4605743,38.1622123,45.8 -122.4605956,38.1622323,45.8 -122.4606166,38.1622516,45.8 -122.4606374,38.1622702,45.8 -122.4606587,38.1622887,44.5 -122.4606806,38.1623069,44.5 -122.4607024,38.1623246,44.5 -122.4607239,38.1623419,44.5 -122.4607458,38.1623589,44.5 -122.4607679,38.1623756,44.5 -122.4607901,38.1623916,44.5 -122.4608123,38.1624072,44.5 -122.4608347,38.1624223,44.5 -122.4608570,38.1624365,44.5 -122.4608794,38.1624499,44.0 -122.4609021,38.1624629,44.0 -122.4609253,38.1624756,44.0 -122.4609488,38.1624878,44.0 -122.4609724,38.1624993,44.0 -122.4609963,38.1625098,44.0 -122.4610203,38.1625193,44.0 -122.4610441,38.1625281,44.0 -122.4610683,38.1625369,44.0 -122.4610936,38.1625460,44.0 -122.4611193,38.1625545,45.1 -122.4611454,38.1625621,45.1 -122.4611717,38.1625690,45.1 -122.4611978,38.1625751,45.1 -122.4612235,38.1625804,45.1 -122.4612488,38.1625851,45.1 -122.4612745,38.1625893,45.1 -122.4613000,38.1625926,45.1 -122.4613258,38.1625953,45.1 -122.4613526,38.1625980,45.1 -122.4613807,38.1626006,48.2 -122.4614098,38.1626029,48.2 -122.4614393,38.1626049,48.2 -122.4614689,38.1626066,48.2 -122.4614980,38.1626079,48.2 -122.4615263,38.1626087,48.2 -122.4615547,38.1626092,48.2 -122.4615835,38.1626097,48.2 -122.4616126,38.1626100,48.2 -122.4616419,38.1626103,48.2 -122.4616711,38.1626108,51.1 -122.4616997,38.1626113,51.1 -122.4617280,38.1626121,51.1 -122.4617560,38.1626133,51.1 -122.4617836,38.1626147,51.1 -122.4618093,38.1626159,51.1 -122.4618324,38.1626170,51.1 -122.4618537,38.1626181,51.1 -122.4618747,38.1626197,51.1 -122.4618963,38.1626222,51.1 -122.4619191,38.1626258,53.9 -122.4619434,38.1626305,53.9 -122.4619681,38.1626361,53.9 -122.4619925,38.1626421,53.9 -122.4620171,38.1626484,53.9 -122.4620418,38.1626554,53.9 -122.4620665,38.1626630,53.9 -122.4620920,38.1626716,53.9 -122.4621193,38.1626816,53.9 -122.4621461,38.1626919,53.9 -122.4621714,38.1627024,55.9 -122.4621960,38.1627131,55.9 -122.4622199,38.1627244,55.9 -122.4622437,38.1627364,55.9 -122.4622677,38.1627491,55.9 -122.4622916,38.1627621,55.9 -122.4623149,38.1627754,55.9 -122.4623377,38.1627894,55.9 -122.4623603,38.1628041,55.9 -122.4623830,38.1628193,55.9 -122.4624055,38.1628348,56.8 -122.4624272,38.1628506,56.8 -122.4624478,38.1628668,56.8 -122.4624676,38.1628829,56.8 -122.4624866,38.1628991,56.8 -122.4625052,38.1629154,56.8 -122.4625235,38.1629325,56.8 -122.4625419,38.1629504,56.8 -122.4625610,38.1629692,56.8 -122.4625814,38.1629888,56.8 -122.4626035,38.1630095,56.6 -122.4626266,38.1630309,56.6 -122.4626492,38.1630524,56.6 -122.4626709,38.1630735,56.6 -122.4626920,38.1630948,56.6 -122.4627131,38.1631161,56.6 -122.4627342,38.1631377,56.6 -122.4627554,38.1631598,56.6 -122.4627762,38.1631822,56.6 -122.4627966,38.1632045,56.6 -122.4628164,38.1632260,55.2 -122.4628359,38.1632470,55.2 -122.4628557,38.1632683,55.2 -122.4628753,38.1632897,55.2 -122.4628942,38.1633101,55.2 -122.4629130,38.1633301,55.2 -122.4629317,38.1633501,55.2 -122.4629502,38.1633703,55.2 -122.4629684,38.1633908,55.2 -122.4629862,38.1634112,55.2 -122.4630039,38.1634316,52.6 -122.4630212,38.1634516,52.6 -122.4630380,38.1634709,52.6 -122.4630549,38.1634897,52.6 -122.4630715,38.1635082,52.6 -122.4630881,38.1635267,52.6 -122.4631046,38.1635449,52.6 -122.4631208,38.1635626,52.6 -122.4631364,38.1635799,52.6 -122.4631514,38.1635968,52.6 -122.4631659,38.1636131,51.0 -122.4631797,38.1636288,51.0 -122.4631935,38.1636448,51.0 -122.4632072,38.1636610,51.0 -122.4632206,38.1636773,51.0 -122.4632336,38.1636936,51.0 -122.4632459,38.1637096,51.0 -122.4632577,38.1637253,51.0 -122.4632692,38.1637411,51.0 -122.4632804,38.1637570,51.0 -122.4632912,38.1637730,49.5 -122.4633016,38.1637890,49.5 -122.4633116,38.1638050,49.5 -122.4633208,38.1638209,49.5 -122.4633293,38.1638368,49.5 -122.4633371,38.1638525,49.5 -122.4633443,38.1638685,49.5 -122.4633508,38.1638842,49.5 -122.4633567,38.1639001,49.5 -122.4633622,38.1639159,49.5 -122.4633673,38.1639317,48.0 -122.4633718,38.1639473,48.0 -122.4633756,38.1639631,48.0 -122.4633788,38.1639789,48.0 -122.4633813,38.1639947,48.0 -122.4633829,38.1640102,48.0 -122.4633840,38.1640258,48.0 -122.4633848,38.1640412,48.0 -122.4633846,38.1640564,48.0 -122.4633831,38.1640712,48.0 -122.4633810,38.1640860,46.5 -122.4633786,38.1641007,46.5 -122.4633759,38.1641152,46.5 -122.4633728,38.1641295,46.5 -122.4633691,38.1641435,46.5 -122.4633646,38.1641577,46.5 -122.4633595,38.1641716,46.5 -122.4633531,38.1641852,46.5 -122.4633459,38.1641987,46.5 -122.4633380,38.1642119,46.5 -122.4633223,38.1642231,44.6 -122.4632815,38.1642277,44.6 -122.4632187,38.1642263,44.6 -122.4631746,38.1642301,44.6 -122.4631566,38.1642412,44.6 -122.4631475,38.1642546,44.6 -122.4631378,38.1642676,44.6 -122.4631261,38.1642799,44.6 -122.4631128,38.1642917,44.6 -122.4630982,38.1643032,44.6 -122.4630825,38.1643144,42.7 -122.4630658,38.1643252,42.7 -122.4630482,38.1643357,42.7 -122.4630294,38.1643459,42.7 -122.4630092,38.1643556,42.7 -122.4629875,38.1643649,42.7 -122.4629646,38.1643739,42.7 -122.4629408,38.1643826,42.7 -122.4629163,38.1643909,42.7 -122.4628908,38.1643990,42.7 -122.4628646,38.1644069,40.4 -122.4628375,38.1644146,40.4 -122.4628096,38.1644219,40.4 -122.4627809,38.1644290,40.4 -122.4627519,38.1644361,40.4 -122.4627226,38.1644433,40.4 -122.4626926,38.1644507,40.4 -122.4626619,38.1644579,40.4 -122.4626306,38.1644649,40.4 -122.4625986,38.1644716,40.4 -122.4625659,38.1644779,36.5 -122.4625326,38.1644840,36.5 -122.4624989,38.1644900,36.5 -122.4624646,38.1644959,36.5 -122.4624299,38.1645016,36.5 -122.4623949,38.1645069,36.5 -122.4623597,38.1645116,36.5 -122.4623242,38.1645156,36.5 -122.4622886,38.1645192,36.5 -122.4622526,38.1645227,36.5 -122.4622163,38.1645259,34.6 -122.4621800,38.1645287,34.6 -122.4621437,38.1645312,34.6 -122.4621072,38.1645336,34.6 -122.4620708,38.1645356,34.6 -122.4620343,38.1645369,34.6 -122.4619981,38.1645376,34.6 -122.4619620,38.1645376,34.6 -122.4619260,38.1645372,34.6 -122.4618901,38.1645366,34.6 -122.4618544,38.1645355,33.2 -122.4618191,38.1645336,33.2 -122.4617839,38.1645312,33.2 -122.4617488,38.1645283,33.2 -122.4617137,38.1645249,33.2 -122.4616791,38.1645209,33.2 -122.4616447,38.1645166,33.2 -122.4616103,38.1645116,33.2 -122.4615761,38.1645059,33.2 -122.4615420,38.1644996,33.2 -122.4615084,38.1644930,31.9 -122.4614764,38.1644863,31.9 -122.4614467,38.1644796,31.9 -122.4614178,38.1644725,31.9 -122.4613883,38.1644646,31.9 -122.4613579,38.1644559,31.9 -122.4613270,38.1644466,31.9 -122.4612960,38.1644366,31.9 -122.4612650,38.1644259,31.9 -122.4612340,38.1644146,31.9 -122.4612031,38.1644029,29.4 -122.4611723,38.1643906,29.4 -122.4611417,38.1643775,29.4 -122.4611109,38.1643636,29.4 -122.4610801,38.1643489,29.4 -122.4610494,38.1643339,29.4 -122.4610191,38.1643183,29.4 -122.4609891,38.1643021,29.4 -122.4609594,38.1642853,29.4 -122.4609301,38.1642678,29.4 -122.4609010,38.1642496,28.0 -122.4608721,38.1642306,28.0 -122.4608434,38.1642109,28.0 -122.4608151,38.1641909,28.0 -122.4607871,38.1641706,28.0 -122.4607594,38.1641496,28.0 -122.4607324,38.1641279,28.0 -122.4607058,38.1641056,28.0 -122.4606793,38.1640829,28.0 -122.4606532,38.1640599,28.0 -122.4606278,38.1640366,29.4 -122.4606034,38.1640126,29.4 -122.4605794,38.1639879,29.4 -122.4605552,38.1639626,29.4 -122.4605308,38.1639366,29.4 -122.4605063,38.1639102,29.4 -122.4604822,38.1638837,29.4 -122.4604585,38.1638569,29.4 -122.4604352,38.1638299,29.4 -122.4604115,38.1638026,29.4 -122.4603881,38.1637749,31.4 -122.4603650,38.1637470,31.4 -122.4603419,38.1637190,31.4 -122.4603186,38.1636909,31.4 -122.4602950,38.1636626,31.4 -122.4602713,38.1636340,31.4 -122.4602478,38.1636053,31.4 -122.4602243,38.1635768,31.4 -122.4602011,38.1635483,31.4 -122.4601783,38.1635201,31.4 -122.4601558,38.1634924,33.8 -122.4601333,38.1634651,33.8 -122.4601111,38.1634381,33.8 -122.4600891,38.1634114,33.8 -122.4600674,38.1633851,33.8 -122.4600461,38.1633593,33.8 -122.4600251,38.1633338,33.8 -122.4600043,38.1633086,33.8 -122.4599838,38.1632838,33.8 -122.4599633,38.1632593,33.8 -122.4599431,38.1632351,34.0 -122.4599231,38.1632111,34.0 -122.4599033,38.1631873,34.0 -122.4598838,38.1631638,34.0 -122.4598642,38.1631407,34.0 -122.4598448,38.1631181,34.0 -122.4598252,38.1630960,34.0 -122.4598058,38.1630741,34.0 -122.4597862,38.1630524,34.0 -122.4597668,38.1630311,34.0 -122.4597472,38.1630104,32.8 -122.4597277,38.1629901,32.8 -122.4597079,38.1629704,32.8 -122.4596880,38.1629511,32.8 -122.4596679,38.1629324,32.8 -122.4596477,38.1629141,32.8 -122.4596272,38.1628964,32.8 -122.4596067,38.1628791,32.8 -122.4595859,38.1628621,32.8 -122.4595647,38.1628454,32.8 -122.4595432,38.1628294,30.5 -122.4595216,38.1628141,30.5 -122.4594996,38.1627994,30.5 -122.4594772,38.1627851,30.5 -122.4594547,38.1627711,30.5 -122.4594319,38.1627574,30.5 -122.4594086,38.1627444,30.5 -122.4593850,38.1627321,30.5 -122.4593612,38.1627204,30.5 -122.4593374,38.1627095,30.5 -122.4593132,38.1626994,28.3 -122.4592887,38.1626901,28.3 -122.4592639,38.1626814,28.3 -122.4592390,38.1626734,28.3 -122.4592140,38.1626661,28.3 -122.4591889,38.1626594,28.3 -122.4591636,38.1626531,28.3 -122.4591380,38.1626474,28.3 -122.4591123,38.1626421,28.3 -122.4590867,38.1626374,28.3 -122.4590609,38.1626334,26.2 -122.4590350,38.1626301,26.2 -122.4590091,38.1626274,26.2 -122.4589833,38.1626255,26.2 -122.4589578,38.1626244,26.2 -122.4589322,38.1626241,26.2 -122.4589068,38.1626244,26.2 -122.4588812,38.1626251,26.2 -122.4588558,38.1626264,26.2 -122.4588302,38.1626284,26.2 -122.4588048,38.1626312,24.3 -122.4587792,38.1626347,24.3 -122.4587538,38.1626389,24.3 -122.4587283,38.1626437,24.3 -122.4587031,38.1626492,24.3 -122.4586780,38.1626554,24.3 -122.4586531,38.1626624,24.3 -122.4586284,38.1626701,24.3 -122.4586041,38.1626781,24.3 -122.4585800,38.1626867,24.3 -122.4585560,38.1626961,22.1 -122.4585321,38.1627061,22.1 -122.4585084,38.1627164,22.1 -122.4584854,38.1627274,22.1 -122.4584631,38.1627391,22.1 -122.4584411,38.1627514,22.1 -122.4584194,38.1627641,22.1 -122.4583981,38.1627774,22.1 -122.4583774,38.1627914,22.1 -122.4583571,38.1628061,22.1 -122.4583374,38.1628211,19.7 -122.4583184,38.1628364,19.7 -122.4583001,38.1628524,19.7 -122.4582821,38.1628691,19.7 -122.4582647,38.1628861,19.7 -122.4582481,38.1629037,19.7 -122.4582321,38.1629218,19.7 -122.4582164,38.1629404,19.7 -122.4582014,38.1629594,19.7 -122.4581871,38.1629791,19.7 -122.4581734,38.1629990,17.1 -122.4581604,38.1630191,17.1 -122.4581482,38.1630394,17.1 -122.4581367,38.1630604,17.1 -122.4581262,38.1630818,17.1 -122.4581164,38.1631033,17.1 -122.4581072,38.1631251,17.1 -122.4580988,38.1631473,17.1 -122.4580915,38.1631698,17.1 -122.4580851,38.1631923,17.1 -122.4580794,38.1632151,14.6 -122.4580745,38.1632380,14.6 -122.4580708,38.1632610,14.6 -122.4580682,38.1632839,14.6 -122.4580665,38.1633068,14.6 -122.4580657,38.1633296,14.6 -122.4580659,38.1633528,14.6 -122.4580667,38.1633759,14.6 -122.4580682,38.1633990,14.6 -122.4580707,38.1634219,14.6 -122.4580742,38.1634447,14.5 -122.4580787,38.1634673,14.5 -122.4580842,38.1634901,14.5 -122.4580904,38.1635129,14.5 -122.4580972,38.1635357,14.5 -122.4581047,38.1635583,14.5 -122.4581132,38.1635811,14.5 -122.4581224,38.1636040,14.5 -122.4581324,38.1636270,14.5 -122.4581432,38.1636500,14.5 -122.4581547,38.1636730,15.5 -122.4581671,38.1636960,15.5 -122.4581801,38.1637189,15.5 -122.4581937,38.1637417,15.5 -122.4582082,38.1637643,15.5 -122.4582234,38.1637870,15.5 -122.4582394,38.1638097,15.5 -122.4582561,38.1638322,15.5 -122.4582735,38.1638547,15.5 -122.4582917,38.1638769,15.5 -122.4583109,38.1638990,16.4 -122.4583307,38.1639210,16.4 -122.4583512,38.1639429,16.4 -122.4583724,38.1639647,16.4 -122.4583944,38.1639863,16.4 -122.4584171,38.1640080,16.4 -122.4584404,38.1640297,16.4 -122.4584641,38.1640512,16.4 -122.4584884,38.1640727,16.4 -122.4585134,38.1640939,16.4 -122.4585391,38.1641147,17.3 -122.4585654,38.1641352,17.3 -122.4585921,38.1641558,17.3 -122.4586191,38.1641763,17.3 -122.4586464,38.1641970,17.3 -122.4586744,38.1642177,17.3 -122.4587028,38.1642382,17.3 -122.4587317,38.1642587,17.3 -122.4587611,38.1642789,17.3 -122.4587911,38.1642990,17.3 -122.4588214,38.1643190,18.2 -122.4588521,38.1643390,18.2 -122.4588834,38.1643590,18.2 -122.4589154,38.1643790,18.2 -122.4589481,38.1643990,18.2 -122.4589811,38.1644190,18.2 -122.4590144,38.1644390,18.2 -122.4590481,38.1644590,18.2 -122.4590824,38.1644789,18.2 -122.4591171,38.1644987,18.2 -122.4591521,38.1645183,19.4 -122.4591874,38.1645381,19.4 -122.4592234,38.1645580,19.4 -122.4592598,38.1645780,19.4 -122.4592964,38.1645979,19.4 -122.4593334,38.1646177,19.4 -122.4593708,38.1646372,19.4 -122.4594084,38.1646567,19.4 -122.4594464,38.1646760,19.4 -122.4594851,38.1646954,19.4 -122.4595241,38.1647150,21.5 -122.4595634,38.1647347,21.5 -122.4596031,38.1647542,21.5 -122.4596431,38.1647737,21.5 -122.4596833,38.1647929,21.5 -122.4597238,38.1648120,21.5 -122.4597644,38.1648310,21.5 -122.4598054,38.1648500,21.5 -122.4598468,38.1648690,21.5 -122.4598883,38.1648880,21.5 -122.4599301,38.1649069,23.6 -122.4599724,38.1649257,23.6 -122.4600151,38.1649443,23.6 -122.4600580,38.1649630,23.6 -122.4601010,38.1649817,23.6 -122.4601441,38.1650002,23.6 -122.4601874,38.1650188,23.6 -122.4602311,38.1650372,23.6 -122.4602751,38.1650557,23.6 -122.4603193,38.1650740,23.6 -122.4603638,38.1650923,25.6 -122.4604083,38.1651107,25.6 -122.4604531,38.1651289,25.6 -122.4604980,38.1651470,25.6 -122.4605430,38.1651650,25.6 -122.4605879,38.1651830,25.6 -122.4606326,38.1652009,25.6 -122.4606769,38.1652187,25.6 -122.4607210,38.1652362,25.6 -122.4607649,38.1652537,25.6 -122.4608086,38.1652709,27.6 -122.4608516,38.1652880,27.6 -122.4608939,38.1653049,27.6 -122.4609359,38.1653216,27.6 -122.4609776,38.1653379,27.6 -122.4610186,38.1653540,27.6 -122.4610589,38.1653700,27.6 -122.4610986,38.1653859,27.6 -122.4611378,38.1654016,27.6 -122.4611763,38.1654169,27.6 -122.4612138,38.1654319,29.5 -122.4612506,38.1654466,29.5 -122.4612869,38.1654610,29.5 -122.4613229,38.1654753,29.5 -122.4613583,38.1654897,29.5 -122.4613931,38.1655039,29.5 -122.4614273,38.1655179,29.5 -122.4614608,38.1655316,29.5 -122.4614936,38.1655449,29.5 -122.4615256,38.1655580,29.5 -122.4615569,38.1655709,31.6 -122.4615879,38.1655836,31.6 -122.4616186,38.1655959,31.6 -122.4616486,38.1656076,31.6 -122.4616779,38.1656186,31.6 -122.4617067,38.1656290,31.6 -122.4617352,38.1656394,31.6 -122.4617636,38.1656501,31.6 -122.4617916,38.1656609,31.6 -122.4618189,38.1656717,31.6 -122.4618459,38.1656822,32.8 -122.4618727,38.1656927,32.8 -122.4618992,38.1657029,32.8 -122.4619254,38.1657130,32.8 -122.4619511,38.1657230,32.8 -122.4619764,38.1657330,32.8 -122.4620012,38.1657429,32.8 -122.4620257,38.1657527,32.8 -122.4620499,38.1657623,32.8 -122.4620736,38.1657720,32.8 -122.4620969,38.1657817,33.7 -122.4621196,38.1657912,33.7 -122.4621419,38.1658008,33.7 -122.4621639,38.1658102,33.7 -122.4621856,38.1658198,33.7 -122.4622066,38.1658292,33.7 -122.4622269,38.1658388,33.7 -122.4622469,38.1658483,33.7 -122.4622666,38.1658580,33.7 -122.4622859,38.1658678,33.7 -122.4623046,38.1658776,34.7 -122.4623226,38.1658878,34.7 -122.4623399,38.1658980,34.7 -122.4623569,38.1659084,34.7 -122.4623736,38.1659191,34.7 -122.4623896,38.1659300,34.7 -122.4624049,38.1659410,34.7 -122.4624196,38.1659521,34.7 -122.4624339,38.1659633,34.7 -122.4624476,38.1659748,34.7 -122.4624606,38.1659863,35.2 -122.4624729,38.1659981,35.2 -122.4624849,38.1660101,35.2 -122.4624963,38.1660224,35.2 -122.4625069,38.1660350,35.2 -122.4625169,38.1660477,35.2 -122.4625263,38.1660604,35.2 -122.4625349,38.1660734,35.2 -122.4625429,38.1660871,35.2 -122.4625506,38.1661010,35.2 -122.4625576,38.1661149,35.5 -122.4625639,38.1661288,35.5 -122.4625696,38.1661426,35.5 -122.4625745,38.1661568,35.5 -122.4625782,38.1661709,35.5 -122.4625808,38.1661850,35.5 -122.4625826,38.1661991,35.5 -122.4625835,38.1662133,35.5 -122.4625835,38.1662278,35.5 -122.4625825,38.1662422,35.5 -122.4625806,38.1662568,35.6 -122.4625778,38.1662712,35.6 -122.4625743,38.1662857,35.6 -122.4625698,38.1662999,35.6 -122.4625645,38.1663140,35.6 -122.4625582,38.1663279,35.6 -122.4625508,38.1663417,35.6 -122.4625426,38.1663552,35.6 -122.4625335,38.1663687,35.6 -122.4625235,38.1663819,35.6 -122.4625125,38.1663949,35.7 -122.4625006,38.1664076,35.7 -122.4624879,38.1664196,35.7 -122.4624746,38.1664309,35.7 -122.4624606,38.1664416,35.7 -122.4624459,38.1664519,35.7 -122.4624306,38.1664619,35.7 -122.4624149,38.1664713,35.7 -122.4623986,38.1664799,35.7 -122.4623816,38.1664879,35.7 -122.4623639,38.1664956,35.7 -122.4623456,38.1665026,35.7 -122.4623269,38.1665089,35.7 -122.4623076,38.1665149,35.7 -122.4622879,38.1665203,35.7 -122.4622676,38.1665248,35.7 -122.4622469,38.1665286,35.7 -122.4622259,38.1665318,35.7 -122.4622046,38.1665343,35.7 -122.4621829,38.1665358,35.7 -122.4621607,38.1665366,35.4 -122.4621382,38.1665366,35.4 -122.4621156,38.1665359,35.4 -122.4620926,38.1665346,35.4 -122.4620692,38.1665328,35.4 -122.4620457,38.1665302,35.4 -122.4620219,38.1665265,35.4 -122.4619979,38.1665219,35.4 -122.4619737,38.1665166,35.4 -122.4619492,38.1665108,35.4 -122.4619247,38.1665043,35.1 -122.4618999,38.1664969,35.1 -122.4618749,38.1664889,35.1 -122.4618497,38.1664806,35.1 -122.4618242,38.1664715,35.1 -122.4617987,38.1664615,35.1 -122.4617729,38.1664506,35.1 -122.4617469,38.1664392,35.1 -122.4617207,38.1664273,35.1 -122.4616942,38.1664148,35.1 -122.4616677,38.1664016,34.5 -122.4616409,38.1663879,34.5 -122.4616137,38.1663739,34.5 -122.4615862,38.1663593,34.5 -122.4615588,38.1663439,34.5 -122.4615312,38.1663279,34.5 -122.4615037,38.1663116,34.5 -122.4614759,38.1662949,34.5 -122.4614480,38.1662779,34.5 -122.4614199,38.1662606,34.5 -122.4613917,38.1662429,33.7 -122.4613632,38.1662250,33.7 -122.4613347,38.1662070,33.7 -122.4613059,38.1661889,33.7 -122.4612766,38.1661706,33.7 -122.4612469,38.1661519,33.7 -122.4612169,38.1661326,33.7 -122.4611866,38.1661130,33.7 -122.4611556,38.1660933,33.7 -122.4611242,38.1660738,33.7 -122.4610926,38.1660542,32.4 -122.4610606,38.1660348,32.4 -122.4610279,38.1660152,32.4 -122.4609947,38.1659958,32.4 -122.4609612,38.1659763,32.4 -122.4609273,38.1659571,32.4 -122.4608929,38.1659380,32.4 -122.4608580,38.1659190,32.4 -122.4608229,38.1659001,32.4 -122.4607876,38.1658814,32.4 -122.4607519,38.1658631,30.3 -122.4607156,38.1658451,30.3 -122.4606786,38.1658274,30.3 -122.4606412,38.1658101,30.3 -122.4606037,38.1657931,30.3 -122.4605659,38.1657763,30.3 -122.4605279,38.1657598,30.3 -122.4604897,38.1657432,30.3 -122.4604512,38.1657268,30.3 -122.4604128,38.1657102,30.3 -122.4603743,38.1656937,28.7 -122.4603361,38.1656769,28.7 -122.4602984,38.1656600,28.7 -122.4602611,38.1656429,28.7 -122.4602240,38.1656257,28.7 -122.4601870,38.1656082,28.7 -122.4601501,38.1655906,28.7 -122.4601137,38.1655726,28.7 -122.4600781,38.1655539,28.7 -122.4600430,38.1655350,28.7 -122.4600081,38.1655159,26.7 -122.4599734,38.1654966,26.7 -122.4599391,38.1654769,26.7 -122.4599054,38.1654567,26.7 -122.4598722,38.1654362,26.7 -122.4598397,38.1654156,26.7 -122.4598078,38.1653946,26.7 -122.4597761,38.1653733,26.7 -122.4597446,38.1653521,26.7 -122.4597135,38.1653311,26.7 -122.4596822,38.1653103,25.2 -122.4596511,38.1652898,25.2 -122.4596200,38.1652693,25.2 -122.4595890,38.1652491,25.2 -122.4595580,38.1652294,25.2 -122.4595269,38.1652101,25.2 -122.4594957,38.1651913,25.2 -122.4594642,38.1651728,25.2 -122.4594327,38.1651547,25.2 -122.4594010,38.1651372,25.2 -122.4593692,38.1651204,24.0 -122.4593374,38.1651041,24.0 -122.4593052,38.1650884,24.0 -122.4592727,38.1650734,24.0 -122.4592399,38.1650591,24.0 -122.4592070,38.1650454,24.0 -122.4591740,38.1650321,24.0 -122.4591409,38.1650194,24.0 -122.4591077,38.1650074,24.0 -122.4590742,38.1649961,24.0 -122.4590407,38.1649854,22.8 -122.4590069,38.1649751,22.8 -122.4589726,38.1649654,22.8 -122.4589379,38.1649564,22.8 -122.4589029,38.1649481,22.8 -122.4588676,38.1649404,22.8 -122.4588319,38.1649331,22.8 -122.4587959,38.1649264,22.8 -122.4587596,38.1649204,22.8 -122.4587229,38.1649151,22.8 -122.4586859,38.1649104,21.6 -122.4586487,38.1649061,21.6 -122.4586112,38.1649023,21.6 -122.4585736,38.1648988,21.6 -122.4585356,38.1648952,21.6 -122.4584972,38.1648918,21.6 -122.4584588,38.1648882,21.6 -122.4584206,38.1648844,21.6 -122.4583828,38.1648802,21.6 -122.4583449,38.1648756,21.6 -122.4583070,38.1648706,19.9 -122.4582691,38.1648649,19.9 -122.4582313,38.1648586,19.9 -122.4581937,38.1648518,19.9 -122.4581560,38.1648443,19.9 -122.4581183,38.1648358,19.9 -122.4580808,38.1648266,19.9 -122.4580436,38.1648169,19.9 -122.4580068,38.1648066,19.9 -122.4579699,38.1647959,19.9 -122.4579330,38.1647846,18.4 -122.4578960,38.1647725,18.4 -122.4578590,38.1647596,18.4 -122.4578220,38.1647459,18.4 -122.4577851,38.1647316,18.4 -122.4577484,38.1647169,18.4 -122.4577121,38.1647019,18.4 -122.4576759,38.1646863,18.4 -122.4576397,38.1646699,18.4 -122.4576032,38.1646529,18.4 -122.4575668,38.1646356,17.5 -122.4575302,38.1646179,17.5 -122.4574938,38.1645996,17.5 -122.4574572,38.1645809,17.5 -122.4574208,38.1645620,17.5 -122.4573843,38.1645429,17.5 -122.4573480,38.1645236,17.5 -122.4573116,38.1645035,17.5 -122.4572749,38.1644826,17.5 -122.4572381,38.1644613,17.5 -122.4572013,38.1644401,16.9 -122.4571647,38.1644189,16.9 -122.4571279,38.1643976,16.9 -122.4570907,38.1643759,16.9 -122.4570533,38.1643539,16.9 -122.4570160,38.1643316,16.9 -122.4569786,38.1643089,16.9 -122.4569409,38.1642860,16.9 -122.4569027,38.1642630,16.9 -122.4568643,38.1642399,16.9 -122.4568260,38.1642165,14.9 -122.4567876,38.1641923,14.9 -122.4567490,38.1641675,14.9 -122.4567104,38.1641428,14.9 -122.4566721,38.1641183,14.9 -122.4566340,38.1640941,14.9 -122.4565961,38.1640700,14.9 -122.4565584,38.1640460,14.9 -122.4565211,38.1640220,14.9 -122.4564841,38.1639981,14.9 -122.4564474,38.1639744,11.8 -122.4564111,38.1639511,11.8 -122.4563754,38.1639281,11.8 -122.4563401,38.1639054,11.8 -122.4563054,38.1638831,11.8 -122.4562711,38.1638611,11.8 -122.4562374,38.1638394,11.8 -122.4562041,38.1638181,11.8 -122.4561714,38.1637971,11.8 -122.4561391,38.1637763,11.8 -122.4561073,38.1637558,10.0 -122.4560758,38.1637353,10.0 -122.4560447,38.1637151,10.0 -122.4560141,38.1636954,10.0 -122.4559841,38.1636761,10.0 -122.4559544,38.1636570,10.0 -122.4559251,38.1636381,10.0 -122.4558961,38.1636194,10.0 -122.4558674,38.1636011,10.0 -122.4558394,38.1635830,10.0 -122.4558121,38.1635651,8.6 -122.4557851,38.1635474,8.6 -122.4557584,38.1635301,8.6 -122.4557321,38.1635131,8.6 -122.4557064,38.1634964,8.6 -122.4556811,38.1634801,8.6 -122.4556561,38.1634640,8.6 -122.4556314,38.1634481,8.6 -122.4556071,38.1634324,8.6 -122.4555834,38.1634171,8.6 -122.4555601,38.1634021,7.6 -122.4555374,38.1633873,7.6 -122.4555151,38.1633728,7.6 -122.4554931,38.1633583,7.6 -122.4554714,38.1633441,7.6 -122.4554501,38.1633300,7.6 -122.4554294,38.1633161,7.6 -122.4554094,38.1633024,7.6 -122.4553901,38.1632890,7.6 -122.4553713,38.1632757,7.6 -122.4553528,38.1632623,6.8 -122.4553347,38.1632491,6.8 -122.4553171,38.1632359,6.8 -122.4553001,38.1632227,6.8 -122.4552838,38.1632093,6.8 -122.4552684,38.1631961,6.8 -122.4552538,38.1631830,6.8 -122.4552397,38.1631700,6.8 -122.4552262,38.1631570,6.8 -122.4552134,38.1631440,6.8 -122.4552012,38.1631310,6.0 -122.4551897,38.1631180,6.0 -122.4551789,38.1631050,6.0 -122.4551687,38.1630920,6.0 -122.4551592,38.1630790,6.0 -122.4551504,38.1630659,6.0 -122.4551424,38.1630527,6.0 -122.4551351,38.1630392,6.0 -122.4551284,38.1630258,6.0 -122.4551222,38.1630122,6.0 -122.4551168,38.1629988,5.3 -122.4551125,38.1629852,5.3 -122.4551091,38.1629718,5.3 -122.4551064,38.1629582,5.3 -122.4551044,38.1629447,5.3 -122.4551031,38.1629309,5.3 -122.4551025,38.1629171,5.3 -122.4551027,38.1629034,5.3 -122.4551038,38.1628901,5.3 -122.4551052,38.1628771,5.3 -122.4551068,38.1628644,5.6 -122.4551083,38.1628520,5.6 -122.4551100,38.1628397,5.6 -122.4551117,38.1628273,5.6 -122.4551132,38.1628151,5.6 -122.4551147,38.1628030,5.6 -122.4551159,38.1627909,5.6 -122.4551166,38.1627786,5.6 -122.4551165,38.1627660,5.6 -122.4551156,38.1627532,5.6 -122.4551138,38.1627404,5.7 -122.4551112,38.1627272,5.7 -122.4551075,38.1627141,5.7 -122.4551029,38.1627013,5.7 -122.4550976,38.1626887,5.7 -122.4550918,38.1626760,5.7 -122.4550853,38.1626634,5.7 -122.4550778,38.1626511,5.7 -122.4550696,38.1626389,5.7 -122.4550606,38.1626268,5.7 -122.4550508,38.1626146,6.0 -122.4550403,38.1626028,6.0 -122.4550288,38.1625912,6.0 -122.4550166,38.1625798,6.0 -122.4550035,38.1625683,6.0 -122.4549896,38.1625571,6.0 -122.4549748,38.1625463,6.0 -122.4549593,38.1625358,6.0 -122.4549428,38.1625253,6.0 -122.4549256,38.1625151,6.0 -122.4549075,38.1625051,5.9 -122.4548885,38.1624953,5.9 -122.4548686,38.1624858,5.9 -122.4548479,38.1624766,5.9 -122.4548266,38.1624678,5.9 -122.4548045,38.1624593,5.9 -122.4547815,38.1624511,5.9 -122.4547576,38.1624433,5.9 -122.4547328,38.1624358,5.9 -122.4547073,38.1624284,5.9 -122.4546809,38.1624214,5.6 -122.4546539,38.1624151,5.6 -122.4546263,38.1624090,5.6 -122.4545978,38.1624031,5.6 -122.4545686,38.1623974,5.6 -122.4545386,38.1623921,5.6 -122.4545079,38.1623874,5.6 -122.4544769,38.1623831,5.6 -122.4544456,38.1623791,5.6 -122.4544136,38.1623753,5.6 -122.4543809,38.1623718,5.4 -122.4543479,38.1623682,5.4 -122.4543147,38.1623648,5.4 -122.4542812,38.1623612,5.4 -122.4542478,38.1623574,5.4 -122.4542142,38.1623532,5.4 -122.4541807,38.1623490,5.4 -122.4541470,38.1623446,5.4 -122.4541133,38.1623399,5.4 -122.4540798,38.1623349,5.4 -122.4540462,38.1623296,4.8 -122.4540127,38.1623239,4.8 -122.4539790,38.1623176,4.8 -122.4539454,38.1623109,4.8 -122.4539121,38.1623036,4.8 -122.4538793,38.1622956,4.8 -122.4538467,38.1622869,4.8 -122.4538140,38.1622776,4.8 -122.4537814,38.1622676,4.8 -122.4537491,38.1622569,4.8 -122.4537170,38.1622456,4.1 -122.4536851,38.1622339,4.1 -122.4536534,38.1622216,4.1 -122.4536221,38.1622089,4.1 -122.4535914,38.1621955,4.1 -122.4535611,38.1621812,4.1 -122.4535310,38.1621655,4.1 -122.4535011,38.1621489,4.1 -122.4534714,38.1621316,4.1 -122.4534424,38.1621139,4.1 -122.4534141,38.1620956,3.6 -122.4533864,38.1620769,3.6 -122.4533591,38.1620579,3.6 -122.4533324,38.1620382,3.6 -122.4533061,38.1620176,3.6 -122.4532804,38.1619962,3.6 -122.4532551,38.1619743,3.6 -122.4532301,38.1619519,3.6 -122.4532054,38.1619289,3.6 -122.4531814,38.1619056,3.6 -122.4531581,38.1618816,3.7 -122.4531351,38.1618569,3.7 -122.4531124,38.1618316,3.7 -122.4530901,38.1618059,3.7 -122.4530681,38.1617796,3.7 -122.4530464,38.1617528,3.7 -122.4530251,38.1617253,3.7 -122.4530044,38.1616972,3.7 -122.4529841,38.1616687,3.7 -122.4529641,38.1616399,3.7 -122.4529444,38.1616106,3.4 -122.4529251,38.1615806,3.4 -122.4529063,38.1615499,3.4 -122.4528878,38.1615189,3.4 -122.4528693,38.1614873,3.4 -122.4528511,38.1614552,3.4 -122.4528334,38.1614229,3.4 -122.4528161,38.1613903,3.4 -122.4527991,38.1613572,3.4 -122.4527824,38.1613237,3.4 -122.4527661,38.1612900,3.3 -122.4527501,38.1612563,3.3 -122.4527343,38.1612228,3.3 -122.4527188,38.1611892,3.3 -122.4527033,38.1611558,3.3 -122.4526881,38.1611223,3.3 -122.4526734,38.1610891,3.3 -122.4526591,38.1610561,3.3 -122.4526451,38.1610234,3.3 -122.4526314,38.1609912,3.3 -122.4526181,38.1609597,3.1 -122.4526051,38.1609291,3.1 -122.4525924,38.1608991,3.1 -122.4525801,38.1608697,3.1 -122.4525684,38.1608411,3.1 -122.4525571,38.1608131,3.1 -122.4525460,38.1607854,3.1 -122.4525351,38.1607584,3.1 -122.4525244,38.1607321,3.1 -122.4525141,38.1607061,3.1 -122.4525043,38.1606807,2.5 -122.4524948,38.1606558,2.5 -122.4524853,38.1606313,2.5 -122.4524761,38.1606072,2.5 -122.4524671,38.1605837,2.5 -122.4524584,38.1605608,2.5 -122.4524501,38.1605384,2.5 -122.4524421,38.1605164,2.5 -122.4524343,38.1604951,2.5 -122.4524268,38.1604744,2.5 -122.4524194,38.1604541,2.2 -122.4524124,38.1604344,2.2 -122.4524058,38.1604151,2.2 -122.4523993,38.1603961,2.2 -122.4523931,38.1603777,2.2 -122.4523874,38.1603598,2.2 -122.4523821,38.1603424,2.2 -122.4523771,38.1603255,2.2 -122.4523724,38.1603094,2.2 -122.4523681,38.1602937,2.2 -122.4523643,38.1602780,2.5 -122.4523608,38.1602623,2.5 -122.4523577,38.1602468,2.5 -122.4523551,38.1602317,2.5 -122.4523531,38.1602171,2.5 -122.4523514,38.1602031,2.5 -122.4523501,38.1601893,2.5 -122.4523494,38.1601758,2.5 -122.4523494,38.1601623,2.5 -122.4523501,38.1601491,2.5 -122.4523511,38.1601364,2.4 -122.4523527,38.1601241,2.4 -122.4523549,38.1601124,2.4 -122.4523577,38.1601011,2.4 -122.4523615,38.1600904,2.4 -122.4523661,38.1600805,2.4 -122.4523714,38.1600718,2.4 -122.4523774,38.1600641,2.4 -122.4523841,38.1600567,2.4 -122.4523910,38.1600492,2.4 -122.4523981,38.1600418,2.8 -122.4524054,38.1600344,2.8 -122.4524134,38.1600274,2.8 -122.4524218,38.1600211,2.8 -122.4524306,38.1600154,2.8 -122.4524398,38.1600101,2.8 -122.4524490,38.1600054,2.8 -122.4524584,38.1600011,2.8 -122.4524681,38.1599971,2.8 -122.4524784,38.1599934,2.8 -122.4524894,38.1599901,2.5 -122.4525007,38.1599872,2.5 -122.4525121,38.1599845,2.5 -122.4525237,38.1599820,2.5 -122.4525361,38.1599803,2.5 -122.4525491,38.1599798,2.5 -122.4525624,38.1599808,2.5 -122.4525761,38.1599832,2.5 -122.4525900,38.1599864,2.5 -122.4526041,38.1599901,2.5 -122.4526183,38.1599942,1.4 -122.4526328,38.1599994,1.4 -122.4526474,38.1600062,1.4 -122.4526624,38.1600136,1.4 -122.4526778,38.1600211,1.4 -122.4526933,38.1600287,1.4 -122.4527091,38.1600372,1.4 -122.4527250,38.1600464,1.4 -122.4527410,38.1600561,1.4 -122.4527571,38.1600664,1.4 -122.4527732,38.1600774,3.0 -122.4527895,38.1600888,3.0 -122.4528056,38.1601004,3.0 -122.4528221,38.1601125,3.0 -122.4528391,38.1601254,3.0 -122.4528564,38.1601391,3.0 -122.4528741,38.1601534,3.0 -122.4528923,38.1601681,3.0 -122.4529108,38.1601834,3.0 -122.4529294,38.1601994,3.0 -122.4529484,38.1602158,3.7 -122.4529678,38.1602323,3.7 -122.4529872,38.1602491,3.7 -122.4530068,38.1602664,3.7 -122.4530266,38.1602841,3.7 -122.4530468,38.1603021,3.7 -122.4530673,38.1603204,3.7 -122.4530881,38.1603391,3.7 -122.4531094,38.1603581,3.7 -122.4531311,38.1603774,3.7 -122.4531534,38.1603971,3.9 -122.4531761,38.1604171,3.9 -122.4531991,38.1604374,3.9 -122.4532224,38.1604581,3.9 -122.4532464,38.1604794,3.9 -122.4532711,38.1605011,3.9 -122.4532961,38.1605230,3.9 -122.4533217,38.1605450,3.9 -122.4533478,38.1605671,3.9 -122.4533744,38.1605893,3.9 -122.4534014,38.1606118,4.2 -122.4534288,38.1606343,4.2 -122.4534567,38.1606571,4.2 -122.4534851,38.1606800,4.2 -122.4535140,38.1607030,4.2 -122.4535431,38.1607260,4.2 -122.4535724,38.1607491,4.2 -122.4536024,38.1607723,4.2 -122.4536331,38.1607958,4.2 -122.4536641,38.1608193,4.2 -122.4536954,38.1608431,4.5 -122.4537271,38.1608671,4.5 -122.4537591,38.1608913,4.5 -122.4537914,38.1609157,4.5 -122.4538241,38.1609400,4.5 -122.4538574,38.1609643,4.5 -122.4538911,38.1609888,4.5 -122.4539251,38.1610133,4.5 -122.4539594,38.1610381,4.5 -122.4539941,38.1610630,4.5 -122.4540291,38.1610881,4.9 -122.4540644,38.1611133,4.9 -122.4541001,38.1611387,4.9 -122.4541361,38.1611640,4.9 -122.4541724,38.1611894,4.9 -122.4542091,38.1612151,4.9 -122.4542461,38.1612410,4.9 -122.4542834,38.1612670,4.9 -122.4543211,38.1612930,4.9 -122.4543590,38.1613190,4.9 -122.4543970,38.1613450,5.4 -122.4544349,38.1613709,5.4 -122.4544727,38.1613966,5.4 -122.4545102,38.1614219,5.4 -122.4545473,38.1614469,5.4 -122.4545839,38.1614716,5.4 -122.4546199,38.1614959,5.4 -122.4546556,38.1615199,5.4 -122.4546906,38.1615436,5.4 -122.4547249,38.1615669,5.4 -122.4547586,38.1615899,6.0 -122.4547916,38.1616126,6.0 -122.4548239,38.1616349,6.0 -122.4548556,38.1616566,6.0 -122.4548866,38.1616775,6.0 -122.4549169,38.1616976,6.0 -122.4549469,38.1617172,6.0 -122.4549763,38.1617367,6.0 -122.4550052,38.1617559,6.0 -122.4550336,38.1617746,6.0 -122.4550615,38.1617929,6.4 -122.4550886,38.1618110,6.4 -122.4551152,38.1618289,6.4 -122.4551416,38.1618466,6.4 -122.4551676,38.1618639,6.4 -122.4551929,38.1618809,6.4 -122.4552176,38.1618976,6.4 -122.4552419,38.1619139,6.4 -122.4552659,38.1619299,6.4 -122.4552897,38.1619456,6.4 -122.4553132,38.1619609,6.6 -122.4553366,38.1619760,6.6 -122.4553596,38.1619909,6.6 -122.4553822,38.1620056,6.6 -122.4554047,38.1620196,6.6 -122.4554269,38.1620332,6.6 -122.4554490,38.1620466,6.6 -122.4554710,38.1620596,6.6 -122.4554930,38.1620722,6.6 -122.4555150,38.1620846,6.6 -122.4555370,38.1620966,6.6 -122.4555589,38.1621079,6.6 -122.4555808,38.1621189,6.6 -122.4556026,38.1621296,6.6 -122.4556248,38.1621399,6.6 -122.4556472,38.1621496,6.6 -122.4556698,38.1621589,6.6 -122.4556926,38.1621676,6.6 -122.4557158,38.1621759,6.6 -122.4557390,38.1621836,6.6 -122.4557624,38.1621909,6.9 -122.4557861,38.1621976,6.9 -122.4558103,38.1622036,6.9 -122.4558348,38.1622089,6.9 -122.4558593,38.1622139,6.9 -122.4558841,38.1622186,6.9 -122.4559091,38.1622226,6.9 -122.4559343,38.1622259,6.9 -122.4559598,38.1622289,6.9 -122.4559853,38.1622316,6.9 -122.4560111,38.1622336,7.2 -122.4560374,38.1622352,7.2 -122.4560640,38.1622363,7.2 -122.4560908,38.1622365,7.2 -122.4561177,38.1622359,7.2 -122.4561451,38.1622350,7.2 -122.4561730,38.1622339,7.2 -122.4562011,38.1622323,7.2 -122.4562294,38.1622302,7.2 -122.4562581,38.1622280,7.2 -122.4562874,38.1622257,7.9 -122.4563171,38.1622232,7.9 -122.4563471,38.1622206,7.9 -122.4563773,38.1622176,7.9 -122.4564078,38.1622142,7.9 -122.4564384,38.1622107,7.9 -122.4564694,38.1622070,7.9 -122.4565011,38.1622033,7.9 -122.4565330,38.1621997,7.9 -122.4565651,38.1621959,7.9 -122.4565973,38.1621920,8.8 -122.4566298,38.1621880,8.8 -122.4566626,38.1621839,8.8 -122.4566958,38.1621797,8.8 -122.4567293,38.1621752,8.8 -122.4567631,38.1621707,8.8 -122.4567971,38.1621660,8.8 -122.4568314,38.1621612,8.8 -122.4568660,38.1621564,8.8 -122.4569008,38.1621512,8.8 -122.4569356,38.1621460,10.8 -122.4569708,38.1621406,10.8 -122.4570059,38.1621349,10.8 -122.4570410,38.1621289,10.8 -122.4570760,38.1621226,10.8 -122.4571111,38.1621156,10.8 -122.4571463,38.1621082,10.8 -122.4571818,38.1621007,10.8 -122.4572172,38.1620929,10.8 -122.4572527,38.1620846,10.8 -122.4572879,38.1620756,12.9 -122.4573230,38.1620659,12.9 -122.4573579,38.1620559,12.9 -122.4573927,38.1620456,12.9 -122.4574272,38.1620349,12.9 -122.4574616,38.1620236,12.9 -122.4574956,38.1620116,12.9 -122.4575292,38.1619989,12.9 -122.4575624,38.1619856,12.9 -122.4575952,38.1619719,12.9 -122.4576276,38.1619576,16.1 -122.4576596,38.1619426,16.1 -122.4576909,38.1619269,16.1 -122.4577220,38.1619109,16.1 -122.4577529,38.1618946,16.1 -122.4577836,38.1618780,16.1 -122.4578139,38.1618613,16.1 -122.4578440,38.1618447,16.1 -122.4578740,38.1618279,16.1 -122.4579038,38.1618106,16.1 -122.4579329,38.1617925,20.1 -122.4579608,38.1617736,20.1 -122.4579877,38.1617538,20.1 -122.4580130,38.1617333,20.1 -122.4580364,38.1617123,20.1 -122.4580591,38.1616914,20.1 -122.4580816,38.1616707,20.1 -122.4581039,38.1616499,20.1 -122.4581256,38.1616291,20.1 -122.4581465,38.1616083,20.1 -122.4581666,38.1615877,24.4 -122.4581859,38.1615669,24.4 -122.4582050,38.1615457,24.4 -122.4582239,38.1615244,24.4 -122.4582427,38.1615034,24.4 -122.4582612,38.1614831,24.4 -122.4582794,38.1614634,24.4 -122.4582972,38.1614441,24.4 -122.4583150,38.1614250,24.4 -122.4583326,38.1614061,24.4 -122.4583499,38.1613874,29.1 -122.4583670,38.1613691,29.1 -122.4583839,38.1613514,29.1 -122.4584007,38.1613341,29.1 -122.4584173,38.1613171,29.1 -122.4584341,38.1613004,29.1 -122.4584511,38.1612844,29.1 -122.4584683,38.1612691,29.1 -122.4584858,38.1612544,29.1 -122.4585032,38.1612404,29.1 -122.4585208,38.1612271,32.5 -122.4585383,38.1612141,32.5 -122.4585561,38.1612014,32.5 -122.4585741,38.1611894,32.5 -122.4585923,38.1611781,32.5 -122.4586108,38.1611674,32.5 -122.4586293,38.1611574,32.5 -122.4586481,38.1611481,32.5 -122.4586669,38.1611391,32.5 -122.4586857,38.1611304,32.5 -122.4587044,38.1611221,35.7 -122.4587234,38.1611144,35.7 -122.4587428,38.1611071,35.7 -122.4587622,38.1611004,35.7 -122.4587818,38.1610944,35.7 -122.4588016,38.1610891,35.7 -122.4588218,38.1610844,35.7 -122.4588420,38.1610801,35.7 -122.4588624,38.1610761,35.7 -122.4588831,38.1610724,35.7 -122.4589040,38.1610694,38.0 -122.4589251,38.1610671,38.0 -122.4589463,38.1610654,38.0 -122.4589678,38.1610644,38.0 -122.4589893,38.1610641,38.0 -122.4590111,38.1610644,38.0 -122.4590333,38.1610654,38.0 -122.4590558,38.1610671,38.0 -122.4590783,38.1610694,38.0 -122.4591011,38.1610725,38.0 -122.4591241,38.1610764,39.6 -122.4591473,38.1610812,39.6 -122.4591708,38.1610870,39.6 -122.4591943,38.1610938,39.6 -122.4592180,38.1611006,39.6 -122.4592417,38.1611074,39.6 -122.4592653,38.1611144,39.6 -122.4592891,38.1611221,39.6 -122.4593130,38.1611304,39.6 -122.4593370,38.1611391,39.6 -122.4593611,38.1611484,41.0 -122.4593854,38.1611584,41.0 -122.4594101,38.1611691,41.0 -122.4594350,38.1611804,41.0 -122.4594600,38.1611924,41.0 -122.4594850,38.1612051,41.0 -122.4595101,38.1612184,41.0 -122.4595354,38.1612321,41.0 -122.4595611,38.1612464,41.0 -122.4595870,38.1612611,41.0 -122.4596130,38.1612764,42.0 -122.4596390,38.1612924,42.0 -122.4596650,38.1613091,42.0 -122.4596910,38.1613260,42.0 -122.4597170,38.1613431,42.0 -122.4597431,38.1613607,42.0 -122.4597693,38.1613789,42.0 -122.4597957,38.1613976,42.0 -122.4598219,38.1614168,42.0 -122.4598480,38.1614364,42.0 -122.4598741,38.1614564,43.0 -122.4599003,38.1614768,43.0 -122.4599267,38.1614973,43.0 -122.4599529,38.1615181,43.0 -122.4599790,38.1615394,43.0 -122.4600050,38.1615611,43.0 -122.4600310,38.1615834,43.0 -122.4600570,38.1616061,43.0 -122.4600830,38.1616291,43.0 -122.4601089,38.1616524,43.0 -122.4601347,38.1616761,43.6 -122.4601602,38.1617003,43.6 -122.4601856,38.1617247,43.6 -122.4602105,38.1617490,43.6 -122.4602346,38.1617733,43.6 -122.4602582,38.1617977,43.6 -122.4602814,38.1618219,43.6 -122.4603042,38.1618460,43.6 -122.4603266,38.1618700,43.6 -122.4603486,38.1618940,43.6 -122.4603702,38.1619180,43.1 -122.4603916,38.1619420,43.1 -122.4604126,38.1619659,43.1 -122.4604332,38.1619896,43.1 -122.4604537,38.1620129,43.1 -122.4604739,38.1620360,43.1 -122.4604939,38.1620589,43.1 -122.4605137,38.1620816,43.1 -122.4605332,38.1621039,43.1 -122.4605527,38.1621259,43.1 -122.4605719,38.1621476,42.7 -122.4605910,38.1621689,42.7 -122.4606101,38.1621899,42.7 -122.4606293,38.1622106,42.7 -122.4606487,38.1622309,42.7 -122.4606680,38.1622506,42.7 -122.4606874,38.1622699,42.7 -122.4607074,38.1622889,42.7 -122.4607278,38.1623076,42.7 -122.4607483,38.1623256,42.7 -122.4607692,38.1623428,41.4 -122.4607906,38.1623594,41.4 -122.4608125,38.1623755,41.4 -122.4608346,38.1623917,41.4 -122.4608571,38.1624076,41.4 -122.4608801,38.1624229,41.4 -122.4609034,38.1624376,41.4 -122.4609271,38.1624519,41.4 -122.4609514,38.1624656,41.4 -122.4609761,38.1624789,41.4 -122.4610011,38.1624916,41.3 -122.4610264,38.1625036,41.3 -122.4610521,38.1625149,41.3 -122.4610781,38.1625256,41.3 -122.4611044,38.1625356,41.3 -122.4611311,38.1625449,41.3 -122.4611580,38.1625536,41.3 -122.4611851,38.1625618,41.3 -122.4612124,38.1625693,41.3 -122.4612401,38.1625759,41.3 -122.4612683,38.1625819,43.0 -122.4612968,38.1625873,43.0 -122.4613254,38.1625921,43.0 -122.4613544,38.1625964,43.0 -122.4613837,38.1626002,43.0 -122.4614130,38.1626036,43.0 -122.4614424,38.1626066,43.0 -122.4614720,38.1626089,43.0 -122.4615017,38.1626109,43.0 -122.4615312,38.1626126,43.0 -122.4615607,38.1626139,46.6 -122.4615900,38.1626146,46.6 -122.4616194,38.1626150,46.6 -122.4616490,38.1626153,46.6 -122.4616787,38.1626158,46.6 -122.4617082,38.1626163,46.6 -122.4617377,38.1626171,46.6 -122.4617669,38.1626180,46.6 -122.4617957,38.1626191,46.6 -122.4618242,38.1626204,46.6 -122.4618526,38.1626224,49.8 -122.4618806,38.1626251,49.8 -122.4619083,38.1626284,49.8 -122.4619360,38.1626324,49.8 -122.4619636,38.1626368,49.8 -122.4619909,38.1626417,49.8 -122.4620179,38.1626475,49.8 -122.4620446,38.1626541,49.8 -122.4620709,38.1626611,49.8 -122.4620969,38.1626684,49.8 -122.4621226,38.1626762,52.4 -122.4621479,38.1626847,52.4 -122.4621729,38.1626941,52.4 -122.4621976,38.1627041,52.4 -122.4622219,38.1627147,52.4 -122.4622460,38.1627259,52.4 -122.4622699,38.1627377,52.4 -122.4622937,38.1627501,52.4 -122.4623172,38.1627631,52.4 -122.4623407,38.1627764,52.4 -122.4623639,38.1627904,54.0 -122.4623870,38.1628051,54.0 -122.4624099,38.1628204,54.0 -122.4624327,38.1628364,54.0 -122.4624552,38.1628531,54.0 -122.4624777,38.1628704,54.0 -122.4625000,38.1628881,54.0 -122.4625223,38.1629064,54.0 -122.4625447,38.1629251,54.0 -122.4625669,38.1629444,54.0 -122.4625890,38.1629641,54.2 -122.4626110,38.1629841,54.2 -122.4626330,38.1630044,54.2 -122.4626549,38.1630251,54.2 -122.4626767,38.1630461,54.2 -122.4626982,38.1630674,54.2 -122.4627197,38.1630894,54.2 -122.4627410,38.1631117,54.2 -122.4627623,38.1631339,54.2 -122.4627836,38.1631560,54.2 -122.4628046,38.1631780,52.6 -122.4628252,38.1631999,52.6 -122.4628457,38.1632217,52.6 -122.4628659,38.1632432,52.6 -122.4628859,38.1632644,52.6 -122.4629056,38.1632852,52.6 -122.4629246,38.1633060,52.6 -122.4629432,38.1633266,52.6 -122.4629614,38.1633469,52.6 -122.4629792,38.1633669,52.6 -122.4629967,38.1633867,49.8 -122.4630139,38.1634062,49.8 -122.4630306,38.1634256,49.8 -122.4630469,38.1634446,49.8 -122.4630629,38.1634632,49.8 -122.4630786,38.1634816,49.8 -122.4630939,38.1634996,49.8 -122.4631089,38.1635172,49.8 -122.4631237,38.1635347,49.8 -122.4631382,38.1635519,49.8 -122.4631524,38.1635689,47.9 -122.4631662,38.1635857,47.9 -122.4631800,38.1636022,47.9 -122.4631936,38.1636187,47.9 -122.4632069,38.1636349,47.9 -122.4632199,38.1636509,47.9 -122.4632326,38.1636667,47.9 -122.4632450,38.1636823,47.9 -122.4632572,38.1636980,47.9 -122.4632693,38.1637137,47.9 -122.4632809,38.1637292,46.5 -122.4632919,38.1637447,46.5 -122.4633026,38.1637600,46.5 -122.4633129,38.1637753,46.5 -122.4633226,38.1637907,46.5 -122.4633316,38.1638060,46.5 -122.4633399,38.1638213,46.5 -122.4633476,38.1638368,46.5 -122.4633545,38.1638522,46.5 -122.4633606,38.1638677,46.5 -122.4633659,38.1638830,45.2 -122.4633706,38.1638983,45.2 -122.4633746,38.1639138,45.2 -122.4633779,38.1639292,45.2 -122.4633806,38.1639447,45.2 -122.4633825,38.1639599,45.2 -122.4633835,38.1639750,45.2 -122.4633835,38.1639900,45.2 -122.4633826,38.1640050,45.2 -122.4633809,38.1640200,45.2 -122.4633786,38.1640350,43.9 -122.4633755,38.1640500,43.9 -122.4633715,38.1640650,43.9 -122.4633666,38.1640799,43.9 -122.4633608,38.1640947,43.9 -122.4633543,38.1641093,43.9 -122.4633468,38.1641240,43.9 -122.4633383,38.1641387,43.9 -122.4633288,38.1641532,43.9 -122.4633183,38.1641677,43.9 -122.4633068,38.1641819,42.3 -122.4632946,38.1641959,42.3 -122.4632815,38.1642097,42.3 -122.4632672,38.1642232,42.3 -122.4632518,38.1642367,42.3 -122.4632356,38.1642499,42.3 -122.4632185,38.1642629,42.3 -122.4632005,38.1642757,42.3 -122.4631812,38.1642882,42.3 -122.4631608,38.1643004,42.3 -122.4631393,38.1643122,40.1 -122.4631168,38.1643237,40.1 -122.4630933,38.1643349,40.1 -122.4630688,38.1643460,40.1 -122.4630433,38.1643569,40.1 -122.4630168,38.1643676,40.1 -122.4629896,38.1643777,40.1 -122.4629616,38.1643875,40.1 -122.4629329,38.1643974,40.1 -122.4629036,38.1644069,40.1 -122.4628738,38.1644160,37.2 -122.4628433,38.1644249,37.2 -122.4628119,38.1644337,37.2 -122.4627799,38.1644422,37.2 -122.4627476,38.1644507,37.2 -122.4627145,38.1644589,37.2 -122.4626806,38.1644666,37.2 -122.4626459,38.1644739,37.2 -122.4626106,38.1644810,37.2 -122.4625746,38.1644879,37.2 -122.4625379,38.1644946,33.6 -122.4625009,38.1645009,33.6 -122.4624636,38.1645069,33.6 -122.4624259,38.1645126,33.6 -122.4623876,38.1645176,33.6 -122.4623489,38.1645222,33.6 -122.4623100,38.1645264,33.6 -122.4622710,38.1645301,33.6 -122.4622320,38.1645333,33.6 -122.4621930,38.1645359,33.6 -122.4621539,38.1645379,31.8 -122.4621147,38.1645396,31.8 -122.4620753,38.1645409,31.8 -122.4620361,38.1645419,31.8 -122.4619970,38.1645423,31.8 -122.4619580,38.1645419,31.8 -122.4619190,38.1645409,31.8 -122.4618800,38.1645393,31.8 -122.4618411,38.1645371,31.8 -122.4618023,38.1645343,31.8 -122.4617638,38.1645308,30.1 -122.4617252,38.1645266,30.1 -122.4616868,38.1645219,30.1 -122.4616483,38.1645166,30.1 -122.4616101,38.1645108,30.1 -122.4615724,38.1645043,30.1 -122.4615350,38.1644969,30.1 -122.4614978,38.1644889,30.1 -122.4614606,38.1644803,30.1 -122.4614238,38.1644708,30.1 -122.4613870,38.1644606,27.9 -122.4613504,38.1644496,27.9 -122.4613141,38.1644379,27.9 -122.4612780,38.1644256,27.9 -122.4612421,38.1644128,27.9 -122.4612063,38.1643993,27.9 -122.4611708,38.1643849,27.9 -122.4611354,38.1643699,27.9 -122.4611004,38.1643543,27.9 -122.4610658,38.1643378,27.9 -122.4610314,38.1643206,26.1 -122.4609974,38.1643029,26.1 -122.4609641,38.1642845,26.1 -122.4609310,38.1642649,26.1 -122.4608981,38.1642438,26.1 -122.4608654,38.1642219,26.1 -122.4608334,38.1641996,26.1 -122.4608018,38.1641769,26.1 -122.4607706,38.1641536,26.1 -122.4607399,38.1641296,26.1 -122.4607097,38.1641049,26.9 -122.4606801,38.1640796,26.9 -122.4606510,38.1640539,26.9 -122.4606221,38.1640276,26.9 -122.4605934,38.1640009,26.9 -122.4605654,38.1639739,26.9 -122.4605381,38.1639463,26.9 -122.4605111,38.1639179,26.9 -122.4604844,38.1638889,26.9 -122.4604581,38.1638596,26.9 -122.4604321,38.1638299,29.4 -122.4604064,38.1638000,29.4 -122.4603815,38.1637700,29.4 -122.4603574,38.1637401,29.4 -122.4603340,38.1637103,29.4 -122.4603108,38.1636808,29.4 -122.4602876,38.1636513,29.4 -122.4602648,38.1636220,29.4 -122.4602423,38.1635928,29.4 -122.4602201,38.1635640,29.4 -122.4601983,38.1635359,31.8 -122.4601768,38.1635082,31.8 -122.4601554,38.1634808,31.8 -122.4601344,38.1634533,31.8 -122.4601138,38.1634261,31.8 -122.4600932,38.1633993,31.8 -122.4600728,38.1633728,31.8 -122.4600526,38.1633467,31.8 -122.4600328,38.1633211,31.8 -122.4600129,38.1632960,31.8 -122.4599931,38.1632710,32.3 -122.4599733,38.1632460,32.3 -122.4599538,38.1632211,32.3 -122.4599342,38.1631964,32.3 -122.4599147,38.1631724,32.3 -122.4598950,38.1631491,32.3 -122.4598753,38.1631260,32.3 -122.4598557,38.1631031,32.3 -122.4598359,38.1630804,32.3 -122.4598160,38.1630581,32.3 -122.4597960,38.1630361,31.3 -122.4597759,38.1630144,31.3 -122.4597557,38.1629931,31.3 -122.4597352,38.1629721,31.3 -122.4597146,38.1629514,31.3 -122.4596936,38.1629314,31.3 -122.4596722,38.1629121,31.3 -122.4596507,38.1628931,31.3 -122.4596289,38.1628744,31.3 -122.4596069,38.1628564,31.3 -122.4595846,38.1628391,29.1 -122.4595619,38.1628220,29.1 -122.4595387,38.1628051,29.1 -122.4595152,38.1627884,29.1 -122.4594916,38.1627725,29.1 -122.4594676,38.1627575,29.1 -122.4594429,38.1627434,29.1 -122.4594180,38.1627301,29.1 -122.4593929,38.1627171,29.1 -122.4593676,38.1627044,29.1 -122.4593419,38.1626922,26.5 -122.4593159,38.1626807,26.5 -122.4592896,38.1626701,26.5 -122.4592629,38.1626601,26.5 -122.4592360,38.1626508,26.5 -122.4592090,38.1626425,26.5 -122.4591819,38.1626351,26.5 -122.4591547,38.1626284,26.5 -122.4591272,38.1626225,26.5 -122.4590997,38.1626176,26.5 -122.4590719,38.1626141,24.2 -122.4590440,38.1626118,24.2 -122.4590159,38.1626100,24.2 -122.4589876,38.1626084,24.2 -122.4589590,38.1626074,24.2 -122.4589303,38.1626071,24.2 -122.4589017,38.1626071,24.2 -122.4588729,38.1626077,24.2 -122.4588440,38.1626092,24.2 -122.4588150,38.1626114,24.2 -122.4587861,38.1626142,22.5 -122.4587574,38.1626177,22.5 -122.4587290,38.1626222,22.5 -122.4587008,38.1626277,22.5 -122.4586726,38.1626342,22.5 -122.4586448,38.1626414,22.5 -122.4586173,38.1626495,22.5 -122.4585901,38.1626584,22.5 -122.4585634,38.1626681,22.5 -122.4585371,38.1626784,22.5 -122.4585111,38.1626894,20.3 -122.4584854,38.1627011,20.3 -122.4584604,38.1627134,20.3 -122.4584361,38.1627265,20.3 -122.4584121,38.1627404,20.3 -122.4583887,38.1627551,20.3 -122.4583661,38.1627704,20.3 -122.4583441,38.1627864,20.3 -122.4583225,38.1628031,20.3 -122.4583017,38.1628204,20.3 -122.4582819,38.1628381,17.7 -122.4582627,38.1628564,17.7 -122.4582442,38.1628751,17.7 -122.4582264,38.1628944,17.7 -122.4582094,38.1629144,17.7 -122.4581932,38.1629351,17.7 -122.4581777,38.1629560,17.7 -122.4581629,38.1629771,17.7 -122.4581487,38.1629987,17.7 -122.4581355,38.1630209,17.7 -122.4581232,38.1630437,14.8 -122.4581118,38.1630671,14.8 -122.4581015,38.1630911,14.8 -122.4580921,38.1631153,14.8 -122.4580834,38.1631398,14.8 -122.4580755,38.1631644,14.8 -122.4580688,38.1631894,14.8 -122.4580635,38.1632151,14.8 -122.4580592,38.1632410,14.8 -122.4580558,38.1632670,14.8 -122.4580538,38.1632931,12.4 -122.4580532,38.1633193,12.4 -122.4580535,38.1633458,12.4 -122.4580548,38.1633722,12.4 -122.4580575,38.1633988,12.4 -122.4580615,38.1634253,12.4 -122.4580665,38.1634521,12.4 -122.4580725,38.1634790,12.4 -122.4580795,38.1635059,12.4 -122.4580878,38.1635327,12.4 -122.4580972,38.1635592,12.3 -122.4581074,38.1635856,12.3 -122.4581182,38.1636116,12.3 -122.4581297,38.1636373,12.3 -122.4581422,38.1636631,12.3 -122.4581557,38.1636889,12.3 -122.4581701,38.1637147,12.3 -122.4581852,38.1637403,12.3 -122.4582010,38.1637660,12.3 -122.4582179,38.1637917,12.3 -122.4582357,38.1638172,14.3 -122.4582546,38.1638428,14.3 -122.4582747,38.1638682,14.3 -122.4582958,38.1638937,14.3 -122.4583174,38.1639189,14.3 -122.4583395,38.1639437,14.3 -122.4583625,38.1639682,14.3 -122.4583864,38.1639927,14.3 -122.4584112,38.1640169,14.3 -122.4584367,38.1640410,14.3 -122.4584632,38.1640650,16.1 -122.4584904,38.1640890,16.1 -122.4585184,38.1641130,16.1 -122.4585472,38.1641369,16.1 -122.4585767,38.1641606,16.1 -122.4586068,38.1641840,16.1 -122.4586373,38.1642073,16.1 -122.4586681,38.1642307,16.1 -122.4586994,38.1642539,16.1 -122.4587314,38.1642767,16.1 -122.4587641,38.1642993,17.8 -122.4587974,38.1643220,17.8 -122.4588311,38.1643447,17.8 -122.4588654,38.1643672,17.8 -122.4589001,38.1643897,17.8 -122.4589353,38.1644119,17.8 -122.4589708,38.1644340,17.8 -122.4590064,38.1644559,17.8 -122.4590424,38.1644777,17.8 -122.4590791,38.1644992,17.8 -122.4591160,38.1645207,19.5 -122.4591531,38.1645419,19.5 -122.4591904,38.1645630,19.5 -122.4592284,38.1645839,19.5 -122.4592668,38.1646047,19.5 -122.4593054,38.1646252,19.5 -122.4593444,38.1646457,19.5 -122.4593841,38.1646659,19.5 -122.4594240,38.1646860,19.5 -122.4594641,38.1647060,19.5 -122.4595044,38.1647260,21.5 -122.4595451,38.1647459,21.5 -122.4595864,38.1647657,21.5 -122.4596281,38.1647852,21.5 -122.4596700,38.1648047,21.5 -122.4597121,38.1648240,21.5 -122.4597544,38.1648433,21.5 -122.4597971,38.1648626,21.5 -122.4598401,38.1648816,21.5 -122.4598834,38.1649003,21.5 -122.4599271,38.1649190,23.4 -122.4599714,38.1649377,23.4 -122.4600161,38.1649563,23.4 -122.4600610,38.1649750,23.4 -122.4601060,38.1649936,23.4 -122.4601511,38.1650120,23.4 -122.4601964,38.1650303,23.4 -122.4602421,38.1650487,23.4 -122.4602881,38.1650670,23.4 -122.4603343,38.1650853,23.4 -122.4603808,38.1651037,25.4 -122.4604273,38.1651220,25.4 -122.4604741,38.1651403,25.4 -122.4605210,38.1651587,25.4 -122.4605680,38.1651769,25.4 -122.4606149,38.1651951,25.4 -122.4606616,38.1652132,25.4 -122.4607076,38.1652314,25.4 -122.4607529,38.1652492,25.4 -122.4607979,38.1652668,25.4 -122.4608426,38.1652842,27.3 -122.4608869,38.1653017,27.3 -122.4609306,38.1653189,27.3 -122.4609736,38.1653360,27.3 -122.4610159,38.1653529,27.3 -122.4610579,38.1653696,27.3 -122.4610996,38.1653859,27.3 -122.4611406,38.1654020,27.3 -122.4611809,38.1654180,27.3 -122.4612206,38.1654339,27.3 -122.4612599,38.1654496,29.4 -122.4612986,38.1654649,29.4 -122.4613365,38.1654800,29.4 -122.4613736,38.1654950,29.4 -122.4614099,38.1655099,29.4 -122.4614459,38.1655246,29.4 -122.4614813,38.1655389,29.4 -122.4615158,38.1655529,29.4 -122.4615496,38.1655666,29.4 -122.4615826,38.1655796,29.4 -122.4616149,38.1655923,31.7 -122.4616469,38.1656050,31.7 -122.4616786,38.1656176,31.7 -122.4617096,38.1656299,31.7 -122.4617399,38.1656420,31.7 -122.4617699,38.1656540,31.7 -122.4617996,38.1656659,31.7 -122.4618289,38.1656776,31.7 -122.4618579,38.1656889,31.7 -122.4618863,38.1657000,31.7 -122.4619142,38.1657110,33.0 -122.4619417,38.1657219,33.0 -122.4619689,38.1657327,33.0 -122.4619956,38.1657432,33.0 -122.4620219,38.1657538,33.0 -122.4620479,38.1657642,33.0 -122.4620736,38.1657747,33.0 -122.4620989,38.1657849,33.0 -122.4621236,38.1657951,33.0 -122.4621479,38.1658053,33.0 -122.4621716,38.1658157,34.2 -122.4621946,38.1658259,34.2 -122.4622172,38.1658360,34.2 -122.4622396,38.1658461,34.2 -122.4622615,38.1658563,34.2 -122.4622826,38.1658668,34.2 -122.4623032,38.1658772,34.2 -122.4623233,38.1658878,34.2 -122.4623428,38.1658986,34.2 -122.4623616,38.1659098,34.2 -122.4623799,38.1659213,35.0 -122.4623976,38.1659331,35.0 -122.4624149,38.1659451,35.0 -122.4624316,38.1659573,35.0 -122.4624475,38.1659698,35.0 -122.4624626,38.1659823,35.0 -122.4624769,38.1659951,35.0 -122.4624906,38.1660081,35.0 -122.4625035,38.1660214,35.0 -122.4625155,38.1660351,35.0 -122.4625266,38.1660490,35.0 -122.4625368,38.1660629,35.0 -122.4625463,38.1660767,35.0 -122.4625548,38.1660903,35.0 -122.4625625,38.1661041,35.0 -122.4625692,38.1661183,35.0 -122.4625748,38.1661328,35.0 -122.4625796,38.1661473,35.0 -122.4625835,38.1661621,35.0 -122.4625865,38.1661770,35.0 -122.4625885,38.1661920,35.1 -122.4625895,38.1662070,35.1 -122.4625895,38.1662220,35.1 -122.4625885,38.1662370,35.1 -122.4625865,38.1662520,35.1 -122.4625835,38.1662670,35.1 -122.4625795,38.1662820,35.1 -122.4625745,38.1662969,35.1 -122.4625685,38.1663116,35.1 -122.4625615,38.1663259,35.1 -122.4625535,38.1663399,35.5 -122.4625446,38.1663536,35.5 -122.4625348,38.1663669,35.5 -122.4625242,38.1663799,35.5 -122.4625125,38.1663926,35.5 -122.4624999,38.1664049,35.5 -122.4624866,38.1664166,35.5 -122.4624725,38.1664279,35.5 -122.4624575,38.1664386,35.5 -122.4624416,38.1664489,35.5 -122.4624249,38.1664586,35.5 -122.4624079,38.1664679,35.5 -122.4623903,38.1664766,35.5 -122.4623719,38.1664846,35.5 -122.4623529,38.1664919,35.5 -122.4623336,38.1664989,35.5 -122.4623139,38.1665056,35.5 -122.4622936,38.1665116,35.5 -122.4622726,38.1665169,35.5 -122.4622509,38.1665219,35.5 -122.4622289,38.1665263,35.3 -122.4622066,38.1665298,35.3 -122.4621839,38.1665323,35.3 -122.4621610,38.1665341,35.3 -122.4621379,38.1665353,35.3 -122.4621146,38.1665359,35.3 -122.4620909,38.1665359,35.3 -122.4620669,38.1665353,35.3 -122.4620426,38.1665338,35.3 -122.4620179,38.1665313,35.3 -122.4619929,38.1665278,34.8 -122.4619677,38.1665236,34.8 -122.4619422,38.1665186,34.8 -122.4619167,38.1665129,34.8 -122.4618909,38.1665069,34.8 -122.4618650,38.1665003,34.8 -122.4618390,38.1664928,34.8 -122.4618130,38.1664846,34.8 -122.4617870,38.1664758,34.8 -122.4617610,38.1664663,34.8 -122.4617350,38.1664559,34.5 -122.4617089,38.1664449,34.5 -122.4616827,38.1664333,34.5 -122.4616563,38.1664211,34.5 -122.4616301,38.1664083,34.5 -122.4616039,38.1663945,34.5 -122.4615776,38.1663799,34.5 -122.4615509,38.1663646,34.5 -122.4615241,38.1663489,34.5 -122.4614973,38.1663329,34.5 -122.4614707,38.1663163,33.7 -122.4614439,38.1662992,33.7 -122.4614169,38.1662817,33.7 -122.4613896,38.1662639,33.7 -122.4613619,38.1662456,33.7 -122.4613339,38.1662269,33.7 -122.4613056,38.1662079,33.7 -122.4612769,38.1661887,33.7 -122.4612479,38.1661692,33.7 -122.4612186,38.1661494,33.7 -122.4611889,38.1661292,32.7 -122.4611586,38.1661091,32.7 -122.4611279,38.1660889,32.7 -122.4610966,38.1660686,32.7 -122.4610649,38.1660479,32.7 -122.4610326,38.1660270,32.7 -122.4609996,38.1660060,32.7 -122.4609659,38.1659850,32.7 -122.4609316,38.1659641,32.7 -122.4608966,38.1659433,32.7 -122.4608609,38.1659228,31.3 -122.4608249,38.1659022,31.3 -122.4607886,38.1658818,31.3 -122.4607516,38.1658613,31.3 -122.4607139,38.1658411,31.3 -122.4606756,38.1658211,31.3 -122.4606369,38.1658017,31.3 -122.4605979,38.1657828,31.3 -122.4605586,38.1657640,31.3 -122.4605189,38.1657454,31.3 -122.4604790,38.1657271,29.7 -122.4604391,38.1657091,29.7 -122.4603994,38.1656914,29.7 -122.4603600,38.1656740,29.7 -122.4603207,38.1656567,29.7 -122.4602813,38.1656392,29.7 -122.4602421,38.1656218,29.7 -122.4602034,38.1656042,29.7 -122.4601651,38.1655868,29.7 -122.4601274,38.1655692,29.7 -122.4600901,38.1655516,28.0 -122.4600534,38.1655336,28.0 -122.4600172,38.1655152,28.0 -122.4599817,38.1654966,28.0 -122.4599471,38.1654776,28.0 -122.4599131,38.1654583,28.0 -122.4598794,38.1654390,28.0 -122.4598462,38.1654196,28.0 -122.4598137,38.1654000,28.0 -122.4597818,38.1653803,28.0 -122.4597503,38.1653606,26.5 -122.4597191,38.1653406,26.5 -122.4596884,38.1653203,26.5 -122.4596581,38.1653001,26.5 -122.4596279,38.1652801,26.5 -122.4595978,38.1652604,26.5 -122.4595675,38.1652411,26.5 -122.4595375,38.1652220,26.5 -122.4595072,38.1652031,26.5 -122.4594770,38.1651847,26.5 -122.4594466,38.1651668,25.4 -122.4594160,38.1651494,25.4 -122.4593852,38.1651324,25.4 -122.4593544,38.1651161,25.4 -122.4593232,38.1651004,25.4 -122.4592917,38.1650851,25.4 -122.4592599,38.1650704,25.4 -122.4592279,38.1650562,25.4 -122.4591956,38.1650427,25.4 -122.4591629,38.1650301,25.4 -122.4591299,38.1650181,24.2 -122.4590966,38.1650064,24.2 -122.4590626,38.1649954,24.2 -122.4590282,38.1649851,24.2 -122.4589936,38.1649754,24.2 -122.4589586,38.1649661,24.2 -122.4589229,38.1649574,24.2 -122.4588866,38.1649494,24.2 -122.4588499,38.1649421,24.2 -122.4588129,38.1649354,24.2 -122.4587756,38.1649291,22.8 -122.4587376,38.1649231,22.8 -122.4586989,38.1649177,22.8 -122.4586597,38.1649131,22.8 -122.4586202,38.1649090,22.8 -122.4585804,38.1649050,22.8 -122.4585402,38.1649009,22.8 -122.4584997,38.1648967,22.8 -122.4584589,38.1648922,22.8 -122.4584179,38.1648877,22.8 -122.4583767,38.1648829,21.3 -122.4583354,38.1648776,21.3 -122.4582944,38.1648719,21.3 -122.4582537,38.1648656,21.3 -122.4582129,38.1648585,21.3 -122.4581720,38.1648502,21.3 -122.4581310,38.1648409,21.3 -122.4580900,38.1648309,21.3 -122.4580490,38.1648205,21.3 -122.4580080,38.1648093,21.3 -122.4579671,38.1647971,20.0 -122.4579264,38.1647843,20.0 -122.4578860,38.1647705,20.0 -122.4578457,38.1647559,20.0 -122.4578053,38.1647406,20.0 -122.4577651,38.1647248,20.0 -122.4577249,38.1647083,20.0 -122.4576847,38.1646909,20.0 -122.4576443,38.1646729,20.0 -122.4576040,38.1646546,20.0 -122.4575637,38.1646355,20.0 -122.4575233,38.1646156,20.0 -122.4574831,38.1645949,20.0 -122.4574430,38.1645740,20.0 -122.4574030,38.1645529,20.0 -122.4573629,38.1645313,20.0 -122.4573227,38.1645091,20.0 -122.4572823,38.1644864,20.0 -122.4572420,38.1644632,20.0 -122.4572016,38.1644397,20.0 -122.4571609,38.1644159,19.5 -122.4571200,38.1643916,19.5 -122.4570790,38.1643669,19.5 -122.4570379,38.1643419,19.5 -122.4569966,38.1643167,19.5 -122.4569549,38.1642912,19.5 -122.4569130,38.1642657,19.5 -122.4568709,38.1642399,19.5 -122.4568288,38.1642139,19.5 -122.4567866,38.1641878,19.5 -122.4567448,38.1641615,16.9 -122.4567030,38.1641355,16.9 -122.4566614,38.1641095,16.9 -122.4566201,38.1640838,16.9 -122.4565791,38.1640580,16.9 -122.4565384,38.1640323,16.9 -122.4564981,38.1640068,16.9 -122.4564581,38.1639813,16.9 -122.4564184,38.1639561,16.9 -122.4563791,38.1639313,16.9 -122.4563404,38.1639068,14.4 -122.4563021,38.1638824,14.4 -122.4562644,38.1638584,14.4 -122.4562274,38.1638348,14.4 -122.4561911,38.1638113,14.4 -122.4561554,38.1637881,14.4 -122.4561201,38.1637654,14.4 -122.4560854,38.1637431,14.4 -122.4560511,38.1637210,14.4 -122.4560174,38.1636991,14.4 -122.4559841,38.1636774,13.1 -122.4559514,38.1636561,13.1 -122.4559191,38.1636351,13.1 -122.4558874,38.1636144,13.1 -122.4558564,38.1635941,13.1 -122.4558261,38.1635740,13.1 -122.4557961,38.1635541,13.1 -122.4557667,38.1635344,13.1 -122.4557379,38.1635154,13.1 -122.4557097,38.1634968,13.1 -122.4556822,38.1634784,12.1 -122.4556554,38.1634604,12.1 -122.4556291,38.1634428,12.1 -122.4556034,38.1634256,12.1 -122.4555781,38.1634088,12.1 -122.4555534,38.1633920,12.1 -122.4555292,38.1633754,12.1 -122.4555057,38.1633594,12.1 -122.4554829,38.1633440,12.1 -122.4554607,38.1633288,12.1 -122.4554391,38.1633136,11.5 -122.4554181,38.1632988,11.5 -122.4553974,38.1632842,11.5 -122.4553774,38.1632698,11.5 -122.4553581,38.1632556,11.5 -122.4553394,38.1632418,11.5 -122.4553214,38.1632283,11.5 -122.4553038,38.1632151,11.5 -122.4552867,38.1632020,11.5 -122.4552705,38.1631890,11.5 -122.4552551,38.1631761,11.0 -122.4552401,38.1631633,11.0 -122.4552257,38.1631508,11.0 -122.4552121,38.1631383,11.0 -122.4551991,38.1631260,11.0 -122.4551867,38.1631137,11.0 -122.4551751,38.1631013,11.0 -122.4551641,38.1630890,11.0 -122.4551537,38.1630767,11.0 -122.4551442,38.1630643,11.0 -122.4551354,38.1630520,10.5 -122.4551274,38.1630397,10.5 -122.4551201,38.1630272,10.5 -122.4551134,38.1630148,10.5 -122.4551075,38.1630022,10.5 -122.4551024,38.1629897,10.5 -122.4550978,38.1629769,10.5 -122.4550937,38.1629639,10.5 -122.4550905,38.1629507,10.5 -122.4550884,38.1629374,10.5 -122.4550871,38.1629243,10.1 -122.4550864,38.1629113,10.1 -122.4550862,38.1628979,10.1 -122.4550867,38.1628844,10.1 -122.4550881,38.1628714,10.1 -122.4550900,38.1628588,10.1 -122.4550920,38.1628462,10.1 -122.4550940,38.1628338,10.1 -122.4550959,38.1628212,10.1 -122.4550977,38.1628087,10.1 -122.4550992,38.1627959,10.8 -122.4551006,38.1627830,10.8 -122.4551015,38.1627700,10.8 -122.4551016,38.1627570,10.8 -122.4551009,38.1627440,10.8 -122.4550996,38.1627310,10.8 -122.4550975,38.1627180,10.8 -122.4550946,38.1627049,10.8 -122.4550909,38.1626918,10.8 -122.4550865,38.1626786,10.8 -122.4550812,38.1626658,10.5 -122.4550748,38.1626533,10.5 -122.4550676,38.1626411,10.5 -122.4550598,38.1626290,10.5 -122.4550510,38.1626170,10.5 -122.4550411,38.1626051,10.5 -122.4550303,38.1625934,10.5 -122.4550185,38.1625821,10.5 -122.4550059,38.1625710,10.5 -122.4549925,38.1625601,10.5 -122.4549782,38.1625493,10.2 -122.4549628,38.1625388,10.2 -122.4549466,38.1625286,10.2 -122.4549295,38.1625188,10.2 -122.4549115,38.1625094,10.2 -122.4548926,38.1625004,10.2 -122.4548728,38.1624918,10.2 -122.4548523,38.1624834,10.2 -122.4548308,38.1624754,10.2 -122.4548086,38.1624681,10.2 -122.4547858,38.1624610,10.0 -122.4547623,38.1624541,10.0 -122.4547378,38.1624474,10.0 -122.4547126,38.1624411,10.0 -122.4546869,38.1624354,10.0 -122.4546606,38.1624301,10.0 -122.4546339,38.1624251,10.0 -122.4546066,38.1624204,10.0 -122.4545786,38.1624161,10.0 -122.4545502,38.1624121,10.0 -122.4545214,38.1624083,9.8 -122.4544922,38.1624047,9.8 -122.4544626,38.1624010,9.8 -122.4544326,38.1623973,9.8 -122.4544019,38.1623936,9.8 -122.4543709,38.1623896,9.8 -122.4543396,38.1623853,9.8 -122.4543079,38.1623810,9.8 -122.4542759,38.1623766,9.8 -122.4542436,38.1623719,9.8 -122.4542109,38.1623666,9.3 -122.4541779,38.1623610,9.3 -122.4541447,38.1623552,9.3 -122.4541112,38.1623493,9.3 -122.4540777,38.1623429,9.3 -122.4540439,38.1623359,9.3 -122.4540101,38.1623286,9.3 -122.4539763,38.1623209,9.3 -122.4539428,38.1623126,9.3 -122.4539092,38.1623039,9.3 -122.4538758,38.1622946,8.7 -122.4538422,38.1622846,8.7 -122.4538088,38.1622739,8.7 -122.4537752,38.1622626,8.7 -122.4537418,38.1622506,8.7 -122.4537083,38.1622379,8.7 -122.4536751,38.1622246,8.7 -122.4536420,38.1622106,8.7 -122.4536091,38.1621959,8.7 -122.4535764,38.1621806,8.7 -122.4535441,38.1621646,8.1 -122.4535121,38.1621479,8.1 -122.4534804,38.1621306,8.1 -122.4534491,38.1621125,8.1 -122.4534181,38.1620936,8.1 -122.4533874,38.1620742,8.1 -122.4533574,38.1620543,8.1 -122.4533281,38.1620335,8.1 -122.4532994,38.1620119,8.1 -122.4532711,38.1619896,8.1 -122.4532434,38.1619669,7.9 -122.4532161,38.1619436,7.9 -122.4531894,38.1619199,7.9 -122.4531634,38.1618956,7.9 -122.4531381,38.1618709,7.9 -122.4531134,38.1618456,7.9 -122.4530891,38.1618196,7.9 -122.4530654,38.1617929,7.9 -122.4530424,38.1617659,7.9 -122.4530198,38.1617386,7.9 -122.4529977,38.1617109,7.8 -122.4529762,38.1616826,7.8 -122.4529554,38.1616539,7.8 -122.4529351,38.1616246,7.8 -122.4529154,38.1615949,7.8 -122.4528964,38.1615650,7.8 -122.4528781,38.1615349,7.8 -122.4528604,38.1615043,7.8 -122.4528434,38.1614732,7.8 -122.4528271,38.1614421,7.8 -122.4528111,38.1614109,7.7 -122.4527954,38.1613797,7.7 -122.4527801,38.1613484,7.7 -122.4527651,38.1613174,7.7 -122.4527504,38.1612868,7.7 -122.4527361,38.1612563,7.7 -122.4527221,38.1612261,7.7 -122.4527084,38.1611961,7.7 -122.4526954,38.1611664,7.7 -122.4526828,38.1611371,7.7 -122.4526704,38.1611081,7.7 -122.4526584,38.1610797,7.7 -122.4526468,38.1610522,7.7 -122.4526353,38.1610254,7.7 -122.4526241,38.1609991,7.7 -122.4526133,38.1609731,7.7 -122.4526028,38.1609474,7.7 -122.4525926,38.1609221,7.7 -122.4525828,38.1608974,7.7 -122.4525730,38.1608731,7.7 -122.4525634,38.1608494,7.6 -122.4525541,38.1608261,7.6 -122.4525450,38.1608031,7.6 -122.4525361,38.1607804,7.6 -122.4525273,38.1607581,7.6 -122.4525188,38.1607364,7.6 -122.4525102,38.1607151,7.6 -122.4525018,38.1606943,7.6 -122.4524934,38.1606738,7.6 -122.4524854,38.1606534,7.6 -122.4524778,38.1606334,7.4 -122.4524703,38.1606141,7.4 -122.4524631,38.1605951,7.4 -122.4524561,38.1605764,7.4 -122.4524493,38.1605581,7.4 -122.4524428,38.1605403,7.4 -122.4524363,38.1605228,7.4 -122.4524301,38.1605054,7.4 -122.4524241,38.1604884,7.4 -122.4524183,38.1604718,7.4 -122.4524128,38.1604553,7.6 -122.4524073,38.1604391,7.6 -122.4524021,38.1604233,7.6 -122.4523971,38.1604078,7.6 -122.4523923,38.1603924,7.6 -122.4523878,38.1603774,7.6 -122.4523834,38.1603631,7.6 -122.4523794,38.1603490,7.6 -122.4523758,38.1603350,7.6 -122.4523723,38.1603211,7.6 -122.4523691,38.1603074,7.6 -122.4523664,38.1602940,7.6 -122.4523641,38.1602807,7.6 -122.4523624,38.1602673,7.6 -122.4523614,38.1602541,7.6 -122.4523608,38.1602410,7.6 -122.4523607,38.1602281,7.6 -122.4523612,38.1602153,7.6 -122.4523624,38.1602028,7.6 -122.4523641,38.1601903,7.6 -122.4523664,38.1601781,7.5 -122.4523694,38.1601664,7.5 -122.4523731,38.1601551,7.5 -122.4523771,38.1601442,7.5 -122.4523817,38.1601340,7.5 -122.4523872,38.1601248,7.5 -122.4523934,38.1601159,7.5 -122.4524001,38.1601071,7.5 -122.4524074,38.1600984,7.5 -122.4524151,38.1600901,7.5 -122.4524234,38.1600824,8.1 -122.4524324,38.1600751,8.1 -122.4524418,38.1600684,8.1 -122.4524517,38.1600625,8.1 -122.4524621,38.1600574,8.1 -122.4524730,38.1600531,8.1 -122.4524841,38.1600494,8.1 -122.4524954,38.1600461,8.1 -122.4525071,38.1600434,8.1 -122.4525194,38.1600414,8.1 -122.4525321,38.1600401,8.6 -122.4525451,38.1600395,8.6 -122.4525584,38.1600398,8.6 -122.4525721,38.1600412,8.6 -122.4525864,38.1600437,8.6 -122.4526010,38.1600472,8.6 -122.4526158,38.1600514,8.6 -122.4526306,38.1600561,8.6 -122.4526458,38.1600614,8.6 -122.4526610,38.1600674,8.6 -122.4526764,38.1600741,8.5 -122.4526921,38.1600814,8.5 -122.4527080,38.1600894,8.5 -122.4527240,38.1600981,8.5 -122.4527400,38.1601074,8.5 -122.4527561,38.1601174,8.5 -122.4527724,38.1601278,8.5 -122.4527891,38.1601387,8.5 -122.4528061,38.1601502,8.5 -122.4528233,38.1601624,8.5 -122.4528408,38.1601752,8.6 -122.4528583,38.1601888,8.6 -122.4528761,38.1602034,8.6 -122.4528944,38.1602187,8.6 -122.4529131,38.1602340,8.6 -122.4529320,38.1602494,8.6 -122.4529510,38.1602651,8.6 -122.4529701,38.1602813,8.6 -122.4529893,38.1602978,8.6 -122.4530088,38.1603144,8.6 -122.4530284,38.1603314,9.4 -122.4530484,38.1603491,9.4 -122.4530688,38.1603670,9.4 -122.4530894,38.1603851,9.4 -122.4531104,38.1604034,9.4 -122.4531321,38.1604221,9.4 -122.4531541,38.1604411,9.4 -122.4531764,38.1604604,9.4 -122.4531991,38.1604801,9.4 -122.4532224,38.1605003,9.4 -122.4532461,38.1605208,9.7 -122.4532701,38.1605413,9.7 -122.4532944,38.1605621,9.7 -122.4533194,38.1605833,9.7 -122.4533451,38.1606048,9.7 -122.4533711,38.1606263,9.7 -122.4533974,38.1606481,9.7 -122.4534241,38.1606700,9.7 -122.4534511,38.1606921,9.7 -122.4534784,38.1607143,9.7 -122.4535061,38.1607368,10.2 -122.4535344,38.1607593,10.2 -122.4535631,38.1607821,10.2 -122.4535921,38.1608050,10.2 -122.4536214,38.1608281,10.2 -122.4536514,38.1608513,10.2 -122.4536821,38.1608748,10.2 -122.4537130,38.1608982,10.2 -122.4537441,38.1609218,10.2 -122.4537754,38.1609453,10.2 -122.4538074,38.1609691,10.4 -122.4538401,38.1609930,10.4 -122.4538731,38.1610170,10.4 -122.4539064,38.1610411,10.4 -122.4539401,38.1610653,10.4 -122.4539741,38.1610897,10.4 -122.4540084,38.1611140,10.4 -122.4540431,38.1611384,10.4 -122.4540781,38.1611631,10.4 -122.4541134,38.1611879,10.4 -122.4541491,38.1612127,10.7 -122.4541854,38.1612373,10.7 -122.4542220,38.1612621,10.7 -122.4542587,38.1612870,10.7 -122.4542953,38.1613120,10.7 -122.4543321,38.1613370,10.7 -122.4543689,38.1613619,10.7 -122.4544056,38.1613866,10.7 -122.4544419,38.1614109,10.7 -122.4544779,38.1614349,10.7 -122.4545136,38.1614587,11.0 -122.4545489,38.1614822,11.0 -122.4545839,38.1615056,11.0 -122.4546186,38.1615286,11.0 -122.4546529,38.1615509,11.0 -122.4546866,38.1615729,11.0 -122.4547196,38.1615946,11.0 -122.4547519,38.1616159,11.0 -122.4547839,38.1616370,11.0 -122.4548156,38.1616579,11.0 -122.4548466,38.1616786,11.1 -122.4548769,38.1616986,11.1 -122.4549069,38.1617179,11.1 -122.4549366,38.1617370,11.1 -122.4549656,38.1617560,11.1 -122.4549942,38.1617749,11.1 -122.4550226,38.1617936,11.1 -122.4550506,38.1618116,11.1 -122.4550779,38.1618292,11.1 -122.4551047,38.1618467,11.1 -122.4551312,38.1618639,11.1 -122.4551576,38.1618810,11.1 -122.4551836,38.1618979,11.1 -122.4552089,38.1619146,11.1 -122.4552339,38.1619309,11.1 -122.4552587,38.1619467,11.1 -122.4552832,38.1619622,11.1 -122.4553076,38.1619777,11.1 -122.4553316,38.1619929,11.1 -122.4553552,38.1620080,11.1 -122.4553787,38.1620229,11.3 -122.4554019,38.1620376,11.3 -122.4554247,38.1620516,11.3 -122.4554473,38.1620652,11.3 -122.4554701,38.1620787,11.3 -122.4554930,38.1620918,11.3 -122.4555160,38.1621043,11.3 -122.4555390,38.1621162,11.3 -122.4555621,38.1621276,11.3 -122.4555853,38.1621386,11.3 -122.4556088,38.1621489,11.4 -122.4556322,38.1621586,11.4 -122.4556558,38.1621676,11.4 -122.4556796,38.1621759,11.4 -122.4557038,38.1621839,11.4 -122.4557283,38.1621916,11.4 -122.4557531,38.1621988,11.4 -122.4557784,38.1622053,11.4 -122.4558044,38.1622109,11.4 -122.4558308,38.1622159,11.4 -122.4558577,38.1622206,11.5 -122.4558851,38.1622249,11.5 -122.4559131,38.1622286,11.5 -122.4559414,38.1622316,11.5 -122.4559701,38.1622339,11.5 -122.4559994,38.1622359,11.5 -122.4560291,38.1622376,11.5 -122.4560593,38.1622385,11.5 -122.4560898,38.1622386,11.5 -122.4561206,38.1622382,11.5 -122.4561518,38.1622374,11.7 -122.4561834,38.1622362,11.7 -122.4562154,38.1622346,11.7 -122.4562478,38.1622326,11.7 -122.4562804,38.1622302,11.7 -122.4563134,38.1622276,11.7 -122.4563468,38.1622246,11.7 -122.4563802,38.1622209,11.7 -122.4564138,38.1622170,11.7 -122.4564474,38.1622130,11.7 -122.4564814,38.1622089,12.2 -122.4565161,38.1622047,12.2 -122.4565510,38.1622002,12.2 -122.4565861,38.1621957,12.2 -122.4566214,38.1621909,12.2 -122.4566571,38.1621857,12.2 -122.4566933,38.1621803,12.2 -122.4567298,38.1621750,12.2 -122.4567662,38.1621697,12.2 -122.4568028,38.1621642,12.2 -122.4568393,38.1621584,13.6 -122.4568761,38.1621522,13.6 -122.4569130,38.1621461,13.6 -122.4569500,38.1621399,13.6 -122.4569870,38.1621336,13.6 -122.4570240,38.1621269,13.6 -122.4570610,38.1621199,13.6 -122.4570980,38.1621126,13.6 -122.4571349,38.1621049,13.6 -122.4571717,38.1620969,13.6 -122.4572082,38.1620886,15.9 -122.4572447,38.1620799,15.9 -122.4572809,38.1620706,15.9 -122.4573170,38.1620609,15.9 -122.4573529,38.1620509,15.9 -122.4573886,38.1620406,15.9 -122.4574239,38.1620299,15.9 -122.4574586,38.1620186,15.9 -122.4574929,38.1620066,15.9 -122.4575269,38.1619939,15.9 -122.4575606,38.1619806,19.0 -122.4575936,38.1619669,19.0 -122.4576262,38.1619526,19.0 -122.4576583,38.1619379,19.0 -122.4576899,38.1619226,19.0 -122.4577209,38.1619069,19.0 -122.4577517,38.1618909,19.0 -122.4577822,38.1618746,19.0 -122.4578126,38.1618579,19.0 -122.4578422,38.1618409,19.0 -122.4578705,38.1618237,23.3 -122.4578979,38.1618062,23.3 -122.4579249,38.1617884,23.3 -122.4579513,38.1617702,23.3 -122.4579769,38.1617516,23.3 -122.4580019,38.1617326,23.3 -122.4580262,38.1617129,23.3 -122.4580495,38.1616930,23.3 -122.4580719,38.1616729,23.3 -122.4580939,38.1616526,23.3 -122.4581156,38.1616319,27.6 -122.4581365,38.1616110,27.6 -122.4581566,38.1615900,27.6 -122.4581759,38.1615690,27.6 -122.4581950,38.1615481,27.6 -122.4582139,38.1615274,27.6 -122.4582326,38.1615071,27.6 -122.4582509,38.1614871,27.6 -122.4582686,38.1614673,27.6 -122.4582859,38.1614478,27.6 -122.4583030,38.1614283,32.3 -122.4583200,38.1614091,32.3 -122.4583370,38.1613901,32.3 -122.4583540,38.1613714,32.3 -122.4583710,38.1613534,32.3 -122.4583880,38.1613358,32.3 -122.4584049,38.1613184,32.3 -122.4584218,38.1613014,32.3 -122.4584386,38.1612851,32.3 -122.4584558,38.1612694,32.3 -122.4584733,38.1612544,35.5 -122.4584911,38.1612401,35.5 -122.4585090,38.1612264,35.5 -122.4585270,38.1612131,35.5 -122.4585450,38.1612001,35.5 -122.4585631,38.1611877,35.5 -122.4585814,38.1611762,35.5 -122.4586001,38.1611654,35.5 -122.4586190,38.1611554,35.5 -122.4586381,38.1611461,35.5 -122.4586574,38.1611374,39.0 -122.4586771,38.1611291,39.0 -122.4586970,38.1611214,39.0 -122.4587170,38.1611141,39.0 -122.4587371,38.1611074,39.0 -122.4587573,38.1611014,39.0 -122.4587778,38.1610961,39.0 -122.4587986,38.1610914,39.0 -122.4588198,38.1610874,39.0 -122.4588410,38.1610838,39.0 -122.4588624,38.1610807,41.5 -122.4588841,38.1610782,41.5 -122.4589063,38.1610764,41.5 -122.4589287,38.1610754,41.5 -122.4589510,38.1610748,41.5 -122.4589733,38.1610744,41.5 -122.4589958,38.1610744,41.5 -122.4590183,38.1610751,41.5 -122.4590411,38.1610764,41.5 -122.4590640,38.1610782,41.5 -122.4590870,38.1610807,42.9 -122.4591101,38.1610841,42.9 -122.4591333,38.1610881,42.9 -122.4591568,38.1610927,42.9 -122.4591803,38.1610982,42.9 -122.4592041,38.1611044,42.9 -122.4592283,38.1611114,42.9 -122.4592528,38.1611191,42.9 -122.4592772,38.1611274,42.9 -122.4593018,38.1611361,42.9 -122.4593264,38.1611454,44.0 -122.4593514,38.1611554,44.0 -122.4593767,38.1611661,44.0 -122.4594020,38.1611774,44.0 -122.4594274,38.1611892,44.0 -122.4594530,38.1612017,44.0 -122.4594787,38.1612148,44.0 -122.4595043,38.1612284,44.0 -122.4595301,38.1612425,44.0 -122.4595560,38.1612574,44.0 -122.4595819,38.1612731,44.9 -122.4596077,38.1612891,44.9 -122.4596332,38.1613054,44.9 -122.4596587,38.1613221,44.9 -122.4596840,38.1613394,44.9 -122.4597093,38.1613571,44.9 -122.4597348,38.1613751,44.9 -122.4597602,38.1613937,44.9 -122.4597858,38.1614128,44.9 -122.4598112,38.1614324,44.9 -122.4598367,38.1614524,45.8 -122.4598620,38.1614728,45.8 -122.4598873,38.1614934,45.8 -122.4599127,38.1615144,45.8 -122.4599380,38.1615361,45.8 -122.4599633,38.1615581,45.8 -122.4599888,38.1615804,45.8 -122.4600142,38.1616031,45.8 -122.4600398,38.1616261,45.8 -122.4600653,38.1616494,45.8 -122.4600911,38.1616734,46.0 -122.4601169,38.1616978,46.0 -122.4601427,38.1617223,46.0 -122.4601683,38.1617471,46.0 -122.4601941,38.1617723,46.0 -122.4602199,38.1617978,46.0 -122.4602456,38.1618232,46.0 -122.4602709,38.1618487,46.0 -122.4602957,38.1618739,46.0 -122.4603202,38.1618990,46.0 -122.4603444,38.1619240,45.6 -122.4603682,38.1619490,45.6 -122.4603917,38.1619739,45.6 -122.4604149,38.1619987,45.6 -122.4604377,38.1620232,45.6 -122.4604602,38.1620476,45.6 -122.4604827,38.1620716,45.6 -122.4605049,38.1620952,45.6 -122.4605270,38.1621187,45.6 -122.4605490,38.1621419,45.6 -122.4605710,38.1621649,44.9 -122.4605930,38.1621876,44.9 -122.4606150,38.1622099,44.9 -122.4606370,38.1622319,44.9 -122.4606591,38.1622536,44.9 -122.4606813,38.1622746,44.9 -122.4607038,38.1622952,44.9 -122.4607264,38.1623153,44.9 -122.4607494,38.1623348,44.9 -122.4607728,38.1623536,44.9 -122.4607963,38.1623719,43.7 -122.4608201,38.1623896,43.7 -122.4608444,38.1624069,43.7 -122.4608691,38.1624236,43.7 -122.4608941,38.1624396,43.7 -122.4609194,38.1624551,43.7 -122.4609451,38.1624700,43.7 -122.4609714,38.1624841,43.7 -122.4609984,38.1624976,43.7 -122.4610261,38.1625103,43.7 -122.4610544,38.1625222,43.9 -122.4610831,38.1625336,43.9 -122.4611124,38.1625443,43.9 -122.4611421,38.1625541,43.9 -122.4611720,38.1625633,43.9 -122.4612020,38.1625718,43.9 -122.4612321,38.1625796,43.9 -122.4612623,38.1625866,43.9 -122.4612928,38.1625929,43.9 -122.4613233,38.1625989,43.9 -122.4613541,38.1626046,46.4 -122.4613851,38.1626096,46.4 -122.4614163,38.1626139,46.4 -122.4614478,38.1626176,46.4 -122.4614793,38.1626209,46.4 -122.4615111,38.1626236,46.4 -122.4615429,38.1626259,46.4 -122.4615747,38.1626276,46.4 -122.4616063,38.1626289,46.4 -122.4616380,38.1626296,46.4 -122.4616696,38.1626300,50.2 -122.4617009,38.1626303,50.2 -122.4617320,38.1626307,50.2 -122.4617629,38.1626310,50.2 -122.4617936,38.1626314,50.2 -122.4618239,38.1626325,50.2 -122.4618539,38.1626344,50.2 -122.4618836,38.1626368,50.2 -122.4619129,38.1626397,50.2 -122.4619419,38.1626432,50.2 -122.4619706,38.1626474,53.0 -122.4619985,38.1626521,53.0 -122.4620256,38.1626571,53.0 -122.4620519,38.1626627,53.0 -122.4620780,38.1626688,53.0 -122.4621039,38.1626754,53.0 -122.4621296,38.1626824,53.0 -122.4621549,38.1626901,53.0 -122.4621799,38.1626984,53.0 -122.4622047,38.1627072,53.0 -122.4622292,38.1627167,55.4 -122.4622537,38.1627269,55.4 -122.4622780,38.1627377,55.4 -122.4623023,38.1627491,55.4 -122.4623266,38.1627611,55.4 -122.4623506,38.1627734,55.4 -122.4623742,38.1627864,55.4 -122.4623977,38.1628002,55.4 -122.4624209,38.1628147,55.4 -122.4624439,38.1628298,55.4 -122.4624667,38.1628454,56.6 -122.4624892,38.1628614,56.6 -122.4625117,38.1628781,56.6 -122.4625339,38.1628954,56.6 -122.4625556,38.1629131,56.6 -122.4625769,38.1629311,56.6 -122.4625980,38.1629494,56.6 -122.4626190,38.1629684,56.6 -122.4626399,38.1629881,56.6 -122.4626607,38.1630084,56.6 -122.4626812,38.1630291,56.1 -122.4627017,38.1630503,56.1 -122.4627220,38.1630718,56.1 -122.4627423,38.1630933,56.1 -122.4627627,38.1631151,56.1 -122.4627829,38.1631370,56.1 -122.4628026,38.1631589,56.1 -122.4628219,38.1631806,56.1 -122.4628409,38.1632020,56.1 -122.4628596,38.1632234,56.1 -122.4628779,38.1632450,53.2 -122.4628960,38.1632666,53.2 -122.4629139,38.1632879,53.2 -122.4629317,38.1633086,53.2 -122.4629492,38.1633289,53.2 -122.4629664,38.1633489,53.2 -122.4629832,38.1633686,53.2 -122.4629997,38.1633879,53.2 -122.4630159,38.1634069,53.2 -122.4630317,38.1634256,53.2 -122.4630472,38.1634439,50.2 -122.4630626,38.1634620,50.2 -122.4630776,38.1634799,50.2 -122.4630923,38.1634977,50.2 -122.4631070,38.1635152,50.2 -122.4631216,38.1635327,50.2 -122.4631360,38.1635499,50.2 -122.4631503,38.1635670,50.2 -122.4631647,38.1635839,50.2 -122.4631789,38.1636007,50.2 -122.4631929,38.1636172,48.6 -122.4632066,38.1636337,48.6 -122.4632200,38.1636500,48.6 -122.4632332,38.1636663,48.6 -122.4632464,38.1636827,48.6 -122.4632591,38.1636990,48.6 -122.4632713,38.1637153,48.6 -122.4632828,38.1637317,48.6 -122.4632936,38.1637479,48.6 -122.4633039,38.1637640,48.6 -122.4633136,38.1637801,47.3 -122.4633229,38.1637963,47.3 -122.4633316,38.1638127,47.3 -122.4633395,38.1638290,47.3 -122.4633466,38.1638453,47.3 -122.4633529,38.1638618,47.3 -122.4633586,38.1638782,47.3 -122.4633636,38.1638947,47.3 -122.4633679,38.1639110,47.3 -122.4633715,38.1639273,47.3 -122.4633743,38.1639437,45.9 -122.4633762,38.1639599,45.9 -122.4633776,38.1639757,45.9 -122.4633782,38.1639913,45.9 -122.4633778,38.1640071,45.9 -122.4633766,38.1640229,45.9 -122.4633748,38.1640386,45.9 -122.4633722,38.1640539,45.9 -122.4633686,38.1640690,45.9 -122.4633642,38.1640840,45.9 -122.4633593,38.1640990,44.5 -122.4633535,38.1641140,44.5 -122.4633468,38.1641289,44.5 -122.4633392,38.1641437,44.5 -122.4633305,38.1641582,44.5 -122.4633208,38.1641727,44.5 -122.4633103,38.1641869,44.5 -122.4632988,38.1642010,44.5 -122.4632862,38.1642150,44.5 -122.4632725,38.1642290,44.5 -122.4632576,38.1642429,42.4 -122.4632418,38.1642566,42.4 -122.4632249,38.1642699,42.4 -122.4632068,38.1642826,42.4 -122.4631879,38.1642949,42.4 -122.4631682,38.1643070,42.4 -122.4631475,38.1643189,42.4 -122.4631255,38.1643306,42.4 -122.4631025,38.1643416,42.4 -122.4630785,38.1643519,42.4 -122.4630532,38.1643619,40.1 -122.4630268,38.1643716,40.1 -122.4629993,38.1643809,40.1 -122.4629711,38.1643900,40.1 -122.4629423,38.1643989,40.1 -122.4629125,38.1644077,40.1 -122.4628816,38.1644162,40.1 -122.4628499,38.1644246,40.1 -122.4628179,38.1644326,40.1 -122.4627853,38.1644403,40.1 -122.4627519,38.1644480,36.8 -122.4627179,38.1644556,36.8 -122.4626836,38.1644630,36.8 -122.4626486,38.1644703,36.8 -122.4626129,38.1644776,36.8 -122.4625766,38.1644846,36.8 -122.4625399,38.1644909,36.8 -122.4625026,38.1644969,36.8 -122.4624649,38.1645026,36.8 -122.4624267,38.1645079,36.8 -122.4623882,38.1645126,33.9 -122.4623497,38.1645169,33.9 -122.4623109,38.1645206,33.9 -122.4622720,38.1645239,33.9 -122.4622329,38.1645269,33.9 -122.4621937,38.1645296,33.9 -122.4621543,38.1645316,33.9 -122.4621151,38.1645329,33.9 -122.4620760,38.1645336,33.9 -122.4620369,38.1645339,33.9 -122.4619977,38.1645336,32.9 -122.4619584,38.1645329,32.9 -122.4619193,38.1645316,32.9 -122.4618804,38.1645296,32.9 -122.4618412,38.1645269,32.9 -122.4618021,38.1645236,32.9 -122.4617633,38.1645199,32.9 -122.4617247,38.1645156,32.9 -122.4616860,38.1645106,32.9 -122.4616473,38.1645048,32.9 -122.4616088,38.1644983,31.0 -122.4615703,38.1644911,31.0 -122.4615321,38.1644833,31.0 -122.4614943,38.1644749,31.0 -122.4614567,38.1644659,31.0 -122.4614189,38.1644563,31.0 -122.4613811,38.1644462,31.0 -122.4613433,38.1644357,31.0 -122.4613058,38.1644249,31.0 -122.4612686,38.1644139,31.0 -122.4612318,38.1644023,29.2 -122.4611953,38.1643902,29.2 -122.4611591,38.1643776,29.2 -122.4611231,38.1643646,29.2 -122.4610877,38.1643509,29.2 -122.4610528,38.1643366,29.2 -122.4610184,38.1643216,29.2 -122.4609845,38.1643058,29.2 -122.4609514,38.1642892,29.2 -122.4609191,38.1642716,29.2 -122.4608871,38.1642535,28.7 -122.4608557,38.1642355,28.7 -122.4608251,38.1642171,28.7 -122.4607951,38.1641983,28.7 -122.4607654,38.1641788,28.7 -122.4607364,38.1641586,28.7 -122.4607081,38.1641376,28.7 -122.4606801,38.1641162,28.7 -122.4606527,38.1640944,28.7 -122.4606261,38.1640722,28.7 -122.4606001,38.1640497,29.9 -122.4605744,38.1640269,29.9 -122.4605494,38.1640036,29.9 -122.4605251,38.1639799,29.9 -122.4605011,38.1639556,29.9 -122.4604774,38.1639306,29.9 -122.4604544,38.1639049,29.9 -122.4604318,38.1638789,29.9 -122.4604094,38.1638526,29.9 -122.4603874,38.1638259,29.9 -122.4603658,38.1637987,32.2 -122.4603443,38.1637713,32.2 -122.4603231,38.1637440,32.2 -122.4603023,38.1637166,32.2 -122.4602818,38.1636889,32.2 -122.4602616,38.1636610,32.2 -122.4602418,38.1636331,32.2 -122.4602219,38.1636054,32.2 -122.4602021,38.1635781,32.2 -122.4601823,38.1635510,32.2 -122.4601628,38.1635241,34.3 -122.4601433,38.1634973,34.3 -122.4601241,38.1634708,34.3 -122.4601050,38.1634444,34.3 -122.4600860,38.1634184,34.3 -122.4600670,38.1633928,34.3 -122.4600481,38.1633673,34.3 -122.4600293,38.1633421,34.3 -122.4600108,38.1633171,34.3 -122.4599923,38.1632923,34.3 -122.4599741,38.1632678,34.7 -122.4599560,38.1632434,34.7 -122.4599379,38.1632194,34.7 -122.4599197,38.1631958,34.7 -122.4599012,38.1631724,34.7 -122.4598828,38.1631494,34.7 -122.4598642,38.1631271,34.7 -122.4598457,38.1631050,34.7 -122.4598269,38.1630831,34.7 -122.4598080,38.1630614,34.7 -122.4597889,38.1630401,34.0 -122.4597696,38.1630190,34.0 -122.4597499,38.1629981,34.0 -122.4597297,38.1629774,34.0 -122.4597092,38.1629571,34.0 -122.4596886,38.1629374,34.0 -122.4596676,38.1629181,34.0 -122.4596459,38.1628994,34.0 -122.4596239,38.1628811,34.0 -122.4596016,38.1628631,34.0 -122.4595789,38.1628457,31.9 -122.4595560,38.1628291,31.9 -122.4595329,38.1628130,31.9 -122.4595096,38.1627971,31.9 -122.4594859,38.1627817,31.9 -122.4594616,38.1627672,31.9 -122.4594369,38.1627534,31.9 -122.4594116,38.1627401,31.9 -122.4593859,38.1627274,31.9 -122.4593599,38.1627154,31.9 -122.4593336,38.1627041,29.1 -122.4593069,38.1626935,29.1 -122.4592800,38.1626838,29.1 -122.4592529,38.1626752,29.1 -122.4592257,38.1626674,29.1 -122.4591982,38.1626604,29.1 -122.4591708,38.1626543,29.1 -122.4591432,38.1626493,29.1 -122.4591157,38.1626455,29.1 -122.4590879,38.1626420,29.1 -122.4590596,38.1626387,26.7 -122.4590309,38.1626359,26.7 -122.4590021,38.1626337,26.7 -122.4589733,38.1626322,26.7 -122.4589447,38.1626317,26.7 -122.4589159,38.1626322,26.7 -122.4588870,38.1626334,26.7 -122.4588580,38.1626355,26.7 -122.4588290,38.1626384,26.7 -122.4588000,38.1626421,26.7 -122.4587710,38.1626464,24.0 -122.4587421,38.1626515,24.0 -122.4587134,38.1626575,24.0 -122.4586851,38.1626645,24.0 -122.4586573,38.1626724,24.0 -122.4586298,38.1626811,24.0 -122.4586023,38.1626904,24.0 -122.4585751,38.1627002,24.0 -122.4585484,38.1627107,24.0 -122.4585221,38.1627222,24.0 -122.4584964,38.1627344,21.5 -122.4584711,38.1627474,21.5 -122.4584464,38.1627611,21.5 -122.4584221,38.1627754,21.5 -122.4583984,38.1627904,21.5 -122.4583754,38.1628061,21.5 -122.4583531,38.1628224,21.5 -122.4583314,38.1628394,21.5 -122.4583105,38.1628571,21.5 -122.4582904,38.1628754,21.5 -122.4582712,38.1628944,18.5 -122.4582527,38.1629138,18.5 -122.4582352,38.1629334,18.5 -122.4582184,38.1629534,18.5 -122.4582022,38.1629741,18.5 -122.4581867,38.1629950,18.5 -122.4581722,38.1630160,18.5 -122.4581584,38.1630371,18.5 -122.4581454,38.1630584,18.5 -122.4581332,38.1630801,18.5 -122.4581218,38.1631024,15.6 -122.4581115,38.1631251,15.6 -122.4581025,38.1631484,15.6 -122.4580945,38.1631721,15.6 -122.4580875,38.1631961,15.6 -122.4580815,38.1632204,15.6 -122.4580768,38.1632451,15.6 -122.4580732,38.1632700,15.6 -122.4580708,38.1632950,15.6 -122.4580696,38.1633201,15.6 -122.4580698,38.1633453,13.3 -122.4580713,38.1633710,13.3 -122.4580741,38.1633975,13.3 -122.4580782,38.1634249,13.3 -122.4580834,38.1634518,13.3 -122.4580892,38.1634779,13.3 -122.4580958,38.1635037,13.3 -122.4581035,38.1635292,13.3 -122.4581122,38.1635547,13.3 -122.4581217,38.1635798,13.3 -122.4581322,38.1636045,13.4 -122.4581434,38.1636288,13.4 -122.4581554,38.1636535,13.4 -122.4581682,38.1636779,13.4 -122.4581818,38.1637019,13.4 -122.4581965,38.1637257,13.4 -122.4582121,38.1637493,13.4 -122.4582285,38.1637730,13.4 -122.4582458,38.1637966,13.4 -122.4582641,38.1638199,13.4 -122.4582831,38.1638430,15.0 -122.4583024,38.1638660,15.0 -122.4583225,38.1638890,15.0 -122.4583435,38.1639119,15.0 -122.4583655,38.1639347,15.0 -122.4583884,38.1639572,15.0 -122.4584121,38.1639798,15.0 -122.4584361,38.1640023,15.0 -122.4584607,38.1640250,15.0 -122.4584862,38.1640476,15.0 -122.4585124,38.1640699,16.7 -122.4585394,38.1640920,16.7 -122.4585671,38.1641141,16.7 -122.4585954,38.1641363,16.7 -122.4586241,38.1641587,16.7 -122.4586534,38.1641809,16.7 -122.4586834,38.1642027,16.7 -122.4587141,38.1642243,16.7 -122.4587454,38.1642461,16.7 -122.4587774,38.1642679,16.7 -122.4588101,38.1642897,18.4 -122.4588434,38.1643112,18.4 -122.4588771,38.1643328,18.4 -122.4589114,38.1643542,18.4 -122.4589461,38.1643758,18.4 -122.4589814,38.1643973,18.4 -122.4590171,38.1644190,18.4 -122.4590531,38.1644407,18.4 -122.4590894,38.1644622,18.4 -122.4591264,38.1644838,18.4 -122.4591640,38.1645052,20.1 -122.4592017,38.1645267,20.1 -122.4592393,38.1645479,20.1 -122.4592771,38.1645690,20.1 -122.4593153,38.1645900,20.1 -122.4593538,38.1646110,20.1 -122.4593923,38.1646320,20.1 -122.4594311,38.1646530,20.1 -122.4594704,38.1646740,20.1 -122.4595101,38.1646950,20.1 -122.4595500,38.1647159,22.1 -122.4595901,38.1647367,22.1 -122.4596304,38.1647572,22.1 -122.4596711,38.1647777,22.1 -122.4597121,38.1647979,22.1 -122.4597534,38.1648180,22.1 -122.4597951,38.1648380,22.1 -122.4598374,38.1648580,22.1 -122.4598801,38.1648779,22.1 -122.4599230,38.1648976,22.1 -122.4599661,38.1649170,24.1 -122.4600094,38.1649363,24.1 -122.4600531,38.1649557,24.1 -122.4600974,38.1649749,24.1 -122.4601421,38.1649939,24.1 -122.4601870,38.1650127,24.1 -122.4602320,38.1650313,24.1 -122.4602771,38.1650500,24.1 -122.4603223,38.1650687,24.1 -122.4603678,38.1650872,24.1 -122.4604132,38.1651058,26.2 -122.4604587,38.1651242,26.2 -122.4605039,38.1651426,26.2 -122.4605489,38.1651606,26.2 -122.4605936,38.1651782,26.2 -122.4606379,38.1651957,26.2 -122.4606816,38.1652129,26.2 -122.4607246,38.1652300,26.2 -122.4607672,38.1652469,26.2 -122.4608094,38.1652637,26.2 -122.4608511,38.1652802,27.9 -122.4608923,38.1652967,27.9 -122.4609329,38.1653129,27.9 -122.4609730,38.1653286,27.9 -122.4610129,38.1653440,27.9 -122.4610523,38.1653593,27.9 -122.4610912,38.1653747,27.9 -122.4611296,38.1653899,27.9 -122.4611675,38.1654049,27.9 -122.4612046,38.1654196,27.9 -122.4612412,38.1654339,29.8 -122.4612776,38.1654481,29.8 -122.4613136,38.1654622,29.8 -122.4613492,38.1654764,29.8 -122.4613843,38.1654902,29.8 -122.4614189,38.1655040,29.8 -122.4614530,38.1655176,29.8 -122.4614869,38.1655309,29.8 -122.4615206,38.1655440,29.8 -122.4615539,38.1655569,29.8 -122.4615866,38.1655697,31.9 -122.4616189,38.1655823,31.9 -122.4616507,38.1655950,31.9 -122.4616822,38.1656076,31.9 -122.4617136,38.1656200,31.9 -122.4617446,38.1656323,31.9 -122.4617749,38.1656447,31.9 -122.4618049,38.1656569,31.9 -122.4618347,38.1656690,31.9 -122.4618642,38.1656810,31.9 -122.4618934,38.1656929,33.5 -122.4619222,38.1657047,33.5 -122.4619506,38.1657162,33.5 -122.4619786,38.1657278,33.5 -122.4620059,38.1657392,33.5 -122.4620330,38.1657507,33.5 -122.4620599,38.1657619,33.5 -122.4620863,38.1657727,33.5 -122.4621119,38.1657833,33.5 -122.4621369,38.1657941,33.5 -122.4621616,38.1658050,34.9 -122.4621859,38.1658160,34.9 -122.4622096,38.1658270,34.9 -122.4622326,38.1658380,34.9 -122.4622549,38.1658490,34.9 -122.4622766,38.1658601,34.9 -122.4622979,38.1658714,34.9 -122.4623186,38.1658831,34.9 -122.4623389,38.1658951,34.9 -122.4623586,38.1659073,34.9 -122.4623775,38.1659198,35.9 -122.4623955,38.1659323,35.9 -122.4624125,38.1659451,35.9 -122.4624286,38.1659581,35.9 -122.4624439,38.1659714,35.9 -122.4624589,38.1659851,35.9 -122.4624736,38.1659990,35.9 -122.4624875,38.1660130,35.9 -122.4625005,38.1660269,35.9 -122.4625125,38.1660408,35.9 -122.4625236,38.1660546,36.1 -122.4625339,38.1660688,36.1 -122.4625436,38.1660829,36.1 -122.4625526,38.1660970,36.1 -122.4625608,38.1661110,36.1 -122.4625683,38.1661250,36.1 -122.4625748,38.1661391,36.1 -122.4625806,38.1661533,36.1 -122.4625855,38.1661677,36.1 -122.4625895,38.1661819,36.1 -122.4625926,38.1661960,36.1 -122.4625948,38.1662100,36.1 -122.4625963,38.1662239,36.1 -122.4625968,38.1662376,36.1 -122.4625962,38.1662509,36.1 -122.4625945,38.1662641,36.1 -122.4625919,38.1662773,36.1 -122.4625886,38.1662907,36.1 -122.4625845,38.1663039,36.1 -122.4625795,38.1663170,36.1 -122.4625735,38.1663299,36.5 -122.4625665,38.1663427,36.5 -122.4625585,38.1663552,36.5 -122.4625495,38.1663678,36.5 -122.4625395,38.1663802,36.5 -122.4625283,38.1663927,36.5 -122.4625161,38.1664049,36.5 -122.4625033,38.1664166,36.5 -122.4624898,38.1664279,36.5 -122.4624756,38.1664386,36.5 -122.4624608,38.1664489,36.4 -122.4624453,38.1664586,36.4 -122.4624288,38.1664679,36.4 -122.4624116,38.1664766,36.4 -122.4623939,38.1664849,36.4 -122.4623756,38.1664926,36.4 -122.4623569,38.1664996,36.4 -122.4623376,38.1665059,36.4 -122.4623176,38.1665116,36.4 -122.4622972,38.1665169,36.4 -122.4622764,38.1665216,36.2 -122.4622552,38.1665255,36.2 -122.4622336,38.1665286,36.2 -122.4622116,38.1665309,36.2 -122.4621893,38.1665326,36.2 -122.4621669,38.1665338,36.2 -122.4621443,38.1665343,36.2 -122.4621212,38.1665341,36.2 -122.4620981,38.1665333,36.2 -122.4620749,38.1665315,36.2 -122.4620516,38.1665285,35.7 -122.4620279,38.1665246,35.7 -122.4620040,38.1665199,35.7 -122.4619799,38.1665146,35.7 -122.4619557,38.1665085,35.7 -122.4619312,38.1665016,35.7 -122.4619067,38.1664939,35.7 -122.4618819,38.1664856,35.7 -122.4618570,38.1664765,35.7 -122.4618320,38.1664666,35.7 -122.4618069,38.1664558,35.4 -122.4617816,38.1664443,35.4 -122.4617559,38.1664319,35.4 -122.4617299,38.1664189,35.4 -122.4617036,38.1664056,35.4 -122.4616766,38.1663919,35.4 -122.4616492,38.1663776,35.4 -122.4616218,38.1663626,35.4 -122.4615942,38.1663469,35.4 -122.4615664,38.1663306,35.4 -122.4615382,38.1663139,34.7 -122.4615098,38.1662969,34.7 -122.4614812,38.1662796,34.7 -122.4614524,38.1662619,34.7 -122.4614232,38.1662439,34.7 -122.4613937,38.1662256,34.7 -122.4613639,38.1662069,34.7 -122.4613336,38.1661879,34.7 -122.4613026,38.1661686,34.7 -122.4612709,38.1661489,34.7 -122.4612386,38.1661290,33.7 -122.4612059,38.1661089,33.7 -122.4611726,38.1660887,33.7 -122.4611386,38.1660684,33.7 -122.4611039,38.1660484,33.7 -122.4610689,38.1660288,33.7 -122.4610336,38.1660092,33.7 -122.4609979,38.1659898,33.7 -122.4609616,38.1659702,33.7 -122.4609246,38.1659508,33.7 -122.4608869,38.1659313,32.4 -122.4608486,38.1659121,32.4 -122.4608099,38.1658930,32.4 -122.4607709,38.1658741,32.4 -122.4607316,38.1658554,32.4 -122.4606916,38.1658371,32.4 -122.4606512,38.1658190,32.4 -122.4606108,38.1658010,32.4 -122.4605702,38.1657831,32.4 -122.4605297,38.1657653,32.4 -122.4604890,38.1657477,30.8 -122.4604483,38.1657299,30.8 -122.4604078,38.1657121,30.8 -122.4603673,38.1656943,30.8 -122.4603271,38.1656767,30.8 -122.4602871,38.1656589,30.8 -122.4602474,38.1656407,30.8 -122.4602081,38.1656222,30.8 -122.4601694,38.1656037,30.8 -122.4601314,38.1655849,30.8 -122.4600938,38.1655657,29.0 -122.4600567,38.1655462,29.0 -122.4600201,38.1655264,29.0 -122.4599841,38.1655062,29.0 -122.4599484,38.1654860,29.0 -122.4599134,38.1654656,29.0 -122.4598791,38.1654449,29.0 -122.4598451,38.1654239,29.0 -122.4598114,38.1654027,29.0 -122.4597781,38.1653813,29.0 -122.4597454,38.1653600,27.4 -122.4597130,38.1653387,27.4 -122.4596807,38.1653173,27.4 -122.4596483,38.1652961,27.4 -122.4596161,38.1652753,27.4 -122.4595839,38.1652548,27.4 -122.4595517,38.1652346,27.4 -122.4595193,38.1652149,27.4 -122.4594870,38.1651956,27.4 -122.4594546,38.1651769,27.4 -122.4594216,38.1651586,26.2 -122.4593882,38.1651409,26.2 -122.4593544,38.1651237,26.2 -122.4593202,38.1651071,26.2 -122.4592859,38.1650911,26.2 -122.4592513,38.1650754,26.2 -122.4592162,38.1650605,26.2 -122.4591807,38.1650464,26.2 -122.4591449,38.1650331,26.2 -122.4591087,38.1650204,26.2 -122.4590722,38.1650081,25.1 -122.4590356,38.1649964,25.1 -122.4589986,38.1649852,25.1 -122.4589612,38.1649747,25.1 -122.4589236,38.1649648,25.1 -122.4588855,38.1649554,25.1 -122.4588466,38.1649467,25.1 -122.4588072,38.1649388,25.1 -122.4587676,38.1649314,25.1 -122.4587276,38.1649244,25.1 -122.4586869,38.1649181,23.8 -122.4586460,38.1649124,23.8 -122.4586049,38.1649071,23.8 -122.4585636,38.1649021,23.8 -122.4585219,38.1648972,23.8 -122.4584800,38.1648924,23.8 -122.4584380,38.1648872,23.8 -122.4583959,38.1648819,23.8 -122.4583537,38.1648763,23.8 -122.4583113,38.1648702,23.8 -122.4582691,38.1648637,22.2 -122.4582270,38.1648569,22.2 -122.4581850,38.1648496,22.2 -122.4581430,38.1648418,22.2 -122.4581011,38.1648333,22.2 -122.4580593,38.1648239,22.2 -122.4580178,38.1648139,22.2 -122.4579763,38.1648033,22.2 -122.4579351,38.1647918,22.2 -122.4578940,38.1647796,22.2 -122.4578530,38.1647669,20.9 -122.4578121,38.1647535,20.9 -122.4577713,38.1647393,20.9 -122.4577307,38.1647241,20.9 -122.4576900,38.1647083,20.9 -122.4576493,38.1646918,20.9 -122.4576088,38.1646746,20.9 -122.4575682,38.1646566,20.9 -122.4575278,38.1646382,20.9 -122.4574873,38.1646193,20.9 -122.4574471,38.1645998,20.5 -122.4574073,38.1645796,20.5 -122.4573678,38.1645589,20.5 -122.4573283,38.1645379,20.5 -122.4572890,38.1645163,20.5 -122.4572498,38.1644942,20.5 -122.4572105,38.1644717,20.5 -122.4571715,38.1644489,20.5 -122.4571323,38.1644259,20.5 -122.4570934,38.1644026,20.5 -122.4570547,38.1643786,19.4 -122.4570159,38.1643540,19.4 -122.4569770,38.1643293,19.4 -122.4569381,38.1643048,19.4 -122.4568994,38.1642802,19.4 -122.4568611,38.1642558,19.4 -122.4568230,38.1642312,19.4 -122.4567850,38.1642068,19.4 -122.4567470,38.1641823,19.4 -122.4567090,38.1641581,19.4 -122.4566710,38.1641340,17.0 -122.4566331,38.1641100,17.0 -122.4565954,38.1640861,17.0 -122.4565581,38.1640623,17.0 -122.4565213,38.1640388,17.0 -122.4564848,38.1640152,17.0 -122.4564483,38.1639918,17.0 -122.4564121,38.1639683,17.0 -122.4563761,38.1639451,17.0 -122.4563404,38.1639220,17.0 -122.4563051,38.1638991,15.0 -122.4562704,38.1638764,15.0 -122.4562361,38.1638541,15.0 -122.4562021,38.1638320,15.0 -122.4561684,38.1638101,15.0 -122.4561354,38.1637884,15.0 -122.4561031,38.1637671,15.0 -122.4560714,38.1637464,15.0 -122.4560401,38.1637261,15.0 -122.4560091,38.1637060,15.0 -122.4559784,38.1636860,14.1 -122.4559481,38.1636661,14.1 -122.4559184,38.1636464,14.1 -122.4558891,38.1636271,14.1 -122.4558604,38.1636081,14.1 -122.4558321,38.1635894,14.1 -122.4558044,38.1635711,14.1 -122.4557771,38.1635531,14.1 -122.4557504,38.1635354,14.1 -122.4557241,38.1635181,14.1 -122.4556984,38.1635010,13.1 -122.4556731,38.1634841,13.1 -122.4556484,38.1634674,13.1 -122.4556244,38.1634511,13.1 -122.4556008,38.1634351,13.1 -122.4555776,38.1634194,13.1 -122.4555548,38.1634041,13.1 -122.4555324,38.1633890,13.1 -122.4555104,38.1633741,13.1 -122.4554891,38.1633594,13.1 -122.4554681,38.1633450,12.5 -122.4554474,38.1633308,12.5 -122.4554271,38.1633166,12.5 -122.4554071,38.1633028,12.5 -122.4553874,38.1632889,12.5 -122.4553681,38.1632751,12.5 -122.4553493,38.1632613,12.5 -122.4553308,38.1632477,12.5 -122.4553127,38.1632339,12.5 -122.4552951,38.1632200,12.5 -122.4552781,38.1632061,11.9 -122.4552614,38.1631923,11.9 -122.4552454,38.1631787,11.9 -122.4552302,38.1631649,11.9 -122.4552157,38.1631510,11.9 -122.4552021,38.1631370,11.9 -122.4551891,38.1631230,11.9 -122.4551764,38.1631090,11.9 -122.4551645,38.1630950,11.9 -122.4551535,38.1630810,11.9 -122.4551434,38.1630670,11.1 -122.4551341,38.1630530,11.1 -122.4551254,38.1630389,11.1 -122.4551174,38.1630246,11.1 -122.4551102,38.1630099,11.1 -122.4551037,38.1629951,11.1 -122.4550982,38.1629803,11.1 -122.4550935,38.1629657,11.1 -122.4550898,38.1629509,11.1 -122.4550872,38.1629361,11.1 -122.4550854,38.1629213,10.7 -122.4550842,38.1629068,10.7 -122.4550837,38.1628923,10.7 -122.4550842,38.1628781,10.7 -122.4550854,38.1628641,10.7 -122.4550871,38.1628504,10.7 -122.4550890,38.1628370,10.7 -122.4550910,38.1628237,10.7 -122.4550929,38.1628103,10.7 -122.4550946,38.1627971,10.7 -122.4550959,38.1627843,10.7 -122.4550966,38.1627717,10.7 -122.4550965,38.1627589,10.7 -122.4550956,38.1627461,10.7 -122.4550939,38.1627333,10.7 -122.4550916,38.1627208,10.7 -122.4550885,38.1627082,10.7 -122.4550846,38.1626957,10.7 -122.4550798,38.1626830,10.7 -122.4550743,38.1626703,10.7 -122.4550678,38.1626578,10.2 -122.4550606,38.1626453,10.2 -122.4550525,38.1626331,10.2 -122.4550435,38.1626211,10.2 -122.4550335,38.1626093,10.2 -122.4550226,38.1625978,10.2 -122.4550108,38.1625862,10.2 -122.4549982,38.1625748,10.2 -122.4549845,38.1625636,10.2 -122.4549698,38.1625528,10.2 -122.4549543,38.1625420,9.6 -122.4549378,38.1625314,9.6 -122.4549205,38.1625211,9.6 -122.4549022,38.1625110,9.6 -122.4548828,38.1625011,9.6 -122.4548626,38.1624914,9.6 -122.4548415,38.1624821,9.6 -122.4548196,38.1624734,9.6 -122.4547968,38.1624651,9.6 -122.4547733,38.1624571,9.6 -122.4547488,38.1624494,9.2 -122.4547236,38.1624421,9.2 -122.4546978,38.1624351,9.2 -122.4546713,38.1624284,9.2 -122.4546438,38.1624221,9.2 -122.4546156,38.1624161,9.2 -122.4545866,38.1624104,9.2 -122.4545569,38.1624054,9.2 -122.4545266,38.1624008,9.2 -122.4544959,38.1623963,9.2 -122.4544646,38.1623921,8.9 -122.4544329,38.1623880,8.9 -122.4544006,38.1623840,8.9 -122.4543679,38.1623799,8.9 -122.4543350,38.1623757,8.9 -122.4543019,38.1623712,8.9 -122.4542687,38.1623667,8.9 -122.4542352,38.1623619,8.9 -122.4542014,38.1623570,8.9 -122.4541672,38.1623519,8.9 -122.4541330,38.1623466,8.2 -122.4540987,38.1623409,8.2 -122.4540643,38.1623347,8.2 -122.4540301,38.1623282,8.2 -122.4539959,38.1623216,8.2 -122.4539617,38.1623145,8.2 -122.4539273,38.1623066,8.2 -122.4538931,38.1622979,8.2 -122.4538590,38.1622886,8.2 -122.4538250,38.1622789,8.2 -122.4537911,38.1622686,7.5 -122.4537574,38.1622579,7.5 -122.4537241,38.1622466,7.5 -122.4536910,38.1622345,7.5 -122.4536580,38.1622216,7.5 -122.4536251,38.1622079,7.5 -122.4535924,38.1621936,7.5 -122.4535604,38.1621786,7.5 -122.4535288,38.1621629,7.5 -122.4534974,38.1621469,7.5 -122.4534664,38.1621303,6.9 -122.4534361,38.1621129,6.9 -122.4534064,38.1620949,6.9 -122.4533771,38.1620763,6.9 -122.4533484,38.1620569,6.9 -122.4533201,38.1620369,6.9 -122.4532924,38.1620166,6.9 -122.4532654,38.1619956,6.9 -122.4532391,38.1619739,6.9 -122.4532131,38.1619516,6.9 -122.4531874,38.1619286,6.9 -122.4531624,38.1619052,6.9 -122.4531381,38.1618813,6.9 -122.4531144,38.1618569,6.9 -122.4530914,38.1618319,6.9 -122.4530688,38.1618063,6.9 -122.4530467,38.1617802,6.9 -122.4530251,38.1617536,6.9 -122.4530041,38.1617266,6.9 -122.4529834,38.1616989,6.9 -122.4529631,38.1616706,6.6 -122.4529431,38.1616419,6.6 -122.4529237,38.1616129,6.6 -122.4529048,38.1615836,6.6 -122.4528864,38.1615536,6.6 -122.4528684,38.1615232,6.6 -122.4528511,38.1614924,6.6 -122.4528341,38.1614612,6.6 -122.4528174,38.1614298,6.6 -122.4528011,38.1613982,6.6 -122.4527854,38.1613668,6.4 -122.4527701,38.1613353,6.4 -122.4527550,38.1613040,6.4 -122.4527400,38.1612728,6.4 -122.4527251,38.1612415,6.4 -122.4527104,38.1612105,6.4 -122.4526961,38.1611795,6.4 -122.4526823,38.1611489,6.4 -122.4526688,38.1611186,6.4 -122.4526556,38.1610888,6.4 -122.4526428,38.1610593,6.1 -122.4526303,38.1610301,6.1 -122.4526181,38.1610014,6.1 -122.4526061,38.1609731,6.1 -122.4525944,38.1609454,6.1 -122.4525831,38.1609181,6.1 -122.4525721,38.1608914,6.1 -122.4525613,38.1608651,6.1 -122.4525508,38.1608394,6.1 -122.4525406,38.1608141,6.1 -122.4525308,38.1607891,5.7 -122.4525210,38.1607644,5.7 -122.4525114,38.1607404,5.7 -122.4525021,38.1607171,5.7 -122.4524930,38.1606944,5.7 -122.4524841,38.1606721,5.7 -122.4524753,38.1606500,5.7 -122.4524668,38.1606281,5.7 -122.4524583,38.1606064,5.7 -122.4524501,38.1605854,5.7 -122.4524423,38.1605648,5.7 -122.4524348,38.1605444,5.7 -122.4524273,38.1605244,5.7 -122.4524201,38.1605051,5.7 -122.4524131,38.1604864,5.7 -122.4524064,38.1604684,5.7 -122.4524001,38.1604508,5.7 -122.4523941,38.1604337,5.7 -122.4523884,38.1604171,5.7 -122.4523831,38.1604011,5.7 -122.4523781,38.1603854,5.8 -122.4523734,38.1603701,5.8 -122.4523691,38.1603549,5.8 -122.4523654,38.1603398,5.8 -122.4523621,38.1603247,5.8 -122.4523591,38.1603101,5.8 -122.4523564,38.1602960,5.8 -122.4523544,38.1602820,5.8 -122.4523531,38.1602680,5.8 -122.4523521,38.1602541,5.8 -122.4523517,38.1602403,5.5 -122.4523519,38.1602268,5.5 -122.4523527,38.1602133,5.5 -122.4523545,38.1602001,5.5 -122.4523571,38.1601874,5.5 -122.4523601,38.1601751,5.5 -122.4523637,38.1601634,5.5 -122.4523681,38.1601521,5.5 -122.4523731,38.1601412,5.5 -122.4523787,38.1601313,5.5 -122.4523851,38.1601226,5.5 -122.4523921,38.1601142,5.5 -122.4523994,38.1601058,5.5 -122.4524071,38.1600974,5.5 -122.4524153,38.1600894,5.5 -122.4524238,38.1600821,5.5 -122.4524327,38.1600751,5.5 -122.4524421,38.1600684,5.5 -122.4524520,38.1600624,5.5 -122.4524620,38.1600571,5.5 -122.4524721,38.1600524,5.6 -122.4524824,38.1600484,5.6 -122.4524931,38.1600451,5.6 -122.4525044,38.1600424,5.6 -122.4525161,38.1600405,5.6 -122.4525281,38.1600394,5.6 -122.4525404,38.1600391,5.6 -122.4525531,38.1600394,5.6 -122.4525661,38.1600402,5.6 -122.4525793,38.1600418,5.6 -122.4525928,38.1600445,5.8 -122.4526063,38.1600481,5.8 -122.4526201,38.1600521,5.8 -122.4526344,38.1600565,5.8 -122.4526491,38.1600618,5.8 -122.4526640,38.1600681,5.8 -122.4526791,38.1600751,5.8 -122.4526943,38.1600824,5.8 -122.4527098,38.1600904,5.8 -122.4527253,38.1600991,5.8 -122.4527411,38.1601084,5.2 -122.4527571,38.1601181,5.2 -122.4527733,38.1601284,5.2 -122.4527898,38.1601391,5.2 -122.4528063,38.1601504,5.2 -122.4528231,38.1601624,5.2 -122.4528401,38.1601750,5.2 -122.4528573,38.1601878,5.2 -122.4528748,38.1602010,5.2 -122.4528923,38.1602148,5.2 -122.4529101,38.1602290,5.1 -122.4529283,38.1602434,5.1 -122.4529468,38.1602585,5.1 -122.4529654,38.1602744,5.1 -122.4529844,38.1602908,5.1 -122.4530038,38.1603073,5.1 -122.4530233,38.1603241,5.1 -122.4530431,38.1603410,5.1 -122.4530631,38.1603581,5.1 -122.4530834,38.1603754,5.1 -122.4531041,38.1603931,5.4 -122.4531250,38.1604110,5.4 -122.4531461,38.1604290,5.4 -122.4531674,38.1604471,5.4 -122.4531891,38.1604654,5.4 -122.4532114,38.1604841,5.4 -122.4532341,38.1605031,5.4 -122.4532571,38.1605224,5.4 -122.4532804,38.1605421,5.4 -122.4533044,38.1605620,5.4 -122.4533288,38.1605820,5.4 -122.4533536,38.1606021,5.4 -122.4533788,38.1606224,5.4 -122.4534044,38.1606431,5.4 -122.4534304,38.1606640,5.4 -122.4534568,38.1606850,5.4 -122.4534836,38.1607061,5.4 -122.4535108,38.1607273,5.4 -122.4535383,38.1607488,5.4 -122.4535661,38.1607703,5.4 -122.4535944,38.1607921,5.6 -122.4536231,38.1608140,5.6 -122.4536521,38.1608360,5.6 -122.4536814,38.1608580,5.6 -122.4537111,38.1608801,5.6 -122.4537414,38.1609024,5.6 -122.4537721,38.1609251,5.6 -122.4538031,38.1609479,5.6 -122.4538344,38.1609707,5.6 -122.4538661,38.1609934,5.6 -122.4538981,38.1610164,5.9 -122.4539304,38.1610398,5.9 -122.4539631,38.1610632,5.9 -122.4539964,38.1610868,5.9 -122.4540301,38.1611103,5.9 -122.4540641,38.1611341,5.9 -122.4540984,38.1611581,5.9 -122.4541331,38.1611823,5.9 -122.4541681,38.1612067,5.9 -122.4542034,38.1612310,5.9 -122.4542391,38.1612554,6.1 -122.4542750,38.1612800,6.1 -122.4543111,38.1613047,6.1 -122.4543473,38.1613292,6.1 -122.4543838,38.1613538,6.1 -122.4544202,38.1613782,6.1 -122.4544563,38.1614026,6.1 -122.4544919,38.1614266,6.1 -122.4545270,38.1614502,6.1 -122.4545619,38.1614737,6.1 -122.4545966,38.1614969,6.4 -122.4546309,38.1615199,6.4 -122.4546649,38.1615426,6.4 -122.4546986,38.1615649,6.4 -122.4547316,38.1615869,6.4 -122.4547639,38.1616086,6.4 -122.4547956,38.1616299,6.4 -122.4548269,38.1616506,6.4 -122.4548576,38.1616709,6.4 -122.4548876,38.1616909,6.4 -122.4549172,38.1617106,6.6 -122.4549464,38.1617299,6.6 -122.4549752,38.1617487,6.6 -122.4550036,38.1617672,6.6 -122.4550316,38.1617856,6.6 -122.4550589,38.1618036,6.6 -122.4550857,38.1618212,6.6 -122.4551122,38.1618387,6.6 -122.4551386,38.1618559,6.6 -122.4551646,38.1618730,6.6 -122.4551902,38.1618899,6.8 -122.4552154,38.1619067,6.8 -122.4552402,38.1619232,6.8 -122.4552647,38.1619397,6.8 -122.4552889,38.1619559,6.8 -122.4553130,38.1619719,6.8 -122.4553369,38.1619876,6.8 -122.4553606,38.1620029,6.8 -122.4553839,38.1620177,6.8 -122.4554070,38.1620322,6.8 -122.4554300,38.1620463,6.9 -122.4554531,38.1620599,6.9 -122.4554763,38.1620729,6.9 -122.4554998,38.1620853,6.9 -122.4555232,38.1620972,6.9 -122.4555468,38.1621086,6.9 -122.4555704,38.1621196,6.9 -122.4555944,38.1621299,6.9 -122.4556187,38.1621399,6.9 -122.4556430,38.1621496,6.9 -122.4556674,38.1621589,7.1 -122.4556921,38.1621676,7.1 -122.4557171,38.1621759,7.1 -122.4557423,38.1621836,7.1 -122.4557678,38.1621909,7.1 -122.4557933,38.1621976,7.1 -122.4558191,38.1622039,7.1 -122.4558451,38.1622096,7.1 -122.4558714,38.1622145,7.1 -122.4558981,38.1622186,7.1 -122.4559251,38.1622219,7.2 -122.4559524,38.1622249,7.2 -122.4559804,38.1622276,7.2 -122.4560088,38.1622296,7.2 -122.4560374,38.1622309,7.2 -122.4560664,38.1622316,7.2 -122.4560961,38.1622316,7.2 -122.4561261,38.1622309,7.2 -122.4561564,38.1622296,7.2 -122.4561871,38.1622279,7.2 -122.4562181,38.1622259,7.6 -122.4562493,38.1622236,7.6 -122.4562808,38.1622209,7.6 -122.4563126,38.1622179,7.6 -122.4563448,38.1622146,7.6 -122.4563773,38.1622110,7.6 -122.4564101,38.1622073,7.6 -122.4564434,38.1622037,7.6 -122.4564771,38.1621999,7.6 -122.4565110,38.1621957,7.6 -122.4565451,38.1621913,8.0 -122.4565794,38.1621870,8.0 -122.4566141,38.1621826,8.0 -122.4566493,38.1621779,8.0 -122.4566848,38.1621731,8.0 -122.4567204,38.1621683,8.0 -122.4567564,38.1621637,8.0 -122.4567928,38.1621589,8.0 -122.4568292,38.1621537,8.0 -122.4568658,38.1621483,8.0 -122.4569024,38.1621430,9.6 -122.4569394,38.1621376,9.6 -122.4569767,38.1621319,9.6 -122.4570140,38.1621259,9.6 -122.4570513,38.1621196,9.6 -122.4570887,38.1621129,9.6 -122.4571259,38.1621059,9.6 -122.4571630,38.1620986,9.6 -122.4571999,38.1620909,9.6 -122.4572366,38.1620829,9.6 -122.4572729,38.1620746,11.5 -122.4573089,38.1620659,11.5 -122.4573446,38.1620566,11.5 -122.4573799,38.1620466,11.5 -122.4574149,38.1620359,11.5 -122.4574496,38.1620249,11.5 -122.4574836,38.1620133,11.5 -122.4575169,38.1620009,11.5 -122.4575499,38.1619879,11.5 -122.4575826,38.1619746,11.5 -122.4576146,38.1619606,14.7 -122.4576459,38.1619459,14.7 -122.4576766,38.1619309,14.7 -122.4577069,38.1619156,14.7 -122.4577366,38.1618999,14.7 -122.4577659,38.1618836,14.7 -122.4577947,38.1618669,14.7 -122.4578232,38.1618499,14.7 -122.4578517,38.1618327,14.7 -122.4578797,38.1618151,14.7 -122.4579063,38.1617966,18.9 -122.4579314,38.1617768,18.9 -122.4579558,38.1617561,18.9 -122.4579802,38.1617354,18.9 -122.4580043,38.1617150,18.9 -122.4580278,38.1616946,18.9 -122.4580506,38.1616739,18.9 -122.4580729,38.1616526,18.9 -122.4580946,38.1616309,18.9 -122.4581159,38.1616090,18.9 -122.4581366,38.1615870,24.1 -122.4581566,38.1615651,24.1 -122.4581762,38.1615433,24.1 -122.4581957,38.1615218,24.1 -122.4582149,38.1615004,24.1 -122.4582340,38.1614794,24.1 -122.4582529,38.1614588,24.1 -122.4582717,38.1614384,24.1 -122.4582903,38.1614184,24.1 -122.4583090,38.1613991,24.1 -122.4583276,38.1613800,28.6 -122.4583459,38.1613611,28.6 -122.4583641,38.1613425,28.6 -122.4583823,38.1613247,28.6 -122.4584007,38.1613078,28.6 -122.4584189,38.1612913,28.6 -122.4584370,38.1612751,28.6 -122.4584551,38.1612594,28.6 -122.4584733,38.1612444,28.6 -122.4584918,38.1612301,28.6 -122.4585103,38.1612164,31.8 -122.4585291,38.1612034,31.8 -122.4585480,38.1611911,31.8 -122.4585670,38.1611794,31.8 -122.4585860,38.1611681,31.8 -122.4586051,38.1611574,31.8 -122.4586243,38.1611474,31.8 -122.4586438,38.1611381,31.8 -122.4586632,38.1611291,31.8 -122.4586828,38.1611207,31.8 -122.4587024,38.1611129,34.9 -122.4587224,38.1611057,34.9 -122.4587427,38.1610991,34.9 -122.4587630,38.1610931,34.9 -122.4587834,38.1610874,34.9 -122.4588041,38.1610821,34.9 -122.4588250,38.1610774,34.9 -122.4588461,38.1610734,34.9 -122.4588673,38.1610701,34.9 -122.4588888,38.1610671,34.9 -122.4589103,38.1610647,36.9 -122.4589321,38.1610631,36.9 -122.4589540,38.1610621,36.9 -122.4589760,38.1610614,36.9 -122.4589981,38.1610614,36.9 -122.4590204,38.1610621,36.9 -122.4590431,38.1610631,36.9 -122.4590660,38.1610647,36.9 -122.4590890,38.1610672,36.9 -122.4591121,38.1610704,36.9 -122.4591354,38.1610741,37.9 -122.4591591,38.1610784,37.9 -122.4591830,38.1610834,37.9 -122.4592070,38.1610891,37.9 -122.4592311,38.1610954,37.9 -122.4592554,38.1611024,37.9 -122.4592801,38.1611101,37.9 -122.4593050,38.1611184,37.9 -122.4593300,38.1611274,37.9 -122.4593550,38.1611371,37.9 -122.4593801,38.1611474,38.6 -122.4594053,38.1611584,38.6 -122.4594308,38.1611701,38.6 -122.4594563,38.1611821,38.6 -122.4594820,38.1611947,38.6 -122.4595077,38.1612081,38.6 -122.4595332,38.1612221,38.6 -122.4595588,38.1612367,38.6 -122.4595842,38.1612522,38.6 -122.4596098,38.1612684,38.6 -122.4596352,38.1612851,39.4 -122.4596607,38.1613021,39.4 -122.4596860,38.1613197,39.4 -122.4597112,38.1613378,39.4 -122.4597364,38.1613564,39.4 -122.4597612,38.1613754,39.4 -122.4597861,38.1613948,39.4 -122.4598110,38.1614146,39.4 -122.4598360,38.1614348,39.4 -122.4598609,38.1614553,39.4 -122.4598857,38.1614761,40.2 -122.4599103,38.1614974,40.2 -122.4599351,38.1615191,40.2 -122.4599600,38.1615413,40.2 -122.4599851,38.1615638,40.2 -122.4600103,38.1615864,40.2 -122.4600358,38.1616094,40.2 -122.4600612,38.1616331,40.2 -122.4600868,38.1616570,40.2 -122.4601123,38.1616811,40.2 -122.4601381,38.1617054,40.2 -122.4601640,38.1617301,40.2 -122.4601899,38.1617553,40.2 -122.4602156,38.1617807,40.2 -122.4602409,38.1618059,40.2 -122.4602656,38.1618310,40.2 -122.4602899,38.1618559,40.2 -122.4603139,38.1618806,40.2 -122.4603376,38.1619050,40.2 -122.4603609,38.1619293,40.2 -122.4603839,38.1619537,39.6 -122.4604066,38.1619779,39.6 -122.4604289,38.1620020,39.6 -122.4604509,38.1620260,39.6 -122.4604726,38.1620499,39.6 -122.4604940,38.1620736,39.6 -122.4605153,38.1620966,39.6 -122.4605367,38.1621192,39.6 -122.4605579,38.1621417,39.6 -122.4605791,38.1621639,39.6 -122.4606002,38.1621859,38.8 -122.4606215,38.1622076,38.8 -122.4606425,38.1622289,38.8 -122.4606638,38.1622496,38.8 -122.4606853,38.1622699,38.8 -122.4607071,38.1622896,38.8 -122.4607293,38.1623089,38.8 -122.4607518,38.1623279,38.8 -122.4607743,38.1623463,38.8 -122.4607971,38.1623641,38.8 -122.4608203,38.1623813,37.6 -122.4608438,38.1623978,37.6 -122.4608676,38.1624136,37.6 -122.4608918,38.1624289,37.6 -122.4609163,38.1624439,37.6 -122.4609411,38.1624583,37.6 -122.4609664,38.1624719,37.6 -122.4609921,38.1624849,37.6 -122.4610181,38.1624976,37.6 -122.4610444,38.1625096,37.6 -122.4610714,38.1625209,38.0 -122.4610991,38.1625315,38.0 -122.4611274,38.1625413,38.0 -122.4611561,38.1625501,38.0 -122.4611850,38.1625584,38.0 -122.4612141,38.1625661,38.0 -122.4612434,38.1625733,38.0 -122.4612730,38.1625798,38.0 -122.4613027,38.1625856,38.0 -122.4613324,38.1625909,38.0 -122.4613624,38.1625956,40.2 -122.4613931,38.1625996,40.2 -122.4614240,38.1626029,40.2 -122.4614550,38.1626056,40.2 -122.4614859,38.1626079,40.2 -122.4615167,38.1626096,40.2 -122.4615473,38.1626109,40.2 -122.4615780,38.1626120,40.2 -122.4616087,38.1626129,40.2 -122.4616393,38.1626138,40.2 -122.4616701,38.1626145,43.5 -122.4617009,38.1626155,43.5 -122.4617316,38.1626165,43.5 -122.4617619,38.1626178,43.5 -122.4617920,38.1626194,43.5 -122.4618220,38.1626214,43.5 -122.4618519,38.1626241,43.5 -122.4618816,38.1626271,43.5 -122.4619109,38.1626307,43.5 -122.4619399,38.1626348,43.5 -122.4619686,38.1626394,46.5 -122.4619966,38.1626444,46.5 -122.4620242,38.1626501,46.5 -122.4620517,38.1626564,46.5 -122.4620789,38.1626631,46.5 -122.4621056,38.1626704,46.5 -122.4621319,38.1626781,46.5 -122.4621577,38.1626861,46.5 -122.4621832,38.1626947,46.5 -122.4622086,38.1627041,46.5 -122.4622336,38.1627141,48.9 -122.4622582,38.1627244,48.9 -122.4622827,38.1627355,48.9 -122.4623069,38.1627474,48.9 -122.4623309,38.1627601,48.9 -122.4623546,38.1627731,48.9 -122.4623779,38.1627864,48.9 -122.4624010,38.1628005,48.9 -122.4624240,38.1628154,48.9 -122.4624469,38.1628311,48.9 -122.4624696,38.1628471,50.0 -122.4624919,38.1628634,50.0 -122.4625137,38.1628804,50.0 -122.4625352,38.1628981,50.0 -122.4625567,38.1629164,50.0 -122.4625780,38.1629354,50.0 -122.4625993,38.1629551,50.0 -122.4626207,38.1629751,50.0 -122.4626419,38.1629954,50.0 -122.4626631,38.1630161,50.0 -122.4626843,38.1630371,49.7 -122.4627058,38.1630584,49.7 -122.4627273,38.1630801,49.7 -122.4627489,38.1631020,49.7 -122.4627703,38.1631240,49.7 -122.4627912,38.1631460,49.7 -122.4628120,38.1631680,49.7 -122.4628327,38.1631900,49.7 -122.4628532,38.1632119,49.7 -122.4628736,38.1632337,49.7 -122.4628936,38.1632552,46.7 -122.4629129,38.1632767,46.7 -122.4629319,38.1632979,46.7 -122.4629507,38.1633189,46.7 -122.4629692,38.1633396,46.7 -122.4629874,38.1633599,46.7 -122.4630052,38.1633800,46.7 -122.4630226,38.1633999,46.7 -122.4630396,38.1634197,46.7 -122.4630562,38.1634392,46.7 -122.4630726,38.1634586,43.8 -122.4630886,38.1634776,43.8 -122.4631042,38.1634962,43.8 -122.4631196,38.1635144,43.8 -122.4631346,38.1635322,43.8 -122.4631492,38.1635498,43.8 -122.4631637,38.1635672,43.8 -122.4631779,38.1635848,43.8 -122.4631917,38.1636022,43.8 -122.4632052,38.1636197,43.8 -122.4632187,38.1636369,42.0 -122.4632319,38.1636541,42.0 -122.4632446,38.1636713,42.0 -122.4632569,38.1636887,42.0 -122.4632689,38.1637059,42.0 -122.4632806,38.1637227,42.0 -122.4632916,38.1637393,42.0 -122.4633019,38.1637561,42.0 -122.4633119,38.1637730,42.0 -122.4633213,38.1637900,42.0 -122.4633299,38.1638069,40.6 -122.4633379,38.1638237,40.6 -122.4633453,38.1638403,40.6 -122.4633521,38.1638571,40.6 -122.4633583,38.1638740,40.6 -122.4633638,38.1638910,40.6 -122.4633686,38.1639079,40.6 -122.4633726,38.1639247,40.6 -122.4633758,38.1639412,40.6 -122.4633783,38.1639578,40.6 -122.4633798,38.1639742,39.0 -122.4633806,38.1639907,39.0 -122.4633808,38.1640069,39.0 -122.4633803,38.1640227,39.0 -122.4633788,38.1640383,39.0 -122.4633763,38.1640540,39.0 -122.4633731,38.1640696,39.0 -122.4633693,38.1640849,39.0 -122.4633645,38.1640996,39.0 -122.4633589,38.1641140,39.0 -122.4633526,38.1641282,37.5 -122.4633456,38.1641424,37.5 -122.4633379,38.1641562,37.5 -122.4633295,38.1641700,37.5 -122.4633202,38.1641836,37.5 -122.4633098,38.1641969,37.5 -122.4632983,38.1642099,37.5 -122.4632859,38.1642226,37.5 -122.4632729,38.1642349,37.5 -122.4632592,38.1642470,37.5 -122.4632442,38.1642590,35.4 -122.4632278,38.1642710,35.4 -122.4632105,38.1642829,35.4 -122.4631922,38.1642946,35.4 -122.4631728,38.1643060,35.4 -122.4631523,38.1643172,35.4 -122.4631308,38.1643284,35.4 -122.4631082,38.1643391,35.4 -122.4630845,38.1643490,35.4 -122.4630596,38.1643582,35.4 -122.4630339,38.1643671,33.1 -122.4630076,38.1643760,33.1 -122.4629805,38.1643849,33.1 -122.4629525,38.1643936,33.1 -122.4629235,38.1644020,33.1 -122.4628936,38.1644102,33.1 -122.4628629,38.1644184,33.1 -122.4628316,38.1644262,33.1 -122.4627996,38.1644340,33.1 -122.4627669,38.1644417,33.1 -122.4627336,38.1644492,30.2 -122.4626999,38.1644567,30.2 -122.4626656,38.1644639,30.2 -122.4626306,38.1644707,30.2 -122.4625949,38.1644772,30.2 -122.4625590,38.1644837,30.2 -122.4625229,38.1644899,30.2 -122.4624866,38.1644959,30.2 -122.4624499,38.1645016,30.2 -122.4624127,38.1645069,30.2 -122.4623752,38.1645116,27.4 -122.4623377,38.1645159,27.4 -122.4622999,38.1645199,27.4 -122.4622620,38.1645233,27.4 -122.4622240,38.1645261,27.4 -122.4621859,38.1645283,27.4 -122.4621477,38.1645299,27.4 -122.4621093,38.1645309,27.4 -122.4620711,38.1645316,27.4 -122.4620330,38.1645319,27.4 -122.4619949,38.1645316,26.5 -122.4619567,38.1645309,26.5 -122.4619183,38.1645299,26.5 -122.4618801,38.1645283,26.5 -122.4618420,38.1645259,26.5 -122.4618039,38.1645229,26.5 -122.4617658,38.1645196,26.5 -122.4617276,38.1645158,26.5 -122.4616898,38.1645113,26.5 -122.4616519,38.1645059,26.5 -122.4616141,38.1644999,24.4 -122.4615764,38.1644933,24.4 -122.4615391,38.1644858,24.4 -122.4615020,38.1644776,24.4 -122.4614651,38.1644689,24.4 -122.4614283,38.1644596,24.4 -122.4613918,38.1644496,24.4 -122.4613554,38.1644389,24.4 -122.4613194,38.1644276,24.4 -122.4612841,38.1644155,24.4 -122.4612491,38.1644026,22.9 -122.4612143,38.1643889,22.9 -122.4611798,38.1643746,22.9 -122.4611457,38.1643599,22.9 -122.4611121,38.1643446,22.9 -122.4610791,38.1643288,22.9 -122.4610464,38.1643123,22.9 -122.4610141,38.1642948,22.9 -122.4609824,38.1642766,22.9 -122.4609511,38.1642579,22.9 -122.4609204,38.1642389,22.2 -122.4608901,38.1642193,22.2 -122.4608600,38.1641988,22.2 -122.4608301,38.1641773,22.2 -122.4608004,38.1641548,22.2 -122.4607711,38.1641316,22.2 -122.4607424,38.1641079,22.2 -122.4607141,38.1640836,22.2 -122.4606864,38.1640586,22.2 -122.4606591,38.1640329,22.2 -122.4606321,38.1640066,22.8 -122.4606054,38.1639799,22.8 -122.4605791,38.1639529,22.8 -122.4605530,38.1639256,22.8 -122.4605271,38.1638976,22.8 -122.4605014,38.1638689,22.8 -122.4604764,38.1638400,22.8 -122.4604518,38.1638110,22.8 -122.4604276,38.1637820,22.8 -122.4604038,38.1637530,22.8 -122.4603803,38.1637240,25.4 -122.4603571,38.1636951,25.4 -122.4603341,38.1636664,25.4 -122.4603113,38.1636381,25.4 -122.4602888,38.1636100,25.4 -122.4602666,38.1635820,25.4 -122.4602448,38.1635541,25.4 -122.4602230,38.1635264,25.4 -122.4602014,38.1634991,25.4 -122.4601801,38.1634720,25.4 -122.4601591,38.1634451,27.3 -122.4601383,38.1634184,27.3 -122.4601178,38.1633924,27.3 -122.4600973,38.1633668,27.3 -122.4600771,38.1633413,27.3 -122.4600570,38.1633161,27.3 -122.4600370,38.1632911,27.3 -122.4600170,38.1632664,27.3 -122.4599970,38.1632421,27.3 -122.4599769,38.1632180,27.3 -122.4599567,38.1631941,27.4 -122.4599362,38.1631703,27.4 -122.4599158,38.1631468,27.4 -122.4598952,38.1631234,27.4 -122.4598747,38.1631004,27.4 -122.4598539,38.1630778,27.4 -122.4598327,38.1630553,27.4 -122.4598113,38.1630331,27.4 -122.4597900,38.1630114,27.4 -122.4597686,38.1629901,27.4 -122.4597469,38.1629691,26.1 -122.4597250,38.1629484,26.1 -122.4597029,38.1629284,26.1 -122.4596806,38.1629088,26.1 -122.4596579,38.1628896,26.1 -122.4596346,38.1628709,26.1 -122.4596109,38.1628527,26.1 -122.4595869,38.1628351,26.1 -122.4595626,38.1628181,26.1 -122.4595379,38.1628017,26.1 -122.4595130,38.1627861,23.4 -122.4594879,38.1627711,23.4 -122.4594626,38.1627564,23.4 -122.4594366,38.1627424,23.4 -122.4594102,38.1627291,23.4 -122.4593834,38.1627164,23.4 -122.4593562,38.1627045,23.4 -122.4593287,38.1626934,23.4 -122.4593009,38.1626831,23.4 -122.4592726,38.1626734,23.4 -122.4592440,38.1626645,20.7 -122.4592153,38.1626565,20.7 -122.4591867,38.1626494,20.7 -122.4591579,38.1626431,20.7 -122.4591290,38.1626374,20.7 -122.4591000,38.1626321,20.7 -122.4590710,38.1626274,20.7 -122.4590419,38.1626235,20.7 -122.4590127,38.1626205,20.7 -122.4589833,38.1626184,20.7 -122.4589541,38.1626172,18.1 -122.4589253,38.1626167,18.1 -122.4588967,38.1626172,18.1 -122.4588680,38.1626184,18.1 -122.4588393,38.1626204,18.1 -122.4588108,38.1626231,18.1 -122.4587822,38.1626261,18.1 -122.4587538,38.1626297,18.1 -122.4587253,38.1626342,18.1 -122.4586971,38.1626394,18.1 -122.4586691,38.1626455,15.6 -122.4586414,38.1626525,15.6 -122.4586141,38.1626605,15.6 -122.4585871,38.1626695,15.6 -122.4585604,38.1626794,15.6 -122.4585344,38.1626902,15.6 -122.4585091,38.1627017,15.6 -122.4584841,38.1627142,15.6 -122.4584594,38.1627274,15.6 -122.4584352,38.1627413,15.6 -122.4584120,38.1627564,13.0 -122.4583898,38.1627729,13.0 -122.4583681,38.1627900,13.0 -122.4583467,38.1628074,13.0 -122.4583259,38.1628251,13.0 -122.4583057,38.1628434,13.0 -122.4582865,38.1628621,13.0 -122.4582682,38.1628814,13.0 -122.4582507,38.1629011,13.0 -122.4582339,38.1629214,13.0 -122.4582177,38.1629421,10.2 -122.4582022,38.1629631,10.2 -122.4581874,38.1629847,10.2 -122.4581734,38.1630068,10.2 -122.4581601,38.1630293,10.2 -122.4581475,38.1630521,10.2 -122.4581358,38.1630754,10.2 -122.4581252,38.1630991,10.2 -122.4581154,38.1631233,10.2 -122.4581065,38.1631478,10.2 -122.4580985,38.1631724,7.5 -122.4580915,38.1631974,7.5 -122.4580855,38.1632231,7.5 -122.4580808,38.1632490,7.5 -122.4580775,38.1632751,7.5 -122.4580755,38.1633013,7.5 -122.4580745,38.1633277,7.5 -122.4580748,38.1633540,7.5 -122.4580762,38.1633803,7.5 -122.4580788,38.1634067,7.5 -122.4580825,38.1634329,5.9 -122.4580875,38.1634590,5.9 -122.4580935,38.1634850,5.9 -122.4581005,38.1635109,5.9 -122.4581085,38.1635366,5.9 -122.4581175,38.1635616,5.9 -122.4581274,38.1635860,5.9 -122.4581382,38.1636104,5.9 -122.4581497,38.1636351,5.9 -122.4581622,38.1636599,5.9 -122.4581754,38.1636847,7.1 -122.4581895,38.1637092,7.1 -122.4582045,38.1637338,7.1 -122.4582205,38.1637582,7.1 -122.4582375,38.1637827,7.1 -122.4582554,38.1638069,7.1 -122.4582741,38.1638310,7.1 -122.4582934,38.1638550,7.1 -122.4583135,38.1638789,7.1 -122.4583345,38.1639027,7.1 -122.4583565,38.1639262,8.6 -122.4583794,38.1639497,8.6 -122.4584031,38.1639729,8.6 -122.4584274,38.1639957,8.6 -122.4584524,38.1640183,8.6 -122.4584781,38.1640411,8.6 -122.4585041,38.1640639,8.6 -122.4585304,38.1640866,8.6 -122.4585575,38.1641090,8.6 -122.4585854,38.1641313,8.6 -122.4586141,38.1641537,10.3 -122.4586434,38.1641759,10.3 -122.4586731,38.1641980,10.3 -122.4587034,38.1642200,10.3 -122.4587344,38.1642420,10.3 -122.4587661,38.1642640,10.3 -122.4587984,38.1642860,10.3 -122.4588314,38.1643079,10.3 -122.4588651,38.1643297,10.3 -122.4588991,38.1643512,10.3 -122.4589334,38.1643727,12.1 -122.4589684,38.1643940,12.1 -122.4590041,38.1644153,12.1 -122.4590404,38.1644367,12.1 -122.4590771,38.1644579,12.1 -122.4591141,38.1644790,12.1 -122.4591514,38.1645000,12.1 -122.4591891,38.1645210,12.1 -122.4592274,38.1645420,12.1 -122.4592661,38.1645630,12.1 -122.4593053,38.1645840,14.0 -122.4593448,38.1646049,14.0 -122.4593846,38.1646257,14.0 -122.4594248,38.1646463,14.0 -122.4594653,38.1646671,14.0 -122.4595061,38.1646880,14.0 -122.4595474,38.1647090,14.0 -122.4595891,38.1647299,14.0 -122.4596313,38.1647507,14.0 -122.4596738,38.1647713,14.0 -122.4597164,38.1647921,16.1 -122.4597594,38.1648130,16.1 -122.4598028,38.1648339,16.1 -122.4598463,38.1648546,16.1 -122.4598901,38.1648750,16.1 -122.4599341,38.1648953,16.1 -122.4599783,38.1649157,16.1 -122.4600228,38.1649359,16.1 -122.4600673,38.1649560,16.1 -122.4601121,38.1649760,16.1 -122.4601574,38.1649960,18.1 -122.4602031,38.1650160,18.1 -122.4602490,38.1650359,18.1 -122.4602951,38.1650557,18.1 -122.4603414,38.1650753,18.1 -122.4603881,38.1650950,18.1 -122.4604350,38.1651146,18.1 -122.4604820,38.1651339,18.1 -122.4605290,38.1651530,18.1 -122.4605759,38.1651719,18.1 -122.4606226,38.1651907,20.1 -122.4606689,38.1652092,20.1 -122.4607146,38.1652274,20.1 -122.4607599,38.1652452,20.1 -122.4608049,38.1652630,20.1 -122.4608493,38.1652806,20.1 -122.4608931,38.1652979,20.1 -122.4609363,38.1653149,20.1 -122.4609788,38.1653316,20.1 -122.4610206,38.1653479,20.1 -122.4610619,38.1653640,22.1 -122.4611029,38.1653799,22.1 -122.4611433,38.1653956,22.1 -122.4611828,38.1654109,22.1 -122.4612217,38.1654260,22.1 -122.4612602,38.1654410,22.1 -122.4612983,38.1654560,22.1 -122.4613359,38.1654709,22.1 -122.4613729,38.1654857,22.1 -122.4614096,38.1655002,22.1 -122.4614459,38.1655147,24.2 -122.4614816,38.1655289,24.2 -122.4615166,38.1655427,24.2 -122.4615512,38.1655562,24.2 -122.4615856,38.1655697,24.2 -122.4616196,38.1655829,24.2 -122.4616529,38.1655960,24.2 -122.4616856,38.1656090,24.2 -122.4617176,38.1656219,24.2 -122.4617492,38.1656347,24.2 -122.4617807,38.1656472,26.2 -122.4618119,38.1656597,26.2 -122.4618426,38.1656719,26.2 -122.4618729,38.1656837,26.2 -122.4619026,38.1656952,26.2 -122.4619319,38.1657067,26.2 -122.4619606,38.1657179,26.2 -122.4619889,38.1657290,26.2 -122.4620166,38.1657401,26.2 -122.4620439,38.1657513,26.2 -122.4620706,38.1657627,27.6 -122.4620969,38.1657739,27.6 -122.4621226,38.1657849,27.6 -122.4621479,38.1657957,27.6 -122.4621726,38.1658064,27.6 -122.4621966,38.1658174,27.6 -122.4622199,38.1658287,27.6 -122.4622426,38.1658399,27.6 -122.4622648,38.1658511,27.6 -122.4622863,38.1658624,27.6 -122.4623072,38.1658741,28.6 -122.4623277,38.1658860,28.6 -122.4623478,38.1658980,28.6 -122.4623673,38.1659101,28.6 -122.4623858,38.1659223,28.6 -122.4624036,38.1659348,28.6 -122.4624208,38.1659473,28.6 -122.4624373,38.1659601,28.6 -122.4624528,38.1659730,28.6 -122.4624676,38.1659860,28.6 -122.4624819,38.1659990,28.7 -122.4624955,38.1660121,28.7 -122.4625082,38.1660253,28.7 -122.4625198,38.1660388,28.7 -122.4625306,38.1660523,28.7 -122.4625409,38.1660660,28.7 -122.4625506,38.1660797,28.7 -122.4625595,38.1660933,28.7 -122.4625675,38.1661071,28.7 -122.4625745,38.1661210,28.7 -122.4625806,38.1661349,28.8 -122.4625859,38.1661487,28.8 -122.4625905,38.1661622,28.8 -122.4625942,38.1661758,28.8 -122.4625968,38.1661892,28.8 -122.4625986,38.1662028,28.8 -122.4625995,38.1662162,28.8 -122.4625996,38.1662297,28.8 -122.4625988,38.1662429,28.8 -122.4625973,38.1662560,28.8 -122.4625948,38.1662691,28.9 -122.4625915,38.1662822,28.9 -122.4625872,38.1662954,28.9 -122.4625815,38.1663082,28.9 -122.4625748,38.1663210,28.9 -122.4625673,38.1663337,28.9 -122.4625588,38.1663462,28.9 -122.4625496,38.1663584,28.9 -122.4625395,38.1663702,28.9 -122.4625286,38.1663820,28.9 -122.4625169,38.1663937,29.0 -122.4625046,38.1664052,29.0 -122.4624916,38.1664164,29.0 -122.4624778,38.1664272,29.0 -122.4624633,38.1664376,29.0 -122.4624478,38.1664476,29.0 -122.4624316,38.1664569,29.0 -122.4624149,38.1664656,29.0 -122.4623976,38.1664739,29.0 -122.4623799,38.1664816,29.0 -122.4623616,38.1664889,28.9 -122.4623426,38.1664956,28.9 -122.4623232,38.1665019,28.9 -122.4623036,38.1665076,28.9 -122.4622836,38.1665126,28.9 -122.4622629,38.1665168,28.9 -122.4622416,38.1665203,28.9 -122.4622200,38.1665229,28.9 -122.4621982,38.1665249,28.9 -122.4621764,38.1665263,28.9 -122.4621542,38.1665268,28.4 -122.4621317,38.1665266,28.4 -122.4621089,38.1665258,28.4 -122.4620857,38.1665243,28.4 -122.4620622,38.1665218,28.4 -122.4620386,38.1665186,28.4 -122.4620146,38.1665146,28.4 -122.4619903,38.1665098,28.4 -122.4619660,38.1665043,28.4 -122.4619416,38.1664978,28.4 -122.4619169,38.1664906,28.1 -122.4618919,38.1664829,28.1 -122.4618667,38.1664746,28.1 -122.4618412,38.1664655,28.1 -122.4618157,38.1664555,28.1 -122.4617899,38.1664446,28.1 -122.4617636,38.1664329,28.1 -122.4617369,38.1664206,28.1 -122.4617100,38.1664076,28.1 -122.4616829,38.1663939,28.1 -122.4616556,38.1663799,27.4 -122.4616279,38.1663653,27.4 -122.4616000,38.1663499,27.4 -122.4615719,38.1663339,27.4 -122.4615436,38.1663173,27.4 -122.4615149,38.1663002,27.4 -122.4614860,38.1662828,27.4 -122.4614569,38.1662652,27.4 -122.4614276,38.1662476,27.4 -122.4613979,38.1662296,27.4 -122.4613679,38.1662112,26.3 -122.4613376,38.1661927,26.3 -122.4613069,38.1661739,26.3 -122.4612756,38.1661547,26.3 -122.4612439,38.1661352,26.3 -122.4612116,38.1661157,26.3 -122.4611788,38.1660959,26.3 -122.4611453,38.1660760,26.3 -122.4611112,38.1660560,26.3 -122.4610766,38.1660360,26.3 -122.4610416,38.1660160,25.2 -122.4610059,38.1659960,25.2 -122.4609696,38.1659760,25.2 -122.4609329,38.1659560,25.2 -122.4608959,38.1659361,25.2 -122.4608586,38.1659163,25.2 -122.4608209,38.1658968,25.2 -122.4607826,38.1658773,25.2 -122.4607439,38.1658581,25.2 -122.4607049,38.1658390,25.2 -122.4606657,38.1658201,23.4 -122.4606262,38.1658014,23.4 -122.4605866,38.1657831,23.4 -122.4605466,38.1657650,23.4 -122.4605063,38.1657470,23.4 -122.4604661,38.1657290,23.4 -122.4604260,38.1657111,23.4 -122.4603860,38.1656933,23.4 -122.4603461,38.1656757,23.4 -122.4603064,38.1656579,23.4 -122.4602671,38.1656400,21.8 -122.4602283,38.1656219,21.8 -122.4601898,38.1656037,21.8 -122.4601517,38.1655852,21.8 -122.4601141,38.1655664,21.8 -122.4600771,38.1655472,21.8 -122.4600404,38.1655277,21.8 -122.4600044,38.1655079,21.8 -122.4599691,38.1654880,21.8 -122.4599341,38.1654679,21.8 -122.4598997,38.1654476,20.0 -122.4598658,38.1654269,20.0 -122.4598324,38.1654059,20.0 -122.4597994,38.1653847,20.0 -122.4597671,38.1653633,20.0 -122.4597351,38.1653420,20.0 -122.4597033,38.1653207,20.0 -122.4596718,38.1652994,20.0 -122.4596402,38.1652784,20.0 -122.4596087,38.1652578,20.0 -122.4595769,38.1652376,18.9 -122.4595450,38.1652178,18.9 -122.4595130,38.1651984,18.9 -122.4594809,38.1651794,18.9 -122.4594487,38.1651611,18.9 -122.4594162,38.1651434,18.9 -122.4593836,38.1651261,18.9 -122.4593506,38.1651091,18.9 -122.4593172,38.1650927,18.9 -122.4592834,38.1650768,18.9 -122.4592492,38.1650614,17.6 -122.4592147,38.1650465,17.6 -122.4591799,38.1650325,17.6 -122.4591447,38.1650194,17.6 -122.4591092,38.1650071,17.6 -122.4590736,38.1649951,17.6 -122.4590376,38.1649835,17.6 -122.4590009,38.1649727,17.6 -122.4589640,38.1649628,17.6 -122.4589269,38.1649534,17.6 -122.4588897,38.1649448,16.2 -122.4588522,38.1649374,16.2 -122.4588144,38.1649308,16.2 -122.4587762,38.1649243,16.2 -122.4587376,38.1649181,16.2 -122.4586986,38.1649124,16.2 -122.4586592,38.1649072,16.2 -122.4586197,38.1649027,16.2 -122.4585799,38.1648987,16.2 -122.4585399,38.1648946,16.2 -122.4584997,38.1648903,15.1 -122.4584592,38.1648860,15.1 -122.4584188,38.1648816,15.1 -122.4583783,38.1648769,15.1 -122.4583380,38.1648719,15.1 -122.4582977,38.1648666,15.1 -122.4582573,38.1648609,15.1 -122.4582171,38.1648546,15.1 -122.4581770,38.1648475,15.1 -122.4581370,38.1648396,15.1 -122.4580971,38.1648309,13.5 -122.4580574,38.1648216,13.5 -122.4580181,38.1648118,13.5 -122.4579790,38.1648013,13.5 -122.4579400,38.1647898,13.5 -122.4579011,38.1647776,13.5 -122.4578623,38.1647649,13.5 -122.4578238,38.1647516,13.5 -122.4577852,38.1647375,13.5 -122.4577468,38.1647226,13.5 -122.4577082,38.1647069,12.8 -122.4576698,38.1646906,12.8 -122.4576313,38.1646736,12.8 -122.4575931,38.1646559,12.8 -122.4575550,38.1646376,12.8 -122.4575169,38.1646186,12.8 -122.4574787,38.1645989,12.8 -122.4574403,38.1645789,12.8 -122.4574020,38.1645586,12.8 -122.4573637,38.1645376,12.8 -122.4573253,38.1645159,12.6 -122.4572870,38.1644940,12.6 -122.4572486,38.1644719,12.6 -122.4572099,38.1644496,12.6 -122.4571709,38.1644269,12.6 -122.4571317,38.1644036,12.6 -122.4570923,38.1643799,12.6 -122.4570530,38.1643560,12.6 -122.4570137,38.1643319,12.6 -122.4569743,38.1643077,12.6 -122.4569351,38.1642833,11.1 -122.4568960,38.1642591,11.1 -122.4568571,38.1642350,11.1 -122.4568184,38.1642110,11.1 -122.4567801,38.1641870,11.1 -122.4567420,38.1641630,11.1 -122.4567041,38.1641391,11.1 -122.4566663,38.1641153,11.1 -122.4566288,38.1640917,11.1 -122.4565914,38.1640680,11.1 -122.4565544,38.1640444,8.3 -122.4565181,38.1640211,8.3 -122.4564821,38.1639980,8.3 -122.4564463,38.1639751,8.3 -122.4564108,38.1639523,8.3 -122.4563756,38.1639298,8.3 -122.4563408,38.1639073,8.3 -122.4563063,38.1638851,8.3 -122.4562721,38.1638633,8.3 -122.4562384,38.1638418,8.3 -122.4562051,38.1638203,6.6 -122.4561724,38.1637991,6.6 -122.4561401,38.1637780,6.6 -122.4561081,38.1637571,6.6 -122.4560764,38.1637364,6.6 -122.4560451,38.1637161,6.6 -122.4560144,38.1636961,6.6 -122.4559841,38.1636763,6.6 -122.4559541,38.1636568,6.6 -122.4559244,38.1636374,6.6 -122.4558954,38.1636184,5.6 -122.4558671,38.1635998,5.6 -122.4558391,38.1635814,5.6 -122.4558114,38.1635634,5.6 -122.4557841,38.1635458,5.6 -122.4557574,38.1635283,5.6 -122.4557311,38.1635111,5.6 -122.4557054,38.1634941,5.6 -122.4556801,38.1634774,5.6 -122.4556551,38.1634611,5.6 -122.4556304,38.1634450,4.7 -122.4556061,38.1634290,4.7 -122.4555824,38.1634131,4.7 -122.4555591,38.1633974,4.7 -122.4555361,38.1633821,4.7 -122.4555134,38.1633670,4.7 -122.4554911,38.1633521,4.7 -122.4554694,38.1633374,4.7 -122.4554481,38.1633230,4.7 -122.4554274,38.1633087,4.7 -122.4554071,38.1632943,4.2 -122.4553871,38.1632801,4.2 -122.4553674,38.1632660,4.2 -122.4553482,38.1632520,4.2 -122.4553297,38.1632380,4.2 -122.4553118,38.1632240,4.2 -122.4552944,38.1632100,4.2 -122.4552775,38.1631960,4.2 -122.4552614,38.1631820,4.2 -122.4552461,38.1631680,4.2 -122.4552315,38.1631541,4.4 -122.4552178,38.1631403,4.4 -122.4552051,38.1631267,4.4 -122.4551931,38.1631129,4.4 -122.4551814,38.1630990,4.4 -122.4551702,38.1630850,4.4 -122.4551597,38.1630710,4.4 -122.4551502,38.1630570,4.4 -122.4551414,38.1630431,4.4 -122.4551331,38.1630293,4.4 -122.4551254,38.1630158,4.1 -122.4551185,38.1630022,4.1 -122.4551124,38.1629888,4.1 -122.4551071,38.1629752,4.1 -122.4551025,38.1629617,4.1 -122.4550988,38.1629480,4.1 -122.4550961,38.1629344,4.1 -122.4550941,38.1629210,4.1 -122.4550924,38.1629077,4.1 -122.4550915,38.1628943,4.1 -122.4550915,38.1628810,3.9 -122.4550924,38.1628678,3.9 -122.4550941,38.1628546,3.9 -122.4550961,38.1628419,3.9 -122.4550983,38.1628296,3.9 -122.4551007,38.1628178,3.9 -122.4551029,38.1628059,3.9 -122.4551050,38.1627940,3.9 -122.4551069,38.1627820,3.9 -122.4551083,38.1627700,3.9 -122.4551088,38.1627579,4.0 -122.4551086,38.1627457,4.0 -122.4551078,38.1627332,4.0 -122.4551062,38.1627207,4.0 -122.4551035,38.1627080,4.0 -122.4550999,38.1626954,4.0 -122.4550955,38.1626830,4.0 -122.4550902,38.1626707,4.0 -122.4550838,38.1626583,4.0 -122.4550766,38.1626461,4.0 -122.4550685,38.1626340,3.9 -122.4550595,38.1626221,3.9 -122.4550495,38.1626103,3.9 -122.4550383,38.1625987,3.9 -122.4550261,38.1625870,3.9 -122.4550133,38.1625754,3.9 -122.4549995,38.1625641,3.9 -122.4549845,38.1625530,3.9 -122.4549686,38.1625421,3.9 -122.4549518,38.1625313,3.9 -122.4549342,38.1625208,3.6 -122.4549155,38.1625104,3.6 -122.4548958,38.1625004,3.6 -122.4548753,38.1624908,3.6 -122.4548538,38.1624813,3.6 -122.4548313,38.1624721,3.6 -122.4548078,38.1624634,3.6 -122.4547836,38.1624551,3.6 -122.4547586,38.1624471,3.6 -122.4547328,38.1624394,3.6 -122.4547063,38.1624321,3.3 -122.4546789,38.1624254,3.3 -122.4546509,38.1624191,3.3 -122.4546223,38.1624130,3.3 -122.4545928,38.1624071,3.3 -122.4545626,38.1624014,3.3 -122.4545316,38.1623961,3.3 -122.4545002,38.1623913,3.3 -122.4544683,38.1623868,3.3 -122.4544358,38.1623823,3.3 -122.4544027,38.1623781,3.0 -122.4543692,38.1623739,3.0 -122.4543356,38.1623697,3.0 -122.4543016,38.1623652,3.0 -122.4542673,38.1623607,3.0 -122.4542330,38.1623559,3.0 -122.4541986,38.1623509,3.0 -122.4541640,38.1623456,3.0 -122.4541293,38.1623400,3.0 -122.4540948,38.1623343,3.0 -122.4540603,38.1623286,2.3 -122.4540260,38.1623226,2.3 -122.4539917,38.1623159,2.3 -122.4539573,38.1623089,2.3 -122.4539230,38.1623016,2.3 -122.4538887,38.1622935,2.3 -122.4538543,38.1622846,2.3 -122.4538201,38.1622749,2.3 -122.4537859,38.1622645,2.3 -122.4537517,38.1622529,2.3 -122.4537174,38.1622399,1.7 -122.4536834,38.1622262,1.7 -122.4536501,38.1622124,1.7 -122.4536174,38.1621982,1.7 -122.4535851,38.1621837,1.7 -122.4535531,38.1621689,1.7 -122.4535214,38.1621536,1.7 -122.4534904,38.1621376,1.7 -122.4534601,38.1621209,1.7 -122.4534301,38.1621039,1.7 -122.4534004,38.1620863,1.4 -122.4533714,38.1620679,1.4 -122.4533431,38.1620489,1.4 -122.4533154,38.1620296,1.4 -122.4532881,38.1620099,1.4 -122.4532614,38.1619896,1.4 -122.4532354,38.1619686,1.4 -122.4532101,38.1619469,1.4 -122.4531851,38.1619249,1.4 -122.4531604,38.1619026,1.4 -122.4531364,38.1618795,1.2 -122.4531131,38.1618556,1.2 -122.4530901,38.1618309,1.2 -122.4530674,38.1618056,1.2 -122.4530454,38.1617799,1.2 -122.4530241,38.1617539,1.2 -122.4530031,38.1617276,1.2 -122.4529824,38.1617009,1.2 -122.4529621,38.1616736,1.2 -122.4529424,38.1616459,1.2 -122.4529234,38.1616176,1.2 -122.4529051,38.1615889,1.2 -122.4528874,38.1615599,1.2 -122.4528704,38.1615306,1.2 -122.4528538,38.1615006,1.2 -122.4528374,38.1614702,1.2 -122.4528214,38.1614397,1.2 -122.4528061,38.1614089,1.2 -122.4527911,38.1613780,1.2 -122.4527764,38.1613470,1.2 -122.4527621,38.1613161,1.3 -122.4527481,38.1612853,1.3 -122.4527344,38.1612548,1.3 -122.4527211,38.1612243,1.3 -122.4527080,38.1611941,1.3 -122.4526950,38.1611640,1.3 -122.4526821,38.1611341,1.3 -122.4526694,38.1611044,1.3 -122.4526571,38.1610754,1.3 -122.4526451,38.1610468,1.3 -122.4526333,38.1610184,1.1 -122.4526218,38.1609904,1.1 -122.4526103,38.1609631,1.1 -122.4525991,38.1609361,1.1 -122.4525884,38.1609094,1.1 -122.4525780,38.1608834,1.1 -122.4525678,38.1608581,1.1 -122.4525576,38.1608334,1.1 -122.4525478,38.1608091,1.1 -122.4525382,38.1607854,1.1 -122.4525288,38.1607621,0.9 -122.4525196,38.1607391,0.9 -122.4525108,38.1607167,0.9 -122.4525023,38.1606948,0.9 -122.4524941,38.1606734,0.9 -122.4524860,38.1606524,0.9 -122.4524781,38.1606321,0.9 -122.4524704,38.1606121,0.9 -122.4524630,38.1605924,0.9 -122.4524557,38.1605731,0.9 -122.4524483,38.1605541,0.7 -122.4524411,38.1605354,0.7 -122.4524343,38.1605171,0.7 -122.4524278,38.1604991,0.7 -122.4524213,38.1604814,0.7 -122.4524151,38.1604641,0.7 -122.4524090,38.1604474,0.7 -122.4524031,38.1604310,0.7 -122.4523974,38.1604148,0.7 -122.4523921,38.1603986,0.7 -122.4523873,38.1603828,0.5 -122.4523828,38.1603674,0.5 -122.4523783,38.1603524,0.5 -122.4523741,38.1603378,0.5 -122.4523701,38.1603233,0.5 -122.4523664,38.1603091,0.5 -122.4523631,38.1602953,0.5 -122.4523604,38.1602818,0.5 -122.4523582,38.1602683,0.5 -122.4523567,38.1602551,0.5 -122.4523559,38.1602421,6552.9 -122.4523557,38.1602293,6552.9 -122.4523562,38.1602167,6552.9 -122.4523574,38.1602040,6552.9 -122.4523592,38.1601914,6552.9 -122.4523617,38.1601794,6552.9 -122.4523652,38.1601681,6552.9 -122.4523694,38.1601571,6552.9 -122.4523741,38.1601463,6552.9 -122.4523794,38.1601358,6552.9 -122.4523851,38.1601257,6552.9 -122.4523914,38.1601161,6552.9 -122.4523984,38.1601071,6552.9 -122.4524061,38.1600984,6552.9 -122.4524143,38.1600904,6552.9 -122.4524228,38.1600831,6552.9 -122.4524317,38.1600764,6552.9 -122.4524411,38.1600701,6552.9 -122.4524508,38.1600644,6552.9 -122.4524606,38.1600594,6552.9 -122.4524708,38.1600548,6553.2 -122.4524813,38.1600507,6553.2 -122.4524921,38.1600472,6553.2 -122.4525034,38.1600444,6553.2 -122.4525154,38.1600421,6553.2 -122.4525281,38.1600404,6553.2 -122.4525410,38.1600395,6553.2 -122.4525540,38.1600394,6553.2 -122.4525671,38.1600402,6553.2 -122.4525804,38.1600418,6553.2 -122.4525941,38.1600445,6553.5 -122.4526084,38.1600481,6553.5 -122.4526231,38.1600521,6553.5 -122.4526380,38.1600564,6553.5 -122.4526530,38.1600615,6553.5 -122.4526681,38.1600674,6553.5 -122.4526834,38.1600741,6553.5 -122.4526991,38.1600814,6553.5 -122.4527151,38.1600891,6553.5 -122.4527313,38.1600974,6553.5 -122.4527478,38.1601064,6553.4 -122.4527644,38.1601161,6553.4 -122.4527814,38.1601264,6553.4 -122.4527988,38.1601371,6553.4 -122.4528162,38.1601484,6553.4 -122.4528338,38.1601604,6553.4 -122.4528516,38.1601731,6553.4 -122.4528698,38.1601864,6553.4 -122.4528883,38.1602001,6553.4 -122.4529071,38.1602144,6553.4 -122.4529260,38.1602291,0.1 -122.4529451,38.1602441,0.1 -122.4529644,38.1602594,0.1 -122.4529841,38.1602754,0.1 -122.4530040,38.1602917,0.1 -122.4530241,38.1603081,0.1 -122.4530444,38.1603247,0.1 -122.4530651,38.1603418,0.1 -122.4530860,38.1603590,0.1 -122.4531071,38.1603764,0.1 -122.4531284,38.1603941,0.4 -122.4531501,38.1604123,0.4 -122.4531724,38.1604308,0.4 -122.4531951,38.1604494,0.4 -122.4532181,38.1604684,0.4 -122.4532414,38.1604878,0.4 -122.4532651,38.1605074,0.4 -122.4532894,38.1605274,0.4 -122.4533141,38.1605478,0.4 -122.4533391,38.1605683,0.4 -122.4533644,38.1605891,0.5 -122.4533901,38.1606101,0.5 -122.4534161,38.1606313,0.5 -122.4534424,38.1606528,0.5 -122.4534691,38.1606743,0.5 -122.4534961,38.1606961,0.5 -122.4535234,38.1607180,0.5 -122.4535511,38.1607401,0.5 -122.4535794,38.1607624,0.5 -122.4536081,38.1607850,0.5 -122.4536371,38.1608077,0.7 -122.4536664,38.1608303,0.7 -122.4536964,38.1608531,0.7 -122.4537268,38.1608761,0.7 -122.4537574,38.1608993,0.7 -122.4537884,38.1609228,0.7 -122.4538201,38.1609463,0.7 -122.4538520,38.1609701,0.7 -122.4538841,38.1609940,0.7 -122.4539164,38.1610180,0.7 -122.4539491,38.1610420,1.1 -122.4539824,38.1610661,1.1 -122.4540161,38.1610903,1.1 -122.4540501,38.1611148,1.1 -122.4540844,38.1611393,1.1 -122.4541191,38.1611641,1.1 -122.4541541,38.1611890,1.1 -122.4541894,38.1612140,1.1 -122.4542251,38.1612390,1.1 -122.4542611,38.1612640,1.1 -122.4542974,38.1612891,1.5 -122.4543341,38.1613143,1.5 -122.4543710,38.1613397,1.5 -122.4544079,38.1613649,1.5 -122.4544446,38.1613900,1.5 -122.4544809,38.1614149,1.5 -122.4545169,38.1614396,1.5 -122.4545526,38.1614639,1.5 -122.4545879,38.1614877,1.5 -122.4546229,38.1615112,1.5 -122.4546576,38.1615346,1.8 -122.4546916,38.1615576,1.8 -122.4547252,38.1615802,1.8 -122.4547584,38.1616026,1.8 -122.4547912,38.1616246,1.8 -122.4548236,38.1616462,1.8 -122.4548556,38.1616677,1.8 -122.4548869,38.1616889,1.8 -122.4549176,38.1617096,1.8 -122.4549479,38.1617299,1.8 -122.4549779,38.1617500,2.1 -122.4550076,38.1617699,2.1 -122.4550366,38.1617896,2.1 -122.4550649,38.1618089,2.1 -122.4550929,38.1618276,2.1 -122.4551206,38.1618459,2.1 -122.4551479,38.1618639,2.1 -122.4551746,38.1618816,2.1 -122.4552009,38.1618989,2.1 -122.4552269,38.1619160,2.1 -122.4552526,38.1619329,2.3 -122.4552779,38.1619496,2.3 -122.4553027,38.1619656,2.3 -122.4553272,38.1619812,2.3 -122.4553517,38.1619967,2.3 -122.4553759,38.1620119,2.3 -122.4553997,38.1620266,2.3 -122.4554233,38.1620409,2.3 -122.4554471,38.1620549,2.3 -122.4554710,38.1620686,2.3 -122.4554950,38.1620819,2.5 -122.4555190,38.1620946,2.5 -122.4555430,38.1621069,2.5 -122.4555671,38.1621186,2.5 -122.4555913,38.1621299,2.5 -122.4556158,38.1621406,2.5 -122.4556403,38.1621506,2.5 -122.4556651,38.1621599,2.5 -122.4556901,38.1621686,2.5 -122.4557154,38.1621766,2.5 -122.4557411,38.1621842,2.8 -122.4557671,38.1621913,2.8 -122.4557934,38.1621979,2.8 -122.4558201,38.1622039,2.8 -122.4558471,38.1622096,2.8 -122.4558743,38.1622149,2.8 -122.4559018,38.1622196,2.8 -122.4559293,38.1622236,2.8 -122.4559571,38.1622269,2.8 -122.4559854,38.1622299,2.8 -122.4560141,38.1622323,3.0 -122.4560431,38.1622341,3.0 -122.4560724,38.1622353,3.0 -122.4561021,38.1622358,3.0 -122.4561324,38.1622356,3.0 -122.4561631,38.1622349,3.0 -122.4561940,38.1622339,3.0 -122.4562251,38.1622326,3.0 -122.4562564,38.1622306,3.0 -122.4562881,38.1622282,3.0 -122.4563201,38.1622257,3.6 -122.4563523,38.1622229,3.6 -122.4563848,38.1622197,3.6 -122.4564176,38.1622162,3.6 -122.4564508,38.1622124,3.6 -122.4564839,38.1622082,3.6 -122.4565171,38.1622040,3.6 -122.4565504,38.1621997,3.6 -122.4565841,38.1621952,3.6 -122.4566183,38.1621906,3.6 -122.4566528,38.1621856,4.4 -122.4566873,38.1621802,4.4 -122.4567221,38.1621747,4.4 -122.4567571,38.1621689,4.4 -122.4567923,38.1621630,4.4 -122.4568278,38.1621569,4.4 -122.4568633,38.1621506,4.4 -122.4568991,38.1621439,4.4 -122.4569353,38.1621369,4.4 -122.4569718,38.1621297,4.4 -122.4570083,38.1621222,6.2 -122.4570451,38.1621147,6.2 -122.4570823,38.1621069,6.2 -122.4571197,38.1620989,6.2 -122.4571570,38.1620906,6.2 -122.4571942,38.1620819,6.2 -122.4572314,38.1620729,6.2 -122.4572682,38.1620637,6.2 -122.4573050,38.1620542,6.2 -122.4573416,38.1620444,6.2 -122.4573779,38.1620341,8.5 -122.4574139,38.1620234,8.5 -122.4574496,38.1620121,8.5 -122.4574849,38.1620004,8.5 -122.4575196,38.1619881,8.5 -122.4575539,38.1619753,8.5 -122.4575876,38.1619619,8.5 -122.4576208,38.1619479,8.5 -122.4576533,38.1619336,8.5 -122.4576852,38.1619186,8.5 -122.4577166,38.1619032,12.5 -122.4577476,38.1618874,12.5 -122.4577782,38.1618712,12.5 -122.4578087,38.1618550,12.5 -122.4578389,38.1618386,12.5 -122.4578690,38.1618216,12.5 -122.4578988,38.1618039,12.5 -122.4579275,38.1617860,12.5 -122.4579541,38.1617680,12.5 -122.4579792,38.1617499,12.5 -122.4580039,38.1617316,16.4 -122.4580283,38.1617129,16.4 -122.4580518,38.1616939,16.4 -122.4580746,38.1616747,16.4 -122.4580966,38.1616552,16.4 -122.4581179,38.1616357,16.4 -122.4581386,38.1616159,16.4 -122.4581588,38.1615959,16.4 -122.4581783,38.1615757,16.4 -122.4581969,38.1615553,16.4 -122.4582150,38.1615351,21.2 -122.4582329,38.1615149,21.2 -122.4582506,38.1614948,21.2 -122.4582679,38.1614747,21.2 -122.4582846,38.1614551,21.2 -122.4583009,38.1614361,21.2 -122.4583169,38.1614174,21.2 -122.4583327,38.1613991,21.2 -122.4583483,38.1613811,21.2 -122.4583641,38.1613634,21.2 -122.4583799,38.1613461,25.0 -122.4583957,38.1613294,25.0 -122.4584113,38.1613131,25.0 -122.4584271,38.1612974,25.0 -122.4584433,38.1612821,25.0 -122.4584597,38.1612674,25.0 -122.4584760,38.1612534,25.0 -122.4584924,38.1612398,25.0 -122.4585091,38.1612267,25.0 -122.4585260,38.1612141,25.0 -122.4585431,38.1612021,27.9 -122.4585604,38.1611904,27.9 -122.4585781,38.1611791,27.9 -122.4585961,38.1611684,27.9 -122.4586143,38.1611581,27.9 -122.4586328,38.1611484,27.9 -122.4586516,38.1611394,27.9 -122.4586708,38.1611311,27.9 -122.4586903,38.1611231,27.9 -122.4587101,38.1611154,27.9 -122.4587300,38.1611084,31.1 -122.4587501,38.1611021,31.1 -122.4587704,38.1610964,31.1 -122.4587911,38.1610911,31.1 -122.4588120,38.1610861,31.1 -122.4588331,38.1610817,31.1 -122.4588543,38.1610781,31.1 -122.4588758,38.1610751,31.1 -122.4588973,38.1610724,31.1 -122.4589191,38.1610704,31.1 -122.4589410,38.1610691,33.3 -122.4589630,38.1610684,33.3 -122.4589850,38.1610681,33.3 -122.4590071,38.1610684,33.3 -122.4590293,38.1610694,33.3 -122.4590518,38.1610711,33.3 -122.4590743,38.1610734,33.3 -122.4590971,38.1610761,33.3 -122.4591200,38.1610794,33.3 -122.4591431,38.1610834,33.3 -122.4591663,38.1610881,34.2 -122.4591898,38.1610934,34.2 -122.4592133,38.1610995,34.2 -122.4592371,38.1611064,34.2 -122.4592613,38.1611141,34.2 -122.4592857,38.1611224,34.2 -122.4593100,38.1611311,34.2 -122.4593344,38.1611404,34.2 -122.4593591,38.1611504,34.2 -122.4593840,38.1611611,34.2 -122.4594090,38.1611724,35.1 -122.4594341,38.1611844,35.1 -122.4594594,38.1611971,35.1 -122.4594850,38.1612104,35.1 -122.4595107,38.1612241,35.1 -122.4595363,38.1612381,35.1 -122.4595620,38.1612524,35.1 -122.4595877,38.1612674,35.1 -122.4596132,38.1612831,35.1 -122.4596387,38.1612991,35.1 -122.4596639,38.1613154,36.0 -122.4596890,38.1613324,36.0 -122.4597140,38.1613501,36.0 -122.4597390,38.1613681,36.0 -122.4597640,38.1613864,36.0 -122.4597890,38.1614051,36.0 -122.4598140,38.1614244,36.0 -122.4598390,38.1614441,36.0 -122.4598640,38.1614641,36.0 -122.4598890,38.1614844,36.0 -122.4599140,38.1615051,36.9 -122.4599390,38.1615264,36.9 -122.4599640,38.1615481,36.9 -122.4599890,38.1615701,36.9 -122.4600141,38.1615923,36.9 -122.4600393,38.1616148,36.9 -122.4600648,38.1616376,36.9 -122.4600903,38.1616608,36.9 -122.4601161,38.1616844,36.9 -122.4601420,38.1617084,36.9 -122.4601679,38.1617328,36.9 -122.4601936,38.1617572,36.9 -122.4602189,38.1617817,36.9 -122.4602436,38.1618059,36.9 -122.4602679,38.1618300,36.9 -122.4602920,38.1618540,36.9 -122.4603159,38.1618780,36.9 -122.4603393,38.1619020,36.9 -122.4603622,38.1619260,36.9 -122.4603846,38.1619499,36.9 -122.4604066,38.1619736,36.5 -122.4604282,38.1619970,36.5 -122.4604498,38.1620203,36.5 -122.4604712,38.1620436,36.5 -122.4604927,38.1620666,36.5 -122.4605139,38.1620892,36.5 -122.4605350,38.1621117,36.5 -122.4605560,38.1621339,36.5 -122.4605771,38.1621559,36.5 -122.4605983,38.1621776,36.5 -122.4606197,38.1621989,35.7 -122.4606410,38.1622197,35.7 -122.4606624,38.1622402,35.7 -122.4606841,38.1622606,35.7 -122.4607060,38.1622806,35.7 -122.4607281,38.1622999,35.7 -122.4607503,38.1623189,35.7 -122.4607728,38.1623376,35.7 -122.4607954,38.1623558,35.7 -122.4608184,38.1623733,35.7 -122.4608421,38.1623902,34.5 -122.4608660,38.1624066,34.5 -122.4608901,38.1624226,34.5 -122.4609144,38.1624379,34.5 -122.4609391,38.1624526,34.5 -122.4609644,38.1624669,34.5 -122.4609901,38.1624806,34.5 -122.4610164,38.1624936,34.5 -122.4610431,38.1625059,34.5 -122.4610701,38.1625176,34.5 -122.4610974,38.1625288,34.9 -122.4611254,38.1625392,34.9 -122.4611538,38.1625486,34.9 -122.4611823,38.1625572,34.9 -122.4612111,38.1625653,34.9 -122.4612400,38.1625728,34.9 -122.4612690,38.1625796,34.9 -122.4612980,38.1625859,34.9 -122.4613271,38.1625916,34.9 -122.4613564,38.1625965,34.9 -122.4613861,38.1626006,37.7 -122.4614161,38.1626042,37.7 -122.4614464,38.1626073,37.7 -122.4614771,38.1626098,37.7 -122.4615079,38.1626116,37.7 -122.4615387,38.1626129,37.7 -122.4615693,38.1626137,37.7 -122.4616000,38.1626142,37.7 -122.4616307,38.1626147,37.7 -122.4616612,38.1626150,37.7 -122.4616917,38.1626154,41.1 -122.4617219,38.1626161,41.1 -122.4617519,38.1626170,41.1 -122.4617816,38.1626181,41.1 -122.4618109,38.1626194,41.1 -122.4618399,38.1626212,41.1 -122.4618686,38.1626237,41.1 -122.4618969,38.1626268,41.1 -122.4619249,38.1626304,41.1 -122.4619527,38.1626345,41.1 -122.4619802,38.1626394,43.9 -122.4620076,38.1626451,43.9 -122.4620346,38.1626511,43.9 -122.4620612,38.1626577,43.9 -122.4620877,38.1626648,43.9 -122.4621139,38.1626724,43.9 -122.4621400,38.1626805,43.9 -122.4621659,38.1626894,43.9 -122.4621913,38.1626991,43.9 -122.4622162,38.1627091,43.9 -122.4622410,38.1627194,46.3 -122.4622656,38.1627305,46.3 -122.4622899,38.1627424,46.3 -122.4623140,38.1627551,46.3 -122.4623379,38.1627681,46.3 -122.4623616,38.1627814,46.3 -122.4623849,38.1627955,46.3 -122.4624080,38.1628104,46.3 -122.4624309,38.1628261,46.3 -122.4624536,38.1628424,46.3 -122.4624759,38.1628591,47.5 -122.4624980,38.1628764,47.5 -122.4625200,38.1628941,47.5 -122.4625420,38.1629124,47.5 -122.4625640,38.1629311,47.5 -122.4625860,38.1629504,47.5 -122.4626080,38.1629701,47.5 -122.4626301,38.1629903,47.5 -122.4626522,38.1630108,47.5 -122.4626743,38.1630316,47.5 -122.4626959,38.1630528,46.9 -122.4627170,38.1630739,46.9 -122.4627380,38.1630951,46.9 -122.4627590,38.1631163,46.9 -122.4627799,38.1631377,46.9 -122.4628006,38.1631589,46.9 -122.4628209,38.1631800,46.9 -122.4628409,38.1632010,46.9 -122.4628606,38.1632220,46.9 -122.4628799,38.1632429,46.9 -122.4628989,38.1632636,44.0 -122.4629176,38.1632839,44.0 -122.4629359,38.1633040,44.0 -122.4629539,38.1633239,44.0 -122.4629716,38.1633436,44.0 -122.4629889,38.1633629,44.0 -122.4630060,38.1633820,44.0 -122.4630229,38.1634010,44.0 -122.4630396,38.1634199,44.0 -122.4630559,38.1634386,44.0 -122.4630719,38.1634569,41.3 -122.4630876,38.1634750,41.3 -122.4631029,38.1634929,41.3 -122.4631180,38.1635106,41.3 -122.4631329,38.1635279,41.3 -122.4631476,38.1635450,41.3 -122.4631619,38.1635619,41.3 -122.4631756,38.1635787,41.3 -122.4631889,38.1635952,41.3 -122.4632020,38.1636116,41.3 -122.4632149,38.1636276,39.9 -122.4632277,38.1636433,39.9 -122.4632402,38.1636590,39.9 -122.4632526,38.1636747,39.9 -122.4632646,38.1636902,39.9 -122.4632759,38.1637057,39.9 -122.4632869,38.1637209,39.9 -122.4632976,38.1637361,39.9 -122.4633078,38.1637513,39.9 -122.4633173,38.1637668,39.9 -122.4633261,38.1637822,38.4 -122.4633343,38.1637977,38.4 -122.4633419,38.1638130,38.4 -122.4633489,38.1638283,38.4 -122.4633556,38.1638438,38.4 -122.4633615,38.1638592,38.4 -122.4633666,38.1638747,38.4 -122.4633709,38.1638900,38.4 -122.4633746,38.1639053,38.4 -122.4633776,38.1639207,38.4 -122.4633799,38.1639360,37.1 -122.4633816,38.1639513,37.1 -122.4633829,38.1639667,37.1 -122.4633836,38.1639819,37.1 -122.4633836,38.1639970,37.1 -122.4633828,38.1640120,37.1 -122.4633813,38.1640270,37.1 -122.4633791,38.1640420,37.1 -122.4633763,38.1640569,37.1 -122.4633725,38.1640717,37.1 -122.4633679,38.1640863,35.7 -122.4633626,38.1641011,35.7 -122.4633568,38.1641159,35.7 -122.4633502,38.1641306,35.7 -122.4633425,38.1641449,35.7 -122.4633336,38.1641590,35.7 -122.4633239,38.1641730,35.7 -122.4633136,38.1641870,35.7 -122.4633025,38.1642009,35.7 -122.4632905,38.1642146,35.7 -122.4632775,38.1642279,33.8 -122.4632635,38.1642409,33.8 -122.4632486,38.1642536,33.8 -122.4632328,38.1642659,33.8 -122.4632162,38.1642779,33.8 -122.4631985,38.1642896,33.8 -122.4631796,38.1643009,33.8 -122.4631598,38.1643119,33.8 -122.4631392,38.1643226,33.8 -122.4631175,38.1643329,33.8 -122.4630946,38.1643430,31.3 -122.4630708,38.1643529,31.3 -122.4630463,38.1643627,31.3 -122.4630208,38.1643722,31.3 -122.4629946,38.1643817,31.3 -122.4629675,38.1643909,31.3 -122.4629395,38.1643999,31.3 -122.4629105,38.1644086,31.3 -122.4628806,38.1644170,31.3 -122.4628499,38.1644253,31.3 -122.4628186,38.1644337,28.2 -122.4627866,38.1644419,28.2 -122.4627539,38.1644499,28.2 -122.4627206,38.1644577,28.2 -122.4626869,38.1644652,28.2 -122.4626526,38.1644727,28.2 -122.4626176,38.1644799,28.2 -122.4625819,38.1644870,28.2 -122.4625459,38.1644939,28.2 -122.4625096,38.1645006,28.2 -122.4624729,38.1645066,24.9 -122.4624359,38.1645119,24.9 -122.4623986,38.1645169,24.9 -122.4623609,38.1645216,24.9 -122.4623227,38.1645256,24.9 -122.4622843,38.1645289,24.9 -122.4622461,38.1645319,24.9 -122.4622079,38.1645346,24.9 -122.4621697,38.1645366,24.9 -122.4621313,38.1645382,24.9 -122.4620931,38.1645394,23.6 -122.4620553,38.1645401,23.6 -122.4620177,38.1645403,23.6 -122.4619800,38.1645398,23.6 -122.4619424,38.1645386,23.6 -122.4619050,38.1645369,23.6 -122.4618677,38.1645346,23.6 -122.4618303,38.1645316,23.6 -122.4617931,38.1645282,23.6 -122.4617560,38.1645243,23.6 -122.4617190,38.1645199,22.3 -122.4616820,38.1645149,22.3 -122.4616450,38.1645095,22.3 -122.4616081,38.1645033,22.3 -122.4615714,38.1644962,22.3 -122.4615350,38.1644886,22.3 -122.4614988,38.1644803,22.3 -122.4614626,38.1644712,22.3 -122.4614268,38.1644616,22.3 -122.4613910,38.1644516,22.3 -122.4613554,38.1644409,20.8 -122.4613201,38.1644296,20.8 -122.4612850,38.1644179,20.8 -122.4612501,38.1644056,20.8 -122.4612153,38.1643925,20.8 -122.4611808,38.1643786,20.8 -122.4611464,38.1643639,20.8 -122.4611124,38.1643486,20.8 -122.4610788,38.1643329,20.8 -122.4610454,38.1643166,20.8 -122.4610124,38.1642995,19.3 -122.4609798,38.1642815,19.3 -122.4609476,38.1642626,19.3 -122.4609158,38.1642429,19.3 -122.4608843,38.1642229,19.3 -122.4608531,38.1642023,19.3 -122.4608224,38.1641811,19.3 -122.4607924,38.1641593,19.3 -122.4607631,38.1641368,19.3 -122.4607344,38.1641136,19.3 -122.4607061,38.1640899,19.5 -122.4606781,38.1640656,19.5 -122.4606504,38.1640406,19.5 -122.4606234,38.1640152,19.5 -122.4605968,38.1639894,19.5 -122.4605704,38.1639631,19.5 -122.4605444,38.1639363,19.5 -122.4605191,38.1639089,19.5 -122.4604941,38.1638810,19.5 -122.4604694,38.1638530,19.5 -122.4604454,38.1638250,21.5 -122.4604221,38.1637970,21.5 -122.4603994,38.1637691,21.5 -122.4603771,38.1637413,21.5 -122.4603550,38.1637138,21.5 -122.4603331,38.1636863,21.5 -122.4603114,38.1636591,21.5 -122.4602901,38.1636320,21.5 -122.4602690,38.1636050,21.5 -122.4602481,38.1635781,21.5 -122.4602274,38.1635514,23.8 -122.4602071,38.1635251,23.8 -122.4601870,38.1634990,23.8 -122.4601671,38.1634731,23.8 -122.4601474,38.1634474,23.8 -122.4601281,38.1634221,23.8 -122.4601090,38.1633970,23.8 -122.4600900,38.1633721,23.8 -122.4600710,38.1633474,23.8 -122.4600520,38.1633231,23.8 -122.4600330,38.1632990,24.5 -122.4600140,38.1632751,24.5 -122.4599950,38.1632514,24.5 -122.4599760,38.1632281,24.5 -122.4599570,38.1632050,24.5 -122.4599379,38.1631820,24.5 -122.4599187,38.1631591,24.5 -122.4598992,38.1631364,24.5 -122.4598796,38.1631141,24.5 -122.4598596,38.1630920,24.5 -122.4598392,38.1630701,23.8 -122.4598188,38.1630484,23.8 -122.4597982,38.1630271,23.8 -122.4597777,38.1630063,23.8 -122.4597569,38.1629858,23.8 -122.4597356,38.1629656,23.8 -122.4597139,38.1629459,23.8 -122.4596919,38.1629266,23.8 -122.4596697,38.1629078,23.8 -122.4596472,38.1628894,23.8 -122.4596244,38.1628714,21.8 -122.4596012,38.1628541,21.8 -122.4595777,38.1628374,21.8 -122.4595539,38.1628211,21.8 -122.4595297,38.1628051,21.8 -122.4595052,38.1627894,21.8 -122.4594804,38.1627745,21.8 -122.4594551,38.1627604,21.8 -122.4594294,38.1627471,21.8 -122.4594032,38.1627344,21.8 -122.4593767,38.1627224,18.9 -122.4593499,38.1627112,18.9 -122.4593226,38.1627007,18.9 -122.4592949,38.1626911,18.9 -122.4592670,38.1626821,18.9 -122.4592390,38.1626737,18.9 -122.4592109,38.1626662,18.9 -122.4591827,38.1626594,18.9 -122.4591542,38.1626534,18.9 -122.4591257,38.1626481,18.9 -122.4590970,38.1626434,16.6 -122.4590683,38.1626395,16.6 -122.4590397,38.1626364,16.6 -122.4590109,38.1626341,16.6 -122.4589820,38.1626324,16.6 -122.4589531,38.1626315,16.6 -122.4589243,38.1626315,16.6 -122.4588957,38.1626324,16.6 -122.4588670,38.1626341,16.6 -122.4588383,38.1626364,16.6 -122.4588098,38.1626395,13.9 -122.4587813,38.1626435,13.9 -122.4587530,38.1626484,13.9 -122.4587248,38.1626541,13.9 -122.4586967,38.1626604,13.9 -122.4586691,38.1626675,13.9 -122.4586421,38.1626754,13.9 -122.4586154,38.1626842,13.9 -122.4585891,38.1626937,13.9 -122.4585630,38.1627041,13.9 -122.4585371,38.1627151,11.3 -122.4585114,38.1627264,11.3 -122.4584865,38.1627385,11.3 -122.4584624,38.1627514,11.3 -122.4584388,38.1627651,11.3 -122.4584154,38.1627791,11.3 -122.4583925,38.1627937,11.3 -122.4583704,38.1628091,11.3 -122.4583491,38.1628251,11.3 -122.4583284,38.1628414,11.3 -122.4583081,38.1628584,8.6 -122.4582884,38.1628761,8.6 -122.4582694,38.1628944,8.6 -122.4582511,38.1629131,8.6 -122.4582334,38.1629324,8.6 -122.4582165,38.1629521,8.6 -122.4582004,38.1629721,8.6 -122.4581852,38.1629924,8.6 -122.4581707,38.1630131,8.6 -122.4581572,38.1630344,8.6 -122.4581444,38.1630561,5.9 -122.4581324,38.1630781,5.9 -122.4581212,38.1631004,5.9 -122.4581108,38.1631231,5.9 -122.4581015,38.1631464,5.9 -122.4580935,38.1631701,5.9 -122.4580865,38.1631940,5.9 -122.4580808,38.1632181,5.9 -122.4580762,38.1632423,5.9 -122.4580727,38.1632668,5.9 -122.4580703,38.1632913,3.8 -122.4580691,38.1633161,3.8 -122.4580692,38.1633411,3.8 -122.4580704,38.1633663,3.8 -122.4580725,38.1633917,3.8 -122.4580758,38.1634169,3.8 -122.4580805,38.1634420,3.8 -122.4580862,38.1634670,3.8 -122.4580927,38.1634920,3.8 -122.4581002,38.1635169,3.8 -122.4581087,38.1635417,3.8 -122.4581182,38.1635663,3.8 -122.4581284,38.1635910,3.8 -122.4581394,38.1636157,3.8 -122.4581512,38.1636403,3.8 -122.4581637,38.1636650,3.8 -122.4581771,38.1636896,3.8 -122.4581911,38.1637140,3.8 -122.4582057,38.1637383,3.8 -122.4582211,38.1637627,3.8 -122.4582371,38.1637869,4.9 -122.4582537,38.1638110,4.9 -122.4582712,38.1638349,4.9 -122.4582894,38.1638586,4.9 -122.4583081,38.1638819,4.9 -122.4583274,38.1639051,4.9 -122.4583471,38.1639283,4.9 -122.4583674,38.1639517,4.9 -122.4583885,38.1639749,4.9 -122.4584104,38.1639980,4.9 -122.4584331,38.1640210,6.3 -122.4584564,38.1640440,6.3 -122.4584802,38.1640670,6.3 -122.4585047,38.1640899,6.3 -122.4585299,38.1641127,6.3 -122.4585557,38.1641352,6.3 -122.4585825,38.1641578,6.3 -122.4586101,38.1641802,6.3 -122.4586384,38.1642027,6.3 -122.4586671,38.1642249,6.3 -122.4586964,38.1642470,7.9 -122.4587264,38.1642689,7.9 -122.4587571,38.1642907,7.9 -122.4587881,38.1643122,7.9 -122.4588194,38.1643338,7.9 -122.4588514,38.1643552,7.9 -122.4588838,38.1643767,7.9 -122.4589164,38.1643979,7.9 -122.4589494,38.1644187,7.9 -122.4589831,38.1644392,7.9 -122.4590171,38.1644597,9.7 -122.4590514,38.1644799,9.7 -122.4590861,38.1645000,9.7 -122.4591211,38.1645200,9.7 -122.4591564,38.1645399,9.7 -122.4591921,38.1645597,9.7 -122.4592283,38.1645792,9.7 -122.4592648,38.1645987,9.7 -122.4593013,38.1646179,9.7 -122.4593381,38.1646370,9.7 -122.4593753,38.1646560,11.7 -122.4594128,38.1646750,11.7 -122.4594504,38.1646940,11.7 -122.4594884,38.1647130,11.7 -122.4595268,38.1647319,11.7 -122.4595654,38.1647507,11.7 -122.4596044,38.1647693,11.7 -122.4596438,38.1647880,11.7 -122.4596833,38.1648066,11.7 -122.4597231,38.1648250,11.7 -122.4597631,38.1648433,13.6 -122.4598034,38.1648617,13.6 -122.4598441,38.1648799,13.6 -122.4598851,38.1648980,13.6 -122.4599263,38.1649160,13.6 -122.4599678,38.1649340,13.6 -122.4600093,38.1649520,13.6 -122.4600511,38.1649700,13.6 -122.4600933,38.1649879,13.6 -122.4601358,38.1650057,13.6 -122.4601783,38.1650233,15.5 -122.4602211,38.1650411,15.5 -122.4602640,38.1650589,15.5 -122.4603070,38.1650766,15.5 -122.4603500,38.1650940,15.5 -122.4603929,38.1651113,15.5 -122.4604356,38.1651286,15.5 -122.4604779,38.1651456,15.5 -122.4605199,38.1651623,15.5 -122.4605616,38.1651790,15.5 -122.4606029,38.1651956,17.3 -122.4606436,38.1652119,17.3 -122.4606839,38.1652280,17.3 -122.4607236,38.1652439,17.3 -122.4607629,38.1652597,17.3 -122.4608020,38.1652752,17.3 -122.4608409,38.1652907,17.3 -122.4608796,38.1653059,17.3 -122.4609176,38.1653210,17.3 -122.4609552,38.1653359,17.3 -122.4609923,38.1653506,19.2 -122.4610289,38.1653649,19.2 -122.4610649,38.1653790,19.2 -122.4611006,38.1653930,19.2 -122.4611359,38.1654069,19.2 -122.4611706,38.1654206,19.2 -122.4612049,38.1654339,19.2 -122.4612386,38.1654470,19.2 -122.4612716,38.1654600,19.2 -122.4613039,38.1654729,19.2 -122.4613359,38.1654856,20.9 -122.4613676,38.1654979,20.9 -122.4613989,38.1655100,20.9 -122.4614296,38.1655220,20.9 -122.4614599,38.1655340,20.9 -122.4614899,38.1655459,20.9 -122.4615196,38.1655576,20.9 -122.4615489,38.1655689,20.9 -122.4615779,38.1655800,20.9 -122.4616064,38.1655910,20.9 -122.4616345,38.1656020,22.9 -122.4616624,38.1656130,22.9 -122.4616899,38.1656239,22.9 -122.4617169,38.1656347,22.9 -122.4617437,38.1656452,22.9 -122.4617702,38.1656557,22.9 -122.4617964,38.1656659,22.9 -122.4618222,38.1656760,22.9 -122.4618477,38.1656859,22.9 -122.4618729,38.1656957,22.9 -122.4618980,38.1657052,24.4 -122.4619229,38.1657148,24.4 -122.4619476,38.1657242,24.4 -122.4619716,38.1657337,24.4 -122.4619952,38.1657429,24.4 -122.4620187,38.1657520,24.4 -122.4620419,38.1657610,24.4 -122.4620649,38.1657700,24.4 -122.4620876,38.1657790,24.4 -122.4621099,38.1657880,24.4 -122.4621319,38.1657970,25.6 -122.4621536,38.1658060,25.6 -122.4621749,38.1658150,25.6 -122.4621960,38.1658240,25.6 -122.4622169,38.1658330,25.6 -122.4622376,38.1658420,25.6 -122.4622576,38.1658510,25.6 -122.4622769,38.1658601,25.6 -122.4622959,38.1658693,25.6 -122.4623146,38.1658788,25.6 -122.4623329,38.1658883,26.4 -122.4623506,38.1658981,26.4 -122.4623679,38.1659081,26.4 -122.4623846,38.1659183,26.4 -122.4624009,38.1659288,26.4 -122.4624166,38.1659394,26.4 -122.4624316,38.1659504,26.4 -122.4624459,38.1659621,26.4 -122.4624599,38.1659741,26.4 -122.4624736,38.1659863,26.4 -122.4624865,38.1659988,26.9 -122.4624986,38.1660113,26.9 -122.4625099,38.1660241,26.9 -122.4625206,38.1660374,26.9 -122.4625305,38.1660511,26.9 -122.4625396,38.1660650,26.9 -122.4625479,38.1660790,26.9 -122.4625556,38.1660930,26.9 -122.4625626,38.1661071,26.9 -122.4625688,38.1661213,26.9 -122.4625742,38.1661357,27.2 -122.4625785,38.1661500,27.2 -122.4625818,38.1661643,27.2 -122.4625843,38.1661788,27.2 -122.4625858,38.1661933,27.2 -122.4625865,38.1662080,27.2 -122.4625862,38.1662227,27.2 -122.4625848,38.1662373,27.2 -122.4625826,38.1662520,27.2 -122.4625796,38.1662666,27.2 -122.4625758,38.1662809,27.6 -122.4625712,38.1662950,27.6 -122.4625655,38.1663090,27.6 -122.4625586,38.1663230,27.6 -122.4625508,38.1663369,27.6 -122.4625423,38.1663506,27.6 -122.4625328,38.1663639,27.6 -122.4625226,38.1663766,27.6 -122.4625118,38.1663889,27.6 -122.4625003,38.1664010,27.6 -122.4624879,38.1664129,27.8 -122.4624749,38.1664246,27.8 -122.4624616,38.1664359,27.8 -122.4624475,38.1664466,27.8 -122.4624326,38.1664566,27.8 -122.4624169,38.1664662,27.8 -122.4624009,38.1664753,27.8 -122.4623843,38.1664839,27.8 -122.4623671,38.1664919,27.8 -122.4623494,38.1664996,27.8 -122.4623311,38.1665066,27.7 -122.4623124,38.1665129,27.7 -122.4622932,38.1665186,27.7 -122.4622736,38.1665236,27.7 -122.4622536,38.1665279,27.7 -122.4622329,38.1665316,27.7 -122.4622120,38.1665346,27.7 -122.4621909,38.1665368,27.7 -122.4621693,38.1665383,27.7 -122.4621472,38.1665388,27.7 -122.4621248,38.1665386,27.4 -122.4621022,38.1665378,27.4 -122.4620797,38.1665363,27.4 -122.4620569,38.1665338,27.4 -122.4620340,38.1665306,27.4 -122.4620109,38.1665268,27.4 -122.4619877,38.1665223,27.4 -122.4619642,38.1665171,27.4 -122.4619407,38.1665113,27.4 -122.4619169,38.1665045,27.4 -122.4618930,38.1664969,27.3 -122.4618689,38.1664886,27.3 -122.4618447,38.1664798,27.3 -122.4618202,38.1664703,27.3 -122.4617957,38.1664599,27.3 -122.4617709,38.1664489,27.3 -122.4617459,38.1664376,27.3 -122.4617206,38.1664256,27.3 -122.4616949,38.1664129,27.3 -122.4616691,38.1663996,27.3 -122.4616433,38.1663856,26.5 -122.4616177,38.1663712,26.5 -122.4615919,38.1663567,26.5 -122.4615657,38.1663419,26.5 -122.4615393,38.1663266,26.5 -122.4615130,38.1663109,26.5 -122.4614866,38.1662949,26.5 -122.4614596,38.1662786,26.5 -122.4614322,38.1662619,26.5 -122.4614047,38.1662449,26.5 -122.4613769,38.1662276,26.0 -122.4613487,38.1662099,26.0 -122.4613202,38.1661920,26.0 -122.4612914,38.1661739,26.0 -122.4612621,38.1661556,26.0 -122.4612323,38.1661369,26.0 -122.4612019,38.1661180,26.0 -122.4611710,38.1660990,26.0 -122.4611399,38.1660800,26.0 -122.4611086,38.1660609,26.0 -122.4610766,38.1660417,25.1 -122.4610439,38.1660223,25.1 -122.4610109,38.1660031,25.1 -122.4609776,38.1659840,25.1 -122.4609439,38.1659650,25.1 -122.4609099,38.1659461,25.1 -122.4608756,38.1659273,25.1 -122.4608409,38.1659088,25.1 -122.4608059,38.1658903,25.1 -122.4607706,38.1658721,25.1 -122.4607349,38.1658543,23.5 -122.4606990,38.1658368,23.5 -122.4606630,38.1658196,23.5 -122.4606270,38.1658028,23.5 -122.4605910,38.1657863,23.5 -122.4605550,38.1657701,23.5 -122.4605190,38.1657543,23.5 -122.4604831,38.1657388,23.5 -122.4604474,38.1657233,23.5 -122.4604120,38.1657080,23.5 -122.4603768,38.1656927,22.2 -122.4603416,38.1656773,22.2 -122.4603068,38.1656620,22.2 -122.4602720,38.1656467,22.2 -122.4602374,38.1656312,22.2 -122.4602031,38.1656157,22.2 -122.4601694,38.1655999,22.2 -122.4601361,38.1655836,22.2 -122.4601034,38.1655669,22.2 -122.4600711,38.1655500,22.2 -122.4600394,38.1655329,20.7 -122.4600081,38.1655156,20.7 -122.4599771,38.1654976,20.7 -122.4599467,38.1654792,20.7 -122.4599169,38.1654607,20.7 -122.4598876,38.1654420,20.7 -122.4598588,38.1654233,20.7 -122.4598303,38.1654047,20.7 -122.4598020,38.1653859,20.7 -122.4597737,38.1653670,20.7 -122.4597453,38.1653480,19.5 -122.4597171,38.1653291,19.5 -122.4596893,38.1653104,19.5 -122.4596617,38.1652921,19.5 -122.4596339,38.1652740,19.5 -122.4596060,38.1652560,19.5 -122.4595780,38.1652381,19.5 -122.4595500,38.1652204,19.5 -122.4595219,38.1652031,19.5 -122.4594936,38.1651861,19.5 -122.4594649,38.1651694,18.5 -122.4594356,38.1651531,18.5 -122.4594059,38.1651374,18.5 -122.4593759,38.1651221,18.5 -122.4593456,38.1651071,18.5 -122.4593149,38.1650924,18.5 -122.4592839,38.1650784,18.5 -122.4592526,38.1650651,18.5 -122.4592206,38.1650524,18.5 -122.4591879,38.1650401,18.5 -122.4591550,38.1650281,17.6 -122.4591219,38.1650164,17.6 -122.4590886,38.1650054,17.6 -122.4590549,38.1649951,17.6 -122.4590206,38.1649851,17.6 -122.4589859,38.1649754,17.6 -122.4589509,38.1649664,17.6 -122.4589156,38.1649581,17.6 -122.4588799,38.1649501,17.6 -122.4588439,38.1649427,17.6 -122.4588076,38.1649358,16.3 -122.4587709,38.1649294,16.3 -122.4587339,38.1649235,16.3 -122.4586967,38.1649184,16.3 -122.4586592,38.1649140,16.3 -122.4586216,38.1649098,16.3 -122.4585836,38.1649055,16.3 -122.4585453,38.1649015,16.3 -122.4585071,38.1648972,16.3 -122.4584689,38.1648930,16.3 -122.4584307,38.1648886,14.7 -122.4583922,38.1648839,14.7 -122.4583538,38.1648786,14.7 -122.4583153,38.1648729,14.7 -122.4582771,38.1648666,14.7 -122.4582390,38.1648599,14.7 -122.4582010,38.1648526,14.7 -122.4581630,38.1648449,14.7 -122.4581250,38.1648366,14.7 -122.4580871,38.1648275,14.7 -122.4580493,38.1648176,13.3 -122.4580118,38.1648069,13.3 -122.4579743,38.1647959,13.3 -122.4579371,38.1647843,13.3 -122.4578999,38.1647719,13.3 -122.4578627,38.1647589,13.3 -122.4578252,38.1647456,13.3 -122.4577878,38.1647316,13.3 -122.4577502,38.1647172,13.3 -122.4577128,38.1647024,13.3 -122.4576753,38.1646872,12.8 -122.4576381,38.1646716,12.8 -122.4576010,38.1646556,12.8 -122.4575640,38.1646389,12.8 -122.4575270,38.1646216,12.8 -122.4574900,38.1646039,12.8 -122.4574531,38.1645859,12.8 -122.4574163,38.1645676,12.8 -122.4573798,38.1645489,12.8 -122.4573433,38.1645297,12.8 -122.4573070,38.1645102,12.5 -122.4572708,38.1644906,12.5 -122.4572346,38.1644706,12.5 -122.4571988,38.1644502,12.5 -122.4571633,38.1644297,12.5 -122.4571280,38.1644089,12.5 -122.4570927,38.1643880,12.5 -122.4570573,38.1643670,12.5 -122.4570221,38.1643459,12.5 -122.4569870,38.1643247,12.5 -122.4569521,38.1643032,11.2 -122.4569173,38.1642817,11.2 -122.4568827,38.1642599,11.2 -122.4568480,38.1642380,11.2 -122.4568133,38.1642160,11.2 -122.4567787,38.1641939,11.2 -122.4567439,38.1641717,11.2 -122.4567091,38.1641493,11.2 -122.4566744,38.1641271,11.2 -122.4566400,38.1641050,11.2 -122.4566057,38.1640830,8.8 -122.4565713,38.1640611,8.8 -122.4565371,38.1640393,8.8 -122.4565031,38.1640177,8.8 -122.4564694,38.1639960,8.8 -122.4564360,38.1639743,8.8 -122.4564028,38.1639528,8.8 -122.4563696,38.1639313,8.8 -122.4563369,38.1639101,8.8 -122.4563046,38.1638893,8.8 -122.4562728,38.1638688,7.1 -122.4562414,38.1638483,7.1 -122.4562104,38.1638281,7.1 -122.4561798,38.1638080,7.1 -122.4561494,38.1637881,7.1 -122.4561194,38.1637684,7.1 -122.4560901,38.1637491,7.1 -122.4560611,38.1637300,7.1 -122.4560324,38.1637111,7.1 -122.4560041,38.1636924,7.1 -122.4559761,38.1636741,6.1 -122.4559484,38.1636561,6.1 -122.4559211,38.1636383,6.1 -122.4558944,38.1636208,6.1 -122.4558681,38.1636033,6.1 -122.4558420,38.1635861,6.1 -122.4558161,38.1635693,6.1 -122.4557904,38.1635528,6.1 -122.4557654,38.1635363,6.1 -122.4557408,38.1635201,6.1 -122.4557167,38.1635043,5.3 -122.4556931,38.1634888,5.3 -122.4556701,38.1634734,5.3 -122.4556474,38.1634584,5.3 -122.4556251,38.1634438,5.3 -122.4556033,38.1634293,5.3 -122.4555818,38.1634151,5.3 -122.4555603,38.1634010,5.3 -122.4555391,38.1633870,5.3 -122.4555184,38.1633731,5.3 -122.4554981,38.1633593,4.7 -122.4554781,38.1633458,4.7 -122.4554583,38.1633323,4.7 -122.4554388,38.1633191,4.7 -122.4554196,38.1633060,4.7 -122.4554008,38.1632931,4.7 -122.4553824,38.1632803,4.7 -122.4553644,38.1632678,4.7 -122.4553471,38.1632552,4.7 -122.4553304,38.1632428,4.7 -122.4553141,38.1632302,4.2 -122.4552981,38.1632177,4.2 -122.4552824,38.1632050,4.2 -122.4552671,38.1631923,4.2 -122.4552524,38.1631797,4.2 -122.4552384,38.1631669,4.2 -122.4552251,38.1631540,4.2 -122.4552121,38.1631410,4.2 -122.4551994,38.1631281,4.2 -122.4551874,38.1631153,4.2 -122.4551761,38.1631027,3.9 -122.4551654,38.1630899,3.9 -122.4551554,38.1630770,3.9 -122.4551461,38.1630640,3.9 -122.4551374,38.1630511,3.9 -122.4551291,38.1630383,3.9 -122.4551214,38.1630257,3.9 -122.4551145,38.1630129,3.9 -122.4551084,38.1630000,3.9 -122.4551031,38.1629871,3.9 -122.4550984,38.1629743,3.1 -122.4550945,38.1629617,3.1 -122.4550915,38.1629489,3.1 -122.4550894,38.1629361,3.1 -122.4550881,38.1629233,3.1 -122.4550874,38.1629108,3.1 -122.4550871,38.1628983,3.1 -122.4550874,38.1628861,3.1 -122.4550884,38.1628740,3.1 -122.4550901,38.1628620,3.1 -122.4550920,38.1628500,3.5 -122.4550940,38.1628381,3.5 -122.4550961,38.1628263,3.5 -122.4550983,38.1628148,3.5 -122.4551007,38.1628033,3.5 -122.4551029,38.1627920,3.5 -122.4551046,38.1627807,3.5 -122.4551059,38.1627693,3.5 -122.4551069,38.1627581,3.5 -122.4551076,38.1627471,3.5 -122.4551076,38.1627363,3.3 -122.4551069,38.1627258,3.3 -122.4551056,38.1627152,3.3 -122.4551036,38.1627047,3.3 -122.4551008,38.1626940,3.3 -122.4550973,38.1626834,3.3 -122.4550929,38.1626730,3.3 -122.4550879,38.1626628,3.3 -122.4550823,38.1626526,3.3 -122.4550758,38.1626428,3.3 -122.4550686,38.1626333,3.5 -122.4550608,38.1626241,3.5 -122.4550523,38.1626150,3.5 -122.4550428,38.1626061,3.5 -122.4550326,38.1625974,3.5 -122.4550215,38.1625891,3.5 -122.4550096,38.1625810,3.5 -122.4549969,38.1625731,3.5 -122.4549836,38.1625654,3.5 -122.4549695,38.1625581,3.5 -122.4549545,38.1625510,3.5 -122.4549385,38.1625441,3.5 -122.4549216,38.1625374,3.5 -122.4549039,38.1625311,3.5 -122.4548856,38.1625251,3.5 -122.4548665,38.1625193,3.5 -122.4548466,38.1625138,3.5 -122.4548259,38.1625083,3.5 -122.4548046,38.1625031,3.5 -122.4547829,38.1624983,3.5 -122.4547606,38.1624938,3.5 -122.4547376,38.1624892,3.5 -122.4547139,38.1624848,3.5 -122.4546899,38.1624803,3.5 -122.4546656,38.1624760,3.5 -122.4546409,38.1624717,3.5 -122.4546160,38.1624673,3.5 -122.4545909,38.1624631,3.5 -122.4545657,38.1624590,3.5 -122.4545402,38.1624550,3.5 -122.4545147,38.1624510,3.3 -122.4544889,38.1624471,3.3 -122.4544626,38.1624433,3.3 -122.4544359,38.1624397,3.3 -122.4544090,38.1624359,3.3 -122.4543820,38.1624320,3.3 -122.4543549,38.1624281,3.3 -122.4543276,38.1624243,3.3 -122.4542999,38.1624207,3.3 -122.4542721,38.1624169,3.3 -122.4542443,38.1624130,3.0 -122.4542167,38.1624090,3.0 -122.4541889,38.1624050,3.0 -122.4541610,38.1624009,3.0 -122.4541330,38.1623967,3.0 -122.4541051,38.1623922,3.0 -122.4540773,38.1623877,3.0 -122.4540497,38.1623829,3.0 -122.4540219,38.1623776,3.0 -122.4539940,38.1623719,3.0 -122.4539660,38.1623660,2.6 -122.4539381,38.1623599,2.6 -122.4539104,38.1623536,2.6 -122.4538830,38.1623469,2.6 -122.4538557,38.1623399,2.6 -122.4538283,38.1623326,2.6 -122.4538010,38.1623246,2.6 -122.4537737,38.1623162,2.6 -122.4537463,38.1623076,2.6 -122.4537191,38.1622986,2.6 -122.4536923,38.1622889,2.2 -122.4536657,38.1622786,2.2 -122.4536390,38.1622679,2.2 -122.4536124,38.1622569,2.2 -122.4535861,38.1622456,2.2 -122.4535600,38.1622339,2.2 -122.4535341,38.1622216,2.2 -122.4535083,38.1622089,2.2 -122.4534828,38.1621956,2.2 -122.4534574,38.1621819,2.2 -122.4534324,38.1621679,1.8 -122.4534078,38.1621536,1.8 -122.4533834,38.1621386,1.8 -122.4533594,38.1621229,1.8 -122.4533358,38.1621069,1.8 -122.4533126,38.1620906,1.8 -122.4532898,38.1620739,1.8 -122.4532674,38.1620566,1.8 -122.4532454,38.1620389,1.8 -122.4532241,38.1620207,1.8 -122.4532031,38.1620022,1.6 -122.4531824,38.1619834,1.6 -122.4531621,38.1619642,1.6 -122.4531421,38.1619446,1.6 -122.4531224,38.1619246,1.6 -122.4531031,38.1619042,1.6 -122.4530844,38.1618836,1.6 -122.4530661,38.1618626,1.6 -122.4530484,38.1618412,1.6 -122.4530311,38.1618196,1.6 -122.4530140,38.1617976,1.3 -122.4529971,38.1617749,1.3 -122.4529804,38.1617520,1.3 -122.4529644,38.1617289,1.3 -122.4529488,38.1617056,1.3 -122.4529334,38.1616819,1.3 -122.4529184,38.1616580,1.3 -122.4529038,38.1616339,1.3 -122.4528893,38.1616096,1.3 -122.4528751,38.1615849,1.3 -122.4528614,38.1615596,1.0 -122.4528484,38.1615339,1.0 -122.4528358,38.1615080,1.0 -122.4528233,38.1614820,1.0 -122.4528111,38.1614559,1.0 -122.4527990,38.1614297,1.0 -122.4527870,38.1614032,1.0 -122.4527750,38.1613767,1.0 -122.4527630,38.1613499,1.0 -122.4527511,38.1613229,1.0 -122.4527393,38.1612957,0.9 -122.4527277,38.1612682,0.9 -122.4527160,38.1612407,0.9 -122.4527043,38.1612129,0.9 -122.4526927,38.1611850,0.9 -122.4526810,38.1611569,0.9 -122.4526693,38.1611287,0.9 -122.4526578,38.1611002,0.9 -122.4526462,38.1610717,0.9 -122.4526348,38.1610429,0.9 -122.4526232,38.1610140,0.6 -122.4526117,38.1609850,0.6 -122.4525999,38.1609560,0.6 -122.4525881,38.1609270,0.6 -122.4525763,38.1608981,0.6 -122.4525648,38.1608693,0.6 -122.4525532,38.1608408,0.6 -122.4525418,38.1608122,0.6 -122.4525303,38.1607838,0.6 -122.4525190,38.1607553,0.6 -122.4525077,38.1607271,0.4 -122.4524963,38.1606993,0.4 -122.4524851,38.1606718,0.4 -122.4524741,38.1606443,0.4 -122.4524633,38.1606171,0.4 -122.4524527,38.1605900,0.4 -122.4524420,38.1605630,0.4 -122.4524314,38.1605360,0.4 -122.4524210,38.1605091,0.4 -122.4524107,38.1604824,0.4 -122.4524003,38.1604561,0.4 -122.4523901,38.1604300,0.4 -122.4523803,38.1604040,0.4 -122.4523708,38.1603781,0.4 -122.4523612,38.1603524,0.4 -122.4523518,38.1603271,0.4 -122.4523422,38.1603019,0.4 -122.4523327,38.1602767,0.4 -122.4523230,38.1602513,0.4 -122.4523133,38.1602261,0.4 -122.4523038,38.1602013,0.1 -122.4522942,38.1601768,0.1 -122.4522847,38.1601523,0.1 -122.4522750,38.1601281,0.1 -122.4522653,38.1601041,0.1 -122.4522558,38.1600803,0.1 -122.4522462,38.1600568,0.1 -122.4522367,38.1600335,0.1 -122.4522269,38.1600105,0.1 -122.4522170,38.1599873,0.1 -122.4522071,38.1599644,0.2 -122.4521974,38.1599418,0.2 -122.4521880,38.1599193,0.2 -122.4521787,38.1598971,0.2 -122.4521693,38.1598749,0.2 -122.4521601,38.1598527,0.2 -122.4521509,38.1598303,0.2 -122.4521417,38.1598081,0.2 -122.4521323,38.1597863,0.2 -122.4521230,38.1597648,0.2 -122.4521137,38.1597433,0.7 -122.4521044,38.1597221,0.7 -122.4520954,38.1597011,0.7 -122.4520867,38.1596803,0.7 -122.4520779,38.1596597,0.7 -122.4520690,38.1596390,0.7 -122.4520600,38.1596184,0.7 -122.4520510,38.1595981,0.7 -122.4520420,38.1595780,0.7 -122.4520330,38.1595581,0.7 -122.4520241,38.1595384,0.9 -122.4520153,38.1595191,0.9 -122.4520068,38.1595000,0.9 -122.4519982,38.1594811,0.9 -122.4519898,38.1594624,0.9 -122.4519814,38.1594441,0.9 -122.4519734,38.1594261,0.9 -122.4519657,38.1594083,0.9 -122.4519580,38.1593908,0.9 -122.4519503,38.1593733,0.9 -122.4519428,38.1593561,1.0 -122.4519353,38.1593393,1.0 -122.4519281,38.1593228,1.0 -122.4519210,38.1593063,1.0 -122.4519140,38.1592901,1.0 -122.4519070,38.1592740,1.0 -122.4519001,38.1592580,1.0 -122.4518933,38.1592421,1.0 -122.4518868,38.1592263,1.0 -122.4518802,38.1592108,1.0 -122.4518738,38.1591953,1.0 -122.4518673,38.1591801,1.0 -122.4518611,38.1591650,1.0 -122.4518550,38.1591501,1.0 -122.4518490,38.1591353,1.0 -122.4518431,38.1591208,1.0 -122.4518373,38.1591063,1.0 -122.4518318,38.1590921,1.0 -122.4518263,38.1590780,1.0 -122.4518211,38.1590640,1.0 -122.4518160,38.1590500,1.2 -122.4518110,38.1590360,1.2 -122.4518060,38.1590221,1.2 -122.4518010,38.1590084,1.2 -122.4517961,38.1589950,1.2 -122.4517914,38.1589817,1.2 -122.4517870,38.1589683,1.2 -122.4517827,38.1589551,1.2 -122.4517784,38.1589420,1.2 -122.4517744,38.1589290,1.2 -122.4517707,38.1589159,1.3 -122.4517670,38.1589028,1.3 -122.4517634,38.1588896,1.3 -122.4517604,38.1588768,1.3 -122.4517578,38.1588642,1.3 -122.4517553,38.1588518,1.3 -122.4517531,38.1588393,1.3 -122.4517513,38.1588271,1.3 -122.4517498,38.1588153,1.3 -122.4517484,38.1588037,1.3 -122.4517474,38.1587920,1.9 -122.4517468,38.1587803,1.9 -122.4517466,38.1587687,1.9 -122.4517468,38.1587569,1.9 -122.4517473,38.1587450,1.9 -122.4517481,38.1587331,1.9 -122.4517491,38.1587213,1.9 -122.4517507,38.1587097,1.9 -122.4517531,38.1586980,1.9 -122.4517561,38.1586864,1.9 -122.4517594,38.1586750,1.8 -122.4517632,38.1586637,1.8 -122.4517677,38.1586524,1.8 -122.4517728,38.1586414,1.8 -122.4517782,38.1586308,1.8 -122.4517838,38.1586202,1.8 -122.4517896,38.1586097,1.8 -122.4517959,38.1585990,1.8 -122.4518026,38.1585885,1.8 -122.4518098,38.1585788,1.8 -122.4518173,38.1585705,2.6 -122.4518251,38.1585634,2.6 -122.4518333,38.1585567,2.6 -122.4518418,38.1585499,2.6 -122.4518502,38.1585430,2.6 -122.4518588,38.1585360,2.6 -122.4518676,38.1585291,2.6 -122.4518768,38.1585223,2.6 -122.4518863,38.1585158,2.6 -122.4518961,38.1585094,2.6 -122.4519061,38.1585034,2.7 -122.4519163,38.1584977,2.7 -122.4519268,38.1584920,2.7 -122.4519373,38.1584864,2.7 -122.4519481,38.1584814,2.7 -122.4519593,38.1584767,2.7 -122.4519708,38.1584720,2.7 -122.4519823,38.1584674,2.7 -122.4519941,38.1584631,2.7 -122.4520061,38.1584590,2.7 -122.4520183,38.1584551,2.7 -122.4520308,38.1584514,2.7 -122.4520432,38.1584481,2.7 -122.4520558,38.1584451,2.7 -122.4520686,38.1584424,2.7 -122.4520818,38.1584401,2.7 -122.4520949,38.1584381,2.7 -122.4521080,38.1584364,2.7 -122.4521211,38.1584351,2.7 -122.4521344,38.1584340,2.7 -122.4521480,38.1584331,2.5 -122.4521616,38.1584323,2.5 -122.4521750,38.1584318,2.5 -122.4521883,38.1584314,2.5 -122.4522018,38.1584314,2.5 -122.4522152,38.1584318,2.5 -122.4522287,38.1584322,2.5 -122.4522420,38.1584328,2.5 -122.4522553,38.1584336,2.5 -122.4522687,38.1584348,2.5 -122.4522819,38.1584359,2.3 -122.4522949,38.1584370,2.3 -122.4523077,38.1584380,2.3 -122.4523202,38.1584390,2.3 -122.4523328,38.1584400,2.3 -122.4523452,38.1584410,2.3 -122.4523577,38.1584419,2.3 -122.4523699,38.1584427,2.3 -122.4523817,38.1584433,2.3 -122.4523933,38.1584440,2.3 -122.4524050,38.1584447,2.0 -122.4524166,38.1584452,2.0 -122.4524279,38.1584457,2.0 -122.4524390,38.1584460,2.0 -122.4524500,38.1584463,2.0 -122.4524609,38.1584467,2.0 -122.4524717,38.1584469,2.0 -122.4524823,38.1584470,2.0 -122.4524930,38.1584470,2.0 -122.4525036,38.1584470,2.0 -122.4525139,38.1584471,1.9 -122.4525240,38.1584473,1.9 -122.4525340,38.1584476,1.9 -122.4525439,38.1584476,1.9 -122.4525537,38.1584473,1.9 -122.4525632,38.1584471,1.9 -122.4525728,38.1584471,1.9 -122.4525822,38.1584473,1.9 -122.4525917,38.1584477,1.9 -122.4526009,38.1584479,1.9 -122.4526100,38.1584481,2.2 -122.4526189,38.1584483,2.2 -122.4526277,38.1584487,2.2 -122.4526363,38.1584489,2.2 -122.4526450,38.1584490,2.2 -122.4526537,38.1584491,2.2 -122.4526622,38.1584493,2.2 -122.4526708,38.1584496,2.2 -122.4526792,38.1584496,2.2 -122.4526878,38.1584493,2.2 -122.4526962,38.1584491,2.2 -122.4527047,38.1584489,2.2 -122.4527129,38.1584487,2.2 -122.4527210,38.1584482,2.2 -122.4527291,38.1584478,2.2 -122.4527373,38.1584472,2.2 -122.4527457,38.1584468,2.2 -122.4527539,38.1584462,2.2 -122.4527619,38.1584458,2.2 -122.4527697,38.1584452,2.2 -122.4527773,38.1584448,2.4 -122.4527851,38.1584443,2.4 -122.4527932,38.1584440,2.4 -122.4528015,38.1584437,2.4 -122.4528095,38.1584433,2.4 -122.4528178,38.1584431,2.4 -122.4528259,38.1584430,2.4 -122.4528340,38.1584431,2.4 -122.4528420,38.1584433,2.4 -122.4528501,38.1584438,2.4 -122.4528582,38.1584443,2.7 -122.4528664,38.1584451,2.7 -122.4528742,38.1584460,2.7 -122.4528818,38.1584471,2.7 -122.4528892,38.1584484,2.7 -122.4528966,38.1584500,2.7 -122.4529036,38.1584517,2.7 -122.4529100,38.1584534,2.7 -122.4529163,38.1584554,2.7 -122.4529228,38.1584581,2.7 -122.4529292,38.1584610,3.4 -122.4529357,38.1584640,3.4 -122.4529419,38.1584671,3.4 -122.4529480,38.1584704,3.4 -122.4529540,38.1584741,3.4 -122.4529599,38.1584780,3.4 -122.4529657,38.1584821,3.4 -122.4529712,38.1584863,3.4 -122.4529767,38.1584908,3.4 -122.4529819,38.1584953,3.4 -122.4529866,38.1585001,3.7 -122.4529910,38.1585050,3.7 -122.4529952,38.1585100,3.7 -122.4529994,38.1585149,3.7 -122.4530032,38.1585197,3.7 -122.4530070,38.1585243,3.7 -122.4530107,38.1585290,3.7 -122.4530142,38.1585337,3.7 -122.4530177,38.1585383,3.7 -122.4530209,38.1585431,3.7 -122.4530240,38.1585480,3.8 -122.4530270,38.1585529,3.8 -122.4530300,38.1585578,3.8 -122.4530330,38.1585625,3.8 -122.4530360,38.1585675,3.8 -122.4530390,38.1585722,3.8 -122.4530420,38.1585771,3.8 -122.4530450,38.1585819,3.8 -122.4530479,38.1585867,3.8 -122.4530507,38.1585913,3.8 -122.4530533,38.1585961,4.0 -122.4530561,38.1586010,4.0 -122.4530589,38.1586060,4.0 -122.4530617,38.1586109,4.0 -122.4530642,38.1586157,4.0 -122.4530667,38.1586202,4.0 -122.4530690,38.1586248,4.0 -122.4530713,38.1586293,4.0 -122.4530737,38.1586341,4.0 -122.4530760,38.1586389,4.0 -122.4530783,38.1586437,4.1 -122.4530807,38.1586483,4.1 -122.4530830,38.1586531,4.1 -122.4530853,38.1586579,4.1 -122.4530877,38.1586627,4.1 -122.4530899,38.1586673,4.1 -122.4530921,38.1586720,4.1 -122.4530943,38.1586767,4.1 -122.4530967,38.1586813,4.1 -122.4530989,38.1586860,4.1 -122.4531010,38.1586907,4.2 -122.4531030,38.1586952,4.2 -122.4531050,38.1586998,4.2 -122.4531070,38.1587042,4.2 -122.4531090,38.1587088,4.2 -122.4531110,38.1587132,4.2 -122.4531130,38.1587178,4.2 -122.4531150,38.1587222,4.2 -122.4531170,38.1587268,4.2 -122.4531189,38.1587312,4.2 -122.4531207,38.1587358,4.1 -122.4531223,38.1587402,4.1 -122.4531241,38.1587447,4.1 -122.4531259,38.1587489,4.1 -122.4531277,38.1587531,4.1 -122.4531293,38.1587573,4.1 -122.4531311,38.1587617,4.1 -122.4531329,38.1587659,4.1 -122.4531347,38.1587700,4.1 -122.4531363,38.1587741,4.1 -122.4531380,38.1587783,4.2 -122.4531397,38.1587827,4.2 -122.4531413,38.1587869,4.2 -122.4531430,38.1587910,4.2 -122.4531447,38.1587950,4.2 -122.4531463,38.1587990,4.2 -122.4531480,38.1588030,4.2 -122.4531497,38.1588070,4.2 -122.4531512,38.1588110,4.2 -122.4531528,38.1588150,4.2 -122.4531542,38.1588189,4.3 -122.4531558,38.1588227,4.3 -122.4531572,38.1588263,4.3 -122.4531588,38.1588301,4.3 -122.4531603,38.1588339,4.3 -122.4531620,38.1588377,4.3 -122.4531637,38.1588413,4.3 -122.4531653,38.1588450,4.3 -122.4531671,38.1588487,4.3 -122.4531689,38.1588522,4.3 -122.4531707,38.1588558,4.4 -122.4531723,38.1588592,4.4 -122.4531740,38.1588628,4.4 -122.4531757,38.1588662,4.4 -122.4531772,38.1588697,4.4 -122.4531788,38.1588730,4.4 -122.4531802,38.1588763,4.4 -122.4531818,38.1588798,4.4 -122.4531832,38.1588832,4.4 -122.4531848,38.1588867,4.4 -122.4531862,38.1588899,4.5 -122.4531878,38.1588930,4.5 -122.4531892,38.1588960,4.5 -122.4531907,38.1588991,4.5 -122.4531920,38.1589023,4.5 -122.4531933,38.1589057,4.5 -122.4531948,38.1589089,4.5 -122.4531962,38.1589120,4.5 -122.4531978,38.1589150,4.5 -122.4531992,38.1589180,4.5 -122.4532004,38.1589210,4.6 -122.4532012,38.1589240,4.6 -122.4532021,38.1589269,4.6 -122.4532033,38.1589297,4.6 -122.4532047,38.1589323,4.6 -122.4532059,38.1589350,4.6 -122.4532070,38.1589377,4.6 -122.4532079,38.1589402,4.6 -122.4532087,38.1589428,4.6 -122.4532093,38.1589452,4.6 -122.4532100,38.1589478,4.5 -122.4532106,38.1589502,4.5 -122.4532109,38.1589528,4.5 -122.4532111,38.1589552,4.5 -122.4532113,38.1589577,4.5 -122.4532117,38.1589599,4.5 -122.4532119,38.1589620,4.5 -122.4532120,38.1589640,4.5 -122.4532120,38.1589660,4.5 -122.4532119,38.1589680,4.5 -122.4532117,38.1589700,4.8 -122.4532113,38.1589720,4.8 -122.4532110,38.1589740,4.8 -122.4532107,38.1589760,4.8 -122.4532102,38.1589780,4.8 -122.4532098,38.1589799,4.8 -122.4532092,38.1589817,4.8 -122.4532087,38.1589832,4.8 -122.4532079,38.1589847,4.8 -122.4532070,38.1589859,4.8 -122.4532059,38.1589870,5.1 -122.4532047,38.1589880,5.1 -122.4532033,38.1589890,5.1 -122.4532021,38.1589900,5.1 -122.4532010,38.1589909,5.1 -122.4532001,38.1589917,5.1 -122.4531993,38.1589922,5.1 -122.4531988,38.1589927,5.1 -122.4531982,38.1589930,5.1 -122.4531977,38.1589934,5.1 -122.4531969,38.1589940,5.1 -122.4531960,38.1589946,5.1 -122.4531950,38.1589949,5.1 -122.4531941,38.1589950,5.1 -122.4531934,38.1589950,5.1 -122.4531930,38.1589950,5.1 -122.4531927,38.1589950,5.1 -122.4531923,38.1589950,5.1 -122.4531920,38.1589950,5.1 -122.4531917,38.1589950,5.1 -122.4531910,38.1589950,5.4 -122.4531910,38.1589950,5.4 -122.4531920,38.1589950,5.4 -122.4531910,38.1589950,5.4 -122.4531910,38.1589940,5.4 -122.4531890,38.1589920,5.4 -122.4531880,38.1589910,5.4 -122.4531870,38.1589900,5.4 -122.4531860,38.1589890,5.4 -122.4531850,38.1589870,5.4 -122.4531840,38.1589850,6.8 -122.4531830,38.1589850,6.8 -122.4531820,38.1589840,6.8 -122.4531820,38.1589840,6.8 -122.4531820,38.1589830,6.8 -122.4531820,38.1589830,6.8 -122.4531820,38.1589820,6.8 -122.4531820,38.1589810,6.8 -122.4531810,38.1589800,6.8 -122.4531810,38.1589800,6.8 -122.4531810,38.1589800,7.4 -122.4531810,38.1589800,7.4 -122.4531820,38.1589800,7.4 -122.4531820,38.1589800,7.4 -122.4531830,38.1589800,7.4 -122.4531840,38.1589810,7.4 -122.4531860,38.1589810,7.4 -122.4531870,38.1589820,7.4 -122.4531880,38.1589820,7.4 -122.4531890,38.1589820,7.4 -122.4531900,38.1589820,8.0 -122.4531900,38.1589820,8.0 -122.4531900,38.1589820,8.0 -122.4531900,38.1589820,8.0 -122.4531910,38.1589820,8.0 -122.4531920,38.1589830,8.0 -122.4531930,38.1589830,8.0 -122.4531940,38.1589840,8.0 -122.4531940,38.1589840,8.0 -122.4531950,38.1589850,8.0 -122.4531960,38.1589850,8.7 -122.4531970,38.1589860,8.7 -122.4531970,38.1589860,8.7 -122.4531980,38.1589880,8.7 -122.4531980,38.1589880,8.7 -122.4531990,38.1589890,8.7 -122.4532010,38.1589900,8.7 -122.4532030,38.1589940,8.7 -122.4532060,38.1589990,8.7 -122.4532080,38.1590000,8.7 -122.4532090,38.1590010,8.9 -122.4532100,38.1590020,8.9 -122.4532110,38.1590030,8.9 -122.4532120,38.1590050,8.9 -122.4532120,38.1590060,8.9 -122.4532130,38.1590070,8.9 -122.4532140,38.1590080,8.9 -122.4532150,38.1590090,8.9 -122.4532160,38.1590090,8.9 -122.4532170,38.1590080,8.9 -122.4532170,38.1590070,9.2 -122.4532180,38.1590080,9.2 -122.4532180,38.1590080,9.2 -122.4532170,38.1590060,9.2 -122.4532160,38.1590050,9.2 -122.4532150,38.1590030,9.2 -122.4532150,38.1590020,9.2 -122.4532160,38.1590030,9.2 -122.4532170,38.1590030,9.2 -122.4532170,38.1590030,9.2 -122.4532180,38.1590030,9.8 -122.4532190,38.1590050,9.8 -122.4532200,38.1590040,9.8 -122.4532210,38.1590040,9.8 -122.4532210,38.1590050,9.8 -122.4532220,38.1590060,9.8 -122.4532230,38.1590080,9.8 -122.4532240,38.1590090,9.8 -122.4532250,38.1590080,9.8 -122.4532260,38.1590080,9.8 -122.4532270,38.1590080,10.4 -122.4532270,38.1590070,10.4 -122.4532290,38.1590070,10.4 -122.4532300,38.1590070,10.4 -122.4532310,38.1590080,10.4 -122.4532320,38.1590100,10.4 -122.4532340,38.1590160,10.4 -122.4532350,38.1590190,10.4 -122.4532360,38.1590210,10.4 -122.4532380,38.1590220,10.4 -122.4532390,38.1590240,10.5 -122.4532410,38.1590250,10.5 -122.4532420,38.1590260,10.5 -122.4532430,38.1590270,10.5 -122.4532440,38.1590280,10.5 -122.4532450,38.1590280,10.5 -122.4532460,38.1590280,10.5 -122.4532470,38.1590280,10.5 -122.4532480,38.1590280,10.5 -122.4532490,38.1590280,10.5 -122.4532490,38.1590280,10.7 -122.4532490,38.1590280,10.7 -122.4532500,38.1590280,10.7 -122.4532500,38.1590280,10.7 -122.4532510,38.1590280,10.7 -122.4532510,38.1590290,10.7 -122.4532510,38.1590300,10.7 -122.4532520,38.1590310,10.7 -122.4532530,38.1590310,10.7 -122.4532530,38.1590320,10.7 -122.4532540,38.1590320,10.9 -122.4532560,38.1590310,10.9 -122.4532580,38.1590320,10.9 -122.4532590,38.1590320,10.9 -122.4532600,38.1590320,10.9 -122.4532610,38.1590320,10.9 -122.4532620,38.1590310,10.9 -122.4532620,38.1590310,10.9 -122.4532620,38.1590300,10.9 -122.4532630,38.1590310,10.9 -122.4532630,38.1590310,11.0 -122.4532650,38.1590310,11.0 -122.4532650,38.1590310,11.0 -122.4532660,38.1590320,11.0 -122.4532670,38.1590340,11.0 -122.4532670,38.1590350,11.0 -122.4532680,38.1590350,11.0 -122.4532690,38.1590360,11.0 -122.4532690,38.1590360,11.0 -122.4532700,38.1590370,11.0 -122.4532710,38.1590370,11.0 -122.4532720,38.1590370,11.0 -122.4532720,38.1590370,11.0 -122.4532730,38.1590370,11.0 -122.4532730,38.1590360,11.0 -122.4532730,38.1590360,11.0 -122.4532720,38.1590330,11.0 -122.4532720,38.1590310,11.0 -122.4532730,38.1590320,11.0 -122.4532740,38.1590320,11.0 -122.4532740,38.1590320,12.1 -122.4532750,38.1590320,12.1 -122.4532760,38.1590320,12.1 -122.4532770,38.1590330,12.1 -122.4532780,38.1590340,12.1 -122.4532780,38.1590340,12.1 -122.4532790,38.1590340,12.1 -122.4532790,38.1590330,12.1 -122.4532800,38.1590320,12.1 -122.4532800,38.1590320,12.1 -122.4532810,38.1590320,12.6 -122.4532810,38.1590310,12.6 -122.4532820,38.1590310,12.6 -122.4532820,38.1590300,12.6 -122.4532820,38.1590290,12.6 -122.4532830,38.1590280,12.6 -122.4532830,38.1590280,12.6 -122.4532840,38.1590280,12.6 -122.4532840,38.1590280,12.6 -122.4532840,38.1590280,12.6 -122.4532850,38.1590280,12.9 -122.4532850,38.1590280,12.9 -122.4532850,38.1590290,12.9 -122.4532860,38.1590290,12.9 -122.4532860,38.1590290,12.9 -122.4532860,38.1590290,12.9 -122.4532860,38.1590290,12.9 -122.4532870,38.1590290,12.9 -122.4532870,38.1590290,12.9 -122.4532880,38.1590290,12.9 -122.4532890,38.1590300,12.9 -122.4532890,38.1590300,12.9 -122.4532900,38.1590310,12.9 -122.4532900,38.1590310,12.9 -122.4532900,38.1590310,12.9 -122.4532900,38.1590300,12.9 -122.4532910,38.1590290,12.9 -122.4532910,38.1590300,12.9 -122.4532930,38.1590320,12.9 -122.4532940,38.1590330,12.9 -122.4532950,38.1590340,13.0 -122.4532950,38.1590340,13.0 -122.4532960,38.1590340,13.0 -122.4532960,38.1590340,13.0 -122.4532970,38.1590340,13.0 -122.4532980,38.1590330,13.0 -122.4532980,38.1590320,13.0 -122.4532980,38.1590320,13.0 -122.4532980,38.1590310,13.0 -122.4532990,38.1590310,13.0 -122.4532990,38.1590310,13.2 -122.4532990,38.1590300,13.2 -122.4532990,38.1590290,13.2 -122.4532990,38.1590290,13.2 -122.4532990,38.1590300,13.2 -122.4533000,38.1590300,13.2 -122.4533000,38.1590300,13.2 -122.4533010,38.1590300,13.2 -122.4533010,38.1590300,13.2 -122.4533020,38.1590310,13.2 -122.4533020,38.1590300,13.0 -122.4533020,38.1590300,13.0 -122.4533020,38.1590300,13.0 -122.4533030,38.1590310,13.0 -122.4533040,38.1590310,13.0 -122.4533040,38.1590320,13.0 -122.4533050,38.1590320,13.0 -122.4533050,38.1590320,13.0 -122.4533060,38.1590310,13.0 -122.4533060,38.1590310,13.0 -122.4533060,38.1590300,13.2 -122.4533060,38.1590300,13.2 -122.4533060,38.1590300,13.2 -122.4533070,38.1590300,13.2 -122.4533070,38.1590310,13.2 -122.4533080,38.1590310,13.2 -122.4533080,38.1590320,13.2 -122.4533090,38.1590320,13.2 -122.4533090,38.1590320,13.2 -122.4533100,38.1590330,13.2 -122.4533100,38.1590330,13.6 -122.4533100,38.1590330,13.6 -122.4533110,38.1590330,13.6 -122.4533110,38.1590330,13.6 -122.4533110,38.1590330,13.6 -122.4533110,38.1590340,13.6 -122.4533110,38.1590340,13.6 -122.4533120,38.1590340,13.6 -122.4533120,38.1590340,13.6 -122.4533120,38.1590340,13.6 -122.4533130,38.1590340,14.0 -122.4533130,38.1590330,14.0 -122.4533130,38.1590330,14.0 -122.4533130,38.1590320,14.0 -122.4533130,38.1590320,14.0 -122.4533140,38.1590320,14.0 -122.4533140,38.1590320,14.0 -122.4533140,38.1590320,14.0 -122.4533140,38.1590320,14.0 -122.4533150,38.1590320,14.0 -122.4533150,38.1590320,13.8 -122.4533150,38.1590310,13.8 -122.4533150,38.1590310,13.8 -122.4533150,38.1590310,13.8 -122.4533150,38.1590310,13.8 -122.4533150,38.1590310,13.8 -122.4533150,38.1590310,13.8 -122.4533150,38.1590320,13.8 -122.4533150,38.1590330,13.8 -122.4533150,38.1590320,13.8 -122.4533150,38.1590340,13.6 -122.4533150,38.1590350,13.6 -122.4533150,38.1590360,13.6 -122.4533150,38.1590370,13.6 -122.4533150,38.1590380,13.6 -122.4533160,38.1590380,13.6 -122.4533160,38.1590390,13.6 -122.4533160,38.1590400,13.6 -122.4533160,38.1590410,13.6 -122.4533160,38.1590420,13.6 -122.4533170,38.1590420,13.3 -122.4533170,38.1590430,13.3 -122.4533170,38.1590430,13.3 -122.4533170,38.1590440,13.3 -122.4533180,38.1590440,13.3 -122.4533180,38.1590450,13.3 -122.4533180,38.1590460,13.3 -122.4533170,38.1590470,13.3 -122.4533180,38.1590460,13.3 -122.4533180,38.1590450,13.3 -122.4533170,38.1590450,13.3 -122.4533170,38.1590460,13.3 -122.4533170,38.1590460,13.3 -122.4533170,38.1590460,13.3 -122.4533180,38.1590440,13.3 -122.4533190,38.1590420,13.3 -122.4533190,38.1590420,13.3 -122.4533190,38.1590420,13.3 -122.4533190,38.1590410,13.3 -122.4533200,38.1590410,13.3 -122.4533200,38.1590410,13.2 -122.4533210,38.1590400,13.2 -122.4533210,38.1590390,13.2 -122.4533220,38.1590410,13.2 -122.4533220,38.1590420,13.2 -122.4533230,38.1590420,13.2 -122.4533230,38.1590430,13.2 -122.4533230,38.1590430,13.2 -122.4533240,38.1590430,13.2 -122.4533250,38.1590440,13.2 -122.4533250,38.1590450,12.6 -122.4533260,38.1590460,12.6 -122.4533260,38.1590470,12.6 -122.4533270,38.1590480,12.6 -122.4533270,38.1590480,12.6 -122.4533280,38.1590480,12.6 -122.4533280,38.1590490,12.6 -122.4533280,38.1590490,12.6 -122.4533290,38.1590490,12.6 -122.4533300,38.1590480,12.6 -122.4533310,38.1590470,12.2 -122.4533320,38.1590470,12.2 -122.4533330,38.1590470,12.2 -122.4533340,38.1590480,12.2 -122.4533340,38.1590480,12.2 -122.4533350,38.1590480,12.2 -122.4533360,38.1590480,12.2 -122.4533370,38.1590490,12.2 -122.4533370,38.1590490,12.2 -122.4533380,38.1590490,12.2 -122.4533390,38.1590500,11.9 -122.4533390,38.1590500,11.9 -122.4533400,38.1590500,11.9 -122.4533410,38.1590500,11.9 -122.4533420,38.1590500,11.9 -122.4533430,38.1590490,11.9 -122.4533440,38.1590500,11.9 -122.4533440,38.1590500,11.9 -122.4533450,38.1590500,11.9 -122.4533460,38.1590500,11.9 -122.4533460,38.1590500,11.0 -122.4533470,38.1590500,11.0 -122.4533480,38.1590490,11.0 -122.4533490,38.1590490,11.0 -122.4533500,38.1590490,11.0 -122.4533500,38.1590480,11.0 -122.4533510,38.1590480,11.0 -122.4533520,38.1590480,11.0 -122.4533520,38.1590480,11.0 -122.4533530,38.1590490,11.0 -122.4533540,38.1590480,10.2 -122.4533550,38.1590480,10.2 -122.4533550,38.1590480,10.2 -122.4533560,38.1590480,10.2 -122.4533570,38.1590480,10.2 -122.4533570,38.1590490,10.2 -122.4533570,38.1590490,10.2 -122.4533580,38.1590490,10.2 -122.4533580,38.1590490,10.2 -122.4533590,38.1590500,10.2 -122.4533590,38.1590500,9.9 -122.4533600,38.1590510,9.9 -122.4533600,38.1590510,9.9 -122.4533610,38.1590510,9.9 -122.4533610,38.1590510,9.9 -122.4533620,38.1590510,9.9 -122.4533620,38.1590520,9.9 -122.4533630,38.1590510,9.9 -122.4533630,38.1590520,9.9 -122.4533640,38.1590520,9.9 -122.4533640,38.1590520,9.6 -122.4533650,38.1590530,9.6 -122.4533660,38.1590530,9.6 -122.4533660,38.1590530,9.6 -122.4533670,38.1590530,9.6 -122.4533670,38.1590530,9.6 -122.4533680,38.1590530,9.6 -122.4533690,38.1590530,9.6 -122.4533700,38.1590530,9.6 -122.4533700,38.1590530,9.6 -122.4533710,38.1590530,9.0 -122.4533720,38.1590530,9.0 -122.4533720,38.1590530,9.0 -122.4533730,38.1590540,9.0 -122.4533730,38.1590540,9.0 -122.4533740,38.1590540,9.0 -122.4533740,38.1590540,9.0 -122.4533750,38.1590540,9.0 -122.4533760,38.1590540,9.0 -122.4533760,38.1590540,9.0 -122.4533760,38.1590540,8.6 -122.4533770,38.1590540,8.6 -122.4533770,38.1590540,8.6 -122.4533780,38.1590540,8.6 -122.4533780,38.1590550,8.6 -122.4533780,38.1590550,8.6 -122.4533780,38.1590540,8.6 -122.4533790,38.1590540,8.6 -122.4533790,38.1590550,8.6 -122.4533790,38.1590550,8.6 -122.4533800,38.1590550,8.3 -122.4533800,38.1590550,8.3 -122.4533800,38.1590550,8.3 -122.4533800,38.1590550,8.3 -122.4533800,38.1590550,8.3 -122.4533810,38.1590550,8.3 -122.4533810,38.1590550,8.3 -122.4533810,38.1590550,8.3 -122.4533820,38.1590550,8.3 -122.4533820,38.1590550,8.3 -122.4533820,38.1590550,7.9 -122.4533830,38.1590550,7.9 -122.4533830,38.1590560,7.9 -122.4533830,38.1590560,7.9 -122.4533840,38.1590550,7.9 -122.4533850,38.1590550,7.9 -122.4533850,38.1590550,7.9 -122.4533850,38.1590550,7.9 -122.4533850,38.1590550,7.9 -122.4533850,38.1590550,7.9 -122.4533850,38.1590550,7.6 -122.4533850,38.1590550,7.6 -122.4533850,38.1590560,7.6 -122.4533850,38.1590560,7.6 -122.4533850,38.1590560,7.6 -122.4533850,38.1590560,7.6 -122.4533850,38.1590560,7.6 -122.4533840,38.1590560,7.6 -122.4533840,38.1590560,7.6 -122.4533840,38.1590560,7.6 -122.4533840,38.1590560,7.5 -122.4533840,38.1590560,7.5 -122.4533840,38.1590560,7.5 -122.4533840,38.1590560,7.5 -122.4533840,38.1590560,7.5 -122.4533840,38.1590560,7.5 -122.4533840,38.1590560,7.5 -122.4533840,38.1590560,7.5 -122.4533840,38.1590560,7.5 -122.4533840,38.1590570,7.5 -122.4533840,38.1590570,7.4 -122.4533840,38.1590570,7.4 -122.4533840,38.1590570,7.4 -122.4533850,38.1590570,7.4 -122.4533850,38.1590570,7.4 -122.4533850,38.1590570,7.4 -122.4533850,38.1590570,7.4 -122.4533850,38.1590570,7.4 -122.4533860,38.1590560,7.4 -122.4533860,38.1590560,7.4 -122.4533860,38.1590560,7.1 -122.4533860,38.1590560,7.1 -122.4533860,38.1590560,7.1 -122.4533870,38.1590560,7.1 -122.4533870,38.1590550,7.1 -122.4533870,38.1590550,7.1 -122.4533880,38.1590550,7.1 -122.4533880,38.1590550,7.1 -122.4533880,38.1590540,7.1 -122.4533880,38.1590540,7.1 -122.4533880,38.1590540,6.8 -122.4533880,38.1590540,6.8 -122.4533880,38.1590540,6.8 -122.4533880,38.1590540,6.8 -122.4533880,38.1590530,6.8 -122.4533890,38.1590530,6.8 -122.4533890,38.1590530,6.8 -122.4533890,38.1590520,6.8 -122.4533890,38.1590520,6.8 -122.4533890,38.1590510,6.8 -122.4533900,38.1590510,6.4 -122.4533900,38.1590510,6.4 -122.4533900,38.1590510,6.4 -122.4533900,38.1590500,6.4 -122.4533900,38.1590500,6.4 -122.4533900,38.1590500,6.4 -122.4533900,38.1590500,6.4 -122.4533900,38.1590500,6.4 -122.4533890,38.1590500,6.4 -122.4533890,38.1590510,6.4 -122.4533890,38.1590510,6.4 -122.4533890,38.1590510,6.4 -122.4533880,38.1590510,6.4 -122.4533880,38.1590520,6.4 -122.4533880,38.1590520,6.4 -122.4533880,38.1590520,6.4 -122.4533880,38.1590520,6.4 -122.4533880,38.1590530,6.4 -122.4533880,38.1590530,6.4 -122.4533880,38.1590530,6.4 -122.4533880,38.1590530,6.5 -122.4533880,38.1590540,6.5 -122.4533870,38.1590540,6.5 -122.4533870,38.1590550,6.5 -122.4533870,38.1590550,6.5 -122.4533870,38.1590560,6.5 -122.4533870,38.1590560,6.5 -122.4533870,38.1590560,6.5 -122.4533870,38.1590560,6.5 -122.4533870,38.1590560,6.5 -122.4533870,38.1590570,6.7 -122.4533860,38.1590570,6.7 -122.4533860,38.1590570,6.7 -122.4533860,38.1590570,6.7 -122.4533860,38.1590570,6.7 -122.4533860,38.1590570,6.7 -122.4533870,38.1590570,6.7 -122.4533870,38.1590570,6.7 -122.4533870,38.1590570,6.7 -122.4533860,38.1590570,6.7 -122.4533860,38.1590580,6.8 -122.4533850,38.1590580,6.8 -122.4533860,38.1590580,6.8 -122.4533860,38.1590580,6.8 -122.4533860,38.1590580,6.8 -122.4533850,38.1590590,6.8 -122.4533850,38.1590590,6.8 -122.4533850,38.1590590,6.8 -122.4533850,38.1590600,6.8 -122.4533850,38.1590600,6.8 -122.4533850,38.1590600,7.0 -122.4533850,38.1590600,7.0 -122.4533850,38.1590600,7.0 -122.4533840,38.1590600,7.0 -122.4533840,38.1590600,7.0 -122.4533830,38.1590600,7.0 -122.4533830,38.1590600,7.0 -122.4533830,38.1590600,7.0 -122.4533820,38.1590600,7.0 -122.4533830,38.1590600,7.0 -122.4533830,38.1590590,6.9 -122.4533830,38.1590590,6.9 -122.4533830,38.1590590,6.9 -122.4533830,38.1590590,6.9 -122.4533830,38.1590590,6.9 -122.4533830,38.1590580,6.9 -122.4533830,38.1590580,6.9 -122.4533830,38.1590580,6.9 -122.4533830,38.1590580,6.9 -122.4533830,38.1590580,6.9 -122.4533830,38.1590580,6.7 -122.4533820,38.1590580,6.7 -122.4533820,38.1590570,6.7 -122.4533820,38.1590570,6.7 -122.4533820,38.1590570,6.7 -122.4533820,38.1590570,6.7 -122.4533810,38.1590560,6.7 -122.4533810,38.1590560,6.7 -122.4533810,38.1590560,6.7 -122.4533810,38.1590560,6.7 -122.4533810,38.1590570,6.9 -122.4533810,38.1590570,6.9 -122.4533810,38.1590560,6.9 -122.4533810,38.1590570,6.9 -122.4533810,38.1590570,6.9 -122.4533800,38.1590570,6.9 -122.4533810,38.1590560,6.9 -122.4533810,38.1590560,6.9 -122.4533810,38.1590560,6.9 -122.4533810,38.1590560,6.9 -122.4533810,38.1590550,6.9 -122.4533810,38.1590550,6.9 -122.4533810,38.1590550,6.9 -122.4533800,38.1590550,6.9 -122.4533800,38.1590550,6.9 -122.4533800,38.1590550,6.9 -122.4533800,38.1590550,6.9 -122.4533800,38.1590550,6.9 -122.4533800,38.1590540,6.9 -122.4533800,38.1590540,6.9 -122.4533800,38.1590540,7.0 -122.4533800,38.1590540,7.0 -122.4533790,38.1590540,7.0 -122.4533800,38.1590540,7.0 -122.4533800,38.1590530,7.0 -122.4533800,38.1590530,7.0 -122.4533800,38.1590530,7.0 -122.4533800,38.1590530,7.0 -122.4533800,38.1590520,7.0 -122.4533800,38.1590520,7.0 -122.4533800,38.1590520,7.0 -122.4533800,38.1590520,7.0 -122.4533800,38.1590510,7.0 -122.4533800,38.1590510,7.0 -122.4533800,38.1590510,7.0 -122.4533800,38.1590510,7.0 -122.4533800,38.1590510,7.0 -122.4533800,38.1590510,7.0 -122.4533800,38.1590500,7.0 -122.4533800,38.1590500,7.0 -122.4533800,38.1590500,7.0 -122.4533800,38.1590500,7.0 -122.4533800,38.1590500,7.0 -122.4533800,38.1590500,7.0 -122.4533800,38.1590500,7.0 -122.4533800,38.1590490,7.0 -122.4533800,38.1590490,7.0 -122.4533790,38.1590490,7.0 -122.4533790,38.1590480,7.0 -122.4533790,38.1590480,7.0 -122.4533790,38.1590480,7.0 -122.4533790,38.1590470,7.0 -122.4533790,38.1590470,7.0 -122.4533790,38.1590470,7.0 -122.4533790,38.1590460,7.0 -122.4533780,38.1590460,7.0 -122.4533780,38.1590460,7.0 -122.4533780,38.1590450,7.0 -122.4533780,38.1590450,7.0 -122.4533780,38.1590450,7.0 -122.4533780,38.1590440,6.8 -122.4533780,38.1590440,6.8 -122.4533780,38.1590430,6.8 -122.4533770,38.1590430,6.8 -122.4533770,38.1590430,6.8 -122.4533770,38.1590430,6.8 -122.4533770,38.1590430,6.8 -122.4533770,38.1590430,6.8 -122.4533770,38.1590420,6.8 -122.4533770,38.1590420,6.8 -122.4533770,38.1590420,6.7 -122.4533770,38.1590420,6.7 -122.4533770,38.1590410,6.7 -122.4533770,38.1590410,6.7 -122.4533770,38.1590410,6.7 -122.4533770,38.1590410,6.7 -122.4533770,38.1590410,6.7 -122.4533780,38.1590410,6.7 -122.4533780,38.1590400,6.7 -122.4533780,38.1590400,6.7 -122.4533780,38.1590400,6.5 -122.4533780,38.1590400,6.5 -122.4533770,38.1590400,6.5 -122.4533770,38.1590390,6.5 -122.4533770,38.1590390,6.5 -122.4533770,38.1590390,6.5 -122.4533770,38.1590390,6.5 -122.4533770,38.1590390,6.5 -122.4533780,38.1590390,6.5 -122.4533780,38.1590390,6.5 -122.4533770,38.1590380,6.4 -122.4533770,38.1590380,6.4 -122.4533770,38.1590380,6.4 -122.4533760,38.1590370,6.4 -122.4533760,38.1590370,6.4 -122.4533760,38.1590370,6.4 -122.4533760,38.1590370,6.4 -122.4533760,38.1590380,6.4 -122.4533760,38.1590380,6.4 -122.4533750,38.1590380,6.4 -122.4533750,38.1590380,6.3 -122.4533750,38.1590370,6.3 -122.4533750,38.1590380,6.3 -122.4533740,38.1590370,6.3 -122.4533740,38.1590370,6.3 -122.4533730,38.1590370,6.3 -122.4533730,38.1590360,6.3 -122.4533720,38.1590360,6.3 -122.4533720,38.1590360,6.3 -122.4533710,38.1590350,6.3 -122.4533710,38.1590350,6.0 -122.4533700,38.1590350,6.0 -122.4533700,38.1590340,6.0 -122.4533700,38.1590340,6.0 -122.4533690,38.1590330,6.0 -122.4533690,38.1590330,6.0 -122.4533690,38.1590330,6.0 -122.4533680,38.1590320,6.0 -122.4533680,38.1590320,6.0 -122.4533690,38.1590320,6.0 -122.4533690,38.1590320,5.9 -122.4533690,38.1590330,5.9 -122.4533690,38.1590330,5.9 -122.4533690,38.1590330,5.9 -122.4533690,38.1590330,5.9 -122.4533690,38.1590330,5.9 -122.4533680,38.1590330,5.9 -122.4533670,38.1590330,5.9 -122.4533660,38.1590320,5.9 -122.4533660,38.1590330,5.9 -122.4533660,38.1590320,5.9 -122.4533650,38.1590320,5.9 -122.4533650,38.1590320,5.9 -122.4533650,38.1590320,5.9 -122.4533650,38.1590320,5.9 -122.4533650,38.1590320,5.9 -122.4533650,38.1590320,5.9 -122.4533650,38.1590320,5.9 -122.4533650,38.1590320,5.9 -122.4533650,38.1590310,5.9 -122.4533650,38.1590310,5.9 -122.4533650,38.1590310,5.9 -122.4533650,38.1590310,5.9 -122.4533650,38.1590310,5.9 -122.4533650,38.1590310,5.9 -122.4533650,38.1590310,5.9 -122.4533650,38.1590300,5.9 -122.4533650,38.1590300,5.9 -122.4533640,38.1590300,5.9 -122.4533640,38.1590300,5.9 -122.4533640,38.1590310,5.9 -122.4533650,38.1590310,5.9 -122.4533650,38.1590310,5.9 -122.4533650,38.1590310,5.9 -122.4533650,38.1590310,5.9 -122.4533650,38.1590300,5.9 -122.4533650,38.1590310,5.9 -122.4533650,38.1590310,5.9 -122.4533660,38.1590310,5.9 -122.4533650,38.1590310,5.9 -122.4533650,38.1590300,6.1 -122.4533650,38.1590300,6.1 -122.4533640,38.1590300,6.1 -122.4533630,38.1590300,6.1 -122.4533630,38.1590300,6.1 -122.4533630,38.1590300,6.1 -122.4533620,38.1590300,6.1 -122.4533620,38.1590300,6.1 -122.4533610,38.1590300,6.1 -122.4533610,38.1590300,6.1 -122.4533610,38.1590310,6.1 -122.4533610,38.1590300,6.1 -122.4533620,38.1590310,6.1 -122.4533610,38.1590310,6.1 -122.4533610,38.1590310,6.1 -122.4533610,38.1590310,6.1 -122.4533610,38.1590310,6.1 -122.4533610,38.1590310,6.1 -122.4533610,38.1590310,6.1 -122.4533610,38.1590310,6.1 -122.4533600,38.1590310,6.2 -122.4533600,38.1590310,6.2 -122.4533600,38.1590310,6.2 -122.4533600,38.1590310,6.2 -122.4533600,38.1590310,6.2 -122.4533600,38.1590310,6.2 -122.4533600,38.1590310,6.2 -122.4533600,38.1590310,6.2 -122.4533600,38.1590310,6.2 -122.4533600,38.1590310,6.2 -122.4533590,38.1590310,6.3 -122.4533590,38.1590310,6.3 -122.4533590,38.1590310,6.3 -122.4533590,38.1590320,6.3 -122.4533600,38.1590320,6.3 -122.4533600,38.1590320,6.3 -122.4533600,38.1590320,6.3 -122.4533600,38.1590320,6.3 -122.4533600,38.1590320,6.3 -122.4533590,38.1590320,6.3 -122.4533590,38.1590320,6.3 -122.4533590,38.1590320,6.3 -122.4533580,38.1590320,6.3 -122.4533580,38.1590320,6.3 -122.4533570,38.1590320,6.3 -122.4533570,38.1590320,6.3 -122.4533570,38.1590320,6.3 -122.4533570,38.1590310,6.3 -122.4533560,38.1590320,6.3 -122.4533560,38.1590320,6.3 -122.4533560,38.1590320,6.3 -122.4533560,38.1590320,6.3 -122.4533560,38.1590320,6.3 -122.4533560,38.1590320,6.3 -122.4533560,38.1590310,6.3 -122.4533560,38.1590310,6.3 -122.4533560,38.1590320,6.3 -122.4533570,38.1590320,6.3 -122.4533580,38.1590320,6.3 -122.4533580,38.1590320,6.3 -122.4533580,38.1590320,6.4 -122.4533580,38.1590320,6.4 -122.4533580,38.1590320,6.4 -122.4533570,38.1590320,6.4 -122.4533580,38.1590320,6.4 -122.4533580,38.1590320,6.4 -122.4533580,38.1590320,6.4 -122.4533570,38.1590320,6.4 -122.4533560,38.1590310,6.4 -122.4533560,38.1590310,6.4 -122.4533550,38.1590310,6.3 -122.4533540,38.1590300,6.3 -122.4533540,38.1590300,6.3 -122.4533530,38.1590300,6.3 -122.4533530,38.1590290,6.3 -122.4533520,38.1590290,6.3 -122.4533520,38.1590290,6.3 -122.4533520,38.1590290,6.3 -122.4533510,38.1590280,6.3 -122.4533500,38.1590280,6.3 -122.4533480,38.1590280,5.9 -122.4533470,38.1590280,5.9 -122.4533470,38.1590270,5.9 -122.4533460,38.1590270,5.9 -122.4533460,38.1590270,5.9 -122.4533460,38.1590270,5.9 -122.4533460,38.1590270,5.9 -122.4533460,38.1590280,5.9 -122.4533460,38.1590280,5.9 -122.4533460,38.1590280,5.9 -122.4533460,38.1590280,6.0 -122.4533470,38.1590280,6.0 -122.4533470,38.1590280,6.0 -122.4533470,38.1590280,6.0 -122.4533470,38.1590280,6.0 -122.4533470,38.1590280,6.0 -122.4533470,38.1590280,6.0 -122.4533480,38.1590280,6.0 -122.4533490,38.1590290,6.0 -122.4533510,38.1590290,6.0 -122.4533510,38.1590290,6.2 -122.4533520,38.1590290,6.2 -122.4533520,38.1590290,6.2 -122.4533520,38.1590290,6.2 -122.4533530,38.1590290,6.2 -122.4533530,38.1590300,6.2 -122.4533540,38.1590300,6.2 -122.4533550,38.1590300,6.2 -122.4533550,38.1590310,6.2 -122.4533550,38.1590310,6.2 -122.4533550,38.1590310,6.5 -122.4533560,38.1590310,6.5 -122.4533560,38.1590310,6.5 -122.4533550,38.1590310,6.5 -122.4533540,38.1590310,6.5 -122.4533540,38.1590310,6.5 -122.4533540,38.1590310,6.5 -122.4533530,38.1590310,6.5 -122.4533520,38.1590300,6.5 -122.4533510,38.1590300,6.5 -122.4533500,38.1590300,6.4 -122.4533500,38.1590290,6.4 -122.4533490,38.1590290,6.4 -122.4533490,38.1590290,6.4 -122.4533490,38.1590290,6.4 -122.4533490,38.1590280,6.4 -122.4533480,38.1590280,6.4 -122.4533480,38.1590280,6.4 -122.4533480,38.1590280,6.4 -122.4533480,38.1590280,6.4 -122.4533470,38.1590280,6.3 -122.4533470,38.1590280,6.3 -122.4533470,38.1590280,6.3 -122.4533470,38.1590280,6.3 -122.4533470,38.1590270,6.3 -122.4533470,38.1590270,6.3 -122.4533470,38.1590270,6.3 -122.4533480,38.1590270,6.3 -122.4533480,38.1590270,6.3 -122.4533480,38.1590270,6.3 -122.4533490,38.1590270,6.1 -122.4533490,38.1590270,6.1 -122.4533490,38.1590270,6.1 -122.4533490,38.1590270,6.1 -122.4533490,38.1590270,6.1 -122.4533500,38.1590270,6.1 -122.4533510,38.1590270,6.1 -122.4533510,38.1590270,6.1 -122.4533510,38.1590270,6.1 -122.4533510,38.1590270,6.1 -122.4533520,38.1590280,6.1 -122.4533520,38.1590280,6.1 -122.4533520,38.1590280,6.1 -122.4533520,38.1590280,6.1 -122.4533520,38.1590270,6.1 -122.4533520,38.1590270,6.1 -122.4533520,38.1590270,6.1 -122.4533520,38.1590270,6.1 -122.4533510,38.1590270,6.1 -122.4533520,38.1590270,6.1 -122.4533520,38.1590270,6.0 -122.4533520,38.1590270,6.0 -122.4533530,38.1590270,6.0 -122.4533530,38.1590270,6.0 -122.4533540,38.1590270,6.0 -122.4533540,38.1590270,6.0 -122.4533550,38.1590270,6.0 -122.4533550,38.1590270,6.0 -122.4533560,38.1590270,6.0 -122.4533570,38.1590270,6.0 -122.4533570,38.1590270,6.0 -122.4533580,38.1590270,6.0 -122.4533580,38.1590270,6.0 -122.4533590,38.1590270,6.0 -122.4533590,38.1590270,6.0 -122.4533600,38.1590270,6.0 -122.4533610,38.1590270,6.0 -122.4533610,38.1590270,6.0 -122.4533610,38.1590270,6.0 -122.4533610,38.1590270,6.0 -122.4533620,38.1590270,5.9 -122.4533620,38.1590270,5.9 -122.4533610,38.1590270,5.9 -122.4533600,38.1590270,5.9 -122.4533610,38.1590270,5.9 -122.4533600,38.1590270,5.9 -122.4533610,38.1590270,5.9 -122.4533610,38.1590270,5.9 -122.4533610,38.1590270,5.9 -122.4533610,38.1590270,5.9 -122.4533610,38.1590280,5.8 -122.4533620,38.1590280,5.8 -122.4533620,38.1590280,5.8 -122.4533620,38.1590280,5.8 -122.4533630,38.1590280,5.8 -122.4533630,38.1590280,5.8 -122.4533620,38.1590280,5.8 -122.4533620,38.1590280,5.8 -122.4533620,38.1590280,5.8 -122.4533630,38.1590280,5.8 -122.4533630,38.1590290,5.8 -122.4533620,38.1590280,5.8 -122.4533620,38.1590280,5.8 -122.4533610,38.1590280,5.8 -122.4533620,38.1590280,5.8 -122.4533630,38.1590280,5.8 -122.4533630,38.1590290,5.8 -122.4533630,38.1590290,5.8 -122.4533630,38.1590290,5.8 -122.4533640,38.1590290,5.8 -122.4533650,38.1590290,5.7 -122.4533640,38.1590290,5.7 -122.4533640,38.1590290,5.7 -122.4533640,38.1590300,5.7 -122.4533650,38.1590300,5.7 -122.4533650,38.1590300,5.7 -122.4533650,38.1590300,5.7 -122.4533640,38.1590300,5.7 -122.4533630,38.1590300,5.7 -122.4533640,38.1590300,5.7 -122.4533650,38.1590300,5.7 -122.4533670,38.1590300,5.7 -122.4533670,38.1590310,5.7 -122.4533680,38.1590300,5.7 -122.4533690,38.1590310,5.7 -122.4533700,38.1590300,5.7 -122.4533700,38.1590300,5.7 -122.4533690,38.1590300,5.7 -122.4533690,38.1590300,5.7 -122.4533690,38.1590290,5.7 -122.4533690,38.1590290,5.6 -122.4533700,38.1590290,5.6 -122.4533700,38.1590290,5.6 -122.4533700,38.1590290,5.6 -122.4533700,38.1590290,5.6 -122.4533700,38.1590290,5.6 -122.4533710,38.1590290,5.6 -122.4533710,38.1590290,5.6 -122.4533720,38.1590290,5.6 -122.4533730,38.1590290,5.6 -122.4533740,38.1590290,5.7 -122.4533740,38.1590290,5.7 -122.4533750,38.1590290,5.7 -122.4533750,38.1590290,5.7 -122.4533750,38.1590290,5.7 -122.4533760,38.1590290,5.7 -122.4533760,38.1590290,5.7 -122.4533770,38.1590280,5.7 -122.4533770,38.1590290,5.7 -122.4533780,38.1590290,5.7 -122.4533800,38.1590290,5.8 -122.4533810,38.1590300,5.8 -122.4533830,38.1590300,5.8 -122.4533840,38.1590310,5.8 -122.4533850,38.1590310,5.8 -122.4533860,38.1590310,5.8 -122.4533860,38.1590320,5.8 -122.4533850,38.1590310,5.8 -122.4533850,38.1590310,5.8 -122.4533850,38.1590310,5.8 -122.4533850,38.1590310,5.9 -122.4533850,38.1590310,5.9 -122.4533850,38.1590310,5.9 -122.4533840,38.1590310,5.9 -122.4533840,38.1590310,5.9 -122.4533840,38.1590300,5.9 -122.4533840,38.1590310,5.9 -122.4533840,38.1590300,5.9 -122.4533850,38.1590300,5.9 -122.4533850,38.1590300,5.9 -122.4533850,38.1590300,5.8 -122.4533840,38.1590300,5.8 -122.4533850,38.1590300,5.8 -122.4533840,38.1590300,5.8 -122.4533840,38.1590300,5.8 -122.4533830,38.1590300,5.8 -122.4533830,38.1590300,5.8 -122.4533830,38.1590300,5.8 -122.4533820,38.1590300,5.8 -122.4533820,38.1590300,5.8 -122.4533820,38.1590300,5.9 -122.4533810,38.1590300,5.9 -122.4533810,38.1590300,5.9 -122.4533800,38.1590300,5.9 -122.4533790,38.1590300,5.9 -122.4533790,38.1590300,5.9 -122.4533780,38.1590290,5.9 -122.4533770,38.1590290,5.9 -122.4533770,38.1590290,5.9 -122.4533760,38.1590290,5.9 -122.4533760,38.1590290,5.5 -122.4533750,38.1590280,5.5 -122.4533740,38.1590280,5.5 -122.4533740,38.1590280,5.5 -122.4533730,38.1590280,5.5 -122.4533730,38.1590280,5.5 -122.4533730,38.1590280,5.5 -122.4533720,38.1590280,5.5 -122.4533720,38.1590280,5.5 -122.4533720,38.1590280,5.5 -122.4533720,38.1590290,5.4 -122.4533720,38.1590290,5.4 -122.4533710,38.1590290,5.4 -122.4533710,38.1590300,5.4 -122.4533710,38.1590300,5.4 -122.4533710,38.1590300,5.4 -122.4533710,38.1590300,5.4 -122.4533710,38.1590300,5.4 -122.4533710,38.1590310,5.4 -122.4533700,38.1590310,5.4 -122.4533700,38.1590310,5.5 -122.4533690,38.1590310,5.5 -122.4533690,38.1590310,5.5 -122.4533690,38.1590310,5.5 -122.4533680,38.1590310,5.5 -122.4533680,38.1590310,5.5 -122.4533670,38.1590310,5.5 -122.4533660,38.1590310,5.5 -122.4533660,38.1590310,5.5 -122.4533650,38.1590310,5.5 -122.4533640,38.1590310,5.3 -122.4533640,38.1590310,5.3 -122.4533640,38.1590320,5.3 -122.4533630,38.1590320,5.3 -122.4533630,38.1590320,5.3 -122.4533630,38.1590320,5.3 -122.4533620,38.1590320,5.3 -122.4533620,38.1590320,5.3 -122.4533620,38.1590330,5.3 -122.4533610,38.1590330,5.3 -122.4533610,38.1590330,5.3 -122.4533610,38.1590330,5.3 -122.4533610,38.1590330,5.3 -122.4533600,38.1590330,5.3 -122.4533600,38.1590330,5.3 -122.4533600,38.1590330,5.3 -122.4533600,38.1590330,5.3 -122.4533600,38.1590330,5.3 -122.4533600,38.1590330,5.3 -122.4533590,38.1590340,5.3 -122.4533590,38.1590340,5.2 -122.4533580,38.1590340,5.2 -122.4533580,38.1590340,5.2 -122.4533580,38.1590340,5.2 -122.4533570,38.1590340,5.2 -122.4533570,38.1590340,5.2 -122.4533560,38.1590340,5.2 -122.4533560,38.1590340,5.2 -122.4533560,38.1590340,5.2 -122.4533560,38.1590340,5.2 -122.4533560,38.1590340,5.0 -122.4533550,38.1590350,5.0 -122.4533550,38.1590350,5.0 -122.4533540,38.1590350,5.0 -122.4533540,38.1590340,5.0 -122.4533540,38.1590350,5.0 -122.4533540,38.1590350,5.0 -122.4533540,38.1590340,5.0 -122.4533530,38.1590340,5.0 -122.4533530,38.1590340,5.0 -122.4533530,38.1590340,4.9 -122.4533530,38.1590340,4.9 -122.4533530,38.1590350,4.9 -122.4533520,38.1590350,4.9 -122.4533520,38.1590350,4.9 -122.4533520,38.1590350,4.9 -122.4533510,38.1590350,4.9 -122.4533510,38.1590350,4.9 -122.4533510,38.1590350,4.9 -122.4533510,38.1590360,4.9 -122.4533500,38.1590360,4.8 -122.4533500,38.1590360,4.8 -122.4533490,38.1590360,4.8 -122.4533490,38.1590360,4.8 -122.4533490,38.1590360,4.8 -122.4533480,38.1590360,4.8 -122.4533480,38.1590360,4.8 -122.4533480,38.1590360,4.8 -122.4533470,38.1590360,4.8 -122.4533470,38.1590360,4.8 -122.4533470,38.1590360,4.7 -122.4533460,38.1590360,4.7 -122.4533460,38.1590360,4.7 -122.4533460,38.1590360,4.7 -122.4533450,38.1590360,4.7 -122.4533450,38.1590360,4.7 -122.4533450,38.1590360,4.7 -122.4533450,38.1590360,4.7 -122.4533440,38.1590360,4.7 -122.4533440,38.1590360,4.7 -122.4533440,38.1590360,4.5 -122.4533440,38.1590360,4.5 -122.4533440,38.1590360,4.5 -122.4533430,38.1590360,4.5 -122.4533430,38.1590360,4.5 -122.4533430,38.1590360,4.5 -122.4533430,38.1590360,4.5 -122.4533430,38.1590360,4.5 -122.4533420,38.1590360,4.5 -122.4533420,38.1590350,4.5 -122.4533420,38.1590350,4.2 -122.4533420,38.1590350,4.2 -122.4533420,38.1590350,4.2 -122.4533410,38.1590350,4.2 -122.4533410,38.1590350,4.2 -122.4533410,38.1590350,4.2 -122.4533410,38.1590350,4.2 -122.4533400,38.1590340,4.2 -122.4533400,38.1590340,4.2 -122.4533400,38.1590340,4.2 -122.4533400,38.1590340,3.8 -122.4533400,38.1590340,3.8 -122.4533390,38.1590340,3.8 -122.4533390,38.1590340,3.8 -122.4533390,38.1590340,3.8 -122.4533390,38.1590340,3.8 -122.4533380,38.1590340,3.8 -122.4533380,38.1590340,3.8 -122.4533380,38.1590340,3.8 -122.4533370,38.1590330,3.8 -122.4533370,38.1590340,3.6 -122.4533370,38.1590330,3.6 -122.4533360,38.1590330,3.6 -122.4533360,38.1590330,3.6 -122.4533360,38.1590330,3.6 -122.4533350,38.1590340,3.6 -122.4533350,38.1590330,3.6 -122.4533340,38.1590330,3.6 -122.4533340,38.1590330,3.6 -122.4533330,38.1590330,3.6 -122.4533330,38.1590330,3.4 -122.4533320,38.1590330,3.4 -122.4533320,38.1590330,3.4 -122.4533310,38.1590330,3.4 -122.4533310,38.1590330,3.4 -122.4533310,38.1590330,3.4 -122.4533310,38.1590330,3.4 -122.4533300,38.1590320,3.4 -122.4533300,38.1590320,3.4 -122.4533300,38.1590320,3.4 -122.4533290,38.1590320,3.2 -122.4533290,38.1590320,3.2 -122.4533290,38.1590320,3.2 -122.4533280,38.1590320,3.2 -122.4533280,38.1590320,3.2 -122.4533280,38.1590320,3.2 -122.4533280,38.1590320,3.2 -122.4533280,38.1590320,3.2 -122.4533280,38.1590320,3.2 -122.4533280,38.1590320,3.2 -122.4533280,38.1590320,3.0 -122.4533270,38.1590320,3.0 -122.4533270,38.1590320,3.0 -122.4533270,38.1590320,3.0 -122.4533270,38.1590320,3.0 -122.4533270,38.1590320,3.0 -122.4533270,38.1590320,3.0 -122.4533260,38.1590320,3.0 -122.4533260,38.1590320,3.0 -122.4533260,38.1590320,3.0 -122.4533260,38.1590320,2.8 -122.4533260,38.1590320,2.8 -122.4533250,38.1590320,2.8 -122.4533250,38.1590320,2.8 -122.4533250,38.1590310,2.8 -122.4533250,38.1590310,2.8 -122.4533250,38.1590310,2.8 -122.4533240,38.1590310,2.8 -122.4533240,38.1590310,2.8 -122.4533240,38.1590310,2.8 -122.4533240,38.1590310,2.5 -122.4533230,38.1590310,2.5 -122.4533230,38.1590300,2.5 -122.4533230,38.1590300,2.5 -122.4533220,38.1590300,2.5 -122.4533220,38.1590300,2.5 -122.4533220,38.1590300,2.5 -122.4533210,38.1590290,2.5 -122.4533210,38.1590290,2.5 -122.4533200,38.1590290,2.5 -122.4533200,38.1590280,2.1 -122.4533200,38.1590280,2.1 -122.4533190,38.1590280,2.1 -122.4533190,38.1590280,2.1 -122.4533180,38.1590270,2.1 -122.4533180,38.1590270,2.1 -122.4533180,38.1590270,2.1 -122.4533170,38.1590270,2.1 -122.4533170,38.1590270,2.1 -122.4533170,38.1590270,2.1 -122.4533160,38.1590270,1.8 -122.4533160,38.1590260,1.8 -122.4533160,38.1590260,1.8 -122.4533160,38.1590260,1.8 -122.4533150,38.1590260,1.8 -122.4533150,38.1590260,1.8 -122.4533150,38.1590260,1.8 -122.4533140,38.1590260,1.8 -122.4533140,38.1590260,1.8 -122.4533140,38.1590250,1.8 -122.4533130,38.1590260,1.6 -122.4533130,38.1590250,1.6 -122.4533130,38.1590250,1.6 -122.4533130,38.1590250,1.6 -122.4533120,38.1590250,1.6 -122.4533120,38.1590250,1.6 -122.4533120,38.1590240,1.6 -122.4533120,38.1590240,1.6 -122.4533110,38.1590240,1.6 -122.4533110,38.1590240,1.6 -122.4533110,38.1590240,1.3 -122.4533110,38.1590240,1.3 -122.4533110,38.1590240,1.3 -122.4533110,38.1590240,1.3 -122.4533100,38.1590240,1.3 -122.4533100,38.1590240,1.3 -122.4533100,38.1590230,1.3 -122.4533100,38.1590230,1.3 -122.4533090,38.1590230,1.3 -122.4533090,38.1590230,1.3 -122.4533090,38.1590230,1.0 -122.4533080,38.1590230,1.0 -122.4533080,38.1590230,1.0 -122.4533080,38.1590230,1.0 -122.4533080,38.1590230,1.0 -122.4533080,38.1590230,1.0 -122.4533080,38.1590230,1.0 -122.4533080,38.1590230,1.0 -122.4533070,38.1590230,1.0 -122.4533070,38.1590230,1.0 -122.4533070,38.1590230,0.9 -122.4533070,38.1590220,0.9 -122.4533070,38.1590220,0.9 -122.4533060,38.1590220,0.9 -122.4533060,38.1590220,0.9 -122.4533050,38.1590220,0.9 -122.4533050,38.1590210,0.9 -122.4533050,38.1590210,0.9 -122.4533050,38.1590220,0.9 -122.4533040,38.1590220,0.9 -122.4533040,38.1590220,0.7 -122.4533040,38.1590220,0.7 -122.4533040,38.1590220,0.7 -122.4533040,38.1590220,0.7 -122.4533030,38.1590220,0.7 -122.4533030,38.1590220,0.7 -122.4533030,38.1590220,0.7 -122.4533030,38.1590220,0.7 -122.4533030,38.1590220,0.7 -122.4533030,38.1590220,0.7 -122.4533030,38.1590220,0.6 -122.4533030,38.1590220,0.6 -122.4533030,38.1590220,0.6 -122.4533030,38.1590220,0.6 -122.4533020,38.1590230,0.6 -122.4533020,38.1590220,0.6 -122.4533020,38.1590230,0.6 -122.4533020,38.1590230,0.6 -122.4533020,38.1590230,0.6 -122.4533020,38.1590220,0.6 -122.4533020,38.1590220,0.6 -122.4533010,38.1590220,0.6 -122.4533020,38.1590220,0.6 -122.4533010,38.1590220,0.6 -122.4533010,38.1590220,0.6 -122.4533010,38.1590220,0.6 -122.4533010,38.1590220,0.6 -122.4533010,38.1590220,0.6 -122.4533010,38.1590220,0.6 -122.4533000,38.1590220,0.6 -122.4533000,38.1590220,0.4 -122.4533000,38.1590220,0.4 -122.4533000,38.1590220,0.4 -122.4533000,38.1590220,0.4 -122.4533000,38.1590220,0.4 -122.4533000,38.1590220,0.4 -122.4533000,38.1590220,0.4 -122.4533000,38.1590220,0.4 -122.4533000,38.1590220,0.4 -122.4533000,38.1590220,0.4 -122.4533000,38.1590220,0.3 -122.4533000,38.1590220,0.3 -122.4533000,38.1590220,0.3 -122.4532990,38.1590220,0.3 -122.4532990,38.1590220,0.3 -122.4532990,38.1590220,0.3 -122.4532990,38.1590220,0.3 -122.4532990,38.1590220,0.3 -122.4532990,38.1590220,0.3 -122.4532990,38.1590220,0.3 -122.4532990,38.1590220,0.2 -122.4532990,38.1590220,0.2 -122.4532990,38.1590220,0.2 -122.4532990,38.1590220,0.2 -122.4532990,38.1590220,0.2 -122.4532990,38.1590220,0.2 -122.4532990,38.1590230,0.2 -122.4532990,38.1590230,0.2 -122.4532990,38.1590230,0.2 -122.4532990,38.1590230,0.2 -122.4532990,38.1590230,0.2 -122.4532990,38.1590220,0.2 -122.4532990,38.1590220,0.2 -122.4532990,38.1590220,0.2 -122.4532980,38.1590220,0.2 -122.4532980,38.1590220,0.2 -122.4532980,38.1590220,0.2 -122.4532980,38.1590220,0.2 -122.4532970,38.1590230,0.2 -122.4532970,38.1590230,0.2 -122.4532970,38.1590230,0.0 -122.4532970,38.1590230,0.0 -122.4532970,38.1590230,0.0 -122.4532970,38.1590230,0.0 -122.4532970,38.1590240,0.0 -122.4532970,38.1590240,0.0 -122.4532970,38.1590240,0.0 -122.4532970,38.1590240,0.0 -122.4532970,38.1590240,0.0 -122.4532960,38.1590240,0.0 -122.4532960,38.1590240,0.1 -122.4532960,38.1590240,0.1 -122.4532960,38.1590240,0.1 -122.4532960,38.1590240,0.1 -122.4532950,38.1590240,0.1 -122.4532950,38.1590240,0.1 -122.4532950,38.1590240,0.1 -122.4532950,38.1590240,0.1 -122.4532950,38.1590240,0.1 -122.4532950,38.1590240,0.1 -122.4532950,38.1590240,6553.5 -122.4532950,38.1590240,6553.5 -122.4532950,38.1590240,6553.5 -122.4532950,38.1590250,6553.5 -122.4532950,38.1590250,6553.5 -122.4532950,38.1590250,6553.5 -122.4532950,38.1590250,6553.5 -122.4532950,38.1590250,6553.5 -122.4532950,38.1590250,6553.5 -122.4532950,38.1590250,6553.5 -122.4532950,38.1590250,6553.3 -122.4532950,38.1590250,6553.3 -122.4532950,38.1590250,6553.3 -122.4532950,38.1590250,6553.3 -122.4532950,38.1590260,6553.3 -122.4532950,38.1590260,6553.3 -122.4532950,38.1590260,6553.3 -122.4532950,38.1590260,6553.3 -122.4532950,38.1590260,6553.3 -122.4532950,38.1590260,6553.3 -122.4532950,38.1590260,6553.2 -122.4532950,38.1590270,6553.2 -122.4532950,38.1590270,6553.2 -122.4532950,38.1590270,6553.2 -122.4532950,38.1590270,6553.2 -122.4532950,38.1590270,6553.2 -122.4532950,38.1590280,6553.2 -122.4532950,38.1590280,6553.2 -122.4532950,38.1590280,6553.2 -122.4532950,38.1590280,6553.2 -122.4532950,38.1590290,6553.1 -122.4532950,38.1590290,6553.1 -122.4532960,38.1590290,6553.1 -122.4532960,38.1590300,6553.1 -122.4532960,38.1590300,6553.1 -122.4532960,38.1590300,6553.1 -122.4532960,38.1590300,6553.1 -122.4532960,38.1590310,6553.1 -122.4532960,38.1590310,6553.1 -122.4532960,38.1590310,6553.1 -122.4532960,38.1590320,6553.0 -122.4532960,38.1590320,6553.0 -122.4532960,38.1590320,6553.0 -122.4532960,38.1590320,6553.0 -122.4532960,38.1590320,6553.0 -122.4532960,38.1590320,6553.0 -122.4532960,38.1590320,6553.0 -122.4532960,38.1590330,6553.0 -122.4532960,38.1590330,6553.0 -122.4532960,38.1590330,6553.0 -122.4532960,38.1590330,6552.8 -122.4532960,38.1590330,6552.8 -122.4532960,38.1590330,6552.8 -122.4532960,38.1590330,6552.8 -122.4532960,38.1590340,6552.8 -122.4532960,38.1590340,6552.8 -122.4532960,38.1590340,6552.8 -122.4532960,38.1590340,6552.8 -122.4532960,38.1590340,6552.8 -122.4532960,38.1590340,6552.8 -122.4532960,38.1590340,6552.6 -122.4532960,38.1590350,6552.6 -122.4532960,38.1590350,6552.6 -122.4532960,38.1590350,6552.6 -122.4532960,38.1590350,6552.6 -122.4532960,38.1590350,6552.6 -122.4532960,38.1590350,6552.6 -122.4532960,38.1590350,6552.6 -122.4532960,38.1590360,6552.6 -122.4532960,38.1590360,6552.6 -122.4532960,38.1590360,6552.4 -122.4532960,38.1590360,6552.4 -122.4532970,38.1590370,6552.4 -122.4532970,38.1590370,6552.4 -122.4532970,38.1590370,6552.4 -122.4532970,38.1590370,6552.4 -122.4532970,38.1590380,6552.4 -122.4532970,38.1590380,6552.4 -122.4532970,38.1590380,6552.4 -122.4532980,38.1590390,6552.4 -122.4532980,38.1590400,6552.4 -122.4532980,38.1590400,6552.4 -122.4532980,38.1590410,6552.4 -122.4532980,38.1590410,6552.4 -122.4532980,38.1590410,6552.4 -122.4532990,38.1590420,6552.4 -122.4532990,38.1590420,6552.4 -122.4532990,38.1590420,6552.4 -122.4532990,38.1590430,6552.4 -122.4532990,38.1590430,6552.4 -122.4532990,38.1590440,6552.4 -122.4532990,38.1590440,6552.4 -122.4532990,38.1590440,6552.4 -122.4532990,38.1590450,6552.4 -122.4532990,38.1590450,6552.4 -122.4533000,38.1590450,6552.4 -122.4533000,38.1590460,6552.4 -122.4533000,38.1590460,6552.4 -122.4533000,38.1590460,6552.4 -122.4533000,38.1590460,6552.4 -122.4533000,38.1590460,6552.4 -122.4533000,38.1590460,6552.4 -122.4533000,38.1590470,6552.4 -122.4533000,38.1590470,6552.4 -122.4533000,38.1590470,6552.4 -122.4533000,38.1590470,6552.4 -122.4532990,38.1590480,6552.4 -122.4532990,38.1590480,6552.4 -122.4532990,38.1590480,6552.4 -122.4532990,38.1590480,6552.4 -122.4532990,38.1590480,6552.4 -122.4532990,38.1590480,6552.4 -122.4532990,38.1590490,6552.4 -122.4532990,38.1590490,6552.4 -122.4532990,38.1590490,6552.4 -122.4532990,38.1590490,6552.4 -122.4532990,38.1590490,6552.4 -122.4532990,38.1590490,6552.4 -122.4532990,38.1590490,6552.4 -122.4532990,38.1590490,6552.4 -122.4532990,38.1590490,6552.4 -122.4532990,38.1590500,6552.4 -122.4532990,38.1590500,6552.4 -122.4532990,38.1590500,6552.4 -122.4532990,38.1590500,6552.4 -122.4532990,38.1590500,6552.4 -122.4532990,38.1590500,6552.4 -122.4532990,38.1590510,6552.4 -122.4532990,38.1590510,6552.4 -122.4532990,38.1590510,6552.4 -122.4532990,38.1590510,6552.4 -122.4532990,38.1590520,6552.4 -122.4532990,38.1590520,6552.4 -122.4532990,38.1590520,6552.4 -122.4532990,38.1590520,6552.4 -122.4532990,38.1590530,6552.4 -122.4532990,38.1590530,6552.4 -122.4532990,38.1590530,6552.4 -122.4532990,38.1590530,6552.4 -122.4532990,38.1590530,6552.4 -122.4532990,38.1590530,6552.4 -122.4532990,38.1590530,6552.4 -122.4532990,38.1590530,6552.4 -122.4532990,38.1590530,6552.4 -122.4532990,38.1590530,6552.4 -122.4532990,38.1590530,6552.4 -122.4532990,38.1590530,6552.4 -122.4532990,38.1590540,6552.4 -122.4532990,38.1590540,6552.4 -122.4532990,38.1590540,6552.4 -122.4532990,38.1590540,6552.7 -122.4532990,38.1590550,6552.7 -122.4532990,38.1590550,6552.7 -122.4532990,38.1590550,6552.7 -122.4532990,38.1590550,6552.7 -122.4532990,38.1590550,6552.7 -122.4532990,38.1590550,6552.7 -122.4532990,38.1590560,6552.7 -122.4532990,38.1590560,6552.7 -122.4532990,38.1590560,6552.7 -122.4532990,38.1590560,6552.9 -122.4532990,38.1590570,6552.9 -122.4532990,38.1590570,6552.9 -122.4532990,38.1590570,6552.9 -122.4532990,38.1590570,6552.9 -122.4532990,38.1590580,6552.9 -122.4532990,38.1590580,6552.9 -122.4532990,38.1590580,6552.9 -122.4533000,38.1590590,6552.9 -122.4533000,38.1590590,6552.9 -122.4533000,38.1590590,6553.2 -122.4533000,38.1590600,6553.2 -122.4533000,38.1590600,6553.2 -122.4533000,38.1590600,6553.2 -122.4533000,38.1590610,6553.2 -122.4533000,38.1590610,6553.2 -122.4533000,38.1590610,6553.2 -122.4533000,38.1590610,6553.2 -122.4533000,38.1590620,6553.2 -122.4533000,38.1590620,6553.2 -122.4533000,38.1590620,6553.3 -122.4533000,38.1590620,6553.3 -122.4533000,38.1590620,6553.3 -122.4533000,38.1590620,6553.3 -122.4533000,38.1590620,6553.3 -122.4533000,38.1590620,6553.3 -122.4533000,38.1590630,6553.3 -122.4533000,38.1590630,6553.3 -122.4533000,38.1590630,6553.3 -122.4533000,38.1590630,6553.3 -122.4533000,38.1590630,6553.5 -122.4533000,38.1590640,6553.5 -122.4533000,38.1590640,6553.5 -122.4533000,38.1590640,6553.5 -122.4533000,38.1590640,6553.5 -122.4533000,38.1590650,6553.5 -122.4533000,38.1590650,6553.5 -122.4533000,38.1590650,6553.5 -122.4533000,38.1590650,6553.5 -122.4533000,38.1590660,6553.5 -122.4533000,38.1590660,0.2 -122.4533000,38.1590660,0.2 -122.4533000,38.1590660,0.2 -122.4533000,38.1590660,0.2 -122.4533000,38.1590670,0.2 -122.4533000,38.1590670,0.2 -122.4533000,38.1590670,0.2 -122.4533000,38.1590670,0.2 -122.4533000,38.1590670,0.2 -122.4533000,38.1590670,0.2 -122.4533000,38.1590670,0.3 -122.4533000,38.1590660,0.3 -122.4533000,38.1590660,0.3 -122.4532990,38.1590660,0.3 -122.4532990,38.1590660,0.3 -122.4532990,38.1590660,0.3 -122.4532990,38.1590670,0.3 -122.4532990,38.1590670,0.3 -122.4532990,38.1590670,0.3 -122.4532990,38.1590660,0.3 -122.4532990,38.1590660,0.4 -122.4532990,38.1590670,0.4 -122.4532990,38.1590670,0.4 -122.4532990,38.1590670,0.4 -122.4532990,38.1590670,0.4 -122.4532990,38.1590670,0.4 -122.4532990,38.1590670,0.4 -122.4532990,38.1590670,0.4 -122.4532980,38.1590670,0.4 -122.4532980,38.1590680,0.4 -122.4532980,38.1590680,0.6 -122.4532980,38.1590680,0.6 -122.4532970,38.1590680,0.6 -122.4532970,38.1590680,0.6 -122.4532970,38.1590680,0.6 -122.4532970,38.1590680,0.6 -122.4532970,38.1590680,0.6 -122.4532960,38.1590680,0.6 -122.4532960,38.1590680,0.6 -122.4532960,38.1590680,0.6 -122.4532960,38.1590690,0.7 -122.4532960,38.1590690,0.7 -122.4532960,38.1590690,0.7 -122.4532960,38.1590690,0.7 -122.4532960,38.1590690,0.7 -122.4532960,38.1590690,0.7 -122.4532960,38.1590690,0.7 -122.4532960,38.1590690,0.7 -122.4532960,38.1590690,0.7 -122.4532960,38.1590690,0.7 -122.4532960,38.1590690,0.7 -122.4532960,38.1590690,0.7 -122.4532960,38.1590690,0.7 -122.4532960,38.1590690,0.7 -122.4532950,38.1590690,0.7 -122.4532950,38.1590690,0.7 -122.4532950,38.1590690,0.7 -122.4532950,38.1590690,0.7 -122.4532950,38.1590690,0.7 -122.4532950,38.1590690,0.7 -122.4532950,38.1590690,0.8 -122.4532950,38.1590690,0.8 -122.4532940,38.1590690,0.8 -122.4532940,38.1590690,0.8 -122.4532940,38.1590690,0.8 -122.4532940,38.1590690,0.8 -122.4532950,38.1590700,0.8 -122.4532950,38.1590700,0.8 -122.4532950,38.1590700,0.8 -122.4532950,38.1590700,0.8 -122.4532950,38.1590700,0.8 -122.4532940,38.1590700,0.8 -122.4532940,38.1590700,0.8 -122.4532940,38.1590700,0.8 -122.4532940,38.1590700,0.8 -122.4532940,38.1590700,0.8 -122.4532940,38.1590700,0.8 -122.4532940,38.1590700,0.8 -122.4532940,38.1590710,0.8 -122.4532940,38.1590710,0.8 -122.4532940,38.1590710,0.9 -122.4532940,38.1590710,0.9 -122.4532940,38.1590710,0.9 -122.4532940,38.1590710,0.9 -122.4532940,38.1590710,0.9 -122.4532940,38.1590720,0.9 -122.4532930,38.1590720,0.9 -122.4532930,38.1590720,0.9 -122.4532930,38.1590720,0.9 -122.4532930,38.1590720,0.9 -122.4532930,38.1590720,0.9 -122.4532930,38.1590720,0.9 -122.4532930,38.1590720,0.9 -122.4532930,38.1590720,0.9 -122.4532930,38.1590720,0.9 -122.4532930,38.1590720,0.9 -122.4532930,38.1590730,0.9 -122.4532930,38.1590730,0.9 -122.4532930,38.1590720,0.9 -122.4532930,38.1590730,0.9 -122.4532930,38.1590730,1.1 -122.4532930,38.1590730,1.1 -122.4532920,38.1590730,1.1 -122.4532920,38.1590730,1.1 -122.4532920,38.1590730,1.1 -122.4532920,38.1590730,1.1 -122.4532920,38.1590730,1.1 -122.4532920,38.1590740,1.1 -122.4532920,38.1590740,1.1 -122.4532920,38.1590740,1.1 -122.4532920,38.1590740,1.2 -122.4532920,38.1590740,1.2 -122.4532920,38.1590740,1.2 -122.4532920,38.1590740,1.2 -122.4532920,38.1590740,1.2 -122.4532920,38.1590740,1.2 -122.4532920,38.1590740,1.2 -122.4532920,38.1590750,1.2 -122.4532910,38.1590740,1.2 -122.4532910,38.1590740,1.2 -122.4532910,38.1590750,1.3 -122.4532910,38.1590750,1.3 -122.4532910,38.1590750,1.3 -122.4532910,38.1590750,1.3 -122.4532910,38.1590750,1.3 -122.4532910,38.1590750,1.3 -122.4532910,38.1590750,1.3 -122.4532910,38.1590750,1.3 -122.4532910,38.1590750,1.3 -122.4532910,38.1590750,1.3 -122.4532910,38.1590750,1.3 -122.4532910,38.1590750,1.3 -122.4532910,38.1590760,1.3 -122.4532910,38.1590760,1.3 -122.4532910,38.1590760,1.3 -122.4532910,38.1590760,1.3 -122.4532910,38.1590760,1.3 -122.4532910,38.1590760,1.3 -122.4532900,38.1590770,1.3 -122.4532900,38.1590770,1.3 -122.4532900,38.1590770,1.4 -122.4532900,38.1590770,1.4 -122.4532900,38.1590760,1.4 -122.4532900,38.1590770,1.4 -122.4532900,38.1590770,1.4 -122.4532900,38.1590770,1.4 -122.4532900,38.1590770,1.4 -122.4532900,38.1590770,1.4 -122.4532900,38.1590770,1.4 -122.4532890,38.1590760,1.4 -122.4532890,38.1590760,1.3 -122.4532890,38.1590760,1.3 -122.4532890,38.1590760,1.3 -122.4532890,38.1590760,1.3 -122.4532890,38.1590760,1.3 -122.4532890,38.1590760,1.3 -122.4532890,38.1590760,1.3 -122.4532890,38.1590760,1.3 -122.4532890,38.1590750,1.3 -122.4532890,38.1590750,1.3 -122.4532880,38.1590750,1.1 -122.4532880,38.1590750,1.1 -122.4532880,38.1590750,1.1 -122.4532880,38.1590750,1.1 -122.4532880,38.1590750,1.1 -122.4532880,38.1590750,1.1 -122.4532880,38.1590740,1.1 -122.4532880,38.1590750,1.1 -122.4532880,38.1590750,1.1 -122.4532880,38.1590740,1.1 -122.4532880,38.1590740,0.8 -122.4532880,38.1590740,0.8 -122.4532870,38.1590740,0.8 -122.4532870,38.1590740,0.8 -122.4532870,38.1590730,0.8 -122.4532870,38.1590730,0.8 -122.4532870,38.1590730,0.8 -122.4532870,38.1590730,0.8 -122.4532870,38.1590730,0.8 -122.4532870,38.1590730,0.8 -122.4532870,38.1590730,0.6 -122.4532870,38.1590730,0.6 -122.4532870,38.1590740,0.6 -122.4532870,38.1590740,0.6 -122.4532870,38.1590740,0.6 -122.4532870,38.1590740,0.6 -122.4532870,38.1590740,0.6 -122.4532870,38.1590740,0.6 -122.4532860,38.1590740,0.6 -122.4532860,38.1590740,0.6 -122.4532860,38.1590740,0.6 -122.4532860,38.1590740,0.6 -122.4532860,38.1590740,0.6 -122.4532860,38.1590740,0.6 -122.4532860,38.1590740,0.6 -122.4532850,38.1590740,0.6 -122.4532850,38.1590740,0.6 -122.4532850,38.1590750,0.6 -122.4532850,38.1590750,0.6 -122.4532850,38.1590750,0.6 -122.4532850,38.1590750,0.5 -122.4532850,38.1590750,0.5 -122.4532850,38.1590750,0.5 -122.4532850,38.1590750,0.5 -122.4532850,38.1590750,0.5 -122.4532850,38.1590750,0.5 -122.4532850,38.1590750,0.5 -122.4532840,38.1590750,0.5 -122.4532840,38.1590750,0.5 -122.4532840,38.1590750,0.5 -122.4532840,38.1590750,0.5 -122.4532840,38.1590750,0.5 -122.4532840,38.1590750,0.5 -122.4532840,38.1590750,0.5 -122.4532840,38.1590750,0.5 -122.4532840,38.1590750,0.5 -122.4532840,38.1590760,0.5 -122.4532840,38.1590760,0.5 -122.4532840,38.1590760,0.5 -122.4532840,38.1590750,0.5 -122.4532840,38.1590750,0.4 -122.4532840,38.1590750,0.4 -122.4532830,38.1590750,0.4 -122.4532830,38.1590750,0.4 -122.4532830,38.1590750,0.4 -122.4532830,38.1590750,0.4 -122.4532830,38.1590750,0.4 -122.4532830,38.1590750,0.4 -122.4532830,38.1590750,0.4 -122.4532830,38.1590750,0.4 -122.4532830,38.1590750,0.2 -122.4532830,38.1590750,0.2 -122.4532830,38.1590750,0.2 -122.4532830,38.1590750,0.2 -122.4532820,38.1590750,0.2 -122.4532820,38.1590740,0.2 -122.4532820,38.1590740,0.2 -122.4532820,38.1590740,0.2 -122.4532820,38.1590740,0.2 -122.4532820,38.1590740,0.2 -122.4532820,38.1590740,0.1 -122.4532820,38.1590740,0.1 -122.4532820,38.1590740,0.1 -122.4532820,38.1590740,0.1 -122.4532820,38.1590740,0.1 -122.4532820,38.1590740,0.1 -122.4532820,38.1590740,0.1 -122.4532820,38.1590740,0.1 -122.4532820,38.1590740,0.1 -122.4532820,38.1590740,0.1 -122.4532820,38.1590740,6553.5 -122.4532820,38.1590740,6553.5 -122.4532820,38.1590740,6553.5 -122.4532820,38.1590740,6553.5 -122.4532820,38.1590740,6553.5 -122.4532820,38.1590740,6553.5 -122.4532820,38.1590740,6553.5 -122.4532820,38.1590730,6553.5 -122.4532820,38.1590730,6553.5 -122.4532820,38.1590730,6553.5 -122.4532820,38.1590730,6553.2 -122.4532820,38.1590730,6553.2 -122.4532820,38.1590730,6553.2 -122.4532820,38.1590730,6553.2 -122.4532820,38.1590730,6553.2 -122.4532820,38.1590730,6553.2 -122.4532820,38.1590730,6553.2 -122.4532820,38.1590730,6553.2 -122.4532820,38.1590730,6553.2 -122.4532820,38.1590730,6553.2 -122.4532820,38.1590730,6553.1 -122.4532820,38.1590730,6553.1 -122.4532820,38.1590730,6553.1 -122.4532820,38.1590730,6553.1 -122.4532820,38.1590730,6553.1 -122.4532820,38.1590730,6553.1 -122.4532820,38.1590730,6553.1 -122.4532820,38.1590730,6553.1 -122.4532820,38.1590730,6553.1 -122.4532820,38.1590730,6553.1 -122.4532820,38.1590720,6552.9 -122.4532820,38.1590720,6552.9 -122.4532820,38.1590720,6552.9 -122.4532820,38.1590720,6552.9 -122.4532820,38.1590720,6552.9 -122.4532820,38.1590720,6552.9 -122.4532820,38.1590720,6552.9 -122.4532820,38.1590720,6552.9 -122.4532820,38.1590720,6552.9 -122.4532820,38.1590720,6552.9 -122.4532820,38.1590720,6552.8 -122.4532820,38.1590730,6552.8 -122.4532820,38.1590730,6552.8 -122.4532820,38.1590720,6552.8 -122.4532820,38.1590720,6552.8 -122.4532820,38.1590720,6552.8 -122.4532820,38.1590730,6552.8 -122.4532820,38.1590730,6552.8 -122.4532820,38.1590730,6552.8 -122.4532820,38.1590730,6552.8 -122.4532830,38.1590730,6552.8 -122.4532820,38.1590730,6552.8 -122.4532820,38.1590730,6552.8 -122.4532820,38.1590730,6552.8 -122.4532820,38.1590730,6552.8 -122.4532820,38.1590730,6552.8 -122.4532820,38.1590730,6552.8 -122.4532820,38.1590730,6552.8 -122.4532820,38.1590730,6552.8 -122.4532820,38.1590730,6552.8 -122.4532820,38.1590730,6552.8 -122.4532820,38.1590730,6552.8 -122.4532820,38.1590730,6552.8 -122.4532820,38.1590730,6552.8 -122.4532820,38.1590730,6552.8 -122.4532820,38.1590740,6552.8 -122.4532820,38.1590740,6552.8 -122.4532820,38.1590740,6552.8 -122.4532820,38.1590740,6552.8 -122.4532820,38.1590740,6552.8 -122.4532820,38.1590740,6552.8 -122.4532820,38.1590740,6552.8 -122.4532820,38.1590740,6552.8 -122.4532820,38.1590740,6552.8 -122.4532820,38.1590740,6552.8 -122.4532820,38.1590740,6552.8 -122.4532820,38.1590740,6552.8 -122.4532820,38.1590740,6552.8 -122.4532820,38.1590750,6552.8 -122.4532820,38.1590750,6552.8 -122.4532820,38.1590750,6552.7 -122.4532820,38.1590750,6552.7 -122.4532820,38.1590750,6552.7 -122.4532820,38.1590750,6552.7 -122.4532820,38.1590750,6552.7 -122.4532820,38.1590750,6552.7 -122.4532820,38.1590750,6552.7 -122.4532820,38.1590750,6552.7 -122.4532820,38.1590750,6552.7 -122.4532820,38.1590750,6552.7 -122.4532820,38.1590750,6552.7 -122.4532820,38.1590760,6552.7 -122.4532820,38.1590750,6552.7 -122.4532820,38.1590750,6552.7 -122.4532820,38.1590750,6552.7 -122.4532820,38.1590750,6552.7 -122.4532820,38.1590750,6552.7 -122.4532820,38.1590760,6552.7 -122.4532820,38.1590760,6552.7 -122.4532820,38.1590760,6552.7 -122.4532820,38.1590760,6552.7 -122.4532830,38.1590760,6552.7 -122.4532830,38.1590760,6552.7 -122.4532820,38.1590760,6552.7 -122.4532820,38.1590760,6552.7 -122.4532830,38.1590760,6552.7 -122.4532830,38.1590760,6552.7 -122.4532830,38.1590770,6552.7 -122.4532830,38.1590770,6552.7 -122.4532830,38.1590770,6552.7 -122.4532830,38.1590770,6552.6 -122.4532830,38.1590770,6552.6 -122.4532830,38.1590770,6552.6 -122.4532830,38.1590770,6552.6 -122.4532830,38.1590770,6552.6 -122.4532830,38.1590770,6552.6 -122.4532830,38.1590770,6552.6 -122.4532830,38.1590780,6552.6 -122.4532830,38.1590780,6552.6 -122.4532830,38.1590780,6552.6 -122.4532830,38.1590780,6552.5 -122.4532830,38.1590780,6552.5 -122.4532830,38.1590780,6552.5 -122.4532830,38.1590780,6552.5 -122.4532830,38.1590770,6552.5 -122.4532830,38.1590770,6552.5 -122.4532830,38.1590770,6552.5 -122.4532840,38.1590780,6552.5 -122.4532840,38.1590780,6552.5 -122.4532840,38.1590780,6552.5 -122.4532840,38.1590780,6552.5 -122.4532840,38.1590780,6552.5 -122.4532840,38.1590780,6552.5 -122.4532840,38.1590790,6552.5 -122.4532850,38.1590790,6552.5 -122.4532850,38.1590790,6552.5 -122.4532850,38.1590800,6552.5 -122.4532850,38.1590800,6552.5 -122.4532850,38.1590800,6552.5 -122.4532850,38.1590800,6552.5 -122.4532850,38.1590800,6552.6 -122.4532850,38.1590800,6552.6 -122.4532850,38.1590800,6552.6 -122.4532850,38.1590800,6552.6 -122.4532860,38.1590800,6552.6 -122.4532860,38.1590800,6552.6 -122.4532860,38.1590800,6552.6 -122.4532860,38.1590800,6552.6 -122.4532860,38.1590800,6552.6 -122.4532860,38.1590800,6552.6 -122.4532860,38.1590800,6552.5 -122.4532860,38.1590800,6552.5 -122.4532860,38.1590800,6552.5 -122.4532860,38.1590800,6552.5 -122.4532860,38.1590800,6552.5 -122.4532860,38.1590800,6552.5 -122.4532860,38.1590800,6552.5 -122.4532860,38.1590790,6552.5 -122.4532860,38.1590790,6552.5 -122.4532860,38.1590790,6552.5 -122.4532860,38.1590790,6552.5 -122.4532850,38.1590790,6552.5 -122.4532850,38.1590780,6552.5 -122.4532850,38.1590780,6552.5 -122.4532860,38.1590780,6552.5 -122.4532860,38.1590780,6552.5 -122.4532860,38.1590780,6552.5 -122.4532860,38.1590780,6552.5 -122.4532860,38.1590780,6552.5 -122.4532860,38.1590780,6552.5 -122.4532860,38.1590780,6552.3 -122.4532860,38.1590780,6552.3 -122.4532860,38.1590780,6552.3 -122.4532860,38.1590770,6552.3 -122.4532860,38.1590770,6552.3 -122.4532860,38.1590770,6552.3 -122.4532870,38.1590770,6552.3 -122.4532870,38.1590760,6552.3 -122.4532870,38.1590760,6552.3 -122.4532870,38.1590760,6552.3 -122.4532870,38.1590750,6552.0 -122.4532870,38.1590750,6552.0 -122.4532870,38.1590750,6552.0 -122.4532870,38.1590750,6552.0 -122.4532870,38.1590750,6552.0 -122.4532870,38.1590750,6552.0 -122.4532870,38.1590750,6552.0 -122.4532870,38.1590760,6552.0 -122.4532870,38.1590760,6552.0 -122.4532870,38.1590760,6552.0 -122.4532870,38.1590760,6552.0 -122.4532880,38.1590760,6552.0 -122.4532880,38.1590760,6552.0 -122.4532880,38.1590760,6552.0 -122.4532880,38.1590760,6552.0 -122.4532880,38.1590760,6552.0 -122.4532880,38.1590750,6552.0 -122.4532880,38.1590750,6552.0 -122.4532880,38.1590750,6552.0 -122.4532880,38.1590750,6552.0 -122.4532880,38.1590750,6551.7 -122.4532880,38.1590750,6551.7 -122.4532880,38.1590750,6551.7 -122.4532880,38.1590740,6551.7 -122.4532880,38.1590740,6551.7 -122.4532880,38.1590740,6551.7 -122.4532880,38.1590740,6551.7 -122.4532880,38.1590730,6551.7 -122.4532890,38.1590730,6551.7 -122.4532890,38.1590730,6551.7 -122.4532890,38.1590730,6551.4 -122.4532890,38.1590730,6551.4 -122.4532890,38.1590730,6551.4 -122.4532890,38.1590730,6551.4 -122.4532890,38.1590720,6551.4 -122.4532890,38.1590720,6551.4 -122.4532900,38.1590710,6551.4 -122.4532900,38.1590710,6551.4 -122.4532900,38.1590710,6551.4 -122.4532900,38.1590710,6551.4 -122.4532900,38.1590710,6551.1 -122.4532900,38.1590710,6551.1 -122.4532900,38.1590710,6551.1 -122.4532900,38.1590710,6551.1 -122.4532900,38.1590710,6551.1 -122.4532900,38.1590710,6551.1 -122.4532900,38.1590710,6551.1 -122.4532900,38.1590710,6551.1 -122.4532900,38.1590700,6551.1 -122.4532900,38.1590700,6551.1 -122.4532900,38.1590700,6551.0 -122.4532900,38.1590700,6551.0 -122.4532900,38.1590700,6551.0 -122.4532910,38.1590700,6551.0 -122.4532910,38.1590690,6551.0 -122.4532910,38.1590700,6551.0 -122.4532910,38.1590700,6551.0 -122.4532910,38.1590700,6551.0 -122.4532910,38.1590700,6551.0 -122.4532910,38.1590700,6551.0 -122.4532920,38.1590700,6551.0 -122.4532920,38.1590700,6551.0 -122.4532920,38.1590710,6551.0 -122.4532920,38.1590710,6551.0 -122.4532920,38.1590720,6551.0 -122.4532930,38.1590720,6551.0 -122.4532930,38.1590720,6551.0 -122.4532930,38.1590720,6551.0 -122.4532930,38.1590720,6551.0 -122.4532930,38.1590720,6551.0 -122.4532930,38.1590710,6551.0 -122.4532930,38.1590720,6551.0 -122.4532930,38.1590720,6551.0 -122.4532940,38.1590720,6551.0 -122.4532940,38.1590720,6551.0 -122.4532940,38.1590720,6551.0 -122.4532940,38.1590720,6551.0 -122.4532940,38.1590720,6551.0 -122.4532940,38.1590720,6551.0 -122.4532940,38.1590730,6551.0 -122.4532950,38.1590730,6551.0 -122.4532940,38.1590740,6551.0 -122.4532950,38.1590750,6551.0 -122.4532940,38.1590750,6551.0 -122.4532950,38.1590750,6551.0 -122.4532950,38.1590750,6551.0 -122.4532950,38.1590750,6551.0 -122.4532950,38.1590750,6551.0 -122.4532950,38.1590740,6551.0 -122.4532960,38.1590740,6551.0 -122.4532960,38.1590740,6551.2 -122.4532960,38.1590750,6551.2 -122.4532960,38.1590750,6551.2 -122.4532960,38.1590750,6551.2 -122.4532960,38.1590750,6551.2 -122.4532960,38.1590750,6551.2 -122.4532960,38.1590750,6551.2 -122.4532960,38.1590760,6551.2 -122.4532970,38.1590760,6551.2 -122.4532970,38.1590760,6551.2 -122.4532970,38.1590770,6551.3 -122.4532970,38.1590770,6551.3 -122.4532970,38.1590770,6551.3 -122.4532970,38.1590780,6551.3 -122.4532970,38.1590780,6551.3 -122.4532970,38.1590780,6551.3 -122.4532970,38.1590780,6551.3 -122.4532970,38.1590790,6551.3 -122.4532980,38.1590780,6551.3 -122.4532980,38.1590780,6551.3 -122.4532980,38.1590780,6551.4 -122.4532980,38.1590790,6551.4 -122.4532980,38.1590790,6551.4 -122.4532980,38.1590790,6551.4 -122.4532980,38.1590790,6551.4 -122.4532980,38.1590800,6551.4 -122.4532980,38.1590790,6551.4 -122.4532990,38.1590790,6551.4 -122.4532990,38.1590790,6551.4 -122.4532990,38.1590790,6551.4 -122.4532990,38.1590800,6551.5 -122.4532990,38.1590790,6551.5 -122.4533000,38.1590790,6551.5 -122.4532990,38.1590790,6551.5 -122.4533000,38.1590780,6551.5 -122.4533000,38.1590780,6551.5 -122.4533000,38.1590780,6551.5 -122.4533000,38.1590780,6551.5 -122.4533000,38.1590770,6551.5 -122.4533000,38.1590770,6551.5 -122.4533000,38.1590770,6551.1 -122.4533010,38.1590770,6551.1 -122.4533010,38.1590770,6551.1 -122.4533010,38.1590770,6551.1 -122.4533010,38.1590770,6551.1 -122.4533010,38.1590770,6551.1 -122.4533010,38.1590760,6551.1 -122.4533010,38.1590760,6551.1 -122.4533010,38.1590750,6551.1 -122.4533010,38.1590740,6551.1 -122.4533010,38.1590730,6550.5 -122.4533010,38.1590730,6550.5 -122.4533010,38.1590720,6550.5 -122.4533010,38.1590710,6550.5 -122.4533010,38.1590700,6550.5 -122.4533010,38.1590700,6550.5 -122.4533010,38.1590690,6550.5 -122.4533010,38.1590680,6550.5 -122.4533010,38.1590690,6550.5 -122.4533010,38.1590690,6550.5 -122.4533010,38.1590690,6550.1 -122.4533010,38.1590690,6550.1 -122.4533010,38.1590690,6550.1 -122.4533020,38.1590700,6550.1 -122.4533020,38.1590690,6550.1 -122.4533020,38.1590690,6550.1 -122.4533020,38.1590690,6550.1 -122.4533020,38.1590690,6550.1 -122.4533020,38.1590690,6550.1 -122.4533020,38.1590690,6550.1 -122.4533020,38.1590690,6550.0 -122.4533020,38.1590690,6550.0 -122.4533020,38.1590700,6550.0 -122.4533020,38.1590700,6550.0 -122.4533030,38.1590700,6550.0 -122.4533030,38.1590700,6550.0 -122.4533030,38.1590700,6550.0 -122.4533030,38.1590710,6550.0 -122.4533030,38.1590710,6550.0 -122.4533030,38.1590710,6550.0 -122.4533030,38.1590710,6550.1 -122.4533030,38.1590710,6550.1 -122.4533030,38.1590720,6550.1 -122.4533040,38.1590720,6550.1 -122.4533040,38.1590730,6550.1 -122.4533040,38.1590730,6550.1 -122.4533040,38.1590740,6550.1 -122.4533040,38.1590740,6550.1 -122.4533040,38.1590740,6550.1 -122.4533040,38.1590740,6550.1 -122.4533050,38.1590740,6550.2 -122.4533050,38.1590730,6550.2 -122.4533050,38.1590730,6550.2 -122.4533050,38.1590730,6550.2 -122.4533050,38.1590720,6550.2 -122.4533050,38.1590720,6550.2 -122.4533050,38.1590730,6550.2 -122.4533050,38.1590730,6550.2 -122.4533050,38.1590730,6550.2 -122.4533050,38.1590730,6550.2 -122.4533050,38.1590720,6549.9 -122.4533050,38.1590720,6549.9 -122.4533050,38.1590710,6549.9 -122.4533050,38.1590710,6549.9 -122.4533050,38.1590710,6549.9 -122.4533050,38.1590710,6549.9 -122.4533050,38.1590710,6549.9 -122.4533060,38.1590710,6549.9 -122.4533060,38.1590710,6549.9 -122.4533060,38.1590710,6549.9 -122.4533060,38.1590710,6549.6 -122.4533060,38.1590710,6549.6 -122.4533060,38.1590710,6549.6 -122.4533060,38.1590710,6549.6 -122.4533060,38.1590710,6549.6 -122.4533060,38.1590710,6549.6 -122.4533060,38.1590710,6549.6 -122.4533060,38.1590710,6549.6 -122.4533060,38.1590700,6549.6 -122.4533060,38.1590700,6549.6 -122.4533060,38.1590700,6549.4 -122.4533060,38.1590700,6549.4 -122.4533060,38.1590700,6549.4 -122.4533060,38.1590690,6549.4 -122.4533060,38.1590690,6549.4 -122.4533060,38.1590690,6549.4 -122.4533060,38.1590690,6549.4 -122.4533060,38.1590680,6549.4 -122.4533060,38.1590680,6549.4 -122.4533060,38.1590680,6549.4 -122.4533060,38.1590670,6549.2 -122.4533060,38.1590670,6549.2 -122.4533060,38.1590670,6549.2 -122.4533060,38.1590660,6549.2 -122.4533060,38.1590660,6549.2 -122.4533060,38.1590660,6549.2 -122.4533060,38.1590660,6549.2 -122.4533070,38.1590660,6549.2 -122.4533070,38.1590660,6549.2 -122.4533070,38.1590660,6549.2 -122.4533070,38.1590660,6549.0 -122.4533070,38.1590660,6549.0 -122.4533070,38.1590660,6549.0 -122.4533070,38.1590660,6549.0 -122.4533070,38.1590660,6549.0 -122.4533070,38.1590660,6549.0 -122.4533070,38.1590660,6549.0 -122.4533070,38.1590650,6549.0 -122.4533070,38.1590650,6549.0 -122.4533070,38.1590650,6549.0 -122.4533070,38.1590650,6548.9 -122.4533070,38.1590650,6548.9 -122.4533070,38.1590650,6548.9 -122.4533070,38.1590640,6548.9 -122.4533070,38.1590640,6548.9 -122.4533070,38.1590640,6548.9 -122.4533070,38.1590640,6548.9 -122.4533070,38.1590640,6548.9 -122.4533070,38.1590640,6548.9 -122.4533070,38.1590640,6548.9 -122.4533070,38.1590640,6548.8 -122.4533070,38.1590640,6548.8 -122.4533070,38.1590630,6548.8 -122.4533070,38.1590630,6548.8 -122.4533070,38.1590640,6548.8 -122.4533070,38.1590640,6548.8 -122.4533070,38.1590640,6548.8 -122.4533070,38.1590640,6548.8 -122.4533070,38.1590640,6548.8 -122.4533070,38.1590650,6548.8 -122.4533070,38.1590650,6548.8 -122.4533070,38.1590650,6548.8 -122.4533070,38.1590650,6548.8 -122.4533070,38.1590660,6548.8 -122.4533070,38.1590660,6548.8 -122.4533070,38.1590660,6548.8 -122.4533070,38.1590670,6548.8 -122.4533070,38.1590670,6548.8 -122.4533070,38.1590660,6548.8 -122.4533070,38.1590660,6548.8 -122.4533070,38.1590650,6548.9 -122.4533060,38.1590650,6548.9 -122.4533060,38.1590640,6548.9 -122.4533060,38.1590640,6548.9 -122.4533060,38.1590640,6548.9 -122.4533060,38.1590640,6548.9 -122.4533060,38.1590640,6548.9 -122.4533060,38.1590630,6548.9 -122.4533060,38.1590630,6548.9 -122.4533060,38.1590630,6548.9 -122.4533060,38.1590630,6548.6 -122.4533060,38.1590630,6548.6 -122.4533060,38.1590630,6548.6 -122.4533060,38.1590630,6548.6 -122.4533060,38.1590630,6548.6 -122.4533060,38.1590620,6548.6 -122.4533060,38.1590620,6548.6 -122.4533060,38.1590620,6548.6 -122.4533050,38.1590610,6548.6 -122.4533050,38.1590610,6548.6 -122.4533050,38.1590610,6548.5 -122.4533050,38.1590610,6548.5 -122.4533050,38.1590610,6548.5 -122.4533050,38.1590610,6548.5 -122.4533050,38.1590610,6548.5 -122.4533050,38.1590610,6548.5 -122.4533050,38.1590600,6548.5 -122.4533050,38.1590600,6548.5 -122.4533050,38.1590600,6548.5 -122.4533050,38.1590600,6548.5 -122.4533050,38.1590600,6548.5 -122.4533050,38.1590600,6548.5 -122.4533050,38.1590600,6548.5 -122.4533050,38.1590600,6548.5 -122.4533040,38.1590600,6548.5 -122.4533040,38.1590590,6548.5 -122.4533040,38.1590590,6548.5 -122.4533040,38.1590590,6548.5 -122.4533040,38.1590580,6548.5 -122.4533040,38.1590580,6548.5 -122.4533040,38.1590580,6548.3 -122.4533040,38.1590570,6548.3 -122.4533040,38.1590570,6548.3 -122.4533040,38.1590570,6548.3 -122.4533040,38.1590570,6548.3 -122.4533040,38.1590560,6548.3 -122.4533030,38.1590560,6548.3 -122.4533030,38.1590560,6548.3 -122.4533030,38.1590560,6548.3 -122.4533030,38.1590560,6548.3 -122.4533030,38.1590560,6548.1 -122.4533030,38.1590560,6548.1 -122.4533030,38.1590550,6548.1 -122.4533030,38.1590550,6548.1 -122.4533020,38.1590540,6548.1 -122.4533020,38.1590540,6548.1 -122.4533020,38.1590530,6548.1 -122.4533020,38.1590530,6548.1 -122.4533020,38.1590530,6548.1 -122.4533020,38.1590530,6548.1 -122.4533020,38.1590530,6547.8 -122.4533010,38.1590520,6547.8 -122.4533010,38.1590520,6547.8 -122.4533010,38.1590520,6547.8 -122.4533010,38.1590520,6547.8 -122.4533000,38.1590510,6547.8 -122.4533000,38.1590510,6547.8 -122.4533000,38.1590500,6547.8 -122.4533000,38.1590500,6547.8 -122.4533000,38.1590500,6547.8 -122.4533000,38.1590490,6547.4 -122.4533000,38.1590490,6547.4 -122.4533000,38.1590490,6547.4 -122.4533000,38.1590490,6547.4 -122.4533000,38.1590480,6547.4 -122.4533000,38.1590480,6547.4 -122.4533000,38.1590480,6547.4 -122.4533000,38.1590480,6547.4 -122.4533000,38.1590480,6547.4 -122.4533000,38.1590470,6547.4 -122.4533000,38.1590480,6547.1 -122.4533000,38.1590470,6547.1 -122.4533000,38.1590470,6547.1 -122.4533000,38.1590470,6547.1 -122.4533000,38.1590470,6547.1 -122.4533000,38.1590460,6547.1 -122.4533000,38.1590460,6547.1 -122.4533000,38.1590460,6547.1 -122.4533000,38.1590460,6547.1 -122.4533000,38.1590460,6547.1 -122.4533000,38.1590460,6546.9 -122.4533000,38.1590450,6546.9 -122.4533000,38.1590450,6546.9 -122.4533000,38.1590450,6546.9 -122.4533000,38.1590440,6546.9 -122.4533000,38.1590440,6546.9 -122.4533000,38.1590440,6546.9 -122.4533000,38.1590430,6546.9 -122.4533000,38.1590430,6546.9 -122.4533000,38.1590430,6546.9 -122.4533000,38.1590430,6546.5 -122.4533000,38.1590420,6546.5 -122.4533000,38.1590420,6546.5 -122.4533000,38.1590410,6546.5 -122.4533000,38.1590410,6546.5 -122.4533000,38.1590410,6546.5 -122.4533000,38.1590410,6546.5 -122.4532990,38.1590400,6546.5 -122.4532990,38.1590400,6546.5 -122.4532990,38.1590390,6546.5 -122.4532990,38.1590390,6545.8 -122.4532990,38.1590380,6545.8 -122.4532990,38.1590380,6545.8 -122.4532980,38.1590380,6545.8 -122.4532990,38.1590370,6545.8 -122.4532980,38.1590370,6545.8 -122.4532980,38.1590370,6545.8 -122.4532980,38.1590360,6545.8 -122.4532980,38.1590360,6545.8 -122.4532980,38.1590360,6545.8 -122.4532980,38.1590360,6545.5 -122.4532980,38.1590360,6545.5 -122.4532970,38.1590370,6545.5 -122.4532970,38.1590360,6545.5 -122.4532970,38.1590360,6545.5 -122.4532970,38.1590360,6545.5 -122.4532970,38.1590360,6545.5 -122.4532970,38.1590360,6545.5 -122.4532960,38.1590360,6545.5 -122.4532960,38.1590360,6545.5 -122.4532960,38.1590360,6545.5 -122.4532960,38.1590360,6545.5 -122.4532960,38.1590360,6545.5 -122.4532960,38.1590360,6545.5 -122.4532960,38.1590360,6545.5 -122.4532950,38.1590360,6545.5 -122.4532950,38.1590360,6545.5 -122.4532950,38.1590350,6545.5 -122.4532950,38.1590350,6545.5 -122.4532950,38.1590350,6545.5 -122.4532950,38.1590350,6545.3 -122.4532950,38.1590350,6545.3 -122.4532950,38.1590350,6545.3 -122.4532950,38.1590340,6545.3 -122.4532940,38.1590340,6545.3 -122.4532940,38.1590340,6545.3 -122.4532940,38.1590330,6545.3 -122.4532940,38.1590330,6545.3 -122.4532930,38.1590330,6545.3 -122.4532930,38.1590330,6545.3 -122.4532930,38.1590330,6545.1 -122.4532930,38.1590330,6545.1 -122.4532930,38.1590330,6545.1 -122.4532930,38.1590330,6545.1 -122.4532930,38.1590320,6545.1 -122.4532930,38.1590320,6545.1 -122.4532920,38.1590320,6545.1 -122.4532920,38.1590320,6545.1 -122.4532920,38.1590320,6545.1 -122.4532920,38.1590320,6545.1 -122.4532920,38.1590320,6545.1 -122.4532920,38.1590320,6545.1 -122.4532910,38.1590320,6545.1 -122.4532910,38.1590320,6545.1 -122.4532910,38.1590320,6545.1 -122.4532910,38.1590320,6545.1 -122.4532910,38.1590310,6545.1 -122.4532900,38.1590310,6545.1 -122.4532900,38.1590310,6545.1 -122.4532900,38.1590310,6545.1 -122.4532900,38.1590310,6545.0 -122.4532900,38.1590310,6545.0 -122.4532900,38.1590310,6545.0 -122.4532890,38.1590310,6545.0 -122.4532890,38.1590310,6545.0 -122.4532890,38.1590310,6545.0 -122.4532890,38.1590310,6545.0 -122.4532880,38.1590300,6545.0 -122.4532880,38.1590300,6545.0 -122.4532880,38.1590300,6545.0 -122.4532880,38.1590300,6544.9 -122.4532880,38.1590300,6544.9 -122.4532880,38.1590300,6544.9 -122.4532870,38.1590300,6544.9 -122.4532870,38.1590300,6544.9 -122.4532870,38.1590300,6544.9 -122.4532870,38.1590290,6544.9 -122.4532870,38.1590300,6544.9 -122.4532870,38.1590290,6544.9 -122.4532870,38.1590290,6544.9 -122.4532870,38.1590290,6544.8 -122.4532860,38.1590290,6544.8 -122.4532860,38.1590290,6544.8 -122.4532860,38.1590290,6544.8 -122.4532860,38.1590290,6544.8 -122.4532860,38.1590290,6544.8 -122.4532860,38.1590290,6544.8 -122.4532860,38.1590290,6544.8 -122.4532860,38.1590290,6544.8 -122.4532850,38.1590290,6544.8 -122.4532850,38.1590290,6544.7 -122.4532850,38.1590290,6544.7 -122.4532850,38.1590290,6544.7 -122.4532850,38.1590280,6544.7 -122.4532850,38.1590280,6544.7 -122.4532850,38.1590280,6544.7 -122.4532850,38.1590280,6544.7 -122.4532850,38.1590280,6544.7 -122.4532850,38.1590280,6544.7 -122.4532850,38.1590280,6544.7 -122.4532850,38.1590280,6544.6 -122.4532850,38.1590280,6544.6 -122.4532850,38.1590280,6544.6 -122.4532840,38.1590280,6544.6 -122.4532840,38.1590280,6544.6 -122.4532840,38.1590270,6544.6 -122.4532840,38.1590270,6544.6 -122.4532840,38.1590270,6544.6 -122.4532840,38.1590270,6544.6 -122.4532840,38.1590270,6544.6 -122.4532840,38.1590270,6544.4 -122.4532840,38.1590260,6544.4 -122.4532840,38.1590260,6544.4 -122.4532830,38.1590260,6544.4 -122.4532830,38.1590260,6544.4 -122.4532830,38.1590260,6544.4 -122.4532830,38.1590260,6544.4 -122.4532830,38.1590260,6544.4 -122.4532820,38.1590260,6544.4 -122.4532820,38.1590250,6544.4 -122.4532820,38.1590260,6544.3 -122.4532820,38.1590260,6544.3 -122.4532820,38.1590250,6544.3 -122.4532820,38.1590250,6544.3 -122.4532820,38.1590250,6544.3 -122.4532820,38.1590250,6544.3 -122.4532820,38.1590250,6544.3 -122.4532820,38.1590250,6544.3 -122.4532820,38.1590250,6544.3 -122.4532820,38.1590250,6544.3 -122.4532810,38.1590250,6544.2 -122.4532810,38.1590250,6544.2 -122.4532810,38.1590250,6544.2 -122.4532810,38.1590240,6544.2 -122.4532810,38.1590240,6544.2 -122.4532810,38.1590240,6544.2 -122.4532810,38.1590240,6544.2 -122.4532810,38.1590240,6544.2 -122.4532800,38.1590240,6544.2 -122.4532800,38.1590240,6544.2 -122.4532800,38.1590240,6543.9 -122.4532800,38.1590230,6543.9 -122.4532800,38.1590230,6543.9 -122.4532800,38.1590230,6543.9 -122.4532800,38.1590230,6543.9 -122.4532800,38.1590230,6543.9 -122.4532790,38.1590230,6543.9 -122.4532790,38.1590230,6543.9 -122.4532790,38.1590230,6543.9 -122.4532790,38.1590230,6543.9 -122.4532790,38.1590220,6543.8 -122.4532790,38.1590220,6543.8 -122.4532790,38.1590220,6543.8 -122.4532790,38.1590220,6543.8 -122.4532790,38.1590220,6543.8 -122.4532790,38.1590220,6543.8 -122.4532790,38.1590220,6543.8 -122.4532780,38.1590220,6543.8 -122.4532780,38.1590220,6543.8 -122.4532780,38.1590220,6543.8 -122.4532780,38.1590220,6543.7 -122.4532780,38.1590220,6543.7 -122.4532780,38.1590220,6543.7 -122.4532780,38.1590220,6543.7 -122.4532780,38.1590220,6543.7 -122.4532780,38.1590220,6543.7 -122.4532780,38.1590220,6543.7 -122.4532780,38.1590220,6543.7 -122.4532780,38.1590210,6543.7 -122.4532770,38.1590210,6543.7 -122.4532770,38.1590210,6543.5 -122.4532770,38.1590210,6543.5 -122.4532770,38.1590210,6543.5 -122.4532770,38.1590210,6543.5 -122.4532770,38.1590210,6543.5 -122.4532770,38.1590210,6543.5 -122.4532770,38.1590210,6543.5 -122.4532770,38.1590210,6543.5 -122.4532770,38.1590210,6543.5 -122.4532760,38.1590210,6543.5 -122.4532760,38.1590210,6543.4 -122.4532760,38.1590210,6543.4 -122.4532760,38.1590210,6543.4 -122.4532760,38.1590200,6543.4 -122.4532760,38.1590200,6543.4 -122.4532760,38.1590200,6543.4 -122.4532760,38.1590200,6543.4 -122.4532760,38.1590200,6543.4 -122.4532750,38.1590200,6543.4 -122.4532750,38.1590200,6543.4 -122.4532750,38.1590200,6543.4 -122.4532750,38.1590200,6543.4 -122.4532750,38.1590200,6543.4 -122.4532750,38.1590200,6543.4 -122.4532750,38.1590200,6543.4 -122.4532750,38.1590190,6543.4 -122.4532750,38.1590200,6543.4 -122.4532750,38.1590200,6543.4 -122.4532740,38.1590200,6543.4 -122.4532740,38.1590200,6543.4 -122.4532740,38.1590200,6543.4 -122.4532740,38.1590200,6543.4 -122.4532740,38.1590200,6543.4 -122.4532740,38.1590200,6543.4 -122.4532740,38.1590200,6543.4 -122.4532740,38.1590200,6543.4 -122.4532740,38.1590210,6543.4 -122.4532740,38.1590210,6543.4 -122.4532740,38.1590210,6543.4 -122.4532740,38.1590210,6543.4 -122.4532740,38.1590210,6543.6 -122.4532730,38.1590210,6543.6 -122.4532730,38.1590200,6543.6 -122.4532730,38.1590200,6543.6 -122.4532730,38.1590200,6543.6 -122.4532730,38.1590200,6543.6 -122.4532730,38.1590200,6543.6 -122.4532730,38.1590200,6543.6 -122.4532730,38.1590200,6543.6 -122.4532730,38.1590200,6543.6 -122.4532730,38.1590200,6543.7 -122.4532730,38.1590200,6543.7 -122.4532730,38.1590200,6543.7 -122.4532730,38.1590200,6543.7 -122.4532730,38.1590200,6543.7 -122.4532730,38.1590200,6543.7 -122.4532730,38.1590200,6543.7 -122.4532730,38.1590200,6543.7 -122.4532720,38.1590200,6543.7 -122.4532720,38.1590200,6543.7 -122.4532720,38.1590200,6543.7 -122.4532720,38.1590200,6543.7 -122.4532720,38.1590200,6543.7 -122.4532720,38.1590200,6543.7 -122.4532710,38.1590200,6543.7 -122.4532710,38.1590210,6543.7 -122.4532710,38.1590210,6543.7 -122.4532710,38.1590210,6543.7 -122.4532710,38.1590210,6543.7 -122.4532710,38.1590210,6543.7 -122.4532710,38.1590210,6543.9 -122.4532710,38.1590210,6543.9 -122.4532710,38.1590210,6543.9 -122.4532710,38.1590210,6543.9 -122.4532710,38.1590220,6543.9 -122.4532710,38.1590220,6543.9 -122.4532710,38.1590220,6543.9 -122.4532710,38.1590220,6543.9 -122.4532700,38.1590220,6543.9 -122.4532700,38.1590220,6543.9 -122.4532700,38.1590220,6544.2 -122.4532700,38.1590220,6544.2 -122.4532700,38.1590220,6544.2 -122.4532700,38.1590230,6544.2 -122.4532700,38.1590230,6544.2 -122.4532700,38.1590230,6544.2 -122.4532700,38.1590230,6544.2 -122.4532690,38.1590230,6544.2 -122.4532690,38.1590230,6544.2 -122.4532690,38.1590230,6544.2 -122.4532690,38.1590230,6544.5 -122.4532690,38.1590230,6544.5 -122.4532690,38.1590230,6544.5 -122.4532690,38.1590240,6544.5 -122.4532690,38.1590240,6544.5 -122.4532690,38.1590240,6544.5 -122.4532680,38.1590240,6544.5 -122.4532680,38.1590230,6544.5 -122.4532680,38.1590230,6544.5 -122.4532680,38.1590230,6544.5 -122.4532680,38.1590230,6544.8 -122.4532680,38.1590230,6544.8 -122.4532680,38.1590240,6544.8 -122.4532680,38.1590240,6544.8 -122.4532680,38.1590240,6544.8 -122.4532680,38.1590240,6544.8 -122.4532680,38.1590240,6544.8 -122.4532680,38.1590240,6544.8 -122.4532680,38.1590240,6544.8 -122.4532670,38.1590240,6544.8 -122.4532670,38.1590240,6545.0 -122.4532670,38.1590240,6545.0 -122.4532670,38.1590240,6545.0 -122.4532670,38.1590250,6545.0 -122.4532670,38.1590250,6545.0 -122.4532670,38.1590250,6545.0 -122.4532670,38.1590250,6545.0 -122.4532670,38.1590250,6545.0 -122.4532670,38.1590250,6545.0 -122.4532670,38.1590260,6545.0 -122.4532670,38.1590260,6545.3 -122.4532670,38.1590260,6545.3 -122.4532670,38.1590270,6545.3 -122.4532680,38.1590280,6545.3 -122.4532680,38.1590290,6545.3 -122.4532680,38.1590300,6545.3 -122.4532680,38.1590300,6545.3 -122.4532690,38.1590310,6545.3 -122.4532690,38.1590310,6545.3 -122.4532690,38.1590310,6545.3 -122.4532690,38.1590310,6545.5 -122.4532690,38.1590310,6545.5 -122.4532690,38.1590310,6545.5 -122.4532690,38.1590310,6545.5 -122.4532690,38.1590310,6545.5 -122.4532690,38.1590310,6545.5 -122.4532690,38.1590310,6545.5 -122.4532690,38.1590310,6545.5 -122.4532690,38.1590310,6545.5 -122.4532690,38.1590310,6545.5 -122.4532690,38.1590310,6545.7 -122.4532690,38.1590310,6545.7 -122.4532690,38.1590310,6545.7 -122.4532680,38.1590310,6545.7 -122.4532680,38.1590310,6545.7 -122.4532680,38.1590310,6545.7 -122.4532680,38.1590310,6545.7 -122.4532680,38.1590310,6545.7 -122.4532680,38.1590310,6545.7 -122.4532680,38.1590310,6545.7 -122.4532680,38.1590310,6545.7 -122.4532680,38.1590310,6545.7 -122.4532680,38.1590310,6545.7 -122.4532680,38.1590310,6545.7 -122.4532680,38.1590310,6545.7 -122.4532680,38.1590310,6545.7 -122.4532680,38.1590310,6545.7 -122.4532680,38.1590310,6545.7 -122.4532680,38.1590310,6545.7 -122.4532680,38.1590310,6545.7 -122.4532680,38.1590310,6545.8 -122.4532680,38.1590300,6545.8 -122.4532680,38.1590300,6545.8 -122.4532680,38.1590300,6545.8 -122.4532680,38.1590300,6545.8 -122.4532680,38.1590300,6545.8 -122.4532680,38.1590300,6545.8 -122.4532680,38.1590310,6545.8 -122.4532680,38.1590310,6545.8 -122.4532680,38.1590310,6545.8 -122.4532680,38.1590310,6545.8 -122.4532680,38.1590310,6545.8 -122.4532680,38.1590300,6545.8 -122.4532680,38.1590310,6545.8 -122.4532680,38.1590310,6545.8 -122.4532680,38.1590310,6545.8 -122.4532680,38.1590310,6545.8 -122.4532680,38.1590310,6545.8 -122.4532690,38.1590310,6545.8 -122.4532690,38.1590320,6545.8 -122.4532690,38.1590320,6545.9 -122.4532690,38.1590320,6545.9 -122.4532690,38.1590320,6545.9 -122.4532690,38.1590320,6545.9 -122.4532690,38.1590320,6545.9 -122.4532690,38.1590320,6545.9 -122.4532700,38.1590320,6545.9 -122.4532700,38.1590320,6545.9 -122.4532690,38.1590320,6545.9 -122.4532700,38.1590320,6545.9 -122.4532700,38.1590320,6546.1 -122.4532700,38.1590320,6546.1 -122.4532700,38.1590320,6546.1 -122.4532700,38.1590320,6546.1 -122.4532700,38.1590320,6546.1 -122.4532700,38.1590320,6546.1 -122.4532700,38.1590320,6546.1 -122.4532700,38.1590320,6546.1 -122.4532700,38.1590320,6546.1 -122.4532700,38.1590320,6546.1 -122.4532700,38.1590320,6546.1 -122.4532700,38.1590320,6546.1 -122.4532700,38.1590320,6546.1 -122.4532700,38.1590320,6546.1 -122.4532700,38.1590320,6546.1 -122.4532700,38.1590320,6546.1 -122.4532700,38.1590330,6546.1 -122.4532700,38.1590330,6546.1 -122.4532700,38.1590330,6546.1 -122.4532700,38.1590330,6546.1 -122.4532700,38.1590330,6546.3 -122.4532700,38.1590320,6546.3 -122.4532700,38.1590320,6546.3 -122.4532700,38.1590320,6546.3 -122.4532700,38.1590320,6546.3 -122.4532700,38.1590320,6546.3 -122.4532700,38.1590330,6546.3 -122.4532710,38.1590330,6546.3 -122.4532710,38.1590330,6546.3 -122.4532710,38.1590330,6546.3 -122.4532710,38.1590330,6546.3 -122.4532710,38.1590330,6546.3 -122.4532710,38.1590330,6546.3 -122.4532710,38.1590330,6546.3 -122.4532710,38.1590330,6546.3 -122.4532710,38.1590330,6546.3 -122.4532710,38.1590330,6546.3 -122.4532710,38.1590330,6546.3 -122.4532710,38.1590330,6546.3 -122.4532710,38.1590330,6546.3 -122.4532710,38.1590330,6546.5 -122.4532710,38.1590330,6546.5 -122.4532710,38.1590330,6546.5 -122.4532710,38.1590340,6546.5 -122.4532710,38.1590340,6546.5 -122.4532720,38.1590340,6546.5 -122.4532720,38.1590340,6546.5 -122.4532720,38.1590340,6546.5 -122.4532720,38.1590340,6546.5 -122.4532720,38.1590340,6546.5 -122.4532720,38.1590340,6546.6 -122.4532720,38.1590340,6546.6 -122.4532730,38.1590340,6546.6 -122.4532730,38.1590340,6546.6 -122.4532730,38.1590340,6546.6 -122.4532730,38.1590340,6546.6 -122.4532730,38.1590340,6546.6 -122.4532730,38.1590340,6546.6 -122.4532740,38.1590350,6546.6 -122.4532740,38.1590350,6546.6 -122.4532740,38.1590350,6546.8 -122.4532740,38.1590350,6546.8 -122.4532750,38.1590350,6546.8 -122.4532750,38.1590350,6546.8 -122.4532760,38.1590350,6546.8 -122.4532760,38.1590360,6546.8 -122.4532770,38.1590360,6546.8 -122.4532770,38.1590370,6546.8 -122.4532770,38.1590370,6546.8 -122.4532770,38.1590370,6546.8 -122.4532780,38.1590370,6547.2 -122.4532770,38.1590370,6547.2 -122.4532770,38.1590370,6547.2 -122.4532770,38.1590370,6547.2 -122.4532770,38.1590370,6547.2 -122.4532770,38.1590370,6547.2 -122.4532770,38.1590370,6547.2 -122.4532770,38.1590370,6547.2 -122.4532770,38.1590370,6547.2 -122.4532770,38.1590370,6547.2 -122.4532770,38.1590370,6547.3 -122.4532760,38.1590380,6547.3 -122.4532770,38.1590380,6547.3 -122.4532770,38.1590380,6547.3 -122.4532780,38.1590380,6547.3 -122.4532780,38.1590380,6547.3 -122.4532780,38.1590380,6547.3 -122.4532780,38.1590380,6547.3 -122.4532780,38.1590390,6547.3 -122.4532780,38.1590390,6547.3 -122.4532780,38.1590390,6547.6 -122.4532780,38.1590390,6547.6 -122.4532780,38.1590390,6547.6 -122.4532780,38.1590390,6547.6 -122.4532790,38.1590390,6547.6 -122.4532790,38.1590390,6547.6 -122.4532790,38.1590390,6547.6 -122.4532790,38.1590390,6547.6 -122.4532800,38.1590400,6547.6 -122.4532800,38.1590400,6547.6 -122.4532800,38.1590400,6547.9 -122.4532800,38.1590400,6547.9 -122.4532800,38.1590400,6547.9 -122.4532800,38.1590400,6547.9 -122.4532800,38.1590400,6547.9 -122.4532800,38.1590400,6547.9 -122.4532800,38.1590400,6547.9 -122.4532810,38.1590400,6547.9 -122.4532810,38.1590400,6547.9 -122.4532810,38.1590400,6547.9 -122.4532810,38.1590400,6548.1 -122.4532810,38.1590400,6548.1 -122.4532810,38.1590400,6548.1 -122.4532810,38.1590400,6548.1 -122.4532810,38.1590400,6548.1 -122.4532810,38.1590400,6548.1 -122.4532810,38.1590400,6548.1 -122.4532810,38.1590400,6548.1 -122.4532810,38.1590400,6548.1 -122.4532810,38.1590400,6548.1 -122.4532810,38.1590400,6548.3 -122.4532810,38.1590400,6548.3 -122.4532800,38.1590400,6548.3 -122.4532800,38.1590400,6548.3 -122.4532800,38.1590400,6548.3 -122.4532800,38.1590400,6548.3 -122.4532800,38.1590400,6548.3 -122.4532800,38.1590400,6548.3 -122.4532800,38.1590390,6548.3 -122.4532790,38.1590390,6548.3 -122.4532790,38.1590390,6548.4 -122.4532780,38.1590390,6548.4 -122.4532780,38.1590380,6548.4 -122.4532780,38.1590380,6548.4 -122.4532780,38.1590390,6548.4 -122.4532780,38.1590390,6548.4 -122.4532800,38.1590400,6548.4 -122.4532800,38.1590400,6548.4 -122.4532810,38.1590400,6548.4 -122.4532810,38.1590410,6548.4 -122.4532810,38.1590410,6548.6 -122.4532810,38.1590400,6548.6 -122.4532810,38.1590400,6548.6 -122.4532820,38.1590400,6548.6 -122.4532820,38.1590400,6548.6 -122.4532820,38.1590400,6548.6 -122.4532820,38.1590410,6548.6 -122.4532820,38.1590400,6548.6 -122.4532820,38.1590400,6548.6 -122.4532820,38.1590400,6548.6 -122.4532820,38.1590410,6548.8 -122.4532830,38.1590400,6548.8 -122.4532830,38.1590400,6548.8 -122.4532830,38.1590400,6548.8 -122.4532830,38.1590400,6548.8 -122.4532830,38.1590400,6548.8 -122.4532830,38.1590400,6548.8 -122.4532820,38.1590400,6548.8 -122.4532830,38.1590400,6548.8 -122.4532830,38.1590400,6548.8 -122.4532830,38.1590400,6548.8 -122.4532830,38.1590400,6548.8 -122.4532830,38.1590400,6548.8 -122.4532830,38.1590400,6548.8 -122.4532830,38.1590400,6548.8 -122.4532830,38.1590400,6548.8 -122.4532830,38.1590400,6548.8 -122.4532830,38.1590400,6548.8 -122.4532830,38.1590400,6548.8 -122.4532820,38.1590400,6548.8 -122.4532820,38.1590400,6548.9 -122.4532830,38.1590400,6548.9 -122.4532830,38.1590410,6548.9 -122.4532840,38.1590410,6548.9 -122.4532850,38.1590420,6548.9 -122.4532860,38.1590430,6548.9 -122.4532860,38.1590440,6548.9 -122.4532860,38.1590440,6548.9 -122.4532860,38.1590440,6548.9 -122.4532860,38.1590440,6548.9 -122.4532860,38.1590440,6549.3 -122.4532860,38.1590440,6549.3 -122.4532860,38.1590440,6549.3 -122.4532860,38.1590440,6549.3 -122.4532860,38.1590440,6549.3 -122.4532860,38.1590440,6549.3 -122.4532860,38.1590440,6549.3 -122.4532860,38.1590440,6549.3 -122.4532860,38.1590440,6549.3 -122.4532860,38.1590430,6549.3 -122.4532850,38.1590430,6549.4 -122.4532850,38.1590430,6549.4 -122.4532850,38.1590430,6549.4 -122.4532850,38.1590420,6549.4 -122.4532850,38.1590420,6549.4 -122.4532850,38.1590420,6549.4 -122.4532850,38.1590420,6549.4 -122.4532850,38.1590420,6549.4 -122.4532850,38.1590420,6549.4 -122.4532850,38.1590420,6549.4 -122.4532850,38.1590420,6549.4 -122.4532850,38.1590420,6549.4 -122.4532850,38.1590420,6549.4 -122.4532850,38.1590410,6549.4 -122.4532850,38.1590410,6549.4 -122.4532850,38.1590410,6549.4 -122.4532840,38.1590410,6549.4 -122.4532850,38.1590410,6549.4 -122.4532850,38.1590420,6549.4 -122.4532850,38.1590420,6549.4 -122.4532850,38.1590420,6549.5 -122.4532850,38.1590420,6549.5 -122.4532850,38.1590420,6549.5 -122.4532840,38.1590420,6549.5 -122.4532840,38.1590410,6549.5 -122.4532840,38.1590410,6549.5 -122.4532840,38.1590410,6549.5 -122.4532840,38.1590410,6549.5 -122.4532840,38.1590410,6549.5 -122.4532840,38.1590410,6549.5 -122.4532840,38.1590410,6549.5 -122.4532840,38.1590410,6549.5 -122.4532840,38.1590410,6549.5 -122.4532830,38.1590410,6549.5 -122.4532830,38.1590410,6549.5 -122.4532830,38.1590410,6549.5 -122.4532830,38.1590410,6549.5 -122.4532830,38.1590410,6549.5 -122.4532830,38.1590410,6549.5 -122.4532830,38.1590410,6549.5 -122.4532830,38.1590410,6549.5 -122.4532820,38.1590410,6549.5 -122.4532820,38.1590410,6549.5 -122.4532820,38.1590410,6549.5 -122.4532820,38.1590410,6549.5 -122.4532820,38.1590410,6549.5 -122.4532820,38.1590410,6549.5 -122.4532820,38.1590410,6549.5 -122.4532820,38.1590410,6549.5 -122.4532820,38.1590410,6549.5 -122.4532810,38.1590410,6549.5 -122.4532820,38.1590410,6549.5 -122.4532820,38.1590410,6549.5 -122.4532820,38.1590410,6549.5 -122.4532820,38.1590420,6549.5 -122.4532820,38.1590420,6549.5 -122.4532820,38.1590420,6549.5 -122.4532820,38.1590420,6549.5 -122.4532810,38.1590420,6549.5 -122.4532810,38.1590420,6549.5 -122.4532820,38.1590420,6549.7 -122.4532820,38.1590420,6549.7 -122.4532810,38.1590420,6549.7 -122.4532810,38.1590420,6549.7 -122.4532810,38.1590420,6549.7 -122.4532810,38.1590420,6549.7 -122.4532810,38.1590420,6549.7 -122.4532810,38.1590420,6549.7 -122.4532800,38.1590420,6549.7 -122.4532800,38.1590420,6549.7 -122.4532810,38.1590420,6549.8 -122.4532800,38.1590420,6549.8 -122.4532810,38.1590420,6549.8 -122.4532810,38.1590420,6549.8 -122.4532810,38.1590420,6549.8 -122.4532810,38.1590420,6549.8 -122.4532810,38.1590420,6549.8 -122.4532810,38.1590420,6549.8 -122.4532820,38.1590420,6549.8 -122.4532820,38.1590420,6549.8 -122.4532820,38.1590420,6549.9 -122.4532820,38.1590420,6549.9 -122.4532820,38.1590420,6549.9 -122.4532820,38.1590420,6549.9 -122.4532830,38.1590420,6549.9 -122.4532830,38.1590420,6549.9 -122.4532830,38.1590420,6549.9 -122.4532830,38.1590420,6549.9 -122.4532830,38.1590420,6549.9 -122.4532840,38.1590420,6549.9 -122.4532840,38.1590420,6550.0 -122.4532840,38.1590420,6550.0 -122.4532840,38.1590420,6550.0 -122.4532840,38.1590420,6550.0 -122.4532840,38.1590420,6550.0 -122.4532840,38.1590420,6550.0 -122.4532840,38.1590420,6550.0 -122.4532840,38.1590420,6550.0 -122.4532840,38.1590420,6550.0 -122.4532840,38.1590420,6550.0 -122.4532840,38.1590410,6550.1 -122.4532840,38.1590410,6550.1 -122.4532840,38.1590410,6550.1 -122.4532840,38.1590410,6550.1 -122.4532850,38.1590410,6550.1 -122.4532850,38.1590410,6550.1 -122.4532860,38.1590410,6550.1 -122.4532860,38.1590410,6550.1 -122.4532870,38.1590410,6550.1 -122.4532870,38.1590410,6550.1 -122.4532870,38.1590410,6550.2 -122.4532870,38.1590410,6550.2 -122.4532870,38.1590410,6550.2 -122.4532870,38.1590410,6550.2 -122.4532880,38.1590410,6550.2 -122.4532880,38.1590410,6550.2 -122.4532880,38.1590410,6550.2 -122.4532880,38.1590410,6550.2 -122.4532880,38.1590410,6550.2 -122.4532870,38.1590410,6550.2 -122.4532860,38.1590410,6550.3 -122.4532870,38.1590410,6550.3 -122.4532870,38.1590410,6550.3 -122.4532870,38.1590410,6550.3 -122.4532870,38.1590410,6550.3 -122.4532880,38.1590410,6550.3 -122.4532870,38.1590410,6550.3 -122.4532870,38.1590410,6550.3 -122.4532870,38.1590410,6550.3 -122.4532860,38.1590410,6550.3 -122.4532860,38.1590400,6550.3 -122.4532870,38.1590400,6550.3 -122.4532870,38.1590410,6550.3 -122.4532880,38.1590410,6550.3 -122.4532880,38.1590410,6550.3 -122.4532880,38.1590410,6550.3 -122.4532880,38.1590410,6550.3 -122.4532880,38.1590410,6550.3 -122.4532870,38.1590410,6550.3 -122.4532870,38.1590410,6550.3 -122.4532870,38.1590400,6550.4 -122.4532870,38.1590400,6550.4 -122.4532870,38.1590400,6550.4 -122.4532870,38.1590400,6550.4 -122.4532870,38.1590400,6550.4 -122.4532870,38.1590400,6550.4 -122.4532870,38.1590400,6550.4 -122.4532870,38.1590400,6550.4 -122.4532870,38.1590400,6550.4 -122.4532880,38.1590400,6550.4 -122.4532880,38.1590400,6550.6 -122.4532880,38.1590410,6550.6 -122.4532890,38.1590410,6550.6 -122.4532890,38.1590410,6550.6 -122.4532890,38.1590410,6550.6 -122.4532890,38.1590410,6550.6 -122.4532890,38.1590410,6550.6 -122.4532890,38.1590410,6550.6 -122.4532900,38.1590410,6550.6 -122.4532900,38.1590410,6550.6 -122.4532910,38.1590410,6550.7 -122.4532910,38.1590410,6550.7 -122.4532910,38.1590410,6550.7 -122.4532910,38.1590410,6550.7 -122.4532920,38.1590410,6550.7 -122.4532920,38.1590420,6550.7 -122.4532920,38.1590420,6550.7 -122.4532920,38.1590420,6550.7 -122.4532920,38.1590420,6550.7 -122.4532920,38.1590420,6550.7 -122.4532920,38.1590420,6550.9 -122.4532920,38.1590420,6550.9 -122.4532930,38.1590420,6550.9 -122.4532940,38.1590420,6550.9 -122.4532950,38.1590420,6550.9 -122.4532960,38.1590420,6550.9 -122.4532960,38.1590420,6550.9 -122.4532970,38.1590420,6550.9 -122.4532970,38.1590430,6550.9 -122.4532970,38.1590430,6550.9 -122.4532970,38.1590420,6551.2 -122.4532970,38.1590430,6551.2 -122.4532980,38.1590430,6551.2 -122.4532980,38.1590430,6551.2 -122.4532980,38.1590430,6551.2 -122.4532990,38.1590430,6551.2 -122.4532990,38.1590440,6551.2 -122.4533000,38.1590440,6551.2 -122.4533000,38.1590440,6551.2 -122.4533010,38.1590440,6551.2 -122.4533000,38.1590440,6551.5 -122.4533000,38.1590440,6551.5 -122.4533000,38.1590440,6551.5 -122.4533000,38.1590440,6551.5 -122.4533000,38.1590440,6551.5 -122.4533000,38.1590440,6551.5 -122.4533000,38.1590440,6551.5 -122.4533000,38.1590440,6551.5 -122.4533010,38.1590440,6551.5 -122.4533010,38.1590440,6551.5 -122.4533020,38.1590440,6551.7 -122.4533020,38.1590440,6551.7 -122.4533020,38.1590440,6551.7 -122.4533030,38.1590440,6551.7 -122.4533030,38.1590440,6551.7 -122.4533030,38.1590440,6551.7 -122.4533030,38.1590440,6551.7 -122.4533040,38.1590450,6551.7 -122.4533050,38.1590450,6551.7 -122.4533050,38.1590450,6551.7 -122.4533050,38.1590450,6552.1 -122.4533060,38.1590450,6552.1 -122.4533060,38.1590450,6552.1 -122.4533060,38.1590450,6552.1 -122.4533050,38.1590450,6552.1 -122.4533050,38.1590450,6552.1 -122.4533050,38.1590450,6552.1 -122.4533040,38.1590450,6552.1 -122.4533040,38.1590440,6552.1 -122.4533030,38.1590440,6552.1 -122.4533030,38.1590440,6552.1 -122.4533040,38.1590440,6552.1 -122.4533050,38.1590450,6552.1 -122.4533050,38.1590440,6552.1 -122.4533050,38.1590440,6552.1 -122.4533050,38.1590450,6552.1 -122.4533050,38.1590450,6552.1 -122.4533050,38.1590450,6552.1 -122.4533050,38.1590450,6552.1 -122.4533060,38.1590450,6552.1 -122.4533070,38.1590450,6552.5 -122.4533070,38.1590450,6552.5 -122.4533060,38.1590450,6552.5 -122.4533060,38.1590450,6552.5 -122.4533060,38.1590450,6552.5 -122.4533050,38.1590450,6552.5 -122.4533050,38.1590450,6552.5 -122.4533040,38.1590450,6552.5 -122.4533040,38.1590450,6552.5 -122.4533040,38.1590450,6552.5 -122.4533030,38.1590450,6552.7 -122.4533030,38.1590450,6552.7 -122.4533030,38.1590450,6552.7 -122.4533030,38.1590450,6552.7 -122.4533030,38.1590450,6552.7 -122.4533030,38.1590450,6552.7 -122.4533030,38.1590450,6552.7 -122.4533030,38.1590450,6552.7 -122.4533030,38.1590450,6552.7 -122.4533040,38.1590450,6552.7 -122.4533040,38.1590460,6553.0 -122.4533040,38.1590450,6553.0 -122.4533050,38.1590460,6553.0 -122.4533050,38.1590460,6553.0 -122.4533050,38.1590460,6553.0 -122.4533050,38.1590460,6553.0 -122.4533050,38.1590460,6553.0 -122.4533050,38.1590460,6553.0 -122.4533050,38.1590460,6553.0 -122.4533050,38.1590460,6553.0 -122.4533050,38.1590460,6553.4 -122.4533050,38.1590460,6553.4 -122.4533050,38.1590460,6553.4 -122.4533050,38.1590460,6553.4 -122.4533050,38.1590460,6553.4 -122.4533050,38.1590460,6553.4 -122.4533050,38.1590460,6553.4 -122.4533050,38.1590450,6553.4 -122.4533050,38.1590450,6553.4 -122.4533050,38.1590450,6553.4 -122.4533060,38.1590450,0.0 -122.4533050,38.1590450,0.0 -122.4533050,38.1590450,0.0 -122.4533050,38.1590450,0.0 -122.4533050,38.1590450,0.0 -122.4533050,38.1590450,0.0 -122.4533050,38.1590440,0.0 -122.4533050,38.1590440,0.0 -122.4533050,38.1590440,0.0 -122.4533050,38.1590450,0.0 -122.4533050,38.1590440,0.2 -122.4533060,38.1590440,0.2 -122.4533060,38.1590440,0.2 -122.4533060,38.1590440,0.2 -122.4533070,38.1590450,0.2 -122.4533070,38.1590450,0.2 -122.4533080,38.1590450,0.2 -122.4533080,38.1590450,0.2 -122.4533080,38.1590450,0.2 -122.4533080,38.1590450,0.2 -122.4533080,38.1590450,0.5 -122.4533080,38.1590450,0.5 -122.4533090,38.1590450,0.5 -122.4533090,38.1590450,0.5 -122.4533100,38.1590450,0.5 -122.4533100,38.1590450,0.5 -122.4533100,38.1590450,0.5 -122.4533110,38.1590460,0.5 -122.4533110,38.1590460,0.5 -122.4533120,38.1590460,0.5 -122.4533120,38.1590460,0.9 -122.4533120,38.1590460,0.9 -122.4533120,38.1590460,0.9 -122.4533130,38.1590460,0.9 -122.4533140,38.1590470,0.9 -122.4533140,38.1590470,0.9 -122.4533150,38.1590470,0.9 -122.4533150,38.1590470,0.9 -122.4533160,38.1590470,0.9 -122.4533160,38.1590470,0.9 -122.4533160,38.1590470,1.2 -122.4533150,38.1590470,1.2 -122.4533150,38.1590470,1.2 -122.4533150,38.1590460,1.2 -122.4533140,38.1590460,1.2 -122.4533140,38.1590460,1.2 -122.4533140,38.1590460,1.2 -122.4533140,38.1590460,1.2 -122.4533140,38.1590460,1.2 -122.4533150,38.1590470,1.2 -122.4533160,38.1590470,1.1 -122.4533170,38.1590470,1.1 -122.4533170,38.1590470,1.1 -122.4533170,38.1590470,1.1 -122.4533170,38.1590470,1.1 -122.4533170,38.1590470,1.1 -122.4533180,38.1590470,1.1 -122.4533180,38.1590470,1.1 -122.4533180,38.1590470,1.1 -122.4533190,38.1590470,1.1 -122.4533190,38.1590470,1.3 -122.4533200,38.1590470,1.3 -122.4533200,38.1590470,1.3 -122.4533200,38.1590470,1.3 -122.4533210,38.1590470,1.3 -122.4533210,38.1590470,1.3 -122.4533210,38.1590470,1.3 -122.4533220,38.1590470,1.3 -122.4533220,38.1590470,1.3 -122.4533230,38.1590470,1.3 -122.4533230,38.1590480,1.6 -122.4533230,38.1590470,1.6 -122.4533230,38.1590480,1.6 -122.4533240,38.1590480,1.6 -122.4533240,38.1590470,1.6 -122.4533240,38.1590480,1.6 -122.4533240,38.1590480,1.6 -122.4533240,38.1590470,1.6 -122.4533240,38.1590470,1.6 -122.4533240,38.1590470,1.6 -122.4533230,38.1590470,1.7 -122.4533230,38.1590470,1.7 -122.4533230,38.1590470,1.7 -122.4533230,38.1590470,1.7 -122.4533230,38.1590470,1.7 -122.4533230,38.1590470,1.7 -122.4533230,38.1590470,1.7 -122.4533240,38.1590470,1.7 -122.4533240,38.1590470,1.7 -122.4533240,38.1590460,1.7 -122.4533240,38.1590470,1.7 -122.4533240,38.1590470,1.7 -122.4533240,38.1590460,1.7 -122.4533240,38.1590470,1.7 -122.4533240,38.1590470,1.7 -122.4533250,38.1590470,1.7 -122.4533250,38.1590470,1.7 -122.4533250,38.1590460,1.7 -122.4533250,38.1590460,1.7 -122.4533250,38.1590460,1.7 -122.4533250,38.1590460,1.8 -122.4533250,38.1590460,1.8 -122.4533250,38.1590460,1.8 -122.4533250,38.1590460,1.8 -122.4533250,38.1590460,1.8 -122.4533250,38.1590460,1.8 -122.4533260,38.1590460,1.8 -122.4533260,38.1590460,1.8 -122.4533260,38.1590460,1.8 -122.4533250,38.1590460,1.8 -122.4533250,38.1590460,1.7 -122.4533250,38.1590460,1.7 -122.4533250,38.1590460,1.7 -122.4533260,38.1590460,1.7 -122.4533260,38.1590470,1.7 -122.4533260,38.1590470,1.7 -122.4533260,38.1590470,1.7 -122.4533260,38.1590470,1.7 -122.4533260,38.1590470,1.7 -122.4533260,38.1590470,1.7 -122.4533260,38.1590470,1.8 -122.4533260,38.1590470,1.8 -122.4533260,38.1590470,1.8 -122.4533260,38.1590470,1.8 -122.4533260,38.1590470,1.8 -122.4533270,38.1590470,1.8 -122.4533270,38.1590470,1.8 -122.4533270,38.1590480,1.8 -122.4533280,38.1590480,1.8 -122.4533280,38.1590480,1.8 -122.4533280,38.1590480,1.9 -122.4533280,38.1590480,1.9 -122.4533290,38.1590480,1.9 -122.4533290,38.1590480,1.9 -122.4533290,38.1590480,1.9 -122.4533290,38.1590480,1.9 -122.4533290,38.1590480,1.9 -122.4533290,38.1590480,1.9 -122.4533290,38.1590480,1.9 -122.4533290,38.1590480,1.9 -122.4533290,38.1590480,1.9 -122.4533290,38.1590480,1.9 -122.4533300,38.1590480,1.9 -122.4533300,38.1590490,1.9 -122.4533300,38.1590490,1.9 -122.4533300,38.1590490,1.9 -122.4533300,38.1590490,1.9 -122.4533300,38.1590490,1.9 -122.4533300,38.1590490,1.9 -122.4533310,38.1590490,1.9 -122.4533310,38.1590490,2.0 -122.4533310,38.1590490,2.0 -122.4533310,38.1590490,2.0 -122.4533310,38.1590500,2.0 -122.4533310,38.1590500,2.0 -122.4533310,38.1590500,2.0 -122.4533310,38.1590500,2.0 -122.4533310,38.1590500,2.0 -122.4533320,38.1590500,2.0 -122.4533320,38.1590500,2.0 -122.4533320,38.1590500,2.0 -122.4533320,38.1590510,2.0 -122.4533330,38.1590510,2.0 -122.4533330,38.1590510,2.0 -122.4533330,38.1590510,2.0 -122.4533330,38.1590510,2.0 -122.4533340,38.1590510,2.0 -122.4533340,38.1590510,2.0 -122.4533340,38.1590510,2.0 -122.4533340,38.1590510,2.0 -122.4533330,38.1590510,1.9 -122.4533340,38.1590510,1.9 -122.4533340,38.1590510,1.9 -122.4533340,38.1590510,1.9 -122.4533340,38.1590520,1.9 -122.4533340,38.1590510,1.9 -122.4533340,38.1590520,1.9 -122.4533350,38.1590520,1.9 -122.4533350,38.1590520,1.9 -122.4533350,38.1590520,1.9 -122.4533350,38.1590520,1.8 -122.4533350,38.1590520,1.8 -122.4533360,38.1590530,1.8 -122.4533360,38.1590530,1.8 -122.4533360,38.1590530,1.8 -122.4533360,38.1590530,1.8 -122.4533360,38.1590530,1.8 -122.4533360,38.1590530,1.8 -122.4533360,38.1590530,1.8 -122.4533360,38.1590530,1.8 -122.4533360,38.1590530,1.7 -122.4533360,38.1590530,1.7 -122.4533370,38.1590530,1.7 -122.4533370,38.1590530,1.7 -122.4533370,38.1590530,1.7 -122.4533370,38.1590530,1.7 -122.4533370,38.1590530,1.7 -122.4533370,38.1590530,1.7 -122.4533370,38.1590530,1.7 -122.4533370,38.1590530,1.7 -122.4533370,38.1590530,1.5 -122.4533370,38.1590520,1.5 -122.4533370,38.1590520,1.5 -122.4533370,38.1590530,1.5 -122.4533370,38.1590530,1.5 -122.4533370,38.1590530,1.5 -122.4533370,38.1590530,1.5 -122.4533370,38.1590520,1.5 -122.4533370,38.1590530,1.5 -122.4533360,38.1590520,1.5 -122.4533360,38.1590520,1.2 -122.4533360,38.1590530,1.2 -122.4533360,38.1590530,1.2 -122.4533360,38.1590520,1.2 -122.4533360,38.1590530,1.2 -122.4533360,38.1590520,1.2 -122.4533360,38.1590530,1.2 -122.4533360,38.1590530,1.2 -122.4533360,38.1590530,1.2 -122.4533360,38.1590530,1.2 -122.4533360,38.1590530,1.0 -122.4533360,38.1590530,1.0 -122.4533360,38.1590520,1.0 -122.4533360,38.1590530,1.0 -122.4533360,38.1590520,1.0 -122.4533360,38.1590530,1.0 -122.4533360,38.1590530,1.0 -122.4533360,38.1590530,1.0 -122.4533360,38.1590530,1.0 -122.4533360,38.1590530,1.0 -122.4533360,38.1590530,0.8 -122.4533360,38.1590530,0.8 -122.4533360,38.1590530,0.8 -122.4533350,38.1590530,0.8 -122.4533350,38.1590530,0.8 -122.4533350,38.1590530,0.8 -122.4533350,38.1590530,0.8 -122.4533350,38.1590530,0.8 -122.4533350,38.1590530,0.8 -122.4533350,38.1590530,0.8 -122.4533350,38.1590530,0.6 -122.4533350,38.1590530,0.6 -122.4533350,38.1590540,0.6 -122.4533350,38.1590540,0.6 -122.4533350,38.1590540,0.6 -122.4533350,38.1590540,0.6 -122.4533350,38.1590540,0.6 -122.4533350,38.1590540,0.6 -122.4533350,38.1590540,0.6 -122.4533350,38.1590540,0.6 -122.4533350,38.1590540,0.4 -122.4533350,38.1590540,0.4 -122.4533350,38.1590540,0.4 -122.4533350,38.1590540,0.4 -122.4533350,38.1590540,0.4 -122.4533340,38.1590540,0.4 -122.4533340,38.1590540,0.4 -122.4533340,38.1590540,0.4 -122.4533340,38.1590540,0.4 -122.4533340,38.1590540,0.4 -122.4533340,38.1590540,0.2 -122.4533340,38.1590540,0.2 -122.4533340,38.1590540,0.2 -122.4533340,38.1590540,0.2 -122.4533340,38.1590550,0.2 -122.4533340,38.1590550,0.2 -122.4533340,38.1590550,0.2 -122.4533340,38.1590550,0.2 -122.4533340,38.1590550,0.2 -122.4533340,38.1590550,0.2 -122.4533340,38.1590550,0.0 -122.4533340,38.1590550,0.0 -122.4533340,38.1590560,0.0 -122.4533340,38.1590560,0.0 -122.4533340,38.1590560,0.0 -122.4533340,38.1590560,0.0 -122.4533340,38.1590560,0.0 -122.4533340,38.1590560,0.0 -122.4533340,38.1590560,0.0 -122.4533350,38.1590570,0.0 -122.4533350,38.1590570,6553.4 -122.4533350,38.1590570,6553.4 -122.4533350,38.1590570,6553.4 -122.4533350,38.1590570,6553.4 -122.4533340,38.1590570,6553.4 -122.4533350,38.1590570,6553.4 -122.4533350,38.1590570,6553.4 -122.4533350,38.1590570,6553.4 -122.4533350,38.1590570,6553.4 -122.4533340,38.1590570,6553.4 -122.4533340,38.1590570,6553.3 -122.4533340,38.1590570,6553.3 -122.4533340,38.1590570,6553.3 -122.4533340,38.1590570,6553.3 -122.4533340,38.1590570,6553.3 -122.4533340,38.1590570,6553.3 -122.4533340,38.1590570,6553.3 -122.4533340,38.1590570,6553.3 -122.4533340,38.1590570,6553.3 -122.4533340,38.1590570,6553.3 -122.4533340,38.1590580,6553.3 -122.4533340,38.1590580,6553.3 -122.4533340,38.1590580,6553.3 -122.4533340,38.1590580,6553.3 -122.4533340,38.1590580,6553.3 -122.4533340,38.1590580,6553.3 -122.4533340,38.1590580,6553.3 -122.4533340,38.1590580,6553.3 -122.4533350,38.1590580,6553.3 -122.4533350,38.1590590,6553.3 -122.4533350,38.1590590,6553.2 -122.4533350,38.1590590,6553.2 -122.4533350,38.1590590,6553.2 -122.4533350,38.1590590,6553.2 -122.4533350,38.1590590,6553.2 -122.4533350,38.1590590,6553.2 -122.4533350,38.1590590,6553.2 -122.4533360,38.1590590,6553.2 -122.4533360,38.1590590,6553.2 -122.4533360,38.1590590,6553.2 -122.4533360,38.1590590,6553.1 -122.4533360,38.1590590,6553.1 -122.4533360,38.1590590,6553.1 -122.4533360,38.1590590,6553.1 -122.4533360,38.1590590,6553.1 -122.4533360,38.1590590,6553.1 -122.4533360,38.1590590,6553.1 -122.4533360,38.1590590,6553.1 -122.4533360,38.1590590,6553.1 -122.4533360,38.1590590,6553.1 -122.4533360,38.1590590,6552.9 -122.4533360,38.1590590,6552.9 -122.4533360,38.1590590,6552.9 -122.4533360,38.1590590,6552.9 -122.4533360,38.1590590,6552.9 -122.4533350,38.1590590,6552.9 -122.4533350,38.1590590,6552.9 -122.4533350,38.1590590,6552.9 -122.4533350,38.1590590,6552.9 -122.4533350,38.1590590,6552.9 -122.4533350,38.1590590,6552.8 -122.4533360,38.1590590,6552.8 -122.4533360,38.1590590,6552.8 -122.4533360,38.1590590,6552.8 -122.4533360,38.1590590,6552.8 -122.4533360,38.1590590,6552.8 -122.4533360,38.1590590,6552.8 -122.4533360,38.1590590,6552.8 -122.4533360,38.1590590,6552.8 -122.4533360,38.1590590,6552.8 -122.4533360,38.1590590,6552.6 -122.4533360,38.1590590,6552.6 -122.4533350,38.1590590,6552.6 -122.4533350,38.1590590,6552.6 -122.4533360,38.1590590,6552.6 -122.4533360,38.1590590,6552.6 -122.4533360,38.1590590,6552.6 -122.4533360,38.1590590,6552.6 -122.4533360,38.1590590,6552.6 -122.4533360,38.1590590,6552.6 -122.4533360,38.1590590,6552.6 -122.4533360,38.1590590,6552.6 -122.4533360,38.1590590,6552.6 -122.4533360,38.1590590,6552.6 -122.4533360,38.1590590,6552.6 -122.4533370,38.1590590,6552.6 -122.4533370,38.1590590,6552.6 -122.4533370,38.1590590,6552.6 -122.4533370,38.1590590,6552.6 -122.4533370,38.1590590,6552.6 -122.4533370,38.1590590,6552.5 -122.4533370,38.1590590,6552.5 -122.4533370,38.1590590,6552.5 -122.4533370,38.1590590,6552.5 -122.4533370,38.1590590,6552.5 -122.4533370,38.1590590,6552.5 -122.4533370,38.1590590,6552.5 -122.4533370,38.1590590,6552.5 -122.4533370,38.1590590,6552.5 -122.4533370,38.1590590,6552.5 -122.4533370,38.1590590,6552.5 -122.4533380,38.1590590,6552.5 -122.4533380,38.1590590,6552.5 -122.4533380,38.1590590,6552.5 -122.4533380,38.1590590,6552.5 -122.4533380,38.1590590,6552.5 -122.4533380,38.1590590,6552.5 -122.4533380,38.1590590,6552.5 -122.4533380,38.1590590,6552.5 -122.4533380,38.1590590,6552.5 -122.4533380,38.1590590,6552.5 -122.4533380,38.1590590,6552.5 -122.4533380,38.1590590,6552.5 -122.4533380,38.1590590,6552.5 -122.4533390,38.1590590,6552.5 -122.4533390,38.1590590,6552.5 -122.4533390,38.1590590,6552.5 -122.4533390,38.1590590,6552.5 -122.4533390,38.1590590,6552.5 -122.4533390,38.1590590,6552.5 -122.4533390,38.1590590,6552.3 -122.4533390,38.1590590,6552.3 -122.4533390,38.1590590,6552.3 -122.4533390,38.1590590,6552.3 -122.4533390,38.1590590,6552.3 -122.4533390,38.1590590,6552.3 -122.4533390,38.1590590,6552.3 -122.4533390,38.1590590,6552.3 -122.4533390,38.1590590,6552.3 -122.4533390,38.1590590,6552.3 -122.4533390,38.1590600,6552.2 -122.4533400,38.1590600,6552.2 -122.4533400,38.1590600,6552.2 -122.4533400,38.1590600,6552.2 -122.4533400,38.1590600,6552.2 -122.4533400,38.1590600,6552.2 -122.4533400,38.1590600,6552.2 -122.4533400,38.1590600,6552.2 -122.4533400,38.1590600,6552.2 -122.4533400,38.1590600,6552.2 -122.4533400,38.1590600,6552.3 -122.4533400,38.1590600,6552.3 -122.4533400,38.1590600,6552.3 -122.4533400,38.1590600,6552.3 -122.4533400,38.1590600,6552.3 -122.4533400,38.1590610,6552.3 -122.4533410,38.1590610,6552.3 -122.4533410,38.1590610,6552.3 -122.4533410,38.1590610,6552.3 -122.4533410,38.1590610,6552.3 -122.4533410,38.1590610,6552.4 -122.4533410,38.1590610,6552.4 -122.4533410,38.1590620,6552.4 -122.4533410,38.1590620,6552.4 -122.4533410,38.1590620,6552.4 -122.4533410,38.1590620,6552.4 -122.4533410,38.1590620,6552.4 -122.4533410,38.1590620,6552.4 -122.4533410,38.1590620,6552.4 -122.4533410,38.1590620,6552.4 -122.4533410,38.1590620,6552.6 -122.4533410,38.1590620,6552.6 -122.4533410,38.1590620,6552.6 -122.4533400,38.1590620,6552.6 -122.4533400,38.1590620,6552.6 -122.4533400,38.1590620,6552.6 -122.4533400,38.1590620,6552.6 -122.4533400,38.1590620,6552.6 -122.4533400,38.1590620,6552.6 -122.4533400,38.1590630,6552.6 -122.4533400,38.1590630,6552.7 -122.4533400,38.1590630,6552.7 -122.4533400,38.1590630,6552.7 -122.4533400,38.1590630,6552.7 -122.4533400,38.1590630,6552.7 -122.4533400,38.1590630,6552.7 -122.4533390,38.1590630,6552.7 -122.4533390,38.1590630,6552.7 -122.4533390,38.1590630,6552.7 -122.4533390,38.1590630,6552.7 -122.4533390,38.1590630,6552.8 -122.4533390,38.1590630,6552.8 -122.4533390,38.1590630,6552.8 -122.4533390,38.1590630,6552.8 -122.4533390,38.1590630,6552.8 -122.4533390,38.1590630,6552.8 -122.4533380,38.1590630,6552.8 -122.4533380,38.1590630,6552.8 -122.4533380,38.1590630,6552.8 -122.4533380,38.1590630,6552.8 -122.4533380,38.1590630,6552.8 -122.4533380,38.1590630,6552.8 -122.4533380,38.1590630,6552.8 -122.4533380,38.1590630,6552.8 -122.4533380,38.1590630,6552.8 -122.4533380,38.1590630,6552.8 -122.4533380,38.1590630,6552.8 -122.4533380,38.1590630,6552.8 -122.4533380,38.1590630,6552.8 -122.4533380,38.1590630,6552.8 -122.4533380,38.1590630,6552.8 -122.4533380,38.1590630,6552.8 -122.4533380,38.1590630,6552.8 -122.4533380,38.1590630,6552.8 -122.4533380,38.1590630,6552.8 -122.4533380,38.1590620,6552.8 -122.4533370,38.1590620,6552.8 -122.4533380,38.1590620,6552.8 -122.4533380,38.1590630,6552.8 -122.4533370,38.1590620,6552.8 -122.4533370,38.1590620,6553.0 -122.4533370,38.1590620,6553.0 -122.4533370,38.1590620,6553.0 -122.4533370,38.1590620,6553.0 -122.4533370,38.1590620,6553.0 -122.4533370,38.1590620,6553.0 -122.4533370,38.1590620,6553.0 -122.4533380,38.1590620,6553.0 -122.4533380,38.1590630,6553.0 -122.4533380,38.1590630,6553.0 -122.4533380,38.1590630,6553.0 -122.4533380,38.1590630,6553.0 -122.4533380,38.1590630,6553.0 -122.4533380,38.1590630,6553.0 -122.4533380,38.1590630,6553.0 -122.4533380,38.1590630,6553.0 -122.4533380,38.1590640,6553.0 -122.4533380,38.1590640,6553.0 -122.4533380,38.1590640,6553.0 -122.4533380,38.1590640,6553.0 -122.4533380,38.1590640,6553.2 -122.4533380,38.1590640,6553.2 -122.4533380,38.1590640,6553.2 -122.4533380,38.1590640,6553.2 -122.4533380,38.1590640,6553.2 -122.4533380,38.1590640,6553.2 -122.4533380,38.1590640,6553.2 -122.4533380,38.1590640,6553.2 -122.4533380,38.1590640,6553.2 -122.4533380,38.1590640,6553.2 -122.4533380,38.1590640,6553.2 -122.4533380,38.1590640,6553.2 -122.4533380,38.1590630,6553.2 -122.4533380,38.1590630,6553.2 -122.4533380,38.1590640,6553.2 -122.4533380,38.1590640,6553.2 -122.4533380,38.1590640,6553.2 -122.4533380,38.1590640,6553.2 -122.4533380,38.1590640,6553.2 -122.4533380,38.1590640,6553.2 -122.4533380,38.1590640,6553.5 -122.4533380,38.1590640,6553.5 -122.4533380,38.1590640,6553.5 -122.4533380,38.1590640,6553.5 -122.4533380,38.1590640,6553.5 -122.4533380,38.1590640,6553.5 -122.4533370,38.1590640,6553.5 -122.4533370,38.1590640,6553.5 -122.4533370,38.1590640,6553.5 -122.4533370,38.1590630,6553.5 -122.4533370,38.1590630,6553.4 -122.4533370,38.1590630,6553.4 -122.4533370,38.1590630,6553.4 -122.4533370,38.1590630,6553.4 -122.4533370,38.1590630,6553.4 -122.4533370,38.1590630,6553.4 -122.4533370,38.1590640,6553.4 -122.4533370,38.1590630,6553.4 -122.4533370,38.1590640,6553.4 -122.4533370,38.1590630,6553.4 -122.4533370,38.1590640,6553.5 -122.4533370,38.1590640,6553.5 -122.4533370,38.1590640,6553.5 -122.4533370,38.1590640,6553.5 -122.4533370,38.1590640,6553.5 -122.4533370,38.1590640,6553.5 -122.4533370,38.1590640,6553.5 -122.4533370,38.1590640,6553.5 -122.4533370,38.1590640,6553.5 -122.4533370,38.1590640,6553.5 -122.4533360,38.1590640,6553.5 -122.4533360,38.1590640,6553.5 -122.4533360,38.1590640,6553.5 -122.4533360,38.1590640,6553.5 -122.4533360,38.1590640,6553.5 -122.4533360,38.1590650,6553.5 -122.4533360,38.1590650,6553.5 -122.4533360,38.1590650,6553.5 -122.4533360,38.1590650,6553.5 -122.4533360,38.1590650,6553.5 -122.4533360,38.1590650,6553.5 -122.4533360,38.1590650,6553.5 -122.4533370,38.1590650,6553.5 -122.4533360,38.1590650,6553.5 -122.4533370,38.1590650,6553.5 -122.4533370,38.1590650,6553.5 -122.4533370,38.1590650,6553.5 -122.4533370,38.1590660,6553.5 -122.4533360,38.1590650,6553.5 -122.4533360,38.1590650,6553.5 -122.4533360,38.1590650,6553.4 -122.4533360,38.1590650,6553.4 -122.4533360,38.1590660,6553.4 -122.4533360,38.1590660,6553.4 -122.4533360,38.1590660,6553.4 -122.4533360,38.1590660,6553.4 -122.4533360,38.1590660,6553.4 -122.4533360,38.1590660,6553.4 -122.4533360,38.1590660,6553.4 -122.4533360,38.1590660,6553.4 -122.4533360,38.1590660,6553.3 -122.4533370,38.1590660,6553.3 -122.4533370,38.1590660,6553.3 -122.4533370,38.1590660,6553.3 -122.4533370,38.1590660,6553.3 -122.4533370,38.1590670,6553.3 -122.4533370,38.1590670,6553.3 -122.4533370,38.1590670,6553.3 -122.4533370,38.1590670,6553.3 -122.4533370,38.1590670,6553.3 -122.4533370,38.1590670,6553.3 -122.4533370,38.1590670,6553.3 -122.4533370,38.1590670,6553.3 -122.4533370,38.1590670,6553.3 -122.4533370,38.1590670,6553.3 -122.4533370,38.1590670,6553.3 -122.4533370,38.1590670,6553.3 -122.4533370,38.1590670,6553.3 -122.4533370,38.1590670,6553.3 -122.4533370,38.1590670,6553.3 -122.4533370,38.1590680,6553.2 -122.4533370,38.1590680,6553.2 -122.4533370,38.1590680,6553.2 -122.4533370,38.1590680,6553.2 -122.4533370,38.1590680,6553.2 -122.4533370,38.1590680,6553.2 -122.4533370,38.1590690,6553.2 -122.4533370,38.1590690,6553.2 -122.4533370,38.1590690,6553.2 -122.4533370,38.1590690,6553.2 -122.4533370,38.1590690,6553.2 -122.4533360,38.1590690,6553.2 -122.4533360,38.1590690,6553.2 -122.4533360,38.1590690,6553.2 -122.4533360,38.1590700,6553.2 -122.4533360,38.1590700,6553.2 -122.4533360,38.1590700,6553.2 -122.4533360,38.1590700,6553.2 -122.4533360,38.1590700,6553.2 -122.4533360,38.1590700,6553.2 -122.4533360,38.1590700,6553.2 -122.4533360,38.1590700,6553.2 -122.4533360,38.1590710,6553.2 -122.4533360,38.1590710,6553.2 -122.4533360,38.1590710,6553.2 -122.4533360,38.1590710,6553.2 -122.4533350,38.1590710,6553.2 -122.4533360,38.1590710,6553.2 -122.4533350,38.1590710,6553.2 -122.4533350,38.1590710,6553.2 -122.4533350,38.1590710,6553.2 -122.4533350,38.1590710,6553.2 -122.4533360,38.1590720,6553.2 -122.4533350,38.1590720,6553.2 -122.4533350,38.1590720,6553.2 -122.4533350,38.1590720,6553.2 -122.4533350,38.1590720,6553.2 -122.4533350,38.1590720,6553.2 -122.4533350,38.1590720,6553.2 -122.4533350,38.1590720,6553.2 -122.4533350,38.1590720,6553.2 -122.4533350,38.1590720,6553.2 -122.4533350,38.1590720,6553.2 -122.4533350,38.1590720,6553.2 -122.4533350,38.1590730,6553.2 -122.4533350,38.1590730,6553.2 -122.4533350,38.1590730,6553.2 -122.4533350,38.1590730,6553.2 -122.4533350,38.1590730,6553.2 -122.4533350,38.1590730,6553.2 -122.4533350,38.1590730,6553.2 -122.4533350,38.1590730,6553.2 -122.4533350,38.1590730,6553.2 -122.4533350,38.1590730,6553.2 -122.4533350,38.1590730,6553.2 -122.4533350,38.1590740,6553.2 -122.4533350,38.1590740,6553.2 -122.4533350,38.1590740,6553.2 -122.4533350,38.1590740,6553.2 -122.4533350,38.1590740,6553.2 -122.4533350,38.1590740,6553.2 -122.4533350,38.1590740,6553.2 -122.4533350,38.1590740,6553.2 -122.4533350,38.1590740,6553.2 -122.4533350,38.1590740,6553.2 -122.4533350,38.1590740,6553.2 -122.4533350,38.1590750,6553.2 -122.4533350,38.1590750,6553.2 -122.4533350,38.1590750,6553.2 -122.4533340,38.1590750,6553.2 -122.4533340,38.1590750,6553.3 -122.4533340,38.1590750,6553.3 -122.4533340,38.1590750,6553.3 -122.4533340,38.1590750,6553.3 -122.4533340,38.1590750,6553.3 -122.4533340,38.1590760,6553.3 -122.4533340,38.1590760,6553.3 -122.4533340,38.1590760,6553.3 -122.4533340,38.1590760,6553.3 -122.4533340,38.1590760,6553.3 -122.4533340,38.1590760,6553.4 -122.4533340,38.1590760,6553.4 -122.4533340,38.1590760,6553.4 -122.4533340,38.1590770,6553.4 -122.4533340,38.1590770,6553.4 -122.4533340,38.1590770,6553.4 -122.4533340,38.1590770,6553.4 -122.4533330,38.1590770,6553.4 -122.4533330,38.1590770,6553.4 -122.4533330,38.1590770,6553.4 -122.4533330,38.1590770,6553.4 -122.4533330,38.1590770,6553.4 -122.4533330,38.1590770,6553.4 -122.4533330,38.1590770,6553.4 -122.4533320,38.1590770,6553.4 -122.4533320,38.1590770,6553.4 -122.4533320,38.1590770,6553.4 -122.4533320,38.1590770,6553.4 -122.4533320,38.1590780,6553.4 -122.4533320,38.1590780,6553.4 -122.4533320,38.1590780,6553.4 -122.4533320,38.1590780,6553.4 -122.4533320,38.1590780,6553.4 -122.4533320,38.1590790,6553.4 -122.4533320,38.1590790,6553.4 -122.4533320,38.1590790,6553.4 -122.4533320,38.1590790,6553.4 -122.4533320,38.1590790,6553.4 -122.4533320,38.1590790,6553.4 -122.4533320,38.1590790,6553.4 -122.4533320,38.1590800,6553.5 -122.4533320,38.1590800,6553.5 -122.4533320,38.1590790,6553.5 -122.4533320,38.1590800,6553.5 -122.4533320,38.1590800,6553.5 -122.4533320,38.1590790,6553.5 -122.4533320,38.1590800,6553.5 -122.4533320,38.1590790,6553.5 -122.4533320,38.1590790,6553.5 -122.4533310,38.1590790,6553.5 -122.4533310,38.1590790,6553.4 -122.4533310,38.1590790,6553.4 -122.4533310,38.1590790,6553.4 -122.4533310,38.1590790,6553.4 -122.4533300,38.1590790,6553.4 -122.4533300,38.1590790,6553.4 -122.4533300,38.1590790,6553.4 -122.4533300,38.1590790,6553.4 -122.4533300,38.1590790,6553.4 -122.4533300,38.1590790,6553.4 -122.4533300,38.1590790,6553.4 -122.4533290,38.1590790,6553.4 -122.4533290,38.1590790,6553.4 -122.4533290,38.1590790,6553.4 -122.4533290,38.1590790,6553.4 -122.4533290,38.1590790,6553.4 -122.4533290,38.1590790,6553.4 -122.4533290,38.1590800,6553.4 -122.4533290,38.1590800,6553.4 -122.4533290,38.1590800,6553.4 -122.4533290,38.1590800,6553.4 -122.4533290,38.1590800,6553.4 -122.4533290,38.1590800,6553.4 -122.4533290,38.1590800,6553.4 -122.4533290,38.1590800,6553.4 -122.4533280,38.1590800,6553.4 -122.4533280,38.1590800,6553.4 -122.4533280,38.1590800,6553.4 -122.4533280,38.1590800,6553.4 -122.4533280,38.1590800,6553.4 -122.4533280,38.1590800,6553.3 -122.4533280,38.1590800,6553.3 -122.4533280,38.1590800,6553.3 -122.4533280,38.1590800,6553.3 -122.4533280,38.1590800,6553.3 -122.4533280,38.1590800,6553.3 -122.4533280,38.1590800,6553.3 -122.4533270,38.1590800,6553.3 -122.4533270,38.1590800,6553.3 -122.4533270,38.1590800,6553.3 -122.4533270,38.1590800,6553.3 -122.4533270,38.1590800,6553.3 -122.4533270,38.1590800,6553.3 -122.4533270,38.1590800,6553.3 -122.4533270,38.1590800,6553.3 -122.4533270,38.1590800,6553.3 -122.4533270,38.1590800,6553.3 -122.4533270,38.1590800,6553.3 -122.4533270,38.1590800,6553.3 -122.4533270,38.1590800,6553.3 -122.4533270,38.1590800,6553.2 -122.4533270,38.1590800,6553.2 -122.4533270,38.1590800,6553.2 -122.4533260,38.1590800,6553.2 -122.4533260,38.1590800,6553.2 -122.4533260,38.1590800,6553.2 -122.4533260,38.1590790,6553.2 -122.4533260,38.1590790,6553.2 -122.4533260,38.1590790,6553.2 -122.4533250,38.1590790,6553.2 -122.4533250,38.1590790,6553.2 -122.4533250,38.1590790,6553.2 -122.4533250,38.1590790,6553.2 -122.4533250,38.1590790,6553.2 -122.4533250,38.1590790,6553.2 -122.4533250,38.1590790,6553.2 -122.4533250,38.1590790,6553.2 -122.4533250,38.1590790,6553.2 -122.4533250,38.1590790,6553.2 -122.4533250,38.1590800,6553.2 -122.4533250,38.1590800,6553.2 -122.4533250,38.1590800,6553.2 -122.4533250,38.1590800,6553.2 -122.4533250,38.1590800,6553.2 -122.4533250,38.1590800,6553.2 -122.4533250,38.1590800,6553.2 -122.4533250,38.1590800,6553.2 -122.4533250,38.1590800,6553.2 -122.4533250,38.1590810,6553.2 -122.4533250,38.1590810,6553.2 -122.4533250,38.1590810,6553.2 -122.4533250,38.1590810,6553.2 -122.4533250,38.1590810,6553.2 -122.4533250,38.1590810,6553.2 -122.4533250,38.1590810,6553.2 -122.4533250,38.1590810,6553.2 -122.4533250,38.1590810,6553.2 -122.4533240,38.1590810,6553.2 -122.4533250,38.1590820,6553.2 -122.4533250,38.1590810,6553.2 -122.4533240,38.1590820,6553.2 -122.4533240,38.1590820,6553.2 -122.4533240,38.1590820,6553.2 -122.4533240,38.1590820,6553.2 -122.4533240,38.1590820,6553.2 -122.4533240,38.1590820,6553.2 -122.4533240,38.1590810,6553.2 -122.4533240,38.1590820,6553.2 -122.4533240,38.1590810,6553.2 -122.4533240,38.1590810,6553.2 -122.4533240,38.1590810,6553.4 -122.4533240,38.1590810,6553.4 -122.4533240,38.1590810,6553.4 -122.4533240,38.1590810,6553.4 -122.4533240,38.1590810,6553.4 -122.4533240,38.1590820,6553.4 -122.4533240,38.1590820,6553.4 -122.4533240,38.1590820,6553.4 -122.4533240,38.1590820,6553.4 -122.4533240,38.1590820,6553.4 -122.4533240,38.1590820,6553.4 -122.4533240,38.1590820,6553.4 -122.4533240,38.1590820,6553.4 -122.4533240,38.1590820,6553.4 -122.4533230,38.1590820,6553.4 -122.4533230,38.1590820,6553.4 -122.4533230,38.1590820,6553.4 -122.4533230,38.1590820,6553.4 -122.4533230,38.1590820,6553.4 -122.4533230,38.1590820,6553.4 -122.4533220,38.1590820,6553.5 -122.4533220,38.1590820,6553.5 -122.4533220,38.1590820,6553.5 -122.4533220,38.1590820,6553.5 -122.4533220,38.1590820,6553.5 -122.4533220,38.1590820,6553.5 -122.4533220,38.1590820,6553.5 -122.4533220,38.1590820,6553.5 -122.4533220,38.1590820,6553.5 -122.4533220,38.1590820,6553.5 -122.4533220,38.1590830,0.1 -122.4533220,38.1590830,0.1 -122.4533220,38.1590830,0.1 -122.4533220,38.1590830,0.1 -122.4533220,38.1590830,0.1 -122.4533220,38.1590830,0.1 -122.4533220,38.1590830,0.1 -122.4533220,38.1590840,0.1 -122.4533220,38.1590840,0.1 -122.4533220,38.1590840,0.1 -122.4533220,38.1590840,0.2 -122.4533220,38.1590840,0.2 -122.4533220,38.1590840,0.2 -122.4533230,38.1590840,0.2 -122.4533230,38.1590840,0.2 -122.4533230,38.1590840,0.2 -122.4533230,38.1590850,0.2 -122.4533230,38.1590850,0.2 -122.4533230,38.1590850,0.2 -122.4533230,38.1590850,0.2 -122.4533230,38.1590850,0.2 -122.4533230,38.1590850,0.2 -122.4533230,38.1590850,0.2 -122.4533230,38.1590850,0.2 -122.4533230,38.1590850,0.2 -122.4533230,38.1590860,0.2 -122.4533230,38.1590850,0.2 -122.4533230,38.1590850,0.2 -122.4533230,38.1590850,0.2 -122.4533230,38.1590850,0.2 -122.4533230,38.1590850,0.1 -122.4533230,38.1590850,0.1 -122.4533230,38.1590850,0.1 -122.4533230,38.1590850,0.1 -122.4533230,38.1590850,0.1 -122.4533230,38.1590850,0.1 -122.4533230,38.1590850,0.1 -122.4533230,38.1590860,0.1 -122.4533230,38.1590860,0.1 -122.4533230,38.1590860,0.1 -122.4533230,38.1590860,0.1 -122.4533240,38.1590860,0.1 -122.4533240,38.1590860,0.1 -122.4533240,38.1590860,0.1 -122.4533240,38.1590860,0.1 -122.4533240,38.1590860,0.1 -122.4533240,38.1590860,0.1 -122.4533240,38.1590860,0.1 -122.4533240,38.1590860,0.1 -122.4533240,38.1590860,0.1 -122.4533240,38.1590860,0.1 -122.4533240,38.1590860,0.1
        </coordinates>
      </LineString>
    </Placemark>
  </Document>
</kml>