<?xml version="1.0" encoding="UTF-8"?>
<kml xmlns="http://www.opengis.net/kml/2.2">
  <Document>
    <name>Sonoma Raceway</name>
    <description>Rider: Max Fischer | Max Speed: 183.6 km/h</description>
    <Style id="redTrack">
      <LineStyle>
        <color>ff0000ff</color>
        <width>4</width>
      </LineStyle>
    </Style>
    <Placemark>
      <name>Telemetry Circuit Path</name>
      <styleUrl>#redTrack</styleUrl>
      <LineString>
        <extrude>1</extrude>
        <tessellate>1</tessellate>
        <altitudeMode>absolute</altitudeMode>
        <coordinates>
          -122.4559810,38.1619810,0.0 -122.4560120,38.1619870,0.0 -122.4560300,38.1619860,0.0 -122.4560320,38.1619800,11.6 -122.4560200,38.1619710,11.6 -122.4560150,38.1619630,11.6 -122.4560260,38.1619570,11.6 -122.4560630,38.1619590,11.6 -122.4561270,38.1619700,11.6 -122.4562160,38.1619860,11.6 -122.4562790,38.1619960,11.6 -122.4563200,38.1620000,11.6 -122.4563360,38.1619960,11.6 -122.4563530,38.1619930,11.8 -122.4563850,38.1619930,11.8 -122.4564070,38.1619910,11.8 -122.4564370,38.1619910,11.8 -122.4564520,38.1619860,11.8 -122.4564690,38.1619810,11.8 -122.4565100,38.1619840,11.8 -122.4565350,38.1619820,11.8 -122.4565640,38.1619800,11.8 -122.4566110,38.1619840,11.8 -122.4566320,38.1619800,13.6 -122.4566560,38.1619770,13.6 -122.4566870,38.1619760,13.6 -122.4567210,38.1619760,13.6 -122.4567520,38.1619730,13.6 -122.4567890,38.1619730,13.6 -122.4568200,38.1619710,13.6 -122.4568490,38.1619690,13.6 -122.4568780,38.1619660,13.6 -122.4569020,38.1619610,13.6 -122.4569290,38.1619560,15.5 -122.4569590,38.1619520,15.5 -122.4569870,38.1619470,15.5 -122.4570180,38.1619430,15.5 -122.4570480,38.1619400,15.5 -122.4570770,38.1619350,15.5 -122.4571120,38.1619320,15.5 -122.4571430,38.1619270,15.5 -122.4571820,38.1619240,15.5 -122.4572180,38.1619200,15.5 -122.4572540,38.1619150,18.1 -122.4572850,38.1619080,18.1 -122.4573160,38.1619000,18.1 -122.4573470,38.1618910,18.1 -122.4573770,38.1618820,18.1 -122.4574050,38.1618720,18.1 -122.4574360,38.1618630,18.1 -122.4574630,38.1618510,18.1 -122.4574890,38.1618400,18.1 -122.4575210,38.1618310,18.1 -122.4575210,38.1618310,18.1 -122.4575210,38.1618310,18.1 -122.4575210,38.1618310,18.1 -122.4575210,38.1618310,18.1 -122.4575210,38.1618310,18.1 -122.4575210,38.1618310,18.1 -122.4575210,38.1618310,18.1 -122.4575210,38.1618310,18.1 -122.4577810,38.1617300,18.1 -122.4578090,38.1617120,18.1 -122.4578410,38.1616990,24.1 -122.4578650,38.1616830,24.1 -122.4578930,38.1616700,24.1 -122.4579230,38.1616560,24.1 -122.4579320,38.1616370,24.1 -122.4579450,38.1616190,24.1 -122.4579690,38.1616050,24.1 -122.4579910,38.1615890,24.1 -122.4580100,38.1615720,24.1 -122.4580400,38.1615580,24.1 -122.4580580,38.1615400,28.7 -122.4580680,38.1615210,28.7 -122.4580880,38.1615040,28.7 -122.4581130,38.1614890,28.7 -122.4581380,38.1614730,28.7 -122.4581570,38.1614560,28.7 -122.4581800,38.1614400,28.7 -122.4581960,38.1614230,28.7 -122.4582100,38.1614050,28.7 -122.4582270,38.1613880,28.7 -122.4582500,38.1613730,32.8 -122.4582700,38.1613570,32.8 -122.4582880,38.1613410,32.8 -122.4583040,38.1613250,32.8 -122.4583170,38.1613080,32.8 -122.4583300,38.1612910,32.8 -122.4583410,38.1612750,32.8 -122.4583560,38.1612600,32.8 -122.4583700,38.1612450,32.8 -122.4583840,38.1612290,32.8 -122.4584010,38.1612150,36.2 -122.4584170,38.1612010,36.2 -122.4584340,38.1611880,36.2 -122.4584570,38.1611760,36.2 -122.4584800,38.1611650,36.2 -122.4584960,38.1611520,36.2 -122.4585220,38.1611420,36.2 -122.4585400,38.1611310,36.2 -122.4585640,38.1611220,36.2 -122.4585850,38.1611120,36.2 -122.4586040,38.1611030,39.0 -122.4586220,38.1610930,39.0 -122.4586360,38.1610830,39.0 -122.4586490,38.1610730,39.0 -122.4586780,38.1610690,39.0 -122.4587030,38.1610630,39.0 -122.4587180,38.1610560,39.0 -122.4587350,38.1610490,39.0 -122.4587520,38.1610420,39.0 -122.4587690,38.1610350,39.0 -122.4587870,38.1610300,41.2 -122.4588030,38.1610240,41.2 -122.4588230,38.1610190,41.2 -122.4588420,38.1610160,41.2 -122.4588590,38.1610120,41.2 -122.4588790,38.1610100,41.2 -122.4588930,38.1610060,41.2 -122.4589080,38.1610040,41.2 -122.4589250,38.1610040,41.2 -122.4589400,38.1610030,41.2 -122.4589560,38.1610040,42.5 -122.4589740,38.1610050,42.5 -122.4589950,38.1610080,42.5 -122.4590110,38.1610100,42.5 -122.4590270,38.1610120,42.5 -122.4590460,38.1610170,42.5 -122.4590650,38.1610210,42.5 -122.4590840,38.1610270,42.5 -122.4591100,38.1610390,42.5 -122.4591300,38.1610460,42.5 -122.4591510,38.1610540,44.3 -122.4591730,38.1610610,44.3 -122.4591820,38.1610660,44.3 -122.4591970,38.1610730,44.3 -122.4592190,38.1610820,44.3 -122.4592400,38.1610920,44.3 -122.4592610,38.1611020,44.3 -122.4592820,38.1611120,44.3 -122.4593000,38.1611220,44.3 -122.4593200,38.1611330,44.3 -122.4593440,38.1611450,44.7 -122.4593640,38.1611560,44.7 -122.4593820,38.1611680,44.7 -122.4594060,38.1611810,44.7 -122.4594280,38.1611940,44.7 -122.4594490,38.1612060,44.7 -122.4594650,38.1612170,44.7 -122.4594790,38.1612280,44.7 -122.4594940,38.1612400,44.7 -122.4595100,38.1612520,44.7 -122.4595280,38.1612650,45.7 -122.4595480,38.1612800,45.7 -122.4595660,38.1612940,45.7 -122.4595830,38.1613080,45.7 -122.4595990,38.1613220,45.7 -122.4596170,38.1613370,45.7 -122.4596350,38.1613530,45.7 -122.4596530,38.1613690,45.7 -122.4596710,38.1613850,45.7 -122.4596900,38.1614020,45.7 -122.4597100,38.1614200,47.1 -122.4597300,38.1614380,47.1 -122.4597520,38.1614580,47.1 -122.4597820,38.1614850,47.1 -122.4598050,38.1615060,47.1 -122.4598320,38.1615270,47.1 -122.4598570,38.1615490,47.1 -122.4598830,38.1615700,47.1 -122.4599070,38.1615910,47.1 -122.4599330,38.1616130,47.1 -122.4599580,38.1616350,47.3 -122.4599840,38.1616560,47.3 -122.4600080,38.1616780,47.3 -122.4600340,38.1617010,47.3 -122.4600600,38.1617240,47.3 -122.4600850,38.1617460,47.3 -122.4601100,38.1617690,47.3 -122.4601350,38.1617920,47.3 -122.4601590,38.1618140,47.3 -122.4601850,38.1618380,47.3 -122.4602100,38.1618610,46.3 -122.4602360,38.1618850,46.3 -122.4602610,38.1619080,46.3 -122.4602870,38.1619320,46.3 -122.4603090,38.1619540,46.3 -122.4603310,38.1619760,46.3 -122.4603550,38.1620000,46.3 -122.4603760,38.1620220,46.3 -122.4603970,38.1620440,46.3 -122.4604220,38.1620670,46.3 -122.4604460,38.1620890,45.8 -122.4604700,38.1621110,45.8 -122.4604900,38.1621310,45.8 -122.4605110,38.1621530,45.8 -122.4605320,38.1621730,45.8 -122.4605530,38.1621920,45.8 -122.4605740,38.1622120,45.8 -122.4605960,38.1622330,45.8 -122.4606170,38.1622520,45.8 -122.4606370,38.1622700,45.8 -122.4606580,38.1622890,44.5 -122.4606810,38.1623070,44.5 -122.4607030,38.1623250,44.5 -122.4607230,38.1623420,44.5 -122.4607460,38.1623590,44.5 -122.4607680,38.1623760,44.5 -122.4607900,38.1623920,44.5 -122.4608120,38.1624070,44.5 -122.4608350,38.1624230,44.5 -122.4608570,38.1624370,44.5 -122.4608790,38.1624500,44.0 -122.4609020,38.1624630,44.0 -122.4609250,38.1624760,44.0 -122.4609490,38.1624880,44.0 -122.4609720,38.1625000,44.0 -122.4609960,38.1625100,44.0 -122.4610210,38.1625200,44.0 -122.4610440,38.1625280,44.0 -122.4610670,38.1625360,44.0 -122.4610940,38.1625470,44.0 -122.4611190,38.1625550,45.1 -122.4611450,38.1625620,45.1 -122.4611720,38.1625700,45.1 -122.4611980,38.1625750,45.1 -122.4612240,38.1625810,45.1 -122.4612480,38.1625850,45.1 -122.4612750,38.1625900,45.1 -122.4613000,38.1625930,45.1 -122.4613250,38.1625950,45.1 -122.4613520,38.1625980,45.1 -122.4613800,38.1626010,48.2 -122.4614100,38.1626030,48.2 -122.4614390,38.1626050,48.2 -122.4614690,38.1626070,48.2 -122.4614990,38.1626080,48.2 -122.4615260,38.1626090,48.2 -122.4615540,38.1626090,48.2 -122.4615840,38.1626100,48.2 -122.4616120,38.1626100,48.2 -122.4616420,38.1626100,48.2 -122.4616720,38.1626110,51.1 -122.4616990,38.1626110,51.1 -122.4617290,38.1626120,51.1 -122.4617550,38.1626130,51.1 -122.4617850,38.1626150,51.1 -122.4618110,38.1626160,51.1 -122.4618330,38.1626170,51.1 -122.4618540,38.1626180,51.1 -122.4618740,38.1626190,51.1 -122.4618960,38.1626220,51.1 -122.4619180,38.1626250,53.9 -122.4619430,38.1626300,53.9 -122.4619690,38.1626360,53.9 -122.4619920,38.1626420,53.9 -122.4620170,38.1626480,53.9 -122.4620420,38.1626550,53.9 -122.4620670,38.1626630,53.9 -122.4620890,38.1626700,53.9 -122.4621210,38.1626820,53.9 -122.4621470,38.1626920,53.9 -122.4621710,38.1627020,55.9 -122.4621970,38.1627130,55.9 -122.4622200,38.1627240,55.9 -122.4622430,38.1627360,55.9 -122.4622680,38.1627490,55.9 -122.4622920,38.1627620,55.9 -122.4623150,38.1627750,55.9 -122.4623380,38.1627890,55.9 -122.4623600,38.1628040,55.9 -122.4623830,38.1628190,55.9 -122.4624060,38.1628350,56.8 -122.4624280,38.1628500,56.8 -122.4624480,38.1628670,56.8 -122.4624680,38.1628830,56.8 -122.4624870,38.1628990,56.8 -122.4625050,38.1629150,56.8 -122.4625240,38.1629320,56.8 -122.4625410,38.1629500,56.8 -122.4625610,38.1629690,56.8 -122.4625800,38.1629880,56.8 -122.4626030,38.1630090,56.6 -122.4626270,38.1630310,56.6 -122.4626500,38.1630530,56.6 -122.4626710,38.1630730,56.6 -122.4626920,38.1630950,56.6 -122.4627130,38.1631160,56.6 -122.4627340,38.1631370,56.6 -122.4627560,38.1631600,56.6 -122.4627760,38.1631820,56.6 -122.4627970,38.1632050,56.6 -122.4628170,38.1632270,55.2 -122.4628350,38.1632460,55.2 -122.4628560,38.1632680,55.2 -122.4628760,38.1632910,55.2 -122.4628940,38.1633100,55.2 -122.4629130,38.1633300,55.2 -122.4629320,38.1633500,55.2 -122.4629500,38.1633700,55.2 -122.4629690,38.1633910,55.2 -122.4629860,38.1634110,55.2 -122.4630040,38.1634320,52.6 -122.4630220,38.1634520,52.6 -122.4630370,38.1634710,52.6 -122.4630560,38.1634900,52.6 -122.4630710,38.1635080,52.6 -122.4630880,38.1635270,52.6 -122.4631050,38.1635450,52.6 -122.4631210,38.1635630,52.6 -122.4631370,38.1635800,52.6 -122.4631510,38.1635970,52.6 -122.4631670,38.1636140,51.0 -122.4631790,38.1636280,51.0 -122.4631940,38.1636450,51.0 -122.4632070,38.1636610,51.0 -122.4632210,38.1636770,51.0 -122.4632340,38.1636940,51.0 -122.4632460,38.1637100,51.0 -122.4632580,38.1637250,51.0 -122.4632690,38.1637410,51.0 -122.4632810,38.1637570,51.0 -122.4632910,38.1637730,49.5 -122.4633020,38.1637890,49.5 -122.4633120,38.1638050,49.5 -122.4633210,38.1638210,49.5 -122.4633300,38.1638370,49.5 -122.4633370,38.1638520,49.5 -122.4633450,38.1638690,49.5 -122.4633510,38.1638840,49.5 -122.4633570,38.1639000,49.5 -122.4633620,38.1639160,49.5 -122.4633680,38.1639320,48.0 -122.4633720,38.1639470,48.0 -122.4633760,38.1639630,48.0 -122.4633790,38.1639790,48.0 -122.4633820,38.1639950,48.0 -122.4633830,38.1640100,48.0 -122.4633840,38.1640260,48.0 -122.4633850,38.1640410,48.0 -122.4633860,38.1640570,48.0 -122.4633830,38.1640710,48.0 -122.4633810,38.1640860,46.5 -122.4633790,38.1641010,46.5 -122.4633760,38.1641150,46.5 -122.4633730,38.1641300,46.5 -122.4633700,38.1641430,46.5 -122.4633640,38.1641580,46.5 -122.4633610,38.1641720,46.5 -122.4633530,38.1641850,46.5 -122.4633460,38.1641990,46.5 -122.4633390,38.1642120,46.5 -122.4633290,38.1642250,44.6 -122.4633200,38.1642380,44.6 -122.4631840,38.1642170,44.6 -122.4631640,38.1642270,44.6 -122.4631560,38.1642410,44.6 -122.4631480,38.1642550,44.6 -122.4631390,38.1642680,44.6 -122.4631270,38.1642800,44.6 -122.4631130,38.1642920,44.6 -122.4630990,38.1643030,44.6 -122.4630830,38.1643150,42.7 -122.4630660,38.1643250,42.7 -122.4630490,38.1643360,42.7 -122.4630300,38.1643460,42.7 -122.4630100,38.1643560,42.7 -122.4629880,38.1643650,42.7 -122.4629650,38.1643740,42.7 -122.4629410,38.1643830,42.7 -122.4629170,38.1643910,42.7 -122.4628910,38.1643990,42.7 -122.4628650,38.1644070,40.4 -122.4628380,38.1644150,40.4 -122.4628100,38.1644220,40.4 -122.4627810,38.1644290,40.4 -122.4627520,38.1644360,40.4 -122.4627230,38.1644430,40.4 -122.4626930,38.1644510,40.4 -122.4626620,38.1644580,40.4 -122.4626310,38.1644650,40.4 -122.4625990,38.1644720,40.4 -122.4625660,38.1644780,36.5 -122.4625330,38.1644840,36.5 -122.4624990,38.1644900,36.5 -122.4624650,38.1644960,36.5 -122.4624300,38.1645020,36.5 -122.4623950,38.1645070,36.5 -122.4623600,38.1645120,36.5 -122.4623240,38.1645160,36.5 -122.4622890,38.1645190,36.5 -122.4622530,38.1645230,36.5 -122.4622160,38.1645260,34.6 -122.4621800,38.1645290,34.6 -122.4621440,38.1645310,34.6 -122.4621070,38.1645340,34.6 -122.4620710,38.1645360,34.6 -122.4620340,38.1645370,34.6 -122.4619980,38.1645380,34.6 -122.4619620,38.1645380,34.6 -122.4619260,38.1645370,34.6 -122.4618900,38.1645370,34.6 -122.4618540,38.1645360,33.2 -122.4618190,38.1645340,33.2 -122.4617840,38.1645310,33.2 -122.4617490,38.1645290,33.2 -122.4617130,38.1645250,33.2 -122.4616790,38.1645210,33.2 -122.4616450,38.1645170,33.2 -122.4616100,38.1645120,33.2 -122.4615760,38.1645060,33.2 -122.4615420,38.1645000,33.2 -122.4615080,38.1644930,31.9 -122.4614740,38.1644860,31.9 -122.4614470,38.1644800,31.9 -122.4614180,38.1644730,31.9 -122.4613890,38.1644650,31.9 -122.4613580,38.1644560,31.9 -122.4613270,38.1644470,31.9 -122.4612960,38.1644370,31.9 -122.4612650,38.1644260,31.9 -122.4612340,38.1644150,31.9 -122.4612030,38.1644030,29.4 -122.4611720,38.1643910,29.4 -122.4611420,38.1643780,29.4 -122.4611110,38.1643640,29.4 -122.4610800,38.1643490,29.4 -122.4610490,38.1643340,29.4 -122.4610190,38.1643190,29.4 -122.4609890,38.1643020,29.4 -122.4609590,38.1642860,29.4 -122.4609300,38.1642680,29.4 -122.4609010,38.1642500,28.0 -122.4608720,38.1642310,28.0 -122.4608430,38.1642110,28.0 -122.4608150,38.1641910,28.0 -122.4607870,38.1641710,28.0 -122.4607590,38.1641500,28.0 -122.4607320,38.1641280,28.0 -122.4607060,38.1641060,28.0 -122.4606790,38.1640830,28.0 -122.4606530,38.1640600,28.0 -122.4606270,38.1640370,29.4 -122.4606030,38.1640130,29.4 -122.4605800,38.1639880,29.4 -122.4605550,38.1639630,29.4 -122.4605310,38.1639370,29.4 -122.4605060,38.1639100,29.4 -122.4604820,38.1638840,29.4 -122.4604580,38.1638570,29.4 -122.4604360,38.1638300,29.4 -122.4604110,38.1638030,29.4 -122.4603880,38.1637750,31.4 -122.4603650,38.1637470,31.4 -122.4603420,38.1637190,31.4 -122.4603190,38.1636910,31.4 -122.4602950,38.1636630,31.4 -122.4602710,38.1636340,31.4 -122.4602480,38.1636050,31.4 -122.4602240,38.1635770,31.4 -122.4602010,38.1635480,31.4 -122.4601780,38.1635200,31.4 -122.4601560,38.1634920,33.8 -122.4601330,38.1634650,33.8 -122.4601110,38.1634380,33.8 -122.4600890,38.1634110,33.8 -122.4600670,38.1633850,33.8 -122.4600460,38.1633590,33.8 -122.4600250,38.1633340,33.8 -122.4600040,38.1633080,33.8 -122.4599840,38.1632840,33.8 -122.4599630,38.1632590,33.8 -122.4599430,38.1632350,34.0 -122.4599230,38.1632110,34.0 -122.4599030,38.1631870,34.0 -122.4598840,38.1631640,34.0 -122.4598640,38.1631400,34.0 -122.4598450,38.1631180,34.0 -122.4598250,38.1630960,34.0 -122.4598060,38.1630740,34.0 -122.4597860,38.1630520,34.0 -122.4597670,38.1630310,34.0 -122.4597470,38.1630100,32.8 -122.4597280,38.1629900,32.8 -122.4597080,38.1629700,32.8 -122.4596880,38.1629510,32.8 -122.4596680,38.1629320,32.8 -122.4596480,38.1629140,32.8 -122.4596270,38.1628960,32.8 -122.4596070,38.1628790,32.8 -122.4595860,38.1628620,32.8 -122.4595650,38.1628450,32.8 -122.4595430,38.1628290,30.5 -122.4595220,38.1628140,30.5 -122.4595000,38.1627990,30.5 -122.4594770,38.1627850,30.5 -122.4594550,38.1627710,30.5 -122.4594320,38.1627570,30.5 -122.4594090,38.1627440,30.5 -122.4593850,38.1627320,30.5 -122.4593610,38.1627200,30.5 -122.4593380,38.1627090,30.5 -122.4593130,38.1626990,28.3 -122.4592890,38.1626900,28.3 -122.4592640,38.1626810,28.3 -122.4592390,38.1626730,28.3 -122.4592140,38.1626660,28.3 -122.4591890,38.1626590,28.3 -122.4591640,38.1626530,28.3 -122.4591380,38.1626470,28.3 -122.4591120,38.1626420,28.3 -122.4590870,38.1626370,28.3 -122.4590610,38.1626330,26.2 -122.4590350,38.1626300,26.2 -122.4590090,38.1626270,26.2 -122.4589830,38.1626250,26.2 -122.4589580,38.1626240,26.2 -122.4589320,38.1626240,26.2 -122.4589070,38.1626240,26.2 -122.4588810,38.1626250,26.2 -122.4588560,38.1626260,26.2 -122.4588300,38.1626280,26.2 -122.4588050,38.1626310,24.3 -122.4587790,38.1626340,24.3 -122.4587540,38.1626390,24.3 -122.4587280,38.1626430,24.3 -122.4587030,38.1626490,24.3 -122.4586780,38.1626550,24.3 -122.4586530,38.1626620,24.3 -122.4586280,38.1626700,24.3 -122.4586040,38.1626780,24.3 -122.4585800,38.1626860,24.3 -122.4585560,38.1626960,22.1 -122.4585320,38.1627060,22.1 -122.4585080,38.1627160,22.1 -122.4584850,38.1627270,22.1 -122.4584630,38.1627390,22.1 -122.4584410,38.1627510,22.1 -122.4584190,38.1627640,22.1 -122.4583980,38.1627770,22.1 -122.4583770,38.1627910,22.1 -122.4583570,38.1628060,22.1 -122.4583370,38.1628210,19.7 -122.4583180,38.1628360,19.7 -122.4583000,38.1628520,19.7 -122.4582820,38.1628690,19.7 -122.4582640,38.1628860,19.7 -122.4582480,38.1629030,19.7 -122.4582320,38.1629220,19.7 -122.4582160,38.1629400,19.7 -122.4582010,38.1629590,19.7 -122.4581870,38.1629790,19.7 -122.4581730,38.1629990,17.1 -122.4581600,38.1630190,17.1 -122.4581480,38.1630390,17.1 -122.4581360,38.1630600,17.1 -122.4581260,38.1630820,17.1 -122.4581160,38.1631030,17.1 -122.4581070,38.1631250,17.1 -122.4580980,38.1631470,17.1 -122.4580910,38.1631700,17.1 -122.4580850,38.1631920,17.1 -122.4580790,38.1632150,14.6 -122.4580740,38.1632380,14.6 -122.4580700,38.1632610,14.6 -122.4580680,38.1632840,14.6 -122.4580660,38.1633070,14.6 -122.4580650,38.1633290,14.6 -122.4580660,38.1633530,14.6 -122.4580660,38.1633760,14.6 -122.4580680,38.1633990,14.6 -122.4580700,38.1634220,14.6 -122.4580740,38.1634450,14.5 -122.4580780,38.1634670,14.5 -122.4580840,38.1634900,14.5 -122.4580900,38.1635130,14.5 -122.4580970,38.1635360,14.5 -122.4581040,38.1635580,14.5 -122.4581130,38.1635810,14.5 -122.4581220,38.1636040,14.5 -122.4581320,38.1636270,14.5 -122.4581430,38.1636500,14.5 -122.4581540,38.1636730,15.5 -122.4581670,38.1636960,15.5 -122.4581800,38.1637190,15.5 -122.4581930,38.1637420,15.5 -122.4582080,38.1637640,15.5 -122.4582230,38.1637870,15.5 -122.4582390,38.1638100,15.5 -122.4582560,38.1638320,15.5 -122.4582730,38.1638550,15.5 -122.4582910,38.1638770,15.5 -122.4583110,38.1638990,16.4 -122.4583300,38.1639210,16.4 -122.4583510,38.1639430,16.4 -122.4583720,38.1639650,16.4 -122.4583940,38.1639860,16.4 -122.4584170,38.1640080,16.4 -122.4584400,38.1640300,16.4 -122.4584640,38.1640510,16.4 -122.4584880,38.1640730,16.4 -122.4585130,38.1640940,16.4 -122.4585390,38.1641150,17.3 -122.4585650,38.1641350,17.3 -122.4585920,38.1641560,17.3 -122.4586190,38.1641760,17.3 -122.4586460,38.1641970,17.3 -122.4586740,38.1642180,17.3 -122.4587030,38.1642380,17.3 -122.4587310,38.1642590,17.3 -122.4587610,38.1642790,17.3 -122.4587910,38.1642990,17.3 -122.4588210,38.1643190,18.2 -122.4588520,38.1643390,18.2 -122.4588830,38.1643590,18.2 -122.4589150,38.1643790,18.2 -122.4589480,38.1643990,18.2 -122.4589810,38.1644190,18.2 -122.4590140,38.1644390,18.2 -122.4590480,38.1644590,18.2 -122.4590820,38.1644790,18.2 -122.4591170,38.1644990,18.2 -122.4591520,38.1645180,19.4 -122.4591870,38.1645380,19.4 -122.4592230,38.1645580,19.4 -122.4592600,38.1645780,19.4 -122.4592960,38.1645980,19.4 -122.4593330,38.1646180,19.4 -122.4593710,38.1646370,19.4 -122.4594080,38.1646570,19.4 -122.4594460,38.1646760,19.4 -122.4594850,38.1646950,19.4 -122.4595240,38.1647150,21.5 -122.4595630,38.1647350,21.5 -122.4596030,38.1647540,21.5 -122.4596430,38.1647740,21.5 -122.4596830,38.1647930,21.5 -122.4597240,38.1648120,21.5 -122.4597640,38.1648310,21.5 -122.4598050,38.1648500,21.5 -122.4598470,38.1648690,21.5 -122.4598880,38.1648880,21.5 -122.4599300,38.1649070,23.6 -122.4599720,38.1649260,23.6 -122.4600150,38.1649440,23.6 -122.4600580,38.1649630,23.6 -122.4601010,38.1649820,23.6 -122.4601440,38.1650000,23.6 -122.4601870,38.1650190,23.6 -122.4602310,38.1650370,23.6 -122.4602750,38.1650560,23.6 -122.4603190,38.1650740,23.6 -122.4603640,38.1650920,25.6 -122.4604080,38.1651110,25.6 -122.4604530,38.1651290,25.6 -122.4604980,38.1651470,25.6 -122.4605430,38.1651650,25.6 -122.4605880,38.1651830,25.6 -122.4606330,38.1652010,25.6 -122.4606770,38.1652190,25.6 -122.4607210,38.1652360,25.6 -122.4607650,38.1652540,25.6 -122.4608090,38.1652710,27.6 -122.4608520,38.1652880,27.6 -122.4608940,38.1653050,27.6 -122.4609360,38.1653220,27.6 -122.4609780,38.1653380,27.6 -122.4610190,38.1653540,27.6 -122.4610590,38.1653700,27.6 -122.4610990,38.1653860,27.6 -122.4611380,38.1654020,27.6 -122.4611770,38.1654170,27.6 -122.4612140,38.1654320,29.5 -122.4612510,38.1654470,29.5 -122.4612870,38.1654610,29.5 -122.4613230,38.1654750,29.5 -122.4613590,38.1654900,29.5 -122.4613930,38.1655040,29.5 -122.4614280,38.1655180,29.5 -122.4614610,38.1655320,29.5 -122.4614940,38.1655450,29.5 -122.4615260,38.1655580,29.5 -122.4615570,38.1655710,31.6 -122.4615880,38.1655840,31.6 -122.4616190,38.1655960,31.6 -122.4616490,38.1656080,31.6 -122.4616780,38.1656190,31.6 -122.4617070,38.1656290,31.6 -122.4617350,38.1656390,31.6 -122.4617640,38.1656500,31.6 -122.4617920,38.1656610,31.6 -122.4618190,38.1656720,31.6 -122.4618460,38.1656820,32.8 -122.4618730,38.1656930,32.8 -122.4618990,38.1657030,32.8 -122.4619260,38.1657130,32.8 -122.4619510,38.1657230,32.8 -122.4619770,38.1657330,32.8 -122.4620010,38.1657430,32.8 -122.4620260,38.1657530,32.8 -122.4620500,38.1657620,32.8 -122.4620740,38.1657720,32.8 -122.4620970,38.1657820,33.7 -122.4621200,38.1657910,33.7 -122.4621420,38.1658010,33.7 -122.4621640,38.1658100,33.7 -122.4621860,38.1658200,33.7 -122.4622070,38.1658290,33.7 -122.4622270,38.1658390,33.7 -122.4622470,38.1658480,33.7 -122.4622670,38.1658580,33.7 -122.4622860,38.1658680,33.7 -122.4623050,38.1658770,34.7 -122.4623230,38.1658880,34.7 -122.4623400,38.1658980,34.7 -122.4623570,38.1659080,34.7 -122.4623740,38.1659190,34.7 -122.4623900,38.1659300,34.7 -122.4624050,38.1659410,34.7 -122.4624200,38.1659520,34.7 -122.4624340,38.1659630,34.7 -122.4624480,38.1659750,34.7 -122.4624610,38.1659860,35.2 -122.4624730,38.1659980,35.2 -122.4624850,38.1660100,35.2 -122.4624970,38.1660220,35.2 -122.4625070,38.1660350,35.2 -122.4625170,38.1660480,35.2 -122.4625270,38.1660600,35.2 -122.4625350,38.1660730,35.2 -122.4625430,38.1660870,35.2 -122.4625510,38.1661010,35.2 -122.4625580,38.1661150,35.5 -122.4625640,38.1661290,35.5 -122.4625700,38.1661420,35.5 -122.4625750,38.1661570,35.5 -122.4625790,38.1661710,35.5 -122.4625810,38.1661850,35.5 -122.4625830,38.1661990,35.5 -122.4625840,38.1662130,35.5 -122.4625840,38.1662280,35.5 -122.4625830,38.1662420,35.5 -122.4625810,38.1662570,35.6 -122.4625780,38.1662710,35.6 -122.4625750,38.1662860,35.6 -122.4625700,38.1663000,35.6 -122.4625650,38.1663140,35.6 -122.4625590,38.1663280,35.6 -122.4625510,38.1663420,35.6 -122.4625430,38.1663550,35.6 -122.4625340,38.1663690,35.6 -122.4625240,38.1663820,35.6 -122.4625130,38.1663950,35.7 -122.4625010,38.1664080,35.7 -122.4624880,38.1664200,35.7 -122.4624750,38.1664310,35.7 -122.4624610,38.1664420,35.7 -122.4624460,38.1664520,35.7 -122.4624310,38.1664620,35.7 -122.4624150,38.1664720,35.7 -122.4623990,38.1664800,35.7 -122.4623820,38.1664880,35.7 -122.4623640,38.1664960,35.7 -122.4623460,38.1665030,35.7 -122.4623270,38.1665090,35.7 -122.4623080,38.1665150,35.7 -122.4622880,38.1665210,35.7 -122.4622680,38.1665250,35.7 -122.4622470,38.1665290,35.7 -122.4622260,38.1665320,35.7 -122.4622050,38.1665350,35.7 -122.4621830,38.1665360,35.7 -122.4621610,38.1665370,35.4 -122.4621380,38.1665370,35.4 -122.4621160,38.1665360,35.4 -122.4620930,38.1665350,35.4 -122.4620690,38.1665330,35.4 -122.4620460,38.1665310,35.4 -122.4620220,38.1665270,35.4 -122.4619980,38.1665220,35.4 -122.4619740,38.1665170,35.4 -122.4619490,38.1665110,35.4 -122.4619250,38.1665050,35.1 -122.4619000,38.1664970,35.1 -122.4618750,38.1664890,35.1 -122.4618500,38.1664810,35.1 -122.4618240,38.1664720,35.1 -122.4617990,38.1664620,35.1 -122.4617730,38.1664510,35.1 -122.4617470,38.1664390,35.1 -122.4617210,38.1664280,35.1 -122.4616940,38.1664150,35.1 -122.4616680,38.1664020,34.5 -122.4616410,38.1663880,34.5 -122.4616140,38.1663740,34.5 -122.4615860,38.1663600,34.5 -122.4615590,38.1663440,34.5 -122.4615310,38.1663280,34.5 -122.4615040,38.1663120,34.5 -122.4614760,38.1662950,34.5 -122.4614480,38.1662780,34.5 -122.4614200,38.1662610,34.5 -122.4613920,38.1662430,33.7 -122.4613630,38.1662250,33.7 -122.4613350,38.1662070,33.7 -122.4613060,38.1661890,33.7 -122.4612770,38.1661710,33.7 -122.4612470,38.1661520,33.7 -122.4612170,38.1661330,33.7 -122.4611870,38.1661130,33.7 -122.4611560,38.1660930,33.7 -122.4611240,38.1660740,33.7 -122.4610930,38.1660540,32.4 -122.4610610,38.1660350,32.4 -122.4610280,38.1660150,32.4 -122.4609950,38.1659960,32.4 -122.4609610,38.1659760,32.4 -122.4609280,38.1659570,32.4 -122.4608930,38.1659380,32.4 -122.4608580,38.1659190,32.4 -122.4608230,38.1659000,32.4 -122.4607880,38.1658810,32.4 -122.4607520,38.1658630,30.3 -122.4607160,38.1658450,30.3 -122.4606790,38.1658270,30.3 -122.4606410,38.1658100,30.3 -122.4606040,38.1657930,30.3 -122.4605660,38.1657760,30.3 -122.4605280,38.1657600,30.3 -122.4604900,38.1657430,30.3 -122.4604510,38.1657270,30.3 -122.4604130,38.1657100,30.3 -122.4603740,38.1656940,28.7 -122.4603360,38.1656770,28.7 -122.4602980,38.1656600,28.7 -122.4602610,38.1656430,28.7 -122.4602240,38.1656260,28.7 -122.4601870,38.1656080,28.7 -122.4601500,38.1655910,28.7 -122.4601130,38.1655730,28.7 -122.4600780,38.1655540,28.7 -122.4600430,38.1655350,28.7 -122.4600080,38.1655160,26.7 -122.4599730,38.1654970,26.7 -122.4599390,38.1654770,26.7 -122.4599050,38.1654570,26.7 -122.4598720,38.1654360,26.7 -122.4598390,38.1654160,26.7 -122.4598080,38.1653950,26.7 -122.4597760,38.1653730,26.7 -122.4597440,38.1653520,26.7 -122.4597140,38.1653310,26.7 -122.4596820,38.1653100,25.2 -122.4596510,38.1652900,25.2 -122.4596200,38.1652690,25.2 -122.4595890,38.1652490,25.2 -122.4595580,38.1652290,25.2 -122.4595270,38.1652100,25.2 -122.4594960,38.1651910,25.2 -122.4594640,38.1651730,25.2 -122.4594330,38.1651540,25.2 -122.4594010,38.1651370,25.2 -122.4593690,38.1651200,24.0 -122.4593380,38.1651040,24.0 -122.4593050,38.1650880,24.0 -122.4592730,38.1650730,24.0 -122.4592400,38.1650590,24.0 -122.4592070,38.1650450,24.0 -122.4591740,38.1650320,24.0 -122.4591410,38.1650190,24.0 -122.4591080,38.1650070,24.0 -122.4590740,38.1649960,24.0 -122.4590410,38.1649850,22.8 -122.4590070,38.1649750,22.8 -122.4589730,38.1649650,22.8 -122.4589380,38.1649560,22.8 -122.4589030,38.1649480,22.8 -122.4588680,38.1649400,22.8 -122.4588320,38.1649330,22.8 -122.4587960,38.1649260,22.8 -122.4587600,38.1649200,22.8 -122.4587230,38.1649150,22.8 -122.4586860,38.1649100,21.6 -122.4586490,38.1649060,21.6 -122.4586110,38.1649020,21.6 -122.4585740,38.1648990,21.6 -122.4585360,38.1648950,21.6 -122.4584970,38.1648920,21.6 -122.4584590,38.1648880,21.6 -122.4584200,38.1648850,21.6 -122.4583830,38.1648800,21.6 -122.4583450,38.1648760,21.6 -122.4583070,38.1648710,19.9 -122.4582690,38.1648650,19.9 -122.4582310,38.1648590,19.9 -122.4581940,38.1648520,19.9 -122.4581560,38.1648450,19.9 -122.4581180,38.1648360,19.9 -122.4580810,38.1648270,19.9 -122.4580430,38.1648170,19.9 -122.4580070,38.1648070,19.9 -122.4579700,38.1647960,19.9 -122.4579330,38.1647850,18.4 -122.4578960,38.1647730,18.4 -122.4578590,38.1647600,18.4 -122.4578220,38.1647460,18.4 -122.4577850,38.1647320,18.4 -122.4577480,38.1647170,18.4 -122.4577120,38.1647020,18.4 -122.4576760,38.1646870,18.4 -122.4576400,38.1646700,18.4 -122.4576030,38.1646530,18.4 -122.4575670,38.1646360,17.5 -122.4575300,38.1646180,17.5 -122.4574940,38.1646000,17.5 -122.4574570,38.1645810,17.5 -122.4574210,38.1645620,17.5 -122.4573840,38.1645430,17.5 -122.4573480,38.1645240,17.5 -122.4573120,38.1645040,17.5 -122.4572750,38.1644830,17.5 -122.4572380,38.1644610,17.5 -122.4572010,38.1644400,16.9 -122.4571650,38.1644190,16.9 -122.4571280,38.1643980,16.9 -122.4570910,38.1643760,16.9 -122.4570530,38.1643540,16.9 -122.4570160,38.1643320,16.9 -122.4569790,38.1643090,16.9 -122.4569410,38.1642860,16.9 -122.4569030,38.1642630,16.9 -122.4568640,38.1642400,16.9 -122.4568260,38.1642170,14.9 -122.4567880,38.1641930,14.9 -122.4567490,38.1641670,14.9 -122.4567100,38.1641430,14.9 -122.4566720,38.1641180,14.9 -122.4566340,38.1640940,14.9 -122.4565960,38.1640700,14.9 -122.4565580,38.1640460,14.9 -122.4565210,38.1640220,14.9 -122.4564840,38.1639980,14.9 -122.4564470,38.1639740,11.8 -122.4564110,38.1639510,11.8 -122.4563750,38.1639280,11.8 -122.4563400,38.1639050,11.8 -122.4563050,38.1638830,11.8 -122.4562710,38.1638610,11.8 -122.4562370,38.1638390,11.8 -122.4562040,38.1638180,11.8 -122.4561710,38.1637970,11.8 -122.4561390,38.1637760,11.8 -122.4561070,38.1637560,10.0 -122.4560760,38.1637350,10.0 -122.4560440,38.1637150,10.0 -122.4560140,38.1636950,10.0 -122.4559840,38.1636760,10.0 -122.4559540,38.1636570,10.0 -122.4559250,38.1636380,10.0 -122.4558960,38.1636190,10.0 -122.4558670,38.1636010,10.0 -122.4558390,38.1635830,10.0 -122.4558120,38.1635650,8.6 -122.4557850,38.1635470,8.6 -122.4557580,38.1635300,8.6 -122.4557320,38.1635130,8.6 -122.4557060,38.1634960,8.6 -122.4556810,38.1634800,8.6 -122.4556560,38.1634640,8.6 -122.4556310,38.1634480,8.6 -122.4556070,38.1634320,8.6 -122.4555830,38.1634170,8.6 -122.4555600,38.1634020,7.6 -122.4555370,38.1633870,7.6 -122.4555150,38.1633730,7.6 -122.4554930,38.1633580,7.6 -122.4554710,38.1633440,7.6 -122.4554500,38.1633300,7.6 -122.4554290,38.1633160,7.6 -122.4554090,38.1633020,7.6 -122.4553900,38.1632890,7.6 -122.4553710,38.1632760,7.6 -122.4553530,38.1632620,6.8 -122.4553340,38.1632490,6.8 -122.4553170,38.1632360,6.8 -122.4553000,38.1632230,6.8 -122.4552830,38.1632090,6.8 -122.4552680,38.1631960,6.8 -122.4552540,38.1631830,6.8 -122.4552390,38.1631700,6.8 -122.4552260,38.1631570,6.8 -122.4552130,38.1631440,6.8 -122.4552010,38.1631310,6.0 -122.4551890,38.1631180,6.0 -122.4551790,38.1631050,6.0 -122.4551680,38.1630920,6.0 -122.4551590,38.1630790,6.0 -122.4551500,38.1630660,6.0 -122.4551420,38.1630530,6.0 -122.4551350,38.1630390,6.0 -122.4551280,38.1630260,6.0 -122.4551220,38.1630120,6.0 -122.4551160,38.1629990,5.3 -122.4551120,38.1629850,5.3 -122.4551090,38.1629720,5.3 -122.4551060,38.1629580,5.3 -122.4551040,38.1629450,5.3 -122.4551030,38.1629310,5.3 -122.4551020,38.1629170,5.3 -122.4551020,38.1629030,5.3 -122.4551040,38.1628900,5.3 -122.4551050,38.1628770,5.3 -122.4551070,38.1628640,5.6 -122.4551080,38.1628520,5.6 -122.4551100,38.1628400,5.6 -122.4551120,38.1628270,5.6 -122.4551130,38.1628150,5.6 -122.4551150,38.1628030,5.6 -122.4551160,38.1627910,5.6 -122.4551170,38.1627790,5.6 -122.4551170,38.1627660,5.6 -122.4551160,38.1627530,5.6 -122.4551140,38.1627410,5.7 -122.4551120,38.1627270,5.7 -122.4551080,38.1627140,5.7 -122.4551030,38.1627010,5.7 -122.4550980,38.1626890,5.7 -122.4550920,38.1626760,5.7 -122.4550860,38.1626630,5.7 -122.4550780,38.1626510,5.7 -122.4550700,38.1626390,5.7 -122.4550610,38.1626270,5.7 -122.4550510,38.1626140,6.0 -122.4550410,38.1626030,6.0 -122.4550290,38.1625910,6.0 -122.4550170,38.1625800,6.0 -122.4550040,38.1625680,6.0 -122.4549900,38.1625570,6.0 -122.4549750,38.1625460,6.0 -122.4549600,38.1625360,6.0 -122.4549430,38.1625250,6.0 -122.4549260,38.1625150,6.0 -122.4549080,38.1625050,5.9 -122.4548890,38.1624950,5.9 -122.4548690,38.1624860,5.9 -122.4548480,38.1624760,5.9 -122.4548270,38.1624680,5.9 -122.4548050,38.1624590,5.9 -122.4547820,38.1624510,5.9 -122.4547580,38.1624430,5.9 -122.4547330,38.1624360,5.9 -122.4547080,38.1624280,5.9 -122.4546810,38.1624210,5.6 -122.4546540,38.1624150,5.6 -122.4546270,38.1624090,5.6 -122.4545980,38.1624030,5.6 -122.4545690,38.1623970,5.6 -122.4545390,38.1623920,5.6 -122.4545080,38.1623870,5.6 -122.4544770,38.1623830,5.6 -122.4544460,38.1623790,5.6 -122.4544140,38.1623750,5.6 -122.4543810,38.1623720,5.4 -122.4543480,38.1623680,5.4 -122.4543150,38.1623650,5.4 -122.4542810,38.1623610,5.4 -122.4542480,38.1623580,5.4 -122.4542140,38.1623530,5.4 -122.4541810,38.1623490,5.4 -122.4541470,38.1623450,5.4 -122.4541130,38.1623400,5.4 -122.4540800,38.1623350,5.4 -122.4540460,38.1623300,4.8 -122.4540130,38.1623240,4.8 -122.4539790,38.1623180,4.8 -122.4539450,38.1623110,4.8 -122.4539120,38.1623040,4.8 -122.4538790,38.1622960,4.8 -122.4538470,38.1622870,4.8 -122.4538140,38.1622780,4.8 -122.4537810,38.1622680,4.8 -122.4537490,38.1622570,4.8 -122.4537170,38.1622460,4.1 -122.4536850,38.1622340,4.1 -122.4536530,38.1622220,4.1 -122.4536220,38.1622090,4.1 -122.4535910,38.1621960,4.1 -122.4535610,38.1621820,4.1 -122.4535310,38.1621660,4.1 -122.4535010,38.1621490,4.1 -122.4534710,38.1621320,4.1 -122.4534420,38.1621140,4.1 -122.4534140,38.1620960,3.6 -122.4533860,38.1620770,3.6 -122.4533590,38.1620580,3.6 -122.4533320,38.1620390,3.6 -122.4533060,38.1620180,3.6 -122.4532800,38.1619960,3.6 -122.4532550,38.1619750,3.6 -122.4532300,38.1619520,3.6 -122.4532050,38.1619290,3.6 -122.4531810,38.1619060,3.6 -122.4531580,38.1618820,3.7 -122.4531350,38.1618570,3.7 -122.4531120,38.1618320,3.7 -122.4530900,38.1618060,3.7 -122.4530680,38.1617800,3.7 -122.4530460,38.1617530,3.7 -122.4530250,38.1617260,3.7 -122.4530040,38.1616970,3.7 -122.4529840,38.1616690,3.7 -122.4529640,38.1616400,3.7 -122.4529440,38.1616110,3.4 -122.4529250,38.1615810,3.4 -122.4529060,38.1615500,3.4 -122.4528880,38.1615190,3.4 -122.4528690,38.1614880,3.4 -122.4528510,38.1614550,3.4 -122.4528330,38.1614230,3.4 -122.4528160,38.1613910,3.4 -122.4527990,38.1613570,3.4 -122.4527820,38.1613240,3.4 -122.4527660,38.1612900,3.3 -122.4527500,38.1612560,3.3 -122.4527340,38.1612230,3.3 -122.4527190,38.1611890,3.3 -122.4527030,38.1611560,3.3 -122.4526880,38.1611220,3.3 -122.4526730,38.1610890,3.3 -122.4526590,38.1610560,3.3 -122.4526450,38.1610230,3.3 -122.4526310,38.1609910,3.3 -122.4526180,38.1609590,3.1 -122.4526050,38.1609290,3.1 -122.4525920,38.1608990,3.1 -122.4525800,38.1608690,3.1 -122.4525680,38.1608410,3.1 -122.4525570,38.1608130,3.1 -122.4525460,38.1607850,3.1 -122.4525350,38.1607580,3.1 -122.4525240,38.1607320,3.1 -122.4525140,38.1607060,3.1 -122.4525040,38.1606800,2.5 -122.4524950,38.1606560,2.5 -122.4524850,38.1606310,2.5 -122.4524760,38.1606070,2.5 -122.4524670,38.1605830,2.5 -122.4524580,38.1605610,2.5 -122.4524500,38.1605380,2.5 -122.4524420,38.1605160,2.5 -122.4524340,38.1604950,2.5 -122.4524270,38.1604740,2.5 -122.4524190,38.1604540,2.2 -122.4524120,38.1604340,2.2 -122.4524060,38.1604150,2.2 -122.4523990,38.1603960,2.2 -122.4523930,38.1603770,2.2 -122.4523870,38.1603600,2.2 -122.4523820,38.1603420,2.2 -122.4523770,38.1603250,2.2 -122.4523720,38.1603090,2.2 -122.4523680,38.1602940,2.2 -122.4523640,38.1602780,2.5 -122.4523610,38.1602620,2.5 -122.4523570,38.1602470,2.5 -122.4523550,38.1602310,2.5 -122.4523530,38.1602170,2.5 -122.4523510,38.1602030,2.5 -122.4523500,38.1601890,2.5 -122.4523490,38.1601760,2.5 -122.4523490,38.1601620,2.5 -122.4523500,38.1601490,2.5 -122.4523510,38.1601360,2.4 -122.4523520,38.1601240,2.4 -122.4523550,38.1601120,2.4 -122.4523570,38.1601010,2.4 -122.4523610,38.1600900,2.4 -122.4523660,38.1600800,2.4 -122.4523710,38.1600710,2.4 -122.4523770,38.1600640,2.4 -122.4523840,38.1600570,2.4 -122.4523910,38.1600490,2.4 -122.4523980,38.1600420,2.8 -122.4524050,38.1600340,2.8 -122.4524130,38.1600270,2.8 -122.4524220,38.1600210,2.8 -122.4524300,38.1600150,2.8 -122.4524400,38.1600100,2.8 -122.4524490,38.1600050,2.8 -122.4524580,38.1600010,2.8 -122.4524680,38.1599970,2.8 -122.4524780,38.1599930,2.8 -122.4524890,38.1599900,2.5 -122.4525010,38.1599870,2.5 -122.4525120,38.1599850,2.5 -122.4525230,38.1599810,2.5 -122.4525360,38.1599800,2.5 -122.4525490,38.1599790,2.5 -122.4525620,38.1599800,2.5 -122.4525760,38.1599830,2.5 -122.4525900,38.1599860,2.5 -122.4526040,38.1599900,2.5 -122.4526180,38.1599940,1.4 -122.4526330,38.1599980,1.4 -122.4526470,38.1600060,1.4 -122.4526620,38.1600140,1.4 -122.4526780,38.1600210,1.4 -122.4526930,38.1600280,1.4 -122.4527090,38.1600370,1.4 -122.4527250,38.1600460,1.4 -122.4527410,38.1600560,1.4 -122.4527570,38.1600660,1.4 -122.4527730,38.1600770,3.0 -122.4527900,38.1600890,3.0 -122.4528050,38.1601000,3.0 -122.4528220,38.1601120,3.0 -122.4528390,38.1601250,3.0 -122.4528560,38.1601390,3.0 -122.4528740,38.1601530,3.0 -122.4528920,38.1601680,3.0 -122.4529110,38.1601830,3.0 -122.4529290,38.1601990,3.0 -122.4529480,38.1602160,3.7 -122.4529680,38.1602320,3.7 -122.4529870,38.1602490,3.7 -122.4530070,38.1602660,3.7 -122.4530260,38.1602840,3.7 -122.4530470,38.1603020,3.7 -122.4530670,38.1603200,3.7 -122.4530880,38.1603390,3.7 -122.4531090,38.1603580,3.7 -122.4531310,38.1603770,3.7 -122.4531530,38.1603970,3.9 -122.4531760,38.1604170,3.9 -122.4531990,38.1604370,3.9 -122.4532220,38.1604580,3.9 -122.4532460,38.1604790,3.9 -122.4532710,38.1605010,3.9 -122.4532960,38.1605230,3.9 -122.4533210,38.1605450,3.9 -122.4533480,38.1605670,3.9 -122.4533740,38.1605890,3.9 -122.4534010,38.1606120,4.2 -122.4534290,38.1606340,4.2 -122.4534560,38.1606570,4.2 -122.4534850,38.1606800,4.2 -122.4535140,38.1607030,4.2 -122.4535430,38.1607260,4.2 -122.4535720,38.1607490,4.2 -122.4536020,38.1607720,4.2 -122.4536330,38.1607960,4.2 -122.4536640,38.1608190,4.2 -122.4536950,38.1608430,4.5 -122.4537270,38.1608670,4.5 -122.4537590,38.1608910,4.5 -122.4537910,38.1609160,4.5 -122.4538240,38.1609400,4.5 -122.4538570,38.1609640,4.5 -122.4538910,38.1609890,4.5 -122.4539250,38.1610130,4.5 -122.4539590,38.1610380,4.5 -122.4539940,38.1610630,4.5 -122.4540290,38.1610880,4.9 -122.4540640,38.1611130,4.9 -122.4541000,38.1611390,4.9 -122.4541360,38.1611640,4.9 -122.4541720,38.1611890,4.9 -122.4542090,38.1612150,4.9 -122.4542460,38.1612410,4.9 -122.4542830,38.1612670,4.9 -122.4543210,38.1612930,4.9 -122.4543590,38.1613190,4.9 -122.4543970,38.1613450,5.4 -122.4544350,38.1613710,5.4 -122.4544730,38.1613970,5.4 -122.4545100,38.1614220,5.4 -122.4545480,38.1614470,5.4 -122.4545840,38.1614720,5.4 -122.4546200,38.1614960,5.4 -122.4546560,38.1615200,5.4 -122.4546910,38.1615440,5.4 -122.4547250,38.1615670,5.4 -122.4547590,38.1615900,6.0 -122.4547920,38.1616130,6.0 -122.4548240,38.1616350,6.0 -122.4548560,38.1616570,6.0 -122.4548870,38.1616780,6.0 -122.4549170,38.1616980,6.0 -122.4549470,38.1617170,6.0 -122.4549770,38.1617370,6.0 -122.4550050,38.1617560,6.0 -122.4550340,38.1617750,6.0 -122.4550620,38.1617930,6.4 -122.4550890,38.1618110,6.4 -122.4551150,38.1618290,6.4 -122.4551420,38.1618470,6.4 -122.4551680,38.1618640,6.4 -122.4551930,38.1618810,6.4 -122.4552180,38.1618980,6.4 -122.4552420,38.1619140,6.4 -122.4552660,38.1619300,6.4 -122.4552900,38.1619460,6.4 -122.4553130,38.1619610,6.6 -122.4553370,38.1619760,6.6 -122.4553600,38.1619910,6.6 -122.4553820,38.1620060,6.6 -122.4554050,38.1620200,6.6 -122.4554270,38.1620330,6.6 -122.4554490,38.1620470,6.6 -122.4554710,38.1620600,6.6 -122.4554930,38.1620720,6.6 -122.4555150,38.1620850,6.6 -122.4555370,38.1620970,6.6 -122.4555590,38.1621080,6.6 -122.4555810,38.1621190,6.6 -122.4556020,38.1621300,6.6 -122.4556250,38.1621400,6.6 -122.4556470,38.1621500,6.6 -122.4556700,38.1621590,6.6 -122.4556920,38.1621680,6.6 -122.4557160,38.1621760,6.6 -122.4557390,38.1621840,6.6 -122.4557620,38.1621910,6.9 -122.4557860,38.1621980,6.9 -122.4558100,38.1622040,6.9 -122.4558350,38.1622090,6.9 -122.4558590,38.1622140,6.9 -122.4558840,38.1622190,6.9 -122.4559090,38.1622230,6.9 -122.4559340,38.1622260,6.9 -122.4559600,38.1622290,6.9 -122.4559850,38.1622320,6.9 -122.4560110,38.1622340,7.2 -122.4560370,38.1622350,7.2 -122.4560640,38.1622370,7.2 -122.4560910,38.1622370,7.2 -122.4561170,38.1622360,7.2 -122.4561450,38.1622350,7.2 -122.4561730,38.1622340,7.2 -122.4562010,38.1622330,7.2 -122.4562290,38.1622300,7.2 -122.4562580,38.1622280,7.2 -122.4562870,38.1622260,7.9 -122.4563170,38.1622230,7.9 -122.4563470,38.1622210,7.9 -122.4563770,38.1622180,7.9 -122.4564080,38.1622140,7.9 -122.4564380,38.1622110,7.9 -122.4564690,38.1622070,7.9 -122.4565010,38.1622030,7.9 -122.4565330,38.1622000,7.9 -122.4565650,38.1621960,7.9 -122.4565970,38.1621920,8.8 -122.4566300,38.1621880,8.8 -122.4566620,38.1621840,8.8 -122.4566960,38.1621800,8.8 -122.4567290,38.1621750,8.8 -122.4567630,38.1621710,8.8 -122.4567970,38.1621660,8.8 -122.4568310,38.1621610,8.8 -122.4568660,38.1621570,8.8 -122.4569010,38.1621510,8.8 -122.4569350,38.1621460,10.8 -122.4569710,38.1621410,10.8 -122.4570060,38.1621350,10.8 -122.4570410,38.1621290,10.8 -122.4570760,38.1621230,10.8 -122.4571110,38.1621160,10.8 -122.4571460,38.1621080,10.8 -122.4571820,38.1621010,10.8 -122.4572170,38.1620930,10.8 -122.4572530,38.1620850,10.8 -122.4572880,38.1620760,12.9 -122.4573230,38.1620660,12.9 -122.4573580,38.1620560,12.9 -122.4573930,38.1620460,12.9 -122.4574270,38.1620350,12.9 -122.4574620,38.1620240,12.9 -122.4574960,38.1620120,12.9 -122.4575290,38.1619990,12.9 -122.4575630,38.1619860,12.9 -122.4575950,38.1619720,12.9 -122.4576280,38.1619580,16.1 -122.4576600,38.1619430,16.1 -122.4576910,38.1619270,16.1 -122.4577220,38.1619110,16.1 -122.4577530,38.1618950,16.1 -122.4577840,38.1618780,16.1 -122.4578140,38.1618610,16.1 -122.4578440,38.1618450,16.1 -122.4578740,38.1618280,16.1 -122.4579040,38.1618110,16.1 -122.4579340,38.1617930,20.1 -122.4579610,38.1617740,20.1 -122.4579880,38.1617540,20.1 -122.4580150,38.1617340,20.1 -122.4580360,38.1617120,20.1 -122.4580590,38.1616910,20.1 -122.4580820,38.1616710,20.1 -122.4581040,38.1616500,20.1 -122.4581260,38.1616290,20.1 -122.4581470,38.1616080,20.1 -122.4581670,38.1615880,24.4 -122.4581860,38.1615670,24.4 -122.4582050,38.1615460,24.4 -122.4582240,38.1615240,24.4 -122.4582430,38.1615030,24.4 -122.4582610,38.1614830,24.4 -122.4582800,38.1614630,24.4 -122.4582970,38.1614440,24.4 -122.4583150,38.1614250,24.4 -122.4583330,38.1614060,24.4 -122.4583500,38.1613870,29.1 -122.4583670,38.1613690,29.1 -122.4583840,38.1613510,29.1 -122.4584010,38.1613340,29.1 -122.4584170,38.1613170,29.1 -122.4584340,38.1613000,29.1 -122.4584510,38.1612840,29.1 -122.4584680,38.1612690,29.1 -122.4584860,38.1612540,29.1 -122.4585030,38.1612400,29.1 -122.4585210,38.1612270,32.5 -122.4585380,38.1612140,32.5 -122.4585560,38.1612010,32.5 -122.4585740,38.1611890,32.5 -122.4585920,38.1611780,32.5 -122.4586110,38.1611670,32.5 -122.4586290,38.1611570,32.5 -122.4586480,38.1611480,32.5 -122.4586670,38.1611390,32.5 -122.4586860,38.1611300,32.5 -122.4587040,38.1611220,35.7 -122.4587230,38.1611140,35.7 -122.4587430,38.1611070,35.7 -122.4587620,38.1611000,35.7 -122.4587820,38.1610940,35.7 -122.4588010,38.1610890,35.7 -122.4588220,38.1610840,35.7 -122.4588420,38.1610800,35.7 -122.4588620,38.1610760,35.7 -122.4588830,38.1610720,35.7 -122.4589040,38.1610690,38.0 -122.4589250,38.1610670,38.0 -122.4589460,38.1610650,38.0 -122.4589680,38.1610640,38.0 -122.4589890,38.1610640,38.0 -122.4590110,38.1610640,38.0 -122.4590330,38.1610650,38.0 -122.4590560,38.1610670,38.0 -122.4590780,38.1610690,38.0 -122.4591010,38.1610720,38.0 -122.4591240,38.1610760,39.6 -122.4591470,38.1610810,39.6 -122.4591710,38.1610860,39.6 -122.4591940,38.1610940,39.6 -122.4592180,38.1611010,39.6 -122.4592420,38.1611070,39.6 -122.4592650,38.1611140,39.6 -122.4592890,38.1611220,39.6 -122.4593130,38.1611300,39.6 -122.4593370,38.1611390,39.6 -122.4593610,38.1611480,41.0 -122.4593850,38.1611580,41.0 -122.4594100,38.1611690,41.0 -122.4594350,38.1611800,41.0 -122.4594600,38.1611920,41.0 -122.4594850,38.1612050,41.0 -122.4595100,38.1612180,41.0 -122.4595350,38.1612320,41.0 -122.4595610,38.1612460,41.0 -122.4595870,38.1612610,41.0 -122.4596130,38.1612760,42.0 -122.4596390,38.1612920,42.0 -122.4596650,38.1613090,42.0 -122.4596910,38.1613260,42.0 -122.4597170,38.1613430,42.0 -122.4597430,38.1613600,42.0 -122.4597690,38.1613790,42.0 -122.4597960,38.1613970,42.0 -122.4598220,38.1614170,42.0 -122.4598480,38.1614360,42.0 -122.4598740,38.1614560,43.0 -122.4599000,38.1614770,43.0 -122.4599270,38.1614970,43.0 -122.4599530,38.1615180,43.0 -122.4599790,38.1615390,43.0 -122.4600050,38.1615610,43.0 -122.4600310,38.1615830,43.0 -122.4600570,38.1616060,43.0 -122.4600830,38.1616290,43.0 -122.4601090,38.1616520,43.0 -122.4601350,38.1616760,43.6 -122.4601600,38.1617000,43.6 -122.4601860,38.1617250,43.6 -122.4602110,38.1617490,43.6 -122.4602350,38.1617730,43.6 -122.4602580,38.1617980,43.6 -122.4602820,38.1618220,43.6 -122.4603040,38.1618460,43.6 -122.4603270,38.1618700,43.6 -122.4603490,38.1618940,43.6 -122.4603700,38.1619180,43.1 -122.4603920,38.1619420,43.1 -122.4604130,38.1619660,43.1 -122.4604330,38.1619900,43.1 -122.4604540,38.1620130,43.1 -122.4604740,38.1620360,43.1 -122.4604940,38.1620590,43.1 -122.4605140,38.1620820,43.1 -122.4605330,38.1621040,43.1 -122.4605530,38.1621260,43.1 -122.4605720,38.1621480,42.7 -122.4605910,38.1621690,42.7 -122.4606100,38.1621900,42.7 -122.4606290,38.1622110,42.7 -122.4606490,38.1622310,42.7 -122.4606680,38.1622510,42.7 -122.4606870,38.1622700,42.7 -122.4607070,38.1622890,42.7 -122.4607280,38.1623080,42.7 -122.4607480,38.1623260,42.7 -122.4607690,38.1623430,41.4 -122.4607900,38.1623600,41.4 -122.4608130,38.1623750,41.4 -122.4608340,38.1623920,41.4 -122.4608570,38.1624080,41.4 -122.4608800,38.1624230,41.4 -122.4609030,38.1624380,41.4 -122.4609270,38.1624520,41.4 -122.4609510,38.1624660,41.4 -122.4609760,38.1624790,41.4 -122.4610010,38.1624920,41.3 -122.4610260,38.1625040,41.3 -122.4610520,38.1625150,41.3 -122.4610780,38.1625260,41.3 -122.4611040,38.1625360,41.3 -122.4611310,38.1625450,41.3 -122.4611580,38.1625540,41.3 -122.4611850,38.1625620,41.3 -122.4612120,38.1625700,41.3 -122.4612400,38.1625760,41.3 -122.4612680,38.1625820,43.0 -122.4612970,38.1625880,43.0 -122.4613250,38.1625920,43.0 -122.4613540,38.1625970,43.0 -122.4613840,38.1626000,43.0 -122.4614130,38.1626040,43.0 -122.4614420,38.1626070,43.0 -122.4614720,38.1626090,43.0 -122.4615020,38.1626110,43.0 -122.4615310,38.1626130,43.0 -122.4615610,38.1626140,46.6 -122.4615900,38.1626150,46.6 -122.4616190,38.1626150,46.6 -122.4616490,38.1626150,46.6 -122.4616790,38.1626160,46.6 -122.4617080,38.1626160,46.6 -122.4617380,38.1626170,46.6 -122.4617670,38.1626180,46.6 -122.4617960,38.1626190,46.6 -122.4618240,38.1626200,46.6 -122.4618530,38.1626220,49.8 -122.4618810,38.1626250,49.8 -122.4619080,38.1626280,49.8 -122.4619360,38.1626320,49.8 -122.4619640,38.1626370,49.8 -122.4619910,38.1626410,49.8 -122.4620180,38.1626470,49.8 -122.4620450,38.1626540,49.8 -122.4620710,38.1626610,49.8 -122.4620970,38.1626680,49.8 -122.4621230,38.1626760,52.4 -122.4621480,38.1626840,52.4 -122.4621730,38.1626940,52.4 -122.4621980,38.1627040,52.4 -122.4622220,38.1627140,52.4 -122.4622460,38.1627260,52.4 -122.4622700,38.1627370,52.4 -122.4622940,38.1627500,52.4 -122.4623170,38.1627630,52.4 -122.4623410,38.1627760,52.4 -122.4623640,38.1627900,54.0 -122.4623870,38.1628050,54.0 -122.4624100,38.1628200,54.0 -122.4624330,38.1628360,54.0 -122.4624550,38.1628530,54.0 -122.4624780,38.1628700,54.0 -122.4625000,38.1628880,54.0 -122.4625220,38.1629060,54.0 -122.4625450,38.1629250,54.0 -122.4625670,38.1629440,54.0 -122.4625890,38.1629640,54.2 -122.4626110,38.1629840,54.2 -122.4626330,38.1630040,54.2 -122.4626550,38.1630250,54.2 -122.4626770,38.1630460,54.2 -122.4626980,38.1630670,54.2 -122.4627200,38.1630890,54.2 -122.4627410,38.1631120,54.2 -122.4627620,38.1631340,54.2 -122.4627840,38.1631560,54.2 -122.4628050,38.1631780,52.6 -122.4628250,38.1632000,52.6 -122.4628460,38.1632220,52.6 -122.4628660,38.1632430,52.6 -122.4628860,38.1632650,52.6 -122.4629060,38.1632850,52.6 -122.4629250,38.1633060,52.6 -122.4629430,38.1633270,52.6 -122.4629620,38.1633470,52.6 -122.4629790,38.1633670,52.6 -122.4629970,38.1633870,49.8 -122.4630140,38.1634060,49.8 -122.4630310,38.1634260,49.8 -122.4630470,38.1634450,49.8 -122.4630630,38.1634630,49.8 -122.4630790,38.1634820,49.8 -122.4630940,38.1635000,49.8 -122.4631090,38.1635170,49.8 -122.4631240,38.1635350,49.8 -122.4631380,38.1635520,49.8 -122.4631530,38.1635690,47.9 -122.4631660,38.1635860,47.9 -122.4631800,38.1636020,47.9 -122.4631940,38.1636190,47.9 -122.4632070,38.1636350,47.9 -122.4632200,38.1636510,47.9 -122.4632330,38.1636670,47.9 -122.4632450,38.1636820,47.9 -122.4632570,38.1636980,47.9 -122.4632700,38.1637140,47.9 -122.4632810,38.1637290,46.5 -122.4632920,38.1637450,46.5 -122.4633030,38.1637600,46.5 -122.4633130,38.1637750,46.5 -122.4633230,38.1637910,46.5 -122.4633320,38.1638060,46.5 -122.4633400,38.1638210,46.5 -122.4633480,38.1638370,46.5 -122.4633550,38.1638520,46.5 -122.4633610,38.1638680,46.5 -122.4633660,38.1638830,45.2 -122.4633710,38.1638980,45.2 -122.4633750,38.1639140,45.2 -122.4633780,38.1639290,45.2 -122.4633810,38.1639450,45.2 -122.4633830,38.1639600,45.2 -122.4633840,38.1639750,45.2 -122.4633840,38.1639900,45.2 -122.4633830,38.1640050,45.2 -122.4633810,38.1640200,45.2 -122.4633790,38.1640350,43.9 -122.4633760,38.1640500,43.9 -122.4633720,38.1640650,43.9 -122.4633670,38.1640800,43.9 -122.4633610,38.1640950,43.9 -122.4633550,38.1641090,43.9 -122.4633470,38.1641240,43.9 -122.4633390,38.1641390,43.9 -122.4633290,38.1641530,43.9 -122.4633190,38.1641680,43.9 -122.4633070,38.1641820,42.3 -122.4632950,38.1641960,42.3 -122.4632820,38.1642100,42.3 -122.4632680,38.1642230,42.3 -122.4632520,38.1642370,42.3 -122.4632360,38.1642500,42.3 -122.4632190,38.1642630,42.3 -122.4632010,38.1642760,42.3 -122.4631820,38.1642880,42.3 -122.4631610,38.1643010,42.3 -122.4631400,38.1643120,40.1 -122.4631170,38.1643240,40.1 -122.4630940,38.1643350,40.1 -122.4630690,38.1643460,40.1 -122.4630440,38.1643570,40.1 -122.4630170,38.1643680,40.1 -122.4629900,38.1643780,40.1 -122.4629620,38.1643870,40.1 -122.4629330,38.1643980,40.1 -122.4629040,38.1644070,40.1 -122.4628740,38.1644160,37.2 -122.4628440,38.1644250,37.2 -122.4628120,38.1644340,37.2 -122.4627800,38.1644420,37.2 -122.4627480,38.1644510,37.2 -122.4627150,38.1644590,37.2 -122.4626810,38.1644670,37.2 -122.4626460,38.1644740,37.2 -122.4626110,38.1644810,37.2 -122.4625750,38.1644880,37.2 -122.4625380,38.1644950,33.6 -122.4625010,38.1645010,33.6 -122.4624640,38.1645070,33.6 -122.4624260,38.1645130,33.6 -122.4623880,38.1645180,33.6 -122.4623490,38.1645220,33.6 -122.4623100,38.1645270,33.6 -122.4622710,38.1645300,33.6 -122.4622320,38.1645340,33.6 -122.4621930,38.1645360,33.6 -122.4621540,38.1645380,31.8 -122.4621150,38.1645400,31.8 -122.4620750,38.1645410,31.8 -122.4620360,38.1645420,31.8 -122.4619970,38.1645430,31.8 -122.4619580,38.1645420,31.8 -122.4619190,38.1645410,31.8 -122.4618800,38.1645400,31.8 -122.4618410,38.1645370,31.8 -122.4618020,38.1645350,31.8 -122.4617640,38.1645310,30.1 -122.4617250,38.1645270,30.1 -122.4616870,38.1645220,30.1 -122.4616480,38.1645170,30.1 -122.4616100,38.1645110,30.1 -122.4615720,38.1645050,30.1 -122.4615350,38.1644970,30.1 -122.4614980,38.1644890,30.1 -122.4614600,38.1644810,30.1 -122.4614240,38.1644710,30.1 -122.4613870,38.1644610,27.9 -122.4613500,38.1644500,27.9 -122.4613140,38.1644380,27.9 -122.4612780,38.1644260,27.9 -122.4612420,38.1644130,27.9 -122.4612060,38.1644000,27.9 -122.4611710,38.1643850,27.9 -122.4611350,38.1643700,27.9 -122.4611000,38.1643550,27.9 -122.4610660,38.1643380,27.9 -122.4610310,38.1643210,26.1 -122.4609970,38.1643030,26.1 -122.4609640,38.1642850,26.1 -122.4609310,38.1642660,26.1 -122.4608980,38.1642440,26.1 -122.4608650,38.1642220,26.1 -122.4608330,38.1642000,26.1 -122.4608020,38.1641770,26.1 -122.4607700,38.1641540,26.1 -122.4607400,38.1641300,26.1 -122.4607090,38.1641050,26.9 -122.4606800,38.1640800,26.9 -122.4606510,38.1640540,26.9 -122.4606220,38.1640280,26.9 -122.4605930,38.1640010,26.9 -122.4605650,38.1639740,26.9 -122.4605380,38.1639470,26.9 -122.4605110,38.1639180,26.9 -122.4604840,38.1638890,26.9 -122.4604580,38.1638600,26.9 -122.4604320,38.1638300,29.4 -122.4604060,38.1638000,29.4 -122.4603810,38.1637700,29.4 -122.4603570,38.1637400,29.4 -122.4603340,38.1637100,29.4 -122.4603110,38.1636810,29.4 -122.4602870,38.1636510,29.4 -122.4602650,38.1636220,29.4 -122.4602420,38.1635930,29.4 -122.4602200,38.1635630,29.4 -122.4601980,38.1635360,31.8 -122.4601770,38.1635080,31.8 -122.4601550,38.1634810,31.8 -122.4601340,38.1634530,31.8 -122.4601140,38.1634260,31.8 -122.4600930,38.1633990,31.8 -122.4600730,38.1633730,31.8 -122.4600520,38.1633460,31.8 -122.4600330,38.1633210,31.8 -122.4600130,38.1632960,31.8 -122.4599930,38.1632710,32.3 -122.4599730,38.1632460,32.3 -122.4599540,38.1632210,32.3 -122.4599340,38.1631960,32.3 -122.4599150,38.1631720,32.3 -122.4598950,38.1631490,32.3 -122.4598750,38.1631260,32.3 -122.4598560,38.1631030,32.3 -122.4598360,38.1630800,32.3 -122.4598160,38.1630580,32.3 -122.4597960,38.1630360,31.3 -122.4597760,38.1630140,31.3 -122.4597560,38.1629930,31.3 -122.4597350,38.1629720,31.3 -122.4597150,38.1629510,31.3 -122.4596940,38.1629310,31.3 -122.4596720,38.1629120,31.3 -122.4596510,38.1628930,31.3 -122.4596290,38.1628740,31.3 -122.4596070,38.1628560,31.3 -122.4595850,38.1628390,29.1 -122.4595620,38.1628220,29.1 -122.4595390,38.1628050,29.1 -122.4595150,38.1627880,29.1 -122.4594920,38.1627720,29.1 -122.4594680,38.1627570,29.1 -122.4594430,38.1627430,29.1 -122.4594180,38.1627300,29.1 -122.4593930,38.1627170,29.1 -122.4593680,38.1627040,29.1 -122.4593420,38.1626920,26.5 -122.4593160,38.1626800,26.5 -122.4592900,38.1626700,26.5 -122.4592630,38.1626600,26.5 -122.4592360,38.1626500,26.5 -122.4592090,38.1626420,26.5 -122.4591820,38.1626350,26.5 -122.4591550,38.1626280,26.5 -122.4591270,38.1626220,26.5 -122.4591000,38.1626170,26.5 -122.4590720,38.1626130,24.2 -122.4590440,38.1626120,24.2 -122.4590160,38.1626100,24.2 -122.4589880,38.1626080,24.2 -122.4589590,38.1626070,24.2 -122.4589300,38.1626070,24.2 -122.4589020,38.1626070,24.2 -122.4588730,38.1626070,24.2 -122.4588440,38.1626090,24.2 -122.4588150,38.1626110,24.2 -122.4587860,38.1626140,22.5 -122.4587570,38.1626170,22.5 -122.4587290,38.1626220,22.5 -122.4587010,38.1626270,22.5 -122.4586720,38.1626340,22.5 -122.4586450,38.1626410,22.5 -122.4586170,38.1626490,22.5 -122.4585900,38.1626580,22.5 -122.4585630,38.1626680,22.5 -122.4585370,38.1626780,22.5 -122.4585110,38.1626890,20.3 -122.4584850,38.1627010,20.3 -122.4584600,38.1627130,20.3 -122.4584360,38.1627260,20.3 -122.4584120,38.1627400,20.3 -122.4583880,38.1627550,20.3 -122.4583660,38.1627700,20.3 -122.4583440,38.1627860,20.3 -122.4583220,38.1628030,20.3 -122.4583010,38.1628200,20.3 -122.4582820,38.1628380,17.7 -122.4582620,38.1628560,17.7 -122.4582440,38.1628750,17.7 -122.4582260,38.1628940,17.7 -122.4582090,38.1629140,17.7 -122.4581930,38.1629350,17.7 -122.4581770,38.1629560,17.7 -122.4581630,38.1629770,17.7 -122.4581480,38.1629980,17.7 -122.4581350,38.1630210,17.7 -122.4581230,38.1630430,14.8 -122.4581110,38.1630670,14.8 -122.4581010,38.1630910,14.8 -122.4580920,38.1631150,14.8 -122.4580830,38.1631400,14.8 -122.4580750,38.1631640,14.8 -122.4580680,38.1631890,14.8 -122.4580630,38.1632150,14.8 -122.4580590,38.1632410,14.8 -122.4580550,38.1632670,14.8 -122.4580530,38.1632930,12.4 -122.4580530,38.1633190,12.4 -122.4580530,38.1633460,12.4 -122.4580540,38.1633720,12.4 -122.4580570,38.1633990,12.4 -122.4580610,38.1634250,12.4 -122.4580660,38.1634520,12.4 -122.4580720,38.1634790,12.4 -122.4580790,38.1635060,12.4 -122.4580870,38.1635330,12.4 -122.4580970,38.1635590,12.3 -122.4581070,38.1635860,12.3 -122.4581180,38.1636120,12.3 -122.4581290,38.1636370,12.3 -122.4581420,38.1636630,12.3 -122.4581550,38.1636890,12.3 -122.4581700,38.1637150,12.3 -122.4581850,38.1637400,12.3 -122.4582000,38.1637660,12.3 -122.4582180,38.1637920,12.3 -122.4582350,38.1638170,14.3 -122.4582540,38.1638430,14.3 -122.4582740,38.1638680,14.3 -122.4582960,38.1638940,14.3 -122.4583170,38.1639190,14.3 -122.4583390,38.1639440,14.3 -122.4583620,38.1639680,14.3 -122.4583860,38.1639930,14.3 -122.4584110,38.1640170,14.3 -122.4584360,38.1640410,14.3 -122.4584630,38.1640650,16.1 -122.4584900,38.1640890,16.1 -122.4585180,38.1641130,16.1 -122.4585470,38.1641370,16.1 -122.4585760,38.1641610,16.1 -122.4586070,38.1641840,16.1 -122.4586370,38.1642070,16.1 -122.4586680,38.1642310,16.1 -122.4586990,38.1642540,16.1 -122.4587310,38.1642770,16.1 -122.4587640,38.1642990,17.8 -122.4587970,38.1643220,17.8 -122.4588310,38.1643450,17.8 -122.4588650,38.1643670,17.8 -122.4589000,38.1643900,17.8 -122.4589350,38.1644120,17.8 -122.4589710,38.1644340,17.8 -122.4590060,38.1644560,17.8 -122.4590420,38.1644780,17.8 -122.4590790,38.1644990,17.8 -122.4591160,38.1645210,19.5 -122.4591530,38.1645420,19.5 -122.4591900,38.1645630,19.5 -122.4592280,38.1645840,19.5 -122.4592670,38.1646050,19.5 -122.4593050,38.1646250,19.5 -122.4593440,38.1646460,19.5 -122.4593840,38.1646660,19.5 -122.4594240,38.1646860,19.5 -122.4594640,38.1647060,19.5 -122.4595040,38.1647260,21.5 -122.4595450,38.1647460,21.5 -122.4595860,38.1647660,21.5 -122.4596280,38.1647850,21.5 -122.4596700,38.1648050,21.5 -122.4597120,38.1648240,21.5 -122.4597540,38.1648430,21.5 -122.4597970,38.1648630,21.5 -122.4598400,38.1648820,21.5 -122.4598830,38.1649000,21.5 -122.4599270,38.1649190,23.4 -122.4599710,38.1649380,23.4 -122.4600160,38.1649560,23.4 -122.4600610,38.1649750,23.4 -122.4601060,38.1649940,23.4 -122.4601510,38.1650120,23.4 -122.4601960,38.1650300,23.4 -122.4602420,38.1650490,23.4 -122.4602880,38.1650670,23.4 -122.4603340,38.1650850,23.4 -122.4603810,38.1651040,25.4 -122.4604270,38.1651220,25.4 -122.4604740,38.1651400,25.4 -122.4605210,38.1651590,25.4 -122.4605680,38.1651770,25.4 -122.4606150,38.1651950,25.4 -122.4606620,38.1652130,25.4 -122.4607080,38.1652320,25.4 -122.4607530,38.1652490,25.4 -122.4607980,38.1652670,25.4 -122.4608430,38.1652840,27.3 -122.4608870,38.1653020,27.3 -122.4609310,38.1653190,27.3 -122.4609740,38.1653360,27.3 -122.4610160,38.1653530,27.3 -122.4610580,38.1653700,27.3 -122.4611000,38.1653860,27.3 -122.4611410,38.1654020,27.3 -122.4611810,38.1654180,27.3 -122.4612210,38.1654340,27.3 -122.4612600,38.1654500,29.4 -122.4612990,38.1654650,29.4 -122.4613370,38.1654800,29.4 -122.4613740,38.1654950,29.4 -122.4614100,38.1655100,29.4 -122.4614460,38.1655250,29.4 -122.4614820,38.1655390,29.4 -122.4615160,38.1655530,29.4 -122.4615500,38.1655670,29.4 -122.4615830,38.1655800,29.4 -122.4616150,38.1655920,31.7 -122.4616470,38.1656050,31.7 -122.4616790,38.1656180,31.7 -122.4617100,38.1656300,31.7 -122.4617400,38.1656420,31.7 -122.4617700,38.1656540,31.7 -122.4618000,38.1656660,31.7 -122.4618290,38.1656780,31.7 -122.4618580,38.1656890,31.7 -122.4618870,38.1657000,31.7 -122.4619140,38.1657110,33.0 -122.4619420,38.1657220,33.0 -122.4619690,38.1657330,33.0 -122.4619960,38.1657430,33.0 -122.4620220,38.1657540,33.0 -122.4620480,38.1657640,33.0 -122.4620740,38.1657750,33.0 -122.4620990,38.1657850,33.0 -122.4621240,38.1657950,33.0 -122.4621480,38.1658050,33.0 -122.4621720,38.1658160,34.2 -122.4621950,38.1658260,34.2 -122.4622170,38.1658360,34.2 -122.4622400,38.1658460,34.2 -122.4622620,38.1658560,34.2 -122.4622830,38.1658670,34.2 -122.4623030,38.1658770,34.2 -122.4623240,38.1658880,34.2 -122.4623430,38.1658980,34.2 -122.4623620,38.1659100,34.2 -122.4623800,38.1659210,35.0 -122.4623980,38.1659330,35.0 -122.4624150,38.1659450,35.0 -122.4624320,38.1659570,35.0 -122.4624480,38.1659700,35.0 -122.4624630,38.1659820,35.0 -122.4624770,38.1659950,35.0 -122.4624910,38.1660080,35.0 -122.4625040,38.1660210,35.0 -122.4625160,38.1660350,35.0 -122.4625270,38.1660490,35.0 -122.4625370,38.1660630,35.0 -122.4625470,38.1660770,35.0 -122.4625550,38.1660900,35.0 -122.4625630,38.1661040,35.0 -122.4625700,38.1661180,35.0 -122.4625750,38.1661330,35.0 -122.4625800,38.1661470,35.0 -122.4625840,38.1661620,35.0 -122.4625870,38.1661770,35.0 -122.4625890,38.1661920,35.1 -122.4625900,38.1662070,35.1 -122.4625900,38.1662220,35.1 -122.4625890,38.1662370,35.1 -122.4625870,38.1662520,35.1 -122.4625840,38.1662670,35.1 -122.4625800,38.1662820,35.1 -122.4625750,38.1662970,35.1 -122.4625690,38.1663120,35.1 -122.4625620,38.1663260,35.1 -122.4625540,38.1663400,35.5 -122.4625450,38.1663540,35.5 -122.4625350,38.1663670,35.5 -122.4625250,38.1663800,35.5 -122.4625130,38.1663930,35.5 -122.4625000,38.1664050,35.5 -122.4624870,38.1664170,35.5 -122.4624730,38.1664280,35.5 -122.4624580,38.1664390,35.5 -122.4624420,38.1664490,35.5 -122.4624250,38.1664590,35.5 -122.4624080,38.1664680,35.5 -122.4623910,38.1664770,35.5 -122.4623720,38.1664850,35.5 -122.4623530,38.1664920,35.5 -122.4623340,38.1664990,35.5 -122.4623140,38.1665060,35.5 -122.4622940,38.1665120,35.5 -122.4622730,38.1665170,35.5 -122.4622510,38.1665220,35.5 -122.4622290,38.1665270,35.3 -122.4622070,38.1665300,35.3 -122.4621840,38.1665330,35.3 -122.4621610,38.1665340,35.3 -122.4621380,38.1665360,35.3 -122.4621150,38.1665360,35.3 -122.4620910,38.1665360,35.3 -122.4620670,38.1665360,35.3 -122.4620430,38.1665340,35.3 -122.4620180,38.1665320,35.3 -122.4619930,38.1665280,34.8 -122.4619680,38.1665240,34.8 -122.4619420,38.1665190,34.8 -122.4619170,38.1665130,34.8 -122.4618910,38.1665070,34.8 -122.4618650,38.1665010,34.8 -122.4618390,38.1664930,34.8 -122.4618130,38.1664850,34.8 -122.4617870,38.1664760,34.8 -122.4617610,38.1664670,34.8 -122.4617350,38.1664560,34.5 -122.4617090,38.1664450,34.5 -122.4616830,38.1664340,34.5 -122.4616560,38.1664210,34.5 -122.4616300,38.1664090,34.5 -122.4616040,38.1663950,34.5 -122.4615780,38.1663800,34.5 -122.4615510,38.1663650,34.5 -122.4615240,38.1663490,34.5 -122.4614970,38.1663330,34.5 -122.4614710,38.1663170,33.7 -122.4614440,38.1662990,33.7 -122.4614170,38.1662820,33.7 -122.4613900,38.1662640,33.7 -122.4613620,38.1662460,33.7 -122.4613340,38.1662270,33.7 -122.4613060,38.1662080,33.7 -122.4612770,38.1661890,33.7 -122.4612480,38.1661690,33.7 -122.4612190,38.1661500,33.7 -122.4611890,38.1661290,32.7 -122.4611590,38.1661090,32.7 -122.4611280,38.1660890,32.7 -122.4610970,38.1660690,32.7 -122.4610650,38.1660480,32.7 -122.4610330,38.1660270,32.7 -122.4610000,38.1660060,32.7 -122.4609660,38.1659850,32.7 -122.4609320,38.1659640,32.7 -122.4608970,38.1659430,32.7 -122.4608610,38.1659230,31.3 -122.4608250,38.1659020,31.3 -122.4607890,38.1658820,31.3 -122.4607520,38.1658610,31.3 -122.4607140,38.1658410,31.3 -122.4606760,38.1658210,31.3 -122.4606370,38.1658010,31.3 -122.4605980,38.1657830,31.3 -122.4605590,38.1657640,31.3 -122.4605190,38.1657450,31.3 -122.4604790,38.1657270,29.7 -122.4604390,38.1657090,29.7 -122.4603990,38.1656910,29.7 -122.4603600,38.1656740,29.7 -122.4603210,38.1656570,29.7 -122.4602810,38.1656390,29.7 -122.4602420,38.1656220,29.7 -122.4602030,38.1656040,29.7 -122.4601650,38.1655870,29.7 -122.4601270,38.1655690,29.7 -122.4600900,38.1655520,28.0 -122.4600530,38.1655340,28.0 -122.4600170,38.1655150,28.0 -122.4599810,38.1654970,28.0 -122.4599470,38.1654780,28.0 -122.4599130,38.1654580,28.0 -122.4598790,38.1654390,28.0 -122.4598460,38.1654200,28.0 -122.4598130,38.1654000,28.0 -122.4597820,38.1653800,28.0 -122.4597500,38.1653610,26.5 -122.4597190,38.1653410,26.5 -122.4596880,38.1653200,26.5 -122.4596580,38.1653000,26.5 -122.4596280,38.1652800,26.5 -122.4595980,38.1652600,26.5 -122.4595670,38.1652410,26.5 -122.4595380,38.1652220,26.5 -122.4595070,38.1652030,26.5 -122.4594770,38.1651840,26.5 -122.4594470,38.1651670,25.4 -122.4594160,38.1651490,25.4 -122.4593850,38.1651320,25.4 -122.4593550,38.1651160,25.4 -122.4593230,38.1651000,25.4 -122.4592920,38.1650850,25.4 -122.4592600,38.1650700,25.4 -122.4592280,38.1650560,25.4 -122.4591960,38.1650420,25.4 -122.4591630,38.1650300,25.4 -122.4591300,38.1650180,24.2 -122.4590970,38.1650060,24.2 -122.4590630,38.1649950,24.2 -122.4590280,38.1649850,24.2 -122.4589940,38.1649750,24.2 -122.4589590,38.1649660,24.2 -122.4589230,38.1649570,24.2 -122.4588870,38.1649490,24.2 -122.4588500,38.1649420,24.2 -122.4588130,38.1649350,24.2 -122.4587760,38.1649290,22.8 -122.4587380,38.1649230,22.8 -122.4586990,38.1649170,22.8 -122.4586600,38.1649130,22.8 -122.4586200,38.1649090,22.8 -122.4585810,38.1649050,22.8 -122.4585400,38.1649010,22.8 -122.4585000,38.1648970,22.8 -122.4584590,38.1648920,22.8 -122.4584180,38.1648880,22.8 -122.4583770,38.1648830,21.3 -122.4583350,38.1648780,21.3 -122.4582940,38.1648720,21.3 -122.4582540,38.1648660,21.3 -122.4582130,38.1648590,21.3 -122.4581720,38.1648510,21.3 -122.4581310,38.1648410,21.3 -122.4580900,38.1648310,21.3 -122.4580490,38.1648210,21.3 -122.4580080,38.1648100,21.3 -122.4579670,38.1647970,20.0 -122.4579260,38.1647850,20.0 -122.4578860,38.1647710,20.0 -122.4578460,38.1647560,20.0 -122.4578050,38.1647410,20.0 -122.4577650,38.1647250,20.0 -122.4577250,38.1647090,20.0 -122.4576850,38.1646910,20.0 -122.4576440,38.1646730,20.0 -122.4576040,38.1646550,20.0 -122.4575640,38.1646360,20.0 -122.4575230,38.1646160,20.0 -122.4574830,38.1645950,20.0 -122.4574430,38.1645740,20.0 -122.4574030,38.1645530,20.0 -122.4573630,38.1645320,20.0 -122.4573230,38.1645090,20.0 -122.4572820,38.1644870,20.0 -122.4572420,38.1644630,20.0 -122.4572020,38.1644400,20.0 -122.4571610,38.1644160,19.5 -122.4571200,38.1643920,19.5 -122.4570790,38.1643670,19.5 -122.4570380,38.1643420,19.5 -122.4569970,38.1643170,19.5 -122.4569550,38.1642910,19.5 -122.4569130,38.1642660,19.5 -122.4568710,38.1642400,19.5 -122.4568290,38.1642140,19.5 -122.4567860,38.1641880,19.5 -122.4567450,38.1641610,16.9 -122.4567030,38.1641360,16.9 -122.4566610,38.1641090,16.9 -122.4566200,38.1640840,16.9 -122.4565790,38.1640580,16.9 -122.4565380,38.1640320,16.9 -122.4564980,38.1640070,16.9 -122.4564580,38.1639810,16.9 -122.4564180,38.1639560,16.9 -122.4563790,38.1639310,16.9 -122.4563400,38.1639070,14.4 -122.4563020,38.1638820,14.4 -122.4562640,38.1638580,14.4 -122.4562270,38.1638350,14.4 -122.4561910,38.1638110,14.4 -122.4561550,38.1637880,14.4 -122.4561200,38.1637650,14.4 -122.4560850,38.1637430,14.4 -122.4560510,38.1637210,14.4 -122.4560170,38.1636990,14.4 -122.4559840,38.1636770,13.1 -122.4559510,38.1636560,13.1 -122.4559190,38.1636350,13.1 -122.4558870,38.1636140,13.1 -122.4558560,38.1635940,13.1 -122.4558260,38.1635740,13.1 -122.4557960,38.1635540,13.1 -122.4557660,38.1635340,13.1 -122.4557380,38.1635150,13.1 -122.4557090,38.1634970,13.1 -122.4556820,38.1634780,12.1 -122.4556550,38.1634600,12.1 -122.4556290,38.1634430,12.1 -122.4556030,38.1634250,12.1 -122.4555780,38.1634090,12.1 -122.4555530,38.1633920,12.1 -122.4555290,38.1633750,12.1 -122.4555050,38.1633590,12.1 -122.4554830,38.1633440,12.1 -122.4554600,38.1633290,12.1 -122.4554390,38.1633130,11.5 -122.4554180,38.1632990,11.5 -122.4553970,38.1632840,11.5 -122.4553770,38.1632700,11.5 -122.4553580,38.1632550,11.5 -122.4553390,38.1632420,11.5 -122.4553210,38.1632280,11.5 -122.4553040,38.1632150,11.5 -122.4552860,38.1632020,11.5 -122.4552700,38.1631890,11.5 -122.4552550,38.1631760,11.0 -122.4552400,38.1631630,11.0 -122.4552250,38.1631510,11.0 -122.4552120,38.1631380,11.0 -122.4551990,38.1631260,11.0 -122.4551860,38.1631140,11.0 -122.4551750,38.1631010,11.0 -122.4551640,38.1630890,11.0 -122.4551530,38.1630770,11.0 -122.4551440,38.1630640,11.0 -122.4551350,38.1630520,10.5 -122.4551270,38.1630400,10.5 -122.4551200,38.1630270,10.5 -122.4551130,38.1630150,10.5 -122.4551070,38.1630020,10.5 -122.4551020,38.1629900,10.5 -122.4550980,38.1629770,10.5 -122.4550930,38.1629640,10.5 -122.4550900,38.1629510,10.5 -122.4550880,38.1629370,10.5 -122.4550870,38.1629240,10.1 -122.4550860,38.1629120,10.1 -122.4550860,38.1628980,10.1 -122.4550860,38.1628840,10.1 -122.4550880,38.1628710,10.1 -122.4550900,38.1628590,10.1 -122.4550920,38.1628460,10.1 -122.4550940,38.1628340,10.1 -122.4550960,38.1628210,10.1 -122.4550980,38.1628090,10.1 -122.4550990,38.1627960,10.8 -122.4551010,38.1627830,10.8 -122.4551020,38.1627700,10.8 -122.4551020,38.1627570,10.8 -122.4551010,38.1627440,10.8 -122.4551000,38.1627310,10.8 -122.4550980,38.1627180,10.8 -122.4550950,38.1627050,10.8 -122.4550910,38.1626920,10.8 -122.4550870,38.1626780,10.8 -122.4550820,38.1626660,10.5 -122.4550750,38.1626530,10.5 -122.4550680,38.1626410,10.5 -122.4550600,38.1626290,10.5 -122.4550520,38.1626170,10.5 -122.4550410,38.1626050,10.5 -122.4550310,38.1625930,10.5 -122.4550190,38.1625820,10.5 -122.4550060,38.1625710,10.5 -122.4549930,38.1625600,10.5 -122.4549790,38.1625490,10.2 -122.4549630,38.1625390,10.2 -122.4549470,38.1625280,10.2 -122.4549300,38.1625190,10.2 -122.4549120,38.1625090,10.2 -122.4548930,38.1625000,10.2 -122.4548730,38.1624920,10.2 -122.4548530,38.1624830,10.2 -122.4548310,38.1624750,10.2 -122.4548090,38.1624680,10.2 -122.4547860,38.1624610,10.0 -122.4547630,38.1624540,10.0 -122.4547380,38.1624470,10.0 -122.4547130,38.1624410,10.0 -122.4546870,38.1624350,10.0 -122.4546610,38.1624300,10.0 -122.4546340,38.1624250,10.0 -122.4546070,38.1624200,10.0 -122.4545790,38.1624160,10.0 -122.4545500,38.1624120,10.0 -122.4545220,38.1624080,9.8 -122.4544920,38.1624050,9.8 -122.4544630,38.1624010,9.8 -122.4544330,38.1623970,9.8 -122.4544020,38.1623940,9.8 -122.4543710,38.1623900,9.8 -122.4543400,38.1623850,9.8 -122.4543080,38.1623810,9.8 -122.4542760,38.1623770,9.8 -122.4542440,38.1623720,9.8 -122.4542110,38.1623670,9.3 -122.4541780,38.1623610,9.3 -122.4541450,38.1623550,9.3 -122.4541110,38.1623500,9.3 -122.4540780,38.1623430,9.3 -122.4540440,38.1623360,9.3 -122.4540100,38.1623290,9.3 -122.4539760,38.1623210,9.3 -122.4539430,38.1623130,9.3 -122.4539090,38.1623040,9.3 -122.4538760,38.1622950,8.7 -122.4538420,38.1622850,8.7 -122.4538090,38.1622740,8.7 -122.4537750,38.1622630,8.7 -122.4537420,38.1622510,8.7 -122.4537080,38.1622380,8.7 -122.4536750,38.1622250,8.7 -122.4536420,38.1622110,8.7 -122.4536090,38.1621960,8.7 -122.4535760,38.1621810,8.7 -122.4535440,38.1621650,8.1 -122.4535120,38.1621480,8.1 -122.4534800,38.1621310,8.1 -122.4534490,38.1621130,8.1 -122.4534180,38.1620940,8.1 -122.4533870,38.1620740,8.1 -122.4533570,38.1620550,8.1 -122.4533280,38.1620340,8.1 -122.4532990,38.1620120,8.1 -122.4532710,38.1619900,8.1 -122.4532430,38.1619670,7.9 -122.4532160,38.1619440,7.9 -122.4531890,38.1619200,7.9 -122.4531630,38.1618960,7.9 -122.4531380,38.1618710,7.9 -122.4531130,38.1618460,7.9 -122.4530890,38.1618200,7.9 -122.4530650,38.1617930,7.9 -122.4530420,38.1617660,7.9 -122.4530200,38.1617390,7.9 -122.4529970,38.1617110,7.8 -122.4529760,38.1616830,7.8 -122.4529550,38.1616540,7.8 -122.4529350,38.1616250,7.8 -122.4529150,38.1615950,7.8 -122.4528960,38.1615650,7.8 -122.4528780,38.1615350,7.8 -122.4528600,38.1615050,7.8 -122.4528430,38.1614730,7.8 -122.4528270,38.1614420,7.8 -122.4528110,38.1614110,7.7 -122.4527950,38.1613800,7.7 -122.4527800,38.1613480,7.7 -122.4527650,38.1613170,7.7 -122.4527500,38.1612870,7.7 -122.4527360,38.1612560,7.7 -122.4527220,38.1612260,7.7 -122.4527080,38.1611960,7.7 -122.4526950,38.1611660,7.7 -122.4526830,38.1611370,7.7 -122.4526700,38.1611080,7.7 -122.4526580,38.1610790,7.7 -122.4526470,38.1610520,7.7 -122.4526350,38.1610250,7.7 -122.4526240,38.1609990,7.7 -122.4526130,38.1609730,7.7 -122.4526030,38.1609470,7.7 -122.4525920,38.1609220,7.7 -122.4525830,38.1608970,7.7 -122.4525730,38.1608730,7.7 -122.4525630,38.1608490,7.6 -122.4525540,38.1608260,7.6 -122.4525450,38.1608030,7.6 -122.4525360,38.1607800,7.6 -122.4525270,38.1607580,7.6 -122.4525190,38.1607360,7.6 -122.4525100,38.1607150,7.6 -122.4525020,38.1606940,7.6 -122.4524930,38.1606740,7.6 -122.4524850,38.1606530,7.6 -122.4524780,38.1606330,7.4 -122.4524700,38.1606140,7.4 -122.4524630,38.1605950,7.4 -122.4524560,38.1605760,7.4 -122.4524490,38.1605580,7.4 -122.4524430,38.1605400,7.4 -122.4524360,38.1605230,7.4 -122.4524300,38.1605050,7.4 -122.4524240,38.1604880,7.4 -122.4524180,38.1604720,7.4 -122.4524130,38.1604550,7.6 -122.4524070,38.1604390,7.6 -122.4524020,38.1604230,7.6 -122.4523970,38.1604080,7.6 -122.4523920,38.1603920,7.6 -122.4523880,38.1603770,7.6 -122.4523830,38.1603630,7.6 -122.4523790,38.1603490,7.6 -122.4523760,38.1603350,7.6 -122.4523720,38.1603210,7.6 -122.4523690,38.1603070,7.6 -122.4523660,38.1602940,7.6 -122.4523640,38.1602810,7.6 -122.4523620,38.1602670,7.6 -122.4523610,38.1602540,7.6 -122.4523610,38.1602410,7.6 -122.4523600,38.1602280,7.6 -122.4523610,38.1602150,7.6 -122.4523620,38.1602030,7.6 -122.4523640,38.1601900,7.6 -122.4523660,38.1601780,7.5 -122.4523690,38.1601660,7.5 -122.4523730,38.1601550,7.5 -122.4523770,38.1601440,7.5 -122.4523810,38.1601330,7.5 -122.4523870,38.1601250,7.5 -122.4523930,38.1601160,7.5 -122.4524000,38.1601070,7.5 -122.4524070,38.1600980,7.5 -122.4524150,38.1600900,7.5 -122.4524230,38.1600820,8.1 -122.4524320,38.1600750,8.1 -122.4524420,38.1600680,8.1 -122.4524510,38.1600620,8.1 -122.4524620,38.1600570,8.1 -122.4524730,38.1600530,8.1 -122.4524840,38.1600490,8.1 -122.4524950,38.1600460,8.1 -122.4525070,38.1600430,8.1 -122.4525190,38.1600410,8.1 -122.4525320,38.1600400,8.6 -122.4525450,38.1600390,8.6 -122.4525580,38.1600390,8.6 -122.4525720,38.1600410,8.6 -122.4525860,38.1600430,8.6 -122.4526010,38.1600470,8.6 -122.4526160,38.1600510,8.6 -122.4526300,38.1600560,8.6 -122.4526460,38.1600610,8.6 -122.4526610,38.1600670,8.6 -122.4526760,38.1600740,8.5 -122.4526920,38.1600810,8.5 -122.4527080,38.1600890,8.5 -122.4527240,38.1600980,8.5 -122.4527400,38.1601070,8.5 -122.4527560,38.1601170,8.5 -122.4527720,38.1601280,8.5 -122.4527890,38.1601380,8.5 -122.4528060,38.1601500,8.5 -122.4528230,38.1601620,8.5 -122.4528410,38.1601750,8.6 -122.4528580,38.1601880,8.6 -122.4528760,38.1602030,8.6 -122.4528940,38.1602190,8.6 -122.4529130,38.1602340,8.6 -122.4529320,38.1602490,8.6 -122.4529510,38.1602650,8.6 -122.4529700,38.1602810,8.6 -122.4529890,38.1602980,8.6 -122.4530090,38.1603140,8.6 -122.4530280,38.1603310,9.4 -122.4530480,38.1603490,9.4 -122.4530690,38.1603670,9.4 -122.4530890,38.1603850,9.4 -122.4531100,38.1604030,9.4 -122.4531320,38.1604220,9.4 -122.4531540,38.1604410,9.4 -122.4531760,38.1604600,9.4 -122.4531990,38.1604800,9.4 -122.4532220,38.1605000,9.4 -122.4532460,38.1605210,9.7 -122.4532700,38.1605410,9.7 -122.4532940,38.1605620,9.7 -122.4533190,38.1605830,9.7 -122.4533450,38.1606050,9.7 -122.4533710,38.1606260,9.7 -122.4533970,38.1606480,9.7 -122.4534240,38.1606700,9.7 -122.4534510,38.1606920,9.7 -122.4534780,38.1607140,9.7 -122.4535060,38.1607370,10.2 -122.4535340,38.1607590,10.2 -122.4535630,38.1607820,10.2 -122.4535920,38.1608050,10.2 -122.4536210,38.1608280,10.2 -122.4536510,38.1608510,10.2 -122.4536820,38.1608750,10.2 -122.4537130,38.1608980,10.2 -122.4537440,38.1609220,10.2 -122.4537750,38.1609450,10.2 -122.4538070,38.1609690,10.4 -122.4538400,38.1609930,10.4 -122.4538730,38.1610170,10.4 -122.4539060,38.1610410,10.4 -122.4539400,38.1610650,10.4 -122.4539740,38.1610900,10.4 -122.4540080,38.1611140,10.4 -122.4540430,38.1611380,10.4 -122.4540780,38.1611630,10.4 -122.4541130,38.1611880,10.4 -122.4541490,38.1612130,10.7 -122.4541850,38.1612370,10.7 -122.4542220,38.1612620,10.7 -122.4542590,38.1612870,10.7 -122.4542950,38.1613120,10.7 -122.4543320,38.1613370,10.7 -122.4543690,38.1613620,10.7 -122.4544060,38.1613870,10.7 -122.4544420,38.1614110,10.7 -122.4544780,38.1614350,10.7 -122.4545140,38.1614590,11.0 -122.4545490,38.1614820,11.0 -122.4545840,38.1615060,11.0 -122.4546190,38.1615290,11.0 -122.4546530,38.1615510,11.0 -122.4546870,38.1615730,11.0 -122.4547200,38.1615950,11.0 -122.4547520,38.1616160,11.0 -122.4547840,38.1616370,11.0 -122.4548160,38.1616580,11.0 -122.4548470,38.1616790,11.1 -122.4548770,38.1616990,11.1 -122.4549070,38.1617180,11.1 -122.4549370,38.1617370,11.1 -122.4549660,38.1617560,11.1 -122.4549940,38.1617750,11.1 -122.4550230,38.1617940,11.1 -122.4550510,38.1618120,11.1 -122.4550780,38.1618290,11.1 -122.4551050,38.1618470,11.1 -122.4551310,38.1618640,11.1 -122.4551580,38.1618810,11.1 -122.4551840,38.1618980,11.1 -122.4552090,38.1619150,11.1 -122.4552340,38.1619310,11.1 -122.4552590,38.1619470,11.1 -122.4552830,38.1619620,11.1 -122.4553080,38.1619780,11.1 -122.4553320,38.1619930,11.1 -122.4553550,38.1620080,11.1 -122.4553790,38.1620230,11.3 -122.4554020,38.1620380,11.3 -122.4554250,38.1620520,11.3 -122.4554470,38.1620650,11.3 -122.4554700,38.1620790,11.3 -122.4554930,38.1620920,11.3 -122.4555160,38.1621050,11.3 -122.4555390,38.1621160,11.3 -122.4555620,38.1621280,11.3 -122.4555850,38.1621390,11.3 -122.4556090,38.1621490,11.4 -122.4556320,38.1621590,11.4 -122.4556560,38.1621680,11.4 -122.4556790,38.1621760,11.4 -122.4557040,38.1621840,11.4 -122.4557280,38.1621920,11.4 -122.4557530,38.1621990,11.4 -122.4557780,38.1622060,11.4 -122.4558040,38.1622110,11.4 -122.4558310,38.1622160,11.4 -122.4558570,38.1622210,11.5 -122.4558850,38.1622250,11.5 -122.4559130,38.1622290,11.5 -122.4559410,38.1622320,11.5 -122.4559700,38.1622340,11.5 -122.4559990,38.1622360,11.5 -122.4560290,38.1622380,11.5 -122.4560590,38.1622390,11.5 -122.4560900,38.1622390,11.5 -122.4561200,38.1622380,11.5 -122.4561520,38.1622380,11.7 -122.4561830,38.1622360,11.7 -122.4562150,38.1622350,11.7 -122.4562480,38.1622330,11.7 -122.4562800,38.1622300,11.7 -122.4563130,38.1622280,11.7 -122.4563470,38.1622250,11.7 -122.4563800,38.1622210,11.7 -122.4564140,38.1622170,11.7 -122.4564470,38.1622130,11.7 -122.4564810,38.1622090,12.2 -122.4565160,38.1622050,12.2 -122.4565510,38.1622000,12.2 -122.4565860,38.1621960,12.2 -122.4566210,38.1621910,12.2 -122.4566570,38.1621860,12.2 -122.4566930,38.1621800,12.2 -122.4567300,38.1621750,12.2 -122.4567660,38.1621700,12.2 -122.4568030,38.1621640,12.2 -122.4568390,38.1621590,13.6 -122.4568760,38.1621520,13.6 -122.4569130,38.1621460,13.6 -122.4569500,38.1621400,13.6 -122.4569870,38.1621340,13.6 -122.4570240,38.1621270,13.6 -122.4570610,38.1621200,13.6 -122.4570980,38.1621130,13.6 -122.4571350,38.1621050,13.6 -122.4571720,38.1620970,13.6 -122.4572080,38.1620890,15.9 -122.4572450,38.1620800,15.9 -122.4572810,38.1620710,15.9 -122.4573170,38.1620610,15.9 -122.4573530,38.1620510,15.9 -122.4573890,38.1620410,15.9 -122.4574240,38.1620300,15.9 -122.4574590,38.1620190,15.9 -122.4574930,38.1620070,15.9 -122.4575270,38.1619940,15.9 -122.4575610,38.1619810,19.0 -122.4575940,38.1619670,19.0 -122.4576260,38.1619530,19.0 -122.4576590,38.1619380,19.0 -122.4576900,38.1619230,19.0 -122.4577210,38.1619070,19.0 -122.4577520,38.1618910,19.0 -122.4577820,38.1618750,19.0 -122.4578130,38.1618580,19.0 -122.4578430,38.1618410,19.0 -122.4578710,38.1618240,23.3 -122.4578980,38.1618060,23.3 -122.4579250,38.1617890,23.3 -122.4579520,38.1617700,23.3 -122.4579770,38.1617520,23.3 -122.4580020,38.1617330,23.3 -122.4580270,38.1617130,23.3 -122.4580500,38.1616930,23.3 -122.4580720,38.1616730,23.3 -122.4580940,38.1616530,23.3 -122.4581160,38.1616320,27.6 -122.4581370,38.1616110,27.6 -122.4581570,38.1615900,27.6 -122.4581760,38.1615690,27.6 -122.4581950,38.1615480,27.6 -122.4582140,38.1615270,27.6 -122.4582330,38.1615070,27.6 -122.4582510,38.1614870,27.6 -122.4582690,38.1614670,27.6 -122.4582860,38.1614480,27.6 -122.4583030,38.1614280,32.3 -122.4583200,38.1614090,32.3 -122.4583370,38.1613900,32.3 -122.4583540,38.1613710,32.3 -122.4583710,38.1613530,32.3 -122.4583880,38.1613360,32.3 -122.4584050,38.1613180,32.3 -122.4584220,38.1613010,32.3 -122.4584380,38.1612850,32.3 -122.4584560,38.1612690,32.3 -122.4584730,38.1612540,35.5 -122.4584910,38.1612400,35.5 -122.4585090,38.1612260,35.5 -122.4585270,38.1612130,35.5 -122.4585450,38.1612000,35.5 -122.4585630,38.1611870,35.5 -122.4585810,38.1611760,35.5 -122.4586000,38.1611650,35.5 -122.4586190,38.1611550,35.5 -122.4586380,38.1611460,35.5 -122.4586570,38.1611370,39.0 -122.4586770,38.1611290,39.0 -122.4586970,38.1611210,39.0 -122.4587170,38.1611140,39.0 -122.4587370,38.1611070,39.0 -122.4587570,38.1611010,39.0 -122.4587780,38.1610960,39.0 -122.4587980,38.1610910,39.0 -122.4588200,38.1610870,39.0 -122.4588410,38.1610840,39.0 -122.4588620,38.1610800,41.5 -122.4588840,38.1610780,41.5 -122.4589060,38.1610760,41.5 -122.4589290,38.1610750,41.5 -122.4589510,38.1610750,41.5 -122.4589730,38.1610740,41.5 -122.4589960,38.1610740,41.5 -122.4590180,38.1610750,41.5 -122.4590410,38.1610760,41.5 -122.4590640,38.1610780,41.5 -122.4590870,38.1610800,42.9 -122.4591100,38.1610840,42.9 -122.4591330,38.1610880,42.9 -122.4591570,38.1610920,42.9 -122.4591800,38.1610980,42.9 -122.4592040,38.1611040,42.9 -122.4592280,38.1611110,42.9 -122.4592530,38.1611190,42.9 -122.4592770,38.1611270,42.9 -122.4593020,38.1611360,42.9 -122.4593260,38.1611450,44.0 -122.4593510,38.1611550,44.0 -122.4593770,38.1611660,44.0 -122.4594020,38.1611770,44.0 -122.4594270,38.1611890,44.0 -122.4594530,38.1612010,44.0 -122.4594790,38.1612150,44.0 -122.4595040,38.1612280,44.0 -122.4595300,38.1612420,44.0 -122.4595560,38.1612570,44.0 -122.4595820,38.1612730,44.9 -122.4596080,38.1612890,44.9 -122.4596330,38.1613050,44.9 -122.4596590,38.1613220,44.9 -122.4596840,38.1613390,44.9 -122.4597090,38.1613570,44.9 -122.4597350,38.1613750,44.9 -122.4597600,38.1613930,44.9 -122.4597860,38.1614130,44.9 -122.4598110,38.1614320,44.9 -122.4598370,38.1614520,45.8 -122.4598620,38.1614730,45.8 -122.4598870,38.1614930,45.8 -122.4599130,38.1615140,45.8 -122.4599380,38.1615360,45.8 -122.4599630,38.1615580,45.8 -122.4599890,38.1615800,45.8 -122.4600140,38.1616030,45.8 -122.4600400,38.1616260,45.8 -122.4600650,38.1616490,45.8 -122.4600910,38.1616730,46.0 -122.4601170,38.1616980,46.0 -122.4601430,38.1617220,46.0 -122.4601680,38.1617470,46.0 -122.4601940,38.1617720,46.0 -122.4602200,38.1617980,46.0 -122.4602460,38.1618230,46.0 -122.4602710,38.1618490,46.0 -122.4602960,38.1618740,46.0 -122.4603200,38.1618990,46.0 -122.4603450,38.1619240,45.6 -122.4603680,38.1619490,45.6 -122.4603920,38.1619740,45.6 -122.4604150,38.1619990,45.6 -122.4604380,38.1620230,45.6 -122.4604600,38.1620480,45.6 -122.4604830,38.1620720,45.6 -122.4605050,38.1620950,45.6 -122.4605270,38.1621190,45.6 -122.4605490,38.1621420,45.6 -122.4605710,38.1621650,44.9 -122.4605930,38.1621880,44.9 -122.4606150,38.1622100,44.9 -122.4606370,38.1622320,44.9 -122.4606590,38.1622540,44.9 -122.4606810,38.1622750,44.9 -122.4607040,38.1622950,44.9 -122.4607260,38.1623160,44.9 -122.4607490,38.1623350,44.9 -122.4607730,38.1623540,44.9 -122.4607960,38.1623720,43.7 -122.4608200,38.1623900,43.7 -122.4608440,38.1624070,43.7 -122.4608690,38.1624240,43.7 -122.4608940,38.1624400,43.7 -122.4609190,38.1624550,43.7 -122.4609450,38.1624710,43.7 -122.4609710,38.1624840,43.7 -122.4609980,38.1624980,43.7 -122.4610260,38.1625110,43.7 -122.4610540,38.1625220,43.9 -122.4610830,38.1625340,43.9 -122.4611120,38.1625450,43.9 -122.4611420,38.1625540,43.9 -122.4611720,38.1625640,43.9 -122.4612020,38.1625720,43.9 -122.4612320,38.1625800,43.9 -122.4612620,38.1625870,43.9 -122.4612930,38.1625930,43.9 -122.4613230,38.1625990,43.9 -122.4613540,38.1626050,46.4 -122.4613850,38.1626100,46.4 -122.4614160,38.1626140,46.4 -122.4614480,38.1626180,46.4 -122.4614790,38.1626210,46.4 -122.4615110,38.1626240,46.4 -122.4615430,38.1626260,46.4 -122.4615750,38.1626280,46.4 -122.4616060,38.1626290,46.4 -122.4616380,38.1626300,46.4 -122.4616700,38.1626300,50.2 -122.4617010,38.1626300,50.2 -122.4617320,38.1626310,50.2 -122.4617630,38.1626310,50.2 -122.4617940,38.1626310,50.2 -122.4618240,38.1626320,50.2 -122.4618540,38.1626340,50.2 -122.4618840,38.1626370,50.2 -122.4619130,38.1626390,50.2 -122.4619420,38.1626430,50.2 -122.4619710,38.1626470,53.0 -122.4619990,38.1626520,53.0 -122.4620260,38.1626570,53.0 -122.4620520,38.1626620,53.0 -122.4620780,38.1626690,53.0 -122.4621040,38.1626750,53.0 -122.4621300,38.1626820,53.0 -122.4621550,38.1626900,53.0 -122.4621800,38.1626980,53.0 -122.4622050,38.1627070,53.0 -122.4622290,38.1627160,55.4 -122.4622540,38.1627270,55.4 -122.4622780,38.1627370,55.4 -122.4623020,38.1627490,55.4 -122.4623270,38.1627610,55.4 -122.4623510,38.1627730,55.4 -122.4623740,38.1627860,55.4 -122.4623980,38.1628000,55.4 -122.4624210,38.1628140,55.4 -122.4624440,38.1628300,55.4 -122.4624670,38.1628450,56.6 -122.4624890,38.1628610,56.6 -122.4625120,38.1628780,56.6 -122.4625340,38.1628950,56.6 -122.4625560,38.1629130,56.6 -122.4625770,38.1629310,56.6 -122.4625980,38.1629490,56.6 -122.4626190,38.1629680,56.6 -122.4626400,38.1629880,56.6 -122.4626610,38.1630080,56.6 -122.4626810,38.1630290,56.1 -122.4627020,38.1630500,56.1 -122.4627220,38.1630720,56.1 -122.4627420,38.1630930,56.1 -122.4627630,38.1631150,56.1 -122.4627830,38.1631370,56.1 -122.4628030,38.1631590,56.1 -122.4628220,38.1631810,56.1 -122.4628410,38.1632020,56.1 -122.4628600,38.1632230,56.1 -122.4628780,38.1632450,53.2 -122.4628960,38.1632670,53.2 -122.4629140,38.1632880,53.2 -122.4629320,38.1633090,53.2 -122.4629490,38.1633290,53.2 -122.4629670,38.1633490,53.2 -122.4629830,38.1633690,53.2 -122.4630000,38.1633880,53.2 -122.4630160,38.1634070,53.2 -122.4630320,38.1634260,53.2 -122.4630470,38.1634440,50.2 -122.4630630,38.1634620,50.2 -122.4630780,38.1634800,50.2 -122.4630920,38.1634980,50.2 -122.4631070,38.1635150,50.2 -122.4631220,38.1635330,50.2 -122.4631360,38.1635500,50.2 -122.4631500,38.1635670,50.2 -122.4631650,38.1635840,50.2 -122.4631790,38.1636010,50.2 -122.4631930,38.1636170,48.6 -122.4632070,38.1636340,48.6 -122.4632200,38.1636500,48.6 -122.4632330,38.1636660,48.6 -122.4632470,38.1636830,48.6 -122.4632590,38.1636990,48.6 -122.4632720,38.1637150,48.6 -122.4632830,38.1637320,48.6 -122.4632940,38.1637480,48.6 -122.4633040,38.1637640,48.6 -122.4633140,38.1637800,47.3 -122.4633230,38.1637960,47.3 -122.4633320,38.1638130,47.3 -122.4633400,38.1638290,47.3 -122.4633470,38.1638450,47.3 -122.4633530,38.1638620,47.3 -122.4633590,38.1638780,47.3 -122.4633640,38.1638950,47.3 -122.4633680,38.1639110,47.3 -122.4633720,38.1639270,47.3 -122.4633750,38.1639440,45.9 -122.4633760,38.1639600,45.9 -122.4633780,38.1639760,45.9 -122.4633790,38.1639910,45.9 -122.4633780,38.1640070,45.9 -122.4633770,38.1640230,45.9 -122.4633750,38.1640390,45.9 -122.4633730,38.1640540,45.9 -122.4633690,38.1640690,45.9 -122.4633640,38.1640840,45.9 -122.4633600,38.1640990,44.5 -122.4633540,38.1641140,44.5 -122.4633470,38.1641290,44.5 -122.4633400,38.1641440,44.5 -122.4633310,38.1641580,44.5 -122.4633210,38.1641730,44.5 -122.4633110,38.1641870,44.5 -122.4632990,38.1642010,44.5 -122.4632870,38.1642150,44.5 -122.4632730,38.1642290,44.5 -122.4632580,38.1642430,42.4 -122.4632420,38.1642570,42.4 -122.4632260,38.1642700,42.4 -122.4632070,38.1642830,42.4 -122.4631880,38.1642950,42.4 -122.4631690,38.1643070,42.4 -122.4631480,38.1643190,42.4 -122.4631260,38.1643310,42.4 -122.4631030,38.1643420,42.4 -122.4630790,38.1643520,42.4 -122.4630540,38.1643620,40.1 -122.4630270,38.1643720,40.1 -122.4630000,38.1643810,40.1 -122.4629710,38.1643900,40.1 -122.4629430,38.1643990,40.1 -122.4629130,38.1644080,40.1 -122.4628820,38.1644160,40.1 -122.4628500,38.1644250,40.1 -122.4628180,38.1644330,40.1 -122.4627860,38.1644400,40.1 -122.4627520,38.1644480,36.8 -122.4627180,38.1644560,36.8 -122.4626840,38.1644630,36.8 -122.4626490,38.1644700,36.8 -122.4626130,38.1644780,36.8 -122.4625770,38.1644850,36.8 -122.4625400,38.1644910,36.8 -122.4625030,38.1644970,36.8 -122.4624650,38.1645030,36.8 -122.4624270,38.1645080,36.8 -122.4623880,38.1645130,33.9 -122.4623500,38.1645170,33.9 -122.4623110,38.1645210,33.9 -122.4622720,38.1645240,33.9 -122.4622330,38.1645270,33.9 -122.4621940,38.1645300,33.9 -122.4621540,38.1645320,33.9 -122.4621150,38.1645330,33.9 -122.4620760,38.1645340,33.9 -122.4620370,38.1645340,33.9 -122.4619980,38.1645340,32.9 -122.4619580,38.1645330,32.9 -122.4619190,38.1645320,32.9 -122.4618810,38.1645300,32.9 -122.4618410,38.1645270,32.9 -122.4618020,38.1645240,32.9 -122.4617630,38.1645200,32.9 -122.4617250,38.1645160,32.9 -122.4616860,38.1645110,32.9 -122.4616470,38.1645050,32.9 -122.4616090,38.1644990,31.0 -122.4615700,38.1644910,31.0 -122.4615320,38.1644840,31.0 -122.4614940,38.1644750,31.0 -122.4614570,38.1644660,31.0 -122.4614190,38.1644570,31.0 -122.4613810,38.1644460,31.0 -122.4613430,38.1644360,31.0 -122.4613060,38.1644250,31.0 -122.4612680,38.1644140,31.0 -122.4612320,38.1644030,29.2 -122.4611950,38.1643900,29.2 -122.4611590,38.1643780,29.2 -122.4611230,38.1643650,29.2 -122.4610870,38.1643510,29.2 -122.4610530,38.1643370,29.2 -122.4610180,38.1643220,29.2 -122.4609840,38.1643060,29.2 -122.4609510,38.1642900,29.2 -122.4609190,38.1642720,29.2 -122.4608870,38.1642530,28.7 -122.4608550,38.1642360,28.7 -122.4608250,38.1642170,28.7 -122.4607950,38.1641990,28.7 -122.4607650,38.1641790,28.7 -122.4607360,38.1641590,28.7 -122.4607080,38.1641380,28.7 -122.4606800,38.1641160,28.7 -122.4606520,38.1640950,28.7 -122.4606260,38.1640720,28.7 -122.4606000,38.1640500,29.9 -122.4605740,38.1640270,29.9 -122.4605490,38.1640040,29.9 -122.4605250,38.1639800,29.9 -122.4605010,38.1639560,29.9 -122.4604770,38.1639310,29.9 -122.4604540,38.1639050,29.9 -122.4604320,38.1638790,29.9 -122.4604090,38.1638530,29.9 -122.4603870,38.1638260,29.9 -122.4603660,38.1637990,32.2 -122.4603440,38.1637710,32.2 -122.4603230,38.1637440,32.2 -122.4603020,38.1637170,32.2 -122.4602820,38.1636890,32.2 -122.4602610,38.1636610,32.2 -122.4602420,38.1636330,32.2 -122.4602220,38.1636050,32.2 -122.4602020,38.1635780,32.2 -122.4601820,38.1635510,32.2 -122.4601630,38.1635240,34.3 -122.4601430,38.1634970,34.3 -122.4601240,38.1634710,34.3 -122.4601050,38.1634440,34.3 -122.4600860,38.1634180,34.3 -122.4600670,38.1633930,34.3 -122.4600480,38.1633670,34.3 -122.4600290,38.1633420,34.3 -122.4600110,38.1633170,34.3 -122.4599920,38.1632920,34.3 -122.4599740,38.1632680,34.7 -122.4599560,38.1632430,34.7 -122.4599380,38.1632190,34.7 -122.4599200,38.1631960,34.7 -122.4599010,38.1631720,34.7 -122.4598830,38.1631490,34.7 -122.4598640,38.1631270,34.7 -122.4598460,38.1631050,34.7 -122.4598270,38.1630830,34.7 -122.4598080,38.1630610,34.7 -122.4597890,38.1630400,34.0 -122.4597700,38.1630190,34.0 -122.4597500,38.1629980,34.0 -122.4597300,38.1629770,34.0 -122.4597090,38.1629570,34.0 -122.4596890,38.1629370,34.0 -122.4596680,38.1629180,34.0 -122.4596460,38.1628990,34.0 -122.4596240,38.1628810,34.0 -122.4596020,38.1628630,34.0 -122.4595790,38.1628450,31.9 -122.4595560,38.1628290,31.9 -122.4595330,38.1628130,31.9 -122.4595100,38.1627970,31.9 -122.4594860,38.1627810,31.9 -122.4594620,38.1627670,31.9 -122.4594370,38.1627530,31.9 -122.4594120,38.1627400,31.9 -122.4593860,38.1627270,31.9 -122.4593600,38.1627150,31.9 -122.4593340,38.1627040,29.1 -122.4593070,38.1626930,29.1 -122.4592800,38.1626830,29.1 -122.4592530,38.1626750,29.1 -122.4592260,38.1626670,29.1 -122.4591980,38.1626600,29.1 -122.4591710,38.1626540,29.1 -122.4591430,38.1626480,29.1 -122.4591160,38.1626460,29.1 -122.4590880,38.1626420,29.1 -122.4590600,38.1626380,26.7 -122.4590310,38.1626360,26.7 -122.4590020,38.1626330,26.7 -122.4589730,38.1626320,26.7 -122.4589450,38.1626310,26.7 -122.4589160,38.1626320,26.7 -122.4588870,38.1626330,26.7 -122.4588580,38.1626350,26.7 -122.4588290,38.1626380,26.7 -122.4588000,38.1626420,26.7 -122.4587710,38.1626460,24.0 -122.4587420,38.1626510,24.0 -122.4587130,38.1626570,24.0 -122.4586850,38.1626640,24.0 -122.4586570,38.1626720,24.0 -122.4586300,38.1626810,24.0 -122.4586020,38.1626900,24.0 -122.4585750,38.1627000,24.0 -122.4585480,38.1627100,24.0 -122.4585220,38.1627220,24.0 -122.4584960,38.1627340,21.5 -122.4584710,38.1627470,21.5 -122.4584460,38.1627610,21.5 -122.4584220,38.1627750,21.5 -122.4583980,38.1627900,21.5 -122.4583750,38.1628060,21.5 -122.4583530,38.1628220,21.5 -122.4583310,38.1628390,21.5 -122.4583100,38.1628570,21.5 -122.4582900,38.1628750,21.5 -122.4582710,38.1628940,18.5 -122.4582520,38.1629140,18.5 -122.4582350,38.1629330,18.5 -122.4582180,38.1629530,18.5 -122.4582020,38.1629740,18.5 -122.4581860,38.1629950,18.5 -122.4581720,38.1630160,18.5 -122.4581580,38.1630370,18.5 -122.4581450,38.1630580,18.5 -122.4581330,38.1630800,18.5 -122.4581210,38.1631020,15.6 -122.4581110,38.1631250,15.6 -122.4581020,38.1631480,15.6 -122.4580940,38.1631720,15.6 -122.4580870,38.1631960,15.6 -122.4580810,38.1632200,15.6 -122.4580760,38.1632450,15.6 -122.4580730,38.1632700,15.6 -122.4580700,38.1632950,15.6 -122.4580690,38.1633200,15.6 -122.4580690,38.1633450,13.3 -122.4580710,38.1633710,13.3 -122.4580730,38.1633960,13.3 -122.4580780,38.1634260,13.3 -122.4580830,38.1634520,13.3 -122.4580890,38.1634780,13.3 -122.4580950,38.1635040,13.3 -122.4581030,38.1635290,13.3 -122.4581120,38.1635550,13.3 -122.4581210,38.1635800,13.3 -122.4581320,38.1636050,13.4 -122.4581430,38.1636280,13.4 -122.4581550,38.1636540,13.4 -122.4581680,38.1636780,13.4 -122.4581810,38.1637020,13.4 -122.4581960,38.1637260,13.4 -122.4582120,38.1637490,13.4 -122.4582280,38.1637730,13.4 -122.4582450,38.1637970,13.4 -122.4582640,38.1638200,13.4 -122.4582830,38.1638430,15.0 -122.4583020,38.1638660,15.0 -122.4583220,38.1638890,15.0 -122.4583430,38.1639120,15.0 -122.4583650,38.1639350,15.0 -122.4583880,38.1639570,15.0 -122.4584120,38.1639800,15.0 -122.4584360,38.1640020,15.0 -122.4584600,38.1640250,15.0 -122.4584860,38.1640480,15.0 -122.4585120,38.1640700,16.7 -122.4585390,38.1640920,16.7 -122.4585670,38.1641140,16.7 -122.4585950,38.1641360,16.7 -122.4586240,38.1641590,16.7 -122.4586530,38.1641810,16.7 -122.4586830,38.1642030,16.7 -122.4587140,38.1642240,16.7 -122.4587450,38.1642460,16.7 -122.4587770,38.1642680,16.7 -122.4588100,38.1642900,18.4 -122.4588430,38.1643110,18.4 -122.4588770,38.1643330,18.4 -122.4589110,38.1643540,18.4 -122.4589460,38.1643760,18.4 -122.4589810,38.1643970,18.4 -122.4590170,38.1644190,18.4 -122.4590530,38.1644410,18.4 -122.4590890,38.1644620,18.4 -122.4591260,38.1644840,18.4 -122.4591640,38.1645050,20.1 -122.4592020,38.1645270,20.1 -122.4592390,38.1645480,20.1 -122.4592770,38.1645690,20.1 -122.4593150,38.1645900,20.1 -122.4593540,38.1646110,20.1 -122.4593920,38.1646320,20.1 -122.4594310,38.1646530,20.1 -122.4594700,38.1646740,20.1 -122.4595100,38.1646950,20.1 -122.4595500,38.1647160,22.1 -122.4595900,38.1647370,22.1 -122.4596300,38.1647570,22.1 -122.4596710,38.1647780,22.1 -122.4597120,38.1647980,22.1 -122.4597530,38.1648180,22.1 -122.4597950,38.1648380,22.1 -122.4598370,38.1648580,22.1 -122.4598800,38.1648780,22.1 -122.4599230,38.1648980,22.1 -122.4599660,38.1649170,24.1 -122.4600090,38.1649360,24.1 -122.4600530,38.1649560,24.1 -122.4600970,38.1649750,24.1 -122.4601420,38.1649940,24.1 -122.4601870,38.1650130,24.1 -122.4602320,38.1650310,24.1 -122.4602770,38.1650500,24.1 -122.4603220,38.1650690,24.1 -122.4603680,38.1650870,24.1 -122.4604130,38.1651060,26.2 -122.4604590,38.1651240,26.2 -122.4605040,38.1651430,26.2 -122.4605490,38.1651610,26.2 -122.4605940,38.1651780,26.2 -122.4606380,38.1651960,26.2 -122.4606820,38.1652130,26.2 -122.4607250,38.1652300,26.2 -122.4607670,38.1652470,26.2 -122.4608100,38.1652640,26.2 -122.4608510,38.1652800,27.9 -122.4608930,38.1652970,27.9 -122.4609330,38.1653130,27.9 -122.4609730,38.1653290,27.9 -122.4610130,38.1653440,27.9 -122.4610530,38.1653590,27.9 -122.4610910,38.1653750,27.9 -122.4611300,38.1653900,27.9 -122.4611680,38.1654050,27.9 -122.4612050,38.1654200,27.9 -122.4612410,38.1654340,29.8 -122.4612780,38.1654480,29.8 -122.4613140,38.1654620,29.8 -122.4613490,38.1654770,29.8 -122.4613850,38.1654900,29.8 -122.4614190,38.1655040,29.8 -122.4614530,38.1655180,29.8 -122.4614870,38.1655310,29.8 -122.4615210,38.1655440,29.8 -122.4615540,38.1655570,29.8 -122.4615870,38.1655700,31.9 -122.4616190,38.1655820,31.9 -122.4616510,38.1655950,31.9 -122.4616820,38.1656080,31.9 -122.4617140,38.1656200,31.9 -122.4617450,38.1656320,31.9 -122.4617750,38.1656450,31.9 -122.4618050,38.1656570,31.9 -122.4618350,38.1656690,31.9 -122.4618640,38.1656810,31.9 -122.4618940,38.1656930,33.5 -122.4619220,38.1657050,33.5 -122.4619510,38.1657160,33.5 -122.4619790,38.1657280,33.5 -122.4620060,38.1657390,33.5 -122.4620330,38.1657510,33.5 -122.4620600,38.1657620,33.5 -122.4620870,38.1657730,33.5 -122.4621120,38.1657830,33.5 -122.4621370,38.1657940,33.5 -122.4621620,38.1658050,34.9 -122.4621860,38.1658160,34.9 -122.4622100,38.1658270,34.9 -122.4622330,38.1658380,34.9 -122.4622550,38.1658490,34.9 -122.4622770,38.1658600,34.9 -122.4622980,38.1658710,34.9 -122.4623190,38.1658830,34.9 -122.4623390,38.1658950,34.9 -122.4623590,38.1659070,34.9 -122.4623780,38.1659200,35.9 -122.4623960,38.1659320,35.9 -122.4624130,38.1659450,35.9 -122.4624290,38.1659580,35.9 -122.4624440,38.1659710,35.9 -122.4624590,38.1659850,35.9 -122.4624740,38.1659990,35.9 -122.4624880,38.1660130,35.9 -122.4625010,38.1660270,35.9 -122.4625130,38.1660410,35.9 -122.4625240,38.1660540,36.1 -122.4625340,38.1660690,36.1 -122.4625440,38.1660830,36.1 -122.4625530,38.1660970,36.1 -122.4625610,38.1661110,36.1 -122.4625690,38.1661250,36.1 -122.4625750,38.1661390,36.1 -122.4625810,38.1661530,36.1 -122.4625860,38.1661680,36.1 -122.4625900,38.1661820,36.1 -122.4625930,38.1661960,36.1 -122.4625950,38.1662100,36.1 -122.4625970,38.1662240,36.1 -122.4625970,38.1662380,36.1 -122.4625970,38.1662510,36.1 -122.4625950,38.1662640,36.1 -122.4625920,38.1662770,36.1 -122.4625890,38.1662910,36.1 -122.4625850,38.1663040,36.1 -122.4625800,38.1663170,36.1 -122.4625740,38.1663300,36.5 -122.4625670,38.1663430,36.5 -122.4625590,38.1663550,36.5 -122.4625500,38.1663680,36.5 -122.4625400,38.1663800,36.5 -122.4625290,38.1663930,36.5 -122.4625160,38.1664050,36.5 -122.4625040,38.1664170,36.5 -122.4624900,38.1664280,36.5 -122.4624760,38.1664390,36.5 -122.4624610,38.1664490,36.4 -122.4624460,38.1664590,36.4 -122.4624290,38.1664680,36.4 -122.4624120,38.1664770,36.4 -122.4623940,38.1664850,36.4 -122.4623760,38.1664930,36.4 -122.4623570,38.1665000,36.4 -122.4623380,38.1665060,36.4 -122.4623180,38.1665120,36.4 -122.4622970,38.1665170,36.4 -122.4622770,38.1665220,36.2 -122.4622550,38.1665260,36.2 -122.4622340,38.1665290,36.2 -122.4622120,38.1665310,36.2 -122.4621890,38.1665330,36.2 -122.4621670,38.1665340,36.2 -122.4621450,38.1665350,36.2 -122.4621210,38.1665340,36.2 -122.4620980,38.1665340,36.2 -122.4620750,38.1665320,36.2 -122.4620520,38.1665290,35.7 -122.4620280,38.1665250,35.7 -122.4620040,38.1665200,35.7 -122.4619800,38.1665150,35.7 -122.4619560,38.1665090,35.7 -122.4619310,38.1665020,35.7 -122.4619070,38.1664940,35.7 -122.4618820,38.1664860,35.7 -122.4618570,38.1664770,35.7 -122.4618320,38.1664670,35.7 -122.4618070,38.1664560,35.4 -122.4617820,38.1664450,35.4 -122.4617560,38.1664320,35.4 -122.4617300,38.1664190,35.4 -122.4617040,38.1664060,35.4 -122.4616770,38.1663920,35.4 -122.4616490,38.1663780,35.4 -122.4616220,38.1663630,35.4 -122.4615940,38.1663470,35.4 -122.4615670,38.1663310,35.4 -122.4615380,38.1663140,34.7 -122.4615100,38.1662970,34.7 -122.4614810,38.1662800,34.7 -122.4614530,38.1662620,34.7 -122.4614230,38.1662440,34.7 -122.4613940,38.1662260,34.7 -122.4613640,38.1662070,34.7 -122.4613340,38.1661880,34.7 -122.4613030,38.1661690,34.7 -122.4612710,38.1661490,34.7 -122.4612390,38.1661290,33.7 -122.4612060,38.1661090,33.7 -122.4611730,38.1660890,33.7 -122.4611390,38.1660680,33.7 -122.4611040,38.1660480,33.7 -122.4610690,38.1660290,33.7 -122.4610340,38.1660090,33.7 -122.4609980,38.1659900,33.7 -122.4609620,38.1659700,33.7 -122.4609250,38.1659510,33.7 -122.4608870,38.1659310,32.4 -122.4608490,38.1659120,32.4 -122.4608100,38.1658930,32.4 -122.4607710,38.1658740,32.4 -122.4607320,38.1658550,32.4 -122.4606920,38.1658370,32.4 -122.4606510,38.1658190,32.4 -122.4606110,38.1658010,32.4 -122.4605700,38.1657830,32.4 -122.4605300,38.1657650,32.4 -122.4604890,38.1657480,30.8 -122.4604480,38.1657300,30.8 -122.4604080,38.1657120,30.8 -122.4603670,38.1656940,30.8 -122.4603270,38.1656770,30.8 -122.4602870,38.1656590,30.8 -122.4602470,38.1656410,30.8 -122.4602080,38.1656220,30.8 -122.4601690,38.1656040,30.8 -122.4601310,38.1655850,30.8 -122.4600940,38.1655660,29.0 -122.4600560,38.1655460,29.0 -122.4600200,38.1655270,29.0 -122.4599840,38.1655060,29.0 -122.4599480,38.1654860,29.0 -122.4599130,38.1654660,29.0 -122.4598790,38.1654450,29.0 -122.4598450,38.1654240,29.0 -122.4598110,38.1654030,29.0 -122.4597780,38.1653810,29.0 -122.4597450,38.1653600,27.4 -122.4597130,38.1653390,27.4 -122.4596810,38.1653170,27.4 -122.4596480,38.1652960,27.4 -122.4596160,38.1652750,27.4 -122.4595840,38.1652550,27.4 -122.4595520,38.1652340,27.4 -122.4595190,38.1652150,27.4 -122.4594870,38.1651950,27.4 -122.4594550,38.1651770,27.4 -122.4594220,38.1651580,26.2 -122.4593880,38.1651410,26.2 -122.4593550,38.1651230,26.2 -122.4593200,38.1651070,26.2 -122.4592860,38.1650910,26.2 -122.4592520,38.1650750,26.2 -122.4592160,38.1650600,26.2 -122.4591810,38.1650460,26.2 -122.4591450,38.1650330,26.2 -122.4591090,38.1650200,26.2 -122.4590720,38.1650080,25.1 -122.4590360,38.1649960,25.1 -122.4589990,38.1649850,25.1 -122.4589610,38.1649740,25.1 -122.4589240,38.1649650,25.1 -122.4588860,38.1649550,25.1 -122.4588470,38.1649460,25.1 -122.4588070,38.1649390,25.1 -122.4587680,38.1649310,25.1 -122.4587280,38.1649240,25.1 -122.4586870,38.1649180,23.8 -122.4586460,38.1649120,23.8 -122.4586050,38.1649070,23.8 -122.4585640,38.1649020,23.8 -122.4585220,38.1648970,23.8 -122.4584800,38.1648930,23.8 -122.4584380,38.1648870,23.8 -122.4583960,38.1648820,23.8 -122.4583540,38.1648770,23.8 -122.4583110,38.1648700,23.8 -122.4582690,38.1648640,22.2 -122.4582270,38.1648570,22.2 -122.4581850,38.1648500,22.2 -122.4581430,38.1648420,22.2 -122.4581010,38.1648340,22.2 -122.4580590,38.1648240,22.2 -122.4580180,38.1648140,22.2 -122.4579760,38.1648040,22.2 -122.4579350,38.1647920,22.2 -122.4578940,38.1647800,22.2 -122.4578530,38.1647670,20.9 -122.4578120,38.1647540,20.9 -122.4577710,38.1647400,20.9 -122.4577310,38.1647240,20.9 -122.4576900,38.1647090,20.9 -122.4576490,38.1646920,20.9 -122.4576090,38.1646750,20.9 -122.4575680,38.1646570,20.9 -122.4575280,38.1646380,20.9 -122.4574870,38.1646200,20.9 -122.4574470,38.1646000,20.5 -122.4574070,38.1645800,20.5 -122.4573680,38.1645590,20.5 -122.4573280,38.1645380,20.5 -122.4572890,38.1645170,20.5 -122.4572500,38.1644940,20.5 -122.4572100,38.1644720,20.5 -122.4571720,38.1644490,20.5 -122.4571320,38.1644260,20.5 -122.4570930,38.1644030,20.5 -122.4570550,38.1643790,19.4 -122.4570160,38.1643540,19.4 -122.4569770,38.1643290,19.4 -122.4569380,38.1643050,19.4 -122.4568990,38.1642800,19.4 -122.4568610,38.1642560,19.4 -122.4568230,38.1642310,19.4 -122.4567850,38.1642070,19.4 -122.4567470,38.1641820,19.4 -122.4567090,38.1641580,19.4 -122.4566710,38.1641340,17.0 -122.4566330,38.1641100,17.0 -122.4565950,38.1640860,17.0 -122.4565580,38.1640620,17.0 -122.4565210,38.1640390,17.0 -122.4564850,38.1640150,17.0 -122.4564480,38.1639920,17.0 -122.4564120,38.1639680,17.0 -122.4563760,38.1639450,17.0 -122.4563400,38.1639220,17.0 -122.4563050,38.1638990,15.0 -122.4562700,38.1638760,15.0 -122.4562360,38.1638540,15.0 -122.4562020,38.1638320,15.0 -122.4561680,38.1638100,15.0 -122.4561350,38.1637880,15.0 -122.4561030,38.1637670,15.0 -122.4560710,38.1637460,15.0 -122.4560400,38.1637260,15.0 -122.4560090,38.1637060,15.0 -122.4559780,38.1636860,14.1 -122.4559480,38.1636660,14.1 -122.4559180,38.1636460,14.1 -122.4558890,38.1636270,14.1 -122.4558600,38.1636080,14.1 -122.4558320,38.1635890,14.1 -122.4558040,38.1635710,14.1 -122.4557770,38.1635530,14.1 -122.4557500,38.1635350,14.1 -122.4557240,38.1635180,14.1 -122.4556980,38.1635010,13.1 -122.4556730,38.1634840,13.1 -122.4556480,38.1634670,13.1 -122.4556240,38.1634510,13.1 -122.4556010,38.1634350,13.1 -122.4555770,38.1634190,13.1 -122.4555550,38.1634040,13.1 -122.4555320,38.1633890,13.1 -122.4555100,38.1633740,13.1 -122.4554890,38.1633590,13.1 -122.4554680,38.1633450,12.5 -122.4554470,38.1633310,12.5 -122.4554270,38.1633160,12.5 -122.4554070,38.1633030,12.5 -122.4553870,38.1632890,12.5 -122.4553680,38.1632750,12.5 -122.4553490,38.1632610,12.5 -122.4553310,38.1632480,12.5 -122.4553120,38.1632340,12.5 -122.4552950,38.1632200,12.5 -122.4552780,38.1632060,11.9 -122.4552610,38.1631920,11.9 -122.4552450,38.1631790,11.9 -122.4552300,38.1631650,11.9 -122.4552150,38.1631510,11.9 -122.4552020,38.1631370,11.9 -122.4551890,38.1631230,11.9 -122.4551760,38.1631090,11.9 -122.4551640,38.1630950,11.9 -122.4551530,38.1630810,11.9 -122.4551430,38.1630670,11.1 -122.4551340,38.1630530,11.1 -122.4551250,38.1630390,11.1 -122.4551170,38.1630250,11.1 -122.4551100,38.1630100,11.1 -122.4551030,38.1629950,11.1 -122.4550980,38.1629800,11.1 -122.4550930,38.1629660,11.1 -122.4550890,38.1629510,11.1 -122.4550870,38.1629360,11.1 -122.4550850,38.1629210,10.7 -122.4550840,38.1629070,10.7 -122.4550830,38.1628920,10.7 -122.4550840,38.1628780,10.7 -122.4550850,38.1628640,10.7 -122.4550870,38.1628500,10.7 -122.4550890,38.1628370,10.7 -122.4550910,38.1628240,10.7 -122.4550930,38.1628100,10.7 -122.4550950,38.1627970,10.7 -122.4550960,38.1627840,10.7 -122.4550970,38.1627720,10.7 -122.4550970,38.1627590,10.7 -122.4550960,38.1627460,10.7 -122.4550940,38.1627330,10.7 -122.4550920,38.1627210,10.7 -122.4550890,38.1627080,10.7 -122.4550850,38.1626960,10.7 -122.4550800,38.1626830,10.7 -122.4550750,38.1626700,10.7 -122.4550680,38.1626580,10.2 -122.4550610,38.1626450,10.2 -122.4550530,38.1626330,10.2 -122.4550440,38.1626210,10.2 -122.4550340,38.1626090,10.2 -122.4550230,38.1625980,10.2 -122.4550110,38.1625860,10.2 -122.4549990,38.1625750,10.2 -122.4549850,38.1625630,10.2 -122.4549700,38.1625530,10.2 -122.4549550,38.1625420,9.6 -122.4549380,38.1625310,9.6 -122.4549210,38.1625210,9.6 -122.4549030,38.1625110,9.6 -122.4548830,38.1625010,9.6 -122.4548630,38.1624910,9.6 -122.4548420,38.1624820,9.6 -122.4548200,38.1624730,9.6 -122.4547970,38.1624650,9.6 -122.4547740,38.1624570,9.6 -122.4547490,38.1624490,9.2 -122.4547240,38.1624420,9.2 -122.4546980,38.1624350,9.2 -122.4546720,38.1624280,9.2 -122.4546440,38.1624220,9.2 -122.4546160,38.1624160,9.2 -122.4545870,38.1624100,9.2 -122.4545570,38.1624050,9.2 -122.4545270,38.1624010,9.2 -122.4544960,38.1623960,9.2 -122.4544650,38.1623920,8.9 -122.4544330,38.1623880,8.9 -122.4544010,38.1623840,8.9 -122.4543680,38.1623800,8.9 -122.4543350,38.1623760,8.9 -122.4543020,38.1623710,8.9 -122.4542690,38.1623670,8.9 -122.4542350,38.1623620,8.9 -122.4542020,38.1623570,8.9 -122.4541670,38.1623520,8.9 -122.4541330,38.1623470,8.2 -122.4540990,38.1623410,8.2 -122.4540640,38.1623350,8.2 -122.4540300,38.1623280,8.2 -122.4539960,38.1623220,8.2 -122.4539620,38.1623150,8.2 -122.4539270,38.1623070,8.2 -122.4538930,38.1622980,8.2 -122.4538590,38.1622890,8.2 -122.4538250,38.1622790,8.2 -122.4537910,38.1622690,7.5 -122.4537570,38.1622580,7.5 -122.4537240,38.1622470,7.5 -122.4536910,38.1622350,7.5 -122.4536580,38.1622220,7.5 -122.4536250,38.1622080,7.5 -122.4535920,38.1621940,7.5 -122.4535600,38.1621790,7.5 -122.4535290,38.1621630,7.5 -122.4534970,38.1621470,7.5 -122.4534660,38.1621310,6.9 -122.4534360,38.1621130,6.9 -122.4534060,38.1620950,6.9 -122.4533770,38.1620770,6.9 -122.4533480,38.1620570,6.9 -122.4533200,38.1620370,6.9 -122.4532920,38.1620170,6.9 -122.4532650,38.1619960,6.9 -122.4532390,38.1619740,6.9 -122.4532130,38.1619520,6.9 -122.4531870,38.1619290,6.9 -122.4531620,38.1619050,6.9 -122.4531380,38.1618820,6.9 -122.4531140,38.1618570,6.9 -122.4530910,38.1618320,6.9 -122.4530690,38.1618070,6.9 -122.4530460,38.1617800,6.9 -122.4530250,38.1617540,6.9 -122.4530040,38.1617270,6.9 -122.4529830,38.1616990,6.9 -122.4529630,38.1616710,6.6 -122.4529430,38.1616420,6.6 -122.4529230,38.1616130,6.6 -122.4529050,38.1615840,6.6 -122.4528860,38.1615540,6.6 -122.4528680,38.1615230,6.6 -122.4528510,38.1614930,6.6 -122.4528340,38.1614610,6.6 -122.4528170,38.1614300,6.6 -122.4528010,38.1613980,6.6 -122.4527850,38.1613670,6.4 -122.4527700,38.1613350,6.4 -122.4527550,38.1613040,6.4 -122.4527400,38.1612730,6.4 -122.4527250,38.1612410,6.4 -122.4527100,38.1612110,6.4 -122.4526960,38.1611790,6.4 -122.4526820,38.1611490,6.4 -122.4526690,38.1611180,6.4 -122.4526550,38.1610890,6.4 -122.4526430,38.1610590,6.1 -122.4526300,38.1610300,6.1 -122.4526180,38.1610010,6.1 -122.4526060,38.1609730,6.1 -122.4525940,38.1609450,6.1 -122.4525830,38.1609180,6.1 -122.4525720,38.1608910,6.1 -122.4525610,38.1608650,6.1 -122.4525510,38.1608390,6.1 -122.4525400,38.1608140,6.1 -122.4525310,38.1607890,5.7 -122.4525210,38.1607640,5.7 -122.4525110,38.1607400,5.7 -122.4525020,38.1607170,5.7 -122.4524930,38.1606940,5.7 -122.4524840,38.1606720,5.7 -122.4524750,38.1606500,5.7 -122.4524670,38.1606280,5.7 -122.4524580,38.1606060,5.7 -122.4524500,38.1605850,5.7 -122.4524420,38.1605650,5.7 -122.4524350,38.1605440,5.7 -122.4524270,38.1605240,5.7 -122.4524200,38.1605050,5.7 -122.4524130,38.1604860,5.7 -122.4524060,38.1604680,5.7 -122.4524000,38.1604510,5.7 -122.4523940,38.1604330,5.7 -122.4523880,38.1604170,5.7 -122.4523830,38.1604010,5.7 -122.4523780,38.1603850,5.8 -122.4523730,38.1603700,5.8 -122.4523690,38.1603550,5.8 -122.4523650,38.1603400,5.8 -122.4523620,38.1603240,5.8 -122.4523590,38.1603100,5.8 -122.4523560,38.1602960,5.8 -122.4523540,38.1602820,5.8 -122.4523530,38.1602680,5.8 -122.4523520,38.1602540,5.8 -122.4523510,38.1602400,5.5 -122.4523520,38.1602270,5.5 -122.4523520,38.1602130,5.5 -122.4523540,38.1602000,5.5 -122.4523570,38.1601870,5.5 -122.4523600,38.1601750,5.5 -122.4523630,38.1601630,5.5 -122.4523680,38.1601520,5.5 -122.4523730,38.1601410,5.5 -122.4523780,38.1601300,5.5 -122.4523850,38.1601230,5.5 -122.4523920,38.1601140,5.5 -122.4523990,38.1601060,5.5 -122.4524070,38.1600970,5.5 -122.4524150,38.1600890,5.5 -122.4524240,38.1600820,5.5 -122.4524320,38.1600750,5.5 -122.4524420,38.1600680,5.5 -122.4524520,38.1600620,5.5 -122.4524620,38.1600570,5.5 -122.4524720,38.1600520,5.6 -122.4524820,38.1600480,5.6 -122.4524930,38.1600450,5.6 -122.4525040,38.1600420,5.6 -122.4525160,38.1600400,5.6 -122.4525280,38.1600390,5.6 -122.4525400,38.1600390,5.6 -122.4525530,38.1600390,5.6 -122.4525660,38.1600400,5.6 -122.4525790,38.1600410,5.6 -122.4525930,38.1600440,5.8 -122.4526060,38.1600480,5.8 -122.4526200,38.1600520,5.8 -122.4526340,38.1600560,5.8 -122.4526490,38.1600610,5.8 -122.4526640,38.1600680,5.8 -122.4526790,38.1600750,5.8 -122.4526940,38.1600820,5.8 -122.4527100,38.1600900,5.8 -122.4527250,38.1600990,5.8 -122.4527410,38.1601080,5.2 -122.4527570,38.1601180,5.2 -122.4527730,38.1601280,5.2 -122.4527900,38.1601390,5.2 -122.4528060,38.1601500,5.2 -122.4528230,38.1601620,5.2 -122.4528400,38.1601750,5.2 -122.4528570,38.1601880,5.2 -122.4528750,38.1602000,5.2 -122.4528920,38.1602150,5.2 -122.4529100,38.1602290,5.1 -122.4529280,38.1602430,5.1 -122.4529470,38.1602580,5.1 -122.4529650,38.1602740,5.1 -122.4529840,38.1602910,5.1 -122.4530040,38.1603070,5.1 -122.4530230,38.1603240,5.1 -122.4530430,38.1603410,5.1 -122.4530630,38.1603580,5.1 -122.4530830,38.1603750,5.1 -122.4531040,38.1603930,5.4 -122.4531250,38.1604110,5.4 -122.4531460,38.1604290,5.4 -122.4531670,38.1604470,5.4 -122.4531890,38.1604650,5.4 -122.4532110,38.1604840,5.4 -122.4532340,38.1605030,5.4 -122.4532570,38.1605220,5.4 -122.4532800,38.1605420,5.4 -122.4533040,38.1605620,5.4 -122.4533290,38.1605820,5.4 -122.4533530,38.1606020,5.4 -122.4533790,38.1606220,5.4 -122.4534040,38.1606430,5.4 -122.4534300,38.1606640,5.4 -122.4534570,38.1606850,5.4 -122.4534830,38.1607060,5.4 -122.4535110,38.1607270,5.4 -122.4535380,38.1607490,5.4 -122.4535660,38.1607700,5.4 -122.4535940,38.1607920,5.6 -122.4536230,38.1608140,5.6 -122.4536520,38.1608360,5.6 -122.4536810,38.1608580,5.6 -122.4537110,38.1608800,5.6 -122.4537410,38.1609020,5.6 -122.4537720,38.1609250,5.6 -122.4538030,38.1609480,5.6 -122.4538340,38.1609710,5.6 -122.4538660,38.1609930,5.6 -122.4538980,38.1610160,5.9 -122.4539300,38.1610400,5.9 -122.4539630,38.1610630,5.9 -122.4539960,38.1610870,5.9 -122.4540300,38.1611100,5.9 -122.4540640,38.1611340,5.9 -122.4540980,38.1611580,5.9 -122.4541330,38.1611820,5.9 -122.4541680,38.1612070,5.9 -122.4542030,38.1612310,5.9 -122.4542390,38.1612550,6.1 -122.4542750,38.1612800,6.1 -122.4543110,38.1613050,6.1 -122.4543470,38.1613290,6.1 -122.4543840,38.1613540,6.1 -122.4544200,38.1613780,6.1 -122.4544570,38.1614030,6.1 -122.4544920,38.1614270,6.1 -122.4545270,38.1614500,6.1 -122.4545620,38.1614740,6.1 -122.4545970,38.1614970,6.4 -122.4546310,38.1615200,6.4 -122.4546650,38.1615430,6.4 -122.4546990,38.1615650,6.4 -122.4547320,38.1615870,6.4 -122.4547640,38.1616090,6.4 -122.4547960,38.1616300,6.4 -122.4548270,38.1616510,6.4 -122.4548580,38.1616710,6.4 -122.4548880,38.1616910,6.4 -122.4549170,38.1617110,6.6 -122.4549470,38.1617300,6.6 -122.4549750,38.1617490,6.6 -122.4550040,38.1617670,6.6 -122.4550320,38.1617860,6.6 -122.4550590,38.1618040,6.6 -122.4550860,38.1618210,6.6 -122.4551120,38.1618390,6.6 -122.4551390,38.1618560,6.6 -122.4551650,38.1618730,6.6 -122.4551900,38.1618900,6.8 -122.4552160,38.1619070,6.8 -122.4552400,38.1619230,6.8 -122.4552650,38.1619400,6.8 -122.4552890,38.1619560,6.8 -122.4553130,38.1619720,6.8 -122.4553370,38.1619880,6.8 -122.4553610,38.1620030,6.8 -122.4553840,38.1620180,6.8 -122.4554070,38.1620320,6.8 -122.4554300,38.1620470,6.9 -122.4554530,38.1620600,6.9 -122.4554760,38.1620730,6.9 -122.4555000,38.1620860,6.9 -122.4555230,38.1620970,6.9 -122.4555470,38.1621090,6.9 -122.4555700,38.1621200,6.9 -122.4555940,38.1621300,6.9 -122.4556190,38.1621400,6.9 -122.4556430,38.1621500,6.9 -122.4556670,38.1621590,7.1 -122.4556920,38.1621680,7.1 -122.4557170,38.1621760,7.1 -122.4557420,38.1621840,7.1 -122.4557680,38.1621910,7.1 -122.4557930,38.1621980,7.1 -122.4558190,38.1622040,7.1 -122.4558450,38.1622100,7.1 -122.4558710,38.1622150,7.1 -122.4558980,38.1622190,7.1 -122.4559250,38.1622220,7.2 -122.4559520,38.1622250,7.2 -122.4559800,38.1622280,7.2 -122.4560090,38.1622300,7.2 -122.4560370,38.1622310,7.2 -122.4560660,38.1622320,7.2 -122.4560960,38.1622320,7.2 -122.4561260,38.1622310,7.2 -122.4561560,38.1622300,7.2 -122.4561870,38.1622280,7.2 -122.4562180,38.1622260,7.6 -122.4562490,38.1622240,7.6 -122.4562810,38.1622210,7.6 -122.4563120,38.1622180,7.6 -122.4563450,38.1622150,7.6 -122.4563770,38.1622110,7.6 -122.4564100,38.1622070,7.6 -122.4564430,38.1622040,7.6 -122.4564770,38.1622000,7.6 -122.4565110,38.1621960,7.6 -122.4565450,38.1621910,8.0 -122.4565790,38.1621870,8.0 -122.4566140,38.1621830,8.0 -122.4566490,38.1621780,8.0 -122.4566850,38.1621730,8.0 -122.4567200,38.1621680,8.0 -122.4567560,38.1621640,8.0 -122.4567930,38.1621590,8.0 -122.4568290,38.1621540,8.0 -122.4568660,38.1621480,8.0 -122.4569020,38.1621430,9.6 -122.4569390,38.1621380,9.6 -122.4569770,38.1621320,9.6 -122.4570140,38.1621260,9.6 -122.4570510,38.1621200,9.6 -122.4570890,38.1621130,9.6 -122.4571260,38.1621060,9.6 -122.4571630,38.1620990,9.6 -122.4572000,38.1620910,9.6 -122.4572370,38.1620830,9.6 -122.4572730,38.1620750,11.5 -122.4573090,38.1620660,11.5 -122.4573450,38.1620570,11.5 -122.4573800,38.1620470,11.5 -122.4574150,38.1620360,11.5 -122.4574500,38.1620250,11.5 -122.4574840,38.1620140,11.5 -122.4575170,38.1620010,11.5 -122.4575500,38.1619880,11.5 -122.4575830,38.1619750,11.5 -122.4576150,38.1619610,14.7 -122.4576460,38.1619460,14.7 -122.4576770,38.1619310,14.7 -122.4577070,38.1619160,14.7 -122.4577370,38.1619000,14.7 -122.4577660,38.1618840,14.7 -122.4577950,38.1618670,14.7 -122.4578230,38.1618500,14.7 -122.4578520,38.1618330,14.7 -122.4578800,38.1618150,14.7 -122.4579080,38.1617980,18.9 -122.4579310,38.1617770,18.9 -122.4579560,38.1617560,18.9 -122.4579800,38.1617350,18.9 -122.4580050,38.1617150,18.9 -122.4580280,38.1616950,18.9 -122.4580510,38.1616740,18.9 -122.4580730,38.1616530,18.9 -122.4580950,38.1616310,18.9 -122.4581160,38.1616090,18.9 -122.4581370,38.1615870,24.1 -122.4581570,38.1615650,24.1 -122.4581760,38.1615430,24.1 -122.4581960,38.1615220,24.1 -122.4582150,38.1615000,24.1 -122.4582340,38.1614790,24.1 -122.4582530,38.1614590,24.1 -122.4582720,38.1614380,24.1 -122.4582900,38.1614180,24.1 -122.4583090,38.1613990,24.1 -122.4583280,38.1613800,28.6 -122.4583460,38.1613610,28.6 -122.4583640,38.1613420,28.6 -122.4583820,38.1613240,28.6 -122.4584010,38.1613080,28.6 -122.4584190,38.1612910,28.6 -122.4584370,38.1612750,28.6 -122.4584550,38.1612590,28.6 -122.4584730,38.1612440,28.6 -122.4584920,38.1612300,28.6 -122.4585100,38.1612160,31.8 -122.4585290,38.1612030,31.8 -122.4585480,38.1611910,31.8 -122.4585670,38.1611790,31.8 -122.4585860,38.1611680,31.8 -122.4586050,38.1611570,31.8 -122.4586240,38.1611470,31.8 -122.4586440,38.1611380,31.8 -122.4586630,38.1611290,31.8 -122.4586830,38.1611200,31.8 -122.4587020,38.1611130,34.9 -122.4587220,38.1611050,34.9 -122.4587430,38.1610990,34.9 -122.4587630,38.1610930,34.9 -122.4587830,38.1610870,34.9 -122.4588040,38.1610820,34.9 -122.4588250,38.1610770,34.9 -122.4588460,38.1610730,34.9 -122.4588670,38.1610700,34.9 -122.4588890,38.1610670,34.9 -122.4589100,38.1610640,36.9 -122.4589320,38.1610630,36.9 -122.4589540,38.1610620,36.9 -122.4589760,38.1610610,36.9 -122.4589980,38.1610610,36.9 -122.4590200,38.1610620,36.9 -122.4590430,38.1610630,36.9 -122.4590660,38.1610640,36.9 -122.4590890,38.1610670,36.9 -122.4591120,38.1610700,36.9 -122.4591350,38.1610740,37.9 -122.4591590,38.1610780,37.9 -122.4591830,38.1610830,37.9 -122.4592070,38.1610890,37.9 -122.4592310,38.1610950,37.9 -122.4592550,38.1611020,37.9 -122.4592800,38.1611100,37.9 -122.4593050,38.1611180,37.9 -122.4593300,38.1611270,37.9 -122.4593550,38.1611370,37.9 -122.4593800,38.1611470,38.6 -122.4594050,38.1611580,38.6 -122.4594310,38.1611700,38.6 -122.4594560,38.1611820,38.6 -122.4594820,38.1611940,38.6 -122.4595080,38.1612080,38.6 -122.4595330,38.1612220,38.6 -122.4595590,38.1612360,38.6 -122.4595840,38.1612520,38.6 -122.4596100,38.1612680,38.6 -122.4596350,38.1612850,39.4 -122.4596610,38.1613020,39.4 -122.4596860,38.1613190,39.4 -122.4597110,38.1613380,39.4 -122.4597370,38.1613560,39.4 -122.4597610,38.1613750,39.4 -122.4597860,38.1613950,39.4 -122.4598110,38.1614140,39.4 -122.4598360,38.1614350,39.4 -122.4598610,38.1614550,39.4 -122.4598860,38.1614760,40.2 -122.4599100,38.1614970,40.2 -122.4599350,38.1615190,40.2 -122.4599600,38.1615410,40.2 -122.4599850,38.1615640,40.2 -122.4600100,38.1615860,40.2 -122.4600360,38.1616090,40.2 -122.4600610,38.1616330,40.2 -122.4600870,38.1616570,40.2 -122.4601120,38.1616810,40.2 -122.4601380,38.1617050,40.2 -122.4601640,38.1617300,40.2 -122.4601900,38.1617550,40.2 -122.4602160,38.1617810,40.2 -122.4602410,38.1618060,40.2 -122.4602660,38.1618310,40.2 -122.4602900,38.1618560,40.2 -122.4603140,38.1618810,40.2 -122.4603380,38.1619050,40.2 -122.4603610,38.1619290,40.2 -122.4603840,38.1619540,39.6 -122.4604070,38.1619780,39.6 -122.4604290,38.1620020,39.6 -122.4604510,38.1620260,39.6 -122.4604730,38.1620500,39.6 -122.4604940,38.1620740,39.6 -122.4605150,38.1620970,39.6 -122.4605370,38.1621190,39.6 -122.4605580,38.1621420,39.6 -122.4605790,38.1621640,39.6 -122.4606000,38.1621860,38.8 -122.4606220,38.1622080,38.8 -122.4606420,38.1622290,38.8 -122.4606640,38.1622500,38.8 -122.4606850,38.1622700,38.8 -122.4607070,38.1622900,38.8 -122.4607290,38.1623090,38.8 -122.4607520,38.1623280,38.8 -122.4607740,38.1623470,38.8 -122.4607970,38.1623640,38.8 -122.4608200,38.1623820,37.6 -122.4608440,38.1623980,37.6 -122.4608670,38.1624140,37.6 -122.4608920,38.1624290,37.6 -122.4609160,38.1624440,37.6 -122.4609410,38.1624590,37.6 -122.4609660,38.1624720,37.6 -122.4609920,38.1624850,37.6 -122.4610180,38.1624980,37.6 -122.4610440,38.1625100,37.6 -122.4610710,38.1625210,38.0 -122.4610990,38.1625320,38.0 -122.4611270,38.1625420,38.0 -122.4611560,38.1625500,38.0 -122.4611850,38.1625590,38.0 -122.4612140,38.1625660,38.0 -122.4612430,38.1625740,38.0 -122.4612730,38.1625800,38.0 -122.4613030,38.1625860,38.0 -122.4613320,38.1625910,38.0 -122.4613620,38.1625960,40.2 -122.4613930,38.1626000,40.2 -122.4614240,38.1626030,40.2 -122.4614550,38.1626060,40.2 -122.4614860,38.1626080,40.2 -122.4615170,38.1626100,40.2 -122.4615470,38.1626110,40.2 -122.4615780,38.1626120,40.2 -122.4616090,38.1626130,40.2 -122.4616390,38.1626140,40.2 -122.4616700,38.1626140,43.5 -122.4617010,38.1626160,43.5 -122.4617320,38.1626160,43.5 -122.4617620,38.1626180,43.5 -122.4617920,38.1626190,43.5 -122.4618220,38.1626210,43.5 -122.4618520,38.1626240,43.5 -122.4618820,38.1626270,43.5 -122.4619110,38.1626300,43.5 -122.4619400,38.1626350,43.5 -122.4619690,38.1626390,46.5 -122.4619970,38.1626440,46.5 -122.4620240,38.1626500,46.5 -122.4620520,38.1626560,46.5 -122.4620790,38.1626630,46.5 -122.4621060,38.1626700,46.5 -122.4621320,38.1626780,46.5 -122.4621580,38.1626860,46.5 -122.4621830,38.1626940,46.5 -122.4622090,38.1627040,46.5 -122.4622340,38.1627140,48.9 -122.4622580,38.1627240,48.9 -122.4622830,38.1627350,48.9 -122.4623070,38.1627470,48.9 -122.4623310,38.1627600,48.9 -122.4623550,38.1627730,48.9 -122.4623780,38.1627860,48.9 -122.4624010,38.1628000,48.9 -122.4624240,38.1628150,48.9 -122.4624470,38.1628310,48.9 -122.4624700,38.1628470,50.0 -122.4624920,38.1628630,50.0 -122.4625140,38.1628800,50.0 -122.4625350,38.1628980,50.0 -122.4625570,38.1629160,50.0 -122.4625780,38.1629350,50.0 -122.4625990,38.1629550,50.0 -122.4626210,38.1629750,50.0 -122.4626420,38.1629950,50.0 -122.4626630,38.1630160,50.0 -122.4626840,38.1630370,49.7 -122.4627060,38.1630580,49.7 -122.4627270,38.1630800,49.7 -122.4627490,38.1631020,49.7 -122.4627710,38.1631240,49.7 -122.4627910,38.1631460,49.7 -122.4628120,38.1631680,49.7 -122.4628330,38.1631900,49.7 -122.4628530,38.1632120,49.7 -122.4628740,38.1632340,49.7 -122.4628940,38.1632550,46.7 -122.4629130,38.1632770,46.7 -122.4629320,38.1632980,46.7 -122.4629510,38.1633190,46.7 -122.4629690,38.1633400,46.7 -122.4629880,38.1633600,46.7 -122.4630050,38.1633800,46.7 -122.4630230,38.1634000,46.7 -122.4630400,38.1634200,46.7 -122.4630560,38.1634390,46.7 -122.4630730,38.1634590,43.8 -122.4630890,38.1634780,43.8 -122.4631040,38.1634960,43.8 -122.4631200,38.1635150,43.8 -122.4631350,38.1635320,43.8 -122.4631490,38.1635500,43.8 -122.4631640,38.1635670,43.8 -122.4631780,38.1635850,43.8 -122.4631920,38.1636020,43.8 -122.4632050,38.1636200,43.8 -122.4632190,38.1636370,42.0 -122.4632320,38.1636540,42.0 -122.4632450,38.1636710,42.0 -122.4632570,38.1636890,42.0 -122.4632690,38.1637060,42.0 -122.4632810,38.1637230,42.0 -122.4632920,38.1637390,42.0 -122.4633020,38.1637560,42.0 -122.4633120,38.1637730,42.0 -122.4633220,38.1637900,42.0 -122.4633300,38.1638070,40.6 -122.4633380,38.1638240,40.6 -122.4633460,38.1638400,40.6 -122.4633520,38.1638570,40.6 -122.4633590,38.1638740,40.6 -122.4633640,38.1638910,40.6 -122.4633690,38.1639080,40.6 -122.4633730,38.1639250,40.6 -122.4633760,38.1639410,40.6 -122.4633790,38.1639580,40.6 -122.4633800,38.1639740,39.0 -122.4633810,38.1639910,39.0 -122.4633810,38.1640070,39.0 -122.4633810,38.1640230,39.0 -122.4633790,38.1640380,39.0 -122.4633770,38.1640540,39.0 -122.4633730,38.1640700,39.0 -122.4633700,38.1640850,39.0 -122.4633650,38.1641000,39.0 -122.4633590,38.1641140,39.0 -122.4633530,38.1641280,37.5 -122.4633460,38.1641430,37.5 -122.4633380,38.1641560,37.5 -122.4633300,38.1641700,37.5 -122.4633210,38.1641840,37.5 -122.4633100,38.1641970,37.5 -122.4632990,38.1642100,37.5 -122.4632860,38.1642230,37.5 -122.4632730,38.1642350,37.5 -122.4632600,38.1642470,37.5 -122.4632450,38.1642590,35.4 -122.4632280,38.1642710,35.4 -122.4632110,38.1642830,35.4 -122.4631930,38.1642950,35.4 -122.4631730,38.1643060,35.4 -122.4631530,38.1643170,35.4 -122.4631310,38.1643290,35.4 -122.4631090,38.1643390,35.4 -122.4630850,38.1643500,35.4 -122.4630600,38.1643580,35.4 -122.4630340,38.1643670,33.1 -122.4630080,38.1643760,33.1 -122.4629810,38.1643850,33.1 -122.4629530,38.1643940,33.1 -122.4629240,38.1644020,33.1 -122.4628940,38.1644100,33.1 -122.4628630,38.1644190,33.1 -122.4628320,38.1644260,33.1 -122.4628000,38.1644340,33.1 -122.4627670,38.1644420,33.1 -122.4627340,38.1644490,30.2 -122.4627000,38.1644570,30.2 -122.4626660,38.1644640,30.2 -122.4626310,38.1644710,30.2 -122.4625950,38.1644770,30.2 -122.4625590,38.1644840,30.2 -122.4625230,38.1644900,30.2 -122.4624870,38.1644960,30.2 -122.4624500,38.1645020,30.2 -122.4624130,38.1645070,30.2 -122.4623750,38.1645120,27.4 -122.4623380,38.1645160,27.4 -122.4623000,38.1645200,27.4 -122.4622620,38.1645240,27.4 -122.4622240,38.1645260,27.4 -122.4621860,38.1645290,27.4 -122.4621480,38.1645300,27.4 -122.4621090,38.1645310,27.4 -122.4620710,38.1645320,27.4 -122.4620330,38.1645320,27.4 -122.4619950,38.1645320,26.5 -122.4619570,38.1645310,26.5 -122.4619180,38.1645300,26.5 -122.4618800,38.1645290,26.5 -122.4618420,38.1645260,26.5 -122.4618040,38.1645230,26.5 -122.4617660,38.1645200,26.5 -122.4617270,38.1645160,26.5 -122.4616900,38.1645120,26.5 -122.4616520,38.1645060,26.5 -122.4616140,38.1645000,24.4 -122.4615760,38.1644940,24.4 -122.4615390,38.1644860,24.4 -122.4615020,38.1644780,24.4 -122.4614650,38.1644690,24.4 -122.4614280,38.1644600,24.4 -122.4613920,38.1644500,24.4 -122.4613550,38.1644390,24.4 -122.4613190,38.1644280,24.4 -122.4612840,38.1644160,24.4 -122.4612490,38.1644030,22.9 -122.4612140,38.1643890,22.9 -122.4611800,38.1643750,22.9 -122.4611450,38.1643600,22.9 -122.4611120,38.1643450,22.9 -122.4610790,38.1643290,22.9 -122.4610460,38.1643130,22.9 -122.4610140,38.1642950,22.9 -122.4609820,38.1642770,22.9 -122.4609510,38.1642580,22.9 -122.4609200,38.1642390,22.2 -122.4608900,38.1642200,22.2 -122.4608600,38.1641990,22.2 -122.4608300,38.1641780,22.2 -122.4608000,38.1641550,22.2 -122.4607710,38.1641320,22.2 -122.4607420,38.1641080,22.2 -122.4607140,38.1640840,22.2 -122.4606860,38.1640590,22.2 -122.4606590,38.1640330,22.2 -122.4606320,38.1640070,22.8 -122.4606050,38.1639800,22.8 -122.4605790,38.1639530,22.8 -122.4605530,38.1639260,22.8 -122.4605270,38.1638980,22.8 -122.4605010,38.1638690,22.8 -122.4604760,38.1638400,22.8 -122.4604520,38.1638110,22.8 -122.4604270,38.1637820,22.8 -122.4604040,38.1637530,22.8 -122.4603800,38.1637240,25.4 -122.4603570,38.1636950,25.4 -122.4603340,38.1636660,25.4 -122.4603110,38.1636380,25.4 -122.4602890,38.1636100,25.4 -122.4602660,38.1635820,25.4 -122.4602450,38.1635540,25.4 -122.4602230,38.1635260,25.4 -122.4602010,38.1634990,25.4 -122.4601800,38.1634720,25.4 -122.4601590,38.1634450,27.3 -122.4601380,38.1634180,27.3 -122.4601180,38.1633920,27.3 -122.4600970,38.1633670,27.3 -122.4600770,38.1633410,27.3 -122.4600570,38.1633160,27.3 -122.4600370,38.1632910,27.3 -122.4600170,38.1632660,27.3 -122.4599970,38.1632420,27.3 -122.4599770,38.1632180,27.3 -122.4599570,38.1631940,27.4 -122.4599360,38.1631700,27.4 -122.4599160,38.1631470,27.4 -122.4598950,38.1631230,27.4 -122.4598750,38.1631000,27.4 -122.4598540,38.1630780,27.4 -122.4598330,38.1630550,27.4 -122.4598110,38.1630330,27.4 -122.4597900,38.1630110,27.4 -122.4597690,38.1629900,27.4 -122.4597470,38.1629690,26.1 -122.4597250,38.1629480,26.1 -122.4597030,38.1629280,26.1 -122.4596810,38.1629090,26.1 -122.4596580,38.1628890,26.1 -122.4596350,38.1628710,26.1 -122.4596110,38.1628520,26.1 -122.4595870,38.1628350,26.1 -122.4595630,38.1628180,26.1 -122.4595380,38.1628010,26.1 -122.4595130,38.1627860,23.4 -122.4594880,38.1627710,23.4 -122.4594630,38.1627560,23.4 -122.4594370,38.1627420,23.4 -122.4594100,38.1627290,23.4 -122.4593840,38.1627160,23.4 -122.4593560,38.1627040,23.4 -122.4593290,38.1626930,23.4 -122.4593010,38.1626830,23.4 -122.4592730,38.1626730,23.4 -122.4592440,38.1626640,20.7 -122.4592150,38.1626560,20.7 -122.4591870,38.1626490,20.7 -122.4591580,38.1626430,20.7 -122.4591290,38.1626370,20.7 -122.4591000,38.1626320,20.7 -122.4590710,38.1626270,20.7 -122.4590420,38.1626230,20.7 -122.4590130,38.1626200,20.7 -122.4589830,38.1626180,20.7 -122.4589540,38.1626170,18.1 -122.4589250,38.1626160,18.1 -122.4588970,38.1626170,18.1 -122.4588680,38.1626180,18.1 -122.4588390,38.1626200,18.1 -122.4588110,38.1626230,18.1 -122.4587820,38.1626260,18.1 -122.4587540,38.1626290,18.1 -122.4587250,38.1626340,18.1 -122.4586970,38.1626390,18.1 -122.4586690,38.1626450,15.6 -122.4586410,38.1626520,15.6 -122.4586140,38.1626600,15.6 -122.4585870,38.1626690,15.6 -122.4585600,38.1626790,15.6 -122.4585340,38.1626900,15.6 -122.4585090,38.1627010,15.6 -122.4584840,38.1627140,15.6 -122.4584590,38.1627270,15.6 -122.4584350,38.1627410,15.6 -122.4584110,38.1627550,13.0 -122.4583900,38.1627730,13.0 -122.4583680,38.1627900,13.0 -122.4583460,38.1628070,13.0 -122.4583260,38.1628250,13.0 -122.4583050,38.1628430,13.0 -122.4582860,38.1628620,13.0 -122.4582680,38.1628810,13.0 -122.4582500,38.1629010,13.0 -122.4582340,38.1629210,13.0 -122.4582170,38.1629420,10.2 -122.4582020,38.1629630,10.2 -122.4581870,38.1629840,10.2 -122.4581730,38.1630070,10.2 -122.4581600,38.1630290,10.2 -122.4581470,38.1630520,10.2 -122.4581350,38.1630750,10.2 -122.4581250,38.1630990,10.2 -122.4581150,38.1631230,10.2 -122.4581060,38.1631480,10.2 -122.4580980,38.1631720,7.5 -122.4580910,38.1631970,7.5 -122.4580850,38.1632230,7.5 -122.4580800,38.1632490,7.5 -122.4580770,38.1632750,7.5 -122.4580750,38.1633010,7.5 -122.4580740,38.1633280,7.5 -122.4580740,38.1633540,7.5 -122.4580760,38.1633800,7.5 -122.4580780,38.1634070,7.5 -122.4580820,38.1634330,5.9 -122.4580870,38.1634590,5.9 -122.4580930,38.1634850,5.9 -122.4581000,38.1635110,5.9 -122.4581080,38.1635370,5.9 -122.4581170,38.1635620,5.9 -122.4581270,38.1635860,5.9 -122.4581380,38.1636100,5.9 -122.4581490,38.1636350,5.9 -122.4581620,38.1636600,5.9 -122.4581750,38.1636850,7.1 -122.4581890,38.1637090,7.1 -122.4582040,38.1637340,7.1 -122.4582200,38.1637580,7.1 -122.4582370,38.1637830,7.1 -122.4582550,38.1638070,7.1 -122.4582740,38.1638310,7.1 -122.4582930,38.1638550,7.1 -122.4583130,38.1638790,7.1 -122.4583340,38.1639030,7.1 -122.4583560,38.1639260,8.6 -122.4583790,38.1639500,8.6 -122.4584030,38.1639730,8.6 -122.4584270,38.1639960,8.6 -122.4584520,38.1640180,8.6 -122.4584780,38.1640410,8.6 -122.4585040,38.1640640,8.6 -122.4585300,38.1640870,8.6 -122.4585570,38.1641090,8.6 -122.4585850,38.1641310,8.6 -122.4586140,38.1641540,10.3 -122.4586430,38.1641760,10.3 -122.4586730,38.1641980,10.3 -122.4587030,38.1642200,10.3 -122.4587340,38.1642420,10.3 -122.4587660,38.1642640,10.3 -122.4587980,38.1642860,10.3 -122.4588310,38.1643080,10.3 -122.4588650,38.1643300,10.3 -122.4588990,38.1643510,10.3 -122.4589330,38.1643730,12.1 -122.4589680,38.1643940,12.1 -122.4590040,38.1644150,12.1 -122.4590400,38.1644370,12.1 -122.4590770,38.1644580,12.1 -122.4591140,38.1644790,12.1 -122.4591510,38.1645000,12.1 -122.4591890,38.1645210,12.1 -122.4592270,38.1645420,12.1 -122.4592660,38.1645630,12.1 -122.4593050,38.1645840,14.0 -122.4593450,38.1646050,14.0 -122.4593840,38.1646260,14.0 -122.4594250,38.1646460,14.0 -122.4594650,38.1646670,14.0 -122.4595060,38.1646880,14.0 -122.4595470,38.1647090,14.0 -122.4595890,38.1647300,14.0 -122.4596310,38.1647510,14.0 -122.4596740,38.1647710,14.0 -122.4597160,38.1647920,16.1 -122.4597590,38.1648130,16.1 -122.4598030,38.1648340,16.1 -122.4598460,38.1648550,16.1 -122.4598900,38.1648750,16.1 -122.4599340,38.1648950,16.1 -122.4599780,38.1649160,16.1 -122.4600230,38.1649360,16.1 -122.4600670,38.1649560,16.1 -122.4601120,38.1649760,16.1 -122.4601570,38.1649960,18.1 -122.4602030,38.1650160,18.1 -122.4602490,38.1650360,18.1 -122.4602950,38.1650560,18.1 -122.4603410,38.1650750,18.1 -122.4603880,38.1650950,18.1 -122.4604350,38.1651150,18.1 -122.4604820,38.1651340,18.1 -122.4605290,38.1651530,18.1 -122.4605760,38.1651720,18.1 -122.4606230,38.1651910,20.1 -122.4606690,38.1652090,20.1 -122.4607150,38.1652280,20.1 -122.4607600,38.1652450,20.1 -122.4608050,38.1652630,20.1 -122.4608500,38.1652810,20.1 -122.4608930,38.1652980,20.1 -122.4609370,38.1653150,20.1 -122.4609790,38.1653320,20.1 -122.4610210,38.1653480,20.1 -122.4610620,38.1653640,22.1 -122.4611030,38.1653800,22.1 -122.4611440,38.1653960,22.1 -122.4611830,38.1654110,22.1 -122.4612220,38.1654260,22.1 -122.4612600,38.1654410,22.1 -122.4612990,38.1654560,22.1 -122.4613360,38.1654710,22.1 -122.4613730,38.1654860,22.1 -122.4614100,38.1655000,22.1 -122.4614460,38.1655150,24.2 -122.4614820,38.1655290,24.2 -122.4615170,38.1655430,24.2 -122.4615510,38.1655560,24.2 -122.4615860,38.1655700,24.2 -122.4616200,38.1655830,24.2 -122.4616530,38.1655960,24.2 -122.4616860,38.1656090,24.2 -122.4617180,38.1656220,24.2 -122.4617490,38.1656350,24.2 -122.4617810,38.1656470,26.2 -122.4618120,38.1656600,26.2 -122.4618430,38.1656720,26.2 -122.4618730,38.1656840,26.2 -122.4619030,38.1656950,26.2 -122.4619320,38.1657070,26.2 -122.4619610,38.1657180,26.2 -122.4619890,38.1657290,26.2 -122.4620170,38.1657400,26.2 -122.4620440,38.1657510,26.2 -122.4620710,38.1657630,27.6 -122.4620970,38.1657740,27.6 -122.4621230,38.1657850,27.6 -122.4621480,38.1657960,27.6 -122.4621730,38.1658060,27.6 -122.4621970,38.1658170,27.6 -122.4622200,38.1658290,27.6 -122.4622430,38.1658400,27.6 -122.4622650,38.1658510,27.6 -122.4622870,38.1658620,27.6 -122.4623070,38.1658740,28.6 -122.4623280,38.1658860,28.6 -122.4623480,38.1658980,28.6 -122.4623680,38.1659100,28.6 -122.4623860,38.1659220,28.6 -122.4624040,38.1659350,28.6 -122.4624210,38.1659470,28.6 -122.4624380,38.1659600,28.6 -122.4624530,38.1659730,28.6 -122.4624680,38.1659860,28.6 -122.4624820,38.1659990,28.7 -122.4624960,38.1660120,28.7 -122.4625090,38.1660250,28.7 -122.4625200,38.1660390,28.7 -122.4625310,38.1660520,28.7 -122.4625410,38.1660660,28.7 -122.4625510,38.1660800,28.7 -122.4625600,38.1660930,28.7 -122.4625680,38.1661070,28.7 -122.4625750,38.1661210,28.7 -122.4625810,38.1661350,28.8 -122.4625860,38.1661490,28.8 -122.4625910,38.1661620,28.8 -122.4625950,38.1661760,28.8 -122.4625970,38.1661890,28.8 -122.4625990,38.1662030,28.8 -122.4626000,38.1662160,28.8 -122.4626000,38.1662300,28.8 -122.4625990,38.1662430,28.8 -122.4625980,38.1662560,28.8 -122.4625950,38.1662690,28.9 -122.4625920,38.1662820,28.9 -122.4625880,38.1662960,28.9 -122.4625820,38.1663080,28.9 -122.4625750,38.1663210,28.9 -122.4625680,38.1663340,28.9 -122.4625590,38.1663460,28.9 -122.4625500,38.1663590,28.9 -122.4625400,38.1663700,28.9 -122.4625290,38.1663820,28.9 -122.4625170,38.1663940,29.0 -122.4625050,38.1664050,29.0 -122.4624920,38.1664170,29.0 -122.4624780,38.1664270,29.0 -122.4624640,38.1664380,29.0 -122.4624480,38.1664480,29.0 -122.4624320,38.1664570,29.0 -122.4624150,38.1664660,29.0 -122.4623980,38.1664740,29.0 -122.4623800,38.1664820,29.0 -122.4623620,38.1664890,28.9 -122.4623430,38.1664960,28.9 -122.4623230,38.1665020,28.9 -122.4623040,38.1665080,28.9 -122.4622840,38.1665130,28.9 -122.4622630,38.1665170,28.9 -122.4622420,38.1665210,28.9 -122.4622200,38.1665230,28.9 -122.4621980,38.1665250,28.9 -122.4621770,38.1665270,28.9 -122.4621540,38.1665270,28.4 -122.4621320,38.1665270,28.4 -122.4621090,38.1665260,28.4 -122.4620860,38.1665250,28.4 -122.4620620,38.1665220,28.4 -122.4620390,38.1665190,28.4 -122.4620150,38.1665150,28.4 -122.4619900,38.1665100,28.4 -122.4619660,38.1665050,28.4 -122.4619420,38.1664980,28.4 -122.4619170,38.1664910,28.1 -122.4618920,38.1664830,28.1 -122.4618670,38.1664750,28.1 -122.4618410,38.1664660,28.1 -122.4618160,38.1664560,28.1 -122.4617900,38.1664450,28.1 -122.4617640,38.1664330,28.1 -122.4617370,38.1664210,28.1 -122.4617100,38.1664080,28.1 -122.4616830,38.1663940,28.1 -122.4616560,38.1663800,27.4 -122.4616280,38.1663660,27.4 -122.4616000,38.1663500,27.4 -122.4615720,38.1663340,27.4 -122.4615440,38.1663180,27.4 -122.4615150,38.1663000,27.4 -122.4614860,38.1662830,27.4 -122.4614570,38.1662650,27.4 -122.4614280,38.1662480,27.4 -122.4613980,38.1662300,27.4 -122.4613680,38.1662110,26.3 -122.4613380,38.1661930,26.3 -122.4613070,38.1661740,26.3 -122.4612760,38.1661550,26.3 -122.4612440,38.1661350,26.3 -122.4612120,38.1661160,26.3 -122.4611790,38.1660960,26.3 -122.4611460,38.1660760,26.3 -122.4611110,38.1660560,26.3 -122.4610770,38.1660360,26.3 -122.4610420,38.1660160,25.2 -122.4610060,38.1659960,25.2 -122.4609700,38.1659760,25.2 -122.4609330,38.1659560,25.2 -122.4608960,38.1659360,25.2 -122.4608590,38.1659160,25.2 -122.4608210,38.1658970,25.2 -122.4607830,38.1658770,25.2 -122.4607440,38.1658580,25.2 -122.4607050,38.1658390,25.2 -122.4606660,38.1658200,23.4 -122.4606260,38.1658010,23.4 -122.4605870,38.1657830,23.4 -122.4605470,38.1657650,23.4 -122.4605060,38.1657470,23.4 -122.4604660,38.1657290,23.4 -122.4604260,38.1657110,23.4 -122.4603860,38.1656930,23.4 -122.4603460,38.1656760,23.4 -122.4603060,38.1656580,23.4 -122.4602670,38.1656400,21.8 -122.4602280,38.1656220,21.8 -122.4601900,38.1656040,21.8 -122.4601510,38.1655850,21.8 -122.4601140,38.1655670,21.8 -122.4600770,38.1655470,21.8 -122.4600400,38.1655280,21.8 -122.4600040,38.1655080,21.8 -122.4599690,38.1654880,21.8 -122.4599340,38.1654680,21.8 -122.4598990,38.1654480,20.0 -122.4598660,38.1654270,20.0 -122.4598320,38.1654060,20.0 -122.4597990,38.1653850,20.0 -122.4597670,38.1653630,20.0 -122.4597350,38.1653420,20.0 -122.4597030,38.1653210,20.0 -122.4596720,38.1652990,20.0 -122.4596400,38.1652780,20.0 -122.4596090,38.1652580,20.0 -122.4595770,38.1652370,18.9 -122.4595450,38.1652180,18.9 -122.4595130,38.1651980,18.9 -122.4594810,38.1651790,18.9 -122.4594490,38.1651610,18.9 -122.4594160,38.1651430,18.9 -122.4593840,38.1651260,18.9 -122.4593510,38.1651090,18.9 -122.4593170,38.1650920,18.9 -122.4592840,38.1650770,18.9 -122.4592490,38.1650610,17.6 -122.4592150,38.1650460,17.6 -122.4591800,38.1650320,17.6 -122.4591450,38.1650190,17.6 -122.4591090,38.1650070,17.6 -122.4590740,38.1649950,17.6 -122.4590380,38.1649830,17.6 -122.4590010,38.1649720,17.6 -122.4589640,38.1649630,17.6 -122.4589270,38.1649530,17.6 -122.4588900,38.1649440,16.2 -122.4588520,38.1649370,16.2 -122.4588150,38.1649310,16.2 -122.4587760,38.1649240,16.2 -122.4587380,38.1649180,16.2 -122.4586990,38.1649120,16.2 -122.4586590,38.1649070,16.2 -122.4586200,38.1649020,16.2 -122.4585800,38.1648990,16.2 -122.4585400,38.1648950,16.2 -122.4585000,38.1648900,15.1 -122.4584590,38.1648860,15.1 -122.4584190,38.1648820,15.1 -122.4583780,38.1648770,15.1 -122.4583380,38.1648720,15.1 -122.4582980,38.1648670,15.1 -122.4582570,38.1648610,15.1 -122.4582170,38.1648550,15.1 -122.4581770,38.1648480,15.1 -122.4581370,38.1648400,15.1 -122.4580970,38.1648310,13.5 -122.4580570,38.1648220,13.5 -122.4580180,38.1648120,13.5 -122.4579790,38.1648020,13.5 -122.4579400,38.1647900,13.5 -122.4579010,38.1647780,13.5 -122.4578620,38.1647650,13.5 -122.4578240,38.1647520,13.5 -122.4577850,38.1647380,13.5 -122.4577470,38.1647230,13.5 -122.4577080,38.1647070,12.8 -122.4576700,38.1646910,12.8 -122.4576310,38.1646740,12.8 -122.4575930,38.1646560,12.8 -122.4575550,38.1646380,12.8 -122.4575170,38.1646190,12.8 -122.4574790,38.1645990,12.8 -122.4574400,38.1645790,12.8 -122.4574020,38.1645590,12.8 -122.4573640,38.1645380,12.8 -122.4573250,38.1645160,12.6 -122.4572870,38.1644940,12.6 -122.4572490,38.1644720,12.6 -122.4572100,38.1644500,12.6 -122.4571710,38.1644270,12.6 -122.4571320,38.1644040,12.6 -122.4570920,38.1643800,12.6 -122.4570530,38.1643560,12.6 -122.4570140,38.1643320,12.6 -122.4569740,38.1643080,12.6 -122.4569350,38.1642830,11.1 -122.4568960,38.1642590,11.1 -122.4568570,38.1642350,11.1 -122.4568180,38.1642110,11.1 -122.4567800,38.1641870,11.1 -122.4567420,38.1641630,11.1 -122.4567040,38.1641390,11.1 -122.4566660,38.1641150,11.1 -122.4566290,38.1640920,11.1 -122.4565910,38.1640680,11.1 -122.4565540,38.1640440,8.3 -122.4565180,38.1640210,8.3 -122.4564820,38.1639980,8.3 -122.4564460,38.1639750,8.3 -122.4564110,38.1639520,8.3 -122.4563750,38.1639300,8.3 -122.4563410,38.1639070,8.3 -122.4563060,38.1638850,8.3 -122.4562720,38.1638630,8.3 -122.4562380,38.1638420,8.3 -122.4562050,38.1638200,6.6 -122.4561720,38.1637990,6.6 -122.4561400,38.1637780,6.6 -122.4561080,38.1637570,6.6 -122.4560760,38.1637360,6.6 -122.4560450,38.1637160,6.6 -122.4560140,38.1636960,6.6 -122.4559840,38.1636760,6.6 -122.4559540,38.1636570,6.6 -122.4559240,38.1636370,6.6 -122.4558950,38.1636180,5.6 -122.4558670,38.1636000,5.6 -122.4558390,38.1635810,5.6 -122.4558110,38.1635630,5.6 -122.4557840,38.1635460,5.6 -122.4557570,38.1635280,5.6 -122.4557310,38.1635110,5.6 -122.4557050,38.1634940,5.6 -122.4556800,38.1634770,5.6 -122.4556550,38.1634610,5.6 -122.4556300,38.1634450,4.7 -122.4556060,38.1634290,4.7 -122.4555820,38.1634130,4.7 -122.4555590,38.1633970,4.7 -122.4555360,38.1633820,4.7 -122.4555130,38.1633670,4.7 -122.4554910,38.1633520,4.7 -122.4554690,38.1633370,4.7 -122.4554480,38.1633230,4.7 -122.4554270,38.1633090,4.7 -122.4554070,38.1632940,4.2 -122.4553870,38.1632800,4.2 -122.4553670,38.1632660,4.2 -122.4553480,38.1632520,4.2 -122.4553290,38.1632380,4.2 -122.4553120,38.1632240,4.2 -122.4552940,38.1632100,4.2 -122.4552770,38.1631960,4.2 -122.4552610,38.1631820,4.2 -122.4552460,38.1631680,4.2 -122.4552310,38.1631540,4.4 -122.4552170,38.1631400,4.4 -122.4552050,38.1631270,4.4 -122.4551930,38.1631130,4.4 -122.4551810,38.1630990,4.4 -122.4551700,38.1630850,4.4 -122.4551590,38.1630710,4.4 -122.4551500,38.1630570,4.4 -122.4551410,38.1630430,4.4 -122.4551330,38.1630290,4.4 -122.4551250,38.1630160,4.1 -122.4551180,38.1630020,4.1 -122.4551120,38.1629890,4.1 -122.4551070,38.1629750,4.1 -122.4551020,38.1629620,4.1 -122.4550980,38.1629480,4.1 -122.4550960,38.1629340,4.1 -122.4550940,38.1629210,4.1 -122.4550920,38.1629080,4.1 -122.4550910,38.1628940,4.1 -122.4550910,38.1628810,3.9 -122.4550920,38.1628680,3.9 -122.4550940,38.1628540,3.9 -122.4550960,38.1628420,3.9 -122.4550980,38.1628290,3.9 -122.4551010,38.1628180,3.9 -122.4551030,38.1628060,3.9 -122.4551050,38.1627940,3.9 -122.4551070,38.1627820,3.9 -122.4551090,38.1627700,3.9 -122.4551090,38.1627580,4.0 -122.4551090,38.1627460,4.0 -122.4551080,38.1627330,4.0 -122.4551070,38.1627210,4.0 -122.4551040,38.1627080,4.0 -122.4551000,38.1626950,4.0 -122.4550960,38.1626830,4.0 -122.4550910,38.1626710,4.0 -122.4550840,38.1626580,4.0 -122.4550770,38.1626460,4.0 -122.4550690,38.1626340,3.9 -122.4550600,38.1626220,3.9 -122.4550500,38.1626100,3.9 -122.4550390,38.1625990,3.9 -122.4550260,38.1625870,3.9 -122.4550140,38.1625750,3.9 -122.4550000,38.1625640,3.9 -122.4549850,38.1625530,3.9 -122.4549690,38.1625420,3.9 -122.4549520,38.1625310,3.9 -122.4549350,38.1625210,3.6 -122.4549160,38.1625100,3.6 -122.4548960,38.1625000,3.6 -122.4548760,38.1624910,3.6 -122.4548540,38.1624810,3.6 -122.4548320,38.1624720,3.6 -122.4548080,38.1624630,3.6 -122.4547840,38.1624550,3.6 -122.4547590,38.1624470,3.6 -122.4547330,38.1624390,3.6 -122.4547070,38.1624320,3.3 -122.4546790,38.1624250,3.3 -122.4546510,38.1624190,3.3 -122.4546230,38.1624130,3.3 -122.4545930,38.1624070,3.3 -122.4545630,38.1624010,3.3 -122.4545320,38.1623960,3.3 -122.4545000,38.1623910,3.3 -122.4544690,38.1623870,3.3 -122.4544360,38.1623820,3.3 -122.4544030,38.1623780,3.0 -122.4543690,38.1623740,3.0 -122.4543360,38.1623700,3.0 -122.4543020,38.1623650,3.0 -122.4542670,38.1623610,3.0 -122.4542330,38.1623560,3.0 -122.4541990,38.1623510,3.0 -122.4541640,38.1623460,3.0 -122.4541290,38.1623400,3.0 -122.4540950,38.1623340,3.0 -122.4540600,38.1623290,2.3 -122.4540260,38.1623230,2.3 -122.4539920,38.1623160,2.3 -122.4539570,38.1623090,2.3 -122.4539230,38.1623020,2.3 -122.4538890,38.1622940,2.3 -122.4538540,38.1622850,2.3 -122.4538200,38.1622750,2.3 -122.4537860,38.1622650,2.3 -122.4537520,38.1622540,2.3 -122.4537170,38.1622400,1.7 -122.4536830,38.1622260,1.7 -122.4536500,38.1622130,1.7 -122.4536170,38.1621980,1.7 -122.4535850,38.1621840,1.7 -122.4535530,38.1621690,1.7 -122.4535210,38.1621540,1.7 -122.4534900,38.1621380,1.7 -122.4534600,38.1621210,1.7 -122.4534300,38.1621040,1.7 -122.4534000,38.1620870,1.4 -122.4533710,38.1620680,1.4 -122.4533430,38.1620490,1.4 -122.4533150,38.1620300,1.4 -122.4532880,38.1620100,1.4 -122.4532610,38.1619900,1.4 -122.4532350,38.1619690,1.4 -122.4532100,38.1619470,1.4 -122.4531850,38.1619250,1.4 -122.4531600,38.1619030,1.4 -122.4531360,38.1618800,1.2 -122.4531130,38.1618560,1.2 -122.4530900,38.1618310,1.2 -122.4530670,38.1618060,1.2 -122.4530450,38.1617800,1.2 -122.4530240,38.1617540,1.2 -122.4530030,38.1617280,1.2 -122.4529820,38.1617010,1.2 -122.4529620,38.1616740,1.2 -122.4529420,38.1616460,1.2 -122.4529230,38.1616180,1.2 -122.4529050,38.1615890,1.2 -122.4528870,38.1615600,1.2 -122.4528700,38.1615310,1.2 -122.4528540,38.1615010,1.2 -122.4528370,38.1614700,1.2 -122.4528210,38.1614400,1.2 -122.4528060,38.1614090,1.2 -122.4527910,38.1613780,1.2 -122.4527760,38.1613470,1.2 -122.4527620,38.1613160,1.3 -122.4527480,38.1612850,1.3 -122.4527340,38.1612550,1.3 -122.4527210,38.1612240,1.3 -122.4527080,38.1611940,1.3 -122.4526950,38.1611640,1.3 -122.4526820,38.1611340,1.3 -122.4526690,38.1611040,1.3 -122.4526570,38.1610750,1.3 -122.4526450,38.1610470,1.3 -122.4526330,38.1610180,1.1 -122.4526220,38.1609900,1.1 -122.4526100,38.1609630,1.1 -122.4525990,38.1609360,1.1 -122.4525880,38.1609090,1.1 -122.4525780,38.1608830,1.1 -122.4525680,38.1608580,1.1 -122.4525570,38.1608330,1.1 -122.4525480,38.1608090,1.1 -122.4525380,38.1607850,1.1 -122.4525290,38.1607620,0.9 -122.4525190,38.1607390,0.9 -122.4525110,38.1607160,0.9 -122.4525020,38.1606950,0.9 -122.4524940,38.1606730,0.9 -122.4524860,38.1606520,0.9 -122.4524780,38.1606320,0.9 -122.4524700,38.1606120,0.9 -122.4524630,38.1605920,0.9 -122.4524560,38.1605730,0.9 -122.4524480,38.1605540,0.7 -122.4524410,38.1605350,0.7 -122.4524340,38.1605170,0.7 -122.4524280,38.1604990,0.7 -122.4524210,38.1604810,0.7 -122.4524150,38.1604640,0.7 -122.4524090,38.1604470,0.7 -122.4524030,38.1604310,0.7 -122.4523970,38.1604150,0.7 -122.4523920,38.1603980,0.7 -122.4523870,38.1603830,0.5 -122.4523830,38.1603670,0.5 -122.4523780,38.1603520,0.5 -122.4523740,38.1603380,0.5 -122.4523700,38.1603230,0.5 -122.4523660,38.1603090,0.5 -122.4523630,38.1602950,0.5 -122.4523600,38.1602820,0.5 -122.4523580,38.1602680,0.5 -122.4523560,38.1602550,0.5 -122.4523560,38.1602420,6552.9 -122.4523550,38.1602290,6552.9 -122.4523560,38.1602170,6552.9 -122.4523570,38.1602040,6552.9 -122.4523590,38.1601910,6552.9 -122.4523610,38.1601790,6552.9 -122.4523650,38.1601680,6552.9 -122.4523690,38.1601570,6552.9 -122.4523740,38.1601460,6552.9 -122.4523790,38.1601360,6552.9 -122.4523850,38.1601250,6552.9 -122.4523910,38.1601160,6552.9 -122.4523980,38.1601070,6552.9 -122.4524060,38.1600980,6552.9 -122.4524140,38.1600900,6552.9 -122.4524230,38.1600830,6552.9 -122.4524310,38.1600760,6552.9 -122.4524410,38.1600700,6552.9 -122.4524510,38.1600640,6552.9 -122.4524600,38.1600590,6552.9 -122.4524710,38.1600550,6553.2 -122.4524810,38.1600500,6553.2 -122.4524920,38.1600470,6553.2 -122.4525030,38.1600440,6553.2 -122.4525150,38.1600420,6553.2 -122.4525280,38.1600400,6553.2 -122.4525410,38.1600390,6553.2 -122.4525540,38.1600390,6553.2 -122.4525670,38.1600400,6553.2 -122.4525800,38.1600410,6553.2 -122.4525940,38.1600440,6553.5 -122.4526080,38.1600480,6553.5 -122.4526230,38.1600520,6553.5 -122.4526380,38.1600560,6553.5 -122.4526530,38.1600610,6553.5 -122.4526680,38.1600670,6553.5 -122.4526830,38.1600740,6553.5 -122.4526990,38.1600810,6553.5 -122.4527150,38.1600890,6553.5 -122.4527310,38.1600970,6553.5 -122.4527480,38.1601060,6553.4 -122.4527640,38.1601160,6553.4 -122.4527810,38.1601260,6553.4 -122.4527990,38.1601370,6553.4 -122.4528160,38.1601480,6553.4 -122.4528340,38.1601600,6553.4 -122.4528510,38.1601730,6553.4 -122.4528700,38.1601860,6553.4 -122.4528880,38.1602000,6553.4 -122.4529070,38.1602140,6553.4 -122.4529260,38.1602290,0.1 -122.4529450,38.1602440,0.1 -122.4529640,38.1602590,0.1 -122.4529840,38.1602750,0.1 -122.4530040,38.1602920,0.1 -122.4530240,38.1603080,0.1 -122.4530440,38.1603240,0.1 -122.4530650,38.1603420,0.1 -122.4530860,38.1603590,0.1 -122.4531070,38.1603760,0.1 -122.4531280,38.1603940,0.4 -122.4531500,38.1604120,0.4 -122.4531720,38.1604310,0.4 -122.4531950,38.1604490,0.4 -122.4532180,38.1604680,0.4 -122.4532410,38.1604880,0.4 -122.4532650,38.1605070,0.4 -122.4532890,38.1605270,0.4 -122.4533140,38.1605480,0.4 -122.4533390,38.1605680,0.4 -122.4533640,38.1605890,0.5 -122.4533900,38.1606100,0.5 -122.4534160,38.1606310,0.5 -122.4534420,38.1606530,0.5 -122.4534690,38.1606740,0.5 -122.4534960,38.1606960,0.5 -122.4535230,38.1607180,0.5 -122.4535510,38.1607400,0.5 -122.4535790,38.1607620,0.5 -122.4536080,38.1607850,0.5 -122.4536370,38.1608080,0.7 -122.4536660,38.1608300,0.7 -122.4536960,38.1608530,0.7 -122.4537270,38.1608760,0.7 -122.4537570,38.1608990,0.7 -122.4537880,38.1609230,0.7 -122.4538200,38.1609460,0.7 -122.4538520,38.1609700,0.7 -122.4538840,38.1609940,0.7 -122.4539160,38.1610180,0.7 -122.4539490,38.1610420,1.1 -122.4539820,38.1610660,1.1 -122.4540160,38.1610900,1.1 -122.4540500,38.1611150,1.1 -122.4540840,38.1611390,1.1 -122.4541190,38.1611640,1.1 -122.4541540,38.1611890,1.1 -122.4541890,38.1612140,1.1 -122.4542250,38.1612390,1.1 -122.4542610,38.1612640,1.1 -122.4542970,38.1612890,1.5 -122.4543340,38.1613140,1.5 -122.4543710,38.1613400,1.5 -122.4544080,38.1613650,1.5 -122.4544450,38.1613900,1.5 -122.4544810,38.1614150,1.5 -122.4545170,38.1614400,1.5 -122.4545530,38.1614640,1.5 -122.4545880,38.1614880,1.5 -122.4546230,38.1615110,1.5 -122.4546580,38.1615350,1.8 -122.4546920,38.1615580,1.8 -122.4547250,38.1615800,1.8 -122.4547590,38.1616030,1.8 -122.4547910,38.1616250,1.8 -122.4548240,38.1616460,1.8 -122.4548560,38.1616680,1.8 -122.4548870,38.1616890,1.8 -122.4549180,38.1617100,1.8 -122.4549480,38.1617300,1.8 -122.4549780,38.1617500,2.1 -122.4550080,38.1617700,2.1 -122.4550370,38.1617900,2.1 -122.4550650,38.1618090,2.1 -122.4550930,38.1618280,2.1 -122.4551210,38.1618460,2.1 -122.4551480,38.1618640,2.1 -122.4551750,38.1618820,2.1 -122.4552010,38.1618990,2.1 -122.4552270,38.1619160,2.1 -122.4552530,38.1619330,2.3 -122.4552780,38.1619500,2.3 -122.4553030,38.1619660,2.3 -122.4553270,38.1619810,2.3 -122.4553520,38.1619970,2.3 -122.4553760,38.1620120,2.3 -122.4554000,38.1620270,2.3 -122.4554230,38.1620410,2.3 -122.4554470,38.1620550,2.3 -122.4554710,38.1620690,2.3 -122.4554950,38.1620820,2.5 -122.4555190,38.1620950,2.5 -122.4555430,38.1621070,2.5 -122.4555670,38.1621190,2.5 -122.4555910,38.1621300,2.5 -122.4556160,38.1621410,2.5 -122.4556400,38.1621510,2.5 -122.4556650,38.1621600,2.5 -122.4556900,38.1621690,2.5 -122.4557150,38.1621770,2.5 -122.4557410,38.1621840,2.8 -122.4557670,38.1621920,2.8 -122.4557930,38.1621980,2.8 -122.4558200,38.1622040,2.8 -122.4558470,38.1622100,2.8 -122.4558740,38.1622150,2.8 -122.4559020,38.1622200,2.8 -122.4559290,38.1622240,2.8 -122.4559570,38.1622270,2.8 -122.4559850,38.1622300,2.8 -122.4560140,38.1622330,3.0 -122.4560430,38.1622340,3.0 -122.4560720,38.1622360,3.0 -122.4561020,38.1622360,3.0 -122.4561320,38.1622360,3.0 -122.4561630,38.1622350,3.0 -122.4561940,38.1622340,3.0 -122.4562250,38.1622330,3.0 -122.4562560,38.1622310,3.0 -122.4562880,38.1622280,3.0 -122.4563200,38.1622260,3.6 -122.4563520,38.1622230,3.6 -122.4563850,38.1622200,3.6 -122.4564170,38.1622160,3.6 -122.4564510,38.1622130,3.6 -122.4564840,38.1622080,3.6 -122.4565170,38.1622040,3.6 -122.4565500,38.1622000,3.6 -122.4565840,38.1621950,3.6 -122.4566180,38.1621910,3.6 -122.4566530,38.1621860,4.4 -122.4566870,38.1621800,4.4 -122.4567220,38.1621750,4.4 -122.4567570,38.1621690,4.4 -122.4567920,38.1621630,4.4 -122.4568280,38.1621570,4.4 -122.4568630,38.1621510,4.4 -122.4568990,38.1621440,4.4 -122.4569350,38.1621370,4.4 -122.4569720,38.1621300,4.4 -122.4570080,38.1621220,6.2 -122.4570450,38.1621150,6.2 -122.4570820,38.1621070,6.2 -122.4571200,38.1620990,6.2 -122.4571570,38.1620910,6.2 -122.4571940,38.1620820,6.2 -122.4572320,38.1620730,6.2 -122.4572680,38.1620640,6.2 -122.4573050,38.1620540,6.2 -122.4573420,38.1620450,6.2 -122.4573780,38.1620340,8.5 -122.4574140,38.1620240,8.5 -122.4574500,38.1620120,8.5 -122.4574850,38.1620010,8.5 -122.4575200,38.1619880,8.5 -122.4575540,38.1619760,8.5 -122.4575880,38.1619620,8.5 -122.4576210,38.1619480,8.5 -122.4576540,38.1619340,8.5 -122.4576850,38.1619190,8.5 -122.4577170,38.1619030,12.5 -122.4577480,38.1618880,12.5 -122.4577780,38.1618710,12.5 -122.4578090,38.1618550,12.5 -122.4578390,38.1618390,12.5 -122.4578690,38.1618220,12.5 -122.4578990,38.1618040,12.5 -122.4579290,38.1617860,12.5 -122.4579550,38.1617680,12.5 -122.4579790,38.1617500,12.5 -122.4580040,38.1617320,16.4 -122.4580290,38.1617130,16.4 -122.4580520,38.1616940,16.4 -122.4580750,38.1616750,16.4 -122.4580970,38.1616550,16.4 -122.4581180,38.1616360,16.4 -122.4581390,38.1616160,16.4 -122.4581590,38.1615960,16.4 -122.4581790,38.1615760,16.4 -122.4581970,38.1615550,16.4 -122.4582150,38.1615350,21.2 -122.4582330,38.1615150,21.2 -122.4582510,38.1614950,21.2 -122.4582680,38.1614740,21.2 -122.4582850,38.1614550,21.2 -122.4583010,38.1614360,21.2 -122.4583170,38.1614170,21.2 -122.4583330,38.1613990,21.2 -122.4583480,38.1613810,21.2 -122.4583640,38.1613630,21.2 -122.4583800,38.1613460,25.0 -122.4583960,38.1613290,25.0 -122.4584110,38.1613130,25.0 -122.4584270,38.1612970,25.0 -122.4584430,38.1612820,25.0 -122.4584600,38.1612670,25.0 -122.4584760,38.1612530,25.0 -122.4584920,38.1612400,25.0 -122.4585090,38.1612260,25.0 -122.4585260,38.1612140,25.0 -122.4585430,38.1612020,27.9 -122.4585600,38.1611900,27.9 -122.4585780,38.1611790,27.9 -122.4585960,38.1611680,27.9 -122.4586140,38.1611580,27.9 -122.4586330,38.1611480,27.9 -122.4586510,38.1611390,27.9 -122.4586710,38.1611310,27.9 -122.4586900,38.1611230,27.9 -122.4587100,38.1611150,27.9 -122.4587300,38.1611080,31.1 -122.4587500,38.1611020,31.1 -122.4587700,38.1610960,31.1 -122.4587910,38.1610910,31.1 -122.4588120,38.1610860,31.1 -122.4588330,38.1610810,31.1 -122.4588540,38.1610780,31.1 -122.4588760,38.1610750,31.1 -122.4588970,38.1610720,31.1 -122.4589190,38.1610700,31.1 -122.4589410,38.1610690,33.3 -122.4589630,38.1610680,33.3 -122.4589850,38.1610680,33.3 -122.4590070,38.1610680,33.3 -122.4590290,38.1610690,33.3 -122.4590520,38.1610710,33.3 -122.4590740,38.1610730,33.3 -122.4590970,38.1610760,33.3 -122.4591200,38.1610790,33.3 -122.4591430,38.1610830,33.3 -122.4591660,38.1610880,34.2 -122.4591900,38.1610930,34.2 -122.4592130,38.1610990,34.2 -122.4592370,38.1611060,34.2 -122.4592610,38.1611140,34.2 -122.4592860,38.1611220,34.2 -122.4593100,38.1611310,34.2 -122.4593340,38.1611400,34.2 -122.4593590,38.1611500,34.2 -122.4593840,38.1611610,34.2 -122.4594090,38.1611720,35.1 -122.4594340,38.1611840,35.1 -122.4594590,38.1611970,35.1 -122.4594850,38.1612100,35.1 -122.4595110,38.1612240,35.1 -122.4595360,38.1612380,35.1 -122.4595620,38.1612520,35.1 -122.4595880,38.1612670,35.1 -122.4596130,38.1612830,35.1 -122.4596390,38.1612990,35.1 -122.4596640,38.1613150,36.0 -122.4596890,38.1613320,36.0 -122.4597140,38.1613500,36.0 -122.4597390,38.1613680,36.0 -122.4597640,38.1613860,36.0 -122.4597890,38.1614050,36.0 -122.4598140,38.1614240,36.0 -122.4598390,38.1614440,36.0 -122.4598640,38.1614640,36.0 -122.4598890,38.1614840,36.0 -122.4599140,38.1615050,36.9 -122.4599390,38.1615260,36.9 -122.4599640,38.1615480,36.9 -122.4599890,38.1615700,36.9 -122.4600140,38.1615920,36.9 -122.4600390,38.1616150,36.9 -122.4600650,38.1616370,36.9 -122.4600900,38.1616610,36.9 -122.4601160,38.1616840,36.9 -122.4601420,38.1617080,36.9 -122.4601680,38.1617330,36.9 -122.4601940,38.1617570,36.9 -122.4602190,38.1617820,36.9 -122.4602440,38.1618060,36.9 -122.4602680,38.1618300,36.9 -122.4602920,38.1618540,36.9 -122.4603160,38.1618780,36.9 -122.4603400,38.1619020,36.9 -122.4603620,38.1619260,36.9 -122.4603850,38.1619500,36.9 -122.4604070,38.1619740,36.5 -122.4604280,38.1619970,36.5 -122.4604500,38.1620200,36.5 -122.4604710,38.1620440,36.5 -122.4604930,38.1620670,36.5 -122.4605140,38.1620890,36.5 -122.4605350,38.1621120,36.5 -122.4605560,38.1621340,36.5 -122.4605770,38.1621560,36.5 -122.4605980,38.1621780,36.5 -122.4606200,38.1621990,35.7 -122.4606410,38.1622200,35.7 -122.4606620,38.1622400,35.7 -122.4606840,38.1622610,35.7 -122.4607060,38.1622810,35.7 -122.4607280,38.1623000,35.7 -122.4607500,38.1623190,35.7 -122.4607730,38.1623380,35.7 -122.4607950,38.1623560,35.7 -122.4608180,38.1623740,35.7 -122.4608420,38.1623900,34.5 -122.4608660,38.1624070,34.5 -122.4608900,38.1624230,34.5 -122.4609140,38.1624380,34.5 -122.4609390,38.1624530,34.5 -122.4609640,38.1624670,34.5 -122.4609900,38.1624810,34.5 -122.4610160,38.1624940,34.5 -122.4610430,38.1625060,34.5 -122.4610700,38.1625180,34.5 -122.4610970,38.1625290,34.9 -122.4611250,38.1625400,34.9 -122.4611540,38.1625490,34.9 -122.4611820,38.1625570,34.9 -122.4612110,38.1625660,34.9 -122.4612400,38.1625730,34.9 -122.4612690,38.1625800,34.9 -122.4612980,38.1625860,34.9 -122.4613270,38.1625920,34.9 -122.4613560,38.1625970,34.9 -122.4613860,38.1626010,37.7 -122.4614160,38.1626040,37.7 -122.4614460,38.1626080,37.7 -122.4614770,38.1626100,37.7 -122.4615080,38.1626120,37.7 -122.4615390,38.1626130,37.7 -122.4615690,38.1626140,37.7 -122.4616000,38.1626140,37.7 -122.4616310,38.1626150,37.7 -122.4616610,38.1626150,37.7 -122.4616920,38.1626150,41.1 -122.4617220,38.1626160,41.1 -122.4617520,38.1626170,41.1 -122.4617820,38.1626180,41.1 -122.4618110,38.1626190,41.1 -122.4618400,38.1626210,41.1 -122.4618690,38.1626230,41.1 -122.4618970,38.1626270,41.1 -122.4619250,38.1626300,41.1 -122.4619530,38.1626340,41.1 -122.4619800,38.1626390,43.9 -122.4620080,38.1626450,43.9 -122.4620350,38.1626510,43.9 -122.4620610,38.1626570,43.9 -122.4620880,38.1626650,43.9 -122.4621140,38.1626720,43.9 -122.4621400,38.1626800,43.9 -122.4621660,38.1626890,43.9 -122.4621920,38.1626990,43.9 -122.4622160,38.1627090,43.9 -122.4622410,38.1627190,46.3 -122.4622660,38.1627300,46.3 -122.4622900,38.1627420,46.3 -122.4623140,38.1627550,46.3 -122.4623380,38.1627680,46.3 -122.4623620,38.1627810,46.3 -122.4623850,38.1627950,46.3 -122.4624080,38.1628100,46.3 -122.4624310,38.1628260,46.3 -122.4624540,38.1628420,46.3 -122.4624760,38.1628590,47.5 -122.4624980,38.1628760,47.5 -122.4625200,38.1628940,47.5 -122.4625420,38.1629120,47.5 -122.4625640,38.1629310,47.5 -122.4625860,38.1629500,47.5 -122.4626080,38.1629700,47.5 -122.4626300,38.1629900,47.5 -122.4626520,38.1630110,47.5 -122.4626750,38.1630310,47.5 -122.4626960,38.1630530,46.9 -122.4627170,38.1630740,46.9 -122.4627380,38.1630950,46.9 -122.4627590,38.1631160,46.9 -122.4627800,38.1631380,46.9 -122.4628010,38.1631590,46.9 -122.4628210,38.1631800,46.9 -122.4628410,38.1632010,46.9 -122.4628610,38.1632220,46.9 -122.4628800,38.1632430,46.9 -122.4628990,38.1632640,44.0 -122.4629180,38.1632840,44.0 -122.4629360,38.1633040,44.0 -122.4629540,38.1633240,44.0 -122.4629720,38.1633440,44.0 -122.4629890,38.1633630,44.0 -122.4630060,38.1633820,44.0 -122.4630230,38.1634010,44.0 -122.4630400,38.1634200,44.0 -122.4630560,38.1634390,44.0 -122.4630720,38.1634570,41.3 -122.4630880,38.1634750,41.3 -122.4631030,38.1634930,41.3 -122.4631180,38.1635110,41.3 -122.4631330,38.1635280,41.3 -122.4631480,38.1635450,41.3 -122.4631620,38.1635620,41.3 -122.4631760,38.1635790,41.3 -122.4631890,38.1635950,41.3 -122.4632020,38.1636120,41.3 -122.4632150,38.1636280,39.9 -122.4632280,38.1636430,39.9 -122.4632400,38.1636590,39.9 -122.4632530,38.1636750,39.9 -122.4632650,38.1636900,39.9 -122.4632760,38.1637060,39.9 -122.4632870,38.1637210,39.9 -122.4632980,38.1637360,39.9 -122.4633080,38.1637510,39.9 -122.4633180,38.1637670,39.9 -122.4633260,38.1637820,38.4 -122.4633350,38.1637980,38.4 -122.4633420,38.1638130,38.4 -122.4633490,38.1638280,38.4 -122.4633560,38.1638440,38.4 -122.4633620,38.1638590,38.4 -122.4633670,38.1638750,38.4 -122.4633710,38.1638900,38.4 -122.4633750,38.1639050,38.4 -122.4633780,38.1639210,38.4 -122.4633800,38.1639360,37.1 -122.4633820,38.1639510,37.1 -122.4633830,38.1639670,37.1 -122.4633840,38.1639820,37.1 -122.4633840,38.1639970,37.1 -122.4633830,38.1640120,37.1 -122.4633820,38.1640270,37.1 -122.4633790,38.1640420,37.1 -122.4633770,38.1640570,37.1 -122.4633730,38.1640720,37.1 -122.4633680,38.1640860,35.7 -122.4633630,38.1641010,35.7 -122.4633570,38.1641160,35.7 -122.4633510,38.1641310,35.7 -122.4633430,38.1641450,35.7 -122.4633340,38.1641590,35.7 -122.4633240,38.1641730,35.7 -122.4633140,38.1641870,35.7 -122.4633030,38.1642010,35.7 -122.4632910,38.1642150,35.7 -122.4632780,38.1642280,33.8 -122.4632640,38.1642410,33.8 -122.4632490,38.1642540,33.8 -122.4632330,38.1642660,33.8 -122.4632170,38.1642780,33.8 -122.4631990,38.1642900,33.8 -122.4631800,38.1643010,33.8 -122.4631600,38.1643120,33.8 -122.4631400,38.1643230,33.8 -122.4631180,38.1643330,33.8 -122.4630950,38.1643430,31.3 -122.4630710,38.1643530,31.3 -122.4630470,38.1643630,31.3 -122.4630210,38.1643720,31.3 -122.4629950,38.1643820,31.3 -122.4629680,38.1643910,31.3 -122.4629400,38.1644000,31.3 -122.4629110,38.1644090,31.3 -122.4628810,38.1644170,31.3 -122.4628500,38.1644250,31.3 -122.4628190,38.1644340,28.2 -122.4627870,38.1644420,28.2 -122.4627540,38.1644500,28.2 -122.4627210,38.1644580,28.2 -122.4626870,38.1644650,28.2 -122.4626530,38.1644730,28.2 -122.4626180,38.1644800,28.2 -122.4625820,38.1644870,28.2 -122.4625460,38.1644940,28.2 -122.4625100,38.1645010,28.2 -122.4624730,38.1645070,24.9 -122.4624360,38.1645120,24.9 -122.4623990,38.1645170,24.9 -122.4623610,38.1645220,24.9 -122.4623230,38.1645260,24.9 -122.4622840,38.1645290,24.9 -122.4622460,38.1645320,24.9 -122.4622080,38.1645350,24.9 -122.4621700,38.1645370,24.9 -122.4621310,38.1645380,24.9 -122.4620930,38.1645400,23.6 -122.4620550,38.1645400,23.6 -122.4620180,38.1645410,23.6 -122.4619800,38.1645400,23.6 -122.4619420,38.1645390,23.6 -122.4619050,38.1645370,23.6 -122.4618680,38.1645350,23.6 -122.4618300,38.1645320,23.6 -122.4617930,38.1645280,23.6 -122.4617560,38.1645250,23.6 -122.4617190,38.1645200,22.3 -122.4616820,38.1645150,22.3 -122.4616450,38.1645100,22.3 -122.4616080,38.1645040,22.3 -122.4615710,38.1644960,22.3 -122.4615350,38.1644890,22.3 -122.4614990,38.1644810,22.3 -122.4614620,38.1644710,22.3 -122.4614270,38.1644620,22.3 -122.4613910,38.1644520,22.3 -122.4613550,38.1644410,20.8 -122.4613200,38.1644300,20.8 -122.4612850,38.1644180,20.8 -122.4612500,38.1644060,20.8 -122.4612150,38.1643930,20.8 -122.4611810,38.1643790,20.8 -122.4611460,38.1643640,20.8 -122.4611120,38.1643490,20.8 -122.4610790,38.1643330,20.8 -122.4610450,38.1643170,20.8 -122.4610120,38.1643000,19.3 -122.4609800,38.1642820,19.3 -122.4609470,38.1642630,19.3 -122.4609160,38.1642430,19.3 -122.4608840,38.1642230,19.3 -122.4608530,38.1642030,19.3 -122.4608220,38.1641810,19.3 -122.4607920,38.1641600,19.3 -122.4607630,38.1641370,19.3 -122.4607340,38.1641140,19.3 -122.4607060,38.1640900,19.5 -122.4606780,38.1640660,19.5 -122.4606500,38.1640410,19.5 -122.4606230,38.1640150,19.5 -122.4605970,38.1639900,19.5 -122.4605700,38.1639630,19.5 -122.4605440,38.1639370,19.5 -122.4605190,38.1639090,19.5 -122.4604940,38.1638810,19.5 -122.4604690,38.1638530,19.5 -122.4604450,38.1638250,21.5 -122.4604220,38.1637970,21.5 -122.4603990,38.1637690,21.5 -122.4603770,38.1637410,21.5 -122.4603550,38.1637140,21.5 -122.4603330,38.1636860,21.5 -122.4603110,38.1636590,21.5 -122.4602900,38.1636320,21.5 -122.4602690,38.1636050,21.5 -122.4602480,38.1635780,21.5 -122.4602270,38.1635510,23.8 -122.4602070,38.1635250,23.8 -122.4601870,38.1634990,23.8 -122.4601670,38.1634730,23.8 -122.4601470,38.1634470,23.8 -122.4601280,38.1634220,23.8 -122.4601090,38.1633970,23.8 -122.4600900,38.1633720,23.8 -122.4600710,38.1633470,23.8 -122.4600520,38.1633230,23.8 -122.4600330,38.1632990,24.5 -122.4600140,38.1632750,24.5 -122.4599950,38.1632510,24.5 -122.4599760,38.1632280,24.5 -122.4599570,38.1632050,24.5 -122.4599380,38.1631820,24.5 -122.4599190,38.1631590,24.5 -122.4598990,38.1631360,24.5 -122.4598800,38.1631140,24.5 -122.4598600,38.1630920,24.5 -122.4598390,38.1630700,23.8 -122.4598190,38.1630480,23.8 -122.4597980,38.1630270,23.8 -122.4597780,38.1630060,23.8 -122.4597570,38.1629860,23.8 -122.4597360,38.1629650,23.8 -122.4597140,38.1629460,23.8 -122.4596920,38.1629260,23.8 -122.4596700,38.1629080,23.8 -122.4596470,38.1628890,23.8 -122.4596250,38.1628710,21.8 -122.4596010,38.1628540,21.8 -122.4595780,38.1628370,21.8 -122.4595540,38.1628210,21.8 -122.4595300,38.1628050,21.8 -122.4595050,38.1627890,21.8 -122.4594810,38.1627740,21.8 -122.4594550,38.1627600,21.8 -122.4594300,38.1627470,21.8 -122.4594030,38.1627340,21.8 -122.4593770,38.1627220,18.9 -122.4593500,38.1627110,18.9 -122.4593230,38.1627000,18.9 -122.4592950,38.1626910,18.9 -122.4592670,38.1626820,18.9 -122.4592390,38.1626730,18.9 -122.4592110,38.1626660,18.9 -122.4591830,38.1626590,18.9 -122.4591540,38.1626530,18.9 -122.4591260,38.1626480,18.9 -122.4590970,38.1626430,16.6 -122.4590680,38.1626390,16.6 -122.4590400,38.1626360,16.6 -122.4590110,38.1626340,16.6 -122.4589820,38.1626320,16.6 -122.4589530,38.1626310,16.6 -122.4589240,38.1626310,16.6 -122.4588960,38.1626320,16.6 -122.4588670,38.1626340,16.6 -122.4588380,38.1626360,16.6 -122.4588100,38.1626390,13.9 -122.4587810,38.1626430,13.9 -122.4587530,38.1626480,13.9 -122.4587250,38.1626540,13.9 -122.4586960,38.1626600,13.9 -122.4586690,38.1626670,13.9 -122.4586420,38.1626750,13.9 -122.4586150,38.1626840,13.9 -122.4585890,38.1626930,13.9 -122.4585630,38.1627040,13.9 -122.4585370,38.1627150,11.3 -122.4585110,38.1627260,11.3 -122.4584860,38.1627380,11.3 -122.4584620,38.1627510,11.3 -122.4584390,38.1627650,11.3 -122.4584150,38.1627790,11.3 -122.4583920,38.1627930,11.3 -122.4583700,38.1628090,11.3 -122.4583490,38.1628250,11.3 -122.4583280,38.1628410,11.3 -122.4583080,38.1628580,8.6 -122.4582880,38.1628760,8.6 -122.4582690,38.1628940,8.6 -122.4582510,38.1629130,8.6 -122.4582330,38.1629320,8.6 -122.4582160,38.1629520,8.6 -122.4582000,38.1629720,8.6 -122.4581850,38.1629920,8.6 -122.4581700,38.1630130,8.6 -122.4581570,38.1630340,8.6 -122.4581440,38.1630560,5.9 -122.4581320,38.1630780,5.9 -122.4581210,38.1631000,5.9 -122.4581100,38.1631230,5.9 -122.4581010,38.1631460,5.9 -122.4580930,38.1631700,5.9 -122.4580860,38.1631940,5.9 -122.4580800,38.1632180,5.9 -122.4580760,38.1632420,5.9 -122.4580720,38.1632670,5.9 -122.4580700,38.1632910,3.8 -122.4580680,38.1633160,3.8 -122.4580690,38.1633410,3.8 -122.4580700,38.1633660,3.8 -122.4580720,38.1633920,3.8 -122.4580750,38.1634170,3.8 -122.4580800,38.1634420,3.8 -122.4580860,38.1634670,3.8 -122.4580920,38.1634920,3.8 -122.4581000,38.1635170,3.8 -122.4581080,38.1635420,3.8 -122.4581180,38.1635660,3.8 -122.4581280,38.1635910,3.8 -122.4581390,38.1636160,3.8 -122.4581510,38.1636400,3.8 -122.4581630,38.1636650,3.8 -122.4581770,38.1636900,3.8 -122.4581910,38.1637140,3.8 -122.4582050,38.1637380,3.8 -122.4582210,38.1637630,3.8 -122.4582370,38.1637870,4.9 -122.4582530,38.1638110,4.9 -122.4582710,38.1638350,4.9 -122.4582890,38.1638590,4.9 -122.4583080,38.1638820,4.9 -122.4583270,38.1639050,4.9 -122.4583470,38.1639280,4.9 -122.4583670,38.1639520,4.9 -122.4583880,38.1639750,4.9 -122.4584100,38.1639980,4.9 -122.4584330,38.1640210,6.3 -122.4584560,38.1640440,6.3 -122.4584800,38.1640670,6.3 -122.4585040,38.1640900,6.3 -122.4585300,38.1641130,6.3 -122.4585550,38.1641350,6.3 -122.4585820,38.1641580,6.3 -122.4586100,38.1641800,6.3 -122.4586380,38.1642030,6.3 -122.4586670,38.1642250,6.3 -122.4586960,38.1642470,7.9 -122.4587260,38.1642690,7.9 -122.4587570,38.1642910,7.9 -122.4587880,38.1643120,7.9 -122.4588190,38.1643340,7.9 -122.4588510,38.1643550,7.9 -122.4588840,38.1643770,7.9 -122.4589160,38.1643980,7.9 -122.4589490,38.1644190,7.9 -122.4589830,38.1644390,7.9 -122.4590170,38.1644600,9.7 -122.4590510,38.1644800,9.7 -122.4590860,38.1645000,9.7 -122.4591210,38.1645200,9.7 -122.4591560,38.1645400,9.7 -122.4591920,38.1645600,9.7 -122.4592280,38.1645790,9.7 -122.4592650,38.1645990,9.7 -122.4593010,38.1646180,9.7 -122.4593380,38.1646370,9.7 -122.4593750,38.1646560,11.7 -122.4594130,38.1646750,11.7 -122.4594500,38.1646940,11.7 -122.4594880,38.1647130,11.7 -122.4595270,38.1647320,11.7 -122.4595650,38.1647510,11.7 -122.4596040,38.1647690,11.7 -122.4596440,38.1647880,11.7 -122.4596830,38.1648070,11.7 -122.4597230,38.1648250,11.7 -122.4597630,38.1648430,13.6 -122.4598030,38.1648620,13.6 -122.4598440,38.1648800,13.6 -122.4598850,38.1648980,13.6 -122.4599260,38.1649160,13.6 -122.4599680,38.1649340,13.6 -122.4600090,38.1649520,13.6 -122.4600510,38.1649700,13.6 -122.4600930,38.1649880,13.6 -122.4601360,38.1650060,13.6 -122.4601780,38.1650230,15.5 -122.4602210,38.1650410,15.5 -122.4602640,38.1650590,15.5 -122.4603070,38.1650770,15.5 -122.4603500,38.1650940,15.5 -122.4603930,38.1651110,15.5 -122.4604360,38.1651290,15.5 -122.4604780,38.1651460,15.5 -122.4605200,38.1651620,15.5 -122.4605620,38.1651790,15.5 -122.4606030,38.1651960,17.3 -122.4606440,38.1652120,17.3 -122.4606840,38.1652280,17.3 -122.4607240,38.1652440,17.3 -122.4607630,38.1652600,17.3 -122.4608020,38.1652750,17.3 -122.4608410,38.1652910,17.3 -122.4608800,38.1653060,17.3 -122.4609180,38.1653210,17.3 -122.4609550,38.1653360,17.3 -122.4609930,38.1653510,19.2 -122.4610290,38.1653650,19.2 -122.4610650,38.1653790,19.2 -122.4611010,38.1653930,19.2 -122.4611360,38.1654070,19.2 -122.4611710,38.1654210,19.2 -122.4612050,38.1654340,19.2 -122.4612390,38.1654470,19.2 -122.4612720,38.1654600,19.2 -122.4613040,38.1654730,19.2 -122.4613360,38.1654860,20.9 -122.4613680,38.1654980,20.9 -122.4613990,38.1655100,20.9 -122.4614300,38.1655220,20.9 -122.4614600,38.1655340,20.9 -122.4614900,38.1655460,20.9 -122.4615200,38.1655580,20.9 -122.4615490,38.1655690,20.9 -122.4615780,38.1655800,20.9 -122.4616070,38.1655910,20.9 -122.4616340,38.1656020,22.9 -122.4616630,38.1656130,22.9 -122.4616900,38.1656240,22.9 -122.4617170,38.1656350,22.9 -122.4617440,38.1656450,22.9 -122.4617700,38.1656560,22.9 -122.4617970,38.1656660,22.9 -122.4618220,38.1656760,22.9 -122.4618480,38.1656860,22.9 -122.4618730,38.1656960,22.9 -122.4618980,38.1657050,24.4 -122.4619230,38.1657150,24.4 -122.4619480,38.1657240,24.4 -122.4619720,38.1657340,24.4 -122.4619950,38.1657430,24.4 -122.4620190,38.1657520,24.4 -122.4620420,38.1657610,24.4 -122.4620650,38.1657700,24.4 -122.4620880,38.1657790,24.4 -122.4621100,38.1657880,24.4 -122.4621320,38.1657970,25.6 -122.4621540,38.1658060,25.6 -122.4621750,38.1658150,25.6 -122.4621960,38.1658240,25.6 -122.4622170,38.1658330,25.6 -122.4622380,38.1658420,25.6 -122.4622580,38.1658510,25.6 -122.4622770,38.1658600,25.6 -122.4622960,38.1658690,25.6 -122.4623150,38.1658790,25.6 -122.4623330,38.1658880,26.4 -122.4623510,38.1658980,26.4 -122.4623680,38.1659080,26.4 -122.4623850,38.1659180,26.4 -122.4624010,38.1659290,26.4 -122.4624170,38.1659390,26.4 -122.4624320,38.1659500,26.4 -122.4624460,38.1659620,26.4 -122.4624600,38.1659740,26.4 -122.4624740,38.1659860,26.4 -122.4624870,38.1659990,26.9 -122.4624990,38.1660110,26.9 -122.4625100,38.1660240,26.9 -122.4625210,38.1660370,26.9 -122.4625310,38.1660510,26.9 -122.4625400,38.1660650,26.9 -122.4625480,38.1660790,26.9 -122.4625560,38.1660930,26.9 -122.4625630,38.1661070,26.9 -122.4625690,38.1661210,26.9 -122.4625750,38.1661360,27.2 -122.4625790,38.1661500,27.2 -122.4625820,38.1661640,27.2 -122.4625850,38.1661790,27.2 -122.4625860,38.1661930,27.2 -122.4625870,38.1662080,27.2 -122.4625870,38.1662230,27.2 -122.4625850,38.1662370,27.2 -122.4625830,38.1662520,27.2 -122.4625800,38.1662670,27.2 -122.4625760,38.1662810,27.6 -122.4625720,38.1662950,27.6 -122.4625660,38.1663090,27.6 -122.4625590,38.1663230,27.6 -122.4625510,38.1663370,27.6 -122.4625430,38.1663510,27.6 -122.4625330,38.1663640,27.6 -122.4625230,38.1663770,27.6 -122.4625120,38.1663890,27.6 -122.4625010,38.1664010,27.6 -122.4624880,38.1664130,27.8 -122.4624750,38.1664250,27.8 -122.4624620,38.1664360,27.8 -122.4624480,38.1664470,27.8 -122.4624330,38.1664570,27.8 -122.4624170,38.1664660,27.8 -122.4624010,38.1664760,27.8 -122.4623850,38.1664840,27.8 -122.4623670,38.1664920,27.8 -122.4623500,38.1665000,27.8 -122.4623310,38.1665070,27.7 -122.4623130,38.1665130,27.7 -122.4622930,38.1665190,27.7 -122.4622740,38.1665240,27.7 -122.4622540,38.1665280,27.7 -122.4622330,38.1665320,27.7 -122.4622120,38.1665350,27.7 -122.4621910,38.1665370,27.7 -122.4621700,38.1665390,27.7 -122.4621470,38.1665390,27.7 -122.4621250,38.1665390,27.4 -122.4621020,38.1665380,27.4 -122.4620800,38.1665370,27.4 -122.4620570,38.1665340,27.4 -122.4620340,38.1665310,27.4 -122.4620110,38.1665270,27.4 -122.4619880,38.1665230,27.4 -122.4619640,38.1665170,27.4 -122.4619410,38.1665120,27.4 -122.4619170,38.1665050,27.4 -122.4618930,38.1664970,27.3 -122.4618690,38.1664890,27.3 -122.4618450,38.1664800,27.3 -122.4618200,38.1664710,27.3 -122.4617960,38.1664600,27.3 -122.4617710,38.1664490,27.3 -122.4617460,38.1664380,27.3 -122.4617210,38.1664260,27.3 -122.4616950,38.1664130,27.3 -122.4616690,38.1664000,27.3 -122.4616430,38.1663860,26.5 -122.4616180,38.1663710,26.5 -122.4615920,38.1663570,26.5 -122.4615660,38.1663420,26.5 -122.4615390,38.1663270,26.5 -122.4615130,38.1663110,26.5 -122.4614870,38.1662950,26.5 -122.4614600,38.1662790,26.5 -122.4614320,38.1662620,26.5 -122.4614050,38.1662450,26.5 -122.4613770,38.1662280,26.0 -122.4613490,38.1662100,26.0 -122.4613200,38.1661920,26.0 -122.4612920,38.1661740,26.0 -122.4612620,38.1661560,26.0 -122.4612330,38.1661370,26.0 -122.4612020,38.1661180,26.0 -122.4611710,38.1660990,26.0 -122.4611400,38.1660800,26.0 -122.4611090,38.1660610,26.0 -122.4610770,38.1660420,25.1 -122.4610440,38.1660220,25.1 -122.4610110,38.1660030,25.1 -122.4609780,38.1659840,25.1 -122.4609440,38.1659650,25.1 -122.4609100,38.1659460,25.1 -122.4608760,38.1659270,25.1 -122.4608410,38.1659090,25.1 -122.4608060,38.1658900,25.1 -122.4607710,38.1658720,25.1 -122.4607350,38.1658540,23.5 -122.4606990,38.1658370,23.5 -122.4606630,38.1658190,23.5 -122.4606270,38.1658030,23.5 -122.4605910,38.1657860,23.5 -122.4605550,38.1657700,23.5 -122.4605190,38.1657540,23.5 -122.4604830,38.1657390,23.5 -122.4604470,38.1657230,23.5 -122.4604120,38.1657080,23.5 -122.4603770,38.1656930,22.2 -122.4603410,38.1656770,22.2 -122.4603070,38.1656620,22.2 -122.4602720,38.1656470,22.2 -122.4602370,38.1656310,22.2 -122.4602030,38.1656160,22.2 -122.4601690,38.1656000,22.2 -122.4601360,38.1655840,22.2 -122.4601030,38.1655670,22.2 -122.4600710,38.1655500,22.2 -122.4600390,38.1655330,20.7 -122.4600080,38.1655160,20.7 -122.4599770,38.1654980,20.7 -122.4599460,38.1654790,20.7 -122.4599170,38.1654610,20.7 -122.4598870,38.1654420,20.7 -122.4598590,38.1654230,20.7 -122.4598300,38.1654050,20.7 -122.4598020,38.1653860,20.7 -122.4597740,38.1653670,20.7 -122.4597450,38.1653480,19.5 -122.4597170,38.1653290,19.5 -122.4596890,38.1653100,19.5 -122.4596620,38.1652920,19.5 -122.4596340,38.1652740,19.5 -122.4596060,38.1652560,19.5 -122.4595780,38.1652380,19.5 -122.4595500,38.1652200,19.5 -122.4595220,38.1652030,19.5 -122.4594940,38.1651860,19.5 -122.4594650,38.1651690,18.5 -122.4594360,38.1651530,18.5 -122.4594060,38.1651370,18.5 -122.4593760,38.1651220,18.5 -122.4593460,38.1651070,18.5 -122.4593150,38.1650920,18.5 -122.4592840,38.1650780,18.5 -122.4592530,38.1650650,18.5 -122.4592210,38.1650520,18.5 -122.4591880,38.1650400,18.5 -122.4591550,38.1650280,17.6 -122.4591220,38.1650160,17.6 -122.4590890,38.1650050,17.6 -122.4590550,38.1649950,17.6 -122.4590210,38.1649850,17.6 -122.4589860,38.1649750,17.6 -122.4589510,38.1649660,17.6 -122.4589160,38.1649580,17.6 -122.4588800,38.1649500,17.6 -122.4588440,38.1649420,17.6 -122.4588080,38.1649360,16.3 -122.4587710,38.1649290,16.3 -122.4587340,38.1649230,16.3 -122.4586970,38.1649180,16.3 -122.4586590,38.1649140,16.3 -122.4586220,38.1649100,16.3 -122.4585840,38.1649050,16.3 -122.4585450,38.1649020,16.3 -122.4585070,38.1648970,16.3 -122.4584690,38.1648930,16.3 -122.4584310,38.1648890,14.7 -122.4583920,38.1648840,14.7 -122.4583540,38.1648790,14.7 -122.4583150,38.1648730,14.7 -122.4582770,38.1648670,14.7 -122.4582390,38.1648600,14.7 -122.4582010,38.1648530,14.7 -122.4581630,38.1648450,14.7 -122.4581250,38.1648370,14.7 -122.4580870,38.1648280,14.7 -122.4580490,38.1648180,13.3 -122.4580120,38.1648070,13.3 -122.4579740,38.1647960,13.3 -122.4579370,38.1647850,13.3 -122.4579000,38.1647720,13.3 -122.4578630,38.1647590,13.3 -122.4578250,38.1647460,13.3 -122.4577880,38.1647320,13.3 -122.4577500,38.1647170,13.3 -122.4577130,38.1647030,13.3 -122.4576750,38.1646870,12.8 -122.4576380,38.1646720,12.8 -122.4576010,38.1646560,12.8 -122.4575640,38.1646390,12.8 -122.4575270,38.1646220,12.8 -122.4574900,38.1646040,12.8 -122.4574530,38.1645860,12.8 -122.4574160,38.1645680,12.8 -122.4573800,38.1645490,12.8 -122.4573430,38.1645300,12.8 -122.4573070,38.1645100,12.5 -122.4572710,38.1644910,12.5 -122.4572340,38.1644710,12.5 -122.4571990,38.1644500,12.5 -122.4571630,38.1644300,12.5 -122.4571280,38.1644090,12.5 -122.4570930,38.1643880,12.5 -122.4570570,38.1643670,12.5 -122.4570220,38.1643460,12.5 -122.4569870,38.1643250,12.5 -122.4569520,38.1643030,11.2 -122.4569170,38.1642820,11.2 -122.4568830,38.1642600,11.2 -122.4568480,38.1642380,11.2 -122.4568130,38.1642160,11.2 -122.4567790,38.1641940,11.2 -122.4567440,38.1641720,11.2 -122.4567090,38.1641490,11.2 -122.4566740,38.1641270,11.2 -122.4566400,38.1641050,11.2 -122.4566060,38.1640830,8.8 -122.4565710,38.1640610,8.8 -122.4565370,38.1640390,8.8 -122.4565030,38.1640180,8.8 -122.4564690,38.1639960,8.8 -122.4564360,38.1639740,8.8 -122.4564030,38.1639530,8.8 -122.4563690,38.1639310,8.8 -122.4563370,38.1639100,8.8 -122.4563040,38.1638890,8.8 -122.4562730,38.1638690,7.1 -122.4562410,38.1638480,7.1 -122.4562100,38.1638280,7.1 -122.4561800,38.1638080,7.1 -122.4561490,38.1637880,7.1 -122.4561190,38.1637680,7.1 -122.4560900,38.1637490,7.1 -122.4560610,38.1637300,7.1 -122.4560320,38.1637110,7.1 -122.4560040,38.1636920,7.1 -122.4559760,38.1636740,6.1 -122.4559480,38.1636560,6.1 -122.4559210,38.1636380,6.1 -122.4558940,38.1636210,6.1 -122.4558680,38.1636030,6.1 -122.4558420,38.1635860,6.1 -122.4558160,38.1635690,6.1 -122.4557900,38.1635530,6.1 -122.4557650,38.1635360,6.1 -122.4557410,38.1635200,6.1 -122.4557160,38.1635040,5.3 -122.4556930,38.1634890,5.3 -122.4556700,38.1634730,5.3 -122.4556470,38.1634580,5.3 -122.4556250,38.1634440,5.3 -122.4556030,38.1634290,5.3 -122.4555820,38.1634150,5.3 -122.4555600,38.1634010,5.3 -122.4555390,38.1633870,5.3 -122.4555180,38.1633730,5.3 -122.4554980,38.1633590,4.7 -122.4554780,38.1633460,4.7 -122.4554580,38.1633320,4.7 -122.4554390,38.1633190,4.7 -122.4554190,38.1633060,4.7 -122.4554010,38.1632930,4.7 -122.4553820,38.1632800,4.7 -122.4553640,38.1632680,4.7 -122.4553470,38.1632550,4.7 -122.4553300,38.1632430,4.7 -122.4553140,38.1632300,4.2 -122.4552980,38.1632180,4.2 -122.4552820,38.1632050,4.2 -122.4552670,38.1631920,4.2 -122.4552520,38.1631800,4.2 -122.4552380,38.1631670,4.2 -122.4552250,38.1631540,4.2 -122.4552120,38.1631410,4.2 -122.4551990,38.1631280,4.2 -122.4551870,38.1631150,4.2 -122.4551760,38.1631030,3.9 -122.4551650,38.1630900,3.9 -122.4551550,38.1630770,3.9 -122.4551460,38.1630640,3.9 -122.4551370,38.1630510,3.9 -122.4551290,38.1630380,3.9 -122.4551210,38.1630260,3.9 -122.4551140,38.1630130,3.9 -122.4551080,38.1630000,3.9 -122.4551030,38.1629870,3.9 -122.4550980,38.1629740,3.1 -122.4550940,38.1629620,3.1 -122.4550910,38.1629490,3.1 -122.4550890,38.1629360,3.1 -122.4550880,38.1629230,3.1 -122.4550870,38.1629110,3.1 -122.4550870,38.1628980,3.1 -122.4550870,38.1628860,3.1 -122.4550880,38.1628740,3.1 -122.4550900,38.1628620,3.1 -122.4550920,38.1628500,3.5 -122.4550940,38.1628380,3.5 -122.4550960,38.1628260,3.5 -122.4550980,38.1628150,3.5 -122.4551010,38.1628030,3.5 -122.4551030,38.1627920,3.5 -122.4551050,38.1627810,3.5 -122.4551060,38.1627690,3.5 -122.4551070,38.1627580,3.5 -122.4551080,38.1627470,3.5 -122.4551080,38.1627360,3.3 -122.4551070,38.1627260,3.3 -122.4551060,38.1627150,3.3 -122.4551040,38.1627050,3.3 -122.4551010,38.1626940,3.3 -122.4550980,38.1626830,3.3 -122.4550930,38.1626730,3.3 -122.4550880,38.1626630,3.3 -122.4550830,38.1626520,3.3 -122.4550760,38.1626430,3.3 -122.4550690,38.1626330,3.5 -122.4550610,38.1626240,3.5 -122.4550530,38.1626150,3.5 -122.4550430,38.1626060,3.5 -122.4550330,38.1625970,3.5 -122.4550220,38.1625890,3.5 -122.4550100,38.1625810,3.5 -122.4549970,38.1625730,3.5 -122.4549840,38.1625650,3.5 -122.4549700,38.1625580,3.5 -122.4549550,38.1625510,3.5 -122.4549390,38.1625440,3.5 -122.4549220,38.1625370,3.5 -122.4549040,38.1625310,3.5 -122.4548860,38.1625250,3.5 -122.4548670,38.1625190,3.5 -122.4548470,38.1625140,3.5 -122.4548260,38.1625080,3.5 -122.4548050,38.1625030,3.5 -122.4547830,38.1624980,3.5 -122.4547610,38.1624940,3.5 -122.4547380,38.1624890,3.5 -122.4547140,38.1624850,3.5 -122.4546900,38.1624800,3.5 -122.4546660,38.1624760,3.5 -122.4546410,38.1624720,3.5 -122.4546160,38.1624670,3.5 -122.4545910,38.1624630,3.5 -122.4545660,38.1624590,3.5 -122.4545400,38.1624550,3.5 -122.4545150,38.1624510,3.3 -122.4544890,38.1624470,3.3 -122.4544630,38.1624430,3.3 -122.4544360,38.1624400,3.3 -122.4544090,38.1624360,3.3 -122.4543820,38.1624320,3.3 -122.4543550,38.1624280,3.3 -122.4543280,38.1624240,3.3 -122.4543000,38.1624210,3.3 -122.4542720,38.1624170,3.3 -122.4542440,38.1624130,3.0 -122.4542170,38.1624090,3.0 -122.4541890,38.1624050,3.0 -122.4541610,38.1624010,3.0 -122.4541330,38.1623970,3.0 -122.4541050,38.1623920,3.0 -122.4540770,38.1623880,3.0 -122.4540500,38.1623830,3.0 -122.4540220,38.1623780,3.0 -122.4539940,38.1623720,3.0 -122.4539660,38.1623660,2.6 -122.4539380,38.1623600,2.6 -122.4539100,38.1623540,2.6 -122.4538830,38.1623470,2.6 -122.4538560,38.1623400,2.6 -122.4538280,38.1623330,2.6 -122.4538010,38.1623250,2.6 -122.4537740,38.1623160,2.6 -122.4537460,38.1623080,2.6 -122.4537190,38.1622990,2.6 -122.4536920,38.1622890,2.2 -122.4536660,38.1622790,2.2 -122.4536390,38.1622680,2.2 -122.4536120,38.1622570,2.2 -122.4535860,38.1622460,2.2 -122.4535600,38.1622340,2.2 -122.4535340,38.1622220,2.2 -122.4535080,38.1622090,2.2 -122.4534830,38.1621960,2.2 -122.4534570,38.1621820,2.2 -122.4534320,38.1621680,1.8 -122.4534080,38.1621540,1.8 -122.4533830,38.1621390,1.8 -122.4533590,38.1621230,1.8 -122.4533360,38.1621070,1.8 -122.4533120,38.1620910,1.8 -122.4532900,38.1620740,1.8 -122.4532670,38.1620570,1.8 -122.4532450,38.1620390,1.8 -122.4532240,38.1620210,1.8 -122.4532030,38.1620020,1.6 -122.4531820,38.1619840,1.6 -122.4531620,38.1619640,1.6 -122.4531420,38.1619450,1.6 -122.4531220,38.1619250,1.6 -122.4531030,38.1619040,1.6 -122.4530840,38.1618840,1.6 -122.4530660,38.1618630,1.6 -122.4530480,38.1618410,1.6 -122.4530310,38.1618200,1.6 -122.4530140,38.1617980,1.3 -122.4529970,38.1617750,1.3 -122.4529800,38.1617520,1.3 -122.4529640,38.1617290,1.3 -122.4529490,38.1617060,1.3 -122.4529330,38.1616820,1.3 -122.4529180,38.1616580,1.3 -122.4529040,38.1616340,1.3 -122.4528890,38.1616100,1.3 -122.4528750,38.1615850,1.3 -122.4528610,38.1615600,1.0 -122.4528480,38.1615340,1.0 -122.4528360,38.1615080,1.0 -122.4528230,38.1614820,1.0 -122.4528110,38.1614560,1.0 -122.4527990,38.1614300,1.0 -122.4527870,38.1614030,1.0 -122.4527750,38.1613770,1.0 -122.4527630,38.1613500,1.0 -122.4527510,38.1613230,1.0 -122.4527390,38.1612960,0.9 -122.4527280,38.1612680,0.9 -122.4527160,38.1612410,0.9 -122.4527040,38.1612130,0.9 -122.4526930,38.1611850,0.9 -122.4526810,38.1611570,0.9 -122.4526690,38.1611290,0.9 -122.4526580,38.1611000,0.9 -122.4526460,38.1610720,0.9 -122.4526350,38.1610430,0.9 -122.4526230,38.1610140,0.6 -122.4526120,38.1609850,0.6 -122.4526000,38.1609560,0.6 -122.4525880,38.1609270,0.6 -122.4525760,38.1608980,0.6 -122.4525650,38.1608690,0.6 -122.4525530,38.1608410,0.6 -122.4525420,38.1608120,0.6 -122.4525300,38.1607840,0.6 -122.4525190,38.1607550,0.6 -122.4525080,38.1607270,0.4 -122.4524960,38.1606990,0.4 -122.4524850,38.1606720,0.4 -122.4524740,38.1606440,0.4 -122.4524630,38.1606170,0.4 -122.4524530,38.1605900,0.4 -122.4524420,38.1605630,0.4 -122.4524310,38.1605360,0.4 -122.4524210,38.1605090,0.4 -122.4524110,38.1604820,0.4 -122.4524000,38.1604560,0.4 -122.4523900,38.1604300,0.4 -122.4523800,38.1604040,0.4 -122.4523710,38.1603780,0.4 -122.4523610,38.1603520,0.4 -122.4523520,38.1603270,0.4 -122.4523420,38.1603020,0.4 -122.4523330,38.1602770,0.4 -122.4523230,38.1602510,0.4 -122.4523130,38.1602260,0.4 -122.4523040,38.1602010,0.1 -122.4522940,38.1601770,0.1 -122.4522850,38.1601520,0.1 -122.4522750,38.1601280,0.1 -122.4522650,38.1601040,0.1 -122.4522560,38.1600800,0.1 -122.4522460,38.1600570,0.1 -122.4522370,38.1600330,0.1 -122.4522270,38.1600110,0.1 -122.4522170,38.1599870,0.1 -122.4522070,38.1599640,0.2 -122.4521970,38.1599420,0.2 -122.4521880,38.1599190,0.2 -122.4521790,38.1598970,0.2 -122.4521690,38.1598750,0.2 -122.4521600,38.1598530,0.2 -122.4521510,38.1598300,0.2 -122.4521420,38.1598080,0.2 -122.4521320,38.1597860,0.2 -122.4521230,38.1597650,0.2 -122.4521140,38.1597430,0.7 -122.4521040,38.1597220,0.7 -122.4520950,38.1597010,0.7 -122.4520870,38.1596800,0.7 -122.4520780,38.1596600,0.7 -122.4520690,38.1596390,0.7 -122.4520600,38.1596180,0.7 -122.4520510,38.1595980,0.7 -122.4520420,38.1595780,0.7 -122.4520330,38.1595580,0.7 -122.4520240,38.1595380,0.9 -122.4520150,38.1595190,0.9 -122.4520070,38.1595000,0.9 -122.4519980,38.1594810,0.9 -122.4519900,38.1594620,0.9 -122.4519810,38.1594440,0.9 -122.4519730,38.1594260,0.9 -122.4519660,38.1594080,0.9 -122.4519580,38.1593910,0.9 -122.4519500,38.1593730,0.9 -122.4519430,38.1593560,1.0 -122.4519350,38.1593390,1.0 -122.4519280,38.1593230,1.0 -122.4519210,38.1593060,1.0 -122.4519140,38.1592900,1.0 -122.4519070,38.1592740,1.0 -122.4519000,38.1592580,1.0 -122.4518930,38.1592420,1.0 -122.4518870,38.1592260,1.0 -122.4518800,38.1592110,1.0 -122.4518740,38.1591950,1.0 -122.4518670,38.1591800,1.0 -122.4518610,38.1591650,1.0 -122.4518550,38.1591500,1.0 -122.4518490,38.1591350,1.0 -122.4518430,38.1591210,1.0 -122.4518370,38.1591060,1.0 -122.4518320,38.1590920,1.0 -122.4518260,38.1590780,1.0 -122.4518210,38.1590640,1.0 -122.4518160,38.1590500,1.2 -122.4518110,38.1590360,1.2 -122.4518060,38.1590220,1.2 -122.4518010,38.1590080,1.2 -122.4517960,38.1589950,1.2 -122.4517910,38.1589820,1.2 -122.4517870,38.1589680,1.2 -122.4517830,38.1589550,1.2 -122.4517780,38.1589420,1.2 -122.4517740,38.1589290,1.2 -122.4517710,38.1589160,1.3 -122.4517670,38.1589030,1.3 -122.4517630,38.1588890,1.3 -122.4517600,38.1588770,1.3 -122.4517580,38.1588640,1.3 -122.4517550,38.1588520,1.3 -122.4517530,38.1588390,1.3 -122.4517510,38.1588270,1.3 -122.4517500,38.1588150,1.3 -122.4517480,38.1588040,1.3 -122.4517470,38.1587920,1.9 -122.4517470,38.1587800,1.9 -122.4517460,38.1587690,1.9 -122.4517470,38.1587570,1.9 -122.4517470,38.1587450,1.9 -122.4517480,38.1587330,1.9 -122.4517490,38.1587210,1.9 -122.4517500,38.1587100,1.9 -122.4517530,38.1586980,1.9 -122.4517560,38.1586860,1.9 -122.4517590,38.1586750,1.8 -122.4517630,38.1586640,1.8 -122.4517670,38.1586520,1.8 -122.4517730,38.1586410,1.8 -122.4517780,38.1586310,1.8 -122.4517840,38.1586200,1.8 -122.4517890,38.1586100,1.8 -122.4517960,38.1585990,1.8 -122.4518020,38.1585880,1.8 -122.4518100,38.1585780,1.8 -122.4518170,38.1585700,2.6 -122.4518250,38.1585630,2.6 -122.4518330,38.1585570,2.6 -122.4518420,38.1585500,2.6 -122.4518500,38.1585430,2.6 -122.4518590,38.1585360,2.6 -122.4518670,38.1585290,2.6 -122.4518770,38.1585220,2.6 -122.4518860,38.1585160,2.6 -122.4518960,38.1585090,2.6 -122.4519060,38.1585030,2.7 -122.4519160,38.1584980,2.7 -122.4519270,38.1584920,2.7 -122.4519370,38.1584860,2.7 -122.4519480,38.1584810,2.7 -122.4519590,38.1584770,2.7 -122.4519710,38.1584720,2.7 -122.4519820,38.1584670,2.7 -122.4519940,38.1584630,2.7 -122.4520060,38.1584590,2.7 -122.4520180,38.1584550,2.7 -122.4520310,38.1584510,2.7 -122.4520430,38.1584480,2.7 -122.4520560,38.1584450,2.7 -122.4520680,38.1584420,2.7 -122.4520820,38.1584400,2.7 -122.4520950,38.1584380,2.7 -122.4521080,38.1584360,2.7 -122.4521210,38.1584350,2.7 -122.4521340,38.1584340,2.7 -122.4521480,38.1584330,2.5 -122.4521620,38.1584320,2.5 -122.4521750,38.1584320,2.5 -122.4521880,38.1584310,2.5 -122.4522020,38.1584310,2.5 -122.4522150,38.1584320,2.5 -122.4522290,38.1584320,2.5 -122.4522420,38.1584330,2.5 -122.4522550,38.1584330,2.5 -122.4522690,38.1584350,2.5 -122.4522820,38.1584360,2.3 -122.4522950,38.1584370,2.3 -122.4523080,38.1584380,2.3 -122.4523200,38.1584390,2.3 -122.4523330,38.1584400,2.3 -122.4523450,38.1584410,2.3 -122.4523580,38.1584420,2.3 -122.4523700,38.1584430,2.3 -122.4523820,38.1584430,2.3 -122.4523930,38.1584440,2.3 -122.4524050,38.1584450,2.0 -122.4524170,38.1584450,2.0 -122.4524280,38.1584460,2.0 -122.4524390,38.1584460,2.0 -122.4524500,38.1584460,2.0 -122.4524610,38.1584470,2.0 -122.4524720,38.1584470,2.0 -122.4524820,38.1584470,2.0 -122.4524930,38.1584470,2.0 -122.4525040,38.1584470,2.0 -122.4525140,38.1584470,1.9 -122.4525240,38.1584470,1.9 -122.4525340,38.1584480,1.9 -122.4525440,38.1584480,1.9 -122.4525540,38.1584470,1.9 -122.4525630,38.1584470,1.9 -122.4525730,38.1584470,1.9 -122.4525820,38.1584470,1.9 -122.4525920,38.1584480,1.9 -122.4526010,38.1584480,1.9 -122.4526100,38.1584480,2.2 -122.4526190,38.1584480,2.2 -122.4526280,38.1584490,2.2 -122.4526360,38.1584490,2.2 -122.4526450,38.1584490,2.2 -122.4526540,38.1584490,2.2 -122.4526620,38.1584490,2.2 -122.4526710,38.1584500,2.2 -122.4526790,38.1584500,2.2 -122.4526880,38.1584490,2.2 -122.4526960,38.1584490,2.2 -122.4527050,38.1584490,2.2 -122.4527130,38.1584490,2.2 -122.4527210,38.1584480,2.2 -122.4527290,38.1584480,2.2 -122.4527370,38.1584470,2.2 -122.4527460,38.1584470,2.2 -122.4527540,38.1584460,2.2 -122.4527620,38.1584460,2.2 -122.4527700,38.1584450,2.2 -122.4527770,38.1584450,2.4 -122.4527850,38.1584440,2.4 -122.4527930,38.1584440,2.4 -122.4528020,38.1584440,2.4 -122.4528090,38.1584430,2.4 -122.4528180,38.1584430,2.4 -122.4528260,38.1584430,2.4 -122.4528340,38.1584430,2.4 -122.4528420,38.1584430,2.4 -122.4528500,38.1584440,2.4 -122.4528580,38.1584440,2.7 -122.4528670,38.1584450,2.7 -122.4528740,38.1584460,2.7 -122.4528820,38.1584470,2.7 -122.4528890,38.1584480,2.7 -122.4528970,38.1584500,2.7 -122.4529040,38.1584520,2.7 -122.4529100,38.1584530,2.7 -122.4529160,38.1584550,2.7 -122.4529230,38.1584580,2.7 -122.4529290,38.1584610,3.4 -122.4529360,38.1584640,3.4 -122.4529420,38.1584670,3.4 -122.4529480,38.1584700,3.4 -122.4529540,38.1584740,3.4 -122.4529600,38.1584780,3.4 -122.4529660,38.1584820,3.4 -122.4529710,38.1584860,3.4 -122.4529770,38.1584910,3.4 -122.4529820,38.1584950,3.4 -122.4529870,38.1585000,3.7 -122.4529910,38.1585050,3.7 -122.4529950,38.1585100,3.7 -122.4530000,38.1585150,3.7 -122.4530030,38.1585200,3.7 -122.4530070,38.1585240,3.7 -122.4530110,38.1585290,3.7 -122.4530140,38.1585340,3.7 -122.4530180,38.1585380,3.7 -122.4530210,38.1585430,3.7 -122.4530240,38.1585480,3.8 -122.4530270,38.1585530,3.8 -122.4530300,38.1585580,3.8 -122.4530330,38.1585620,3.8 -122.4530360,38.1585680,3.8 -122.4530390,38.1585720,3.8 -122.4530420,38.1585770,3.8 -122.4530450,38.1585820,3.8 -122.4530480,38.1585870,3.8 -122.4530510,38.1585910,3.8 -122.4530530,38.1585960,4.0 -122.4530560,38.1586010,4.0 -122.4530590,38.1586060,4.0 -122.4530620,38.1586110,4.0 -122.4530640,38.1586160,4.0 -122.4530670,38.1586200,4.0 -122.4530690,38.1586250,4.0 -122.4530710,38.1586290,4.0 -122.4530740,38.1586340,4.0 -122.4530760,38.1586390,4.0 -122.4530780,38.1586440,4.1 -122.4530810,38.1586480,4.1 -122.4530830,38.1586530,4.1 -122.4530850,38.1586580,4.1 -122.4530880,38.1586630,4.1 -122.4530900,38.1586670,4.1 -122.4530920,38.1586720,4.1 -122.4530940,38.1586770,4.1 -122.4530970,38.1586810,4.1 -122.4530990,38.1586860,4.1 -122.4531010,38.1586910,4.2 -122.4531030,38.1586950,4.2 -122.4531050,38.1587000,4.2 -122.4531070,38.1587040,4.2 -122.4531090,38.1587090,4.2 -122.4531110,38.1587130,4.2 -122.4531130,38.1587180,4.2 -122.4531150,38.1587220,4.2 -122.4531170,38.1587270,4.2 -122.4531190,38.1587310,4.2 -122.4531210,38.1587360,4.1 -122.4531220,38.1587400,4.1 -122.4531240,38.1587450,4.1 -122.4531260,38.1587490,4.1 -122.4531280,38.1587530,4.1 -122.4531290,38.1587570,4.1 -122.4531310,38.1587620,4.1 -122.4531330,38.1587660,4.1 -122.4531350,38.1587700,4.1 -122.4531360,38.1587740,4.1 -122.4531380,38.1587780,4.2 -122.4531400,38.1587830,4.2 -122.4531410,38.1587870,4.2 -122.4531430,38.1587910,4.2 -122.4531450,38.1587950,4.2 -122.4531460,38.1587990,4.2 -122.4531480,38.1588030,4.2 -122.4531500,38.1588070,4.2 -122.4531510,38.1588110,4.2 -122.4531530,38.1588150,4.2 -122.4531540,38.1588190,4.3 -122.4531560,38.1588230,4.3 -122.4531570,38.1588260,4.3 -122.4531590,38.1588300,4.3 -122.4531600,38.1588340,4.3 -122.4531620,38.1588380,4.3 -122.4531640,38.1588410,4.3 -122.4531650,38.1588450,4.3 -122.4531670,38.1588490,4.3 -122.4531690,38.1588520,4.3 -122.4531710,38.1588560,4.4 -122.4531720,38.1588590,4.4 -122.4531740,38.1588630,4.4 -122.4531760,38.1588660,4.4 -122.4531770,38.1588700,4.4 -122.4531790,38.1588730,4.4 -122.4531800,38.1588760,4.4 -122.4531820,38.1588800,4.4 -122.4531830,38.1588830,4.4 -122.4531850,38.1588870,4.4 -122.4531860,38.1588900,4.5 -122.4531880,38.1588930,4.5 -122.4531890,38.1588960,4.5 -122.4531910,38.1588990,4.5 -122.4531920,38.1589020,4.5 -122.4531930,38.1589060,4.5 -122.4531950,38.1589090,4.5 -122.4531960,38.1589120,4.5 -122.4531980,38.1589150,4.5 -122.4531990,38.1589180,4.5 -122.4532010,38.1589210,4.6 -122.4532010,38.1589240,4.6 -122.4532020,38.1589270,4.6 -122.4532030,38.1589300,4.6 -122.4532050,38.1589320,4.6 -122.4532060,38.1589350,4.6 -122.4532070,38.1589380,4.6 -122.4532080,38.1589400,4.6 -122.4532090,38.1589430,4.6 -122.4532090,38.1589450,4.6 -122.4532100,38.1589480,4.5 -122.4532110,38.1589500,4.5 -122.4532110,38.1589530,4.5 -122.4532110,38.1589550,4.5 -122.4532110,38.1589580,4.5 -122.4532120,38.1589600,4.5 -122.4532120,38.1589620,4.5 -122.4532120,38.1589640,4.5 -122.4532120,38.1589660,4.5 -122.4532120,38.1589680,4.5 -122.4532120,38.1589700,4.8 -122.4532110,38.1589720,4.8 -122.4532110,38.1589740,4.8 -122.4532110,38.1589760,4.8 -122.4532100,38.1589780,4.8 -122.4532100,38.1589800,4.8 -122.4532090,38.1589820,4.8 -122.4532090,38.1589830,4.8 -122.4532080,38.1589850,4.8 -122.4532070,38.1589860,4.8 -122.4532060,38.1589870,5.1 -122.4532050,38.1589880,5.1 -122.4532030,38.1589890,5.1 -122.4532020,38.1589900,5.1 -122.4532010,38.1589910,5.1 -122.4532000,38.1589920,5.1 -122.4531990,38.1589920,5.1 -122.4531990,38.1589930,5.1 -122.4531980,38.1589930,5.1 -122.4531980,38.1589930,5.1 -122.4531970,38.1589940,5.1 -122.4531960,38.1589950,5.1 -122.4531950,38.1589950,5.1 -122.4531940,38.1589950,5.1 -122.4531930,38.1589950,5.1 -122.4531930,38.1589950,5.1 -122.4531930,38.1589950,5.1 -122.4531920,38.1589950,5.1 -122.4531920,38.1589950,5.1 -122.4531920,38.1589950,5.1 -122.4531910,38.1589950,5.4 -122.4531910,38.1589950,5.4 -122.4531920,38.1589950,5.4 -122.4531910,38.1589950,5.4 -122.4531910,38.1589940,5.4 -122.4531890,38.1589920,5.4 -122.4531880,38.1589910,5.4 -122.4531870,38.1589900,5.4 -122.4531860,38.1589890,5.4 -122.4531850,38.1589870,5.4 -122.4531840,38.1589850,6.8 -122.4531830,38.1589850,6.8 -122.4531820,38.1589840,6.8 -122.4531820,38.1589840,6.8 -122.4531820,38.1589830,6.8 -122.4531820,38.1589830,6.8 -122.4531820,38.1589820,6.8 -122.4531820,38.1589810,6.8 -122.4531810,38.1589800,6.8 -122.4531810,38.1589800,6.8 -122.4531810,38.1589800,7.4 -122.4531810,38.1589800,7.4 -122.4531820,38.1589800,7.4 -122.4531820,38.1589800,7.4 -122.4531830,38.1589800,7.4 -122.4531840,38.1589810,7.4 -122.4531860,38.1589810,7.4 -122.4531870,38.1589820,7.4 -122.4531880,38.1589820,7.4 -122.4531890,38.1589820,7.4 -122.4531900,38.1589820,8.0 -122.4531900,38.1589820,8.0 -122.4531900,38.1589820,8.0 -122.4531900,38.1589820,8.0 -122.4531910,38.1589820,8.0 -122.4531920,38.1589830,8.0 -122.4531930,38.1589830,8.0 -122.4531940,38.1589840,8.0 -122.4531940,38.1589840,8.0 -122.4531950,38.1589850,8.0 -122.4531960,38.1589850,8.7 -122.4531970,38.1589860,8.7 -122.4531970,38.1589860,8.7 -122.4531980,38.1589880,8.7 -122.4531980,38.1589880,8.7 -122.4531990,38.1589890,8.7 -122.4532010,38.1589900,8.7 -122.4532030,38.1589940,8.7 -122.4532060,38.1589990,8.7 -122.4532080,38.1590000,8.7 -122.4532090,38.1590010,8.9 -122.4532100,38.1590020,8.9 -122.4532110,38.1590030,8.9 -122.4532120,38.1590050,8.9 -122.4532120,38.1590060,8.9 -122.4532130,38.1590070,8.9 -122.4532140,38.1590080,8.9 -122.4532150,38.1590090,8.9 -122.4532160,38.1590090,8.9 -122.4532170,38.1590080,8.9 -122.4532170,38.1590070,9.2 -122.4532180,38.1590080,9.2 -122.4532180,38.1590080,9.2 -122.4532170,38.1590060,9.2 -122.4532160,38.1590050,9.2 -122.4532150,38.1590030,9.2 -122.4532150,38.1590020,9.2 -122.4532160,38.1590030,9.2 -122.4532170,38.1590030,9.2 -122.4532170,38.1590030,9.2 -122.4532180,38.1590030,9.8 -122.4532190,38.1590050,9.8 -122.4532200,38.1590040,9.8 -122.4532210,38.1590040,9.8 -122.4532210,38.1590050,9.8 -122.4532220,38.1590060,9.8 -122.4532230,38.1590080,9.8 -122.4532240,38.1590090,9.8 -122.4532250,38.1590080,9.8 -122.4532260,38.1590080,9.8 -122.4532270,38.1590080,10.4 -122.4532270,38.1590070,10.4 -122.4532290,38.1590070,10.4 -122.4532300,38.1590070,10.4 -122.4532310,38.1590080,10.4 -122.4532320,38.1590100,10.4 -122.4532340,38.1590160,10.4 -122.4532350,38.1590190,10.4 -122.4532360,38.1590210,10.4 -122.4532380,38.1590220,10.4 -122.4532390,38.1590240,10.5 -122.4532410,38.1590250,10.5 -122.4532420,38.1590260,10.5 -122.4532430,38.1590270,10.5 -122.4532440,38.1590280,10.5 -122.4532450,38.1590280,10.5 -122.4532460,38.1590280,10.5 -122.4532470,38.1590280,10.5 -122.4532480,38.1590280,10.5 -122.4532490,38.1590280,10.5 -122.4532490,38.1590280,10.7 -122.4532490,38.1590280,10.7 -122.4532500,38.1590280,10.7 -122.4532500,38.1590280,10.7 -122.4532510,38.1590280,10.7 -122.4532510,38.1590290,10.7 -122.4532510,38.1590300,10.7 -122.4532520,38.1590310,10.7 -122.4532530,38.1590310,10.7 -122.4532530,38.1590320,10.7 -122.4532540,38.1590320,10.9 -122.4532560,38.1590310,10.9 -122.4532580,38.1590320,10.9 -122.4532590,38.1590320,10.9 -122.4532600,38.1590320,10.9 -122.4532610,38.1590320,10.9 -122.4532620,38.1590310,10.9 -122.4532620,38.1590310,10.9 -122.4532620,38.1590300,10.9 -122.4532630,38.1590310,10.9 -122.4532630,38.1590310,11.0 -122.4532650,38.1590310,11.0 -122.4532650,38.1590310,11.0 -122.4532660,38.1590320,11.0 -122.4532670,38.1590340,11.0 -122.4532670,38.1590350,11.0 -122.4532680,38.1590350,11.0 -122.4532690,38.1590360,11.0 -122.4532690,38.1590360,11.0 -122.4532700,38.1590370,11.0 -122.4532710,38.1590370,11.0 -122.4532720,38.1590370,11.0 -122.4532720,38.1590370,11.0 -122.4532730,38.1590370,11.0 -122.4532730,38.1590360,11.0 -122.4532730,38.1590360,11.0 -122.4532720,38.1590330,11.0 -122.4532720,38.1590310,11.0 -122.4532730,38.1590320,11.0 -122.4532740,38.1590320,11.0 -122.4532740,38.1590320,12.1 -122.4532750,38.1590320,12.1 -122.4532760,38.1590320,12.1 -122.4532770,38.1590330,12.1 -122.4532780,38.1590340,12.1 -122.4532780,38.1590340,12.1 -122.4532790,38.1590340,12.1 -122.4532790,38.1590330,12.1 -122.4532800,38.1590320,12.1 -122.4532800,38.1590320,12.1 -122.4532810,38.1590320,12.6 -122.4532810,38.1590310,12.6 -122.4532820,38.1590310,12.6 -122.4532820,38.1590300,12.6 -122.4532820,38.1590290,12.6 -122.4532830,38.1590280,12.6 -122.4532830,38.1590280,12.6 -122.4532840,38.1590280,12.6 -122.4532840,38.1590280,12.6 -122.4532840,38.1590280,12.6 -122.4532850,38.1590280,12.9 -122.4532850,38.1590280,12.9 -122.4532850,38.1590290,12.9 -122.4532860,38.1590290,12.9 -122.4532860,38.1590290,12.9 -122.4532860,38.1590290,12.9 -122.4532860,38.1590290,12.9 -122.4532870,38.1590290,12.9 -122.4532870,38.1590290,12.9 -122.4532880,38.1590290,12.9 -122.4532890,38.1590300,12.9 -122.4532890,38.1590300,12.9 -122.4532900,38.1590310,12.9 -122.4532900,38.1590310,12.9 -122.4532900,38.1590310,12.9 -122.4532900,38.1590300,12.9 -122.4532910,38.1590290,12.9 -122.4532910,38.1590300,12.9 -122.4532930,38.1590320,12.9 -122.4532940,38.1590330,12.9 -122.4532950,38.1590340,13.0 -122.4532950,38.1590340,13.0 -122.4532960,38.1590340,13.0 -122.4532960,38.1590340,13.0 -122.4532970,38.1590340,13.0 -122.4532980,38.1590330,13.0 -122.4532980,38.1590320,13.0 -122.4532980,38.1590320,13.0 -122.4532980,38.1590310,13.0 -122.4532990,38.1590310,13.0 -122.4532990,38.1590310,13.2 -122.4532990,38.1590300,13.2 -122.4532990,38.1590290,13.2 -122.4532990,38.1590290,13.2 -122.4532990,38.1590300,13.2 -122.4533000,38.1590300,13.2 -122.4533000,38.1590300,13.2 -122.4533010,38.1590300,13.2 -122.4533010,38.1590300,13.2 -122.4533020,38.1590310,13.2 -122.4533020,38.1590300,13.0 -122.4533020,38.1590300,13.0 -122.4533020,38.1590300,13.0 -122.4533030,38.1590310,13.0 -122.4533040,38.1590310,13.0 -122.4533040,38.1590320,13.0 -122.4533050,38.1590320,13.0 -122.4533050,38.1590320,13.0 -122.4533060,38.1590310,13.0 -122.4533060,38.1590310,13.0 -122.4533060,38.1590300,13.2 -122.4533060,38.1590300,13.2 -122.4533060,38.1590300,13.2 -122.4533070,38.1590300,13.2 -122.4533070,38.1590310,13.2 -122.4533080,38.1590310,13.2 -122.4533080,38.1590320,13.2 -122.4533090,38.1590320,13.2 -122.4533090,38.1590320,13.2 -122.4533100,38.1590330,13.2 -122.4533100,38.1590330,13.6 -122.4533100,38.1590330,13.6 -122.4533110,38.1590330,13.6 -122.4533110,38.1590330,13.6 -122.4533110,38.1590330,13.6 -122.4533110,38.1590340,13.6 -122.4533110,38.1590340,13.6 -122.4533120,38.1590340,13.6 -122.4533120,38.1590340,13.6 -122.4533120,38.1590340,13.6 -122.4533130,38.1590340,14.0 -122.4533130,38.1590330,14.0 -122.4533130,38.1590330,14.0 -122.4533130,38.1590320,14.0 -122.4533130,38.1590320,14.0 -122.4533140,38.1590320,14.0 -122.4533140,38.1590320,14.0 -122.4533140,38.1590320,14.0 -122.4533140,38.1590320,14.0 -122.4533150,38.1590320,14.0 -122.4533150,38.1590320,13.8 -122.4533150,38.1590310,13.8 -122.4533150,38.1590310,13.8 -122.4533150,38.1590310,13.8 -122.4533150,38.1590310,13.8 -122.4533150,38.1590310,13.8 -122.4533150,38.1590310,13.8 -122.4533150,38.1590320,13.8 -122.4533150,38.1590330,13.8 -122.4533150,38.1590320,13.8 -122.4533150,38.1590340,13.6 -122.4533150,38.1590350,13.6 -122.4533150,38.1590360,13.6 -122.4533150,38.1590370,13.6 -122.4533150,38.1590380,13.6 -122.4533160,38.1590380,13.6 -122.4533160,38.1590390,13.6 -122.4533160,38.1590400,13.6 -122.4533160,38.1590410,13.6 -122.4533160,38.1590420,13.6 -122.4533170,38.1590420,13.3 -122.4533170,38.1590430,13.3 -122.4533170,38.1590430,13.3 -122.4533170,38.1590440,13.3 -122.4533180,38.1590440,13.3 -122.4533180,38.1590450,13.3 -122.4533180,38.1590460,13.3 -122.4533170,38.1590470,13.3 -122.4533180,38.1590460,13.3 -122.4533180,38.1590450,13.3 -122.4533170,38.1590450,13.3 -122.4533170,38.1590460,13.3 -122.4533170,38.1590460,13.3 -122.4533170,38.1590460,13.3 -122.4533180,38.1590440,13.3 -122.4533190,38.1590420,13.3 -122.4533190,38.1590420,13.3 -122.4533190,38.1590420,13.3 -122.4533190,38.1590410,13.3 -122.4533200,38.1590410,13.3 -122.4533200,38.1590410,13.2 -122.4533210,38.1590400,13.2 -122.4533210,38.1590390,13.2 -122.4533220,38.1590410,13.2 -122.4533220,38.1590420,13.2 -122.4533230,38.1590420,13.2 -122.4533230,38.1590430,13.2 -122.4533230,38.1590430,13.2 -122.4533240,38.1590430,13.2 -122.4533250,38.1590440,13.2 -122.4533250,38.1590450,12.6 -122.4533260,38.1590460,12.6 -122.4533260,38.1590470,12.6 -122.4533270,38.1590480,12.6 -122.4533270,38.1590480,12.6 -122.4533280,38.1590480,12.6 -122.4533280,38.1590490,12.6 -122.4533280,38.1590490,12.6 -122.4533290,38.1590490,12.6 -122.4533300,38.1590480,12.6 -122.4533310,38.1590470,12.2 -122.4533320,38.1590470,12.2 -122.4533330,38.1590470,12.2 -122.4533340,38.1590480,12.2 -122.4533340,38.1590480,12.2 -122.4533350,38.1590480,12.2 -122.4533360,38.1590480,12.2 -122.4533370,38.1590490,12.2 -122.4533370,38.1590490,12.2 -122.4533380,38.1590490,12.2 -122.4533390,38.1590500,11.9 -122.4533390,38.1590500,11.9 -122.4533400,38.1590500,11.9 -122.4533410,38.1590500,11.9 -122.4533420,38.1590500,11.9 -122.4533430,38.1590490,11.9 -122.4533440,38.1590500,11.9 -122.4533440,38.1590500,11.9 -122.4533450,38.1590500,11.9 -122.4533460,38.1590500,11.9 -122.4533460,38.1590500,11.0 -122.4533470,38.1590500,11.0 -122.4533480,38.1590490,11.0 -122.4533490,38.1590490,11.0 -122.4533500,38.1590490,11.0 -122.4533500,38.1590480,11.0 -122.4533510,38.1590480,11.0 -122.4533520,38.1590480,11.0 -122.4533520,38.1590480,11.0 -122.4533530,38.1590490,11.0 -122.4533540,38.1590480,10.2 -122.4533550,38.1590480,10.2 -122.4533550,38.1590480,10.2 -122.4533560,38.1590480,10.2 -122.4533570,38.1590480,10.2 -122.4533570,38.1590490,10.2 -122.4533570,38.1590490,10.2 -122.4533580,38.1590490,10.2 -122.4533580,38.1590490,10.2 -122.4533590,38.1590500,10.2 -122.4533590,38.1590500,9.9 -122.4533600,38.1590510,9.9 -122.4533600,38.1590510,9.9 -122.4533610,38.1590510,9.9 -122.4533610,38.1590510,9.9 -122.4533620,38.1590510,9.9 -122.4533620,38.1590520,9.9 -122.4533630,38.1590510,9.9 -122.4533630,38.1590520,9.9 -122.4533640,38.1590520,9.9 -122.4533640,38.1590520,9.6 -122.4533650,38.1590530,9.6 -122.4533660,38.1590530,9.6 -122.4533660,38.1590530,9.6 -122.4533670,38.1590530,9.6 -122.4533670,38.1590530,9.6 -122.4533680,38.1590530,9.6 -122.4533690,38.1590530,9.6 -122.4533700,38.1590530,9.6 -122.4533700,38.1590530,9.6 -122.4533710,38.1590530,9.0 -122.4533720,38.1590530,9.0 -122.4533720,38.1590530,9.0 -122.4533730,38.1590540,9.0 -122.4533730,38.1590540,9.0 -122.4533740,38.1590540,9.0 -122.4533740,38.1590540,9.0 -122.4533750,38.1590540,9.0 -122.4533760,38.1590540,9.0 -122.4533760,38.1590540,9.0 -122.4533760,38.1590540,8.6 -122.4533770,38.1590540,8.6 -122.4533770,38.1590540,8.6 -122.4533780,38.1590540,8.6 -122.4533780,38.1590550,8.6 -122.4533780,38.1590550,8.6 -122.4533780,38.1590540,8.6 -122.4533790,38.1590540,8.6 -122.4533790,38.1590550,8.6 -122.4533790,38.1590550,8.6 -122.4533800,38.1590550,8.3 -122.4533800,38.1590550,8.3 -122.4533800,38.1590550,8.3 -122.4533800,38.1590550,8.3 -122.4533800,38.1590550,8.3 -122.4533810,38.1590550,8.3 -122.4533810,38.1590550,8.3 -122.4533810,38.1590550,8.3 -122.4533820,38.1590550,8.3 -122.4533820,38.1590550,8.3 -122.4533820,38.1590550,7.9 -122.4533830,38.1590550,7.9 -122.4533830,38.1590560,7.9 -122.4533830,38.1590560,7.9 -122.4533840,38.1590550,7.9 -122.4533850,38.1590550,7.9 -122.4533850,38.1590550,7.9 -122.4533850,38.1590550,7.9 -122.4533850,38.1590550,7.9 -122.4533850,38.1590550,7.9 -122.4533850,38.1590550,7.6 -122.4533850,38.1590550,7.6 -122.4533850,38.1590560,7.6 -122.4533850,38.1590560,7.6 -122.4533850,38.1590560,7.6 -122.4533850,38.1590560,7.6 -122.4533850,38.1590560,7.6 -122.4533840,38.1590560,7.6 -122.4533840,38.1590560,7.6 -122.4533840,38.1590560,7.6 -122.4533840,38.1590560,7.5 -122.4533840,38.1590560,7.5 -122.4533840,38.1590560,7.5 -122.4533840,38.1590560,7.5 -122.4533840,38.1590560,7.5 -122.4533840,38.1590560,7.5 -122.4533840,38.1590560,7.5 -122.4533840,38.1590560,7.5 -122.4533840,38.1590560,7.5 -122.4533840,38.1590570,7.5 -122.4533840,38.1590570,7.4 -122.4533840,38.1590570,7.4 -122.4533840,38.1590570,7.4 -122.4533850,38.1590570,7.4 -122.4533850,38.1590570,7.4 -122.4533850,38.1590570,7.4 -122.4533850,38.1590570,7.4 -122.4533850,38.1590570,7.4 -122.4533860,38.1590560,7.4 -122.4533860,38.1590560,7.4 -122.4533860,38.1590560,7.1 -122.4533860,38.1590560,7.1 -122.4533860,38.1590560,7.1 -122.4533870,38.1590560,7.1 -122.4533870,38.1590550,7.1 -122.4533870,38.1590550,7.1 -122.4533880,38.1590550,7.1 -122.4533880,38.1590550,7.1 -122.4533880,38.1590540,7.1 -122.4533880,38.1590540,7.1 -122.4533880,38.1590540,6.8 -122.4533880,38.1590540,6.8 -122.4533880,38.1590540,6.8 -122.4533880,38.1590540,6.8 -122.4533880,38.1590530,6.8 -122.4533890,38.1590530,6.8 -122.4533890,38.1590530,6.8 -122.4533890,38.1590520,6.8 -122.4533890,38.1590520,6.8 -122.4533890,38.1590510,6.8 -122.4533900,38.1590510,6.4 -122.4533900,38.1590510,6.4 -122.4533900,38.1590510,6.4 -122.4533900,38.1590500,6.4 -122.4533900,38.1590500,6.4 -122.4533900,38.1590500,6.4 -122.4533900,38.1590500,6.4 -122.4533900,38.1590500,6.4 -122.4533890,38.1590500,6.4 -122.4533890,38.1590510,6.4 -122.4533890,38.1590510,6.4 -122.4533890,38.1590510,6.4 -122.4533880,38.1590510,6.4 -122.4533880,38.1590520,6.4 -122.4533880,38.1590520,6.4 -122.4533880,38.1590520,6.4 -122.4533880,38.1590520,6.4 -122.4533880,38.1590530,6.4 -122.4533880,38.1590530,6.4 -122.4533880,38.1590530,6.4 -122.4533880,38.1590530,6.5 -122.4533880,38.1590540,6.5 -122.4533870,38.1590540,6.5 -122.4533870,38.1590550,6.5 -122.4533870,38.1590550,6.5 -122.4533870,38.1590560,6.5 -122.4533870,38.1590560,6.5 -122.4533870,38.1590560,6.5 -122.4533870,38.1590560,6.5 -122.4533870,38.1590560,6.5 -122.4533870,38.1590570,6.7 -122.4533860,38.1590570,6.7 -122.4533860,38.1590570,6.7 -122.4533860,38.1590570,6.7 -122.4533860,38.1590570,6.7 -122.4533860,38.1590570,6.7 -122.4533870,38.1590570,6.7 -122.4533870,38.1590570,6.7 -122.4533870,38.1590570,6.7 -122.4533860,38.1590570,6.7 -122.4533860,38.1590580,6.8 -122.4533850,38.1590580,6.8 -122.4533860,38.1590580,6.8 -122.4533860,38.1590580,6.8 -122.4533860,38.1590580,6.8 -122.4533850,38.1590590,6.8 -122.4533850,38.1590590,6.8 -122.4533850,38.1590590,6.8 -122.4533850,38.1590600,6.8 -122.4533850,38.1590600,6.8 -122.4533850,38.1590600,7.0 -122.4533850,38.1590600,7.0 -122.4533850,38.1590600,7.0 -122.4533840,38.1590600,7.0 -122.4533840,38.1590600,7.0 -122.4533830,38.1590600,7.0 -122.4533830,38.1590600,7.0 -122.4533830,38.1590600,7.0 -122.4533820,38.1590600,7.0 -122.4533830,38.1590600,7.0 -122.4533830,38.1590590,6.9 -122.4533830,38.1590590,6.9 -122.4533830,38.1590590,6.9 -122.4533830,38.1590590,6.9 -122.4533830,38.1590590,6.9 -122.4533830,38.1590580,6.9 -122.4533830,38.1590580,6.9 -122.4533830,38.1590580,6.9 -122.4533830,38.1590580,6.9 -122.4533830,38.1590580,6.9 -122.4533830,38.1590580,6.7 -122.4533820,38.1590580,6.7 -122.4533820,38.1590570,6.7 -122.4533820,38.1590570,6.7 -122.4533820,38.1590570,6.7 -122.4533820,38.1590570,6.7 -122.4533810,38.1590560,6.7 -122.4533810,38.1590560,6.7 -122.4533810,38.1590560,6.7 -122.4533810,38.1590560,6.7 -122.4533810,38.1590570,6.9 -122.4533810,38.1590570,6.9 -122.4533810,38.1590560,6.9 -122.4533810,38.1590570,6.9 -122.4533810,38.1590570,6.9 -122.4533800,38.1590570,6.9 -122.4533810,38.1590560,6.9 -122.4533810,38.1590560,6.9 -122.4533810,38.1590560,6.9 -122.4533810,38.1590560,6.9 -122.4533810,38.1590550,6.9 -122.4533810,38.1590550,6.9 -122.4533810,38.1590550,6.9 -122.4533800,38.1590550,6.9 -122.4533800,38.1590550,6.9 -122.4533800,38.1590550,6.9 -122.4533800,38.1590550,6.9 -122.4533800,38.1590550,6.9 -122.4533800,38.1590540,6.9 -122.4533800,38.1590540,6.9 -122.4533800,38.1590540,7.0 -122.4533800,38.1590540,7.0 -122.4533790,38.1590540,7.0 -122.4533800,38.1590540,7.0 -122.4533800,38.1590530,7.0 -122.4533800,38.1590530,7.0 -122.4533800,38.1590530,7.0 -122.4533800,38.1590530,7.0 -122.4533800,38.1590520,7.0 -122.4533800,38.1590520,7.0 -122.4533800,38.1590520,7.0 -122.4533800,38.1590520,7.0 -122.4533800,38.1590510,7.0 -122.4533800,38.1590510,7.0 -122.4533800,38.1590510,7.0 -122.4533800,38.1590510,7.0 -122.4533800,38.1590510,7.0 -122.4533800,38.1590510,7.0 -122.4533800,38.1590500,7.0 -122.4533800,38.1590500,7.0 -122.4533800,38.1590500,7.0 -122.4533800,38.1590500,7.0 -122.4533800,38.1590500,7.0 -122.4533800,38.1590500,7.0 -122.4533800,38.1590500,7.0 -122.4533800,38.1590490,7.0 -122.4533800,38.1590490,7.0 -122.4533790,38.1590490,7.0 -122.4533790,38.1590480,7.0 -122.4533790,38.1590480,7.0 -122.4533790,38.1590480,7.0 -122.4533790,38.1590470,7.0 -122.4533790,38.1590470,7.0 -122.4533790,38.1590470,7.0 -122.4533790,38.1590460,7.0 -122.4533780,38.1590460,7.0 -122.4533780,38.1590460,7.0 -122.4533780,38.1590450,7.0 -122.4533780,38.1590450,7.0 -122.4533780,38.1590450,7.0 -122.4533780,38.1590440,6.8 -122.4533780,38.1590440,6.8 -122.4533780,38.1590430,6.8 -122.4533770,38.1590430,6.8 -122.4533770,38.1590430,6.8 -122.4533770,38.1590430,6.8 -122.4533770,38.1590430,6.8 -122.4533770,38.1590430,6.8 -122.4533770,38.1590420,6.8 -122.4533770,38.1590420,6.8 -122.4533770,38.1590420,6.7 -122.4533770,38.1590420,6.7 -122.4533770,38.1590410,6.7 -122.4533770,38.1590410,6.7 -122.4533770,38.1590410,6.7 -122.4533770,38.1590410,6.7 -122.4533770,38.1590410,6.7 -122.4533780,38.1590410,6.7 -122.4533780,38.1590400,6.7 -122.4533780,38.1590400,6.7 -122.4533780,38.1590400,6.5 -122.4533780,38.1590400,6.5 -122.4533770,38.1590400,6.5 -122.4533770,38.1590390,6.5 -122.4533770,38.1590390,6.5 -122.4533770,38.1590390,6.5 -122.4533770,38.1590390,6.5 -122.4533770,38.1590390,6.5 -122.4533780,38.1590390,6.5 -122.4533780,38.1590390,6.5 -122.4533770,38.1590380,6.4 -122.4533770,38.1590380,6.4 -122.4533770,38.1590380,6.4 -122.4533760,38.1590370,6.4 -122.4533760,38.1590370,6.4 -122.4533760,38.1590370,6.4 -122.4533760,38.1590370,6.4 -122.4533760,38.1590380,6.4 -122.4533760,38.1590380,6.4 -122.4533750,38.1590380,6.4 -122.4533750,38.1590380,6.3 -122.4533750,38.1590370,6.3 -122.4533750,38.1590380,6.3 -122.4533740,38.1590370,6.3 -122.4533740,38.1590370,6.3 -122.4533730,38.1590370,6.3 -122.4533730,38.1590360,6.3 -122.4533720,38.1590360,6.3 -122.4533720,38.1590360,6.3 -122.4533710,38.1590350,6.3 -122.4533710,38.1590350,6.0 -122.4533700,38.1590350,6.0 -122.4533700,38.1590340,6.0 -122.4533700,38.1590340,6.0 -122.4533690,38.1590330,6.0 -122.4533690,38.1590330,6.0 -122.4533690,38.1590330,6.0 -122.4533680,38.1590320,6.0 -122.4533680,38.1590320,6.0 -122.4533690,38.1590320,6.0 -122.4533690,38.1590320,5.9 -122.4533690,38.1590330,5.9 -122.4533690,38.1590330,5.9 -122.4533690,38.1590330,5.9 -122.4533690,38.1590330,5.9 -122.4533690,38.1590330,5.9 -122.4533680,38.1590330,5.9 -122.4533670,38.1590330,5.9 -122.4533660,38.1590320,5.9 -122.4533660,38.1590330,5.9 -122.4533660,38.1590320,5.9 -122.4533650,38.1590320,5.9 -122.4533650,38.1590320,5.9 -122.4533650,38.1590320,5.9 -122.4533650,38.1590320,5.9 -122.4533650,38.1590320,5.9 -122.4533650,38.1590320,5.9 -122.4533650,38.1590320,5.9 -122.4533650,38.1590320,5.9 -122.4533650,38.1590310,5.9 -122.4533650,38.1590310,5.9 -122.4533650,38.1590310,5.9 -122.4533650,38.1590310,5.9 -122.4533650,38.1590310,5.9 -122.4533650,38.1590310,5.9 -122.4533650,38.1590310,5.9 -122.4533650,38.1590300,5.9 -122.4533650,38.1590300,5.9 -122.4533640,38.1590300,5.9 -122.4533640,38.1590300,5.9 -122.4533640,38.1590310,5.9 -122.4533650,38.1590310,5.9 -122.4533650,38.1590310,5.9 -122.4533650,38.1590310,5.9 -122.4533650,38.1590310,5.9 -122.4533650,38.1590300,5.9 -122.4533650,38.1590310,5.9 -122.4533650,38.1590310,5.9 -122.4533660,38.1590310,5.9 -122.4533650,38.1590310,5.9 -122.4533650,38.1590300,6.1 -122.4533650,38.1590300,6.1 -122.4533640,38.1590300,6.1 -122.4533630,38.1590300,6.1 -122.4533630,38.1590300,6.1 -122.4533630,38.1590300,6.1 -122.4533620,38.1590300,6.1 -122.4533620,38.1590300,6.1 -122.4533610,38.1590300,6.1 -122.4533610,38.1590300,6.1 -122.4533610,38.1590310,6.1 -122.4533610,38.1590300,6.1 -122.4533620,38.1590310,6.1 -122.4533610,38.1590310,6.1 -122.4533610,38.1590310,6.1 -122.4533610,38.1590310,6.1 -122.4533610,38.1590310,6.1 -122.4533610,38.1590310,6.1 -122.4533610,38.1590310,6.1 -122.4533610,38.1590310,6.1 -122.4533600,38.1590310,6.2 -122.4533600,38.1590310,6.2 -122.4533600,38.1590310,6.2 -122.4533600,38.1590310,6.2 -122.4533600,38.1590310,6.2 -122.4533600,38.1590310,6.2 -122.4533600,38.1590310,6.2 -122.4533600,38.1590310,6.2 -122.4533600,38.1590310,6.2 -122.4533600,38.1590310,6.2 -122.4533590,38.1590310,6.3 -122.4533590,38.1590310,6.3 -122.4533590,38.1590310,6.3 -122.4533590,38.1590320,6.3 -122.4533600,38.1590320,6.3 -122.4533600,38.1590320,6.3 -122.4533600,38.1590320,6.3 -122.4533600,38.1590320,6.3 -122.4533600,38.1590320,6.3 -122.4533590,38.1590320,6.3 -122.4533590,38.1590320,6.3 -122.4533590,38.1590320,6.3 -122.4533580,38.1590320,6.3 -122.4533580,38.1590320,6.3 -122.4533570,38.1590320,6.3 -122.4533570,38.1590320,6.3 -122.4533570,38.1590320,6.3 -122.4533570,38.1590310,6.3 -122.4533560,38.1590320,6.3 -122.4533560,38.1590320,6.3 -122.4533560,38.1590320,6.3 -122.4533560,38.1590320,6.3 -122.4533560,38.1590320,6.3 -122.4533560,38.1590320,6.3 -122.4533560,38.1590310,6.3 -122.4533560,38.1590310,6.3 -122.4533560,38.1590320,6.3 -122.4533570,38.1590320,6.3 -122.4533580,38.1590320,6.3 -122.4533580,38.1590320,6.3 -122.4533580,38.1590320,6.4 -122.4533580,38.1590320,6.4 -122.4533580,38.1590320,6.4 -122.4533570,38.1590320,6.4 -122.4533580,38.1590320,6.4 -122.4533580,38.1590320,6.4 -122.4533580,38.1590320,6.4 -122.4533570,38.1590320,6.4 -122.4533560,38.1590310,6.4 -122.4533560,38.1590310,6.4 -122.4533550,38.1590310,6.3 -122.4533540,38.1590300,6.3 -122.4533540,38.1590300,6.3 -122.4533530,38.1590300,6.3 -122.4533530,38.1590290,6.3 -122.4533520,38.1590290,6.3 -122.4533520,38.1590290,6.3 -122.4533520,38.1590290,6.3 -122.4533510,38.1590280,6.3 -122.4533500,38.1590280,6.3 -122.4533480,38.1590280,5.9 -122.4533470,38.1590280,5.9 -122.4533470,38.1590270,5.9 -122.4533460,38.1590270,5.9 -122.4533460,38.1590270,5.9 -122.4533460,38.1590270,5.9 -122.4533460,38.1590270,5.9 -122.4533460,38.1590280,5.9 -122.4533460,38.1590280,5.9 -122.4533460,38.1590280,5.9 -122.4533460,38.1590280,6.0 -122.4533470,38.1590280,6.0 -122.4533470,38.1590280,6.0 -122.4533470,38.1590280,6.0 -122.4533470,38.1590280,6.0 -122.4533470,38.1590280,6.0 -122.4533470,38.1590280,6.0 -122.4533480,38.1590280,6.0 -122.4533490,38.1590290,6.0 -122.4533510,38.1590290,6.0 -122.4533510,38.1590290,6.2 -122.4533520,38.1590290,6.2 -122.4533520,38.1590290,6.2 -122.4533520,38.1590290,6.2 -122.4533530,38.1590290,6.2 -122.4533530,38.1590300,6.2 -122.4533540,38.1590300,6.2 -122.4533550,38.1590300,6.2 -122.4533550,38.1590310,6.2 -122.4533550,38.1590310,6.2 -122.4533550,38.1590310,6.5 -122.4533560,38.1590310,6.5 -122.4533560,38.1590310,6.5 -122.4533550,38.1590310,6.5 -122.4533540,38.1590310,6.5 -122.4533540,38.1590310,6.5 -122.4533540,38.1590310,6.5 -122.4533530,38.1590310,6.5 -122.4533520,38.1590300,6.5 -122.4533510,38.1590300,6.5 -122.4533500,38.1590300,6.4 -122.4533500,38.1590290,6.4 -122.4533490,38.1590290,6.4 -122.4533490,38.1590290,6.4 -122.4533490,38.1590290,6.4 -122.4533490,38.1590280,6.4 -122.4533480,38.1590280,6.4 -122.4533480,38.1590280,6.4 -122.4533480,38.1590280,6.4 -122.4533480,38.1590280,6.4 -122.4533470,38.1590280,6.3 -122.4533470,38.1590280,6.3 -122.4533470,38.1590280,6.3 -122.4533470,38.1590280,6.3 -122.4533470,38.1590270,6.3 -122.4533470,38.1590270,6.3 -122.4533470,38.1590270,6.3 -122.4533480,38.1590270,6.3 -122.4533480,38.1590270,6.3 -122.4533480,38.1590270,6.3 -122.4533490,38.1590270,6.1 -122.4533490,38.1590270,6.1 -122.4533490,38.1590270,6.1 -122.4533490,38.1590270,6.1 -122.4533490,38.1590270,6.1 -122.4533500,38.1590270,6.1 -122.4533510,38.1590270,6.1 -122.4533510,38.1590270,6.1 -122.4533510,38.1590270,6.1 -122.4533510,38.1590270,6.1 -122.4533520,38.1590280,6.1 -122.4533520,38.1590280,6.1 -122.4533520,38.1590280,6.1 -122.4533520,38.1590280,6.1 -122.4533520,38.1590270,6.1 -122.4533520,38.1590270,6.1 -122.4533520,38.1590270,6.1 -122.4533520,38.1590270,6.1 -122.4533510,38.1590270,6.1 -122.4533520,38.1590270,6.1 -122.4533520,38.1590270,6.0 -122.4533520,38.1590270,6.0 -122.4533530,38.1590270,6.0 -122.4533530,38.1590270,6.0 -122.4533540,38.1590270,6.0 -122.4533540,38.1590270,6.0 -122.4533550,38.1590270,6.0 -122.4533550,38.1590270,6.0 -122.4533560,38.1590270,6.0 -122.4533570,38.1590270,6.0 -122.4533570,38.1590270,6.0 -122.4533580,38.1590270,6.0 -122.4533580,38.1590270,6.0 -122.4533590,38.1590270,6.0 -122.4533590,38.1590270,6.0 -122.4533600,38.1590270,6.0 -122.4533610,38.1590270,6.0 -122.4533610,38.1590270,6.0 -122.4533610,38.1590270,6.0 -122.4533610,38.1590270,6.0 -122.4533620,38.1590270,5.9 -122.4533620,38.1590270,5.9 -122.4533610,38.1590270,5.9 -122.4533600,38.1590270,5.9 -122.4533610,38.1590270,5.9 -122.4533600,38.1590270,5.9 -122.4533610,38.1590270,5.9 -122.4533610,38.1590270,5.9 -122.4533610,38.1590270,5.9 -122.4533610,38.1590270,5.9 -122.4533610,38.1590280,5.8 -122.4533620,38.1590280,5.8 -122.4533620,38.1590280,5.8 -122.4533620,38.1590280,5.8 -122.4533630,38.1590280,5.8 -122.4533630,38.1590280,5.8 -122.4533620,38.1590280,5.8 -122.4533620,38.1590280,5.8 -122.4533620,38.1590280,5.8 -122.4533630,38.1590280,5.8 -122.4533630,38.1590290,5.8 -122.4533620,38.1590280,5.8 -122.4533620,38.1590280,5.8 -122.4533610,38.1590280,5.8 -122.4533620,38.1590280,5.8 -122.4533630,38.1590280,5.8 -122.4533630,38.1590290,5.8 -122.4533630,38.1590290,5.8 -122.4533630,38.1590290,5.8 -122.4533640,38.1590290,5.8 -122.4533650,38.1590290,5.7 -122.4533640,38.1590290,5.7 -122.4533640,38.1590290,5.7 -122.4533640,38.1590300,5.7 -122.4533650,38.1590300,5.7 -122.4533650,38.1590300,5.7 -122.4533650,38.1590300,5.7 -122.4533640,38.1590300,5.7 -122.4533630,38.1590300,5.7 -122.4533640,38.1590300,5.7 -122.4533650,38.1590300,5.7 -122.4533670,38.1590300,5.7 -122.4533670,38.1590310,5.7 -122.4533680,38.1590300,5.7 -122.4533690,38.1590310,5.7 -122.4533700,38.1590300,5.7 -122.4533700,38.1590300,5.7 -122.4533690,38.1590300,5.7 -122.4533690,38.1590300,5.7 -122.4533690,38.1590290,5.7 -122.4533690,38.1590290,5.6 -122.4533700,38.1590290,5.6 -122.4533700,38.1590290,5.6 -122.4533700,38.1590290,5.6 -122.4533700,38.1590290,5.6 -122.4533700,38.1590290,5.6 -122.4533710,38.1590290,5.6 -122.4533710,38.1590290,5.6 -122.4533720,38.1590290,5.6 -122.4533730,38.1590290,5.6 -122.4533740,38.1590290,5.7 -122.4533740,38.1590290,5.7 -122.4533750,38.1590290,5.7 -122.4533750,38.1590290,5.7 -122.4533750,38.1590290,5.7 -122.4533760,38.1590290,5.7 -122.4533760,38.1590290,5.7 -122.4533770,38.1590280,5.7 -122.4533770,38.1590290,5.7 -122.4533780,38.1590290,5.7 -122.4533800,38.1590290,5.8 -122.4533810,38.1590300,5.8 -122.4533830,38.1590300,5.8 -122.4533840,38.1590310,5.8 -122.4533850,38.1590310,5.8 -122.4533860,38.1590310,5.8 -122.4533860,38.1590320,5.8 -122.4533850,38.1590310,5.8 -122.4533850,38.1590310,5.8 -122.4533850,38.1590310,5.8 -122.4533850,38.1590310,5.9 -122.4533850,38.1590310,5.9 -122.4533850,38.1590310,5.9 -122.4533840,38.1590310,5.9 -122.4533840,38.1590310,5.9 -122.4533840,38.1590300,5.9 -122.4533840,38.1590310,5.9 -122.4533840,38.1590300,5.9 -122.4533850,38.1590300,5.9 -122.4533850,38.1590300,5.9 -122.4533850,38.1590300,5.8 -122.4533840,38.1590300,5.8 -122.4533850,38.1590300,5.8 -122.4533840,38.1590300,5.8 -122.4533840,38.1590300,5.8 -122.4533830,38.1590300,5.8 -122.4533830,38.1590300,5.8 -122.4533830,38.1590300,5.8 -122.4533820,38.1590300,5.8 -122.4533820,38.1590300,5.8 -122.4533820,38.1590300,5.9 -122.4533810,38.1590300,5.9 -122.4533810,38.1590300,5.9 -122.4533800,38.1590300,5.9 -122.4533790,38.1590300,5.9 -122.4533790,38.1590300,5.9 -122.4533780,38.1590290,5.9 -122.4533770,38.1590290,5.9 -122.4533770,38.1590290,5.9 -122.4533760,38.1590290,5.9 -122.4533760,38.1590290,5.5 -122.4533750,38.1590280,5.5 -122.4533740,38.1590280,5.5 -122.4533740,38.1590280,5.5 -122.4533730,38.1590280,5.5 -122.4533730,38.1590280,5.5 -122.4533730,38.1590280,5.5 -122.4533720,38.1590280,5.5 -122.4533720,38.1590280,5.5 -122.4533720,38.1590280,5.5 -122.4533720,38.1590290,5.4 -122.4533720,38.1590290,5.4 -122.4533710,38.1590290,5.4 -122.4533710,38.1590300,5.4 -122.4533710,38.1590300,5.4 -122.4533710,38.1590300,5.4 -122.4533710,38.1590300,5.4 -122.4533710,38.1590300,5.4 -122.4533710,38.1590310,5.4 -122.4533700,38.1590310,5.4 -122.4533700,38.1590310,5.5 -122.4533690,38.1590310,5.5 -122.4533690,38.1590310,5.5 -122.4533690,38.1590310,5.5 -122.4533680,38.1590310,5.5 -122.4533680,38.1590310,5.5 -122.4533670,38.1590310,5.5 -122.4533660,38.1590310,5.5 -122.4533660,38.1590310,5.5 -122.4533650,38.1590310,5.5 -122.4533640,38.1590310,5.3 -122.4533640,38.1590310,5.3 -122.4533640,38.1590320,5.3 -122.4533630,38.1590320,5.3 -122.4533630,38.1590320,5.3 -122.4533630,38.1590320,5.3 -122.4533620,38.1590320,5.3 -122.4533620,38.1590320,5.3 -122.4533620,38.1590330,5.3 -122.4533610,38.1590330,5.3 -122.4533610,38.1590330,5.3 -122.4533610,38.1590330,5.3 -122.4533610,38.1590330,5.3 -122.4533600,38.1590330,5.3 -122.4533600,38.1590330,5.3 -122.4533600,38.1590330,5.3 -122.4533600,38.1590330,5.3 -122.4533600,38.1590330,5.3 -122.4533600,38.1590330,5.3 -122.4533590,38.1590340,5.3 -122.4533590,38.1590340,5.2 -122.4533580,38.1590340,5.2 -122.4533580,38.1590340,5.2 -122.4533580,38.1590340,5.2 -122.4533570,38.1590340,5.2 -122.4533570,38.1590340,5.2 -122.4533560,38.1590340,5.2 -122.4533560,38.1590340,5.2 -122.4533560,38.1590340,5.2 -122.4533560,38.1590340,5.2 -122.4533560,38.1590340,5.0 -122.4533550,38.1590350,5.0 -122.4533550,38.1590350,5.0 -122.4533540,38.1590350,5.0 -122.4533540,38.1590340,5.0 -122.4533540,38.1590350,5.0 -122.4533540,38.1590350,5.0 -122.4533540,38.1590340,5.0 -122.4533530,38.1590340,5.0 -122.4533530,38.1590340,5.0 -122.4533530,38.1590340,4.9 -122.4533530,38.1590340,4.9 -122.4533530,38.1590350,4.9 -122.4533520,38.1590350,4.9 -122.4533520,38.1590350,4.9 -122.4533520,38.1590350,4.9 -122.4533510,38.1590350,4.9 -122.4533510,38.1590350,4.9 -122.4533510,38.1590350,4.9 -122.4533510,38.1590360,4.9 -122.4533500,38.1590360,4.8 -122.4533500,38.1590360,4.8 -122.4533490,38.1590360,4.8 -122.4533490,38.1590360,4.8 -122.4533490,38.1590360,4.8 -122.4533480,38.1590360,4.8 -122.4533480,38.1590360,4.8 -122.4533480,38.1590360,4.8 -122.4533470,38.1590360,4.8 -122.4533470,38.1590360,4.8 -122.4533470,38.1590360,4.7 -122.4533460,38.1590360,4.7 -122.4533460,38.1590360,4.7 -122.4533460,38.1590360,4.7 -122.4533450,38.1590360,4.7 -122.4533450,38.1590360,4.7 -122.4533450,38.1590360,4.7 -122.4533450,38.1590360,4.7 -122.4533440,38.1590360,4.7 -122.4533440,38.1590360,4.7 -122.4533440,38.1590360,4.5 -122.4533440,38.1590360,4.5 -122.4533440,38.1590360,4.5 -122.4533430,38.1590360,4.5 -122.4533430,38.1590360,4.5 -122.4533430,38.1590360,4.5 -122.4533430,38.1590360,4.5 -122.4533430,38.1590360,4.5 -122.4533420,38.1590360,4.5 -122.4533420,38.1590350,4.5 -122.4533420,38.1590350,4.2 -122.4533420,38.1590350,4.2 -122.4533420,38.1590350,4.2 -122.4533410,38.1590350,4.2 -122.4533410,38.1590350,4.2 -122.4533410,38.1590350,4.2 -122.4533410,38.1590350,4.2 -122.4533400,38.1590340,4.2 -122.4533400,38.1590340,4.2 -122.4533400,38.1590340,4.2 -122.4533400,38.1590340,3.8 -122.4533400,38.1590340,3.8 -122.4533390,38.1590340,3.8 -122.4533390,38.1590340,3.8 -122.4533390,38.1590340,3.8 -122.4533390,38.1590340,3.8 -122.4533380,38.1590340,3.8 -122.4533380,38.1590340,3.8 -122.4533380,38.1590340,3.8 -122.4533370,38.1590330,3.8 -122.4533370,38.1590340,3.6 -122.4533370,38.1590330,3.6 -122.4533360,38.1590330,3.6 -122.4533360,38.1590330,3.6 -122.4533360,38.1590330,3.6 -122.4533350,38.1590340,3.6 -122.4533350,38.1590330,3.6 -122.4533340,38.1590330,3.6 -122.4533340,38.1590330,3.6 -122.4533330,38.1590330,3.6 -122.4533330,38.1590330,3.4 -122.4533320,38.1590330,3.4 -122.4533320,38.1590330,3.4 -122.4533310,38.1590330,3.4 -122.4533310,38.1590330,3.4 -122.4533310,38.1590330,3.4 -122.4533310,38.1590330,3.4 -122.4533300,38.1590320,3.4 -122.4533300,38.1590320,3.4 -122.4533300,38.1590320,3.4 -122.4533290,38.1590320,3.2 -122.4533290,38.1590320,3.2 -122.4533290,38.1590320,3.2 -122.4533280,38.1590320,3.2 -122.4533280,38.1590320,3.2 -122.4533280,38.1590320,3.2 -122.4533280,38.1590320,3.2 -122.4533280,38.1590320,3.2 -122.4533280,38.1590320,3.2 -122.4533280,38.1590320,3.2 -122.4533280,38.1590320,3.0 -122.4533270,38.1590320,3.0 -122.4533270,38.1590320,3.0 -122.4533270,38.1590320,3.0 -122.4533270,38.1590320,3.0 -122.4533270,38.1590320,3.0 -122.4533270,38.1590320,3.0 -122.4533260,38.1590320,3.0 -122.4533260,38.1590320,3.0 -122.4533260,38.1590320,3.0 -122.4533260,38.1590320,2.8 -122.4533260,38.1590320,2.8 -122.4533250,38.1590320,2.8 -122.4533250,38.1590320,2.8 -122.4533250,38.1590310,2.8 -122.4533250,38.1590310,2.8 -122.4533250,38.1590310,2.8 -122.4533240,38.1590310,2.8 -122.4533240,38.1590310,2.8 -122.4533240,38.1590310,2.8 -122.4533240,38.1590310,2.5 -122.4533230,38.1590310,2.5 -122.4533230,38.1590300,2.5 -122.4533230,38.1590300,2.5 -122.4533220,38.1590300,2.5 -122.4533220,38.1590300,2.5 -122.4533220,38.1590300,2.5 -122.4533210,38.1590290,2.5 -122.4533210,38.1590290,2.5 -122.4533200,38.1590290,2.5 -122.4533200,38.1590280,2.1 -122.4533200,38.1590280,2.1 -122.4533190,38.1590280,2.1 -122.4533190,38.1590280,2.1 -122.4533180,38.1590270,2.1 -122.4533180,38.1590270,2.1 -122.4533180,38.1590270,2.1 -122.4533170,38.1590270,2.1 -122.4533170,38.1590270,2.1 -122.4533170,38.1590270,2.1 -122.4533160,38.1590270,1.8 -122.4533160,38.1590260,1.8 -122.4533160,38.1590260,1.8 -122.4533160,38.1590260,1.8 -122.4533150,38.1590260,1.8 -122.4533150,38.1590260,1.8 -122.4533150,38.1590260,1.8 -122.4533140,38.1590260,1.8 -122.4533140,38.1590260,1.8 -122.4533140,38.1590250,1.8 -122.4533130,38.1590260,1.6 -122.4533130,38.1590250,1.6 -122.4533130,38.1590250,1.6 -122.4533130,38.1590250,1.6 -122.4533120,38.1590250,1.6 -122.4533120,38.1590250,1.6 -122.4533120,38.1590240,1.6 -122.4533120,38.1590240,1.6 -122.4533110,38.1590240,1.6 -122.4533110,38.1590240,1.6 -122.4533110,38.1590240,1.3 -122.4533110,38.1590240,1.3 -122.4533110,38.1590240,1.3 -122.4533110,38.1590240,1.3 -122.4533100,38.1590240,1.3 -122.4533100,38.1590240,1.3 -122.4533100,38.1590230,1.3 -122.4533100,38.1590230,1.3 -122.4533090,38.1590230,1.3 -122.4533090,38.1590230,1.3 -122.4533090,38.1590230,1.0 -122.4533080,38.1590230,1.0 -122.4533080,38.1590230,1.0 -122.4533080,38.1590230,1.0 -122.4533080,38.1590230,1.0 -122.4533080,38.1590230,1.0 -122.4533080,38.1590230,1.0 -122.4533080,38.1590230,1.0 -122.4533070,38.1590230,1.0 -122.4533070,38.1590230,1.0 -122.4533070,38.1590230,0.9 -122.4533070,38.1590220,0.9 -122.4533070,38.1590220,0.9 -122.4533060,38.1590220,0.9 -122.4533060,38.1590220,0.9 -122.4533050,38.1590220,0.9 -122.4533050,38.1590210,0.9 -122.4533050,38.1590210,0.9 -122.4533050,38.1590220,0.9 -122.4533040,38.1590220,0.9 -122.4533040,38.1590220,0.7 -122.4533040,38.1590220,0.7 -122.4533040,38.1590220,0.7 -122.4533040,38.1590220,0.7 -122.4533030,38.1590220,0.7 -122.4533030,38.1590220,0.7 -122.4533030,38.1590220,0.7 -122.4533030,38.1590220,0.7 -122.4533030,38.1590220,0.7 -122.4533030,38.1590220,0.7 -122.4533030,38.1590220,0.6 -122.4533030,38.1590220,0.6 -122.4533030,38.1590220,0.6 -122.4533030,38.1590220,0.6 -122.4533020,38.1590230,0.6 -122.4533020,38.1590220,0.6 -122.4533020,38.1590230,0.6 -122.4533020,38.1590230,0.6 -122.4533020,38.1590230,0.6 -122.4533020,38.1590220,0.6 -122.4533020,38.1590220,0.6 -122.4533010,38.1590220,0.6 -122.4533020,38.1590220,0.6 -122.4533010,38.1590220,0.6 -122.4533010,38.1590220,0.6 -122.4533010,38.1590220,0.6 -122.4533010,38.1590220,0.6 -122.4533010,38.1590220,0.6 -122.4533010,38.1590220,0.6 -122.4533000,38.1590220,0.6 -122.4533000,38.1590220,0.4 -122.4533000,38.1590220,0.4 -122.4533000,38.1590220,0.4 -122.4533000,38.1590220,0.4 -122.4533000,38.1590220,0.4 -122.4533000,38.1590220,0.4 -122.4533000,38.1590220,0.4 -122.4533000,38.1590220,0.4 -122.4533000,38.1590220,0.4 -122.4533000,38.1590220,0.4 -122.4533000,38.1590220,0.3 -122.4533000,38.1590220,0.3 -122.4533000,38.1590220,0.3 -122.4532990,38.1590220,0.3 -122.4532990,38.1590220,0.3 -122.4532990,38.1590220,0.3 -122.4532990,38.1590220,0.3 -122.4532990,38.1590220,0.3 -122.4532990,38.1590220,0.3 -122.4532990,38.1590220,0.3 -122.4532990,38.1590220,0.2 -122.4532990,38.1590220,0.2 -122.4532990,38.1590220,0.2 -122.4532990,38.1590220,0.2 -122.4532990,38.1590220,0.2 -122.4532990,38.1590220,0.2 -122.4532990,38.1590230,0.2 -122.4532990,38.1590230,0.2 -122.4532990,38.1590230,0.2 -122.4532990,38.1590230,0.2 -122.4532990,38.1590230,0.2 -122.4532990,38.1590220,0.2 -122.4532990,38.1590220,0.2 -122.4532990,38.1590220,0.2 -122.4532980,38.1590220,0.2 -122.4532980,38.1590220,0.2 -122.4532980,38.1590220,0.2 -122.4532980,38.1590220,0.2 -122.4532970,38.1590230,0.2 -122.4532970,38.1590230,0.2 -122.4532970,38.1590230,0.0 -122.4532970,38.1590230,0.0 -122.4532970,38.1590230,0.0 -122.4532970,38.1590230,0.0 -122.4532970,38.1590240,0.0 -122.4532970,38.1590240,0.0 -122.4532970,38.1590240,0.0 -122.4532970,38.1590240,0.0 -122.4532970,38.1590240,0.0 -122.4532960,38.1590240,0.0 -122.4532960,38.1590240,0.1 -122.4532960,38.1590240,0.1 -122.4532960,38.1590240,0.1 -122.4532960,38.1590240,0.1 -122.4532950,38.1590240,0.1 -122.4532950,38.1590240,0.1 -122.4532950,38.1590240,0.1 -122.4532950,38.1590240,0.1 -122.4532950,38.1590240,0.1 -122.4532950,38.1590240,0.1 -122.4532950,38.1590240,6553.5 -122.4532950,38.1590240,6553.5 -122.4532950,38.1590240,6553.5 -122.4532950,38.1590250,6553.5 -122.4532950,38.1590250,6553.5 -122.4532950,38.1590250,6553.5 -122.4532950,38.1590250,6553.5 -122.4532950,38.1590250,6553.5 -122.4532950,38.1590250,6553.5 -122.4532950,38.1590250,6553.5 -122.4532950,38.1590250,6553.3 -122.4532950,38.1590250,6553.3 -122.4532950,38.1590250,6553.3 -122.4532950,38.1590250,6553.3 -122.4532950,38.1590260,6553.3 -122.4532950,38.1590260,6553.3 -122.4532950,38.1590260,6553.3 -122.4532950,38.1590260,6553.3 -122.4532950,38.1590260,6553.3 -122.4532950,38.1590260,6553.3 -122.4532950,38.1590260,6553.2 -122.4532950,38.1590270,6553.2 -122.4532950,38.1590270,6553.2 -122.4532950,38.1590270,6553.2 -122.4532950,38.1590270,6553.2 -122.4532950,38.1590270,6553.2 -122.4532950,38.1590280,6553.2 -122.4532950,38.1590280,6553.2 -122.4532950,38.1590280,6553.2 -122.4532950,38.1590280,6553.2 -122.4532950,38.1590290,6553.1 -122.4532950,38.1590290,6553.1 -122.4532960,38.1590290,6553.1 -122.4532960,38.1590300,6553.1 -122.4532960,38.1590300,6553.1 -122.4532960,38.1590300,6553.1 -122.4532960,38.1590300,6553.1 -122.4532960,38.1590310,6553.1 -122.4532960,38.1590310,6553.1 -122.4532960,38.1590310,6553.1 -122.4532960,38.1590320,6553.0 -122.4532960,38.1590320,6553.0 -122.4532960,38.1590320,6553.0 -122.4532960,38.1590320,6553.0 -122.4532960,38.1590320,6553.0 -122.4532960,38.1590320,6553.0 -122.4532960,38.1590320,6553.0 -122.4532960,38.1590330,6553.0 -122.4532960,38.1590330,6553.0 -122.4532960,38.1590330,6553.0 -122.4532960,38.1590330,6552.8 -122.4532960,38.1590330,6552.8 -122.4532960,38.1590330,6552.8 -122.4532960,38.1590330,6552.8 -122.4532960,38.1590340,6552.8 -122.4532960,38.1590340,6552.8 -122.4532960,38.1590340,6552.8 -122.4532960,38.1590340,6552.8 -122.4532960,38.1590340,6552.8 -122.4532960,38.1590340,6552.8 -122.4532960,38.1590340,6552.6 -122.4532960,38.1590350,6552.6 -122.4532960,38.1590350,6552.6 -122.4532960,38.1590350,6552.6 -122.4532960,38.1590350,6552.6 -122.4532960,38.1590350,6552.6 -122.4532960,38.1590350,6552.6 -122.4532960,38.1590350,6552.6 -122.4532960,38.1590360,6552.6 -122.4532960,38.1590360,6552.6 -122.4532960,38.1590360,6552.4 -122.4532960,38.1590360,6552.4 -122.4532970,38.1590370,6552.4 -122.4532970,38.1590370,6552.4 -122.4532970,38.1590370,6552.4 -122.4532970,38.1590370,6552.4 -122.4532970,38.1590380,6552.4 -122.4532970,38.1590380,6552.4 -122.4532970,38.1590380,6552.4 -122.4532980,38.1590390,6552.4 -122.4532980,38.1590400,6552.4 -122.4532980,38.1590400,6552.4 -122.4532980,38.1590410,6552.4 -122.4532980,38.1590410,6552.4 -122.4532980,38.1590410,6552.4 -122.4532990,38.1590420,6552.4 -122.4532990,38.1590420,6552.4 -122.4532990,38.1590420,6552.4 -122.4532990,38.1590430,6552.4 -122.4532990,38.1590430,6552.4 -122.4532990,38.1590440,6552.4 -122.4532990,38.1590440,6552.4 -122.4532990,38.1590440,6552.4 -122.4532990,38.1590450,6552.4 -122.4532990,38.1590450,6552.4 -122.4533000,38.1590450,6552.4 -122.4533000,38.1590460,6552.4 -122.4533000,38.1590460,6552.4 -122.4533000,38.1590460,6552.4 -122.4533000,38.1590460,6552.4 -122.4533000,38.1590460,6552.4 -122.4533000,38.1590460,6552.4 -122.4533000,38.1590470,6552.4 -122.4533000,38.1590470,6552.4 -122.4533000,38.1590470,6552.4 -122.4533000,38.1590470,6552.4 -122.4532990,38.1590480,6552.4 -122.4532990,38.1590480,6552.4 -122.4532990,38.1590480,6552.4 -122.4532990,38.1590480,6552.4 -122.4532990,38.1590480,6552.4 -122.4532990,38.1590480,6552.4 -122.4532990,38.1590490,6552.4 -122.4532990,38.1590490,6552.4 -122.4532990,38.1590490,6552.4 -122.4532990,38.1590490,6552.4 -122.4532990,38.1590490,6552.4 -122.4532990,38.1590490,6552.4 -122.4532990,38.1590490,6552.4 -122.4532990,38.1590490,6552.4 -122.4532990,38.1590490,6552.4 -122.4532990,38.1590500,6552.4 -122.4532990,38.1590500,6552.4 -122.4532990,38.1590500,6552.4 -122.4532990,38.1590500,6552.4 -122.4532990,38.1590500,6552.4 -122.4532990,38.1590500,6552.4 -122.4532990,38.1590510,6552.4 -122.4532990,38.1590510,6552.4 -122.4532990,38.1590510,6552.4 -122.4532990,38.1590510,6552.4 -122.4532990,38.1590520,6552.4 -122.4532990,38.1590520,6552.4 -122.4532990,38.1590520,6552.4 -122.4532990,38.1590520,6552.4 -122.4532990,38.1590530,6552.4 -122.4532990,38.1590530,6552.4 -122.4532990,38.1590530,6552.4 -122.4532990,38.1590530,6552.4 -122.4532990,38.1590530,6552.4 -122.4532990,38.1590530,6552.4 -122.4532990,38.1590530,6552.4 -122.4532990,38.1590530,6552.4 -122.4532990,38.1590530,6552.4 -122.4532990,38.1590530,6552.4 -122.4532990,38.1590530,6552.4 -122.4532990,38.1590530,6552.4 -122.4532990,38.1590540,6552.4 -122.4532990,38.1590540,6552.4 -122.4532990,38.1590540,6552.4 -122.4532990,38.1590540,6552.7 -122.4532990,38.1590550,6552.7 -122.4532990,38.1590550,6552.7 -122.4532990,38.1590550,6552.7 -122.4532990,38.1590550,6552.7 -122.4532990,38.1590550,6552.7 -122.4532990,38.1590550,6552.7 -122.4532990,38.1590560,6552.7 -122.4532990,38.1590560,6552.7 -122.4532990,38.1590560,6552.7 -122.4532990,38.1590560,6552.9 -122.4532990,38.1590570,6552.9 -122.4532990,38.1590570,6552.9 -122.4532990,38.1590570,6552.9 -122.4532990,38.1590570,6552.9 -122.4532990,38.1590580,6552.9 -122.4532990,38.1590580,6552.9 -122.4532990,38.1590580,6552.9 -122.4533000,38.1590590,6552.9 -122.4533000,38.1590590,6552.9 -122.4533000,38.1590590,6553.2 -122.4533000,38.1590600,6553.2 -122.4533000,38.1590600,6553.2 -122.4533000,38.1590600,6553.2 -122.4533000,38.1590610,6553.2 -122.4533000,38.1590610,6553.2 -122.4533000,38.1590610,6553.2 -122.4533000,38.1590610,6553.2 -122.4533000,38.1590620,6553.2 -122.4533000,38.1590620,6553.2 -122.4533000,38.1590620,6553.3 -122.4533000,38.1590620,6553.3 -122.4533000,38.1590620,6553.3 -122.4533000,38.1590620,6553.3 -122.4533000,38.1590620,6553.3 -122.4533000,38.1590620,6553.3 -122.4533000,38.1590630,6553.3 -122.4533000,38.1590630,6553.3 -122.4533000,38.1590630,6553.3 -122.4533000,38.1590630,6553.3 -122.4533000,38.1590630,6553.5 -122.4533000,38.1590640,6553.5 -122.4533000,38.1590640,6553.5 -122.4533000,38.1590640,6553.5 -122.4533000,38.1590640,6553.5 -122.4533000,38.1590650,6553.5 -122.4533000,38.1590650,6553.5 -122.4533000,38.1590650,6553.5 -122.4533000,38.1590650,6553.5 -122.4533000,38.1590660,6553.5 -122.4533000,38.1590660,0.2 -122.4533000,38.1590660,0.2 -122.4533000,38.1590660,0.2 -122.4533000,38.1590660,0.2 -122.4533000,38.1590670,0.2 -122.4533000,38.1590670,0.2 -122.4533000,38.1590670,0.2 -122.4533000,38.1590670,0.2 -122.4533000,38.1590670,0.2 -122.4533000,38.1590670,0.2 -122.4533000,38.1590670,0.3 -122.4533000,38.1590660,0.3 -122.4533000,38.1590660,0.3 -122.4532990,38.1590660,0.3 -122.4532990,38.1590660,0.3 -122.4532990,38.1590660,0.3 -122.4532990,38.1590670,0.3 -122.4532990,38.1590670,0.3 -122.4532990,38.1590670,0.3 -122.4532990,38.1590660,0.3 -122.4532990,38.1590660,0.4 -122.4532990,38.1590670,0.4 -122.4532990,38.1590670,0.4 -122.4532990,38.1590670,0.4 -122.4532990,38.1590670,0.4 -122.4532990,38.1590670,0.4 -122.4532990,38.1590670,0.4 -122.4532990,38.1590670,0.4 -122.4532980,38.1590670,0.4 -122.4532980,38.1590680,0.4 -122.4532980,38.1590680,0.6 -122.4532980,38.1590680,0.6 -122.4532970,38.1590680,0.6 -122.4532970,38.1590680,0.6 -122.4532970,38.1590680,0.6 -122.4532970,38.1590680,0.6 -122.4532970,38.1590680,0.6 -122.4532960,38.1590680,0.6 -122.4532960,38.1590680,0.6 -122.4532960,38.1590680,0.6 -122.4532960,38.1590690,0.7 -122.4532960,38.1590690,0.7 -122.4532960,38.1590690,0.7 -122.4532960,38.1590690,0.7 -122.4532960,38.1590690,0.7 -122.4532960,38.1590690,0.7 -122.4532960,38.1590690,0.7 -122.4532960,38.1590690,0.7 -122.4532960,38.1590690,0.7 -122.4532960,38.1590690,0.7 -122.4532960,38.1590690,0.7 -122.4532960,38.1590690,0.7 -122.4532960,38.1590690,0.7 -122.4532960,38.1590690,0.7 -122.4532950,38.1590690,0.7 -122.4532950,38.1590690,0.7 -122.4532950,38.1590690,0.7 -122.4532950,38.1590690,0.7 -122.4532950,38.1590690,0.7 -122.4532950,38.1590690,0.7 -122.4532950,38.1590690,0.8 -122.4532950,38.1590690,0.8 -122.4532940,38.1590690,0.8 -122.4532940,38.1590690,0.8 -122.4532940,38.1590690,0.8 -122.4532940,38.1590690,0.8 -122.4532950,38.1590700,0.8 -122.4532950,38.1590700,0.8 -122.4532950,38.1590700,0.8 -122.4532950,38.1590700,0.8 -122.4532950,38.1590700,0.8 -122.4532940,38.1590700,0.8 -122.4532940,38.1590700,0.8 -122.4532940,38.1590700,0.8 -122.4532940,38.1590700,0.8 -122.4532940,38.1590700,0.8 -122.4532940,38.1590700,0.8 -122.4532940,38.1590700,0.8 -122.4532940,38.1590710,0.8 -122.4532940,38.1590710,0.8 -122.4532940,38.1590710,0.9 -122.4532940,38.1590710,0.9 -122.4532940,38.1590710,0.9 -122.4532940,38.1590710,0.9 -122.4532940,38.1590710,0.9 -122.4532940,38.1590720,0.9 -122.4532930,38.1590720,0.9 -122.4532930,38.1590720,0.9 -122.4532930,38.1590720,0.9 -122.4532930,38.1590720,0.9 -122.4532930,38.1590720,0.9 -122.4532930,38.1590720,0.9 -122.4532930,38.1590720,0.9 -122.4532930,38.1590720,0.9 -122.4532930,38.1590720,0.9 -122.4532930,38.1590720,0.9 -122.4532930,38.1590730,0.9 -122.4532930,38.1590730,0.9 -122.4532930,38.1590720,0.9 -122.4532930,38.1590730,0.9 -122.4532930,38.1590730,1.1 -122.4532930,38.1590730,1.1 -122.4532920,38.1590730,1.1 -122.4532920,38.1590730,1.1 -122.4532920,38.1590730,1.1 -122.4532920,38.1590730,1.1 -122.4532920,38.1590730,1.1 -122.4532920,38.1590740,1.1 -122.4532920,38.1590740,1.1 -122.4532920,38.1590740,1.1 -122.4532920,38.1590740,1.2 -122.4532920,38.1590740,1.2 -122.4532920,38.1590740,1.2 -122.4532920,38.1590740,1.2 -122.4532920,38.1590740,1.2 -122.4532920,38.1590740,1.2 -122.4532920,38.1590740,1.2 -122.4532920,38.1590750,1.2 -122.4532910,38.1590740,1.2 -122.4532910,38.1590740,1.2 -122.4532910,38.1590750,1.3 -122.4532910,38.1590750,1.3 -122.4532910,38.1590750,1.3 -122.4532910,38.1590750,1.3 -122.4532910,38.1590750,1.3 -122.4532910,38.1590750,1.3 -122.4532910,38.1590750,1.3 -122.4532910,38.1590750,1.3 -122.4532910,38.1590750,1.3 -122.4532910,38.1590750,1.3 -122.4532910,38.1590750,1.3 -122.4532910,38.1590750,1.3 -122.4532910,38.1590760,1.3 -122.4532910,38.1590760,1.3 -122.4532910,38.1590760,1.3 -122.4532910,38.1590760,1.3 -122.4532910,38.1590760,1.3 -122.4532910,38.1590760,1.3 -122.4532900,38.1590770,1.3 -122.4532900,38.1590770,1.3 -122.4532900,38.1590770,1.4 -122.4532900,38.1590770,1.4 -122.4532900,38.1590760,1.4 -122.4532900,38.1590770,1.4 -122.4532900,38.1590770,1.4 -122.4532900,38.1590770,1.4 -122.4532900,38.1590770,1.4 -122.4532900,38.1590770,1.4 -122.4532900,38.1590770,1.4 -122.4532890,38.1590760,1.4 -122.4532890,38.1590760,1.3 -122.4532890,38.1590760,1.3 -122.4532890,38.1590760,1.3 -122.4532890,38.1590760,1.3 -122.4532890,38.1590760,1.3 -122.4532890,38.1590760,1.3 -122.4532890,38.1590760,1.3 -122.4532890,38.1590760,1.3 -122.4532890,38.1590750,1.3 -122.4532890,38.1590750,1.3 -122.4532880,38.1590750,1.1 -122.4532880,38.1590750,1.1 -122.4532880,38.1590750,1.1 -122.4532880,38.1590750,1.1 -122.4532880,38.1590750,1.1 -122.4532880,38.1590750,1.1 -122.4532880,38.1590740,1.1 -122.4532880,38.1590750,1.1 -122.4532880,38.1590750,1.1 -122.4532880,38.1590740,1.1 -122.4532880,38.1590740,0.8 -122.4532880,38.1590740,0.8 -122.4532870,38.1590740,0.8 -122.4532870,38.1590740,0.8 -122.4532870,38.1590730,0.8 -122.4532870,38.1590730,0.8 -122.4532870,38.1590730,0.8 -122.4532870,38.1590730,0.8 -122.4532870,38.1590730,0.8 -122.4532870,38.1590730,0.8 -122.4532870,38.1590730,0.6 -122.4532870,38.1590730,0.6 -122.4532870,38.1590740,0.6 -122.4532870,38.1590740,0.6 -122.4532870,38.1590740,0.6 -122.4532870,38.1590740,0.6 -122.4532870,38.1590740,0.6 -122.4532870,38.1590740,0.6 -122.4532860,38.1590740,0.6 -122.4532860,38.1590740,0.6 -122.4532860,38.1590740,0.6 -122.4532860,38.1590740,0.6 -122.4532860,38.1590740,0.6 -122.4532860,38.1590740,0.6 -122.4532860,38.1590740,0.6 -122.4532850,38.1590740,0.6 -122.4532850,38.1590740,0.6 -122.4532850,38.1590750,0.6 -122.4532850,38.1590750,0.6 -122.4532850,38.1590750,0.6 -122.4532850,38.1590750,0.5 -122.4532850,38.1590750,0.5 -122.4532850,38.1590750,0.5 -122.4532850,38.1590750,0.5 -122.4532850,38.1590750,0.5 -122.4532850,38.1590750,0.5 -122.4532850,38.1590750,0.5 -122.4532840,38.1590750,0.5 -122.4532840,38.1590750,0.5 -122.4532840,38.1590750,0.5 -122.4532840,38.1590750,0.5 -122.4532840,38.1590750,0.5 -122.4532840,38.1590750,0.5 -122.4532840,38.1590750,0.5 -122.4532840,38.1590750,0.5 -122.4532840,38.1590750,0.5 -122.4532840,38.1590760,0.5 -122.4532840,38.1590760,0.5 -122.4532840,38.1590760,0.5 -122.4532840,38.1590750,0.5 -122.4532840,38.1590750,0.4 -122.4532840,38.1590750,0.4 -122.4532830,38.1590750,0.4 -122.4532830,38.1590750,0.4 -122.4532830,38.1590750,0.4 -122.4532830,38.1590750,0.4 -122.4532830,38.1590750,0.4 -122.4532830,38.1590750,0.4 -122.4532830,38.1590750,0.4 -122.4532830,38.1590750,0.4 -122.4532830,38.1590750,0.2 -122.4532830,38.1590750,0.2 -122.4532830,38.1590750,0.2 -122.4532830,38.1590750,0.2 -122.4532820,38.1590750,0.2 -122.4532820,38.1590740,0.2 -122.4532820,38.1590740,0.2 -122.4532820,38.1590740,0.2 -122.4532820,38.1590740,0.2 -122.4532820,38.1590740,0.2 -122.4532820,38.1590740,0.1 -122.4532820,38.1590740,0.1 -122.4532820,38.1590740,0.1 -122.4532820,38.1590740,0.1 -122.4532820,38.1590740,0.1 -122.4532820,38.1590740,0.1 -122.4532820,38.1590740,0.1 -122.4532820,38.1590740,0.1 -122.4532820,38.1590740,0.1 -122.4532820,38.1590740,0.1 -122.4532820,38.1590740,6553.5 -122.4532820,38.1590740,6553.5 -122.4532820,38.1590740,6553.5 -122.4532820,38.1590740,6553.5 -122.4532820,38.1590740,6553.5 -122.4532820,38.1590740,6553.5 -122.4532820,38.1590740,6553.5 -122.4532820,38.1590730,6553.5 -122.4532820,38.1590730,6553.5 -122.4532820,38.1590730,6553.5 -122.4532820,38.1590730,6553.2 -122.4532820,38.1590730,6553.2 -122.4532820,38.1590730,6553.2 -122.4532820,38.1590730,6553.2 -122.4532820,38.1590730,6553.2 -122.4532820,38.1590730,6553.2 -122.4532820,38.1590730,6553.2 -122.4532820,38.1590730,6553.2 -122.4532820,38.1590730,6553.2 -122.4532820,38.1590730,6553.2 -122.4532820,38.1590730,6553.1 -122.4532820,38.1590730,6553.1 -122.4532820,38.1590730,6553.1 -122.4532820,38.1590730,6553.1 -122.4532820,38.1590730,6553.1 -122.4532820,38.1590730,6553.1 -122.4532820,38.1590730,6553.1 -122.4532820,38.1590730,6553.1 -122.4532820,38.1590730,6553.1 -122.4532820,38.1590730,6553.1 -122.4532820,38.1590720,6552.9 -122.4532820,38.1590720,6552.9 -122.4532820,38.1590720,6552.9 -122.4532820,38.1590720,6552.9 -122.4532820,38.1590720,6552.9 -122.4532820,38.1590720,6552.9 -122.4532820,38.1590720,6552.9 -122.4532820,38.1590720,6552.9 -122.4532820,38.1590720,6552.9 -122.4532820,38.1590720,6552.9 -122.4532820,38.1590720,6552.8 -122.4532820,38.1590730,6552.8 -122.4532820,38.1590730,6552.8 -122.4532820,38.1590720,6552.8 -122.4532820,38.1590720,6552.8 -122.4532820,38.1590720,6552.8 -122.4532820,38.1590730,6552.8 -122.4532820,38.1590730,6552.8 -122.4532820,38.1590730,6552.8 -122.4532820,38.1590730,6552.8 -122.4532830,38.1590730,6552.8 -122.4532820,38.1590730,6552.8 -122.4532820,38.1590730,6552.8 -122.4532820,38.1590730,6552.8 -122.4532820,38.1590730,6552.8 -122.4532820,38.1590730,6552.8 -122.4532820,38.1590730,6552.8 -122.4532820,38.1590730,6552.8 -122.4532820,38.1590730,6552.8 -122.4532820,38.1590730,6552.8 -122.4532820,38.1590730,6552.8 -122.4532820,38.1590730,6552.8 -122.4532820,38.1590730,6552.8 -122.4532820,38.1590730,6552.8 -122.4532820,38.1590730,6552.8 -122.4532820,38.1590740,6552.8 -122.4532820,38.1590740,6552.8 -122.4532820,38.1590740,6552.8 -122.4532820,38.1590740,6552.8 -122.4532820,38.1590740,6552.8 -122.4532820,38.1590740,6552.8 -122.4532820,38.1590740,6552.8 -122.4532820,38.1590740,6552.8 -122.4532820,38.1590740,6552.8 -122.4532820,38.1590740,6552.8 -122.4532820,38.1590740,6552.8 -122.4532820,38.1590740,6552.8 -122.4532820,38.1590740,6552.8 -122.4532820,38.1590750,6552.8 -122.4532820,38.1590750,6552.8 -122.4532820,38.1590750,6552.7 -122.4532820,38.1590750,6552.7 -122.4532820,38.1590750,6552.7 -122.4532820,38.1590750,6552.7 -122.4532820,38.1590750,6552.7 -122.4532820,38.1590750,6552.7 -122.4532820,38.1590750,6552.7 -122.4532820,38.1590750,6552.7 -122.4532820,38.1590750,6552.7 -122.4532820,38.1590750,6552.7 -122.4532820,38.1590750,6552.7 -122.4532820,38.1590760,6552.7 -122.4532820,38.1590750,6552.7 -122.4532820,38.1590750,6552.7 -122.4532820,38.1590750,6552.7 -122.4532820,38.1590750,6552.7 -122.4532820,38.1590750,6552.7 -122.4532820,38.1590760,6552.7 -122.4532820,38.1590760,6552.7 -122.4532820,38.1590760,6552.7 -122.4532820,38.1590760,6552.7 -122.4532830,38.1590760,6552.7 -122.4532830,38.1590760,6552.7 -122.4532820,38.1590760,6552.7 -122.4532820,38.1590760,6552.7 -122.4532830,38.1590760,6552.7 -122.4532830,38.1590760,6552.7 -122.4532830,38.1590770,6552.7 -122.4532830,38.1590770,6552.7 -122.4532830,38.1590770,6552.7 -122.4532830,38.1590770,6552.6 -122.4532830,38.1590770,6552.6 -122.4532830,38.1590770,6552.6 -122.4532830,38.1590770,6552.6 -122.4532830,38.1590770,6552.6 -122.4532830,38.1590770,6552.6 -122.4532830,38.1590770,6552.6 -122.4532830,38.1590780,6552.6 -122.4532830,38.1590780,6552.6 -122.4532830,38.1590780,6552.6 -122.4532830,38.1590780,6552.5 -122.4532830,38.1590780,6552.5 -122.4532830,38.1590780,6552.5 -122.4532830,38.1590780,6552.5 -122.4532830,38.1590770,6552.5 -122.4532830,38.1590770,6552.5 -122.4532830,38.1590770,6552.5 -122.4532840,38.1590780,6552.5 -122.4532840,38.1590780,6552.5 -122.4532840,38.1590780,6552.5 -122.4532840,38.1590780,6552.5 -122.4532840,38.1590780,6552.5 -122.4532840,38.1590780,6552.5 -122.4532840,38.1590790,6552.5 -122.4532850,38.1590790,6552.5 -122.4532850,38.1590790,6552.5 -122.4532850,38.1590800,6552.5 -122.4532850,38.1590800,6552.5 -122.4532850,38.1590800,6552.5 -122.4532850,38.1590800,6552.5 -122.4532850,38.1590800,6552.6 -122.4532850,38.1590800,6552.6 -122.4532850,38.1590800,6552.6 -122.4532850,38.1590800,6552.6 -122.4532860,38.1590800,6552.6 -122.4532860,38.1590800,6552.6 -122.4532860,38.1590800,6552.6 -122.4532860,38.1590800,6552.6 -122.4532860,38.1590800,6552.6 -122.4532860,38.1590800,6552.6 -122.4532860,38.1590800,6552.5 -122.4532860,38.1590800,6552.5 -122.4532860,38.1590800,6552.5 -122.4532860,38.1590800,6552.5 -122.4532860,38.1590800,6552.5 -122.4532860,38.1590800,6552.5 -122.4532860,38.1590800,6552.5 -122.4532860,38.1590790,6552.5 -122.4532860,38.1590790,6552.5 -122.4532860,38.1590790,6552.5 -122.4532860,38.1590790,6552.5 -122.4532850,38.1590790,6552.5 -122.4532850,38.1590780,6552.5 -122.4532850,38.1590780,6552.5 -122.4532860,38.1590780,6552.5 -122.4532860,38.1590780,6552.5 -122.4532860,38.1590780,6552.5 -122.4532860,38.1590780,6552.5 -122.4532860,38.1590780,6552.5 -122.4532860,38.1590780,6552.5 -122.4532860,38.1590780,6552.3 -122.4532860,38.1590780,6552.3 -122.4532860,38.1590780,6552.3 -122.4532860,38.1590770,6552.3 -122.4532860,38.1590770,6552.3 -122.4532860,38.1590770,6552.3 -122.4532870,38.1590770,6552.3 -122.4532870,38.1590760,6552.3 -122.4532870,38.1590760,6552.3 -122.4532870,38.1590760,6552.3 -122.4532870,38.1590750,6552.0 -122.4532870,38.1590750,6552.0 -122.4532870,38.1590750,6552.0 -122.4532870,38.1590750,6552.0 -122.4532870,38.1590750,6552.0 -122.4532870,38.1590750,6552.0 -122.4532870,38.1590750,6552.0 -122.4532870,38.1590760,6552.0 -122.4532870,38.1590760,6552.0 -122.4532870,38.1590760,6552.0 -122.4532870,38.1590760,6552.0 -122.4532880,38.1590760,6552.0 -122.4532880,38.1590760,6552.0 -122.4532880,38.1590760,6552.0 -122.4532880,38.1590760,6552.0 -122.4532880,38.1590760,6552.0 -122.4532880,38.1590750,6552.0 -122.4532880,38.1590750,6552.0 -122.4532880,38.1590750,6552.0 -122.4532880,38.1590750,6552.0 -122.4532880,38.1590750,6551.7 -122.4532880,38.1590750,6551.7 -122.4532880,38.1590750,6551.7 -122.4532880,38.1590740,6551.7 -122.4532880,38.1590740,6551.7 -122.4532880,38.1590740,6551.7 -122.4532880,38.1590740,6551.7 -122.4532880,38.1590730,6551.7 -122.4532890,38.1590730,6551.7 -122.4532890,38.1590730,6551.7 -122.4532890,38.1590730,6551.4 -122.4532890,38.1590730,6551.4 -122.4532890,38.1590730,6551.4 -122.4532890,38.1590730,6551.4 -122.4532890,38.1590720,6551.4 -122.4532890,38.1590720,6551.4 -122.4532900,38.1590710,6551.4 -122.4532900,38.1590710,6551.4 -122.4532900,38.1590710,6551.4 -122.4532900,38.1590710,6551.4 -122.4532900,38.1590710,6551.1 -122.4532900,38.1590710,6551.1 -122.4532900,38.1590710,6551.1 -122.4532900,38.1590710,6551.1 -122.4532900,38.1590710,6551.1 -122.4532900,38.1590710,6551.1 -122.4532900,38.1590710,6551.1 -122.4532900,38.1590710,6551.1 -122.4532900,38.1590700,6551.1 -122.4532900,38.1590700,6551.1 -122.4532900,38.1590700,6551.0 -122.4532900,38.1590700,6551.0 -122.4532900,38.1590700,6551.0 -122.4532910,38.1590700,6551.0 -122.4532910,38.1590690,6551.0 -122.4532910,38.1590700,6551.0 -122.4532910,38.1590700,6551.0 -122.4532910,38.1590700,6551.0 -122.4532910,38.1590700,6551.0 -122.4532910,38.1590700,6551.0 -122.4532920,38.1590700,6551.0 -122.4532920,38.1590700,6551.0 -122.4532920,38.1590710,6551.0 -122.4532920,38.1590710,6551.0 -122.4532920,38.1590720,6551.0 -122.4532930,38.1590720,6551.0 -122.4532930,38.1590720,6551.0 -122.4532930,38.1590720,6551.0 -122.4532930,38.1590720,6551.0 -122.4532930,38.1590720,6551.0 -122.4532930,38.1590710,6551.0 -122.4532930,38.1590720,6551.0 -122.4532930,38.1590720,6551.0 -122.4532940,38.1590720,6551.0 -122.4532940,38.1590720,6551.0 -122.4532940,38.1590720,6551.0 -122.4532940,38.1590720,6551.0 -122.4532940,38.1590720,6551.0 -122.4532940,38.1590720,6551.0 -122.4532940,38.1590730,6551.0 -122.4532950,38.1590730,6551.0 -122.4532940,38.1590740,6551.0 -122.4532950,38.1590750,6551.0 -122.4532940,38.1590750,6551.0 -122.4532950,38.1590750,6551.0 -122.4532950,38.1590750,6551.0 -122.4532950,38.1590750,6551.0 -122.4532950,38.1590750,6551.0 -122.4532950,38.1590740,6551.0 -122.4532960,38.1590740,6551.0 -122.4532960,38.1590740,6551.2 -122.4532960,38.1590750,6551.2 -122.4532960,38.1590750,6551.2 -122.4532960,38.1590750,6551.2 -122.4532960,38.1590750,6551.2 -122.4532960,38.1590750,6551.2 -122.4532960,38.1590750,6551.2 -122.4532960,38.1590760,6551.2 -122.4532970,38.1590760,6551.2 -122.4532970,38.1590760,6551.2 -122.4532970,38.1590770,6551.3 -122.4532970,38.1590770,6551.3 -122.4532970,38.1590770,6551.3 -122.4532970,38.1590780,6551.3 -122.4532970,38.1590780,6551.3 -122.4532970,38.1590780,6551.3 -122.4532970,38.1590780,6551.3 -122.4532970,38.1590790,6551.3 -122.4532980,38.1590780,6551.3 -122.4532980,38.1590780,6551.3 -122.4532980,38.1590780,6551.4 -122.4532980,38.1590790,6551.4 -122.4532980,38.1590790,6551.4 -122.4532980,38.1590790,6551.4 -122.4532980,38.1590790,6551.4 -122.4532980,38.1590800,6551.4 -122.4532980,38.1590790,6551.4 -122.4532990,38.1590790,6551.4 -122.4532990,38.1590790,6551.4 -122.4532990,38.1590790,6551.4 -122.4532990,38.1590800,6551.5 -122.4532990,38.1590790,6551.5 -122.4533000,38.1590790,6551.5 -122.4532990,38.1590790,6551.5 -122.4533000,38.1590780,6551.5 -122.4533000,38.1590780,6551.5 -122.4533000,38.1590780,6551.5 -122.4533000,38.1590780,6551.5 -122.4533000,38.1590770,6551.5 -122.4533000,38.1590770,6551.5 -122.4533000,38.1590770,6551.1 -122.4533010,38.1590770,6551.1 -122.4533010,38.1590770,6551.1 -122.4533010,38.1590770,6551.1 -122.4533010,38.1590770,6551.1 -122.4533010,38.1590770,6551.1 -122.4533010,38.1590760,6551.1 -122.4533010,38.1590760,6551.1 -122.4533010,38.1590750,6551.1 -122.4533010,38.1590740,6551.1 -122.4533010,38.1590730,6550.5 -122.4533010,38.1590730,6550.5 -122.4533010,38.1590720,6550.5 -122.4533010,38.1590710,6550.5 -122.4533010,38.1590700,6550.5 -122.4533010,38.1590700,6550.5 -122.4533010,38.1590690,6550.5 -122.4533010,38.1590680,6550.5 -122.4533010,38.1590690,6550.5 -122.4533010,38.1590690,6550.5 -122.4533010,38.1590690,6550.1 -122.4533010,38.1590690,6550.1 -122.4533010,38.1590690,6550.1 -122.4533020,38.1590700,6550.1 -122.4533020,38.1590690,6550.1 -122.4533020,38.1590690,6550.1 -122.4533020,38.1590690,6550.1 -122.4533020,38.1590690,6550.1 -122.4533020,38.1590690,6550.1 -122.4533020,38.1590690,6550.1 -122.4533020,38.1590690,6550.0 -122.4533020,38.1590690,6550.0 -122.4533020,38.1590700,6550.0 -122.4533020,38.1590700,6550.0 -122.4533030,38.1590700,6550.0 -122.4533030,38.1590700,6550.0 -122.4533030,38.1590700,6550.0 -122.4533030,38.1590710,6550.0 -122.4533030,38.1590710,6550.0 -122.4533030,38.1590710,6550.0 -122.4533030,38.1590710,6550.1 -122.4533030,38.1590710,6550.1 -122.4533030,38.1590720,6550.1 -122.4533040,38.1590720,6550.1 -122.4533040,38.1590730,6550.1 -122.4533040,38.1590730,6550.1 -122.4533040,38.1590740,6550.1 -122.4533040,38.1590740,6550.1 -122.4533040,38.1590740,6550.1 -122.4533040,38.1590740,6550.1 -122.4533050,38.1590740,6550.2 -122.4533050,38.1590730,6550.2 -122.4533050,38.1590730,6550.2 -122.4533050,38.1590730,6550.2 -122.4533050,38.1590720,6550.2 -122.4533050,38.1590720,6550.2 -122.4533050,38.1590730,6550.2 -122.4533050,38.1590730,6550.2 -122.4533050,38.1590730,6550.2 -122.4533050,38.1590730,6550.2 -122.4533050,38.1590720,6549.9 -122.4533050,38.1590720,6549.9 -122.4533050,38.1590710,6549.9 -122.4533050,38.1590710,6549.9 -122.4533050,38.1590710,6549.9 -122.4533050,38.1590710,6549.9 -122.4533050,38.1590710,6549.9 -122.4533060,38.1590710,6549.9 -122.4533060,38.1590710,6549.9 -122.4533060,38.1590710,6549.9 -122.4533060,38.1590710,6549.6 -122.4533060,38.1590710,6549.6 -122.4533060,38.1590710,6549.6 -122.4533060,38.1590710,6549.6 -122.4533060,38.1590710,6549.6 -122.4533060,38.1590710,6549.6 -122.4533060,38.1590710,6549.6 -122.4533060,38.1590710,6549.6 -122.4533060,38.1590700,6549.6 -122.4533060,38.1590700,6549.6 -122.4533060,38.1590700,6549.4 -122.4533060,38.1590700,6549.4 -122.4533060,38.1590700,6549.4 -122.4533060,38.1590690,6549.4 -122.4533060,38.1590690,6549.4 -122.4533060,38.1590690,6549.4 -122.4533060,38.1590690,6549.4 -122.4533060,38.1590680,6549.4 -122.4533060,38.1590680,6549.4 -122.4533060,38.1590680,6549.4 -122.4533060,38.1590670,6549.2 -122.4533060,38.1590670,6549.2 -122.4533060,38.1590670,6549.2 -122.4533060,38.1590660,6549.2 -122.4533060,38.1590660,6549.2 -122.4533060,38.1590660,6549.2 -122.4533060,38.1590660,6549.2 -122.4533070,38.1590660,6549.2 -122.4533070,38.1590660,6549.2 -122.4533070,38.1590660,6549.2 -122.4533070,38.1590660,6549.0 -122.4533070,38.1590660,6549.0 -122.4533070,38.1590660,6549.0 -122.4533070,38.1590660,6549.0 -122.4533070,38.1590660,6549.0 -122.4533070,38.1590660,6549.0 -122.4533070,38.1590660,6549.0 -122.4533070,38.1590650,6549.0 -122.4533070,38.1590650,6549.0 -122.4533070,38.1590650,6549.0 -122.4533070,38.1590650,6548.9 -122.4533070,38.1590650,6548.9 -122.4533070,38.1590650,6548.9 -122.4533070,38.1590640,6548.9 -122.4533070,38.1590640,6548.9 -122.4533070,38.1590640,6548.9 -122.4533070,38.1590640,6548.9 -122.4533070,38.1590640,6548.9 -122.4533070,38.1590640,6548.9 -122.4533070,38.1590640,6548.9 -122.4533070,38.1590640,6548.8 -122.4533070,38.1590640,6548.8 -122.4533070,38.1590630,6548.8 -122.4533070,38.1590630,6548.8 -122.4533070,38.1590640,6548.8 -122.4533070,38.1590640,6548.8 -122.4533070,38.1590640,6548.8 -122.4533070,38.1590640,6548.8 -122.4533070,38.1590640,6548.8 -122.4533070,38.1590650,6548.8 -122.4533070,38.1590650,6548.8 -122.4533070,38.1590650,6548.8 -122.4533070,38.1590650,6548.8 -122.4533070,38.1590660,6548.8 -122.4533070,38.1590660,6548.8 -122.4533070,38.1590660,6548.8 -122.4533070,38.1590670,6548.8 -122.4533070,38.1590670,6548.8 -122.4533070,38.1590660,6548.8 -122.4533070,38.1590660,6548.8 -122.4533070,38.1590650,6548.9 -122.4533060,38.1590650,6548.9 -122.4533060,38.1590640,6548.9 -122.4533060,38.1590640,6548.9 -122.4533060,38.1590640,6548.9 -122.4533060,38.1590640,6548.9 -122.4533060,38.1590640,6548.9 -122.4533060,38.1590630,6548.9 -122.4533060,38.1590630,6548.9 -122.4533060,38.1590630,6548.9 -122.4533060,38.1590630,6548.6 -122.4533060,38.1590630,6548.6 -122.4533060,38.1590630,6548.6 -122.4533060,38.1590630,6548.6 -122.4533060,38.1590630,6548.6 -122.4533060,38.1590620,6548.6 -122.4533060,38.1590620,6548.6 -122.4533060,38.1590620,6548.6 -122.4533050,38.1590610,6548.6 -122.4533050,38.1590610,6548.6 -122.4533050,38.1590610,6548.5 -122.4533050,38.1590610,6548.5 -122.4533050,38.1590610,6548.5 -122.4533050,38.1590610,6548.5 -122.4533050,38.1590610,6548.5 -122.4533050,38.1590610,6548.5 -122.4533050,38.1590600,6548.5 -122.4533050,38.1590600,6548.5 -122.4533050,38.1590600,6548.5 -122.4533050,38.1590600,6548.5 -122.4533050,38.1590600,6548.5 -122.4533050,38.1590600,6548.5 -122.4533050,38.1590600,6548.5 -122.4533050,38.1590600,6548.5 -122.4533040,38.1590600,6548.5 -122.4533040,38.1590590,6548.5 -122.4533040,38.1590590,6548.5 -122.4533040,38.1590590,6548.5 -122.4533040,38.1590580,6548.5 -122.4533040,38.1590580,6548.5 -122.4533040,38.1590580,6548.3 -122.4533040,38.1590570,6548.3 -122.4533040,38.1590570,6548.3 -122.4533040,38.1590570,6548.3 -122.4533040,38.1590570,6548.3 -122.4533040,38.1590560,6548.3 -122.4533030,38.1590560,6548.3 -122.4533030,38.1590560,6548.3 -122.4533030,38.1590560,6548.3 -122.4533030,38.1590560,6548.3 -122.4533030,38.1590560,6548.1 -122.4533030,38.1590560,6548.1 -122.4533030,38.1590550,6548.1 -122.4533030,38.1590550,6548.1 -122.4533020,38.1590540,6548.1 -122.4533020,38.1590540,6548.1 -122.4533020,38.1590530,6548.1 -122.4533020,38.1590530,6548.1 -122.4533020,38.1590530,6548.1 -122.4533020,38.1590530,6548.1 -122.4533020,38.1590530,6547.8 -122.4533010,38.1590520,6547.8 -122.4533010,38.1590520,6547.8 -122.4533010,38.1590520,6547.8 -122.4533010,38.1590520,6547.8 -122.4533000,38.1590510,6547.8 -122.4533000,38.1590510,6547.8 -122.4533000,38.1590500,6547.8 -122.4533000,38.1590500,6547.8 -122.4533000,38.1590500,6547.8 -122.4533000,38.1590490,6547.4 -122.4533000,38.1590490,6547.4 -122.4533000,38.1590490,6547.4 -122.4533000,38.1590490,6547.4 -122.4533000,38.1590480,6547.4 -122.4533000,38.1590480,6547.4 -122.4533000,38.1590480,6547.4 -122.4533000,38.1590480,6547.4 -122.4533000,38.1590480,6547.4 -122.4533000,38.1590470,6547.4 -122.4533000,38.1590480,6547.1 -122.4533000,38.1590470,6547.1 -122.4533000,38.1590470,6547.1 -122.4533000,38.1590470,6547.1 -122.4533000,38.1590470,6547.1 -122.4533000,38.1590460,6547.1 -122.4533000,38.1590460,6547.1 -122.4533000,38.1590460,6547.1 -122.4533000,38.1590460,6547.1 -122.4533000,38.1590460,6547.1 -122.4533000,38.1590460,6546.9 -122.4533000,38.1590450,6546.9 -122.4533000,38.1590450,6546.9 -122.4533000,38.1590450,6546.9 -122.4533000,38.1590440,6546.9 -122.4533000,38.1590440,6546.9 -122.4533000,38.1590440,6546.9 -122.4533000,38.1590430,6546.9 -122.4533000,38.1590430,6546.9 -122.4533000,38.1590430,6546.9 -122.4533000,38.1590430,6546.5 -122.4533000,38.1590420,6546.5 -122.4533000,38.1590420,6546.5 -122.4533000,38.1590410,6546.5 -122.4533000,38.1590410,6546.5 -122.4533000,38.1590410,6546.5 -122.4533000,38.1590410,6546.5 -122.4532990,38.1590400,6546.5 -122.4532990,38.1590400,6546.5 -122.4532990,38.1590390,6546.5 -122.4532990,38.1590390,6545.8 -122.4532990,38.1590380,6545.8 -122.4532990,38.1590380,6545.8 -122.4532980,38.1590380,6545.8 -122.4532990,38.1590370,6545.8 -122.4532980,38.1590370,6545.8 -122.4532980,38.1590370,6545.8 -122.4532980,38.1590360,6545.8 -122.4532980,38.1590360,6545.8 -122.4532980,38.1590360,6545.8 -122.4532980,38.1590360,6545.5 -122.4532980,38.1590360,6545.5 -122.4532970,38.1590370,6545.5 -122.4532970,38.1590360,6545.5 -122.4532970,38.1590360,6545.5 -122.4532970,38.1590360,6545.5 -122.4532970,38.1590360,6545.5 -122.4532970,38.1590360,6545.5 -122.4532960,38.1590360,6545.5 -122.4532960,38.1590360,6545.5 -122.4532960,38.1590360,6545.5 -122.4532960,38.1590360,6545.5 -122.4532960,38.1590360,6545.5 -122.4532960,38.1590360,6545.5 -122.4532960,38.1590360,6545.5 -122.4532950,38.1590360,6545.5 -122.4532950,38.1590360,6545.5 -122.4532950,38.1590350,6545.5 -122.4532950,38.1590350,6545.5 -122.4532950,38.1590350,6545.5 -122.4532950,38.1590350,6545.3 -122.4532950,38.1590350,6545.3 -122.4532950,38.1590350,6545.3 -122.4532950,38.1590340,6545.3 -122.4532940,38.1590340,6545.3 -122.4532940,38.1590340,6545.3 -122.4532940,38.1590330,6545.3 -122.4532940,38.1590330,6545.3 -122.4532930,38.1590330,6545.3 -122.4532930,38.1590330,6545.3 -122.4532930,38.1590330,6545.1 -122.4532930,38.1590330,6545.1 -122.4532930,38.1590330,6545.1 -122.4532930,38.1590330,6545.1 -122.4532930,38.1590320,6545.1 -122.4532930,38.1590320,6545.1 -122.4532920,38.1590320,6545.1 -122.4532920,38.1590320,6545.1 -122.4532920,38.1590320,6545.1 -122.4532920,38.1590320,6545.1 -122.4532920,38.1590320,6545.1 -122.4532920,38.1590320,6545.1 -122.4532910,38.1590320,6545.1 -122.4532910,38.1590320,6545.1 -122.4532910,38.1590320,6545.1 -122.4532910,38.1590320,6545.1 -122.4532910,38.1590310,6545.1 -122.4532900,38.1590310,6545.1 -122.4532900,38.1590310,6545.1 -122.4532900,38.1590310,6545.1 -122.4532900,38.1590310,6545.0 -122.4532900,38.1590310,6545.0 -122.4532900,38.1590310,6545.0 -122.4532890,38.1590310,6545.0 -122.4532890,38.1590310,6545.0 -122.4532890,38.1590310,6545.0 -122.4532890,38.1590310,6545.0 -122.4532880,38.1590300,6545.0 -122.4532880,38.1590300,6545.0 -122.4532880,38.1590300,6545.0 -122.4532880,38.1590300,6544.9 -122.4532880,38.1590300,6544.9 -122.4532880,38.1590300,6544.9 -122.4532870,38.1590300,6544.9 -122.4532870,38.1590300,6544.9 -122.4532870,38.1590300,6544.9 -122.4532870,38.1590290,6544.9 -122.4532870,38.1590300,6544.9 -122.4532870,38.1590290,6544.9 -122.4532870,38.1590290,6544.9 -122.4532870,38.1590290,6544.8 -122.4532860,38.1590290,6544.8 -122.4532860,38.1590290,6544.8 -122.4532860,38.1590290,6544.8 -122.4532860,38.1590290,6544.8 -122.4532860,38.1590290,6544.8 -122.4532860,38.1590290,6544.8 -122.4532860,38.1590290,6544.8 -122.4532860,38.1590290,6544.8 -122.4532850,38.1590290,6544.8 -122.4532850,38.1590290,6544.7 -122.4532850,38.1590290,6544.7 -122.4532850,38.1590290,6544.7 -122.4532850,38.1590280,6544.7 -122.4532850,38.1590280,6544.7 -122.4532850,38.1590280,6544.7 -122.4532850,38.1590280,6544.7 -122.4532850,38.1590280,6544.7 -122.4532850,38.1590280,6544.7 -122.4532850,38.1590280,6544.7 -122.4532850,38.1590280,6544.6 -122.4532850,38.1590280,6544.6 -122.4532850,38.1590280,6544.6 -122.4532840,38.1590280,6544.6 -122.4532840,38.1590280,6544.6 -122.4532840,38.1590270,6544.6 -122.4532840,38.1590270,6544.6 -122.4532840,38.1590270,6544.6 -122.4532840,38.1590270,6544.6 -122.4532840,38.1590270,6544.6 -122.4532840,38.1590270,6544.4 -122.4532840,38.1590260,6544.4 -122.4532840,38.1590260,6544.4 -122.4532830,38.1590260,6544.4 -122.4532830,38.1590260,6544.4 -122.4532830,38.1590260,6544.4 -122.4532830,38.1590260,6544.4 -122.4532830,38.1590260,6544.4 -122.4532820,38.1590260,6544.4 -122.4532820,38.1590250,6544.4 -122.4532820,38.1590260,6544.3 -122.4532820,38.1590260,6544.3 -122.4532820,38.1590250,6544.3 -122.4532820,38.1590250,6544.3 -122.4532820,38.1590250,6544.3 -122.4532820,38.1590250,6544.3 -122.4532820,38.1590250,6544.3 -122.4532820,38.1590250,6544.3 -122.4532820,38.1590250,6544.3 -122.4532820,38.1590250,6544.3 -122.4532810,38.1590250,6544.2 -122.4532810,38.1590250,6544.2 -122.4532810,38.1590250,6544.2 -122.4532810,38.1590240,6544.2 -122.4532810,38.1590240,6544.2 -122.4532810,38.1590240,6544.2 -122.4532810,38.1590240,6544.2 -122.4532810,38.1590240,6544.2 -122.4532800,38.1590240,6544.2 -122.4532800,38.1590240,6544.2 -122.4532800,38.1590240,6543.9 -122.4532800,38.1590230,6543.9 -122.4532800,38.1590230,6543.9 -122.4532800,38.1590230,6543.9 -122.4532800,38.1590230,6543.9 -122.4532800,38.1590230,6543.9 -122.4532790,38.1590230,6543.9 -122.4532790,38.1590230,6543.9 -122.4532790,38.1590230,6543.9 -122.4532790,38.1590230,6543.9 -122.4532790,38.1590220,6543.8 -122.4532790,38.1590220,6543.8 -122.4532790,38.1590220,6543.8 -122.4532790,38.1590220,6543.8 -122.4532790,38.1590220,6543.8 -122.4532790,38.1590220,6543.8 -122.4532790,38.1590220,6543.8 -122.4532780,38.1590220,6543.8 -122.4532780,38.1590220,6543.8 -122.4532780,38.1590220,6543.8 -122.4532780,38.1590220,6543.7 -122.4532780,38.1590220,6543.7 -122.4532780,38.1590220,6543.7 -122.4532780,38.1590220,6543.7 -122.4532780,38.1590220,6543.7 -122.4532780,38.1590220,6543.7 -122.4532780,38.1590220,6543.7 -122.4532780,38.1590220,6543.7 -122.4532780,38.1590210,6543.7 -122.4532770,38.1590210,6543.7 -122.4532770,38.1590210,6543.5 -122.4532770,38.1590210,6543.5 -122.4532770,38.1590210,6543.5 -122.4532770,38.1590210,6543.5 -122.4532770,38.1590210,6543.5 -122.4532770,38.1590210,6543.5 -122.4532770,38.1590210,6543.5 -122.4532770,38.1590210,6543.5 -122.4532770,38.1590210,6543.5 -122.4532760,38.1590210,6543.5 -122.4532760,38.1590210,6543.4 -122.4532760,38.1590210,6543.4 -122.4532760,38.1590210,6543.4 -122.4532760,38.1590200,6543.4 -122.4532760,38.1590200,6543.4 -122.4532760,38.1590200,6543.4 -122.4532760,38.1590200,6543.4 -122.4532760,38.1590200,6543.4 -122.4532750,38.1590200,6543.4 -122.4532750,38.1590200,6543.4 -122.4532750,38.1590200,6543.4 -122.4532750,38.1590200,6543.4 -122.4532750,38.1590200,6543.4 -122.4532750,38.1590200,6543.4 -122.4532750,38.1590200,6543.4 -122.4532750,38.1590190,6543.4 -122.4532750,38.1590200,6543.4 -122.4532750,38.1590200,6543.4 -122.4532740,38.1590200,6543.4 -122.4532740,38.1590200,6543.4 -122.4532740,38.1590200,6543.4 -122.4532740,38.1590200,6543.4 -122.4532740,38.1590200,6543.4 -122.4532740,38.1590200,6543.4 -122.4532740,38.1590200,6543.4 -122.4532740,38.1590200,6543.4 -122.4532740,38.1590210,6543.4 -122.4532740,38.1590210,6543.4 -122.4532740,38.1590210,6543.4 -122.4532740,38.1590210,6543.4 -122.4532740,38.1590210,6543.6 -122.4532730,38.1590210,6543.6 -122.4532730,38.1590200,6543.6 -122.4532730,38.1590200,6543.6 -122.4532730,38.1590200,6543.6 -122.4532730,38.1590200,6543.6 -122.4532730,38.1590200,6543.6 -122.4532730,38.1590200,6543.6 -122.4532730,38.1590200,6543.6 -122.4532730,38.1590200,6543.6 -122.4532730,38.1590200,6543.7 -122.4532730,38.1590200,6543.7 -122.4532730,38.1590200,6543.7 -122.4532730,38.1590200,6543.7 -122.4532730,38.1590200,6543.7 -122.4532730,38.1590200,6543.7 -122.4532730,38.1590200,6543.7 -122.4532730,38.1590200,6543.7 -122.4532720,38.1590200,6543.7 -122.4532720,38.1590200,6543.7 -122.4532720,38.1590200,6543.7 -122.4532720,38.1590200,6543.7 -122.4532720,38.1590200,6543.7 -122.4532720,38.1590200,6543.7 -122.4532710,38.1590200,6543.7 -122.4532710,38.1590210,6543.7 -122.4532710,38.1590210,6543.7 -122.4532710,38.1590210,6543.7 -122.4532710,38.1590210,6543.7 -122.4532710,38.1590210,6543.7 -122.4532710,38.1590210,6543.9 -122.4532710,38.1590210,6543.9 -122.4532710,38.1590210,6543.9 -122.4532710,38.1590210,6543.9 -122.4532710,38.1590220,6543.9 -122.4532710,38.1590220,6543.9 -122.4532710,38.1590220,6543.9 -122.4532710,38.1590220,6543.9 -122.4532700,38.1590220,6543.9 -122.4532700,38.1590220,6543.9 -122.4532700,38.1590220,6544.2 -122.4532700,38.1590220,6544.2 -122.4532700,38.1590220,6544.2 -122.4532700,38.1590230,6544.2 -122.4532700,38.1590230,6544.2 -122.4532700,38.1590230,6544.2 -122.4532700,38.1590230,6544.2 -122.4532690,38.1590230,6544.2 -122.4532690,38.1590230,6544.2 -122.4532690,38.1590230,6544.2 -122.4532690,38.1590230,6544.5 -122.4532690,38.1590230,6544.5 -122.4532690,38.1590230,6544.5 -122.4532690,38.1590240,6544.5 -122.4532690,38.1590240,6544.5 -122.4532690,38.1590240,6544.5 -122.4532680,38.1590240,6544.5 -122.4532680,38.1590230,6544.5 -122.4532680,38.1590230,6544.5 -122.4532680,38.1590230,6544.5 -122.4532680,38.1590230,6544.8 -122.4532680,38.1590230,6544.8 -122.4532680,38.1590240,6544.8 -122.4532680,38.1590240,6544.8 -122.4532680,38.1590240,6544.8 -122.4532680,38.1590240,6544.8 -122.4532680,38.1590240,6544.8 -122.4532680,38.1590240,6544.8 -122.4532680,38.1590240,6544.8 -122.4532670,38.1590240,6544.8 -122.4532670,38.1590240,6545.0 -122.4532670,38.1590240,6545.0 -122.4532670,38.1590240,6545.0 -122.4532670,38.1590250,6545.0 -122.4532670,38.1590250,6545.0 -122.4532670,38.1590250,6545.0 -122.4532670,38.1590250,6545.0 -122.4532670,38.1590250,6545.0 -122.4532670,38.1590250,6545.0 -122.4532670,38.1590260,6545.0 -122.4532670,38.1590260,6545.3 -122.4532670,38.1590260,6545.3 -122.4532670,38.1590270,6545.3 -122.4532680,38.1590280,6545.3 -122.4532680,38.1590290,6545.3 -122.4532680,38.1590300,6545.3 -122.4532680,38.1590300,6545.3 -122.4532690,38.1590310,6545.3 -122.4532690,38.1590310,6545.3 -122.4532690,38.1590310,6545.3 -122.4532690,38.1590310,6545.5 -122.4532690,38.1590310,6545.5 -122.4532690,38.1590310,6545.5 -122.4532690,38.1590310,6545.5 -122.4532690,38.1590310,6545.5 -122.4532690,38.1590310,6545.5 -122.4532690,38.1590310,6545.5 -122.4532690,38.1590310,6545.5 -122.4532690,38.1590310,6545.5 -122.4532690,38.1590310,6545.5 -122.4532690,38.1590310,6545.7 -122.4532690,38.1590310,6545.7 -122.4532690,38.1590310,6545.7 -122.4532680,38.1590310,6545.7 -122.4532680,38.1590310,6545.7 -122.4532680,38.1590310,6545.7 -122.4532680,38.1590310,6545.7 -122.4532680,38.1590310,6545.7 -122.4532680,38.1590310,6545.7 -122.4532680,38.1590310,6545.7 -122.4532680,38.1590310,6545.7 -122.4532680,38.1590310,6545.7 -122.4532680,38.1590310,6545.7 -122.4532680,38.1590310,6545.7 -122.4532680,38.1590310,6545.7 -122.4532680,38.1590310,6545.7 -122.4532680,38.1590310,6545.7 -122.4532680,38.1590310,6545.7 -122.4532680,38.1590310,6545.7 -122.4532680,38.1590310,6545.7 -122.4532680,38.1590310,6545.8 -122.4532680,38.1590300,6545.8 -122.4532680,38.1590300,6545.8 -122.4532680,38.1590300,6545.8 -122.4532680,38.1590300,6545.8 -122.4532680,38.1590300,6545.8 -122.4532680,38.1590300,6545.8 -122.4532680,38.1590310,6545.8 -122.4532680,38.1590310,6545.8 -122.4532680,38.1590310,6545.8 -122.4532680,38.1590310,6545.8 -122.4532680,38.1590310,6545.8 -122.4532680,38.1590300,6545.8 -122.4532680,38.1590310,6545.8 -122.4532680,38.1590310,6545.8 -122.4532680,38.1590310,6545.8 -122.4532680,38.1590310,6545.8 -122.4532680,38.1590310,6545.8 -122.4532690,38.1590310,6545.8 -122.4532690,38.1590320,6545.8 -122.4532690,38.1590320,6545.9 -122.4532690,38.1590320,6545.9 -122.4532690,38.1590320,6545.9 -122.4532690,38.1590320,6545.9 -122.4532690,38.1590320,6545.9 -122.4532690,38.1590320,6545.9 -122.4532700,38.1590320,6545.9 -122.4532700,38.1590320,6545.9 -122.4532690,38.1590320,6545.9 -122.4532700,38.1590320,6545.9 -122.4532700,38.1590320,6546.1 -122.4532700,38.1590320,6546.1 -122.4532700,38.1590320,6546.1 -122.4532700,38.1590320,6546.1 -122.4532700,38.1590320,6546.1 -122.4532700,38.1590320,6546.1 -122.4532700,38.1590320,6546.1 -122.4532700,38.1590320,6546.1 -122.4532700,38.1590320,6546.1 -122.4532700,38.1590320,6546.1 -122.4532700,38.1590320,6546.1 -122.4532700,38.1590320,6546.1 -122.4532700,38.1590320,6546.1 -122.4532700,38.1590320,6546.1 -122.4532700,38.1590320,6546.1 -122.4532700,38.1590320,6546.1 -122.4532700,38.1590330,6546.1 -122.4532700,38.1590330,6546.1 -122.4532700,38.1590330,6546.1 -122.4532700,38.1590330,6546.1 -122.4532700,38.1590330,6546.3 -122.4532700,38.1590320,6546.3 -122.4532700,38.1590320,6546.3 -122.4532700,38.1590320,6546.3 -122.4532700,38.1590320,6546.3 -122.4532700,38.1590320,6546.3 -122.4532700,38.1590330,6546.3 -122.4532710,38.1590330,6546.3 -122.4532710,38.1590330,6546.3 -122.4532710,38.1590330,6546.3 -122.4532710,38.1590330,6546.3 -122.4532710,38.1590330,6546.3 -122.4532710,38.1590330,6546.3 -122.4532710,38.1590330,6546.3 -122.4532710,38.1590330,6546.3 -122.4532710,38.1590330,6546.3 -122.4532710,38.1590330,6546.3 -122.4532710,38.1590330,6546.3 -122.4532710,38.1590330,6546.3 -122.4532710,38.1590330,6546.3 -122.4532710,38.1590330,6546.5 -122.4532710,38.1590330,6546.5 -122.4532710,38.1590330,6546.5 -122.4532710,38.1590340,6546.5 -122.4532710,38.1590340,6546.5 -122.4532720,38.1590340,6546.5 -122.4532720,38.1590340,6546.5 -122.4532720,38.1590340,6546.5 -122.4532720,38.1590340,6546.5 -122.4532720,38.1590340,6546.5 -122.4532720,38.1590340,6546.6 -122.4532720,38.1590340,6546.6 -122.4532730,38.1590340,6546.6 -122.4532730,38.1590340,6546.6 -122.4532730,38.1590340,6546.6 -122.4532730,38.1590340,6546.6 -122.4532730,38.1590340,6546.6 -122.4532730,38.1590340,6546.6 -122.4532740,38.1590350,6546.6 -122.4532740,38.1590350,6546.6 -122.4532740,38.1590350,6546.8 -122.4532740,38.1590350,6546.8 -122.4532750,38.1590350,6546.8 -122.4532750,38.1590350,6546.8 -122.4532760,38.1590350,6546.8 -122.4532760,38.1590360,6546.8 -122.4532770,38.1590360,6546.8 -122.4532770,38.1590370,6546.8 -122.4532770,38.1590370,6546.8 -122.4532770,38.1590370,6546.8 -122.4532780,38.1590370,6547.2 -122.4532770,38.1590370,6547.2 -122.4532770,38.1590370,6547.2 -122.4532770,38.1590370,6547.2 -122.4532770,38.1590370,6547.2 -122.4532770,38.1590370,6547.2 -122.4532770,38.1590370,6547.2 -122.4532770,38.1590370,6547.2 -122.4532770,38.1590370,6547.2 -122.4532770,38.1590370,6547.2 -122.4532770,38.1590370,6547.3 -122.4532760,38.1590380,6547.3 -122.4532770,38.1590380,6547.3 -122.4532770,38.1590380,6547.3 -122.4532780,38.1590380,6547.3 -122.4532780,38.1590380,6547.3 -122.4532780,38.1590380,6547.3 -122.4532780,38.1590380,6547.3 -122.4532780,38.1590390,6547.3 -122.4532780,38.1590390,6547.3 -122.4532780,38.1590390,6547.6 -122.4532780,38.1590390,6547.6 -122.4532780,38.1590390,6547.6 -122.4532780,38.1590390,6547.6 -122.4532790,38.1590390,6547.6 -122.4532790,38.1590390,6547.6 -122.4532790,38.1590390,6547.6 -122.4532790,38.1590390,6547.6 -122.4532800,38.1590400,6547.6 -122.4532800,38.1590400,6547.6 -122.4532800,38.1590400,6547.9 -122.4532800,38.1590400,6547.9 -122.4532800,38.1590400,6547.9 -122.4532800,38.1590400,6547.9 -122.4532800,38.1590400,6547.9 -122.4532800,38.1590400,6547.9 -122.4532800,38.1590400,6547.9 -122.4532810,38.1590400,6547.9 -122.4532810,38.1590400,6547.9 -122.4532810,38.1590400,6547.9 -122.4532810,38.1590400,6548.1 -122.4532810,38.1590400,6548.1 -122.4532810,38.1590400,6548.1 -122.4532810,38.1590400,6548.1 -122.4532810,38.1590400,6548.1 -122.4532810,38.1590400,6548.1 -122.4532810,38.1590400,6548.1 -122.4532810,38.1590400,6548.1 -122.4532810,38.1590400,6548.1 -122.4532810,38.1590400,6548.1 -122.4532810,38.1590400,6548.3 -122.4532810,38.1590400,6548.3 -122.4532800,38.1590400,6548.3 -122.4532800,38.1590400,6548.3 -122.4532800,38.1590400,6548.3 -122.4532800,38.1590400,6548.3 -122.4532800,38.1590400,6548.3 -122.4532800,38.1590400,6548.3 -122.4532800,38.1590390,6548.3 -122.4532790,38.1590390,6548.3 -122.4532790,38.1590390,6548.4 -122.4532780,38.1590390,6548.4 -122.4532780,38.1590380,6548.4 -122.4532780,38.1590380,6548.4 -122.4532780,38.1590390,6548.4 -122.4532780,38.1590390,6548.4 -122.4532800,38.1590400,6548.4 -122.4532800,38.1590400,6548.4 -122.4532810,38.1590400,6548.4 -122.4532810,38.1590410,6548.4 -122.4532810,38.1590410,6548.6 -122.4532810,38.1590400,6548.6 -122.4532810,38.1590400,6548.6 -122.4532820,38.1590400,6548.6 -122.4532820,38.1590400,6548.6 -122.4532820,38.1590400,6548.6 -122.4532820,38.1590410,6548.6 -122.4532820,38.1590400,6548.6 -122.4532820,38.1590400,6548.6 -122.4532820,38.1590400,6548.6 -122.4532820,38.1590410,6548.8 -122.4532830,38.1590400,6548.8 -122.4532830,38.1590400,6548.8 -122.4532830,38.1590400,6548.8 -122.4532830,38.1590400,6548.8 -122.4532830,38.1590400,6548.8 -122.4532830,38.1590400,6548.8 -122.4532820,38.1590400,6548.8 -122.4532830,38.1590400,6548.8 -122.4532830,38.1590400,6548.8 -122.4532830,38.1590400,6548.8 -122.4532830,38.1590400,6548.8 -122.4532830,38.1590400,6548.8 -122.4532830,38.1590400,6548.8 -122.4532830,38.1590400,6548.8 -122.4532830,38.1590400,6548.8 -122.4532830,38.1590400,6548.8 -122.4532830,38.1590400,6548.8 -122.4532830,38.1590400,6548.8 -122.4532820,38.1590400,6548.8 -122.4532820,38.1590400,6548.9 -122.4532830,38.1590400,6548.9 -122.4532830,38.1590410,6548.9 -122.4532840,38.1590410,6548.9 -122.4532850,38.1590420,6548.9 -122.4532860,38.1590430,6548.9 -122.4532860,38.1590440,6548.9 -122.4532860,38.1590440,6548.9 -122.4532860,38.1590440,6548.9 -122.4532860,38.1590440,6548.9 -122.4532860,38.1590440,6549.3 -122.4532860,38.1590440,6549.3 -122.4532860,38.1590440,6549.3 -122.4532860,38.1590440,6549.3 -122.4532860,38.1590440,6549.3 -122.4532860,38.1590440,6549.3 -122.4532860,38.1590440,6549.3 -122.4532860,38.1590440,6549.3 -122.4532860,38.1590440,6549.3 -122.4532860,38.1590430,6549.3 -122.4532850,38.1590430,6549.4 -122.4532850,38.1590430,6549.4 -122.4532850,38.1590430,6549.4 -122.4532850,38.1590420,6549.4 -122.4532850,38.1590420,6549.4 -122.4532850,38.1590420,6549.4 -122.4532850,38.1590420,6549.4 -122.4532850,38.1590420,6549.4 -122.4532850,38.1590420,6549.4 -122.4532850,38.1590420,6549.4 -122.4532850,38.1590420,6549.4 -122.4532850,38.1590420,6549.4 -122.4532850,38.1590420,6549.4 -122.4532850,38.1590410,6549.4 -122.4532850,38.1590410,6549.4 -122.4532850,38.1590410,6549.4 -122.4532840,38.1590410,6549.4 -122.4532850,38.1590410,6549.4 -122.4532850,38.1590420,6549.4 -122.4532850,38.1590420,6549.4 -122.4532850,38.1590420,6549.5 -122.4532850,38.1590420,6549.5 -122.4532850,38.1590420,6549.5 -122.4532840,38.1590420,6549.5 -122.4532840,38.1590410,6549.5 -122.4532840,38.1590410,6549.5 -122.4532840,38.1590410,6549.5 -122.4532840,38.1590410,6549.5 -122.4532840,38.1590410,6549.5 -122.4532840,38.1590410,6549.5 -122.4532840,38.1590410,6549.5 -122.4532840,38.1590410,6549.5 -122.4532840,38.1590410,6549.5 -122.4532830,38.1590410,6549.5 -122.4532830,38.1590410,6549.5 -122.4532830,38.1590410,6549.5 -122.4532830,38.1590410,6549.5 -122.4532830,38.1590410,6549.5 -122.4532830,38.1590410,6549.5 -122.4532830,38.1590410,6549.5 -122.4532830,38.1590410,6549.5 -122.4532820,38.1590410,6549.5 -122.4532820,38.1590410,6549.5 -122.4532820,38.1590410,6549.5 -122.4532820,38.1590410,6549.5 -122.4532820,38.1590410,6549.5 -122.4532820,38.1590410,6549.5 -122.4532820,38.1590410,6549.5 -122.4532820,38.1590410,6549.5 -122.4532820,38.1590410,6549.5 -122.4532810,38.1590410,6549.5 -122.4532820,38.1590410,6549.5 -122.4532820,38.1590410,6549.5 -122.4532820,38.1590410,6549.5 -122.4532820,38.1590420,6549.5 -122.4532820,38.1590420,6549.5 -122.4532820,38.1590420,6549.5 -122.4532820,38.1590420,6549.5 -122.4532810,38.1590420,6549.5 -122.4532810,38.1590420,6549.5 -122.4532820,38.1590420,6549.7 -122.4532820,38.1590420,6549.7 -122.4532810,38.1590420,6549.7 -122.4532810,38.1590420,6549.7 -122.4532810,38.1590420,6549.7 -122.4532810,38.1590420,6549.7 -122.4532810,38.1590420,6549.7 -122.4532810,38.1590420,6549.7 -122.4532800,38.1590420,6549.7 -122.4532800,38.1590420,6549.7 -122.4532810,38.1590420,6549.8 -122.4532800,38.1590420,6549.8 -122.4532810,38.1590420,6549.8 -122.4532810,38.1590420,6549.8 -122.4532810,38.1590420,6549.8 -122.4532810,38.1590420,6549.8 -122.4532810,38.1590420,6549.8 -122.4532810,38.1590420,6549.8 -122.4532820,38.1590420,6549.8 -122.4532820,38.1590420,6549.8 -122.4532820,38.1590420,6549.9 -122.4532820,38.1590420,6549.9 -122.4532820,38.1590420,6549.9 -122.4532820,38.1590420,6549.9 -122.4532830,38.1590420,6549.9 -122.4532830,38.1590420,6549.9 -122.4532830,38.1590420,6549.9 -122.4532830,38.1590420,6549.9 -122.4532830,38.1590420,6549.9 -122.4532840,38.1590420,6549.9 -122.4532840,38.1590420,6550.0 -122.4532840,38.1590420,6550.0 -122.4532840,38.1590420,6550.0 -122.4532840,38.1590420,6550.0 -122.4532840,38.1590420,6550.0 -122.4532840,38.1590420,6550.0 -122.4532840,38.1590420,6550.0 -122.4532840,38.1590420,6550.0 -122.4532840,38.1590420,6550.0 -122.4532840,38.1590420,6550.0 -122.4532840,38.1590410,6550.1 -122.4532840,38.1590410,6550.1 -122.4532840,38.1590410,6550.1 -122.4532840,38.1590410,6550.1 -122.4532850,38.1590410,6550.1 -122.4532850,38.1590410,6550.1 -122.4532860,38.1590410,6550.1 -122.4532860,38.1590410,6550.1 -122.4532870,38.1590410,6550.1 -122.4532870,38.1590410,6550.1 -122.4532870,38.1590410,6550.2 -122.4532870,38.1590410,6550.2 -122.4532870,38.1590410,6550.2 -122.4532870,38.1590410,6550.2 -122.4532880,38.1590410,6550.2 -122.4532880,38.1590410,6550.2 -122.4532880,38.1590410,6550.2 -122.4532880,38.1590410,6550.2 -122.4532880,38.1590410,6550.2 -122.4532870,38.1590410,6550.2 -122.4532860,38.1590410,6550.3 -122.4532870,38.1590410,6550.3 -122.4532870,38.1590410,6550.3 -122.4532870,38.1590410,6550.3 -122.4532870,38.1590410,6550.3 -122.4532880,38.1590410,6550.3 -122.4532870,38.1590410,6550.3 -122.4532870,38.1590410,6550.3 -122.4532870,38.1590410,6550.3 -122.4532860,38.1590410,6550.3 -122.4532860,38.1590400,6550.3 -122.4532870,38.1590400,6550.3 -122.4532870,38.1590410,6550.3 -122.4532880,38.1590410,6550.3 -122.4532880,38.1590410,6550.3 -122.4532880,38.1590410,6550.3 -122.4532880,38.1590410,6550.3 -122.4532880,38.1590410,6550.3 -122.4532870,38.1590410,6550.3 -122.4532870,38.1590410,6550.3 -122.4532870,38.1590400,6550.4 -122.4532870,38.1590400,6550.4 -122.4532870,38.1590400,6550.4 -122.4532870,38.1590400,6550.4 -122.4532870,38.1590400,6550.4 -122.4532870,38.1590400,6550.4 -122.4532870,38.1590400,6550.4 -122.4532870,38.1590400,6550.4 -122.4532870,38.1590400,6550.4 -122.4532880,38.1590400,6550.4 -122.4532880,38.1590400,6550.6 -122.4532880,38.1590410,6550.6 -122.4532890,38.1590410,6550.6 -122.4532890,38.1590410,6550.6 -122.4532890,38.1590410,6550.6 -122.4532890,38.1590410,6550.6 -122.4532890,38.1590410,6550.6 -122.4532890,38.1590410,6550.6 -122.4532900,38.1590410,6550.6 -122.4532900,38.1590410,6550.6 -122.4532910,38.1590410,6550.7 -122.4532910,38.1590410,6550.7 -122.4532910,38.1590410,6550.7 -122.4532910,38.1590410,6550.7 -122.4532920,38.1590410,6550.7 -122.4532920,38.1590420,6550.7 -122.4532920,38.1590420,6550.7 -122.4532920,38.1590420,6550.7 -122.4532920,38.1590420,6550.7 -122.4532920,38.1590420,6550.7 -122.4532920,38.1590420,6550.9 -122.4532920,38.1590420,6550.9 -122.4532930,38.1590420,6550.9 -122.4532940,38.1590420,6550.9 -122.4532950,38.1590420,6550.9 -122.4532960,38.1590420,6550.9 -122.4532960,38.1590420,6550.9 -122.4532970,38.1590420,6550.9 -122.4532970,38.1590430,6550.9 -122.4532970,38.1590430,6550.9 -122.4532970,38.1590420,6551.2 -122.4532970,38.1590430,6551.2 -122.4532980,38.1590430,6551.2 -122.4532980,38.1590430,6551.2 -122.4532980,38.1590430,6551.2 -122.4532990,38.1590430,6551.2 -122.4532990,38.1590440,6551.2 -122.4533000,38.1590440,6551.2 -122.4533000,38.1590440,6551.2 -122.4533010,38.1590440,6551.2 -122.4533000,38.1590440,6551.5 -122.4533000,38.1590440,6551.5 -122.4533000,38.1590440,6551.5 -122.4533000,38.1590440,6551.5 -122.4533000,38.1590440,6551.5 -122.4533000,38.1590440,6551.5 -122.4533000,38.1590440,6551.5 -122.4533000,38.1590440,6551.5 -122.4533010,38.1590440,6551.5 -122.4533010,38.1590440,6551.5 -122.4533020,38.1590440,6551.7 -122.4533020,38.1590440,6551.7 -122.4533020,38.1590440,6551.7 -122.4533030,38.1590440,6551.7 -122.4533030,38.1590440,6551.7 -122.4533030,38.1590440,6551.7 -122.4533030,38.1590440,6551.7 -122.4533040,38.1590450,6551.7 -122.4533050,38.1590450,6551.7 -122.4533050,38.1590450,6551.7 -122.4533050,38.1590450,6552.1 -122.4533060,38.1590450,6552.1 -122.4533060,38.1590450,6552.1 -122.4533060,38.1590450,6552.1 -122.4533050,38.1590450,6552.1 -122.4533050,38.1590450,6552.1 -122.4533050,38.1590450,6552.1 -122.4533040,38.1590450,6552.1 -122.4533040,38.1590440,6552.1 -122.4533030,38.1590440,6552.1 -122.4533030,38.1590440,6552.1 -122.4533040,38.1590440,6552.1 -122.4533050,38.1590450,6552.1 -122.4533050,38.1590440,6552.1 -122.4533050,38.1590440,6552.1 -122.4533050,38.1590450,6552.1 -122.4533050,38.1590450,6552.1 -122.4533050,38.1590450,6552.1 -122.4533050,38.1590450,6552.1 -122.4533060,38.1590450,6552.1 -122.4533070,38.1590450,6552.5 -122.4533070,38.1590450,6552.5 -122.4533060,38.1590450,6552.5 -122.4533060,38.1590450,6552.5 -122.4533060,38.1590450,6552.5 -122.4533050,38.1590450,6552.5 -122.4533050,38.1590450,6552.5 -122.4533040,38.1590450,6552.5 -122.4533040,38.1590450,6552.5 -122.4533040,38.1590450,6552.5 -122.4533030,38.1590450,6552.7 -122.4533030,38.1590450,6552.7 -122.4533030,38.1590450,6552.7 -122.4533030,38.1590450,6552.7 -122.4533030,38.1590450,6552.7 -122.4533030,38.1590450,6552.7 -122.4533030,38.1590450,6552.7 -122.4533030,38.1590450,6552.7 -122.4533030,38.1590450,6552.7 -122.4533040,38.1590450,6552.7 -122.4533040,38.1590460,6553.0 -122.4533040,38.1590450,6553.0 -122.4533050,38.1590460,6553.0 -122.4533050,38.1590460,6553.0 -122.4533050,38.1590460,6553.0 -122.4533050,38.1590460,6553.0 -122.4533050,38.1590460,6553.0 -122.4533050,38.1590460,6553.0 -122.4533050,38.1590460,6553.0 -122.4533050,38.1590460,6553.0 -122.4533050,38.1590460,6553.4 -122.4533050,38.1590460,6553.4 -122.4533050,38.1590460,6553.4 -122.4533050,38.1590460,6553.4 -122.4533050,38.1590460,6553.4 -122.4533050,38.1590460,6553.4 -122.4533050,38.1590460,6553.4 -122.4533050,38.1590450,6553.4 -122.4533050,38.1590450,6553.4 -122.4533050,38.1590450,6553.4 -122.4533060,38.1590450,0.0 -122.4533050,38.1590450,0.0 -122.4533050,38.1590450,0.0 -122.4533050,38.1590450,0.0 -122.4533050,38.1590450,0.0 -122.4533050,38.1590450,0.0 -122.4533050,38.1590440,0.0 -122.4533050,38.1590440,0.0 -122.4533050,38.1590440,0.0 -122.4533050,38.1590450,0.0 -122.4533050,38.1590440,0.2 -122.4533060,38.1590440,0.2 -122.4533060,38.1590440,0.2 -122.4533060,38.1590440,0.2 -122.4533070,38.1590450,0.2 -122.4533070,38.1590450,0.2 -122.4533080,38.1590450,0.2 -122.4533080,38.1590450,0.2 -122.4533080,38.1590450,0.2 -122.4533080,38.1590450,0.2 -122.4533080,38.1590450,0.5 -122.4533080,38.1590450,0.5 -122.4533090,38.1590450,0.5 -122.4533090,38.1590450,0.5 -122.4533100,38.1590450,0.5 -122.4533100,38.1590450,0.5 -122.4533100,38.1590450,0.5 -122.4533110,38.1590460,0.5 -122.4533110,38.1590460,0.5 -122.4533120,38.1590460,0.5 -122.4533120,38.1590460,0.9 -122.4533120,38.1590460,0.9 -122.4533120,38.1590460,0.9 -122.4533130,38.1590460,0.9 -122.4533140,38.1590470,0.9 -122.4533140,38.1590470,0.9 -122.4533150,38.1590470,0.9 -122.4533150,38.1590470,0.9 -122.4533160,38.1590470,0.9 -122.4533160,38.1590470,0.9 -122.4533160,38.1590470,1.2 -122.4533150,38.1590470,1.2 -122.4533150,38.1590470,1.2 -122.4533150,38.1590460,1.2 -122.4533140,38.1590460,1.2 -122.4533140,38.1590460,1.2 -122.4533140,38.1590460,1.2 -122.4533140,38.1590460,1.2 -122.4533140,38.1590460,1.2 -122.4533150,38.1590470,1.2 -122.4533160,38.1590470,1.1 -122.4533170,38.1590470,1.1 -122.4533170,38.1590470,1.1 -122.4533170,38.1590470,1.1 -122.4533170,38.1590470,1.1 -122.4533170,38.1590470,1.1 -122.4533180,38.1590470,1.1 -122.4533180,38.1590470,1.1 -122.4533180,38.1590470,1.1 -122.4533190,38.1590470,1.1 -122.4533190,38.1590470,1.3 -122.4533200,38.1590470,1.3 -122.4533200,38.1590470,1.3 -122.4533200,38.1590470,1.3 -122.4533210,38.1590470,1.3 -122.4533210,38.1590470,1.3 -122.4533210,38.1590470,1.3 -122.4533220,38.1590470,1.3 -122.4533220,38.1590470,1.3 -122.4533230,38.1590470,1.3 -122.4533230,38.1590480,1.6 -122.4533230,38.1590470,1.6 -122.4533230,38.1590480,1.6 -122.4533240,38.1590480,1.6 -122.4533240,38.1590470,1.6 -122.4533240,38.1590480,1.6 -122.4533240,38.1590480,1.6 -122.4533240,38.1590470,1.6 -122.4533240,38.1590470,1.6 -122.4533240,38.1590470,1.6 -122.4533230,38.1590470,1.7 -122.4533230,38.1590470,1.7 -122.4533230,38.1590470,1.7 -122.4533230,38.1590470,1.7 -122.4533230,38.1590470,1.7 -122.4533230,38.1590470,1.7 -122.4533230,38.1590470,1.7 -122.4533240,38.1590470,1.7 -122.4533240,38.1590470,1.7 -122.4533240,38.1590460,1.7 -122.4533240,38.1590470,1.7 -122.4533240,38.1590470,1.7 -122.4533240,38.1590460,1.7 -122.4533240,38.1590470,1.7 -122.4533240,38.1590470,1.7 -122.4533250,38.1590470,1.7 -122.4533250,38.1590470,1.7 -122.4533250,38.1590460,1.7 -122.4533250,38.1590460,1.7 -122.4533250,38.1590460,1.7 -122.4533250,38.1590460,1.8 -122.4533250,38.1590460,1.8 -122.4533250,38.1590460,1.8 -122.4533250,38.1590460,1.8 -122.4533250,38.1590460,1.8 -122.4533250,38.1590460,1.8 -122.4533260,38.1590460,1.8 -122.4533260,38.1590460,1.8 -122.4533260,38.1590460,1.8 -122.4533250,38.1590460,1.8 -122.4533250,38.1590460,1.7 -122.4533250,38.1590460,1.7 -122.4533250,38.1590460,1.7 -122.4533260,38.1590460,1.7 -122.4533260,38.1590470,1.7 -122.4533260,38.1590470,1.7 -122.4533260,38.1590470,1.7 -122.4533260,38.1590470,1.7 -122.4533260,38.1590470,1.7 -122.4533260,38.1590470,1.7 -122.4533260,38.1590470,1.8 -122.4533260,38.1590470,1.8 -122.4533260,38.1590470,1.8 -122.4533260,38.1590470,1.8 -122.4533260,38.1590470,1.8 -122.4533270,38.1590470,1.8 -122.4533270,38.1590470,1.8 -122.4533270,38.1590480,1.8 -122.4533280,38.1590480,1.8 -122.4533280,38.1590480,1.8 -122.4533280,38.1590480,1.9 -122.4533280,38.1590480,1.9 -122.4533290,38.1590480,1.9 -122.4533290,38.1590480,1.9 -122.4533290,38.1590480,1.9 -122.4533290,38.1590480,1.9 -122.4533290,38.1590480,1.9 -122.4533290,38.1590480,1.9 -122.4533290,38.1590480,1.9 -122.4533290,38.1590480,1.9 -122.4533290,38.1590480,1.9 -122.4533290,38.1590480,1.9 -122.4533300,38.1590480,1.9 -122.4533300,38.1590490,1.9 -122.4533300,38.1590490,1.9 -122.4533300,38.1590490,1.9 -122.4533300,38.1590490,1.9 -122.4533300,38.1590490,1.9 -122.4533300,38.1590490,1.9 -122.4533310,38.1590490,1.9 -122.4533310,38.1590490,2.0 -122.4533310,38.1590490,2.0 -122.4533310,38.1590490,2.0 -122.4533310,38.1590500,2.0 -122.4533310,38.1590500,2.0 -122.4533310,38.1590500,2.0 -122.4533310,38.1590500,2.0 -122.4533310,38.1590500,2.0 -122.4533320,38.1590500,2.0 -122.4533320,38.1590500,2.0 -122.4533320,38.1590500,2.0 -122.4533320,38.1590510,2.0 -122.4533330,38.1590510,2.0 -122.4533330,38.1590510,2.0 -122.4533330,38.1590510,2.0 -122.4533330,38.1590510,2.0 -122.4533340,38.1590510,2.0 -122.4533340,38.1590510,2.0 -122.4533340,38.1590510,2.0 -122.4533340,38.1590510,2.0 -122.4533330,38.1590510,1.9 -122.4533340,38.1590510,1.9 -122.4533340,38.1590510,1.9 -122.4533340,38.1590510,1.9 -122.4533340,38.1590520,1.9 -122.4533340,38.1590510,1.9 -122.4533340,38.1590520,1.9 -122.4533350,38.1590520,1.9 -122.4533350,38.1590520,1.9 -122.4533350,38.1590520,1.9 -122.4533350,38.1590520,1.8 -122.4533350,38.1590520,1.8 -122.4533360,38.1590530,1.8 -122.4533360,38.1590530,1.8 -122.4533360,38.1590530,1.8 -122.4533360,38.1590530,1.8 -122.4533360,38.1590530,1.8 -122.4533360,38.1590530,1.8 -122.4533360,38.1590530,1.8 -122.4533360,38.1590530,1.8 -122.4533360,38.1590530,1.7 -122.4533360,38.1590530,1.7 -122.4533370,38.1590530,1.7 -122.4533370,38.1590530,1.7 -122.4533370,38.1590530,1.7 -122.4533370,38.1590530,1.7 -122.4533370,38.1590530,1.7 -122.4533370,38.1590530,1.7 -122.4533370,38.1590530,1.7 -122.4533370,38.1590530,1.7 -122.4533370,38.1590530,1.5 -122.4533370,38.1590520,1.5 -122.4533370,38.1590520,1.5 -122.4533370,38.1590530,1.5 -122.4533370,38.1590530,1.5 -122.4533370,38.1590530,1.5 -122.4533370,38.1590530,1.5 -122.4533370,38.1590520,1.5 -122.4533370,38.1590530,1.5 -122.4533360,38.1590520,1.5 -122.4533360,38.1590520,1.2 -122.4533360,38.1590530,1.2 -122.4533360,38.1590530,1.2 -122.4533360,38.1590520,1.2 -122.4533360,38.1590530,1.2 -122.4533360,38.1590520,1.2 -122.4533360,38.1590530,1.2 -122.4533360,38.1590530,1.2 -122.4533360,38.1590530,1.2 -122.4533360,38.1590530,1.2 -122.4533360,38.1590530,1.0 -122.4533360,38.1590530,1.0 -122.4533360,38.1590520,1.0 -122.4533360,38.1590530,1.0 -122.4533360,38.1590520,1.0 -122.4533360,38.1590530,1.0 -122.4533360,38.1590530,1.0 -122.4533360,38.1590530,1.0 -122.4533360,38.1590530,1.0 -122.4533360,38.1590530,1.0 -122.4533360,38.1590530,0.8 -122.4533360,38.1590530,0.8 -122.4533360,38.1590530,0.8 -122.4533350,38.1590530,0.8 -122.4533350,38.1590530,0.8 -122.4533350,38.1590530,0.8 -122.4533350,38.1590530,0.8 -122.4533350,38.1590530,0.8 -122.4533350,38.1590530,0.8 -122.4533350,38.1590530,0.8 -122.4533350,38.1590530,0.6 -122.4533350,38.1590530,0.6 -122.4533350,38.1590540,0.6 -122.4533350,38.1590540,0.6 -122.4533350,38.1590540,0.6 -122.4533350,38.1590540,0.6 -122.4533350,38.1590540,0.6 -122.4533350,38.1590540,0.6 -122.4533350,38.1590540,0.6 -122.4533350,38.1590540,0.6 -122.4533350,38.1590540,0.4 -122.4533350,38.1590540,0.4 -122.4533350,38.1590540,0.4 -122.4533350,38.1590540,0.4 -122.4533350,38.1590540,0.4 -122.4533340,38.1590540,0.4 -122.4533340,38.1590540,0.4 -122.4533340,38.1590540,0.4 -122.4533340,38.1590540,0.4 -122.4533340,38.1590540,0.4 -122.4533340,38.1590540,0.2 -122.4533340,38.1590540,0.2 -122.4533340,38.1590540,0.2 -122.4533340,38.1590540,0.2 -122.4533340,38.1590550,0.2 -122.4533340,38.1590550,0.2 -122.4533340,38.1590550,0.2 -122.4533340,38.1590550,0.2 -122.4533340,38.1590550,0.2 -122.4533340,38.1590550,0.2 -122.4533340,38.1590550,0.0 -122.4533340,38.1590550,0.0 -122.4533340,38.1590560,0.0 -122.4533340,38.1590560,0.0 -122.4533340,38.1590560,0.0 -122.4533340,38.1590560,0.0 -122.4533340,38.1590560,0.0 -122.4533340,38.1590560,0.0 -122.4533340,38.1590560,0.0 -122.4533350,38.1590570,0.0 -122.4533350,38.1590570,6553.4 -122.4533350,38.1590570,6553.4 -122.4533350,38.1590570,6553.4 -122.4533350,38.1590570,6553.4 -122.4533340,38.1590570,6553.4 -122.4533350,38.1590570,6553.4 -122.4533350,38.1590570,6553.4 -122.4533350,38.1590570,6553.4 -122.4533350,38.1590570,6553.4 -122.4533340,38.1590570,6553.4 -122.4533340,38.1590570,6553.3 -122.4533340,38.1590570,6553.3 -122.4533340,38.1590570,6553.3 -122.4533340,38.1590570,6553.3 -122.4533340,38.1590570,6553.3 -122.4533340,38.1590570,6553.3 -122.4533340,38.1590570,6553.3 -122.4533340,38.1590570,6553.3 -122.4533340,38.1590570,6553.3 -122.4533340,38.1590570,6553.3 -122.4533340,38.1590580,6553.3 -122.4533340,38.1590580,6553.3 -122.4533340,38.1590580,6553.3 -122.4533340,38.1590580,6553.3 -122.4533340,38.1590580,6553.3 -122.4533340,38.1590580,6553.3 -122.4533340,38.1590580,6553.3 -122.4533340,38.1590580,6553.3 -122.4533350,38.1590580,6553.3 -122.4533350,38.1590590,6553.3 -122.4533350,38.1590590,6553.2 -122.4533350,38.1590590,6553.2 -122.4533350,38.1590590,6553.2 -122.4533350,38.1590590,6553.2 -122.4533350,38.1590590,6553.2 -122.4533350,38.1590590,6553.2 -122.4533350,38.1590590,6553.2 -122.4533360,38.1590590,6553.2 -122.4533360,38.1590590,6553.2 -122.4533360,38.1590590,6553.2 -122.4533360,38.1590590,6553.1 -122.4533360,38.1590590,6553.1 -122.4533360,38.1590590,6553.1 -122.4533360,38.1590590,6553.1 -122.4533360,38.1590590,6553.1 -122.4533360,38.1590590,6553.1 -122.4533360,38.1590590,6553.1 -122.4533360,38.1590590,6553.1 -122.4533360,38.1590590,6553.1 -122.4533360,38.1590590,6553.1 -122.4533360,38.1590590,6552.9 -122.4533360,38.1590590,6552.9 -122.4533360,38.1590590,6552.9 -122.4533360,38.1590590,6552.9 -122.4533360,38.1590590,6552.9 -122.4533350,38.1590590,6552.9 -122.4533350,38.1590590,6552.9 -122.4533350,38.1590590,6552.9 -122.4533350,38.1590590,6552.9 -122.4533350,38.1590590,6552.9 -122.4533350,38.1590590,6552.8 -122.4533360,38.1590590,6552.8 -122.4533360,38.1590590,6552.8 -122.4533360,38.1590590,6552.8 -122.4533360,38.1590590,6552.8 -122.4533360,38.1590590,6552.8 -122.4533360,38.1590590,6552.8 -122.4533360,38.1590590,6552.8 -122.4533360,38.1590590,6552.8 -122.4533360,38.1590590,6552.8 -122.4533360,38.1590590,6552.6 -122.4533360,38.1590590,6552.6 -122.4533350,38.1590590,6552.6 -122.4533350,38.1590590,6552.6 -122.4533360,38.1590590,6552.6 -122.4533360,38.1590590,6552.6 -122.4533360,38.1590590,6552.6 -122.4533360,38.1590590,6552.6 -122.4533360,38.1590590,6552.6 -122.4533360,38.1590590,6552.6 -122.4533360,38.1590590,6552.6 -122.4533360,38.1590590,6552.6 -122.4533360,38.1590590,6552.6 -122.4533360,38.1590590,6552.6 -122.4533360,38.1590590,6552.6 -122.4533370,38.1590590,6552.6 -122.4533370,38.1590590,6552.6 -122.4533370,38.1590590,6552.6 -122.4533370,38.1590590,6552.6 -122.4533370,38.1590590,6552.6 -122.4533370,38.1590590,6552.5 -122.4533370,38.1590590,6552.5 -122.4533370,38.1590590,6552.5 -122.4533370,38.1590590,6552.5 -122.4533370,38.1590590,6552.5 -122.4533370,38.1590590,6552.5 -122.4533370,38.1590590,6552.5 -122.4533370,38.1590590,6552.5 -122.4533370,38.1590590,6552.5 -122.4533370,38.1590590,6552.5 -122.4533370,38.1590590,6552.5 -122.4533380,38.1590590,6552.5 -122.4533380,38.1590590,6552.5 -122.4533380,38.1590590,6552.5 -122.4533380,38.1590590,6552.5 -122.4533380,38.1590590,6552.5 -122.4533380,38.1590590,6552.5 -122.4533380,38.1590590,6552.5 -122.4533380,38.1590590,6552.5 -122.4533380,38.1590590,6552.5 -122.4533380,38.1590590,6552.5 -122.4533380,38.1590590,6552.5 -122.4533380,38.1590590,6552.5 -122.4533380,38.1590590,6552.5 -122.4533390,38.1590590,6552.5 -122.4533390,38.1590590,6552.5 -122.4533390,38.1590590,6552.5 -122.4533390,38.1590590,6552.5 -122.4533390,38.1590590,6552.5 -122.4533390,38.1590590,6552.5 -122.4533390,38.1590590,6552.3 -122.4533390,38.1590590,6552.3 -122.4533390,38.1590590,6552.3 -122.4533390,38.1590590,6552.3 -122.4533390,38.1590590,6552.3 -122.4533390,38.1590590,6552.3 -122.4533390,38.1590590,6552.3 -122.4533390,38.1590590,6552.3 -122.4533390,38.1590590,6552.3 -122.4533390,38.1590590,6552.3 -122.4533390,38.1590600,6552.2 -122.4533400,38.1590600,6552.2 -122.4533400,38.1590600,6552.2 -122.4533400,38.1590600,6552.2 -122.4533400,38.1590600,6552.2 -122.4533400,38.1590600,6552.2 -122.4533400,38.1590600,6552.2 -122.4533400,38.1590600,6552.2 -122.4533400,38.1590600,6552.2 -122.4533400,38.1590600,6552.2 -122.4533400,38.1590600,6552.3 -122.4533400,38.1590600,6552.3 -122.4533400,38.1590600,6552.3 -122.4533400,38.1590600,6552.3 -122.4533400,38.1590600,6552.3 -122.4533400,38.1590610,6552.3 -122.4533410,38.1590610,6552.3 -122.4533410,38.1590610,6552.3 -122.4533410,38.1590610,6552.3 -122.4533410,38.1590610,6552.3 -122.4533410,38.1590610,6552.4 -122.4533410,38.1590610,6552.4 -122.4533410,38.1590620,6552.4 -122.4533410,38.1590620,6552.4 -122.4533410,38.1590620,6552.4 -122.4533410,38.1590620,6552.4 -122.4533410,38.1590620,6552.4 -122.4533410,38.1590620,6552.4 -122.4533410,38.1590620,6552.4 -122.4533410,38.1590620,6552.4 -122.4533410,38.1590620,6552.6 -122.4533410,38.1590620,6552.6 -122.4533410,38.1590620,6552.6 -122.4533400,38.1590620,6552.6 -122.4533400,38.1590620,6552.6 -122.4533400,38.1590620,6552.6 -122.4533400,38.1590620,6552.6 -122.4533400,38.1590620,6552.6 -122.4533400,38.1590620,6552.6 -122.4533400,38.1590630,6552.6 -122.4533400,38.1590630,6552.7 -122.4533400,38.1590630,6552.7 -122.4533400,38.1590630,6552.7 -122.4533400,38.1590630,6552.7 -122.4533400,38.1590630,6552.7 -122.4533400,38.1590630,6552.7 -122.4533390,38.1590630,6552.7 -122.4533390,38.1590630,6552.7 -122.4533390,38.1590630,6552.7 -122.4533390,38.1590630,6552.7 -122.4533390,38.1590630,6552.8 -122.4533390,38.1590630,6552.8 -122.4533390,38.1590630,6552.8 -122.4533390,38.1590630,6552.8 -122.4533390,38.1590630,6552.8 -122.4533390,38.1590630,6552.8 -122.4533380,38.1590630,6552.8 -122.4533380,38.1590630,6552.8 -122.4533380,38.1590630,6552.8 -122.4533380,38.1590630,6552.8 -122.4533380,38.1590630,6552.8 -122.4533380,38.1590630,6552.8 -122.4533380,38.1590630,6552.8 -122.4533380,38.1590630,6552.8 -122.4533380,38.1590630,6552.8 -122.4533380,38.1590630,6552.8 -122.4533380,38.1590630,6552.8 -122.4533380,38.1590630,6552.8 -122.4533380,38.1590630,6552.8 -122.4533380,38.1590630,6552.8 -122.4533380,38.1590630,6552.8 -122.4533380,38.1590630,6552.8 -122.4533380,38.1590630,6552.8 -122.4533380,38.1590630,6552.8 -122.4533380,38.1590630,6552.8 -122.4533380,38.1590620,6552.8 -122.4533370,38.1590620,6552.8 -122.4533380,38.1590620,6552.8 -122.4533380,38.1590630,6552.8 -122.4533370,38.1590620,6552.8 -122.4533370,38.1590620,6553.0 -122.4533370,38.1590620,6553.0 -122.4533370,38.1590620,6553.0 -122.4533370,38.1590620,6553.0 -122.4533370,38.1590620,6553.0 -122.4533370,38.1590620,6553.0 -122.4533370,38.1590620,6553.0 -122.4533380,38.1590620,6553.0 -122.4533380,38.1590630,6553.0 -122.4533380,38.1590630,6553.0 -122.4533380,38.1590630,6553.0 -122.4533380,38.1590630,6553.0 -122.4533380,38.1590630,6553.0 -122.4533380,38.1590630,6553.0 -122.4533380,38.1590630,6553.0 -122.4533380,38.1590630,6553.0 -122.4533380,38.1590640,6553.0 -122.4533380,38.1590640,6553.0 -122.4533380,38.1590640,6553.0 -122.4533380,38.1590640,6553.0 -122.4533380,38.1590640,6553.2 -122.4533380,38.1590640,6553.2 -122.4533380,38.1590640,6553.2 -122.4533380,38.1590640,6553.2 -122.4533380,38.1590640,6553.2 -122.4533380,38.1590640,6553.2 -122.4533380,38.1590640,6553.2 -122.4533380,38.1590640,6553.2 -122.4533380,38.1590640,6553.2 -122.4533380,38.1590640,6553.2 -122.4533380,38.1590640,6553.2 -122.4533380,38.1590640,6553.2 -122.4533380,38.1590630,6553.2 -122.4533380,38.1590630,6553.2 -122.4533380,38.1590640,6553.2 -122.4533380,38.1590640,6553.2 -122.4533380,38.1590640,6553.2 -122.4533380,38.1590640,6553.2 -122.4533380,38.1590640,6553.2 -122.4533380,38.1590640,6553.2 -122.4533380,38.1590640,6553.5 -122.4533380,38.1590640,6553.5 -122.4533380,38.1590640,6553.5 -122.4533380,38.1590640,6553.5 -122.4533380,38.1590640,6553.5 -122.4533380,38.1590640,6553.5 -122.4533370,38.1590640,6553.5 -122.4533370,38.1590640,6553.5 -122.4533370,38.1590640,6553.5 -122.4533370,38.1590630,6553.5 -122.4533370,38.1590630,6553.4 -122.4533370,38.1590630,6553.4 -122.4533370,38.1590630,6553.4 -122.4533370,38.1590630,6553.4 -122.4533370,38.1590630,6553.4 -122.4533370,38.1590630,6553.4 -122.4533370,38.1590640,6553.4 -122.4533370,38.1590630,6553.4 -122.4533370,38.1590640,6553.4 -122.4533370,38.1590630,6553.4 -122.4533370,38.1590640,6553.5 -122.4533370,38.1590640,6553.5 -122.4533370,38.1590640,6553.5 -122.4533370,38.1590640,6553.5 -122.4533370,38.1590640,6553.5 -122.4533370,38.1590640,6553.5 -122.4533370,38.1590640,6553.5 -122.4533370,38.1590640,6553.5 -122.4533370,38.1590640,6553.5 -122.4533370,38.1590640,6553.5 -122.4533360,38.1590640,6553.5 -122.4533360,38.1590640,6553.5 -122.4533360,38.1590640,6553.5 -122.4533360,38.1590640,6553.5 -122.4533360,38.1590640,6553.5 -122.4533360,38.1590650,6553.5 -122.4533360,38.1590650,6553.5 -122.4533360,38.1590650,6553.5 -122.4533360,38.1590650,6553.5 -122.4533360,38.1590650,6553.5 -122.4533360,38.1590650,6553.5 -122.4533360,38.1590650,6553.5 -122.4533370,38.1590650,6553.5 -122.4533360,38.1590650,6553.5 -122.4533370,38.1590650,6553.5 -122.4533370,38.1590650,6553.5 -122.4533370,38.1590650,6553.5 -122.4533370,38.1590660,6553.5 -122.4533360,38.1590650,6553.5 -122.4533360,38.1590650,6553.5 -122.4533360,38.1590650,6553.4 -122.4533360,38.1590650,6553.4 -122.4533360,38.1590660,6553.4 -122.4533360,38.1590660,6553.4 -122.4533360,38.1590660,6553.4 -122.4533360,38.1590660,6553.4 -122.4533360,38.1590660,6553.4 -122.4533360,38.1590660,6553.4 -122.4533360,38.1590660,6553.4 -122.4533360,38.1590660,6553.4 -122.4533360,38.1590660,6553.3 -122.4533370,38.1590660,6553.3 -122.4533370,38.1590660,6553.3 -122.4533370,38.1590660,6553.3 -122.4533370,38.1590660,6553.3 -122.4533370,38.1590670,6553.3 -122.4533370,38.1590670,6553.3 -122.4533370,38.1590670,6553.3 -122.4533370,38.1590670,6553.3 -122.4533370,38.1590670,6553.3 -122.4533370,38.1590670,6553.3 -122.4533370,38.1590670,6553.3 -122.4533370,38.1590670,6553.3 -122.4533370,38.1590670,6553.3 -122.4533370,38.1590670,6553.3 -122.4533370,38.1590670,6553.3 -122.4533370,38.1590670,6553.3 -122.4533370,38.1590670,6553.3 -122.4533370,38.1590670,6553.3 -122.4533370,38.1590670,6553.3 -122.4533370,38.1590680,6553.2 -122.4533370,38.1590680,6553.2 -122.4533370,38.1590680,6553.2 -122.4533370,38.1590680,6553.2 -122.4533370,38.1590680,6553.2 -122.4533370,38.1590680,6553.2 -122.4533370,38.1590690,6553.2 -122.4533370,38.1590690,6553.2 -122.4533370,38.1590690,6553.2 -122.4533370,38.1590690,6553.2 -122.4533370,38.1590690,6553.2 -122.4533360,38.1590690,6553.2 -122.4533360,38.1590690,6553.2 -122.4533360,38.1590690,6553.2 -122.4533360,38.1590700,6553.2 -122.4533360,38.1590700,6553.2 -122.4533360,38.1590700,6553.2 -122.4533360,38.1590700,6553.2 -122.4533360,38.1590700,6553.2 -122.4533360,38.1590700,6553.2 -122.4533360,38.1590700,6553.2 -122.4533360,38.1590700,6553.2 -122.4533360,38.1590710,6553.2 -122.4533360,38.1590710,6553.2 -122.4533360,38.1590710,6553.2 -122.4533360,38.1590710,6553.2 -122.4533350,38.1590710,6553.2 -122.4533360,38.1590710,6553.2 -122.4533350,38.1590710,6553.2 -122.4533350,38.1590710,6553.2 -122.4533350,38.1590710,6553.2 -122.4533350,38.1590710,6553.2 -122.4533360,38.1590720,6553.2 -122.4533350,38.1590720,6553.2 -122.4533350,38.1590720,6553.2 -122.4533350,38.1590720,6553.2 -122.4533350,38.1590720,6553.2 -122.4533350,38.1590720,6553.2 -122.4533350,38.1590720,6553.2 -122.4533350,38.1590720,6553.2 -122.4533350,38.1590720,6553.2 -122.4533350,38.1590720,6553.2 -122.4533350,38.1590720,6553.2 -122.4533350,38.1590720,6553.2 -122.4533350,38.1590730,6553.2 -122.4533350,38.1590730,6553.2 -122.4533350,38.1590730,6553.2 -122.4533350,38.1590730,6553.2 -122.4533350,38.1590730,6553.2 -122.4533350,38.1590730,6553.2 -122.4533350,38.1590730,6553.2 -122.4533350,38.1590730,6553.2 -122.4533350,38.1590730,6553.2 -122.4533350,38.1590730,6553.2 -122.4533350,38.1590730,6553.2 -122.4533350,38.1590740,6553.2 -122.4533350,38.1590740,6553.2 -122.4533350,38.1590740,6553.2 -122.4533350,38.1590740,6553.2 -122.4533350,38.1590740,6553.2 -122.4533350,38.1590740,6553.2 -122.4533350,38.1590740,6553.2 -122.4533350,38.1590740,6553.2 -122.4533350,38.1590740,6553.2 -122.4533350,38.1590740,6553.2 -122.4533350,38.1590740,6553.2 -122.4533350,38.1590750,6553.2 -122.4533350,38.1590750,6553.2 -122.4533350,38.1590750,6553.2 -122.4533340,38.1590750,6553.2 -122.4533340,38.1590750,6553.3 -122.4533340,38.1590750,6553.3 -122.4533340,38.1590750,6553.3 -122.4533340,38.1590750,6553.3 -122.4533340,38.1590750,6553.3 -122.4533340,38.1590760,6553.3 -122.4533340,38.1590760,6553.3 -122.4533340,38.1590760,6553.3 -122.4533340,38.1590760,6553.3 -122.4533340,38.1590760,6553.3 -122.4533340,38.1590760,6553.4 -122.4533340,38.1590760,6553.4 -122.4533340,38.1590760,6553.4 -122.4533340,38.1590770,6553.4 -122.4533340,38.1590770,6553.4 -122.4533340,38.1590770,6553.4 -122.4533340,38.1590770,6553.4 -122.4533330,38.1590770,6553.4 -122.4533330,38.1590770,6553.4 -122.4533330,38.1590770,6553.4 -122.4533330,38.1590770,6553.4 -122.4533330,38.1590770,6553.4 -122.4533330,38.1590770,6553.4 -122.4533330,38.1590770,6553.4 -122.4533320,38.1590770,6553.4 -122.4533320,38.1590770,6553.4 -122.4533320,38.1590770,6553.4 -122.4533320,38.1590770,6553.4 -122.4533320,38.1590780,6553.4 -122.4533320,38.1590780,6553.4 -122.4533320,38.1590780,6553.4 -122.4533320,38.1590780,6553.4 -122.4533320,38.1590780,6553.4 -122.4533320,38.1590790,6553.4 -122.4533320,38.1590790,6553.4 -122.4533320,38.1590790,6553.4 -122.4533320,38.1590790,6553.4 -122.4533320,38.1590790,6553.4 -122.4533320,38.1590790,6553.4 -122.4533320,38.1590790,6553.4 -122.4533320,38.1590800,6553.5 -122.4533320,38.1590800,6553.5 -122.4533320,38.1590790,6553.5 -122.4533320,38.1590800,6553.5 -122.4533320,38.1590800,6553.5 -122.4533320,38.1590790,6553.5 -122.4533320,38.1590800,6553.5 -122.4533320,38.1590790,6553.5 -122.4533320,38.1590790,6553.5 -122.4533310,38.1590790,6553.5 -122.4533310,38.1590790,6553.4 -122.4533310,38.1590790,6553.4 -122.4533310,38.1590790,6553.4 -122.4533310,38.1590790,6553.4 -122.4533300,38.1590790,6553.4 -122.4533300,38.1590790,6553.4 -122.4533300,38.1590790,6553.4 -122.4533300,38.1590790,6553.4 -122.4533300,38.1590790,6553.4 -122.4533300,38.1590790,6553.4 -122.4533300,38.1590790,6553.4 -122.4533290,38.1590790,6553.4 -122.4533290,38.1590790,6553.4 -122.4533290,38.1590790,6553.4 -122.4533290,38.1590790,6553.4 -122.4533290,38.1590790,6553.4 -122.4533290,38.1590790,6553.4 -122.4533290,38.1590800,6553.4 -122.4533290,38.1590800,6553.4 -122.4533290,38.1590800,6553.4 -122.4533290,38.1590800,6553.4 -122.4533290,38.1590800,6553.4 -122.4533290,38.1590800,6553.4 -122.4533290,38.1590800,6553.4 -122.4533290,38.1590800,6553.4 -122.4533280,38.1590800,6553.4 -122.4533280,38.1590800,6553.4 -122.4533280,38.1590800,6553.4 -122.4533280,38.1590800,6553.4 -122.4533280,38.1590800,6553.4 -122.4533280,38.1590800,6553.3 -122.4533280,38.1590800,6553.3 -122.4533280,38.1590800,6553.3 -122.4533280,38.1590800,6553.3 -122.4533280,38.1590800,6553.3 -122.4533280,38.1590800,6553.3 -122.4533280,38.1590800,6553.3 -122.4533270,38.1590800,6553.3 -122.4533270,38.1590800,6553.3 -122.4533270,38.1590800,6553.3 -122.4533270,38.1590800,6553.3 -122.4533270,38.1590800,6553.3 -122.4533270,38.1590800,6553.3 -122.4533270,38.1590800,6553.3 -122.4533270,38.1590800,6553.3 -122.4533270,38.1590800,6553.3 -122.4533270,38.1590800,6553.3 -122.4533270,38.1590800,6553.3 -122.4533270,38.1590800,6553.3 -122.4533270,38.1590800,6553.3 -122.4533270,38.1590800,6553.2 -122.4533270,38.1590800,6553.2 -122.4533270,38.1590800,6553.2 -122.4533260,38.1590800,6553.2 -122.4533260,38.1590800,6553.2 -122.4533260,38.1590800,6553.2 -122.4533260,38.1590790,6553.2 -122.4533260,38.1590790,6553.2 -122.4533260,38.1590790,6553.2 -122.4533250,38.1590790,6553.2 -122.4533250,38.1590790,6553.2 -122.4533250,38.1590790,6553.2 -122.4533250,38.1590790,6553.2 -122.4533250,38.1590790,6553.2 -122.4533250,38.1590790,6553.2 -122.4533250,38.1590790,6553.2 -122.4533250,38.1590790,6553.2 -122.4533250,38.1590790,6553.2 -122.4533250,38.1590790,6553.2 -122.4533250,38.1590800,6553.2 -122.4533250,38.1590800,6553.2 -122.4533250,38.1590800,6553.2 -122.4533250,38.1590800,6553.2 -122.4533250,38.1590800,6553.2 -122.4533250,38.1590800,6553.2 -122.4533250,38.1590800,6553.2 -122.4533250,38.1590800,6553.2 -122.4533250,38.1590800,6553.2 -122.4533250,38.1590810,6553.2 -122.4533250,38.1590810,6553.2 -122.4533250,38.1590810,6553.2 -122.4533250,38.1590810,6553.2 -122.4533250,38.1590810,6553.2 -122.4533250,38.1590810,6553.2 -122.4533250,38.1590810,6553.2 -122.4533250,38.1590810,6553.2 -122.4533250,38.1590810,6553.2 -122.4533240,38.1590810,6553.2 -122.4533250,38.1590820,6553.2 -122.4533250,38.1590810,6553.2 -122.4533240,38.1590820,6553.2 -122.4533240,38.1590820,6553.2 -122.4533240,38.1590820,6553.2 -122.4533240,38.1590820,6553.2 -122.4533240,38.1590820,6553.2 -122.4533240,38.1590820,6553.2 -122.4533240,38.1590810,6553.2 -122.4533240,38.1590820,6553.2 -122.4533240,38.1590810,6553.2 -122.4533240,38.1590810,6553.2 -122.4533240,38.1590810,6553.4 -122.4533240,38.1590810,6553.4 -122.4533240,38.1590810,6553.4 -122.4533240,38.1590810,6553.4 -122.4533240,38.1590810,6553.4 -122.4533240,38.1590820,6553.4 -122.4533240,38.1590820,6553.4 -122.4533240,38.1590820,6553.4 -122.4533240,38.1590820,6553.4 -122.4533240,38.1590820,6553.4 -122.4533240,38.1590820,6553.4 -122.4533240,38.1590820,6553.4 -122.4533240,38.1590820,6553.4 -122.4533240,38.1590820,6553.4 -122.4533230,38.1590820,6553.4 -122.4533230,38.1590820,6553.4 -122.4533230,38.1590820,6553.4 -122.4533230,38.1590820,6553.4 -122.4533230,38.1590820,6553.4 -122.4533230,38.1590820,6553.4 -122.4533220,38.1590820,6553.5 -122.4533220,38.1590820,6553.5 -122.4533220,38.1590820,6553.5 -122.4533220,38.1590820,6553.5 -122.4533220,38.1590820,6553.5 -122.4533220,38.1590820,6553.5 -122.4533220,38.1590820,6553.5 -122.4533220,38.1590820,6553.5 -122.4533220,38.1590820,6553.5 -122.4533220,38.1590820,6553.5 -122.4533220,38.1590830,0.1 -122.4533220,38.1590830,0.1 -122.4533220,38.1590830,0.1 -122.4533220,38.1590830,0.1 -122.4533220,38.1590830,0.1 -122.4533220,38.1590830,0.1 -122.4533220,38.1590830,0.1 -122.4533220,38.1590840,0.1 -122.4533220,38.1590840,0.1 -122.4533220,38.1590840,0.1 -122.4533220,38.1590840,0.2 -122.4533220,38.1590840,0.2 -122.4533220,38.1590840,0.2 -122.4533230,38.1590840,0.2 -122.4533230,38.1590840,0.2 -122.4533230,38.1590840,0.2 -122.4533230,38.1590850,0.2 -122.4533230,38.1590850,0.2 -122.4533230,38.1590850,0.2 -122.4533230,38.1590850,0.2 -122.4533230,38.1590850,0.2 -122.4533230,38.1590850,0.2 -122.4533230,38.1590850,0.2 -122.4533230,38.1590850,0.2 -122.4533230,38.1590850,0.2 -122.4533230,38.1590860,0.2 -122.4533230,38.1590850,0.2 -122.4533230,38.1590850,0.2 -122.4533230,38.1590850,0.2 -122.4533230,38.1590850,0.2 -122.4533230,38.1590850,0.1 -122.4533230,38.1590850,0.1 -122.4533230,38.1590850,0.1 -122.4533230,38.1590850,0.1 -122.4533230,38.1590850,0.1 -122.4533230,38.1590850,0.1 -122.4533230,38.1590850,0.1 -122.4533230,38.1590860,0.1 -122.4533230,38.1590860,0.1 -122.4533230,38.1590860,0.1 -122.4533230,38.1590860,0.1 -122.4533240,38.1590860,0.1 -122.4533240,38.1590860,0.1 -122.4533240,38.1590860,0.1 -122.4533240,38.1590860,0.1 -122.4533240,38.1590860,0.1 -122.4533240,38.1590860,0.1 -122.4533240,38.1590860,0.1 -122.4533240,38.1590860,0.1 -122.4533240,38.1590860,0.1 -122.4533240,38.1590860,0.1 -122.4533240,38.1590860,0.1
        </coordinates>
      </LineString>
    </Placemark>
  </Document>
</kml>